id,score
34566,0.07478363813869267
50272,0.02226982779097017
69232,0.8634712713639284
86223,0.1464461216302274
53524,0.15958881866036373
42142,0.11676437820363905
22559,0.4130587300025228
28141,0.17861050722779476
72186,0.0596490193497871
46468,0.30351130164028794
33307,0.22296417033336857
96701,0.2903990253034112
43458,0.9827174398748283
50885,0.12659357606828336
73557,0.2597934780471507
88932,0.03298589476708079
44717,0.088686235460892
99278,0.6176438031429318
59988,0.49163850959892524
41296,0.1864634892200563
25715,0.5009997413377832
98187,0.08157099405754614
40635,0.11846114164496135
76486,0.15444258762370489
48161,0.18596074518372663
57858,0.03381769568795436
25848,0.9856650499019374
83247,0.3658410244395733
100820,0.1612955523584464
61843,0.9899322651946423
47864,0.5398348767764287
14338,0.5822813006209536
106760,0.4292499642811005
42892,0.1149651317015527
20995,0.027809489259568103
68283,0.43863608390118297
66796,0.010961882750964314
1175,0.3136066332152176
55171,0.11424376950569864
1693,0.008486950083668041
54411,0.015445824164258768
73718,0.8533747289956823
99036,0.6940347369760205
29757,0.060289929027480864
1352,0.9937679744955724
6970,0.07456751404588957
75513,0.7875070146986602
103376,0.2553351789814433
11566,0.34502112834242327
85724,0.0025294146769813757
26255,0.2939777890186336
83078,0.13268315300118894
22092,0.4120011187731979
31379,0.012851538450012271
20478,0.10751009597438854
70444,0.7677702034765359
41587,0.8990091593590167
74822,0.030934401113814666
88815,0.22115811710382455
6351,0.22032023153133207
105177,0.00397021594408797
58297,0.13691225450930744
39926,0.13648282797201822
97160,0.02171293465521995
86332,0.15958574931894776
21551,0.058707388593100866
47546,0.15951936255139382
37196,0.2970622011998863
19800,0.009086795978583846
67091,0.002824966972861668
90146,0.13631027340603313
52084,0.013591944023824444
26000,0.02714758334702479
20558,0.9825396198538155
32315,0.1189199147490258
95299,0.022771064225594308
57575,0.69075555131873
57431,0.030855312044540843
15164,0.31510409581040366
47959,0.016586559793308406
36213,0.6360330026533859
64598,0.00048407804541063276
85180,0.8421844376933618
7330,0.1072727011968746
96758,0.02001324756650306
60760,0.2967736921410046
95190,0.1444378841121035
70419,0.1802610576846253
104315,0.6726620374071195
80963,0.6524518305830042
104090,0.9977078163849462
62040,0.529035751419774
57462,0.06261779635065068
1752,0.9924096012663288
13352,0.17797208239825213
6969,0.011908088232840643
36448,0.0764354599593642
69866,0.38169244194738017
37138,0.0047161507355999895
37149,0.8758063886534431
83158,0.26400935574244055
107034,0.07847483470953323
83603,0.10602486653167192
33886,0.003427791133133548
55417,0.32232505983569104
57938,0.976887944974223
27867,0.003506574901224774
101800,0.867051974891869
91813,0.1326939465473616
64083,0.13433252160780856
29528,0.5255944871636983
71645,0.9179355036158277
14467,0.14771291098373618
60324,0.9895633108515913
10743,0.7614924604781781
64077,0.7173220976174508
92251,0.13249507927085985
15067,0.030564236976410395
20047,0.00463668347453123
54463,0.02731188440867674
8025,0.5631443464902465
27998,0.37163887074363644
91510,0.1320944422704663
49193,0.8850397494615998
5404,0.5278209006429052
98897,0.5125005934446031
46045,0.1089157074960001
95008,0.010857688709512462
43419,0.16546324782632366
58059,0.004705251549087336
10051,0.5597096164072244
95635,0.21246102125333965
89780,0.0069702175863892175
98548,0.1545247839374571
27466,0.5670455474924989
2992,0.14613542895902587
105855,0.671199868453201
14278,0.439753389834978
13478,0.3841610207739829
81475,0.02392157049734675
21191,0.005393672888233613
13291,0.0031452880957323656
67019,0.06417228607762063
67840,0.22900041131205878
61283,0.5279156918108487
99646,0.0048136413444112855
90567,0.8698860390524159
95937,0.023278230497400635
98569,0.6152821755559367
83135,0.05164613116919478
63766,0.18486427313317166
58069,0.02729449179475146
61012,0.0005093553689014158
23811,0.0032294076127445735
86719,0.12133319558149996
71966,0.2256034761183317
42822,0.026555390455703872
41669,0.501611894835025
45307,0.561830587520699
81709,0.05449522571286982
7658,0.14246144343559253
12419,0.19872069368793277
50301,0.3878740513942546
54932,0.11031143513361097
40443,0.41755812302083406
89290,0.4370778578173336
18566,0.21694429502711593
25390,0.32420967994038435
86488,0.5489682465338367
29629,0.011107170888395697
11058,0.08156117493984982
54617,0.25886669733811485
41981,0.08036484960320367
87296,0.09909438453209957
17667,0.028811196360505817
5896,0.030494589158716487
75975,0.1013082961789803
27593,0.021386813748713714
40873,0.9822399381622006
70373,0.41294006900946106
43440,0.14557704254906295
13967,0.032548188625991174
105002,0.10979200358140545
18683,0.36120295166327177
87657,0.5505784518276097
57708,0.07561733559760855
92606,0.3199638133980728
72712,0.404490336085629
69218,0.18807129413997747
58810,0.47598641840080735
95425,0.8479294849858585
95904,0.8068982980163428
79487,0.7898334630347347
46830,0.8557511057343992
69561,0.01993756483456496
94968,0.3169909645245439
1988,0.664721708381234
96273,0.24339377887706604
2418,0.9550099336577903
12473,0.03721243958382858
19291,0.020076176343719054
10962,0.027332206240681077
47640,0.022519049986041532
93483,0.5515272766337423
104092,0.021547121073090307
97169,0.6481487024202717
31477,0.10618397927674128
75670,0.05259400386445057
65370,0.27980899647465773
10836,0.010869265616915716
68685,0.03688337966176063
93012,0.9703082329282782
80205,0.16331587235840345
66783,0.02735356975410901
79142,0.36523875387093285
51106,0.4727406436641838
101527,0.9638870614999951
46079,0.628105879978106
68864,0.02056379907364163
105489,0.11259698847773181
54811,0.002991552504619061
6426,0.1370151142303231
100841,0.9706664282709246
65650,0.9027200132087289
57870,0.014014002703624438
55990,0.9089453924528166
106074,0.4422028723445042
49536,0.0378405475439186
89328,0.7718145032806878
18713,0.027495122164743185
91797,0.2208786372308345
106639,0.08530496045802866
5890,0.01759760208293788
89684,0.1721815143878787
54023,0.028453303853392026
47021,0.007131721763082358
31128,0.3593616616668943
1963,0.24803996564912256
76891,0.08106759540674835
90892,0.026829879801642788
63803,0.019327059850641225
49662,0.5071687672278584
94938,0.09488521283351259
23162,0.0007724445977931368
96698,0.6030661984718289
103791,0.22692109051706721
64992,0.08690409575699315
58764,0.023545754667364756
5358,0.8190680387490316
61333,0.9802491354908205
63475,0.32559113716024
13214,0.11675392305661686
21817,0.13460817661998048
34789,0.7766065353742277
33534,0.24687168641691842
68438,0.2949879377058128
103299,0.9347338375599565
106707,0.07444068604574326
37671,0.022634964018996756
36142,0.9952266601655388
75447,0.05391584881695759
31898,0.25844976149706
65458,0.9314972841263625
20782,0.22971070477416683
93542,0.12374783218665852
28068,0.0025466002923666873
13088,0.2081066302311016
91210,0.07898525671882722
73055,0.6262970641829413
2146,0.17168315094731212
45779,0.04712297126260997
53843,0.5536444229466656
6613,0.6267739071469097
85068,0.02679326155498881
34339,0.384360744866453
1747,0.43526349871847647
100398,0.063355008073357
77182,0.03418982155691716
16496,0.6587596979924487
50826,0.04823125337225927
54432,0.18991358727183516
106786,0.5371563984260236
60662,0.4869502862721979
25319,0.32143820484763885
57166,0.20666883752725457
93039,0.25556500901940193
57408,0.010054785668471507
98502,0.2508116589938526
89627,0.10436527673914014
30063,0.799445074266607
37625,0.025705244951476264
20751,0.007249846033937923
43244,0.717763343737782
66830,0.7514570957416025
7174,0.23126950829992304
98246,0.5271250157769185
56972,0.12359151084665737
84719,0.009458719519885781
86073,0.0202113527592318
49249,0.9447755170518415
72494,0.058512104300831175
56350,0.18601808426492
75617,0.08751549912110895
61192,0.2594214210434874
95727,0.002378756391396463
53226,0.01916821131053204
11746,0.02764430893303855
56780,0.00599452959472267
48037,0.015813215403796654
67699,0.21564061891241315
52046,0.9903152850442265
7373,0.09273651811429817
55155,0.052065672541468044
87577,0.1473457556453338
97264,0.6373142394691667
73458,0.8586951961184377
86325,0.057720688388162515
96463,0.2602795617181731
16633,0.7291219475380807
75069,0.07020636546211723
35487,0.8878676931376451
24768,0.03531404294063022
34822,0.043100534157217214
101479,0.07648513790975306
79766,0.09907769729357302
49768,0.0058901960141489115
22731,0.8525110229763839
33574,0.371019673288143
55252,0.28422732447376964
40683,0.07025036396412075
33771,0.17522815735970537
857,0.29501512557721404
51226,0.1518404011447308
46831,0.1036897258590121
105253,0.17722303683631174
79491,0.8969584865125735
103022,0.7060776880299313
82950,0.139385837430048
64234,0.6630515563200043
78991,0.5936125443729063
83774,0.13642437207354513
48994,0.055036222165909365
84569,0.8626487276808472
80903,0.2741174707335251
39230,0.47184260959168095
97195,0.06303239055372392
34972,0.3369562352189981
63621,0.23910184335772283
11553,0.24948289729152473
95009,0.016024055524338603
2753,0.09400114861408282
102798,0.47604155671286824
35609,0.14415098423098982
45723,0.2598996455830662
36421,0.10688474123928504
93564,0.02231526754325569
18673,0.12440015542278382
99963,0.08115512996031177
19921,0.11576754478895884
9379,0.5906117647535164
63121,0.09728320579470384
55480,0.13115406906666427
102975,0.9904960868174839
55632,0.033557008977695715
74937,0.3582420878373457
51836,0.2987573637856849
12610,0.3786735890477994
46487,0.17465120476122648
42150,0.004397024680430379
2908,0.5269777245428624
11348,0.07662618843817005
104966,0.0167234931339063
56207,0.592005721926925
47420,0.1422695634954259
70191,0.027198575075778324
30693,0.2805710084619737
82367,0.035023756744995097
56454,0.002185678649953989
40608,0.019739616913199105
590,0.9242399256886339
64431,0.03027909337837866
14717,0.07850851462855735
14898,0.7793739661669958
5949,0.1473627571037776
80059,0.12654208786552112
24763,0.0186910713981141
46875,0.0023116336839615085
26931,0.02103612766590647
72880,0.09498231932963569
104802,0.6428185395268128
39042,0.010910160794195664
986,0.01211879197164233
7537,0.36435185732292874
74147,0.4420983534250183
24786,0.024376001914148102
94019,0.5779218390743718
29377,0.056747591607618254
16134,0.1452517311888551
9499,0.9769934171828938
64513,0.017234490255053563
15569,0.15090526470531412
47017,0.12925692583428572
13043,0.11242428810207278
56464,0.04616389949740735
8315,0.22676317891009973
31026,0.253176766135632
74871,0.08090993395836571
46139,0.032672595483825076
57488,0.04144793054857769
263,0.2622150567017033
3394,0.04860960845899512
22237,0.15976500855738368
17299,0.03582132174511088
43048,0.03870841265192302
91934,0.002850881189430086
15814,0.9349999666366053
92661,0.14281348054724236
48500,0.6928883090664945
101522,0.12376859450344208
58058,0.5016667264569088
48310,0.22543006653618142
93528,0.07109725444186393
48732,0.03254739902712036
56815,0.8058103102425602
2861,0.302212165181008
32056,0.014134381762047173
31686,0.010418116797992049
32212,0.26654725736606255
34433,0.31974371137940094
9154,0.9925542462473133
62686,0.00030202213180557653
93196,0.49041827231983304
95261,0.09683812784768314
70962,0.006808495354331235
90520,0.7322768017158685
29033,0.05682945061663637
2713,0.12018382840045949
36946,0.6014013646047296
35993,0.4293163972328838
100933,0.1700943401336244
14561,0.03216093124758119
97302,0.09068529121088437
9600,0.03780229959359882
10294,0.46378242406708564
44890,0.4644675409787415
87850,0.008449164606251731
101786,0.43167754393608426
69051,0.009433653638210807
54868,0.007573355279313504
6583,0.03739198341937062
63256,0.12214382253453909
53969,0.13240597655071423
69907,0.8822679428059584
45282,0.19462914873522097
95125,0.005244991112205241
54365,0.08935981909863494
63236,0.5098700871259152
104959,0.5614007296914938
105117,0.22232901178479697
18787,0.42332358877368415
77502,0.39986667647878343
59084,0.5038068547481531
91595,0.02059652448356039
80788,0.014154270780641066
99862,0.04654479171715512
87325,0.27881217141074865
57303,0.1118462895684963
37884,0.010758508589875648
92059,0.8287920786051237
76261,0.7915688285079889
79007,0.04342397534740233
97833,0.09301168654648523
40382,0.9941522549898169
42825,0.006618831262975884
73429,0.08546445425251792
67050,0.106434124299505
67837,0.012206020467552356
11945,0.16142694491711912
4880,0.02097746047991941
104670,0.1935144682269152
69307,0.9546497229887163
2417,0.55775396956136
20890,0.0021033080913320824
60524,0.9202917588034283
67623,0.013255366457230933
79406,0.9411596346536487
81812,0.13258307295456595
47792,0.29976695029783673
60455,0.6621575877955879
57967,0.1191034380311834
63131,0.16186283275946428
77533,0.36759640068030447
75815,0.8523485395243677
17220,0.0062959926545196705
4822,0.13010260624213305
104299,0.08035345102048347
27396,0.004020176058186984
66788,0.06004633928283111
73691,0.8861422616410702
84699,0.1083888095019721
76468,0.009286827413318894
6868,0.034455741883381005
95938,0.1084764427516609
91872,0.05960005576984255
59054,0.6286190822899429
37147,0.4016080356771006
24966,0.033848054869965644
5668,0.13964220477376788
97600,0.48121875587349094
61930,0.002646272939658998
86934,0.1518461735878331
83678,0.13425004771523147
29827,0.06341333322928089
6206,0.992333506482659
93891,0.05754122080530354
22302,0.10973220212591828
53715,0.13571628810624764
74452,0.1204950501688618
98097,0.0008423543268957051
94492,0.6108729138286034
52873,0.06918045775534104
39371,0.7721721409570266
33321,0.14241164518916766
105024,0.25393920063062897
70699,0.11372095808187926
63945,0.20424577745332
92000,0.3004994659581759
4990,0.3464768232683657
45293,0.07209238049054949
89028,0.7485028067435133
78250,0.9513589365496516
27659,0.18034048391806629
67546,0.020385117758394147
85206,0.1443095251208094
66829,0.10312559328660714
14360,0.11839243844296055
98129,0.15503763172720292
74522,0.20775278748412984
20811,0.4058271361723257
76081,0.0470261847576873
38953,0.2611093420030671
8430,0.08177608611928938
89041,0.06823282856219609
99838,0.6358226299542866
79512,0.029290971983388647
103604,0.03690247030084696
55820,0.44382620665340244
65422,0.05783369289453199
72645,0.5417158069471946
91160,0.12593247112736672
62410,0.02305870829931931
52414,0.49766786552281767
5692,0.1111790710823648
77094,0.015497768235059306
55179,0.03769580970923978
49202,0.5558343577425472
8841,0.0022762061442540664
8096,0.10716841130796168
75832,0.649509142921282
39279,0.053422927582512214
100504,0.10442953926411835
37330,0.7579533091556647
71467,0.08202647304943794
27577,0.1251916103042845
59870,0.5080386728075712
64403,0.011050658163114239
47464,0.004471039168021101
79770,0.7245717232752037
99308,0.14018258860373167
57197,0.38169055574145316
37918,0.3054297994155942
43470,0.7195581381441927
100219,0.017529118963495263
26510,0.20961044839654747
25870,0.022485047779254703
65867,0.5717779276208648
51739,0.004619326394296391
99965,0.9816994473143603
10534,0.6515624582410511
6664,0.5668810359236404
104971,0.08716059251883063
24615,0.042923574953476575
100862,0.05764134319990274
28018,0.014076149869169762
7345,0.4473763953799661
76059,0.11821787773442599
24256,0.9910602046148397
89943,0.587026867564403
97303,0.029113980882058816
60280,0.005208050146829907
18324,0.9527262421129072
87641,0.12963312323190884
28970,0.17984047931470387
27363,0.0150328671854589
52902,0.12956515453772122
85294,0.014317331895644278
81480,0.2034877907244566
1744,0.5027880613235888
38002,0.0780811685100951
14284,0.3056457865447389
38484,0.13411895544158603
80584,0.9174248542384675
77050,0.40278411422892946
31259,0.1265531763995133
79077,0.002628827016769118
58886,0.5521945288156954
60954,0.045873808342182625
70799,0.17944090341452018
52013,0.3236148794061048
71904,0.12851650974371248
71844,0.43269872954913524
22734,0.0012815294152956598
79724,0.02342736133536075
82508,0.030147684101348476
77802,0.4099993795429826
54576,0.01962684893384026
82046,0.6961998945502215
42787,0.12273632328800177
91919,0.14394029281303355
4764,0.6098299287998414
29079,0.060011904033740425
30254,0.03266366583638493
94013,0.11997078087234325
33643,0.31173084681367913
24238,0.11915181180462436
83026,0.5140857853844958
3164,0.08021740261553273
81900,0.3435613538076584
50519,0.25526397410281115
76320,0.17712907217925006
56165,0.9647609592865777
83166,0.003392516723217995
88675,0.7771166856191599
76380,0.0033876857013580485
86709,0.3187859172572101
54070,0.5786771930824584
37157,0.007112219966786027
104166,0.11158572637160524
68285,0.1649022171425531
81848,0.060910822062202344
44145,0.7315264844516334
24019,0.8165811963959673
86235,0.0858193438956718
80353,0.5796475981064523
45854,0.12489402046662967
4402,0.11367459514057582
41645,0.16362937879802064
31674,0.033653550745565655
28987,0.10887458274425454
18766,0.19371608541843588
10355,0.34270949940252027
32427,0.17590686663555732
91400,0.06066899504258242
55295,0.0712324321996843
106782,0.08369076392822777
1645,0.03796819008925553
2610,0.34697022630012864
53836,0.1391602296522373
63495,0.2524000980793213
53689,0.0034484360694377724
99572,0.026459368117980466
4148,0.9938206715898401
93681,0.18310673282162765
82600,0.06819071672537538
63362,0.23172858295246385
58983,0.03815087179221868
66268,0.15182140355095158
83582,0.505356124807809
104484,0.073857736389762
39197,0.0008378644209304533
70740,0.003365028267930748
75117,0.886185058261121
56646,0.20350832767977378
103460,0.10281920224531271
19134,0.8379526451259542
87447,0.1255501884548686
49659,0.021517665633718333
83556,0.10346148857053561
23993,0.08424197599734551
5813,0.08041205736132062
29916,0.02857278012195214
12340,0.6805587400686518
67255,0.6265793673329997
46508,0.020994282274207524
67248,0.02651937821129395
29461,0.6810019848714854
51279,0.00035522972021598097
16059,0.1774069845669053
92016,0.14565826973169949
50313,0.13511325272256342
78370,0.18473181489454754
80708,0.03997640083938731
90075,0.2823773620304094
72748,0.4520036953963134
10128,0.0015340028900073092
7858,0.6861103855208608
69469,0.10002520620276684
607,0.4256378924534601
31648,0.12499111723457546
65947,0.005541301762584319
65612,0.05930379747610981
29127,0.7988473026142162
71081,0.166840034839431
28869,0.01905653986363754
13784,0.01444442539309141
98489,0.13390513361743067
38712,0.23519729905362396
1935,0.5731940946019077
81134,0.839363998809568
97576,0.19113643609697684
100132,0.23069611169322313
41552,0.40737453823359926
104473,0.16647959183242172
10886,0.3828584936371944
4608,0.03216844972716274
19638,0.032027267789064444
103726,0.25066186770152554
14088,0.12060663053107984
44367,0.1543335095979969
77775,0.002842039334664939
43133,0.0012284817958320908
11750,0.09744575420407459
38773,0.6796600145997442
80328,0.008922451833472868
36364,0.17424792314531828
72222,0.9760657035833725
24497,0.5650945924701696
81796,0.8459007082849603
68276,0.03247352438683311
95099,0.1502602092024361
104325,0.6190301097200819
72720,0.11745034283245243
81957,0.0030585970727432118
68678,0.6808199995897465
6282,0.08625527794492582
39478,0.061551521909792475
64263,0.5347737055091357
56842,0.13784225570167058
71748,0.0720546829590772
101186,0.014172782238956268
77819,0.8994635897538497
82746,0.07093955087405747
75372,0.9814577105891676
86180,0.036265614374868985
103038,0.05342229258232673
53965,0.5283177442111905
51154,0.05558424805167771
68680,0.0034688868793310767
10380,0.5845749433881847
15435,0.0693289806557218
80262,0.03927682442414346
72306,0.4001938160165211
62687,0.10442580404333907
87244,0.049997323419873285
45990,0.0949256012135109
2832,0.1432717834891326
15117,0.15125391501623298
62567,0.11121327238833562
13436,0.04227828034173242
10683,0.05502055447384851
25182,0.8672969475263419
65739,0.06366028722584735
94520,0.007409815418058109
96784,0.43849649229632104
21531,0.05636959106848994
58971,0.7180467678510647
66147,0.0440227229184442
101483,0.1606651995624893
79887,0.2878491733527613
29544,0.188571084622143
69091,0.47320242961801234
11176,0.5043505099000244
60268,0.00972477795909112
71120,0.21702070320983446
31291,0.5297228910761085
43865,0.16657988277343855
40585,0.1788918299710276
37452,0.36880268196816957
52456,0.8381042577019735
90007,0.5427465741791991
16739,0.11523991712698739
91551,0.6372717734776703
23423,0.09880598296498622
1706,0.6743538156043676
7452,0.1323721395824729
8134,0.4423018305115989
58536,0.010345221276566712
105734,0.3805029309901432
1313,0.005614731637163851
84876,0.8563747472531136
100693,0.08624713867084616
57995,0.0041103301978568565
79811,0.08068655744414382
69139,0.1451916770276484
58534,0.966373723581632
99375,0.0194795177006928
76796,0.05644968013232932
66626,0.6110895456204652
97721,0.7096808984208194
102488,0.13931289024408317
31116,0.003571500401858629
21065,0.08645881503587183
59272,0.513384028178964
99469,0.2903929617632508
46333,0.535615596527024
28601,0.2844229855247892
25815,0.00342029762625813
102482,0.07692780548995864
34661,0.5688343684947381
65391,0.40949937396509317
81943,0.10277023600430307
28505,0.3072736337674322
88621,0.14620271220150471
62287,0.30574813085164065
25860,0.12302472532537478
58026,0.32226185350099346
59165,0.06173468981589435
21355,0.7646281921440007
724,0.6530644563701135
61635,0.5100260528944792
10564,0.003630039187108924
41782,0.06574661958631182
6229,0.029060924422191915
42952,0.0880045031433136
56235,0.2599929786171315
104947,0.6001687367818139
7746,0.15643642515558376
100978,0.23347299132393806
20646,0.48333687211956033
78149,0.0020994899526583593
94746,0.1212423271081462
11466,0.19963254163089256
12787,0.2622987946679298
104608,0.17360188665413073
38068,0.5831276822924767
12230,0.18738732509999034
22667,0.08847199164867547
35855,0.12038124810381212
27932,0.015751050577813643
57277,0.027470364542778524
71908,0.3303072267926079
23047,0.19145767659602336
54288,0.07214847186542872
73157,0.25865007788785144
72434,0.19532296956423728
37676,0.18005740233398032
107058,0.06008509743024262
103029,0.08993217533270226
34947,0.055318204418232694
85834,0.9103298169997623
74743,0.08908218021749786
19940,0.3460098198769357
29136,0.2660044633906667
65700,0.5275384451296415
15352,0.7928655601866043
44799,0.08527961166690173
79640,0.10817068012409586
745,0.9011076773386881
68654,0.10530444169516812
75911,0.6553296563888051
814,0.31006049800923774
30903,0.23412522464053204
32545,0.01963864437427961
35506,0.18104199187424042
69863,0.10494937394315335
19443,0.6258894556562276
45375,0.1491730607136859
22240,0.012362665689677647
86911,0.05184919870906558
68265,0.1615196470632358
91954,0.0571895786214145
99622,0.4691670021486241
47734,0.0333168329145327
53726,0.034702535512825865
94247,0.5528361661012936
154,0.6954703389866158
11650,0.35132093306864565
27561,0.11095437488028909
49806,0.5376806859002655
94011,0.13831240820907714
50140,0.09571021750289327
93185,0.16336315935489698
78438,0.7471156249031145
2264,0.03184194605570012
62528,0.44333623793728727
4665,0.2032837866683886
7685,0.01248485157226823
39824,0.2766855831522817
65005,0.8131359161463916
68816,0.2806005127891438
102678,0.12650367924902145
63734,0.02653611586004924
40320,0.03400024123345011
2545,0.12812491254673203
41278,0.12000456917705116
102661,0.23457914880596015
29550,0.0012335690394760484
13831,0.28013101198188556
52921,0.3542040934051769
106351,0.048941810032480895
95864,0.07807072933331899
9087,0.812562939567765
5591,0.6618626491185736
46258,0.0630472385200538
95865,0.3192424960510569
42844,0.4808212560230761
77093,0.0007483206871712609
84201,0.8505986100747925
70165,0.46680347808770717
32357,0.2351435000217975
101296,0.12157354752220229
67095,0.4158045463089512
85509,0.5206242572088455
50202,0.07236574992324765
12793,0.105967903080039
94120,0.6557517010797268
16628,0.8539011132666122
88444,0.0980550794741063
48356,0.03293815379077105
57373,0.10217420764616791
20724,0.3636050521885142
32265,0.6688654467017495
50643,0.42436603695166614
52320,0.31678565001244446
90770,0.16326496462866263
36345,0.12873074034948595
51312,0.41163488468618215
106826,0.26139628613381405
1659,0.4848090351965398
16342,0.36552112008305054
14592,0.06404839154200108
91973,0.14890565750813334
92819,0.20529514417826156
19977,0.9962494512472031
14955,0.26783033855943933
2250,0.6006906642864283
72244,0.2651142335400025
26420,0.865695979402014
68772,0.5877276877741732
5213,0.9900522898527484
51455,0.11806702510482259
81805,0.0865239896006686
85814,0.10342486382084254
26954,0.11631517279666437
69738,0.8033075543590418
65545,0.9020702472594082
83747,0.060878584775624016
71477,0.0275553630646061
69329,0.001813671814092323
1746,0.7732445238225224
87324,0.0034936096392938674
45379,0.08438123232746303
89712,0.9732880103892493
96389,0.020881390412175346
35886,0.1866689916649663
89497,0.8046791195878817
49775,0.18172215601477087
81178,0.07674821779649856
72632,0.06644714418230079
93516,0.8901711236155265
57472,0.8680491094572512
95100,0.8352844845145774
257,0.03431663315713307
97807,0.06933565375020993
42302,0.5560677197207088
103524,0.4685834897299756
89488,0.08923708633878574
76436,0.12661890470502601
95621,0.05135432593183595
88434,0.00753821873419768
106829,0.07596509240462591
36065,0.10220897955772246
85803,0.03628008848989902
26046,0.0682859205635356
57695,0.4456592758801014
49956,0.052822407171138716
41088,0.09064081531708229
46736,0.036804928482940924
45144,0.021520097458656125
99930,0.007464215563335492
27117,0.012311879951278462
53530,0.6735986262824653
49282,0.6850788807117039
1592,0.14734515141736693
2095,0.0043694541483981775
105521,0.08032943086334932
93321,0.9406519776254187
77725,0.005551097094823169
52947,0.6966904548113706
43384,0.10834680798711938
41422,0.1712038910750267
102039,0.4662187451880892
69243,0.3302179412878571
100066,0.4535224019552256
103522,0.15450672661429848
61424,0.33814093594954386
12304,0.5776825636136727
99845,0.9973078510875787
57141,0.010749531451159908
63639,0.4593977121502888
19505,0.6343131331471428
72803,0.09908135459462458
57130,0.6106231486181952
104086,0.07321058473444052
95997,0.016780429233333248
73735,0.1262537763949026
17898,0.11163596472340687
63729,0.47458858843284324
62143,0.10199177506557555
76631,0.5134443684519885
24602,0.6045639763523807
69537,0.17551069052683232
57797,0.0038389087175709304
95559,0.04272850602376156
90322,0.22720303586165402
80472,0.4044691647435272
66595,0.230734856133487
92922,0.027401205256616323
29561,0.9140702939693222
83239,0.4016612288303622
91457,0.0043452978336764245
55134,0.01026393341246427
99539,0.009135673267762146
48374,0.011657234010256493
36915,0.029514990973685085
65108,0.7287250678538298
29981,0.10998333715792263
93649,0.11239082241194837
89723,0.22018216480773595
76692,0.38284490285115563
54562,0.16393036875211053
43904,0.7688461384299634
33293,0.3369555931761281
73671,0.9467228227713802
28238,0.08928393592650385
27546,0.9807224035509265
2281,0.6556057483538565
80042,0.44535563669248757
47374,0.010649601392831698
67558,0.017735191077649502
58322,0.13880509759274134
106927,0.47144699610234114
81403,0.8068193368566015
86321,0.2474137049332069
50823,0.03226140323357059
97448,0.5197958931153438
105586,0.08488204343100336
75470,0.029115840224752988
9662,0.9161907461202554
91907,0.5025327999612884
41996,0.6479243160740198
59405,0.6167927368432984
52052,0.9527805289118547
30825,0.6765091355274659
95254,0.13623702200135895
58587,0.5768188920467754
98745,0.3937220864826387
29759,0.007049413790607189
101031,0.23859687085519732
20484,0.06771896391213497
25560,0.725216646949561
61360,0.29595640831101167
29448,0.264381378425509
19381,0.07940954172842146
35748,0.687125543310482
68222,0.11872584577286305
39947,0.9018820893132922
49604,0.4050363494362475
1877,0.9885463299590671
46967,0.0023594626655501546
20173,0.007683645700325347
36385,0.20050613869202238
69799,0.058005053747218094
69403,0.45894866405876256
95633,0.10901778871834344
33998,0.38534610531244484
64813,0.004397845522206442
45104,0.12268506489993908
8400,0.30403280038854946
2873,0.0668489139716753
10001,0.21403467717751623
48294,0.1635513664676626
83497,0.009094138674849922
57145,0.07837478547195885
40968,0.2652847550283073
12970,0.5936349428060312
73741,0.019090635524755952
63151,0.6592742198441667
70917,0.2566985307238676
32230,0.657885539750152
56209,0.7278759740545511
23490,0.34833396375929715
47058,0.25525667800858676
82884,0.21441427693260567
97008,0.46303762163288464
19504,0.06465873825699825
2297,0.5996014961589919
48473,0.06664740949087473
86212,0.3815851826522682
38842,0.5768325497480024
39472,0.002685536589368485
51818,0.08364268110531342
23397,0.016268745815958965
96486,0.3973537315671422
88840,0.02261425892020059
40466,0.08163987881279744
70317,0.9918121892930193
76574,0.021940605495482903
39341,0.445550204963748
7292,0.24537725475200012
2023,0.0119471714956584
77379,0.07278374889654755
58211,0.174795118604531
33639,0.8553216085023885
104130,0.273814993950242
99841,0.15774405567478383
106572,0.01493316692117766
76552,0.04139250281688358
101625,0.24169712181838476
66162,0.011217551028405694
41851,0.03361852274140735
101017,0.042396885222565725
92229,0.008118380522073913
82357,0.8055910090164737
15982,0.16636309612936867
23136,0.10488942838525739
97759,0.0007820328493265959
92316,0.18017307724463688
91913,0.26133686833415987
46431,0.26062888724605443
19270,0.5839226035313841
76264,0.015975204295999253
97433,0.05697235155857576
49813,0.0958369203661189
63267,0.0028940822926313047
44030,0.05509081464363314
47029,0.030820051985590444
60911,0.004209190385186526
26852,0.19615209927305144
25495,0.5942718719296387
30724,0.06373755592260942
97366,0.09175531876936993
88283,0.12494148286648848
99771,0.694224153947772
22333,0.08294630818951593
32269,0.8249247583777024
8079,0.0653037296798793
2779,0.0291014427853379
13370,0.3559518044314162
67613,0.035609653474163616
84513,0.12873815448531517
8508,0.526026035154463
66942,0.011817734062818802
56528,0.01861426220524247
63111,0.12607801731594498
43119,0.15422986188630144
55170,0.8390683362020233
77456,0.21307455288493654
8406,0.13103226829812276
49227,0.014076568740659509
100176,0.8797522770331649
89671,0.9997442965853157
99750,0.19430079731603683
60128,0.0796477621981439
57307,0.08974430110325299
40250,0.10489555828883529
34581,0.0361526022332948
86220,0.10828571160563794
49095,0.08983128084114428
63946,0.0006888136759986573
10473,0.6221405336807413
41895,0.020957767399781894
76107,0.05082810495238409
79867,0.08276427954660309
63319,0.0276745214001126
96015,0.40985335565859377
79850,0.11238362935642504
106860,0.5385442670400367
3663,0.4449453251154484
100342,0.09412161833602734
8091,0.000790069581477231
103769,0.08705594314597942
34494,0.8828289242591842
28174,0.03433708506418594
14089,0.6426614916976277
14851,0.7664631267233336
101546,0.07948194581541335
70823,0.5981930137492041
51750,0.34493819576795226
85313,0.03589277728982086
15457,0.009082361308794876
14421,0.11520004108126308
98252,0.9666731792423818
64105,0.11392523007035188
85486,0.08125510818066811
40484,0.8585489847275228
21023,0.2857950803345964
14530,0.009226369270788144
43162,0.020737507632470606
6006,0.919453176916613
6263,0.00867982235396809
42898,0.45563244677548137
74764,0.04944732494525215
53230,0.06381549357923008
102952,0.45455167888907416
17252,0.05041424639504918
91186,0.16506328853978502
29131,0.09915716191457524
78947,0.270500261561751
3032,0.1598139703569602
98841,0.4989588346194876
8866,0.13422643120763578
72495,0.07227021908191603
67709,0.14346816363290876
90098,0.07643700078834634
59516,0.0009444040998508751
50248,0.9993374583263339
94359,0.14310027826065636
27240,0.1051966537712844
96264,0.3657546051876682
52858,0.005071727637465136
46162,0.18307238258991104
1134,0.07109906869031196
48949,0.09633045115608407
71960,0.016255081865334007
68910,0.17868025911484037
99982,0.6871982507415283
41393,0.986632846605833
51375,0.003808574398961589
68467,0.38478373703059626
76589,0.10028829587111221
70180,0.0266430094426596
37487,0.36158648220016165
71815,0.033224131942855936
103508,0.09709315212073127
82760,0.9719023492425967
58985,0.007221927164520474
16513,0.017458868488374555
31230,0.0346907558323697
59944,0.7840344473602847
43283,0.019557335177646767
31673,0.10851677115922598
71637,0.710041947554976
84561,0.2639106103881394
96324,0.09890232520166908
11191,0.7589089579771677
50728,0.009124810700516949
22865,0.015783535707651515
62181,0.006303332086371904
87356,0.40622213639818483
77537,0.02857146373348991
22487,0.21771919854987914
45970,0.16746157863658995
20742,0.3768380540442993
64806,0.009766852968110903
98020,0.4380386792834756
49161,0.0026312387183222187
1783,0.005443873698040969
64058,0.02273445785698364
1330,0.03870479206641338
86753,0.38190723780480557
85567,0.15985328890271588
92385,0.12168619065000386
63583,0.5103064269727492
41872,0.1552578607417912
4448,0.0068778480344549925
10400,0.32510198733764983
54480,0.12759906950153593
897,0.04083113903945881
75005,0.9900214056677842
104744,0.13347444359606636
78050,0.4757629696506144
24984,0.011097857608262434
106112,0.0036482329545276986
19932,0.030119662135054383
102896,0.23185482517341433
73105,0.17486019309245887
91330,0.002237278471793333
34731,0.003680737607534328
52739,0.30741223238875526
26932,0.042476766061006754
31165,0.09316465956160319
58551,0.5628969982425971
21939,0.3880511469073751
91487,0.2100333004764695
97906,0.15813348956668655
44807,0.9480033772153862
39583,0.4503151653601348
93137,0.3808509397966148
34927,0.8967092250313882
45200,0.1045850577912652
14810,0.003009999959463634
97368,0.7081230380772405
49243,0.0782043436773201
22782,0.1681620533301903
23667,0.1164337374748528
71900,0.10661631899606244
25489,0.1537090653020866
27382,0.020711369428093995
46444,0.14328105508119654
78907,0.09766929297357813
54487,0.18047375573089836
4456,0.5029900018675109
39826,0.9973315758812672
66223,0.07630878201397737
56061,0.46924171176654345
62113,0.4719382269159069
29214,0.07856595996159896
66149,0.439436309526839
88109,0.21358155482609298
22342,0.11653507885305209
101632,0.3067567087374383
35544,0.019103244629187523
77028,0.1599924981046124
43616,0.7889528648017918
58907,0.1935557073575504
30899,0.2939368480491028
87933,0.6676663455539725
18929,0.2938265423043668
50190,0.2465816615885575
76597,0.4631821317176944
89900,0.4746426023817697
83765,0.0027650134915411123
13518,0.08734862632062979
45429,0.13321521017914656
50083,0.9699927940121009
66000,0.1125411778734175
94851,0.05592043522021211
10556,0.9821238795213707
63987,0.8242716128206621
3997,0.8389120833771659
9047,0.055072532750137126
85872,0.003486306587251978
24822,0.5001279314742133
27379,0.7354605116295088
21940,0.002376745842115618
48077,0.1607479131627843
96284,0.08211813094194859
79651,0.9238303723021185
103427,0.25452169204524083
12807,0.028310635889794863
83175,0.8422111976913078
15840,0.12602319547132168
3484,0.31477669064781477
70845,0.40889647373371907
101606,0.991022040794188
23783,0.0043704018570694435
64445,0.045096204907478434
104412,0.23139090762721687
70411,0.29268011423665763
19819,0.0073596245527608175
65009,0.12170374733481659
92342,0.03257000862794693
19108,0.03504963513538056
6746,0.4919242940443123
94206,0.2339847568124056
94143,0.03279431201230108
99106,0.10686285173170607
69631,0.008695874613972861
53596,0.032019494065652916
101047,0.7673143315148478
56697,0.16485045684020638
55742,0.034855640003797705
70944,0.062240088224515905
92980,0.093999789154181
34131,0.46779066036200295
44222,0.07634120619540705
43819,0.14737162914604596
19874,0.24188448843912802
49225,0.002656636580114092
5038,0.32243905373415666
29429,0.13096303247052404
86940,0.7235307335356355
21797,0.43242365827470836
54871,0.022930112959316074
44711,0.01049587989626287
9775,0.8460450908874915
98608,0.14053915449744458
33277,0.5000996913600697
47216,0.06704488218432585
6745,0.001578972322176397
42361,0.5132681340112781
27101,0.15788087956081903
72144,0.0008519256514527509
87482,0.007594641157530056
52060,0.027249070131801202
26520,0.006785223171512187
16,0.03929639310544439
97049,0.10405720689786935
65365,0.5213185605238245
26077,0.018143848296739495
18424,0.014716017427750954
80684,0.1047027964005221
51997,0.25412255585262056
11295,0.055558604875875224
255,0.1633183415866853
95708,0.08741835508522433
102388,0.028798813779172396
82724,0.004513875001106195
72032,0.1002297529706706
82147,0.01408227159037302
50404,0.07351027317557332
11290,0.022715064449579724
34522,0.44938008170911486
92537,0.004156126057377591
105140,0.06808942620170153
23560,0.018641593252875743
172,0.15428799521920183
95703,0.5165230032554204
93174,0.15069570138760668
52405,0.11831061257106129
28051,0.5173707887657101
4946,0.9087659289369578
43674,0.003660444066815258
50110,0.3462235124782293
1179,0.05014672811353747
60536,0.9683700321835955
79473,0.018688706536867224
104865,0.4214433835021283
74070,0.20734712381682868
97397,0.13562816914315295
76386,0.9885183806974516
41379,0.7451057105284098
10449,0.9281361422681863
33692,0.030610478081152772
38931,0.364757561786909
40541,0.022481542889361713
95816,0.04475409898147845
47147,0.057943555033070276
39952,0.0069311381957511
10941,0.8711832524961085
5613,0.5832176932454218
29689,0.017422078184484668
21013,0.08116579011804687
12465,0.23981671963890766
7029,0.7612534761598768
100032,0.024129317881260853
33975,0.2395385367039159
102570,0.11624938201053159
75071,0.05549334919412598
31504,0.17175627600969284
58867,0.07983804449984988
51215,0.04738844123920773
103693,0.17735682195780916
95082,0.04128562179074471
24245,0.9635923048360977
51808,0.3474353090470025
26899,0.08728312066105842
83788,0.816480861655535
15455,0.679945020056689
6864,0.47278725713305136
43346,0.0650043110290144
45131,0.13638488101949964
59236,0.9193644269506802
60069,0.06632963474723981
97287,0.7918473692212791
73100,0.016391911375455134
2015,0.07483576428114544
67988,0.3850797297778572
15584,0.0009433306577256793
104063,0.06774895676817856
15460,0.9789907260174464
95640,0.40677420197312425
77076,0.1402104750405529
4555,0.038587123501633895
74424,0.4192748181830521
88710,0.48404563241654647
6054,0.44944638585776603
65620,0.0038323499512777828
10605,0.05839351335962762
59261,0.920135462375826
25733,0.23507580279413093
58112,0.29484015213342785
81844,0.9927422193015776
49036,0.2860789463243072
26258,0.6515723878487132
3535,0.08815092040197542
101998,0.09609624322661497
66520,0.1649092721471913
87362,0.00034450095287642856
99528,0.2915711125769166
12377,0.44706275584039745
51345,0.09499219115351315
96938,0.0334135415485248
15312,0.04353011860246695
16353,0.034382711827996314
91008,0.3276938405014503
90835,0.03701690418383143
41820,0.02441445004344885
16151,0.029082426670540017
86348,0.8453024813311053
105669,0.42444356685571094
101601,0.7278840859206601
83311,0.2671608458678304
104640,0.21706073441735085
84406,0.08351089444064375
8453,0.029061793422545192
60994,0.0029181664458014242
51636,0.0024390548695287432
4373,0.0012077963152401362
49091,0.0022611877954700904
68042,0.9219456406430913
82902,0.7985747890105441
49391,0.009884877258496303
30984,0.20301962097712634
34967,0.06794653818549963
40341,0.04696188154885235
45873,0.2299531480364665
17905,0.13263065179384803
16839,0.27055309106059366
44541,0.6720196347420938
68437,0.4950443969415172
21404,0.2166281299392464
73479,0.07488626631512929
30359,0.43308131352216095
73351,0.6035610409567899
84959,0.546125620696837
56513,0.5764159454813722
103756,0.5940181599175908
67520,0.020400796809751175
100986,0.9991914869534969
27260,0.06237156963748576
731,0.0052939964261440806
87687,0.041400752403660424
28660,0.5448782338960981
94391,0.04545968456642523
17446,0.029240633169223977
81498,0.02142252827875551
12219,0.7582372502265259
78778,0.050397776277992704
96356,0.03829189717887019
81985,0.11109339759143966
55448,0.6881045282003646
48604,0.10236909229802904
5094,0.02268957075641131
81185,0.49546275589501626
71771,0.666032929464953
69712,0.03913070045077045
46044,0.01025618743114665
88764,0.040233776419122576
88216,0.20939653498344873
77232,0.054580454292814266
32466,0.0011778917775478969
56837,0.2986693338043957
40092,0.42903527914389933
99835,0.5233522627146713
7863,0.448237649680162
84264,0.5264579381622497
59001,0.0767385667813953
65318,0.18616590423311125
85921,0.3721079962102407
6507,0.0020902403458605808
94886,0.4522617542297921
14161,0.594742532840286
2774,0.7117315270311109
18113,0.7922663299440152
39735,0.021125966691809182
78002,0.7752350545515405
28895,0.9549553063689619
70029,0.005927953135547639
74120,0.43655625046155916
5053,0.00039657769543223763
72518,0.037478810196878425
46275,0.001486369374223738
96136,0.9681747179821208
14146,0.843446427441862
48782,0.03722980895416633
71094,0.0031063755224894412
4072,0.4487648546499461
22234,0.011555923958611283
40492,0.007668497230712669
79690,0.9888351909323919
23079,0.9038198919656283
17333,0.7630863792071144
87119,0.22320281673369619
5834,0.030001503104988413
13551,0.52811173896414
103021,0.14060867867815524
41991,0.8131934646521435
97997,0.844049955190789
106143,0.3178947877023155
101996,0.12001804344822636
101236,0.8291707240012904
36530,0.12584366611974473
17414,0.03308094980615831
33019,0.5334499249131938
85006,0.7331715655087878
76140,0.06204064773052893
11309,0.14334510481661372
34063,0.2519255910171482
86991,0.47090790604832605
32286,0.0033894625252886695
2524,0.2959498999127401
6279,0.04665453043191935
57030,0.09214414909628216
37289,0.0484516781241065
54436,0.6460621864536628
67667,0.009877092354364124
51861,0.027091902035763386
48301,0.06967148665360266
92372,0.007244035334888368
66076,0.004083521648210318
104068,0.7395202422676578
31387,0.003348057860877108
103070,0.04393784147818326
102925,0.01964489680607149
99006,0.37159704269376215
34843,0.18794377920964556
38428,0.004575081807926153
50298,0.10298221062919372
51515,0.26523352046820553
32828,0.601038266761527
104127,0.24476470252929383
2186,0.0031414911032461713
20434,0.7962320886662166
96378,0.005567121758789215
13398,0.11024801808785817
6188,0.21505282307481755
85871,0.01158666112925656
62571,0.8531629918419319
11099,0.2192061685640455
94810,0.17156354017725278
23998,0.12825987473586264
49636,0.020288242922178214
20494,0.13053825958829085
33693,0.9401733172669224
91076,0.028537193085225232
74944,0.007646883513016684
74179,0.7581103383730831
8337,0.32217605802932525
38300,0.17265124618434696
33038,0.0022640584092158875
42301,0.12649662700303244
98406,0.9768449876820529
21120,0.01996395638862301
103069,0.0641338640987623
95270,0.14565666178647907
29415,0.17084687305766982
8936,0.9616395159662205
3064,0.13356406632727774
9208,0.9678078511291298
3003,0.4395340010124619
19534,0.0306045566479553
38292,0.562389216069837
83724,0.10329373097638084
38364,0.8755979613558647
13128,0.0021425017885911063
89959,0.6767024475058774
16895,0.023769890209640963
11341,0.0014426244276455975
65488,0.6013068279370543
82592,0.08910246924476645
56114,0.02441023621907209
26861,0.022676101229262138
41746,0.007055021065507668
96149,0.08125234668904241
11061,0.3741707006046212
53212,0.6398224702532427
70589,0.11194708641577172
78186,0.8514138255883902
54618,0.9658802101369672
23535,0.5472258485794788
76071,0.41152455866515686
6762,0.2404424590099697
21563,0.03358686380712005
8277,0.005872286403439826
68692,0.010034366236658142
16750,0.12098384721369143
106149,0.08590775225891245
32532,0.48016955732687366
32779,0.43747703239543156
102453,0.31624601354801996
30666,0.4636531379334721
61647,0.0235606256184881
27147,0.7873829371463146
95403,0.0005744596131398237
100710,0.3335069986171546
36015,0.11467187618942726
106331,0.1729255507403608
87580,0.3236365623508681
41501,0.7882125267267612
98388,0.3964774738774983
30343,0.13296331581238652
100663,0.18848567188485055
48171,0.07776815869432192
56787,0.003723568992969915
14226,0.9115993180947831
21243,0.37367770625543323
106770,0.3848071665853787
14458,0.011546759838036276
67170,0.0641342530167027
73977,0.6324755488026316
61569,0.11162889685383798
6221,0.03036024232215579
1656,0.05780272586212241
70599,0.6209630511601583
33838,0.9786506439057454
59864,0.1331513853892592
74466,0.3571579993393642
11592,0.026085784113009117
15088,0.12296384836590857
97597,0.005465128143219922
18431,0.5554047306673605
42600,0.06608950997259742
81817,0.1803483447549482
80331,0.5566755489673633
98567,0.7268903607483511
4097,0.017114850449814437
63923,0.03821490724374398
28027,0.08110664405839224
27503,0.08495049803667987
9715,0.14447067701959798
40488,0.10822557053577908
40166,0.014199296580932856
48582,0.04558769574246951
6797,0.9584091072519485
65019,0.003024216374371133
30617,0.426931469482246
51701,0.2847204002460395
5761,0.12270260152398171
105934,0.8162300732315357
40390,0.4100731463640972
58403,0.9977677049554591
39690,0.09460090025649681
69613,0.1854977257518225
17650,0.1257086311657476
26592,0.01434532144318717
70322,0.09804895469923514
63130,0.20090585398897193
49616,0.4025309034374815
102088,0.0762221295904767
15405,0.00871536662399986
68466,0.15045744845116849
92294,0.016795256168624016
22524,0.012816399249161956
102550,0.009262332878782304
79178,0.4198192542705505
78481,0.007959890617526864
25017,0.05282347319952955
4939,0.022232986801520915
28702,0.08340521174363597
50712,0.027100860091144468
42190,0.18691466195722473
85508,0.0989591378949603
36452,0.013846026816951549
9538,0.4680950740533549
35066,0.010475534905009578
38543,0.27687476363472246
11794,0.07509246989300537
66006,0.11343166280703498
21198,0.4943299954921223
80627,0.13171675428445828
72178,0.5584017921133778
52478,0.9918221952850086
54875,0.5082650912226138
93762,0.7135091635380965
86519,0.10270910536775368
78128,0.05015911443497646
82240,0.1317307256564007
100403,0.002327187444069197
46299,0.34130613349935884
105428,0.11999808282849772
76655,0.31615104370535385
87723,0.001261410337267972
39172,0.185334577428648
105399,0.630903508320352
35620,0.9672626784593426
4285,0.03611088773428673
104852,0.10917952262820374
45967,0.3780515997491433
73419,0.4962462186654942
88642,0.3692997805991873
66205,0.06498481390114919
48234,0.878490384961711
6612,0.008577034075906237
18880,0.16807631698123876
69298,0.11080357901498467
87659,0.16938078464693057
81104,0.5133496098453377
77462,0.4941925982662406
86422,0.10206987983890986
82575,0.2883269691885212
29597,0.7356550656551095
45809,0.008627822059494267
82953,0.06468391131872767
60684,0.02967395034641411
18764,0.0006362798737214899
103360,0.3349069501150834
36723,0.48165310437370357
29224,0.023937802919852456
48812,0.1341910375727728
43786,0.6834244566017063
37907,0.13589758366058458
66750,0.05403578881300809
74666,0.039470297434439326
32708,0.010752881882294051
98157,0.3891719159706362
85100,0.6414516172610278
10959,0.0996030711490889
25471,0.470803543763665
74863,0.18563683860475294
87242,0.07959644502581181
104648,0.26928814267032986
97052,0.46007185295846686
86805,0.18016626970606936
16681,0.037337000136641554
9645,0.05759310069662025
38003,0.016633198893206615
98423,0.17443112053001508
43855,0.40846024117692137
80998,0.06917468435380006
51599,0.4357375626723869
86393,0.44708546481226297
97657,0.021062359073083542
68503,0.19762602003905289
62199,0.8983837459398818
22810,0.21069127010938832
25809,0.04484882357101986
31763,0.58800676851281
56585,0.018820873794765502
82026,0.4360758540936496
31013,0.3981302847742625
88505,0.2836559711047287
67862,0.010130661552964514
1083,0.29110578199050663
32019,0.010854746676879625
45514,0.2518037010358257
45705,0.3693879261810064
24442,0.08405766689276756
2150,0.20377882933596236
44853,0.30714727240651246
87629,0.30629534584995355
99796,0.12880652376879037
15349,0.001186506708394402
34765,0.443284159381383
25818,0.014747452419116664
2666,0.5161476011471124
76793,0.0007294170076433301
105647,0.021236514185825072
81361,0.2886445944517796
90799,0.9487395989641967
35745,0.9475145622752899
160,0.04873171969254931
69303,0.05915842624580815
14700,0.18394830871092482
69746,0.13694515864917378
961,0.41471016069925515
3962,0.0021864504613150243
24511,0.47404176260526304
61817,0.16669319977501657
19533,0.9451819452618865
43332,0.08820989284841108
52787,0.07304238612408252
79254,0.011517443994092652
63398,0.10405391203080461
46236,0.11087015545645856
103175,0.5361749799652927
79229,0.100735703507422
2444,0.5460406300612723
77714,0.35813910087960743
80153,0.22514505712279437
98530,0.2831448161010043
93242,0.4780995413426903
39888,0.959882379089366
9964,0.9268943548252009
31540,0.17965797660697874
47142,0.09832939335918428
35348,0.31731686200190884
74182,0.08044522559704681
5001,0.0035509638728841476
37864,0.09388638535121252
14092,0.20074992775085776
16748,0.3406576308901601
104285,0.012807517141789735
41214,0.17435126319290728
27064,0.32937569034042846
1903,0.05394534389310945
9954,0.07037914354376257
86039,0.11290330672639803
54745,0.0246205899567595
9210,0.060397695251266495
103898,0.22465748063325502
21972,0.6180474051862214
67669,0.02738929178025878
484,0.16180405361108652
47825,0.3639702652195276
47939,0.4209708711532701
100475,0.07033140424143162
77167,0.10152463075356738
88023,0.9940269525845699
75237,0.35303176562823113
60778,0.04928920431106011
33347,0.09087610793473111
72757,0.06120917402892207
45691,0.197512238787596
23169,0.13962655149495556
49808,0.2490634360772816
87952,0.3229365115964772
104831,0.08130994023724997
88511,0.32256233517370536
106076,0.07273731787733687
1970,0.6480291378809636
61596,0.00725798695788886
99009,0.9173417815753167
36950,0.975454844600198
4566,0.08977384129482979
40783,0.24628584400647607
72599,0.1295630411349103
8221,0.12593089242875072
19699,0.6723235944295531
37292,0.18586385875260036
11863,0.05529122000656903
79578,0.42528997120441014
25995,0.22717125750538225
37913,0.2974756027304364
7465,0.8359355641566488
77555,0.08918644780127699
87837,0.12608952189296418
32407,0.40485298847946916
3374,0.995543778716252
23096,0.07846783108184513
21436,0.03284145276679207
67879,0.18133023800519144
105851,0.29611149651014035
84088,0.018958622505340764
33309,0.015395211412579319
58284,0.06426728062533822
67380,0.14469353051321499
51248,0.034370086677721956
7690,0.9485334604128886
66797,0.16035367721009552
3928,0.11693050988895204
98699,0.3285828944975253
37209,0.9151344847581282
39834,0.01947587188382865
100208,0.19417349492779756
92868,0.016602678155790182
7592,0.08636945707038057
93101,0.09170996352889638
82473,0.15741232302460073
54104,0.013697247684113492
8772,0.9051619647246372
49171,0.03072139534708342
1186,0.07797378260238202
20672,0.346202017874435
9230,0.05252813186410292
97020,0.013812334677013855
2270,0.69133590149757
21016,0.0010894842736082198
42750,0.36010959719402946
12134,0.005037308336300887
85442,0.23462572090644396
4196,0.023011911118628853
45003,0.8284154157092586
173,0.11920843550601534
93374,0.19814226757526493
88695,0.008779503575313506
24428,0.0722760751735076
21794,0.8982518551689008
83160,0.4514775042379335
61147,0.9914830041782497
84498,0.0754690030528204
12837,0.4687687658132686
55334,0.6372567831048261
23071,0.4769688970947056
86142,0.8320323517647636
82082,0.3592284921825797
40099,0.2731033164772576
90999,0.13968607209368178
60262,0.32913614389571244
13806,0.029768401188998164
84354,0.5451556268260433
93197,0.1322422099726241
31336,0.045378709633516125
61346,0.7038964143230388
64873,0.014150303070854306
32682,0.20675973644673468
91281,0.12405920568924167
18862,0.10025163289621714
69521,0.11647356605006559
89560,0.07743943247884395
35183,0.003455053518284527
101367,0.019206926704667962
80005,0.04561492285320675
28355,0.4721082867748369
81694,0.2142736671295543
67871,0.020989748044118173
40178,0.8628712736041704
18070,0.009118079361856083
30680,0.07996770642041645
56137,0.038121998462514205
84815,0.1725950417881087
86707,0.09655031518134594
55089,0.011646635956492101
59361,0.0533139636788808
64490,0.2120395768237967
57093,0.34439477835560056
15676,0.1530482647374436
39525,0.10450406958971303
47923,0.919945426982344
45403,0.20751960880834608
83152,0.007402695908101522
98655,0.15326019240124045
50859,0.43028581130850635
65784,0.0625156280800143
70212,0.8313906739122006
21058,0.3808991318390073
74241,0.05428392716526424
62610,0.22702909442992836
7566,0.0613107989069302
97972,0.9616796801421369
67144,0.5427351402127825
87606,0.8652171540961675
46796,0.001172875776917673
4010,0.9382347239228792
76090,0.008792452041840959
12992,0.02877685127487643
96829,0.03951732949292812
84814,0.15794526546990972
57267,0.017324297613923054
6047,0.24991434216206498
69361,0.059739157892344054
17613,0.07215612253570501
51751,0.07128086789727453
42632,0.03496193161383556
36140,0.38922395832713275
85388,0.1914846376260026
71239,0.8529898292202129
15500,0.03927363628040398
61416,0.10984004968005151
31746,0.05634091879924918
50329,0.04666410448243081
73952,0.6974705864663394
32538,0.15982117272812252
13418,0.04282609729409543
12540,0.14922324488177308
43800,0.006860735752095886
14460,0.3961448415278318
55856,0.09762915983567516
62352,0.05584599879048473
94871,0.02433812915949912
91572,0.013801909692215585
26053,0.3003177489257608
50065,0.8964745242004568
5865,0.5016894621448039
10612,0.09621919284546998
42136,0.009843593002961582
98225,0.6076436989550386
67911,0.610494482551504
58526,0.18006883788102684
60638,0.16784339108952845
17491,0.033352885682615414
65807,0.01172362522560146
65190,0.6788293827544691
46855,0.1123410240771941
31550,0.008417842409020906
46678,0.3953426134720521
52586,0.15010067884373834
77083,0.09266548093701987
15946,0.00486312106385505
47152,0.05509190347698836
82477,0.03896558699866104
89509,0.07554566981849556
67809,0.01430497558090105
66336,0.09107540516182583
104012,0.062334955413334656
5903,0.05266575842784384
71203,0.0028322072485604107
53679,0.1603389218198909
4649,0.009595743693363471
45837,0.28993956893649575
47135,0.5769368142972171
100954,0.21272489519003718
91716,0.005471751178626698
85728,0.2782089785345132
1170,0.3152550382119168
31247,0.49625032701683414
7679,0.5480308023927603
28796,0.884792707352104
44977,0.38641102967153
39422,0.009491004897698042
61607,0.01273143836883947
106078,0.03883438444123758
9024,0.0465716406942574
87278,0.05897890225882179
69203,0.6124536011209296
1615,0.10425005594970849
18592,0.024224447591061442
102546,0.1940616288344988
92573,0.1055564823823783
99103,0.8483669737547154
64001,0.15684205587514471
10045,0.06930094317831811
85073,0.05456591714984409
63138,0.8805933507905668
33289,0.02056163627982799
25657,0.12321260883943241
105677,0.04601865303089543
67163,0.010826855789545387
13647,0.0038362170743956848
76642,0.0003800025759651068
51007,0.209927420272564
68266,0.691503023586211
44275,0.5133194588161711
20998,0.5221716992341019
37144,0.16237653930982127
22529,0.4781951222810313
107135,0.0032848628623310685
10453,0.14413036306064575
44915,0.008067814054067098
71397,0.2625583100444796
87754,0.1405526158345778
94874,0.4839396242002047
48273,0.5268583450008663
83799,0.01327328989793679
59725,0.4275684217757908
17919,0.0024992635932818345
38410,0.15721565989294578
96210,0.015933135978916865
52102,0.11990951644340525
71858,0.005786824478596253
35019,0.624719073192104
100257,0.1919683643086742
92012,0.18917065802880817
62039,0.264662662947181
62999,0.1617096825032726
71724,0.0065255334323416365
45444,0.4184612680996431
92009,0.17432393398723978
19636,0.44864876047799424
55464,0.004054333160088642
71250,0.020518420855206436
7439,0.11312667733517551
49016,0.6717557546912492
23337,0.037160264779191876
60876,0.6708456890470972
49078,0.08934778470133864
74833,0.002929983586095262
29020,0.24089229368717113
26583,0.17000380930706688
29303,0.002742233899647319
42586,0.28878536613736583
71875,0.33444271262806624
34508,0.26994978471254805
6165,0.5814244740948323
58493,0.27661165997268167
94887,0.11399019792886095
102986,0.9601620600904761
28098,0.9014743539024705
25087,0.11186627585705383
8009,0.006685631814217578
89579,0.09063783785974566
54770,0.9508252144610765
51653,0.35171932905464676
45760,0.0055835639987728515
4476,0.9343023630155819
54421,0.031740404048687075
59509,0.562626762656696
98689,0.9941652350481376
60921,0.003265432548545298
39461,0.5609022826125567
70274,0.09271546000081488
37090,0.15007190030516004
37016,0.02687186073783518
13411,0.6473850519225275
51088,0.4944368323975278
56925,0.4456612017372513
98002,0.035885226901409134
35495,0.020863556394580315
93475,0.7499384335247772
68261,0.16648087164331815
98947,0.1700391520277772
50552,0.06185921461405412
59028,0.7022598650731071
88386,0.20419893909820214
96380,0.0694743753544791
45376,0.30760347910512337
43984,0.14897761063851367
24711,0.17771590570677448
97312,0.12639636628250256
26141,0.11665885145623472
16602,0.005812336970839807
23781,0.07441005312069238
28258,0.0024031747275330526
64800,0.16011727667320091
37795,0.9310071144552866
62740,0.02692936636497001
41201,0.0026239632092215697
1954,0.13431536891876728
81573,0.11177704923775905
21215,0.0014625835271217344
70981,0.13703365289056973
67761,0.014384502353663514
104537,0.10155183638072729
52595,0.6433121878540887
28616,0.012001885775947354
17775,0.9218470160702577
35248,0.011164606227339627
34106,0.05162159777982841
13399,0.18061970662341187
62348,0.961203067337159
22348,0.047701731631206265
78412,0.1287444417042346
79202,0.008748036427759353
28300,0.33611135969765094
57415,0.0358080582380026
24325,0.1774491888412082
104667,0.017062046620506893
102884,0.16500149326003022
75881,0.15884746781369197
89545,0.0017706518109734586
53802,0.009377879220820678
8428,0.2716220293015882
1947,0.160424155149339
39582,0.5403746733768502
98781,0.04979047135175733
10914,0.33441882058508454
68116,0.11955809021208574
89336,0.15028227695383461
23088,0.7325663981545137
24498,0.49842103930056997
20680,0.008198617723826206
72863,0.12893052452409193
9853,0.3869497801968108
34780,0.01673068041840168
47982,0.22921513834808266
23029,0.08338661424370941
99217,0.9002127955825792
65189,0.007175096696924425
32702,0.07605428524007739
29196,0.46626929556922075
92311,0.13453013094574723
78556,0.249412027775754
790,0.024290884910036722
61109,0.1670649929400445
27468,0.08344642261801066
59155,0.2586722330997918
77199,0.6367024837138859
5278,0.263249961694168
74444,0.028858218286224414
82691,0.005058903927681684
16226,0.016797216031450624
52549,0.12917247242854918
44851,0.5430687793486898
59450,0.11418730884012263
94386,0.33535495148884437
17225,0.08938633753756547
36121,0.67786782471759
70641,0.019158292410723452
23081,0.4387496765937405
26293,0.02279281207233629
19672,0.014253421244475196
75867,0.40567516251152447
12380,0.10214598836431349
58603,0.07718260698624267
75965,0.2797851283338536
89363,0.3587800512876751
93676,0.92330011387711
14307,0.09871781249135109
91126,0.9702592314236933
25779,0.2544619813550016
6628,0.46927001042875693
4388,0.0042952081511457366
93791,0.11881547568473677
31487,0.866534596009911
90708,0.06898421202853991
30088,0.836748348451682
83553,0.18998532620034558
74383,0.008062034953981508
25927,0.0930540248192831
7414,0.011391092735993345
20334,0.07926439056008072
21744,0.15934713952100799
21251,0.020773625891740862
60748,0.04803366725967626
43515,0.0615311703983623
74308,0.12393895212799033
106088,0.2264305698140942
34656,0.020794842755246654
50547,0.06922183408591648
95637,0.34058385938119995
30704,0.22542297997141342
15030,0.011061345351385112
24654,0.02017387838649574
9002,0.467603151341611
39090,0.2900904113197883
50634,0.06621319096130168
97316,0.17733167428949487
84069,0.11078868550107884
15263,0.14504821853658428
17371,0.014257673143895361
92665,0.023255588343590698
68592,0.16910087669308754
34934,0.005683628494954133
60754,0.012874520145692545
11212,0.14975605116962576
57395,0.6290152285994686
87247,0.06102100927729265
10163,0.03140348489691018
19818,0.000524256456794125
86469,0.46574519513518725
5163,0.1566431157445357
89755,0.06833576057906836
15091,0.08895886776052753
54328,0.004682463677450568
26074,0.9987131595307558
70959,0.09014710524825914
84334,0.5099846268875249
65282,0.09182002290284441
33477,0.5337143497791614
6641,0.023524105187431955
23339,0.4447279953159566
224,0.4825480126709597
16607,0.0019029700604103598
106110,0.08239543402845823
75941,0.026955133811582238
45252,0.20107405668473677
832,0.12559418086238922
55056,0.10975039522809443
89743,0.8356557206583023
60890,0.06829272027382495
55078,0.17284081255605233
48751,0.14604321124592157
64538,0.1885999687326554
40381,0.058187778226253095
80868,0.06107370621613559
39323,0.28664255490149404
87561,0.905098963517432
16654,0.5918907231689857
41696,0.04738401263282415
13283,0.783988329430862
24227,0.7653238217400706
9617,0.7769316543319786
56613,0.14916940535385576
87591,0.09352231948646811
51253,0.9681011579632576
79479,0.0050654673670926425
90168,0.0028475912067672244
63042,0.259372430268729
37035,0.06449574949009831
52909,0.348824954587841
69625,0.3300800805723746
10939,0.10611570458407876
43090,0.5494810895611957
23167,0.2715867660796742
16387,0.5596366459703294
40661,0.8271282560429079
71384,0.07539244642075424
19426,0.15071053431243397
45384,0.22906833881037014
60704,0.09115304163545546
14812,0.05990178394920951
42412,0.01806391973231289
70876,0.18049479604896296
63689,0.5865097085931008
33546,0.37096106485076313
15735,0.7343846682323173
40798,0.05541215816826486
13733,0.022108895959365334
67133,0.009893183703899466
18911,0.008777757210499833
31669,0.1458334436542108
80993,0.1419266825296034
48559,0.2740132319008802
6089,0.013677104775425343
75724,0.005158481012224331
76026,0.16995921149414195
31984,0.3281288558783215
10651,0.6090158378343757
31300,0.09687916683024961
28564,0.08431251366967585
18914,0.03913117471918089
58189,0.2582167931887131
79828,0.10142757152626208
66402,0.19628518748825713
40202,0.049465119323010405
95576,0.018024585900251966
94270,0.4961097263703413
29226,0.47489012801319863
53270,0.09311398540672544
35383,0.12142954631344993
29566,0.574744035741526
2547,0.17002126135525186
70342,0.4462016583474103
1061,0.8606415935480527
78036,0.09998271435951012
72994,0.6879479109062413
34506,0.7875972436377185
102711,0.9339152975866453
41440,0.3240949030417738
39328,0.14896336201939253
82236,0.5887202000295341
54557,0.1807077767700354
8590,0.08036198650575516
49268,0.6457359278063751
53084,0.06425367760817596
32658,0.5333334024412034
40205,0.1408581518684292
16606,0.1087367138812797
21653,0.02084907126692506
38824,0.027375871732766233
72356,0.8890175417975977
58357,0.530696178556406
5784,0.1400996155495305
10202,0.26251447518659676
9417,0.12923851509587908
33193,0.4695799752231695
107160,0.0006299265021953721
70310,0.8847954643757351
18909,0.19105384867661707
60021,0.01659072348662248
20427,0.2995929312979265
104311,0.1528435954497867
86023,0.1376943419049057
31203,0.10420050983475321
63103,0.004994132546138877
98109,0.001187729892139337
21297,0.807962694156434
52144,0.2694965757079604
88901,0.2331657634221984
38225,0.10986799768632854
84696,0.6656680835050418
20497,0.3969603905326126
29476,0.3332758916708686
24075,0.3831022992887276
22804,0.8165809590138586
91118,0.027999616437232453
80940,0.825836215897555
43319,0.19066258678297188
29975,0.015337183768203965
87083,0.22153515271530982
52097,0.10120803193064143
40409,0.10484533538089674
38669,0.4902320943973665
3473,0.008528343675031424
42303,0.13445464577689104
55987,0.1728707682454212
29956,0.08874127911582225
85955,0.3710802557533645
25404,0.33869054002563376
10515,0.6113026586767435
94826,0.09790672024676728
24313,0.044296912664506895
7440,0.5530122991993149
37739,0.6855757465314383
65222,0.22815600133611008
21842,0.012232170721839658
13616,0.007802312802321367
62725,0.0031816799230102114
82094,0.34896849147298287
28784,0.23338160223469706
90341,0.036282697368628006
90871,0.016802838042895674
97153,0.18011422475933675
34477,0.01976956924796717
27288,0.2530710662480446
6645,0.1101483418437274
106487,0.0056092227351103845
103799,0.07564440620456675
100795,0.005420269756512425
50441,0.7545886695901369
25656,0.9852399164599578
42091,0.06393048730226622
31393,0.9691736353569984
105245,0.29032689955798596
30771,0.25315739371172563
63295,0.8703901816640314
92846,0.649753711739568
76532,0.13404844533839722
55699,0.14334141118800936
51532,0.5038262562569784
81462,0.28294278085053337
55743,0.7658133722744611
5471,0.8487593045782051
50734,0.18285789925033863
77357,0.11107251704987442
42814,0.34794150816854275
56981,0.1457144190304867
15870,0.08456200815321191
62263,0.39774524557114316
32459,0.02462504061920312
69113,0.6518323500908754
41655,0.12229252638065691
73181,0.25181672523421117
106893,0.18582103506866948
95135,0.02738823150975305
250,0.7024566586731559
46233,0.8628251722433562
61352,0.2293822122376155
78753,0.1043554143209649
36900,0.0289598335569384
20266,0.10964196234621482
100210,0.10603992953211189
12736,0.5049906384168815
72307,0.731222007253682
88205,0.4061105284937224
8442,0.4253907572032082
5266,0.7548057013403078
68454,0.0075917261383831045
42471,0.15448572291180374
88656,0.06558226710287697
39599,0.13623785543620393
52067,0.14850973679000345
36330,0.10820115755497955
64700,0.05888608211620418
45548,0.04415489984400725
25933,0.03133840479863304
15386,0.6055741114945293
5678,0.3457238335039188
64586,0.8293364244146042
42264,0.04010535840631409
82239,0.006642778348573855
12472,0.13176704582710402
80615,0.05749982851529041
90894,0.2074456348692139
33993,0.150431520512115
68985,0.09300208603292826
48858,0.9665177101731288
2365,0.01035330749220248
61432,0.22040869942569735
55956,0.06360477262292652
72981,0.7485516746545795
3931,0.03186788506045016
102498,0.061490077822730645
65577,0.06436643446047033
104607,0.7265652447163614
3574,0.0005219872752055866
48736,0.1602644613054759
17630,0.31432562503508754
92273,0.23536553815848293
88264,0.4693576160571227
46131,0.007728950139916143
65601,0.04740184686142148
11263,0.09785527200850341
56695,0.005280919809145012
52600,0.020184928358125458
5653,0.33736570492505713
23233,0.329739635123503
102262,0.8239679659914882
19938,0.08540082727899173
43484,0.2575398388434581
85166,0.041444092527140784
3085,0.002061228770821995
18921,0.00817966436566262
24771,0.687063301317966
58897,0.3020949454634844
94516,0.035271992206984196
78453,0.3336031835684143
91211,0.23223019684767748
105987,0.18685033204489676
43111,0.10843548173089412
28487,0.04839088474028089
8124,0.14241902693500846
82311,0.12378231554150299
98877,0.33470514604750257
74159,0.03519845136123677
33511,0.08169379024253542
95473,0.07492859884307944
19725,0.11874880503816226
41003,0.06809431482410284
16427,0.7074578139829959
100963,0.9191240757720092
52106,0.019569979072665732
39236,0.8177499338925411
44120,0.9328727599984096
105658,0.10446084983403708
13655,0.19193490016213643
26906,0.4087939649806196
88670,0.14575604976891426
10846,0.47672305115907704
61451,0.4407228808094265
22909,0.35822356656449306
5603,0.01897315527882792
71995,0.3724299782619146
13659,0.8583558201993169
33676,0.0040231391893254375
99479,0.992851034671223
87944,0.033812421621284734
98866,0.40251981472124726
101832,0.0772748182583741
41896,0.4095493748629404
3179,0.07778836942499866
51753,0.276710878033136
27493,0.32669345884636813
49726,0.08408261400468514
12631,0.15282775094114653
72865,0.13838073373929466
80074,0.9839281532250747
25077,0.04345479226418115
2911,0.01617800534774214
6033,0.19259928335703552
11734,0.10700999293714786
49339,0.012755113461655624
3717,0.12821483474582035
81240,0.9003200159558333
94153,0.6891026407664635
78852,0.4736078320552316
54176,0.19251226573388808
65079,0.1332229044237584
42937,0.46001393168262045
37077,0.10197492423875221
90291,0.05520637882654658
64253,0.7131749998152981
56721,0.07005889586486096
14315,0.003946992354738919
71554,0.0019805521689240553
83088,0.011796021863926528
14641,0.5894029216479332
48788,0.0046000330314515765
37948,0.42567271755791936
80385,0.5948161670239996
33468,0.030512533738921634
18095,0.12196776952107863
33431,0.011532377994711355
92258,0.001908915402498967
78347,0.05745081453678651
56274,0.9863997431112398
53441,0.02688291239744574
9495,0.8539892208665434
80729,0.008462975014715728
12433,0.133788085533887
86376,0.04217613423157638
52615,0.8142771459099389
64847,0.00635940925062516
19409,0.12699541191725405
207,0.7196904077587133
68122,0.4836607713201021
92545,0.3180176373973449
95519,0.8720142667711317
50682,0.31855622039245457
55649,0.2516800174034672
81728,0.004959977436816038
11486,0.11684303527756945
57854,0.8612688555447372
1370,0.7948865087294309
30096,0.2715272546807138
37053,0.12572969676187246
54074,0.010454973266305352
33195,0.21747318487728912
102230,0.7293279546608158
45171,0.14612813641026584
46872,0.3963466102624594
9345,0.9813159461561861
82785,0.08157549028804778
48943,0.10925333835014195
106349,0.06496050175258714
21593,0.1900072587366931
78571,0.1856863813985556
91788,0.041339192570709116
86361,0.9554078630830987
52065,0.7623905893881566
84555,0.15599708038627308
3855,0.1431786588152652
43401,0.0012231414506931146
69390,0.09008411080463252
56654,0.11408574353257817
28773,0.147638781906951
100080,0.7835761233417571
89691,0.0357132659767944
80744,0.011341647728132332
27515,0.0006682095649814728
101721,0.028433003639795375
23643,0.39181339785747943
47182,0.3290960160754455
56109,0.16201653075465605
81489,0.12623215544454935
72660,0.37750180029147057
25454,0.029609832226421186
89294,0.1248796983722999
74774,0.5883416321547853
30573,0.046939106878088555
55258,0.007096893198967816
5170,0.0011324752271632196
88336,0.17270503968926398
5643,0.06039345593170712
62813,0.09189223125115453
72060,0.1459829918299807
36505,0.07187040723531536
30556,0.0012032258278977862
80742,0.05769679181612118
81442,0.5795706373523639
84357,0.0591080804543725
8437,0.4244330880929765
89498,0.8937908439373901
52323,0.004587061794921773
6105,0.3560113992459459
28306,0.6184950513545748
817,0.016307313310610354
21262,0.048019142592279906
101935,0.048506976004019646
84337,0.002184556604986513
14451,0.036022861004900555
16999,0.3424567748612696
106000,0.4136844643180494
54478,0.7476479486730581
74663,0.7254724127075368
45704,0.5248739597036205
19643,0.044434226375618946
61567,0.9429090789859386
15631,0.2362573085872386
41554,0.46200111523572956
83039,0.818270637776733
103446,0.0651911540101204
98345,0.12106351720080899
58781,0.0028195126623936024
36507,0.3715365456993376
93968,0.5344601962307943
69970,0.04279622699603112
29264,0.0863961558063297
72447,0.1588283579096304
49490,0.1603512663278221
78217,0.25828954314547625
102159,0.7425509406388353
70273,0.0028481094639620313
26338,0.2405894771281108
56176,0.31946574429742114
48531,0.2979080862369605
87778,0.23227368890129174
31072,0.6624942306823435
102437,0.5782333794523109
74391,0.04865344068610095
99487,0.136033481976696
1181,0.14856963094797232
98967,0.004591721667095454
40784,0.0051720265270500405
13252,0.024121710532799174
35927,0.8692354587544346
10450,0.9599458311369083
26024,0.8105100373805432
85777,0.6416058893325783
79959,0.16403351024747476
42224,0.0740582152092668
79732,0.47449805701223746
13077,0.11449928800760734
45919,0.9742881220656163
48481,0.15620473044450767
23051,0.02176743202967699
53396,0.40805670912040803
25990,0.9950585846266754
65930,0.030462340517727653
84275,0.04211823730875786
55555,0.1260640449298135
13571,0.03087609865663064
19734,0.1786279241352946
99263,0.2641625573954076
40884,0.9856912274561384
76709,0.11339690661869328
91081,0.07451522831925592
99608,0.7849914692129224
101938,0.08878180243701234
31299,0.04232970803803893
54312,0.12092435270208335
75331,0.020248664494960614
26718,0.8656371931310738
39625,0.20722164202679633
10154,0.07107305706330808
52480,0.10960549232971817
86492,0.002887892247285375
67218,0.13561617366082301
90249,0.028816349884704176
107061,0.08967618722755327
31114,0.024461950679431698
22242,0.054531306565719376
103709,0.060967528256342364
25534,0.004856630482667521
11076,0.016638280479210447
59426,0.16444175803301442
40405,0.10430587506196404
44754,0.6713967635375843
22684,0.6732144915753315
5801,0.0632003193207853
36924,0.02475594470818015
53384,0.9442093312869458
92712,0.8609527847070542
96901,0.4094732390340657
66228,0.8299024459899005
6751,0.037775553630658536
16380,0.9983422304511271
67691,0.008082725974387807
69021,0.17208544051430075
96902,0.0024859104571020594
47769,0.32460674903761266
31218,0.3395089382535271
38635,0.1281723528455363
84440,0.19023583137410072
80700,0.8812274749842777
83305,0.20415173548384408
77004,0.22377981426256804
35493,0.6698903111662459
57640,0.012100380631944605
22467,0.507446180037803
37776,0.851535677011376
69920,0.01328702070613498
27536,0.03881291824503096
52622,0.011510274172155029
99130,0.010042495221493001
34826,0.12026405860154216
13530,0.15723315108320973
54219,0.4141862967139461
75359,0.00663679216451922
27285,0.06959444211004386
22077,0.47513078236386824
90788,0.07031752579347407
104322,0.5310580862297962
32897,0.9875525776677849
55677,0.024888146944695183
42319,0.11582379252528546
92559,0.008653415608266202
29282,0.6114936939310265
65013,0.11109445862372602
4817,0.5914318182283433
37540,0.305701377035856
68712,0.005013814269188266
56007,0.0020516247954672244
47616,0.1154139015445439
79058,0.6614458657406779
81738,0.014028213180192633
100015,0.8916735454489975
54572,0.10609445305188558
49533,0.0012939697877643193
101178,0.08619840881680407
95017,0.7640038598214584
105751,0.27426198807135194
78944,0.5223952333577357
2093,0.14879753636849496
105969,0.437712627537687
104250,0.44908798644971665
83042,0.03234597939626063
1065,0.6913902176399981
37529,0.15282935504255107
13780,0.8310982361450963
46453,0.26627805079848954
64631,0.768104212858822
20384,0.04184582559598917
47912,0.8019462632385499
18,0.02914698106493942
77554,0.5590420620965338
15582,0.2001085706153769
99666,0.7288122174248465
79962,0.5435558217774432
57979,0.01805038420032572
781,0.7439134359403134
65466,0.010743665310432539
95252,0.1765945630641727
32661,0.025925896594080747
51127,0.033285187124886095
17798,0.3121176981694749
39908,0.5457166625732139
25867,0.10391159435344804
21529,0.0049637233262553706
28279,0.06975662594556364
11637,0.06461575689415033
64726,0.7588479153276941
74392,0.057423685645937146
15857,0.028039360303529166
97309,0.0865319040064717
37463,0.2980599426224372
32071,0.039788746348617454
21323,0.018862550246889695
26312,0.30516760096629314
71930,0.15599779355065296
3492,0.010851163931786563
65456,0.0016377933846495531
96936,0.11107021471897555
76724,0.20885337552078492
10868,0.28624063912017816
82591,0.01976825474063225
35387,0.0014727190729408076
38546,0.8694720080089233
89839,0.42158722119472314
14754,0.39516464803770124
48921,0.06832617680253175
5482,0.00857814527229032
105128,0.19725421210201333
31526,0.17014403131571582
93278,0.34854021624292
37389,0.11925161612325147
85513,0.17390982321847942
71873,0.43752160957561925
14912,0.10650600716363395
81004,0.011147139022240524
43896,0.040579652511818845
14272,0.07581547473043503
10717,0.01433224106217885
64257,0.4953167314114785
11434,0.0493791320920095
66130,0.20489146914470452
35204,0.2847001944801102
54695,0.059521723116163175
14350,0.5580035440823364
100672,0.01637650378665757
3169,0.0003173712890843569
82931,0.6423558892211936
92433,0.19272478041836838
24263,0.9173931941728073
14767,0.07424216265171035
10604,0.8164263192811373
100318,0.14754458181142133
75663,0.6942335805850377
43684,0.5455048005470188
30373,0.8677336231422179
17867,0.10959469386790432
33900,0.06293868692451601
29003,0.10409125828718768
33694,0.008440954693446173
84087,0.7531866153301672
29852,0.0713140004580037
63545,0.076779804704579
62292,0.0024361955732835933
57258,0.04161824516467259
95073,0.8929197565655879
50685,0.10192050184776746
104221,0.46529461833868374
51911,0.08671984664234805
48975,0.197074710480157
58430,0.6238645351354086
63383,0.15634096044728357
35526,0.05210281004501463
64270,0.15113077618490728
23285,0.5446153160917618
89158,0.11303883640646617
77528,0.01283429784575609
38446,0.011316747534912602
19382,0.3876357725158069
17453,0.34791537007396817
39175,0.08736169020005441
102238,0.09690703074507762
85718,0.18582432161744128
24010,0.9674359813563485
54821,0.17752136771810562
13440,0.0404442225354939
11394,0.004296258882193545
23805,0.46350825689443065
43147,0.4739720369300551
1333,0.3508975745687673
1639,0.08918812066613135
37376,0.12782033722748004
63387,0.47008727367500575
23614,0.9625912694169311
32136,0.5229078049712833
49294,0.0860588207230577
13594,0.5511986925724865
42326,0.028629019050197674
82587,0.01841650355672657
62487,0.08267220623498334
61281,0.031955343361947
1204,0.008251396325473963
85035,0.2822034437470061
63270,0.07108398883054151
54681,0.28984654774671437
38823,0.08617675979800427
88510,0.013529456313791476
73301,0.48395207272288254
97118,0.0062505634994887895
56486,0.00758440300936609
70896,0.14137354305649202
9348,0.028858139745495556
103274,0.8518217220174258
33539,0.18747932824328428
91382,0.9502731659704433
42087,0.05532859605590626
38095,0.3093413653619659
37681,0.701524059055322
8143,0.005772722577864376
19535,0.49322312128911366
100274,0.01694933565109183
47783,0.3420345274225939
63781,0.12764435749749092
96617,0.04291590717971478
75551,0.31589343708004425
17255,0.9736016878967914
53787,0.12240554017511923
635,0.36403267006044987
85183,0.17658649664329662
103397,0.05604914750834685
82756,0.608427135515756
100666,0.0855214823945526
50949,0.027206567974290306
28357,0.029182961206698572
45721,0.6022579505036906
56031,0.9329208180140317
28691,0.02787868959987315
16837,0.34870389454926165
5685,0.1292552429218663
92766,0.7324708905834263
46208,0.05372763771342037
39047,0.9510972896674771
6910,0.06033619798598889
70669,0.575116954299524
49926,0.27286783987371005
67684,0.009279039190342227
22819,0.007380721166872826
64125,0.036383555552985995
15652,0.01689580885409171
23464,0.8138357089733509
29177,0.103862100412695
35062,0.3038869789376072
68536,0.634201586293033
51118,0.15367542263487644
90260,0.12395480882245719
60622,0.0065731126028441625
72104,0.8202110845361302
7291,0.23420289856930077
68799,0.000363894299557792
26509,0.42942413123114187
96133,0.011982579841434348
64710,0.16016334854046954
34161,0.2616713267333274
4172,0.0342797888106221
26504,0.03090290664711424
42383,0.11774648016155359
48827,0.22950732291551085
62023,0.9286657343181813
53381,0.10296331759638128
42672,0.7806285955423782
40352,0.7607247820690879
98188,0.5369129707727814
55579,0.09568862282565249
95699,0.6294321671096044
22073,0.37059735184497056
7510,0.13214598095200836
61926,0.41744355453087234
12524,0.0014406261073685296
30272,0.10311130198273533
84597,0.29860700015754266
82478,0.6859616377410853
64991,0.2190623412745586
33087,0.07611232380040567
102366,0.00889451568855976
83565,0.01346722496458768
83122,0.018536899392845897
52131,0.06427654034656613
910,0.0516254190814742
5111,0.04967011002611221
54693,0.010844833520857813
98190,0.26439442403900276
10111,0.5810983263692999
37371,0.04046046758798933
34857,0.031355009308285525
14501,0.3077305518291999
36005,0.07434628499549427
25749,0.014133043531093408
78921,0.3843038598783788
44951,0.9910831829245976
14333,0.4869980844292809
83840,0.1305736946744503
27079,0.006265939583846254
13278,0.6630940059200635
23037,0.04877926820172525
67764,0.4356696483428991
15310,0.011372955411342348
94802,0.7876924811749337
87951,0.14933827892747847
78943,0.0070362598742129264
97872,0.015262198242831823
81410,0.06603909001836467
50882,0.579204102846336
27223,0.035298002424916174
65094,0.020716697119376487
78051,0.8305993363224125
70230,0.035395385724929514
14759,0.12131454706235872
59979,0.13875363877075853
43844,0.8762797983817836
79018,0.03440841863864524
27232,0.25160879886378074
26744,0.14101948779778423
42401,0.32745300266663707
78332,0.006360344041842126
76194,0.8156843498893884
384,0.05067375398849505
63682,0.001377421814883522
49119,0.7755988452106852
54063,0.11856044247956732
64585,0.30830823398721385
79519,0.7833719225373812
51401,0.048903978626793625
30357,0.0869769751532965
13880,0.4071352588517343
58055,0.5922785164406219
45641,0.32848528599320215
21988,0.1425564551684616
54004,0.0031841440140095954
24290,0.033076218957813916
77273,0.022908584949290146
76128,0.07677420456462128
65644,0.998742325708105
79017,0.1378451436707948
101808,0.07375213804616731
99951,0.7715525905032722
60253,0.28463027850908984
94900,0.16475616184316738
48007,0.10741191959071333
98057,0.14408853146979966
47744,0.01927246139019182
98823,0.4664053530750392
101068,0.10449562333184337
102961,0.34397170854638504
74087,0.012174692061817495
7420,0.9476083158579427
70975,0.01470610817734813
105748,0.09371470368925011
42214,0.27439130507437526
13477,0.3600884778946736
104778,0.6994264270209877
43685,0.12215599234462898
100408,0.05234318682779837
51947,0.00038670525433911313
75354,0.5868020860654344
15888,0.0049495098566775175
33178,0.4603562576585126
101604,0.009650954747455314
11544,0.23750399516510468
58903,0.689371720416035
41792,0.004385495123254256
93189,0.015801976051687247
41555,0.15220207650250478
79590,0.19194437262727465
3426,0.20699203521596038
25278,0.726104266439863
25008,0.45077352089096767
81536,0.4582363727379317
95607,0.7601768347388748
98558,0.15540481371226927
48761,0.12346692804389625
11198,0.8802282835961452
2451,0.8328897204758814
46648,0.5087658584545802
51384,0.0033625715744776538
62978,0.9532500309471018
27721,0.22588782836468635
64172,0.004638179271688582
77418,0.1975067238303529
72441,0.4544734713862088
29063,0.2994587767437477
18090,0.7747176336161414
2491,0.028150879277156066
70301,0.1433549727819517
52348,0.1719520520695152
82167,0.8347731836207397
32365,0.9093136769897836
6896,0.6200360123607047
54908,0.004790053944149239
50459,0.14205022987612426
60554,0.2575241210107878
17023,0.026266966509577595
65066,0.053445234138602554
66344,0.032410889040106194
37911,0.1701371346559299
22161,0.32559730938909714
30356,0.09322357997069047
60676,0.06772451852655212
31531,0.04788870937243312
4843,0.0008516014468822817
99733,0.49958418833368234
83507,0.0763536074529134
82773,0.13141929762454102
74473,0.0039075266652967245
88188,0.20887794771201185
88215,0.1410830917055037
63735,0.2248898634632061
70619,0.6686255136655849
61200,0.02239762716234808
30655,0.0642690335997931
65913,0.006402102060819706
54326,0.24391394261727112
56131,0.7644819647290446
58175,0.6184156126687237
98975,0.8579110193476854
94819,0.15995163469807405
90301,0.04325620943887387
25780,0.04554244133630514
60452,0.9163614241286554
50411,0.003786323819658732
35018,0.16086252476483487
73380,0.8032374031165377
17467,0.0504052869114405
3094,0.6026822776142308
9738,0.18179417893144195
44418,0.15038546468453834
84598,0.990197078479049
93058,0.6263270460980508
101249,0.030645324880085437
3313,0.0012353041409110532
98711,0.043122954733544196
27602,0.17809600113604185
49587,0.09006700661267447
80445,0.04680907079224948
39073,0.028189515495476648
77240,0.017212250505001143
64521,0.17369021102297216
14191,0.030228312566859317
84975,0.6927689290883191
41952,0.28773805114932105
26320,0.9079031010186529
4556,0.39664750027855344
15168,0.004182410977351755
26457,0.8507887759731885
59345,0.21460088326903187
29189,0.020729997625461037
71307,0.5047697809838121
71078,0.03159267325493442
3900,0.6898890073614276
22304,0.04032657061391155
38231,0.013573682753385021
81720,0.33296890539578455
81431,0.3205512467253346
583,0.026523426361031034
53552,0.9699177861290508
84043,0.14071696254841115
16175,0.03817171276875039
34979,0.43608016137382455
64150,0.21924851004777385
75806,0.022658943451283407
93116,0.002861218980761887
29562,0.6551718131779303
28371,0.5875720681423725
69331,0.266357710014304
44586,0.7350074274478621
91778,0.12016943393706181
99087,0.1475419977880122
36336,0.5974404662071443
76742,0.025790076604135462
103873,0.6572279684127389
41887,0.0018919589598580385
36456,0.03445422329270469
8347,0.028881403419808764
105701,0.6249824171330816
18727,0.38229862740234594
48456,0.7439083334495067
67345,0.3096051042558029
18115,0.1378565384244384
88646,0.2443138085974662
16889,0.844502916911825
12294,0.4436172495060823
83601,0.5328208889659846
73687,0.027799506424181886
51259,0.012751942024672279
69885,0.03577047670942887
45997,0.5377149164379464
65402,0.8185740562264161
24272,0.22190842295395635
26111,0.04677185419205793
14340,0.05248316318164531
106932,0.997775681491564
10072,0.1390858571643085
42275,0.13202086875832636
12585,0.1173115891449113
19345,0.850417077198763
51382,0.17903736563942274
17188,0.8760886839161792
61288,0.34657818441757804
83262,0.1355276840093002
86120,0.966687510010634
71597,0.016458436537702764
56009,0.12626049794757221
23672,0.9551811661582058
87182,0.13423844536254237
30917,0.5147396531206615
45016,0.08757250399849692
27513,0.3489210220121182
23688,0.024322063865395854
91552,0.706638345909089
36671,0.0240957525356355
61761,0.0059115258364511114
85490,0.017475554328692515
102143,0.16614438131441017
4545,0.0015506746730437858
25878,0.18036353463049903
40704,0.45918258266535616
88727,0.11737963671921409
21689,0.48581528110586264
53724,0.11038139487540649
23022,0.1605609418069428
77592,0.12885363781547743
77918,0.05467403706181676
94200,0.04131855904481387
37600,0.1295723251895109
43202,0.0596214884724906
75128,0.87987765587489
47481,0.5163169844156847
80803,0.30959466966598265
97638,0.10313830263037077
67851,0.05817348682737457
69733,0.9570451551765632
96141,0.0728615584841621
72491,0.8390762117526686
77467,0.13993414090104261
61997,0.6854819081731257
34472,0.08065318924869075
69452,0.42138698216712245
105256,0.30930360335651763
38288,0.11445560487610518
61579,0.33514431081113216
81861,0.4195223288007481
91388,0.021951169931689482
66355,0.12276738600694742
9772,0.05862625438721962
91345,0.23526285290275417
89020,0.8888682877710026
47843,0.0332071380719185
40239,0.2877512847282767
7984,0.12598706805484028
12457,0.001816085378926423
48634,0.7548661518414228
54494,0.1900827729074538
36007,0.1709234632751257
13859,0.11137989111517432
104132,0.3822424246626106
106444,0.11846678941272748
77743,0.4322371846178532
12930,0.2088558583477711
75523,0.23545695287271579
74575,0.2626572242588182
87066,0.08998181217808138
72953,0.5603184705221838
75330,0.5817034160959456
35634,0.00473562830034859
32681,0.7371845316721546
54719,0.30984815905031504
11158,0.008697207384076599
59927,0.19809846373698325
104545,0.9968185500632312
40117,0.24296629811616516
61413,0.14355974211584704
21715,0.4178895413437807
32714,0.060483459402660374
24981,0.36046570114020565
35347,0.03866824161461309
93329,0.04796986827467601
62636,0.11154872614100747
81546,0.17691617328299175
98273,0.19257816274072448
7217,0.0006348153104957013
93418,0.09888020439248335
37177,0.5321135737238502
64677,0.15876411118842348
17229,0.2906888581013176
97054,0.8468732714145868
79937,0.2960341846348841
54263,0.11074266211994693
71751,0.09517398780626934
82528,0.1662526747034574
72064,0.748751710940919
79587,0.0396219064529388
28466,0.9679263657473766
78377,0.20651054851329642
46316,0.8713226527153914
36085,0.9538624838993284
17461,0.4335164183412926
68795,0.3425407311232086
92838,0.07749443222800739
7155,0.5464425587093671
18487,0.03232380014981396
66346,0.03487223170710835
99,0.01677353171601227
101572,0.9405575720121885
89347,0.315349575588554
68407,0.5169574130153768
49849,0.7939392568875111
33062,0.027674597250188702
57697,0.7811974068270886
43349,0.001600451438264454
83428,0.016375452393503753
105864,0.4993278163762031
15474,0.023524052226688012
27327,0.04532717753430413
81606,0.8660016716702503
46310,0.5283548196682338
7460,0.654741419130632
13550,0.054385545448594905
101547,0.32622216450133834
37085,0.16799530888938763
90070,0.21234726726051673
21549,0.052628968592841226
20421,0.8993148091043579
85729,0.8311594678539815
94349,0.7445689135922026
97059,0.22862583967411915
74765,0.7393373129897319
13726,0.06449680116973741
337,0.026458009224980348
51845,0.18151050230714022
58858,0.9497159124922983
46319,0.13615997039990163
55111,0.036574451693437766
11656,0.7032382068499735
78676,0.10619057902410545
60093,0.327354432769728
91884,0.362076075512947
51111,0.5658256663012993
17141,0.356609563217394
58149,0.9914467707009509
61320,0.10082870173220293
1131,0.6454659785392048
22772,0.054621868321082394
43664,0.8857695875852084
43501,0.8717281577182676
81414,0.03641849469952487
52958,0.8329978820228365
89750,0.03635029708887408
83877,0.04804807634524534
65308,0.4797511434488877
9200,0.5451362768103457
23749,0.976910470513939
13672,0.07075148124009688
74683,0.5119241168131433
53904,0.02358646311139793
105146,0.9965790297888409
40098,0.014665536698525867
54660,0.036191799841971205
93339,0.014244877539620714
106801,0.1980465703945949
26778,0.18092041289924066
72106,0.44872858506666685
20868,0.14254224633744272
75989,0.10454453640069528
105541,0.9886017378800688
13843,0.1575587491578314
98710,0.5017921124448786
48313,0.03537110985875478
31664,0.98548924268834
19568,0.7003300593930222
47754,0.044561769805900736
96276,0.48860239820925244
95056,0.695849644200159
92257,0.8407884782722141
85089,0.8098609515465194
20080,0.3550648851224884
52366,0.5272384501566452
43572,0.08024377769621033
29109,0.648817263375769
52191,0.5335325818594628
62260,0.19678682125014912
47485,0.2506759418162337
52129,0.14758142118638495
59497,0.010232422513036056
73830,0.006279732398592984
27949,0.14012061453444274
16537,0.4820115470880409
84391,0.0015177616461541667
54134,0.5869800160154441
13467,0.5535752514413572
86868,0.18465539724308405
95993,0.3770326072486339
60827,0.6695520560539283
68151,0.37318401583499505
57843,0.3743913750660624
2809,0.8686101989566029
46015,0.11291790051985146
20238,0.15591471009939634
106281,0.5636395792073032
50264,0.015119579348669096
73468,0.007868944742380531
15834,0.14843964607046645
72045,0.32477501103946294
56366,0.0729543498465076
9996,0.86325573627555
100234,0.5077094553866851
36929,0.011360650570584467
68444,0.3119891639713196
563,0.1971568222692533
80583,0.8965531367264727
103138,0.06845869762285062
65733,0.0008525792546575425
32278,0.8298235806607213
88389,0.22995519297686745
56450,0.5291871658360652
29640,0.15582276193500472
101098,0.25315502941415946
89131,0.6196551011258855
102285,0.04158181738360119
1174,0.21281669290548033
86355,0.044337450027816395
68228,0.4686500539288697
49846,0.5898315035380955
107146,0.2549237972827725
7072,0.011505750128463527
56520,0.022159031024175817
73045,0.863187235211059
28365,0.02779020398340493
68322,0.3550738617317628
102037,0.9692265174199002
18716,0.049103063484120676
67893,0.008880616473559443
81841,0.8748825879757295
38298,0.014327049975716464
90742,0.21456518613856795
72516,0.5546258133718125
37424,0.15401690571745802
40673,0.0017221797785538675
105362,0.33744478235580166
64238,0.3769407938927309
35480,0.03946086804106337
84378,0.023318240621344955
2635,0.03763574007703181
63605,0.2134133431746954
45588,0.9893296854889941
46577,0.5455726833238923
99481,0.12428111272859438
808,0.029408903292725653
36596,0.2615776841728735
60836,0.008869339167646826
27095,0.028619361306545472
78127,0.07162723993844432
32525,0.5098205441994351
102468,0.016193841021897252
8884,0.07579825766491628
16939,0.13152062689131644
88921,0.16582443548846498
67854,0.8764463916919363
88238,0.5214436636847632
39425,0.03161769039297268
23801,0.3376764269996735
4572,0.22832842742545256
56382,0.006550842320673679
11124,0.6206833530823533
45994,0.5058168672974394
85602,0.020490760968203407
104776,0.05088070637488513
49788,0.19618952273954265
29069,0.043833872388806816
75167,0.6693192780906483
64727,0.04582990814477585
36990,0.2710116890445666
8472,0.05258065530236907
21020,0.06509037930599158
22816,0.003166113823014751
15066,0.975687173559604
13058,0.7282049027758148
38179,0.7384160903332435
42100,0.27783464757235465
89612,0.0034695531247457114
64576,0.07774562799598675
106162,0.13294728237443554
20322,0.009987750211702149
2401,0.1475241028834609
9479,0.0018644677777035837
12406,0.15850510380817234
26699,0.020507157367170698
56948,0.13567756079768
9085,0.5073660525608346
84168,0.17295678155908784
102128,0.0808986736300844
453,0.7692964732974017
66887,0.2997372637809469
88581,0.0030393781850277636
11297,0.0032008950137970248
23061,0.010227950069699067
35290,0.4760646191660295
79126,0.3274333458229779
100424,0.15966447855430405
99590,0.9720416946368233
79363,0.7001492241998132
14879,0.5004268562685521
63376,0.04310604564581734
28444,0.605810581764844
1687,0.039395349874205864
2805,0.017026807407234428
86217,0.04495595843028917
91622,0.010279427663647141
74692,0.1247912162290381
22137,0.0019762773121103742
55905,0.1221955984125429
16878,0.36148624596574674
104755,0.2065273539548209
53967,0.027494390405796612
10164,0.4753035105259273
75949,0.019069562169245078
58759,0.11683250493815084
52757,0.016177774127663434
50056,0.7844091162692275
24815,0.513801525898739
103539,0.04269772681353738
102891,0.01398018781820923
105114,0.9509695675328764
4702,0.16343365803384458
1300,0.13020770130468057
58992,0.5840047871658431
70748,0.06331578253532393
21924,0.9209108538594553
62586,0.3703037836234795
69942,0.003962173645374115
64693,0.0616184654590227
72381,0.029324313808011707
44443,0.011420022063162314
61988,0.3987730807742895
69769,0.43490201147065594
83105,0.14882485204915674
70937,0.17183068147134162
102976,0.809958739521121
34980,0.7596771414452412
102923,0.0669138936919956
67750,0.15331489676654292
89720,0.01446333317966643
50254,0.010597467074514049
61340,0.6564185286068016
105000,0.35229574007938713
78651,0.6860758812662592
37221,0.6913743408853802
74552,0.6963249745702318
20119,0.0007908682995925317
49309,0.3823579589963291
53555,0.06777607152092888
69286,0.1564058185508284
20397,0.30962213829157803
42406,0.0995242001814024
27295,0.006662144119042238
89123,0.4273994250288348
8632,0.48712827924220387
56707,0.07983855766356568
14260,0.13987298396140768
23663,0.782114561985559
30928,0.12643044821855487
78074,0.008941552683596922
6546,0.006591778826541148
6852,0.26468952956930214
73970,0.11277670102639697
44144,0.006904282476750639
19404,0.025340220394097904
60135,0.14122380941172386
59957,0.7789314609284371
88442,0.4400431080259215
44843,0.13146780797043078
96970,0.11302770543992996
31533,0.023109980990486743
23234,0.043661542618875344
29494,0.5846807457328412
58974,0.12429000944639251
85477,0.790281568337313
13687,0.07147460331752867
3528,0.049028798440002366
86408,0.5550456250046633
12633,0.5285456928553569
53912,0.10859628320992581
23436,0.0544683880196405
36474,0.6608303077171239
9368,0.712682793194165
10622,0.6271297256039934
60229,0.6440706176783881
57535,0.039442065532111006
18260,0.16765627920478032
100375,0.0827312107915546
6719,0.03188607748679374
84698,0.7562330896763403
77211,0.21258994971536815
76173,0.24178842320332922
98124,0.044378196058659586
64226,0.04945395458181294
42597,0.030777956281288613
20593,0.1203928161155387
91129,0.9573121282766647
28266,0.18349284445483705
64792,0.004962856822572859
64536,0.9995814375712541
23351,0.00713322385342704
34599,0.0138154550848403
60849,0.026246212446204422
75638,0.09175386557334925
8952,0.7978339107530366
17746,0.2102206773921803
90900,0.4342217999804351
3670,0.056869931630627944
101865,0.350642430969707
4530,0.11248732309165987
65170,0.881892892897054
9744,0.42076906328486874
39873,0.3550874876904077
91786,0.2970525663477791
57820,0.002699819056189972
91877,0.26612716194945063
40613,0.3300823149173534
84749,0.017655503171285176
25907,0.03335377103409079
37232,0.5642429339767275
6210,0.12930822427133903
7938,0.023675238356498943
95412,0.30381717496531657
44476,0.32612955656419584
31793,0.13959863811828038
84765,0.06637776832756596
64213,0.06164658448315645
28955,0.35691245707353964
18364,0.08162913573478658
38157,0.04960611900822976
106432,0.8528402955054173
32546,0.2833717217914052
35523,0.012615708613986414
24024,0.012325721657860484
96602,0.0018370141373048128
45276,0.03572242589184089
8780,0.8240506925548092
3428,0.4145000218896585
88887,0.2048148022744049
85306,0.10671802783676104
51200,0.20404057756663102
9741,0.381964744084833
105941,0.5491866786306787
101835,0.028392385124308386
80754,0.47757855180444136
51816,0.10756655350900074
13724,0.8142514991355652
28720,0.2060587046570691
64272,0.14474622694682338
105788,0.996425198871922
67220,0.07602657442302443
60928,0.23953946220682876
58158,0.10492891990720798
16293,0.4609708156063365
13608,0.9694808767115508
37565,0.6692592504314735
2344,0.0024967969969125017
44877,0.5313162191645688
62709,0.24325176900245588
16477,0.277619769933105
64979,0.09476551137629713
42339,0.11076928778007783
90112,0.07934470782492059
106386,0.9282590605349232
42538,0.7702239992525187
77626,0.9981754135298591
21935,0.9190395766341943
24877,0.1727964415316357
88325,0.1331421557437411
82182,0.49251460739351705
58608,0.4054812321374611
78682,0.6286149138564326
106195,0.03182868921046952
8743,0.08405218516026469
59128,0.0011354859615605136
55870,0.6785090246657609
12945,0.019450976190735113
65772,0.08488778809766223
38756,0.03226925125492578
58762,0.10243363128839911
59866,0.12946839021758844
79358,0.19174412837572252
97545,0.007954923128307664
98879,0.2982435603091674
75144,0.14027845405229272
15726,0.2985201069192789
83258,0.44839886519633226
29722,0.010500799112900389
21225,0.57721799599582
37385,0.11927004068008323
7776,0.08676485958968105
85049,0.000619100232616681
5438,0.011871078138127907
45836,0.035500751503958795
93302,0.010633440920844481
103757,0.003257929988612589
31211,0.2003647483691699
41452,0.16997459440363089
101536,0.03144543529580081
13279,0.05357712427430102
33464,0.1444483718765499
56130,0.3587060631399474
16350,0.12099547994557597
104573,0.0036261960302973336
61257,0.7218366237705385
83150,0.7264794232239234
51218,0.12317901397887149
10030,0.5749869037875518
75294,0.06981483027224859
72392,0.1535989467897071
106535,0.05787139508842695
39072,0.1150628785117011
71774,0.1794914990003687
3813,0.05101229335938865
79029,0.11099746061691168
47657,0.879045123262544
40796,0.1549127148748639
62226,0.19084956813414428
44770,0.8770057036631458
20967,0.6148181312523089
19530,0.10329795089099397
64597,0.0039236517554095615
6049,0.01763524784552073
39893,0.0035794083363606633
69451,0.005439903646095195
79504,0.03764856714398185
42596,0.05845321650442879
69849,0.5565407645181828
38319,0.8033297068435078
28744,0.9570228176202983
6512,0.046871921829486615
85429,0.8299966582773911
22398,0.009901137166949603
73177,0.08046081681408401
67313,0.0003719746782196018
69839,0.004940845687983813
11597,0.0670738541742331
76130,0.5715329083703902
18004,0.2754114185975657
91777,0.5516150880140246
37778,0.0026751990272486452
42533,0.03183971354267985
14180,0.7076449071402604
31629,0.025381132224940768
38402,0.7383271214637975
60267,0.11256407856823103
89185,0.12011914640373916
8790,0.3894568361993362
92276,0.09092583848550251
37313,0.8225825695742062
89912,0.4053662379383318
32844,0.045355211886368076
51184,0.4819363372617691
79150,0.030389777785803262
25238,0.19081552630191256
25505,0.3249706057289055
39320,0.2325794985382571
92590,0.07787753501941798
35742,0.06495187558392196
54874,0.373451804468484
51835,0.035694614925080095
101025,0.20534984515670635
32035,0.1239759614231829
104832,0.9113808205890855
96308,0.08216119502465663
89594,0.6241355877905657
51113,0.20792340531924286
97964,0.29954264603587455
73407,0.6930864975014334
18136,0.04902455017308122
20781,0.0007258055805476325
86581,0.3195403417977554
1141,0.1657621591931715
67867,0.8145839232787897
91354,0.44263104832171574
65023,0.04877204798560408
47815,0.15067515437426787
78565,0.011295194035209063
60513,0.129397816819057
103024,0.9035196444536007
100646,0.469272321982012
17208,0.14249618837668004
57658,0.46850257321596817
26741,0.943362232579105
26804,0.9217404713860248
50177,0.0011986721248378816
41831,0.023028142848114913
30193,0.6130098891449365
25632,0.03852869754987413
65114,0.7356929499679379
75884,0.9041577461269854
91701,0.031098363518072093
63329,0.1969698346809552
78493,0.373111103972422
50302,0.07623171407163394
39297,0.022180770035728156
86271,0.28168262225930074
93965,0.10803349752283081
93018,0.18593554308115295
89674,0.02293244553521317
32657,0.028404048600854995
69309,0.01963123458945728
739,0.01774191419896673
52481,0.286298169641547
99104,0.012155017324584507
69591,0.12311211059432753
47162,0.08885445316331003
43009,0.8097793678130077
38346,0.1374780466768481
10816,0.02364483753473227
72013,0.0705920314130387
78283,0.03170232266781447
41660,0.14662869288231778
1166,0.18139141376115353
39181,0.6907824906854543
59263,0.006651531189876609
104487,0.07716717184569244
91734,0.04401933711259844
86175,0.4157571806203198
76412,0.40159343237192
20616,0.2834513793714051
7844,0.17748465587083118
4995,0.027539095195821803
27159,0.14479304589418546
78130,0.9710091564151808
104326,0.22432335787175878
44435,0.04126419870604649
84988,0.08665172009332689
13069,0.01754261976441669
15486,0.020346245916714634
76480,0.08089735106599455
94250,0.7437530082154495
1856,0.9861913568801985
37078,0.007455183446762778
32927,0.6104037335147995
101015,0.42854359049807106
14773,0.007470093083706225
89981,0.16630376754109466
52854,0.165036044090361
41491,0.09952051008846058
63546,0.02568336626923982
23877,0.015985929345927623
2149,0.863669220753073
9083,0.022744764670373417
78774,0.16434740799677272
99819,0.39733965190752896
61787,0.8134818581590775
66605,0.9663386710879711
8298,0.20713547922726355
42299,0.13884960372948452
4249,0.41221993552699165
25742,0.0009634013521433848
16651,0.48619274089731906
84877,0.0018442570921379635
37553,0.3502578046933999
18573,0.12244938748862128
80133,0.42536628591192766
84558,0.026562169745334565
50562,0.02451199581740995
11790,0.09492350698824492
66033,0.9854054786145406
11819,0.23539641089294822
6828,0.11644384545380931
46362,0.3413018247789177
1047,0.3214677716796652
34500,0.3082613919186077
47127,0.9807898384365574
23736,0.35830046987333336
60737,0.0928993627844597
4594,0.4075942252193785
29273,0.10055371770830185
46532,0.0744930157814737
6737,0.13060855451609432
23304,0.6267460919297052
29593,0.7182861266331249
61846,0.03464396224058633
104922,0.1680140503490376
87475,0.015396956535389394
7027,0.025719404181621074
87211,0.04538924471498052
18614,0.25116891331766444
94606,0.1948730464656669
106394,0.44458437788232363
17033,0.2640673296709995
46062,0.20175344852615307
83179,0.08045825371751703
44306,0.0806249833323695
3022,0.14011339340335338
39701,0.13256694330423824
86774,0.10314442234971599
35156,0.03246026727983569
81341,0.13198888355112176
83819,0.11806504483203467
70455,0.08930724247225091
53485,0.5567374661718053
23025,0.112035115484936
4129,0.18512150367138086
95738,0.6653620245479004
19184,0.7026141746363752
15154,0.04147316504313218
61594,0.18368750018683838
103597,0.6087014486545801
64491,0.7709767488313668
23899,0.0005159185388520423
31417,0.002445277658568636
61755,0.06428535152933676
34455,0.9122197992175568
94925,0.3824441817402403
91768,0.10633926106413355
12323,0.011628094997130831
72970,0.0067410687945309335
27442,0.07714656657157819
30731,0.5213679362990554
102947,0.04640748987092833
10048,0.6573031401406877
7261,0.11223669901902616
37831,0.0036923915732411487
61159,0.9474375138728699
100500,0.08594197504318335
66747,0.2829212643540957
22855,0.046712603856762396
29650,0.23344747775606856
96881,0.1403732210196973
47013,0.42908328806771234
19585,0.1684685227910533
30273,0.02305247923428515
91628,0.08075289675082309
79418,0.1183834155627953
72730,0.013971080483888187
84753,0.04428012386200521
97421,0.07308681527169539
45767,0.016902679333683633
9679,0.01092895913474699
88797,0.002352316869106836
1492,0.04478314211855325
55280,0.3475266113923036
9098,0.026177037092858704
101671,0.054457492716187994
89413,0.044733403333818915
84730,0.09910130524766386
79999,0.17996191533193012
30862,0.062432586665075215
35416,0.4138587799267385
46917,0.017909334111856464
92930,0.7067032246082354
58243,0.03532009331651772
100799,0.0036224573140211285
60694,0.05060178272317321
71555,0.6369970060197147
19179,0.8219722245816434
50184,0.28758782649123454
5008,0.1400182149238866
17878,0.5772157619572637
81669,0.9913315899803237
77718,0.12649924991165673
39440,0.2967200143674785
4895,0.028624228845060305
71071,0.7177407041714808
21702,0.12749215550638332
87491,0.13577526373747228
65486,0.762403396864585
25309,0.26004808182997863
42323,0.7059517181705955
48639,0.38086352132970486
73967,0.7594026743462771
65998,0.005169777991795488
23198,0.472025606002381
82664,0.009139384742589294
26094,0.9295726580543594
37411,0.10990948121668404
65951,0.2278853998051884
35218,0.9602584767338517
35957,0.015844040684665543
84554,0.44886756969656294
61197,0.18324309846024361
61094,0.12399843425379015
26711,0.5414064132489899
59195,0.1034846519349274
49121,0.07492831218156976
40914,0.11989619375498184
47302,0.191878510738535
98853,0.031639400976239504
103900,0.13166052285662638
64853,0.052338456358593834
2554,0.2906615292595529
92599,0.08012220494702271
25802,0.9145225441245406
99452,0.5456128459845833
55109,0.0009876100863660424
21922,0.2188299165435173
93639,0.3895147989729375
99499,0.310904444136775
75518,0.2542514369441098
30710,0.0033872720406316428
70028,0.15901384822926967
101769,0.12005940300225698
37794,0.38759276284980343
96543,0.8914781676076308
47526,0.003229682676165315
23159,0.3010922208780184
40146,0.0007384978005463966
94847,0.036958519329452155
53362,0.2621068507228508
14037,0.018247983807911414
37453,0.0436056824931047
5647,0.08857949574431662
14673,0.002924419222335047
106600,0.002174401765081234
73748,0.2217152192906497
80308,0.08787551468268667
19383,0.933719100966274
55496,0.005929545538072514
9225,0.9075858725713046
106906,0.06167101367243913
75394,0.4109233273539159
88551,0.03414315073043293
37699,0.40436211720751153
39763,0.9828210631430911
70482,0.6716686552401178
25050,0.21007130407142127
17857,0.11151834451322912
58429,0.016913995327047123
49416,0.2156546457501089
61552,0.5598747593415226
49623,0.020615266513633903
44617,0.06250131759886479
27909,0.0034856124874055807
24871,0.9479425675062543
20942,0.01728387522679505
103516,0.387210348027133
69077,0.6147847933731492
15187,0.14886655086429285
3968,0.0022600441889393903
46406,0.009504606107657965
95105,0.11202600830146386
49338,0.12402854889899068
64276,0.08262294798834219
4821,0.4275089349469619
40021,0.10708450877167014
83326,0.0011100941113399718
42177,0.04418359589308956
70199,0.05373180352829289
48119,0.12327763057442076
13343,0.11777321183775785
11053,0.15682831473706482
11870,0.34625691530585295
35640,0.013885483007896342
43612,0.06005149737835363
81628,0.11621343096524545
37574,0.015908096343531613
33387,0.13861040854088041
3627,0.5195701521324746
83186,0.03242890443496492
99491,0.2481921864240269
59700,0.12780042393264263
16223,0.14264194324139345
64126,0.008346017569189455
42160,0.0684513030619602
69097,0.7090528475005922
102364,0.0822329158232043
68107,0.3905961490906224
8108,0.18126104781977653
22927,0.8830454656821625
59791,0.23562487254303544
100302,0.10305735885903894
61388,0.8089734321762208
57499,0.29397399047268563
106814,0.0993593069481481
46493,0.16104953595551041
101988,0.24675294601454567
3718,0.18102538493844977
97345,0.04980994538526662
44816,0.1949997238713564
15636,0.9780127212608625
14332,0.30699903174192833
20814,0.008595529692461247
9395,0.1278819599752578
29142,0.29157868079494437
44552,0.03538802345276004
49858,0.01558641356131782
23478,0.5478300898836602
101156,0.2857469381523189
17780,0.10964359486822911
40135,0.10913937390457129
90279,0.10297979542919616
9595,0.3520300635980436
11287,0.0013856964335580825
52334,0.001536367557869381
45378,0.06351843866858282
60285,0.11538288879618319
104931,0.02578567895310273
20338,0.004056300499621206
14294,0.17370281146198624
81500,0.4773829681757792
26366,0.05678899230003475
15562,0.5652323665574898
77960,0.12441260461931752
61174,0.041758151144070894
12765,0.27938817965844664
93396,0.3469802616266146
32026,0.06668024142435522
77586,0.1301883133606498
10668,0.01731422784779831
84486,0.09366677966522158
98561,0.007544648838030446
15057,0.0528022842714137
62129,0.0031507394033897353
46701,0.1650076188472278
35331,0.4914096158932043
3820,0.26847933258430534
21476,0.1426590073914663
81388,0.11771474187349928
65518,0.29461497178507257
25936,0.9869292014761528
58641,0.6889697003018158
39010,0.019852360846988323
10723,0.1226784527896041
28862,0.29783822349055145
59404,0.15459501381919583
51779,0.9453646248880393
60999,0.004962579432876652
55446,0.9051449997009997
82958,0.904192156587764
103671,0.026639805712633472
70579,0.04155355197189515
21621,0.3655557849508957
40399,0.13665297415141742
66405,0.21901551403555708
40122,0.007685567595628032
105767,0.5907519343884511
67391,0.8467099473861296
31052,0.16317712014765712
6398,0.47918283473170076
66954,0.06206150975216256
99686,0.8710046724154037
14802,0.24549710279824366
96257,0.027916846419150536
28401,0.008033152039594245
44017,0.10783402417478766
27168,0.8174442976305174
79508,0.43932521308201644
76641,0.0071076461853533035
101422,0.06918834126851406
57776,0.7469158750482098
24347,0.1455528247075365
58970,0.11681488567491155
4306,0.33907941959348253
87525,0.2937390791343386
50287,0.7768488919432158
35911,0.003856736830664808
40403,0.8262984119070956
94371,0.3800516695400064
88677,0.5576240970351237
102789,0.288769259437447
82807,0.7986846050265406
101560,0.045509558990320956
102214,0.0905040829174224
92213,0.9610146788868489
78847,0.5233249164106336
87625,0.18719953997188143
59098,0.971281193628319
95200,0.0484943166152543
13169,0.03890781949925567
52736,0.35310441954733873
31036,0.04509423545284155
32733,0.06135149441979988
39585,0.5556260602623031
65224,0.6177923143015717
34555,0.007925553768335019
35503,0.4959633170428278
91563,0.9914817727986576
64642,0.008190360567571737
25351,0.008790675035181845
60263,0.0048865154154848
6918,0.1100973952599858
49218,0.47565001616008157
99645,0.9885769958777783
96340,0.5354290575078386
22938,0.05346933765811182
7914,0.19003346336456134
47223,0.2745525862552868
46877,0.5190801041176546
102108,0.5014955266661149
67497,0.09884561935224273
2800,0.010151438553878183
77619,0.9661246035968113
82667,0.3181170967573492
47138,0.7259875820776703
78393,0.17477551328435292
7564,0.12284654574184589
33316,0.000920860332820836
67518,0.013886268726234894
76570,0.40922165083751283
5453,0.825528428363399
105472,0.2617175724853953
9,0.9589833491649615
65582,0.4571456338355455
104768,0.07453579999159769
44236,0.257038518454885
30578,0.2021634692069681
28938,0.2345982162147705
38579,0.8937326935670261
95781,0.020033168636409707
44215,0.6886975940132866
41530,0.4928311161261772
5456,0.01707475525284867
75529,0.6287368737292593
82386,0.736140859103952
54766,0.1510125899377106
2689,0.1673537185150118
90046,0.02967811429163784
72503,0.20894307653716704
96582,0.8338807938973813
37143,0.026078009469290918
49719,0.1589494368195568
11305,0.9412671298005837
38853,0.9172990677550411
30018,0.0037999547140545958
89997,0.4260217482494175
76441,0.6774568158947958
63974,0.7169131170261918
5818,0.2440289740142117
93750,0.49926297820306087
103189,0.2371643935367851
16117,0.008266799575782711
101288,0.12186909378913724
78644,0.11323221022990632
85356,0.1087296003303615
6264,0.012974577110444483
7677,0.08624556339382927
62883,0.2835499823434762
78514,0.04551686832924486
73040,0.15298725885811454
31444,0.48299162616894586
17921,0.12734671722668717
58623,0.07661437093697075
83516,0.22140616234390414
15353,0.8328985367652744
100110,0.08163278862161033
19879,0.1166430504830841
81914,0.4586748807079481
54921,0.372622062207163
11156,0.473525815139089
47710,0.32546343106169023
75545,0.04831194336872025
86014,0.6868532374742713
15013,0.08913842538791444
7602,0.04260772400386865
9536,0.2188718114988371
9037,0.29420323740654547
67680,0.02388963638693717
40930,0.5578763539423238
22323,0.036442919877043935
26556,0.9057604219757853
95977,0.6722079787574128
70938,0.7142411684939245
71118,0.6135416878412835
65686,0.6318226011796917
13752,0.01815408378657437
74760,0.032860732247730146
4314,0.0047061562337851045
59908,0.13775351016577836
43180,0.022447410260195384
36161,0.2844015971248926
77291,0.13127163193417585
74333,0.04635150309314335
32013,0.018400248131415192
50705,0.021024045937595895
82354,0.13765517707507396
60823,0.07405129638547456
81132,0.0053007906466848624
49721,0.6121893780890346
81135,0.03298420159658841
68556,0.04712594967462274
51109,0.6051868801473999
29436,0.16279065552442823
70014,0.5190680679796077
89999,0.6768496233553527
55129,0.7687878199172704
57625,0.11084732151242344
72056,0.028668013005944057
30958,0.367860468586278
28837,0.6522244614096174
78812,0.10325027528092201
69050,0.038858960610763806
78026,0.2299048686841328
74753,0.05323353560739554
84865,0.11785861253435559
10850,0.05166915935890842
103364,0.8943190651787922
20843,0.07855506964104382
95753,0.0075311145244456945
49437,0.034292676555585745
96961,0.6393530330358981
96265,0.9424653474741973
90957,0.06264372959171544
9510,0.13379431054520663
62612,0.17484853751770618
46685,0.15770810921652378
73471,0.3040289225310313
96293,0.13718642017275717
27856,0.01019792523169991
86010,0.5626343718540888
85800,0.1947903142145962
100478,0.008524966662373791
84480,0.0016709207374644222
39977,0.11026840570174956
42904,0.013847619726080425
97388,0.0674857543370981
73786,0.9528571033382129
32342,0.48253475383144345
19969,0.013886108200017438
35477,0.3721847911572608
60115,0.6226055390644655
29585,0.38796892720930054
36206,0.04895733117206257
65018,0.0037597625805612226
84906,0.0802836813476227
67728,0.995448433002694
53915,0.0036296922472326886
28542,0.5072511042663235
19447,0.03383555553199633
87416,0.11079190742560752
7078,0.1572022412897483
64687,0.28474058646940525
26446,0.8792647609639936
5907,0.11038301281789598
69202,0.6808059997351603
67936,0.00037336717910001823
94444,0.10641615358628437
52945,0.2071406252233371
33725,0.510612992445598
17587,0.37012928145957624
41915,0.1971330500678813
73767,0.02609125712288011
15216,0.13088439644747069
106363,0.001029821166900941
101703,0.0823705562554371
75411,0.23191049661633134
57804,0.2080183198508273
25148,0.7006315209758707
9571,0.12956517969742237
57022,0.03144126937270034
99972,0.14563799414353673
51158,0.08313040736411115
35954,0.3826337239950437
97826,0.19248864009829064
99843,0.08064584286895421
90377,0.6027712451579503
63783,0.48017869344094677
88725,0.008253490888520827
104039,0.18611870954627824
31961,0.03929002456773
104009,0.3318664263995551
47318,0.3154005774126475
86974,0.2155092040772404
9421,0.09340156098557267
84516,0.15770336847863758
44731,0.07486280668248423
76057,0.01377651463225003
87073,0.00654711009484507
43289,0.030019815550515458
100878,0.5115501206338835
4386,0.4609854464745108
38237,0.14485347776193552
75202,0.3441184509970987
101400,0.12487275845511753
107136,0.011185620701997795
30179,0.24038466693074423
36766,0.9611145330964216
56597,0.3502101056944546
37426,0.09883373343736451
67271,0.6137366003480234
37507,0.0057300665045147605
33863,0.850147751874762
102791,0.3306837248091757
61814,0.27973727468457804
66968,0.0018162820247859736
15746,0.15625758525130928
69405,0.18634764504628076
81775,0.37553803143088893
10874,0.24273261166182736
80486,0.017772283903644073
80102,0.5952611929739893
31570,0.41522438658565175
58348,0.052264457906747025
93731,0.30234186248970873
87697,0.11288334806863948
71238,0.9166731984545013
19955,0.26812003348239033
63568,0.1888509437108804
29279,0.11787926310300895
63613,0.16728241385048803
50050,0.7570622035618666
49381,0.4240171682129693
42724,0.018460090895574814
3748,0.010483186731105308
103567,0.034742215476168674
14418,0.985190379492885
92431,0.03061145958026005
89830,0.00047070742340774344
69665,0.06221019508947256
82270,0.9212938846612173
28942,0.37923169320859773
52103,0.5993272655850213
49028,0.013000789585019342
73933,0.3056147957457117
50783,0.010478863777687811
78350,0.4372682841316127
4902,0.7174513484028062
53013,0.1754302582788118
76554,0.9584897115103275
23980,0.02812350884969824
41145,0.0471822864802571
42225,0.007379309500168197
89264,0.1279109836596064
62543,0.09252297407472065
64809,0.0071484210303588164
11702,0.5457655401540747
55003,0.06753075226769692
94451,0.02802212657676897
56327,0.2821977238918298
81325,0.3565328315620502
39310,0.535474985412777
58708,0.5715361954394806
97817,0.23963572516814036
53379,0.37156268668226594
79932,0.15982902746749228
63512,0.2055879553532201
20779,0.0847622687232008
95212,0.2190503522489194
59462,0.5009457661937824
87290,0.28326751916629866
11427,0.0025249638484593573
62734,0.33390258231352565
32888,0.0037507780515949026
28020,0.7349876894853169
107166,0.009435435227195907
34403,0.13075714776390884
39879,0.8532208283999358
42599,0.07270847480227181
65668,0.28116479783141507
70872,0.0009972609405876722
58351,0.0071215592883815985
57847,0.7496139535121525
24231,0.5570950723647211
73322,0.11115743372396952
87567,0.48823438601620356
83106,0.06100495249006667
62857,0.6666096572838839
6190,0.02643450814617047
76216,0.40199868755878676
68017,0.2821636878795285
87105,0.13165001628700962
106867,0.4349945396695733
55927,0.04035182925796342
103438,0.787797666463188
51124,0.00682664213662087
12368,0.006973055426504551
86766,0.5666698850191283
105444,0.04450556513252367
87040,0.23546676287571572
22916,0.9990332178634155
50027,0.0737844470444295
81159,0.009100304468486722
58672,0.47350043383856266
30619,0.3370717780217333
33627,0.8831666760595777
50283,0.11947248682017197
52216,0.16634126090583384
59067,0.28540166762346714
14396,0.1144333757795612
11892,0.020006122126557235
16812,0.1680089606821803
5522,0.04106669558707557
1553,0.7454537944288735
68393,0.13559857121705154
56743,0.7509753328317159
96945,0.2273753260491877
46038,0.8445745839223993
57272,0.014758997200788358
90756,0.11243863271984778
52367,0.13282323472961483
106160,0.9923792545478719
90017,0.05159251029269599
3398,0.023325588329636056
9373,0.12338495926785026
105247,0.09118263220249712
90087,0.8124968644460329
69444,0.10599044573989652
17257,0.9858514400137072
35505,0.13376773988165824
81005,0.23440202026470203
44186,8.643158730907653e-05
13463,0.06190797922492683
46564,0.07162274370553595
79444,0.1372517479633022
99670,0.16840185999019558
11219,0.17504063326762143
57773,0.006541489025250685
8456,0.13611238465494507
68047,0.19522313314541295
36885,0.05925871245406488
85280,0.10688344578219083
35496,0.17293642317134672
8287,0.2912951806731173
99197,0.11518915275681518
84028,0.12126488358629828
57813,0.12227969458108645
24111,0.058912478465686736
32341,0.8751643888158865
11617,0.4670132998703166
51488,0.4868488069761547
54632,0.08330531195290286
92675,0.050246022761322014
25288,0.07244591215766938
60316,0.6485012716148431
74303,0.07440889576735638
100457,0.9059713391977742
39057,0.0055454244388889054
106818,0.13360428027727672
87856,0.5021642028084597
48380,0.0606057645706335
88962,0.8105386017149189
30684,0.13130664581382867
34006,0.8457476850170935
39375,0.05912194816493398
38271,0.17645933451766999
103594,0.15814120350520094
65919,0.1528688701175827
32465,0.030970077538887107
95680,0.11063348183861532
21927,0.7221510803348867
82834,0.13825015620707154
86607,0.037968761148227725
23273,0.10911601628823975
86094,0.09258242447186799
39379,0.3234324879872656
59333,0.13911327804415802
89309,0.2631913984605242
36521,0.11862689647533092
20234,0.050774924517574385
42743,0.020930854434816303
50713,0.11314156618994653
50917,0.10692844210488017
56471,0.2643320654571724
50938,0.17628550157273332
98079,0.24965197922500065
45607,0.23885710161317986
99068,0.5321255282699716
32866,0.427531998686533
86916,0.11435271736168773
21587,0.08083633427675085
92191,0.921011162608844
103849,0.0670040962508791
38587,0.08365045214123906
72196,0.015180639091859691
6939,0.0008533998566002042
27786,0.039002356121962276
34537,0.16277054791109008
58057,0.1896353604466809
70154,0.045400521479050375
91928,0.5843039454618676
40528,0.0537950511696148
12496,0.04137767592400644
24646,0.9933790459542368
11256,0.743898876437239
21388,0.13254560107498614
85853,0.9995072316436929
44259,0.5147116117532512
36591,0.6312713794868947
59439,0.038604904883107444
74647,0.7873513054835318
4875,0.06565108935574558
6490,0.000673501310594133
28346,0.17718864038544535
651,0.18445996054809638
1618,0.5004840879791069
13410,0.5254773109778407
106091,0.04193679788435221
57915,0.18876807876659601
28113,0.014690776146912273
71395,0.12419217004833644
96316,0.12751549407342205
13993,0.14700534438567275
49317,0.2227437096108681
45502,0.021502858624344364
93262,0.16462760855826125
17644,0.17265397292738854
52028,0.11705434571721679
103808,0.00811092965315667
20253,0.027381103771180665
22006,0.2381774108826617
80743,0.4059918201793662
93485,0.060599266897564674
44777,0.04893251615469775
6100,0.13632976302467947
79220,0.8250304447009471
56337,0.4847564465149441
11203,0.23351206767585175
21197,0.12697171786219869
84879,0.5385390690087808
27735,0.3317140367935265
40048,0.757654695223652
21142,0.14554013117326337
17502,0.9008510506873278
74085,0.060089902701132035
104674,0.08018015121188998
43454,0.30103893687879957
55533,0.5978371042725761
10115,0.3824105628171266
4005,0.0014579097360952662
38690,0.07307826196370326
76350,0.0014342073539635937
33946,0.832072789717236
88651,0.1729774465028308
6441,0.002785504293095258
29013,0.03187663477737243
58126,0.12952568313520857
1579,0.16814902258749653
45737,0.5274307752713616
20715,0.439753272299243
35446,0.012459610974261556
24700,0.11895693048284128
40662,0.00040573646533822153
2825,0.1260120899638456
70461,0.18656092107180444
24568,0.13986844963009532
90464,0.05018713746943501
28517,0.14692640953563962
1466,0.0265332377621605
17097,0.1378339858366338
30017,0.16095882982725335
55539,0.8780847584161089
59782,0.1716221248932876
71033,0.11566433105536272
64496,0.0013742908808018594
40937,0.0003936573891559955
94343,0.09813972079366123
10785,0.5667848613218313
57477,0.010944217443430047
88509,0.4774832699147976
13448,0.9993018839750055
28448,0.0038099045548825785
15736,0.006477812249790591
93766,0.0028898867780385654
28790,0.2370620865638331
104620,0.8350522694644711
102286,0.4804328300021174
40916,0.17434186703445764
27594,0.7067814681265356
52570,0.019245831450539378
57700,0.11214164749513916
56086,0.15586167516560567
15381,0.0805275145998981
46128,0.49344720977980944
76957,0.1085728093637171
27584,0.08771874581926287
47349,0.9020156786068563
13242,0.06753550089330324
21958,0.6099535573029158
82887,0.6285745018015164
106452,0.18161296765387713
8805,0.04519905215847469
39780,0.0979352539324852
98329,0.10764896248863004
50527,0.3670872066978512
82425,0.01714474681858102
23328,0.03184766426458021
43312,0.798906556922607
62595,0.021979625337864635
85134,0.1699936583846342
47366,0.9612893268426403
23299,0.8034403144897304
106554,0.2123785123408503
30402,0.02693474215605538
82605,0.05456440166751411
91467,0.07118450818536981
87186,0.0031587803526944235
16903,0.007046511152010514
1913,0.0012856586109228573
24210,0.6864799144333935
72558,0.057869379768135144
63823,0.566806834891568
37579,0.3869999341506901
23677,0.022746270489526012
43647,0.9874642559617024
74682,0.8724523296632878
61036,0.1825001499336823
68754,0.024490328039496297
4629,0.008441124520532079
45675,0.03460314251356895
87890,0.8593265920429807
69007,0.05151508291090272
107046,0.3384493720893851
57177,0.11722879143541076
58179,0.8653384751607454
59861,0.017712962939338356
52378,0.35277389359021316
77012,0.6137937617920963
36232,0.03218754888971304
68330,0.2866264642051571
12004,0.14432436726747022
11504,0.3798108796770633
45682,0.06847605366144344
23369,0.1775997995308512
9711,0.1362160830959142
87557,0.34848433684626584
42759,0.15805210529862834
1961,0.36521735358237917
79192,0.01674680937231195
65297,0.07049838353876921
90391,0.010945221114937268
31179,0.6320501732603354
85934,0.047815632252093176
2233,0.16026793117434823
104465,0.2681130813142383
97156,0.10569422007246543
21082,0.08327801740794188
43222,0.3331380985609232
101903,0.9158960403970626
91631,0.7293678523386454
104772,0.3391920246073241
69306,0.04058519253039391
2246,0.08245505135190895
55523,0.3302807316332236
35636,0.05759319695740324
58346,0.04701763969279041
97733,0.06426858411562102
54318,0.7903623529246588
10406,0.3915507938155358
73686,0.18642895669300535
23697,0.7492433800157031
28920,0.1674394115333666
74967,0.0310460968843484
22282,0.03359871744319109
46359,0.008522342135904217
100017,0.08361653115531914
66476,0.7504619472444105
95495,0.8392562180862153
39500,0.14757693964969748
13256,0.11136937468489727
87733,0.5195883210124406
50150,0.10989700361677657
101746,0.05952669063358216
43926,0.8616642752623863
62829,0.40946024989714846
16572,0.571448115480511
19011,0.3231714260610474
34704,0.06336561762285262
52519,0.06554002701407877
29435,0.03461058955327639
14187,0.10806839558487985
25743,0.06431598818235383
21024,0.10546207642394556
91627,0.11738367491472429
24278,0.03397457864834748
51417,0.7329177586357787
59575,0.5295046786066662
38791,0.044247464543526516
43295,0.4858085500170442
76291,0.018949314150234285
61760,0.00393622384991026
3559,0.1136229461739679
59749,0.6894999673000684
8520,0.9963706210087313
99593,0.31756059729260633
19907,0.22410047485845436
55802,0.17839878827784256
49581,0.0006897371430319233
63636,0.09021606652018005
68309,0.9216611011184598
32757,0.4945489878566523
69987,0.910390865523885
40061,0.08530700646133288
56151,0.07209500007298351
104281,0.00025767799863197355
37146,0.10942354087253281
52784,0.9848964405024391
22973,0.3977125263670027
52110,0.6709725265701372
48457,0.17367071513049726
83878,0.006688416154986455
41602,0.32713976592372307
12922,0.2396031600072998
106228,0.8447205827966418
32284,0.012900811465733077
71166,0.0054163298158285715
61893,0.2756823644703795
82610,0.06351068912085596
9468,0.4910101916814025
7366,0.5379194061150535
130,0.09630169155353235
93873,0.3699680159344456
104680,0.4499840297784995
13871,0.135843640270703
92467,0.21440264433880524
43810,0.5533819549276237
88262,0.7272782543751186
78513,0.059846535277333
33147,0.9197210986422646
39542,0.995946124238299
86068,0.9571475785753276
17818,0.1948550922283258
49539,0.4160729846504585
80464,0.0015019114885674372
4168,0.03272747950959581
43550,0.08225924637582793
24085,0.2474956503291177
102374,0.3790167776443968
23041,0.14788150637648412
73095,0.007712503413783645
74551,0.020630111728458005
58922,0.04789855715687141
54757,0.14908939011913536
86390,0.06198963101145283
49045,0.20578791731913582
63062,0.27383688457429195
45963,0.9983402335643905
3268,0.008996254560176862
94045,0.06794248678447944
93471,0.5068657598355926
47014,0.4170472813643644
25463,0.035293550363133266
59914,0.20489519373720483
70929,0.12950699435817647
105229,0.08117775941963534
55727,0.9037998019598488
68877,0.019162889517473632
36240,0.6298001555809665
12342,0.5248160875501522
45781,0.17601405257182823
64221,0.11178013298901185
25152,0.11881746484584488
19946,0.24347369895512644
35848,0.5710075219800186
50988,0.12674123992841885
81228,0.7428655871358815
70634,0.963650092474076
62087,0.002998592148827247
83705,0.6690656999224815
28135,0.1712510465838915
72269,0.4072565135488474
57765,0.4744129076582106
48237,0.7548305947964591
60935,0.019358242551620625
96395,0.6645146523352621
17552,0.11388753966277826
6012,0.07795084177881137
32339,0.06691329080193328
100348,0.47317279401731155
18042,0.7913473847837849
96315,0.5034067866443709
29764,0.07999956635843875
23929,0.3005693623674308
77311,0.23058214760676965
70607,0.14039315791034723
30780,0.7208660099289939
80346,0.18332422998974768
98674,0.001787457780195984
81392,0.7968481281028147
97354,0.03159263939041891
81018,0.007374837548809269
67914,0.02254339848404846
73740,0.9791614851882324
17349,0.03728611841405257
92248,0.15606264343553433
7410,0.8340905112804138
38801,0.005959978117015615
2980,0.23939640263832057
8343,0.2947431138096043
4978,0.10286560133171041
17304,0.3385960317236838
97200,0.05904235584936227
29661,0.11115793058146023
90326,0.005481953528295606
46507,0.06975349722411751
29043,0.038915041643084076
10362,0.0009730141592763033
98378,0.21948131360102668
106758,0.2415496058499797
51017,0.45775816748082865
79812,0.42608584983602715
13356,0.6835156919943405
55569,0.4474378590627754
65657,0.6419699518684672
51044,0.1015296229903892
66567,0.6766178452616467
46552,0.838297998815104
46891,0.3500559613412697
63607,0.013365403930231985
38370,0.12421049250692007
57361,0.854736625944185
36803,0.17780530206509404
39652,0.33399578655888584
98980,0.0006405926608291608
39367,0.9259060463857178
42936,0.2767794871237875
103002,0.32413043152039234
53733,0.1754011908342884
64932,0.0004420094353403025
14694,0.0023397826069816064
22051,0.3151782606496313
86459,0.8753035671898745
6391,0.0014761813606540097
66928,0.0028576509883829902
49982,0.99014454891095
100643,0.007740903083342931
56457,0.09845414301151845
30800,0.19855869563446704
33516,0.27524640693746966
10149,0.014100436495858668
59814,0.13893362993282515
95253,0.0323684994212834
53569,0.2313806655698643
98810,0.010812372570726177
37667,0.4723429365079187
28177,0.3714738097576871
38991,0.004344981504923303
16662,0.2526965373440836
84074,0.11270752852131377
74835,0.030567812207978894
64707,0.00776038930005008
92839,0.11386934113573216
7848,0.011149416308663476
14932,0.4243661537025787
95426,0.8867920916631968
10705,0.5215081859884648
36497,0.8998740871945888
45194,0.005629812037348521
91760,0.3834016742837285
42730,0.47750118988678514
73723,0.37424045950445656
106197,0.2914877864174872
68082,0.017102813450614523
18144,0.8508027071688419
80046,0.13680994384755735
11278,0.02046359171710936
80340,0.06368567830765837
13789,0.9282393711754532
70923,0.9995907586245397
102287,0.26778910102965886
91972,0.08397074500568152
34636,0.15339246377807536
15424,0.13360589928790745
27169,0.531736263350299
44400,0.13466798444599293
61822,0.13592766834330178
72751,0.8208594567059762
13516,0.1522677873199056
106505,0.5796314896160712
76387,0.3542253350172673
15239,0.2850283042271028
103844,0.47565027575624513
53314,0.06746411191336961
39223,0.0013755835374770619
9030,0.9808928357830661
14079,0.1304399058153936
105615,0.15118134248924298
12812,0.004690774879645837
75439,0.006818230668520804
39088,0.7173353001153022
43363,0.0018423874523964391
32020,0.016881185789996398
64754,0.7902111178920821
3089,0.4599990559442356
23362,0.11359610725148811
84010,0.4365944427580406
28153,0.030722412881298528
38509,0.2988020658533521
11368,0.7770275777569837
38142,0.0011216597577883639
97444,0.010119497214141538
41034,0.0051086363743070165
8873,0.08327957013003423
30735,0.045813845469308806
61272,0.23986323025634798
56414,0.2509247926772765
89014,0.6120024831470141
24736,0.2311428449577661
36720,0.6352201957784558
83888,0.29442962862516286
55059,0.6404469552838734
50353,0.013132475384989243
1263,0.4646657988910163
9747,0.01476556080567061
100121,0.11011897426743317
101541,0.3806811809107879
107110,0.573494765981159
13870,0.0908580149239469
53841,0.1554026226827523
99366,0.20524599357259998
97714,0.24790585873769883
105818,0.0444280638307328
50824,0.7573528247868542
79245,0.006144136515140385
20566,0.4213256863072197
31568,0.7770459309054294
61681,0.14206963116851667
61035,0.69069080862388
82910,0.003699317137312613
104534,0.8769580195307145
30508,0.26171999739933494
36852,0.6156538409734468
78740,0.9285543103793421
93787,0.4622886640253427
99385,0.03608462368757863
8541,0.09459228358241528
40986,0.43847226837458747
59356,0.5355840789444916
24418,0.09436424270591176
73614,0.1620029915756035
27415,0.13550497744174628
11105,0.0022163213510121896
38620,0.7782231915216994
73791,0.0779775370430004
84218,0.22893930066925788
57917,0.21241774972964222
26115,0.7687225036054288
39220,0.5854365342265967
86510,0.15643199538419877
2620,0.599151856272025
80769,0.12634436533432253
63158,0.31939944982393476
68262,0.08100326145147152
75959,0.03409463006082494
11908,0.9012880317158285
82650,0.0005806886403263686
67201,0.40607053043807917
38281,0.9953199679684397
94080,0.2560165540344814
26958,0.1263837788555781
12229,0.029564118883269472
7322,0.021053278622591494
101820,0.37392452766021067
58402,0.1703436139864079
53298,0.36392928322795143
55864,0.03641463130459856
80201,0.046721314047769066
27368,0.0688851277412817
51937,0.2859395908242193
75944,0.014698085537921813
17981,0.2140234734462662
36458,0.38630912602343026
19330,0.7019206544088283
70747,0.015346030151020828
52093,0.011053202577133863
48248,0.007346421934355398
30444,0.24976542216365044
100114,0.9832231987258628
75809,0.873976779849013
83567,0.06482411312719748
22666,0.35148246533515026
49879,0.00455647392436359
63185,0.5773827305335706
71537,0.1317700494861479
84881,0.3708704101170389
11039,0.08386576390889516
2226,0.7951781902459651
9498,0.06281473691798736
103461,0.4901815469593344
8026,0.81427255261931
67743,0.047565869434606514
80470,0.012026462737423369
3702,0.7143029829989826
60275,0.21303259428295307
32622,0.06319749473450645
30739,0.11130344269301445
87448,0.9944267834190457
98899,0.8405214796313879
89514,0.005856452283690307
10765,0.9304903218463553
76915,0.03706381693050532
22471,0.0004625927523998378
104758,0.03173279834585812
106834,0.7077250202291906
21256,0.350139378611948
72448,0.14840073167402534
76560,0.5229070467877592
72417,0.1181153368918808
76712,0.003974235552545307
81087,0.5945905116596881
106580,0.6960836925061947
29575,0.0013661853409703553
93875,0.10414964473485111
57554,0.012166354623672092
60491,0.06256868417779125
93238,0.7749927231326657
3821,0.03373424076596786
28650,0.00045671785782298423
66585,0.27375893170205434
3771,0.030320025854980254
21931,0.022606844333482642
6465,0.004336402861868451
12104,0.010299016490453311
100297,0.09640037164524629
12303,0.6627804001158699
63834,0.7972529199847589
72813,0.03902907293408121
24228,0.01872977356557224
62072,0.002754446538302368
87548,0.020332826537614215
34142,0.031457623662270784
102479,0.15124919164794404
81878,0.11855131597904461
5322,0.12255451595219474
8225,0.29430693185920975
87700,0.12089769356577884
34160,0.5364566946920332
84726,0.22151257940062036
18698,0.43806054990094917
21961,0.024860139157000458
98296,0.01246836856155796
35011,0.001386588433280291
72197,0.9941133961560477
52751,0.06046588463521025
2665,0.004076334065898718
13552,0.16259769791297862
74433,0.00645937120724825
55838,0.008239509135192356
3623,0.006651437926426332
18897,0.6178091037032418
97971,0.2317576816136151
54183,0.7925883875669153
36709,0.14336357392368015
45328,0.4809864214438208
45544,0.21858660887820153
88069,0.941539117218244
38880,0.9896191515785989
29390,0.09107118676926879
17213,0.059351359292227644
103211,0.10506790812934624
103784,0.19832190784085157
21672,0.11019353715281271
12667,0.02164771222027634
42330,0.10110339012088032
64762,0.7868634705362261
38996,0.2525846203139972
81858,0.0388100514700996
63013,0.015395045219264488
97541,0.41543904861625414
94335,0.15354152175946462
27705,0.24220735072727667
27775,0.040354581384816096
90297,0.5609569223002218
17894,0.07524654797200542
89326,0.27474904006746237
14532,0.11832440091147917
29304,0.016630446510986184
60991,0.17342944838423957
26862,0.37987796846525534
36231,0.10786014557662837
68918,0.0699362453174251
87020,0.05649254833662877
68071,0.24896021694810538
74517,0.3452614475403718
68399,0.7933747059181342
4125,0.0028626949798558642
87538,0.10915263674560621
90505,0.36948355806973776
26154,0.05503581086052901
94063,0.1024529220960993
4801,0.06712359831097534
79421,0.23318252380878474
22506,0.03177506942175358
90383,0.3254083857265106
31996,0.012194545419531511
94098,0.010931815652329585
23918,0.006741742915276834
14872,0.9604323651758623
52194,0.08364455050308706
79112,0.2012887757768187
79767,0.5493538561889026
88807,0.8079167301446462
80213,0.22165055584491705
97386,0.10004343298753332
18855,0.014861315638222869
14420,0.6489994209393943
20050,0.036655992707557844
12401,0.12233890756297255
78505,0.3042629886195284
39219,0.0686624157966426
23939,0.9642978301140214
16295,0.2583617448755283
38830,0.09763604657905461
63612,0.0665779795993346
13290,0.49097265153735126
53494,0.06405126061844377
5746,0.6224480994853492
30513,0.013470738865273477
96344,0.2055231418136324
76550,0.012005647391043378
15269,0.7294874291126914
47320,0.9422615528668158
51950,0.028287361326470948
9128,0.28475595920184166
34285,0.6755841575831066
93842,0.0015531636399463318
8487,0.2674147926670751
98151,0.010989310246598896
5934,0.11321426948973545
68794,0.6028487727768455
11126,0.2519960960471779
77657,0.017520329635191765
470,0.3046576940114059
29040,0.6784070399246567
92265,0.01799180196730906
29171,0.0767108896299622
53105,0.01044291713726064
22797,0.5127894945616538
100238,0.16379378104431092
76873,0.07120531276135332
51495,0.0402823523925835
60063,0.07234043410710685
97666,0.8155809469817044
71208,0.05758945663147549
25864,0.8912365406191912
37431,0.9049075771443762
52917,0.15341872962648395
97589,0.007566913584652475
33482,0.757251335728846
20425,0.8063214104733447
66723,0.13111291895566257
38765,0.8128402049443134
34844,0.7412346425671599
23794,0.40832208156297367
71459,0.19986489964044435
104091,0.5746828952574766
891,0.249333243881239
72288,0.4199766546477369
42364,0.5812874033917748
30967,0.30211816740067066
16582,0.0024134731608739593
42961,0.0020969985166834353
22874,0.06292637915770066
64063,0.24015835659879653
89992,0.14273534268536747
37817,0.03250904009381157
21008,0.02765032648782213
65846,0.16350158774882673
30491,0.9149480322961843
10225,0.17587887435815952
946,0.0127299491622025
57835,0.019031204084560625
68530,0.15836150029571028
89954,0.04302355294418267
55861,0.025157710704466436
26313,0.0010112959815711958
79078,0.030031918044572198
45288,0.40833720894433434
41449,0.014205128402640045
105992,0.005486871935498559
22657,0.017547731327206197
59879,0.007485891567532497
61469,0.20781787987653183
34052,0.2927385359000384
75633,0.6174593678498788
99091,0.09249563005624795
25249,0.33710958824513504
89585,0.32098432689664
25639,0.2750976953859545
47314,0.18949632496317714
27762,0.16507761487179096
52628,0.8684671703132021
84293,0.12392653610762616
68901,0.06442251026045258
90319,0.6001532291907279
55559,0.0016048013546501431
16705,0.11872799955000896
79054,0.0023088703349343786
8171,0.12318163720759595
59206,0.026033636576662914
52753,0.0025514229242184824
99521,0.5392233534260583
59828,0.28755573757146513
66975,0.493015627769779
33055,0.6802532095905309
11361,0.09762589132690058
10272,0.001750631887810856
15838,0.014839840670086387
52127,0.035433965214844904
17172,0.004107052240140348
61054,0.14793137208612617
92688,0.00239859735288574
25633,0.9050182850431923
13746,0.3376444839972983
49271,0.010806361005583166
74219,0.2484821264770652
95641,0.07042743843219045
31442,0.07974721845373356
61505,0.7443650071005969
4848,0.03205585903632876
35411,0.010389576449655491
41728,0.08212838016993457
11289,0.17360113761694546
54303,0.003455187271557683
87207,0.8471364496140228
50770,0.994070943855213
19455,0.23647729749044122
79660,0.943304163173476
45640,0.23616822054439185
19680,0.017725730274606232
80064,0.13352555610642663
45921,0.4667185211774518
102330,0.19279930620394942
104779,0.6123978774146008
41647,0.4167067379065234
62255,0.9113861597122797
69850,0.5850910152123708
59083,0.9859144614131767
29617,0.1830548217375358
68036,0.007861515413728532
34081,0.36389650546958685
7571,0.0025284873039201333
27687,0.3117384142269348
9248,0.014484487529476195
70304,0.43984622709296134
68494,0.6793291005315081
34488,0.2804434481501652
91948,0.11313543666106601
83596,0.6316752876479218
6539,0.7313038393932165
50333,0.10786591411459046
103218,0.31892997345991775
10795,0.04250118996668131
64519,0.005563227364622553
55023,0.1588409148520431
79698,0.7723777517183041
12137,0.05841587035103617
26981,0.1723671757003012
16418,0.0650998823279176
19562,0.12008574096181968
54980,0.014077081659154413
8983,0.47138236228223473
44060,0.026137143947220057
40837,0.005041432640933069
50598,0.2964148800340089
96359,0.608072377235032
106537,0.9800966849804431
25890,0.30343241243882546
82625,0.6333889737329947
6701,0.13410326428930663
8350,0.425704762773776
82763,0.12599343424744136
101464,0.7047698398240418
21356,0.015471517861123309
39215,0.005416899912793093
67377,0.5028952302715998
28181,0.8386581692560247
41563,0.33937086721721066
26345,0.06928274335195239
16648,0.30020687265114765
31584,0.995013765561898
1960,0.07122094764193798
9044,0.9373285657559474
91655,0.8222163784972081
46682,0.01610461032819623
50998,0.012976856026570074
67563,0.12709091401257827
21973,0.060074677565897266
66386,0.07049025665499312
67164,0.04312570610533742
48558,0.8507880558480135
12620,0.0056892679683221165
64680,0.10237392318360777
63616,0.7723348167876712
107035,0.8139670523974694
59071,0.06328523586496278
102880,0.4170397383853791
35126,0.004136440328430363
41487,0.32128468693605317
31091,0.016791287299505124
59940,0.7446449591726767
46433,0.3528375277057376
31705,0.21931079791011604
80481,0.04490356094172484
12116,0.0009059872866841625
35783,0.8715258914577357
2593,0.00839518914517332
47474,0.8924906096096294
52930,0.25853411167774487
44350,0.019457820655707662
77265,0.47854810589853153
55073,0.23676321978771486
41302,0.0005570381429717762
94253,0.8103333770064047
21658,0.06819394814500296
38103,0.21008178497775076
73971,0.0035444731035169275
39871,0.9644555190207417
78320,0.1866930872831415
11438,0.03203864865870136
59470,0.9965283952116241
55759,0.9971104274534844
104592,0.07759835538981785
96295,0.03507922965048227
56214,0.06658406229629028
89317,0.2872676025456865
99372,0.08150227894941764
47947,0.001209130333961339
92170,0.04476708268552685
1522,0.002788196494683783
49519,0.7964482000401073
83847,0.10659727418588655
25956,0.35870509433572817
54284,0.2846645983996086
75756,0.03416060100141155
46005,0.09427928278609687
95327,0.3820218892685841
67211,0.2817439991653179
57848,0.07888104986565991
62669,0.7891058545203873
103424,0.20684897348888964
6568,0.3572954937193418
20985,0.43605962850820457
2606,0.041494993502261435
51468,0.01844456779438601
58979,0.053219451208458834
44348,0.11938851865415889
97129,0.576344759272404
106323,0.16256698153118077
83866,0.20275131969871735
59690,0.130785431924825
77224,0.7017289080980255
55814,0.004281200328709644
423,0.8555902162308405
51386,0.14874037228886866
54584,0.5989283696543436
20650,0.3186050158376084
67619,0.006359298278921584
80649,0.29246663743628776
98240,0.9240109635991062
51543,0.3897658469441833
3995,0.31867318792665034
68167,0.38609017831593734
6440,0.2236489223015407
42990,0.09338045103734643
27893,0.07415924613296024
292,0.307787567046354
60869,0.8416815957940906
83757,0.325241416360079
71190,0.05269714582223001
43134,0.008360516431885831
26387,0.8109624596988648
41140,0.016502473961544434
41330,0.0011387626466934943
59444,0.06226965633207709
30220,0.0015270683213784281
57850,0.7294002300454699
68720,0.21373941233914523
83784,0.02820567125305379
75058,0.07075023862715635
9990,0.43601453778996146
70601,0.06802246995995274
496,0.09727799801929127
4219,0.22536605938921794
20921,0.6935975065363108
63436,0.8129722231536298
102995,0.62346935502095
46697,0.2714451826954705
105445,0.8323795516182462
17416,0.23087463464171037
100999,0.7444197571163267
89296,0.16573340084273935
74224,0.1278144053822643
88876,0.009896778758868376
76981,0.6081041403891226
16408,0.0021760869093407267
54241,0.14055775052773928
12554,0.07009112644811069
90727,0.04451190434688921
28056,0.24069298496059033
5562,0.9167279375361554
80195,0.3336233454250656
87069,0.7262259270892827
43216,0.021343512923564418
79579,0.0021223211339264614
9937,0.12207982431436892
42856,0.6053662373957684
56247,0.008335386824793628
89203,0.9533288564799686
75302,0.030586657917927314
9324,0.0016623250340911753
88477,0.7603284485133511
65720,0.14806119684283342
83822,0.19477942609331872
106308,0.12007848807398497
88320,0.0065625900677935825
3472,0.25169986241568576
43027,0.6302103048931079
77392,0.0930748222129888
41026,0.07345825586922515
34970,0.10159246430437541
85811,0.3565176303822354
51037,0.48037800283868526
39911,0.05647704187220531
54621,0.07569924934524716
63702,0.12999560291997053
88917,0.7684963767273558
15936,0.9725256549805023
68562,0.3265786454663454
82320,0.24362368070824963
95565,0.7469681267982473
98754,0.12061325969725151
61204,0.9155336133872161
94434,0.06448276985556016
62405,0.3609188295517839
65452,0.5406133468057146
35549,0.049615722629254407
105446,0.5537824783093512
29245,0.09876372526536009
40566,0.9249848586088951
77668,0.16150673321112657
65167,0.09741016241116263
25913,0.3762120583555226
67005,0.27474601839961044
65537,0.5367988019521794
76894,0.0265194733698288
79304,0.09759997222151473
47879,0.7047661160911042
71762,0.2674230890211841
94313,0.3209781162154783
23432,0.27589208402714915
96020,0.015037662231124039
95380,0.42875219646641494
76613,0.12971028162991993
90665,0.7428473441413688
77768,0.5313364310374368
83357,0.06726955588399466
70714,0.05572334894316426
89872,0.9529768354212151
41797,0.3010759674585356
13868,0.11177795621710496
106550,0.30720321375554543
39844,0.07854049273667611
42075,0.4924545252812483
62095,0.37739029392706774
70425,0.02712671218961559
78138,0.17343294680053684
25349,0.9088238767696671
86030,0.001378777487244434
11281,0.8500508467933863
92556,0.9865237788570637
32183,0.1377673142152564
95511,0.4227994739019269
14000,0.03206062343597281
8192,0.02284436785943656
46625,0.0032697128932257665
80759,0.08252823523136726
53529,0.17626716418114508
39661,0.31290508085687985
18735,0.002921502172317414
43096,0.11630840825781985
35406,0.1425950037959915
19563,0.7051921065196751
44955,0.02671398538774269
51195,0.1439021476832753
104716,0.9958394960973345
78032,0.28850672492750906
54763,0.5788165236997733
54472,0.10542828785260838
63165,0.024877848216119436
59237,0.12905744334560754
80008,0.02911263588713683
41274,0.023642071826110975
69397,0.15039568303226641
58538,0.41034592121244645
12556,0.12680302086307327
22194,0.0014475586593229437
13877,0.20028104854566497
28486,0.09835632236713454
40470,0.11860307879753712
3803,0.6198359247527943
27605,0.6637816149859214
12596,0.1399385175277933
51958,0.11863195846290375
100371,0.4335420000848579
35292,0.2289305996913713
106651,0.029916221416174595
67973,0.9254395586771997
24261,0.10708063918219646
42465,0.011871026497306867
13861,0.2208813259553838
15827,0.06524163221556593
96979,0.23278849448856143
21464,0.09151281249998117
33217,0.10378368937609034
31921,0.03381290512383763
87306,0.1321873545330174
82440,0.058169453575656956
100467,0.08082902888640248
101153,0.6917505226281099
59418,0.14441607012189284
34456,0.9929840216437079
78306,0.010286322712948468
60321,0.17219430350539627
106857,0.07336970354772157
35073,0.027081493823333934
61217,0.4789747743038297
40071,0.913928222379014
82248,0.19299228685870845
74965,0.1660323601418881
71583,0.06558741160967646
83997,0.08717200968277888
80322,0.0053666450170501345
1386,0.6055688005883667
30888,0.009021026281793118
46174,0.7234564500904583
68484,0.4358204647276756
17329,0.5989933405712249
93726,0.023132059898155217
14464,0.5894460923461807
67944,0.6350660765844333
95240,0.1780847377859746
43653,0.3542339603942458
74712,0.6144611918888312
89456,0.09166382033874815
8122,0.42471491241171233
80123,0.1113612786486301
100955,0.29528998939673023
19190,0.05154394674320282
17483,0.03451432685578908
21509,0.11620669393659555
67611,0.1876578804553926
91018,0.409449397702922
11502,0.7084226896729495
41634,0.14992536758659686
58647,0.8276285178159175
397,0.03779137180007763
94236,0.06057489832348047
34471,0.07761951992668861
95449,0.017067835105599335
45263,0.014541181759882511
1312,0.0021721067843697575
1701,0.04694185386589522
10211,0.05562210149808692
19877,0.31016617068527436
10820,0.01722419064791075
48605,0.10007857504486628
105197,0.3790177300711727
101055,0.3084242093291496
72026,0.3569696849406572
40241,0.04477793101634534
21775,0.995402734649007
2675,0.07739044196638974
44002,0.5510941898573982
42988,0.08128156111929785
1719,0.13732233421847806
44005,0.9107312849807768
293,0.046817748750934376
67526,0.13284767950436288
20436,0.0003819464744908568
47583,0.11504190795481684
54329,0.044498812317453035
44312,0.5076894388410507
46747,0.4054601170979757
42297,0.031012890833363362
36740,0.9021994497896352
15115,0.009998495343553203
54215,0.058328538300672216
50632,0.11647671819631006
67796,0.3427418109936079
24974,0.8089190628542172
17987,0.07822687062045455
57932,0.2909681999527105
58445,0.26934116849220635
71758,0.11801712468010012
27568,0.12867832384902084
77343,0.12651595328461462
74960,0.1224891328800295
71199,0.022301732474922318
63696,0.7584888273066173
7032,0.1407930452900591
23824,0.11571443070434445
30498,0.4295198393811799
71626,0.35470884830341376
45937,0.20260852873358098
58185,0.28509697151890223
63250,0.10958724941055359
93821,0.19047583131141343
75253,0.06963242214450517
105476,0.12205419300756803
94786,0.1309111538668205
64336,0.0019726332553632836
71947,0.22428713282889928
92182,0.7404683756995288
20086,0.9785056459840867
76618,0.06296901477675705
14910,0.034034695857637944
37519,0.13033756111478473
18587,0.6594616505879698
72152,0.014144705249497815
104014,0.34197293264209594
40614,0.963997581611382
88400,0.024017682475012427
31994,0.002305781480934881
87528,0.014700010982870113
63934,0.08852693623373947
49409,0.08470055104909358
774,0.9925977433702149
32495,0.40674740427884104
88382,0.055815014518842465
15155,0.5618373945055875
93745,0.06332843100152794
27703,0.21771309361737878
75787,0.7735093253788874
90254,0.1745910429709862
13614,0.24244119179679824
28304,0.37111668110490853
41678,0.11841050928492675
98764,0.018052024089598745
82284,0.4564725042647289
31660,0.4581491821074025
67449,0.07247188089716988
32695,0.002778831889066435
73704,0.5366523743397834
13185,0.39009099387630103
41481,0.6241412310072768
71990,0.42493003274598246
64342,0.00772071025941323
52716,0.012875928988378731
23590,0.5626691472352179
19738,0.3667396646570122
81722,0.014008536511538407
43441,0.002724025563598589
56076,0.03319182678314246
36062,0.00984507849968405
93470,0.02504819308752417
57631,0.8682792503638446
104065,0.013986630607505757
542,0.12660924821023511
22750,0.027145411286624777
65825,0.43171070826979485
63929,0.10967904502613096
71150,0.5565177544684773
82911,0.3861653498491372
65991,0.3798000786407716
17471,0.01444308813710023
96142,0.02356181218869704
20569,0.45060214822132094
38497,0.06930797952569817
2685,0.034949739270718955
38408,0.44693436562079253
100635,0.9656304487404667
29619,0.08263090191706679
63490,0.0599012308393444
83339,0.21673915195715887
36539,0.16335905795450983
79339,0.7510830787858318
72290,0.11116289924383133
3220,0.6395644937699458
81270,0.23661572111423057
35843,0.00869760106351837
44327,0.02228696449443201
30665,0.14573001258155582
1548,0.34144746880705545
75171,0.6235845397049524
99712,0.9458039889863642
33884,0.3151845614040986
65379,0.14972901014011875
62016,0.7982420390587356
35402,0.8298658231563945
42879,0.18003686329669877
74818,0.037739837994632604
12495,0.6491659662909359
20003,0.41747771783664667
22125,0.9715804068201046
70889,0.24440549350964513
2024,0.7373544754301605
95385,0.9054883516777874
80643,0.0781701880747952
86163,0.011758524009081978
67694,0.012220795415593384
26798,0.3283938398151745
81103,0.9502675715273903
19085,0.18492755783027798
4898,0.3410937513421838
6355,0.11598063984496298
14518,0.005525000280472713
14647,0.02586565678591808
42001,0.03795128794849957
77785,0.9091879074805783
35657,0.3143201566433488
56488,0.080224257730109
21443,0.6613294353491537
84978,0.007544782849880271
89651,0.016697977330687837
79791,0.011588539403264054
97990,0.8141726470677504
71970,0.11229112776603273
92259,0.12445059350455889
63637,0.816429723527468
85746,0.10989252357760615
72226,0.5786894508420402
8706,0.2840092625512371
53923,0.6722731504861444
21760,0.010106720880641715
52327,0.9175022050424514
13615,0.3168106744765064
3156,0.22788543581573456
17888,0.8861666362156407
27794,0.004460320156275264
17951,0.595461835397108
106260,0.37487718670938897
86128,0.01225627606732434
78519,0.0624855438398831
103081,0.755641024866819
8118,0.33993531331395
83982,0.6173903711492938
29893,0.5776402720902093
49405,0.20202309165366145
52266,0.01671773529953029
36470,0.050256292917294026
1846,0.1027086147226508
3349,0.4392591286230324
93690,0.7507517484378521
50314,0.0026411155201222854
186,0.11969109899342761
65432,0.03530970983501923
37728,0.5742939287709627
19567,0.04725853608983229
30657,0.13359497765226186
82531,0.005976342945287049
22826,0.6462459978200031
22919,0.14898577287903647
87442,0.03852560876615608
104588,0.19694913471687536
64949,0.11138023036669442
63321,0.12668227889222672
44202,0.41036804845113556
85518,0.949351206105148
70363,0.0821070151438214
38760,0.10116188276422439
99477,0.24583597947309355
41258,0.06611474644612861
88460,0.026184365650657848
49151,0.0015660854592831662
96318,0.03717276579402398
15268,0.0447111753499555
39971,0.008377252015030368
68688,0.34871417980948816
106285,0.015456030540779427
3186,0.9895290564998307
39622,0.7377289382533229
77353,0.35932886910082507
88812,0.29364846760325247
6527,0.034401370623189806
59187,0.31710523652743505
61590,0.026975159685556416
56408,0.15688915391015146
94523,0.7158110118900847
35641,0.5087782939959365
74177,0.6954626192918191
103345,0.026197658468482033
43538,0.6607643782746351
28070,0.6097357734001275
18799,0.9851730100430192
49071,0.5703620879429806
95746,0.29269951921832066
32734,0.19005994523547848
94400,0.8911769409533015
85387,0.05698103742240382
73483,0.2882698361214372
14503,0.03212343785652134
49355,0.08160473833161946
104699,0.07231044808177085
34977,0.0457363130427932
105745,0.9254514517932053
46195,0.002545560017623407
21807,0.39312441630485057
38567,0.021542375426692698
22107,0.1259759647673181
29812,0.13121908513312291
11423,0.005601113303047688
17429,0.13173291434281814
33210,0.21313633885711591
24307,0.19167354379458157
25930,0.0022590040805521012
83021,0.17172481932042333
102384,0.07757186259749055
16069,0.004781874252378043
89177,0.962036053250151
14322,0.5324406082229143
47929,0.0988910983348113
95274,0.8548905983167499
91895,0.3622147127248951
30333,0.18746553240886626
63018,0.06523368947376004
13130,0.0007802544640859533
48136,0.6201734858837284
65112,0.08086230906490055
96303,0.3809480525125192
32221,0.5456587957958479
9939,0.11985556480922172
58276,0.1339381070944774
95046,0.11386810040253675
95608,0.43055342355647813
5449,0.08954576397240505
60819,0.5266743999995942
106929,0.08254612601029143
70887,0.005978144859763801
107168,0.2582398346633126
1665,0.13919136052248632
62485,0.0038149748578808714
26165,0.5944493202621912
54830,0.006118594427458322
98131,0.5258858918654206
11417,0.03178769514156128
54957,0.2821969182829078
16542,0.8811788646165526
46696,0.1200402485114776
23398,0.9121297719935055
82966,0.45422951690918706
98212,0.17376368099342654
47665,0.018785809248783293
71236,0.03579703184701258
23789,0.2545678136826478
52331,0.00794607163716247
42,0.29387827460750604
44162,0.36448167475195575
89991,0.042017975869742194
86732,0.005917601748661654
97084,0.5033374816832014
96648,0.013101452922042454
43358,0.7102223319483516
33225,0.06168561096278767
100947,0.832480559902646
30048,0.7772122259617553
13538,0.2018618974097599
61920,0.6523826940413491
90739,0.008984750318957267
33099,0.03832788957561793
5687,0.7203322724898702
37971,0.7757599190775378
104107,0.655530886746424
15261,0.06582835068842062
79583,0.8519297100894914
12417,0.3114353161827571
42928,0.0018404718790788705
81291,0.037578726319422995
44398,0.26903530871728365
64245,0.5983711367983064
62296,0.292393740016939
89490,0.13056059227597877
27804,0.1413765078429271
86896,0.6963171603471963
31142,0.453661014471145
100499,0.7444852306275721
41462,0.4914170227634616
11490,0.08501439293731555
41182,0.02395307669244395
88788,0.260085864845327
85936,0.08057636256563255
25717,0.3496389615138062
39604,0.7825965844639415
2113,0.042150564622603866
19841,0.07969989963847979
85276,0.19239669798071024
38085,0.25712070703176665
33856,0.1160850788183504
16285,0.3773347314040498
102958,0.24509640098577212
32690,0.1740946782706167
65286,0.9755339237939127
87828,0.07968546252780401
72944,0.1727706392562418
47478,0.011052536959135087
94238,0.13405820754894054
25276,0.04769508920789677
51125,0.05118220550582594
59341,0.9667285280796538
37015,0.016782606330950724
48326,0.11465294200280152
55339,0.002760679517758811
54809,0.6098418678802259
95448,0.8241008253561326
92455,0.6130667738445423
41479,0.17055920165013783
50990,0.4940501400054835
97606,0.07288812004330938
64386,0.015392967932796377
59016,0.913179179492718
34793,0.2006050405698952
35103,0.25028731257864384
62419,0.6694062926404297
44749,0.37660784071134135
51217,0.4567432629673334
76088,0.38538849522220575
50731,0.1055275232767029
21634,0.003306701245566744
99187,0.014237779860098075
74983,0.0049108275762072846
74636,0.7705058189366083
70918,0.9803857239671692
48025,0.007065216827016295
1202,0.08140027573275876
29773,0.15496002662288122
104392,0.09021447630555346
36134,0.13081746877991252
56611,0.8294670214673572
98347,0.40477422764428156
76408,0.21911743226413538
43641,0.011863518521229022
75570,0.05970348858119593
7090,0.11612796818156923
82189,0.044337349540364765
48190,0.020401055083234188
4985,0.2281448848175941
1702,0.010731143973651037
97091,0.013039317893440205
67132,0.008306250020525282
52003,0.15437257350686834
60130,0.06710475693960609
52734,0.04002185679222803
54975,0.07394254861908772
79908,0.5015730424220042
75883,0.7981695301846348
7708,0.0037654124559763683
20788,0.9599779171071916
29713,0.11301159320896026
2168,0.0027628842171539595
19624,0.06728073264176097
15339,0.9878579659901372
63973,0.0384229072329394
104124,0.30378239028784215
82919,0.39219937943895117
57759,0.019907626572565326
30517,0.09297531161204775
67562,0.2626517630751296
60871,0.015603199076393553
73670,0.4492946915489897
12046,0.25044792444455466
29703,0.13335372770546122
57997,0.7600946818228742
104071,0.2715073135891809
23798,0.9718088053425825
63304,0.9665845166034772
29328,0.39078460456047215
54042,0.026951943288339903
43085,0.0006331493257412396
41458,0.25771983102593476
65632,0.007891435029981832
61938,0.6660086922505046
43481,0.002463981156275289
23810,0.36831115087822625
74207,0.47252091389554024
40078,0.007921910683669566
67888,0.23484219727522282
54635,0.49512945473527853
37281,0.0022212375430062862
92696,0.00524735150448395
40103,0.4452469246980526
12388,0.4069169569144431
65827,0.7874866724782763
13632,0.13112704903009653
55474,0.020431727136507014
5448,0.016797584149333734
39340,0.4270722089453423
1321,0.1942961568133334
53096,0.4119298503158866
93846,0.3910218091286389
84889,0.14442503933231982
53938,0.13054402587299313
104973,0.38265496539572125
74968,0.29670261077297577
26581,0.17290549964331903
84369,0.48467644795277914
51684,0.35118463761759555
24583,0.2326515687673591
93592,0.6277436402143268
80678,0.04082043333959266
34799,0.3583075939329379
50595,0.020921917933400664
107043,0.7800903614442449
81783,0.8780127636127533
8163,0.4964128899419007
65011,0.08291797326473554
88170,0.11094981886945904
18337,0.9938217200790121
72949,0.904201969101694
70736,0.173855194335302
96312,0.9972402816305795
83629,0.6918547872666047
85060,0.3035216972827788
65661,0.4578483668616076
66651,0.26033214249677483
74786,0.3757600565775333
57298,0.016421690340583134
42230,0.00589877564141202
20537,0.002690572558674855
97674,0.5191327701815154
65960,0.005941374063843957
55108,0.3900892442776004
49101,0.750063178470639
19384,0.08536497942662502
29553,0.22989354159204245
40469,0.12469319910375953
63625,0.09771357270080816
32081,0.07645340352139136
37229,0.47644111691161917
92189,0.08742765665510716
14893,0.005918851238638114
44609,0.3126525044016896
63754,0.022265554833205678
56244,0.035558606912995026
13791,0.008001610332434897
97514,0.009178087163448909
62715,0.013968303425314863
80723,0.33979642252028797
31649,0.1033783673845286
35868,0.137549970739823
26020,0.4448731390726027
94291,0.06560057871043976
63036,0.04323604141589105
71036,0.42076144731142956
49693,0.03411906822249342
7862,0.014817561462508795
106251,0.05849023341396308
6411,0.034725756950134745
2227,0.019113294801253136
12739,0.06420821064201943
13897,0.496092772143311
51843,0.16377412309434253
68337,0.057822242539245144
62399,0.22598021433375592
83642,0.06419466225206077
62576,0.15375220623235497
76355,0.1869479530229669
88532,0.3894630541350141
870,0.06786435784900348
26067,0.2707733220679409
45412,0.04836785600944232
93632,0.380343650315989
34710,0.6627565499071413
49010,0.32893586941414804
20800,0.7832714338171979
91234,0.1803008541684467
106720,0.09391205472138836
39399,0.8596525345963826
30906,0.003957001113646705
55880,0.11177695854011399
86772,0.07831258066800856
50257,0.038769283760340535
89524,0.37457166995709446
53238,0.8614575990817139
8234,0.00231438967406259
106696,0.7106019807338148
29446,0.06667604810486039
23987,0.08113698324833396
64819,0.027931847676269897
35094,0.3880394890111155
45865,0.0052804275977597955
8562,0.7694744511368234
75593,0.933102630158277
8341,0.1508561269835711
59981,0.30560649972627146
87038,0.053293653621190866
60298,0.022176007578123175
660,0.7622304916253895
6334,0.48306557371289116
40173,0.6789243639078022
60604,0.18566595416764875
77550,0.08933270970984897
34391,0.9894649361822673
65498,0.027419113679739825
12883,0.7089417170844196
28396,0.5137610695977787
20072,0.32910058722695273
29955,0.8936072641521531
93410,0.18737353345062113
19195,0.22187309439920033
86600,0.026612513584062514
11096,0.5068451310462364
100641,0.022206941144530958
2876,0.3435434511736386
98508,0.6953179319368877
8183,0.5741123259435433
61746,0.12202151977904513
65016,0.025562598582849674
98667,0.37611796589907176
26907,0.016007732114668164
118,0.2761522211616844
17226,0.07372708477544496
101387,0.43346493328894675
2477,0.11074363065494164
42711,0.13589344964827366
45007,0.11050402465479975
16318,0.3745194007043531
86150,0.11283460381517574
8105,0.27684870316509075
29329,0.0013501019762616254
24199,0.9564602216356313
28490,0.014042222810545468
15922,0.13089019863506068
59384,0.14487987112749867
11373,0.7543945192525588
101542,0.08433122916212715
106469,0.009790607128699568
90450,0.7481490869298604
57117,0.3265797847058711
46768,0.09428553410452128
101203,0.6220913363509584
73606,0.004525327014425646
107050,0.2541225367475125
92108,0.0030184207904664635
20429,0.1506369647478512
91152,0.08771663773335431
78479,0.15615896672936042
104962,0.0704653172518305
65927,0.00011110261178497631
29567,0.647566503274466
3521,0.6175528167301304
77782,0.2422296231309592
74900,0.04089272272577557
20583,0.0914266051262963
51369,0.1062226859948518
33036,0.0008398781807241372
1020,0.01289515955342254
81918,0.004967553995965289
71786,0.21388636396516686
29021,0.008611729503165574
42473,0.13260764067717223
76563,0.8670421910296421
76009,0.08399536019638965
75090,0.39761044155763414
91847,0.8174205966727902
78056,0.04567638031886131
22275,0.009755430061410601
64351,0.019203157005334197
101193,0.08756275469417846
49286,0.4812484910335003
89043,0.24897044144921265
41575,0.024098833017099513
105212,0.11129837911428198
796,0.1125792791752776
89918,0.8022583029062562
26836,0.3797745173181685
15916,0.007956972212285583
66393,0.1638979716483993
74777,0.03117270067012282
215,0.6950789243285366
70103,0.015736405359372433
106169,0.08110408334984359
81879,0.041136805685422696
25104,0.0007061327254305808
37041,0.020759014935537782
91290,0.18366047853530604
7967,0.01401179727408996
61699,0.02934733971116454
11430,0.9699542374584758
99907,0.1375669070345305
15587,0.6460971094662874
17770,0.4100772941768505
51183,0.7242953727278441
10924,0.9577362121820535
5241,0.06144018164798753
79879,0.3268531629328928
57849,0.07574716842082442
10135,0.4022206277795909
28930,0.4825062956461805
84980,0.9779669164728458
35035,0.44927022655971055
1544,0.025064289734062866
57299,0.01121260057613203
53790,0.6689867866244161
27413,0.01627620126497891
38165,0.0006060149101270886
48208,0.5582383689778637
56627,0.12045590423379621
65033,0.14887122449382018
62849,0.0016992504624167013
53653,0.04088618660211083
49325,0.05663870387117808
72723,0.14385536095289692
90690,0.6436826749745272
106400,0.36267068154191395
33103,0.08885876759265082
25088,0.949197189609071
101515,0.26250915152724874
97145,0.32212967448938223
55520,0.07804835826453344
77374,0.02053000825284575
30393,0.06389624970085715
51247,0.3963482871909793
102444,0.017706592622161517
73823,0.5985912812288137
77961,0.7072879399688113
92334,0.20304364899710986
20875,0.0009166649175335364
8968,0.1522557721456514
46253,0.021328904817566982
65138,0.9875518397221381
103803,0.45607047370473286
48240,0.13306997459793835
37216,0.07648503513787495
37070,0.9285484730728031
100791,0.7740558216018627
65296,0.9643778068035062
55217,0.014436228728576214
61439,0.017719387281097655
28910,0.16346809856408545
68977,0.09606576765395852
73799,0.4427671755890978
87205,0.011730464895612061
24133,0.08315708161375573
5545,0.6150714531597454
54239,0.8241497469859163
58376,0.03297546492260139
102502,0.08205690872033689
4217,0.7125974895804219
24943,0.9391831804190909
76677,0.006976241688551046
30672,0.5297557598598287
103813,0.12379408772474032
19301,0.15229443068740944
66545,0.15844454533830743
6418,0.15832376199066261
105393,0.26803046743792414
26256,0.2705419842070753
73036,0.1393049041318098
90905,0.9675089167131778
53703,0.2520381339426929
19896,0.2579608656435297
38549,0.8177019963429057
50747,0.04721763889987625
7384,0.5960247171495267
38634,0.2199806991137725
2243,0.17692927746078352
34358,0.13587938425133372
9905,0.022414363716043717
2600,0.2563075926822069
30934,0.32734839761039214
11956,0.9931278358643024
65971,0.12019330601553768
41054,0.9811470253756898
86656,0.035319954111198926
96579,0.3733700395041301
468,0.988989243822791
95086,0.006140324636947047
36410,0.1358721829459958
61026,0.18341453075882896
49759,0.5852606173792756
18786,0.29553240829895655
81012,0.056283122581482416
19445,0.07123655271239812
50756,0.13024875580965678
85673,0.16502186806529445
66960,0.5232493351774266
31365,0.2733891029692306
37640,0.6833685322757711
101325,0.2491687766948406
104267,0.006745698956966726
64787,0.3849517511631912
54097,0.6240939922800882
90089,0.5883428034210799
79611,0.00707062894443191
3872,0.01602414152504226
90845,0.2172057475343605
75838,0.04747369759425147
16157,0.5342277288165742
21349,0.22229183416150872
34130,0.02099580990705839
83045,0.2540115678894165
83033,0.013302921151339043
18190,0.01713903726609492
98007,0.01767171548977156
95308,0.8780678055434843
7197,0.6458279122799053
79403,0.0009648118628154957
7653,0.15099502922769642
59611,0.8561085565989142
93070,0.10635343742975584
33837,0.6328467422655762
86990,0.9313603372120713
38486,0.006916206987178874
49647,0.23949022816266802
49217,0.03162838313802712
89090,0.46649868052371635
6634,0.7525086262605017
106711,0.4316935344501639
98643,0.07779593429437485
64122,0.04652006727959055
95757,0.04956925781802543
52941,0.9572003005789202
73928,0.049232624149273915
96735,0.5882987992174875
76375,0.16644258423475328
26187,0.27551199768321
61250,0.2492165015984819
101730,0.1952334936377002
96681,0.05758934662478161
81672,0.00704745988560145
941,0.015208941086248639
73571,0.03202326943493752
102835,0.03728278134337407
84015,0.05880268535846086
15822,0.1713253727599845
26528,0.12915469763964593
34458,0.036383707692313756
22406,0.717845716989584
77570,0.01469185816530752
60677,0.7992807270190457
16163,0.1434942246771222
58610,0.05997573811484893
87762,0.03802208755630734
48705,0.022782203381433604
78339,0.9065891463366114
27015,0.9881670607509827
63869,0.003675183499319065
32867,0.6510678082670481
18094,0.4101677027730829
31953,0.01628382433867804
3489,0.024733771583582826
8990,0.6754045078960355
89863,0.43303806653834154
18547,0.49870030180082764
75256,0.18385698841469428
93963,0.9545995809436778
71978,0.04445683572609063
30679,0.2525796688363473
102609,0.21753348090449554
83019,0.12669498610543645
48135,0.11189327614719374
61409,0.5381521360020003
58564,0.4362434210922208
3946,0.21849530979000342
106020,0.7237959801277165
3723,0.6412786808576486
22108,0.9488691545325708
4674,0.6802528260426628
4358,0.07545774549813285
31186,0.044302123256018955
136,0.8742857762201719
46915,0.8517213214025284
95526,0.006320045419964506
12145,0.13931259935373264
18631,0.02863331051663361
95178,0.10961922066971513
6569,0.10915698364295934
74472,0.20477071258797674
53618,0.003030004373001845
82117,0.15573193232007448
33139,0.8820304282968521
101127,0.3268778695894337
78109,0.11169532933806398
71560,0.07820592893926136
4873,0.5211100629614922
38063,0.014324376937574115
1060,0.04063690123290674
45447,0.9368793672351613
14151,0.009303530612480659
79580,0.0033914886389836115
37219,0.05147747344724678
84736,0.008949230727710738
15780,0.4840356325177404
82921,0.03336332520754822
40348,0.7455077531446305
74895,0.03792254774273534
93609,0.009729566449442513
60230,0.425853429550623
65745,0.16660039824884215
16278,0.012491558001941584
66171,0.0277389121149029
76515,0.7387437271687592
87170,0.1972443989981682
104704,0.8283889375352728
95572,0.07726869010271492
41881,0.6434623235695875
30757,0.06920228583657563
83846,0.17385467411269334
72285,0.8632714545224862
29064,0.0034975417687403082
5381,0.32013049845575714
83070,0.058860142683364605
7175,0.0019036983952316349
49176,0.8743781922193701
51188,0.01569179830138385
60730,0.866925437984724
89396,0.3408221225357463
50581,0.004645148134679532
9406,0.08224829716189386
16599,0.00934524194930544
69783,0.9412840673094469
27796,0.018921324303767143
592,0.10606464493413142
18133,0.11700798131122797
105112,0.5387465295328306
51799,0.2236624976902885
75583,0.14294944367712586
22160,0.4710632511025834
28229,0.02737778854660891
59965,0.8064534864392634
25798,0.17162858956861504
1799,0.14934254674287456
37007,0.007855912750647854
99962,0.005594953290108213
106489,0.25880823246960055
39063,0.10501038484168324
46435,0.11116960719028862
45589,0.5900936209679493
6956,0.39190656556826875
106021,0.43896320009207135
92285,0.04669713134344803
40437,0.20763751832756944
7039,0.29914108124750827
94842,0.4504597448323928
105806,0.6516386193111363
19957,0.05352104857982196
91743,0.7389515921753425
71819,0.6777886608385693
71859,0.4013797292520711
77846,0.17163877250653148
75254,0.362965201861929
86699,0.4643734348382478
41680,0.10667789721382737
40684,0.19981531295248894
102752,0.372442618988596
59996,0.13648008991380295
75002,0.08501650792693782
83944,0.1659314803597653
71542,0.008609510754455964
102795,0.06015548631945977
13533,0.32885604496780757
86443,0.27208685084362794
72601,0.001108806688944877
48252,0.26982624115335935
59918,0.7135109689974737
70105,0.7364760841891921
36420,0.14368954132918305
72545,0.3353587423007446
66628,0.013695970261639203
87076,0.0031014473671400083
56017,0.0801824768223624
36830,0.4588164825987262
61259,0.1454938306000692
106785,0.39259125230651826
102001,0.08174670171789733
41694,0.05635600376492985
59274,0.7939480731212181
69342,0.14518697240301598
52666,0.051686666241769555
78739,0.01106067930689968
103615,0.025086354678836485
96522,0.12574140093484804
33713,0.9966844543518951
94194,0.3610415673271461
56624,0.5963089861863615
14026,0.026928602704557696
37800,0.1302277729604298
101163,0.13094080428520993
50282,0.825432613071439
24359,0.9889340260637711
37213,0.029207076875563332
27574,0.10901954819026477
18777,0.10854265626951781
32485,0.10519524289589754
95455,0.0019437896056302235
56526,0.3533581356554366
9732,0.037352775073213745
63133,0.06658018163995283
6017,0.09251667098525529
56227,0.13382379202163358
81330,0.01898842654415307
14674,0.9621589713340022
83842,0.35983803380202606
59121,0.3020094449174612
4795,0.016126071343507988
8699,0.8922749867678742
62846,0.22976001041256072
3664,0.37281405375693466
79101,0.10429390275586486
97114,0.1411729436860959
61736,0.3771360202101832
71338,0.0553023801162898
75649,0.25162974326993426
47207,0.1823904802734716
69617,0.5284265861439615
92019,0.018248250763380068
33803,0.013506647336614486
102709,0.3397667168412605
60644,0.009796928034569038
35921,0.1529899905401665
53503,0.327879147514599
39017,0.2831186728713214
21033,0.19859274051960024
7356,0.17359295948760373
63010,0.030767269999345523
105483,0.3660926419681192
48414,0.03394365906293159
34491,0.01697196730305604
98515,0.025656091459567373
44473,0.5145127641364485
16918,0.0026352199700128386
5705,0.14752215129978602
50265,0.2500055730093006
69220,0.01302005340670803
54833,0.9944851265309043
28549,0.0053162552788156205
106607,0.07643337131780471
82444,0.010025701649898178
61201,0.8806309166641729
33681,0.6239791617364434
10979,0.015825057189636966
17203,0.12882807445590322
75276,0.0010108345652193101
46716,0.10933870596421275
27002,0.872760770168744
875,0.15873633682911026
73244,0.6536511492763628
42973,0.7966800331372059
87462,0.03352362844488326
79246,0.39507480135805817
80060,0.4019367558529844
83791,0.15194522451692566
95066,0.0021411650614746583
65369,0.28202587230863807
17234,0.944718793279286
33597,0.03991027969269282
57641,0.19388779487184082
79712,0.05764957249447186
90671,0.8089979196158639
68092,0.4251059794166248
87841,0.9819286791629821
26092,0.021899088702520362
19324,0.6738216754835351
64133,0.10177878468789014
64722,0.00044638072264514535
67293,0.05729646412032083
13110,0.025354436662789488
15704,0.9834860180298468
90272,0.9382082236991521
16320,0.009884613062503147
51605,0.025923677231061776
57816,0.02416292249566358
10303,0.1040315390849254
81915,0.12406809129131324
22954,0.06398048936686264
20905,0.007151696838864262
94219,0.9475677635256752
59383,0.00997721809445808
55882,0.1277443841942737
105848,0.4890947793827685
76012,0.009553385622221107
28343,0.010365227507711055
12621,0.004499711702872593
20544,0.7112900120190911
68058,0.18424649683574296
45481,0.024633537961879937
43866,0.7922671492391412
43638,0.25115491949668767
78798,0.573189132728643
51931,0.02540947570452719
81788,0.13010389307429376
39806,0.3904881417003305
104308,0.22706346702233288
23191,0.3872330333100931
58799,0.2530105814313426
74274,0.2078562785970997
97712,0.031802027460624195
62011,0.046374916932881066
97060,0.2539993626763585
6430,0.023774551991627743
42197,0.3204803470342821
33642,0.7274677129574425
34385,0.18539122313318868
56499,0.00011574438599300497
103727,0.07354910098176716
22082,0.19807326258787977
5577,0.1122807545988524
18877,0.08564224646541174
72302,0.6027198030082899
48798,0.08180958791938064
95670,0.38626777836829285
12360,0.24747666031208748
99919,0.38085187091658806
57548,0.49400753983294593
8498,0.443302442667934
55369,0.7343110523922508
64135,0.27901455881572607
96186,0.0032863922183183126
88968,0.9861389227382283
16581,0.2645213872487479
69477,0.4055476928694038
60073,0.17254956893961776
78470,0.5127119186766863
73934,0.07713822219414976
48728,0.13728478636654384
12948,0.2073892395764173
35801,0.04285443102277747
11714,0.2504481519519939
79286,0.7090851529354816
61682,0.12329833760705938
67216,0.12821408542125978
28124,0.9056095303821778
47487,0.019218674800600043
89951,0.27927428641607943
39746,0.15251221365084305
51772,0.010286433431230237
74373,0.025589648071561583
91542,0.006236693189328552
11693,0.012476238002277892
58395,0.9751119779939142
10213,0.3550873656329523
87308,0.22078772691847176
52212,0.3404995503090008
21565,0.32573006144982103
38272,0.6182303802788691
45624,0.0807491486783633
63049,0.01680966622362846
86283,0.9459194213567446
61244,0.5424531099180612
84701,0.22776816644464026
94243,0.9964342138668542
79039,0.020236640505229622
54726,0.09034851520960052
52867,0.027381878123557888
7832,0.4668551840031735
48004,0.1627745370392613
52691,0.3649416187469685
94319,0.7930124954301774
14013,0.06272837184474554
66372,0.1667062172898347
22294,0.8999234135788907
14732,0.15496306557864947
105955,0.009719718788102237
57702,0.822904074285078
89178,0.31919229684670125
31050,0.0025920948920894428
40074,0.553774042957725
23085,0.19199522284553722
8847,0.011097781069839267
43142,0.3290107105717044
24141,0.0928400788761446
75344,0.12158341500886877
44956,0.5470929250868379
100259,0.0042715389882443154
15289,0.0007820911256927383
40766,0.6742070437589588
75727,0.16304836944640366
16710,0.03126843297375317
3858,0.5048539418272491
51761,0.0016159100773005903
57803,0.3871132552616807
18436,0.03707183033623674
21616,0.2327828460549512
40997,0.04039760057924781
72876,0.23485592983810777
98668,0.013293260120090121
17562,0.2255657914215124
53942,0.5580436867882377
7798,0.8202795458469265
6728,0.10154438921171999
68182,0.23364914647174018
32206,0.9337078673504481
2446,0.7747259160836162
30812,0.13279789734302178
29775,0.11149742945775698
4146,0.06460155505006838
10519,0.12318984719493548
66933,0.3664779720909016
94981,0.5522204435334306
95320,0.0004507716509289507
47430,0.9491709358738812
35069,0.012368397878258271
76488,0.0008129695383533257
33904,0.6254650893386529
86619,0.9314818245613001
91955,0.14691843263870097
6389,0.0007844485807609954
12914,0.22285534676971513
78123,0.005107620891841593
59570,0.1705491504094862
10892,0.3422725955098619
31139,0.04945506365278464
47002,0.2991445997782699
15376,0.034762014465420536
84669,0.13929120682353113
28204,0.057461905017922615
49096,0.018824546684532793
95324,0.021104307152330762
46589,0.0574742465301317
16484,0.03185167007251079
92516,0.08363940057137453
88724,0.6473694230700572
65849,0.01669182128891113
51527,0.24100203810113202
60854,0.8106553020271372
11279,0.0012114271972846144
67908,0.7851354043201086
82313,0.27462597999971805
79035,0.030589757215279966
91010,0.19448922918029848
27611,0.017083403762225287
7952,0.42471139761680377
19379,0.21837644117049898
66702,0.0012652252454875659
2296,0.3424078632778456
28138,0.03856844128667667
551,0.06449961072210733
67795,0.048410950712250295
39137,0.06482633039775534
25040,0.17691736454653584
47656,0.1792825711349918
53154,0.24044720734770791
73026,0.007525675094424956
50163,0.22006919471402864
17664,0.06605229673575339
81237,0.0945100425571011
43288,0.006931727744785043
101830,0.02161446658582543
68661,0.023198579870370044
100832,0.4825900357474506
4191,0.20429432915157086
62424,0.684633064060856
40305,0.002295591671446055
54860,0.04596449154446286
92588,0.13658157962992457
76669,0.992972812830993
46395,0.033062697785555116
44253,0.12759720245180955
22443,0.04954113198373386
84100,0.590410242286317
42951,0.1092943873658796
51210,0.18081654557627574
18367,0.42698196254599635
12437,0.35293083861569957
57121,0.40066512039689256
5477,0.13457596803823352
81334,0.11199798602495764
102259,0.07965993294728324
56973,0.1390921440929755
55634,0.0020144457723436913
50796,0.02939919491523151
64854,0.5871509015468038
17212,0.04337012658774394
95586,0.4055720097200107
96608,0.04126373514817864
8178,0.44594186051275864
69463,0.12150206116163065
25843,0.8595403719018017
89879,0.2713241624149434
64458,0.16368171444520074
1825,0.00012148598763179009
104937,0.014228355537790973
76514,0.12984803738988954
67638,0.017360430558117326
32550,0.004478720845400087
2594,0.11006175840832216
104050,0.2779733059061431
15063,0.18536063694103583
7750,0.08639594925234179
78835,0.5788052458928716
62313,0.0012637809844366832
79534,0.12426515352422474
10735,0.06676908906244534
66647,0.3941450005358939
80698,0.9415203168884613
106237,0.22231660109494739
14230,0.33446451117597326
24699,0.5207149258034319
20670,0.4029573911685479
24398,0.7933142302795599
28813,0.15196869023265958
90926,0.028079304683259882
21442,0.020895690876734704
15503,0.7029138245222235
104158,0.8807562421937802
11944,0.033290870754709816
54953,0.03991322267439087
100285,0.3962924671764153
92129,0.9476758732334785
86569,0.4284214181907988
51849,0.13972568258193008
59984,0.9000498935276205
84169,0.24393738398961634
85915,0.12031467555765285
26350,0.6601558235974632
81869,0.026770286606956465
101771,0.27088028308780154
71107,0.5164275414702403
8127,0.05905033513747642
67433,0.02524378716282518
103885,0.6077812997968189
14634,0.21480311035669436
35211,0.01129630336628418
78895,0.4271449874976529
78807,0.974452900219631
14540,0.24703039328890997
34698,0.23452239082650428
103779,0.4266924575774775
9813,0.00915175605995621
7716,0.860483226286278
70272,0.040152406977103094
98794,0.9824804748336057
5378,0.03148231601136409
75584,0.007565858682159784
65199,0.14557448170431736
69468,0.04241489413142971
53908,0.12628822698847403
97132,0.5071834928473118
84136,0.2658648777816821
65196,0.32606323047647845
101330,0.06641709081708456
45065,0.01728903451273806
101372,0.08196661998483878
40945,0.16816052555432315
36818,0.06307432905351329
16262,0.9085670097564795
71302,0.5948308553367884
56867,0.9032203429000047
31727,0.17213831568048427
22376,0.014007446898613045
93929,0.36415508400107
18448,0.9656807746465135
29101,0.6163649662962789
76956,0.0046964153630041534
52458,0.0361942709672837
42922,0.5916764080198544
16743,0.018122659581959986
29879,0.5403807443327631
54016,0.40755333501153423
44531,0.20974520943264274
3780,0.14293980985361304
18492,0.004489952250200877
43326,0.25789586468351056
97048,0.5568014532811706
102784,0.08803034061905379
78950,0.08218269727200744
69256,0.3823334029526772
71845,0.8302688484538028
23511,0.44934360441560545
41984,0.05205254481943759
73207,0.19112781598598905
100220,0.7154535613045073
55424,0.5600888077788946
61058,0.139991468818228
61570,0.06261396434483008
85636,0.30521997836250514
91625,0.22849575140388795
37965,0.3770884389644033
71595,0.7015551554109412
40247,0.3093752951121068
84223,0.06790842485342544
104638,0.1350488822301455
70859,0.7401575094651093
12624,0.05190352547792822
100127,0.08003351004945564
54697,0.010449214391086186
36640,0.02776742320369451
63935,0.8610940043626603
62422,0.025530864289038988
19138,0.30750163638724864
98037,0.36597931612911905
80946,0.1626660172936324
60171,0.006271241010658365
106524,0.8270361574599323
53120,0.09100583973345111
17020,0.06776723528087567
96643,0.007071646174626164
20516,0.2504958361363533
53943,0.39993546759425874
12422,0.5265699261938481
99924,0.7577262384753642
84727,0.030669942880080594
105231,0.16904780427858357
57263,0.3983352226289515
70353,0.20740576329394317
33980,0.6713419303621427
85067,0.09353423037360192
101473,0.08000649601347931
32806,0.14421700158611883
22737,0.10201905053305255
33701,0.041797461133577185
26272,0.2791000131356042
20245,0.08846545504972925
57009,0.11189357113407766
70177,0.2219781849993524
80949,0.6657666508552726
68868,0.17291188838717597
3463,0.04549022401253459
22480,0.2934763721251801
51061,0.0021865520769629625
42467,0.3346901789952824
22644,0.02867834071682549
77987,0.007797549437096526
38066,0.0007690281661657188
74817,0.11230009109792699
33548,0.011128809737390931
55282,0.780888748042184
68474,0.23336437776083158
28750,0.0305065128591862
100953,0.21310781829049308
9783,0.0004981382054492371
88666,0.03335488660450437
95892,0.7996710993081668
45165,0.02937825558380118
88759,0.23789805699510985
42942,0.11872804688608035
45155,0.15573623503744188
93405,0.30590643179932103
40672,0.006380358053338347
59171,0.9705834924794793
65048,0.07594640133541729
96568,0.031800733587979364
55750,0.001984182492246777
94417,0.1331725896036246
98907,0.10673616694346899
26355,0.00912807825706148
75221,0.30465721405162793
81834,0.9877477734115817
70358,0.5501930031750014
60686,0.36907182378447834
16970,0.7022322927082602
105727,0.9188027786636148
27635,0.06548292386736948
22266,0.11574664575959243
72325,0.042574594667384495
73454,0.11495858496195527
61216,0.7331051861685232
15107,0.14532279509770218
20351,0.17467268882363346
7447,0.20577934563927158
27058,0.002649124120127915
52745,0.0353046442731007
97367,0.5683206578688347
80966,0.011127903028287285
76862,0.02608190015826916
101425,0.17400423295691692
41987,0.042924292844283014
41607,0.14371106519618754
24817,0.0024401190632794127
18230,0.039774285251839216
24592,0.009779745746674446
26735,0.18119218827318545
335,0.5673968143116408
23192,0.08860480833812134
70543,0.9045702943865243
52914,0.6122622794812506
93275,0.027406027531578864
53299,0.8057211091994019
73633,0.010560912869492078
6516,0.42050155471645867
62779,0.3267122054469961
37748,0.04502325682636592
32439,0.5625632049915633
26327,0.6958348805782752
72512,0.2583853904690575
34319,0.06075921915494929
71151,0.03991897584135158
75755,0.3407835843374895
95040,0.4721023062030699
14016,0.12690325809937136
64918,0.18518527290272968
54132,0.7232085218889865
15137,0.32698946754999236
16885,0.36832421797898196
73850,0.39680628668062295
27701,0.39282648333087905
45458,0.013648170192299663
35206,0.22321559370667204
4690,0.03087493569559122
48327,0.015065880071570918
13359,0.1542470200478278
74847,0.04034046024431881
58263,0.07980904595666677
83921,0.15498456660491816
78541,0.04852143853855912
89353,0.00042808668789229374
46859,0.5392473099854377
43017,0.7467366585871185
33143,0.2488679419597371
44724,0.09642980477887902
98313,0.7209922513420117
18397,0.6245351387410215
33628,0.1685789450577957
83851,0.9068843866653025
59975,0.30447679387623655
90976,0.03422059985170409
17729,0.5681895673936159
103091,0.20595671222306278
48359,0.11287460267710758
52136,0.019136799750392664
92597,0.052434534802579695
102907,0.801967612578149
31101,0.08631504605773505
72001,0.06847081344805203
26604,0.8713990842230972
32653,0.023582402872693815
92403,0.9629340302092262
19371,0.147170379573614
33679,0.012859474429021585
100430,0.36538055538646075
46581,0.12046245583087017
46918,0.012912700944210044
1939,0.5714990079876021
65741,0.029694549726070597
64268,0.9543943294347823
5722,0.004579325971526829
52128,0.1291351172082637
32782,0.917220755346575
55399,0.11947655200280799
67305,0.09154488132811861
27575,0.557356585309098
10174,0.15636035887746363
20288,0.1234055573280281
100583,0.18596674675659192
94644,0.28625454976872877
69259,0.1998276880827124
66508,0.10522700175928779
75933,0.1204041458776145
73087,0.07961570810544705
62772,0.026802993781741245
7082,0.1079231916141779
14313,0.02042495736666504
34351,0.8368966989299209
13661,0.05399020505432699
84983,0.008388801343788563
71650,0.05739359082616393
25289,0.0028503562283348125
53203,0.4380062378246357
104021,0.8676234427969478
45430,0.034922891621587356
13936,0.014363195452251969
36331,0.49173873931672846
69153,0.07700344526975955
28211,0.00789100129676944
14716,0.19905564448845264
102105,0.006996319632738361
14825,0.41496853925410426
73448,0.34955695588053587
25227,0.03421721809776338
70935,0.05461048720686259
24046,0.09329950588748503
16283,0.7492203103235238
31587,0.27399850105930484
21546,0.6515521317797371
79216,0.0840961937507792
59515,0.34153752246869507
21638,0.06025817708604958
106058,0.0709301398982486
83605,0.1284895669704278
36027,0.12197727351770565
97547,0.14380518001352183
35922,0.5084819366823466
730,0.1362054842657544
91023,0.10067846288333149
41874,0.5970915087393529
63479,0.1588678639581978
53948,0.9591834201548051
612,0.10983100350212283
44842,0.5783210961248397
88286,0.09998836244146425
19006,0.12847648475388268
15792,0.12289702693247795
31289,0.18378352152533028
5520,0.4087277381957751
102071,0.8418813043855156
51757,0.8756718078229538
101502,0.06493359890067701
86153,0.001135765605063202
53017,0.485215450545983
35422,0.05699305208566484
47390,0.012915145052238116
6754,0.31536952043132155
15689,0.14011989771968625
60671,0.08252805379825856
91200,0.4338576620511509
52291,0.5370049695406515
64996,0.41965037648625425
105948,0.05493768450370523
9304,0.14814235879782123
80363,0.21936995965470069
34303,0.643843352815478
90897,0.24236251709741607
6223,0.06765966382547482
30391,0.06533269383360153
32600,0.12358664172827893
22314,0.632674676854083
46471,0.6330145165487688
62205,0.01423154815845009
9315,0.018184521684712317
88242,0.869879225899965
16829,0.007632791667213679
10937,0.8784642565882235
75185,0.6946528415773944
2126,0.176318027171405
66867,0.028666708590821093
27698,0.8894034045012458
69135,0.03893195115235352
28872,0.5847213765247865
73182,0.11412902692393329
99186,0.012004813043638117
53803,0.43909499125078155
15957,0.02178156144146538
13066,0.19598726657020127
59759,0.0013423560729582244
78727,0.9950967938087979
87613,0.24457871629563205
97014,0.3750694671907518
15607,0.03353589058926271
95372,0.04746241025610671
13583,0.05768609253078022
21859,0.012051187966100427
37066,0.022324704405412264
20559,0.026283309363601966
28407,0.38943778251753347
22575,0.1085197013261377
587,0.0004997591428215751
34019,0.3600934287375147
44046,0.01037822272704864
88009,0.8818126528484724
28935,0.5782043631863705
8002,0.1893746235331969
89504,0.8719953563334473
41174,0.09434004572870253
61524,0.0863813599639573
47615,0.43449284795805243
105017,0.044688327019146636
102282,0.13267468739646998
38116,0.0031630811350318775
77889,0.1944242463368438
39771,0.0014991242453469096
49032,0.06754264767194376
88482,0.6981634562155573
14111,0.687463568939939
86854,0.12028323824961523
60957,0.23545027853231432
39641,0.08381505411147733
42799,0.8293587569801821
12118,0.06647625448039382
51727,0.2921414806525092
15511,0.2761754393091802
98396,0.7490492636066105
82341,0.2004619039165212
59102,0.9475605490601751
9319,0.8203841985633813
76311,0.036053438935866655
88119,0.024696253429496013
88687,0.0401609707628796
2030,0.49940602511836313
93612,0.005639285756857976
11548,0.8664660950944938
12642,0.03228397808328478
99898,0.010668741153813872
105337,0.24655767030713827
71373,0.5517826217603902
79240,0.12495926918077416
2341,0.05472166186691064
70902,0.09755453861204527
96103,0.05375044868374034
41700,0.19494599076540237
7147,0.3451962412087657
7007,0.35596627523041946
28257,0.10932524834849083
34787,0.01520293910704073
85535,0.4517263984488076
56441,0.12494366619466274
2699,0.11627857763914407
8631,0.8334043511245502
84841,0.08013130742414148
39509,0.3934247617190957
43930,0.08617640370096546
47111,0.0068134113770090855
49131,0.48908725174552764
90388,0.23153350549665852
94044,0.1765604755252797
9162,0.1063186552627769
82380,0.06436188943683102
9411,0.48009844442761096
98182,0.3763219968037055
90514,0.2630439886721066
31378,0.7980017034348457
45250,0.016415845958288433
9598,0.010888214778634941
97221,0.14563565058231465
81497,0.9786868034762134
98919,0.06766686753305352
27463,0.008716437174980593
5343,0.2096705113391369
17970,0.1653790094129145
67267,0.4452760028838597
2920,0.06761618909195637
69177,0.12041351620597457
78678,0.048076857232193564
624,0.45576036401782327
93344,0.2545650791517142
46833,0.7062752061246353
6484,0.08933363379281206
34094,0.12226203125818208
68673,0.07816111549053617
102049,0.18717365710511025
78665,0.3063948156044544
30774,0.10375753325518555
71388,0.15585075600819526
18098,0.026345890140032177
61249,0.08781015152455873
37708,0.07500547116240117
64796,0.04982873886717874
31522,0.12070329336839569
15285,0.08098895037631931
94412,0.00022883405657960837
59543,0.4309810347114922
3384,0.6174570596816977
37901,0.33563862435108904
4160,0.7156904370009614
92593,0.06079424775327036
36246,0.3179288409316839
95420,0.04836886176152666
100479,0.3710264983698713
79834,0.12538283502944436
50875,0.39899254668524
87895,0.009769330715938974
30615,0.11185992352480756
59995,0.05414747792446793
96199,0.012651306752452445
13289,0.03904805756286689
29169,0.030463622034304083
36913,0.13733312332211745
25147,0.16684186782512123
61781,0.2699986582388876
22565,0.08158768500579028
7300,0.0014418555436726968
24634,0.07136124412214308
79365,0.031042366932302255
16978,0.004416219535761664
29800,0.24660653788176623
41469,0.16058822686913415
77934,0.8831644764333344
69715,0.13392129790356533
2744,0.13004238730452977
18563,0.13632124259589018
96077,0.16030003341923116
23587,0.11565276106384514
10769,0.0072923748220201446
75143,0.21279143454361538
38952,0.2546627477762671
92487,0.014778178522591995
92852,0.7054900674091761
33741,0.10566303431035656
33902,0.9391174796576507
8387,0.3887894188747034
47210,0.050425818876407055
46410,0.11432273723269898
100548,0.11077298239644279
840,0.08276584324136688
16871,0.9339400047782992
69437,0.9267900282163725
80467,0.5766041255483023
39798,0.19637361879785348
1323,0.02485628382720364
106370,0.2997021098721408
41262,0.6639159815967015
12529,0.01978735095891488
44727,0.21591085065780735
52761,0.4383322980964361
25451,0.3307579042144134
73342,0.0037662045274465196
51204,0.055492147261884534
50219,0.6695954550389298
19132,0.012205174061622526
49538,0.049646461741910994
53730,0.04799706469054876
83910,0.33527707519551564
29115,0.9828060778105169
41208,0.003571939319761859
45546,0.4267852924160923
24811,0.12196166697513422
45037,0.021555397331415496
75843,0.15612916654022752
25941,0.004774408374774621
94261,0.7870391330177702
19173,0.16830873141933123
48509,0.22524551698795203
93072,0.18472726870234168
58237,0.13138614287136785
74013,0.1925149398305353
75227,0.04014050670630959
74340,0.03768841049613952
52427,0.36185676648838333
76151,0.03427493542875378
47316,0.0010839444852632457
55460,0.11488069217533975
97175,0.2063678369834096
38989,0.9395733798106451
10205,0.011486271318994897
82051,0.029407531035148062
35157,0.017827052767563623
3684,0.08351781416270293
62742,0.0026495765101760076
74496,0.0003900590568293841
75673,0.8957254018378406
15522,0.8588681988224462
13945,0.011713069589666362
1132,0.00759088775373225
35054,0.6697286937011696
21891,0.07786814094704475
28508,0.37090391211875107
99815,0.1413705248937675
22532,0.005683999411213526
58976,0.049160228234211394
16774,0.19906253333920498
98786,0.4127658492351596
46517,0.05521225782880952
17633,0.11711516161835606
11745,0.00034014290991808124
84784,0.17479181768939206
71139,0.07762281104211405
104770,0.985484986215705
89719,0.24981078428189563
5742,0.19963109146733582
37390,0.1530002135135382
45416,0.11687369409561776
30994,0.4451316100398927
104066,0.6514124876010168
13560,0.9098350814091133
94239,0.4523175442175792
39032,0.2253427638434522
95684,0.25824819613083044
64663,0.08145737344813853
42612,0.22464024538945754
69293,0.0024116312952808436
100463,0.7109147195567683
104864,0.067564309561499
79177,0.8190959203257755
69146,0.03479599285914061
51569,0.294975166797094
35303,0.9056998983359825
38169,0.17202727156883174
26110,0.18878074148958762
66133,0.06713842947066248
3140,0.006691929276930641
29193,0.091443626310586
66040,0.7371036511253231
67577,0.12470618327955307
75311,0.02960325346458655
8345,0.811593634667195
90116,0.6000068951488149
46161,0.5790222813150212
84368,0.2549372505292273
78423,0.15052143162050136
56887,0.9729159137486936
10505,0.0013908065378814881
83449,0.10752674431556125
75064,0.02496992776341525
45316,0.44149195995082313
81514,0.1637846807692322
17823,0.030319477605081798
45536,0.001923412749085524
81655,0.4863059142753564
6158,0.8375768925966822
3300,0.014806271932952909
81142,0.023994887888478582
18928,0.03262322913219799
61741,0.8197680895067985
81049,0.002911917229970126
45626,0.2361266953092674
64241,0.010318931742027209
25516,0.21377962940099315
72170,0.061805058807595625
100821,0.45097569934469506
100960,0.7715295652537602
104637,0.4271373301723427
80263,0.5576472390107745
40346,0.06938962866068475
51405,0.01614743181745527
96165,0.014210514116976398
62043,0.056572747903511744
104120,0.04646229038636895
25968,0.4332443569881168
91802,0.33047933647193584
7133,0.025958019729083816
18262,0.040073712368879265
36397,0.056947704110280634
64608,0.05692104851711278
45205,0.14042035492892785
25746,0.4817434236923433
2804,0.37575070482044653
10138,0.08812002547055536
30962,0.23166922872328743
71016,0.23832612605804998
8465,0.1535916902365453
59750,0.2450443211705185
94078,0.7131970422902356
30547,0.09939525221790385
69169,0.172737799392768
48894,0.01767238045546293
64141,0.08080797286113262
33295,0.5437083980379585
55670,0.042992416922110116
13345,0.6921099196588951
99022,0.5530548283674517
55163,0.004592852937677672
71695,0.7948765304673435
37627,0.17193839324630072
36532,0.22571707092601406
38401,0.03674286779588955
65083,0.3885673466936901
98493,0.35643402796808943
23491,0.1969209141241029
47409,0.10871397392337678
73059,0.1445373352523685
38282,0.08473378372451812
78331,0.22223559510172425
41343,0.024922976722262312
19089,0.001288972141407464
50730,0.006296686486611584
29709,0.09484519935424152
17481,0.11963854925067241
80830,0.12616916053705673
5293,0.09042594397216458
22072,0.059237353934892406
70083,0.18537650313713966
82737,0.4248867943481762
84345,0.8184062198332698
58697,0.3343583339653269
39276,0.04987915243414058
39945,0.8871530916767286
33739,0.061810349179135374
3954,0.018895943514573937
16658,0.01059021022243558
57750,0.05904001410989333
20077,0.10006417387441746
86803,0.36081952711605403
2956,0.0027000174098501303
72623,0.024561934648382376
16102,0.5784221234726613
21732,0.11828251998218658
67154,0.010988441024666699
54507,0.6595131019200428
86594,0.24126133594134302
35692,0.05218009903122883
65734,0.1580298358969286
18208,0.15529975261537632
104960,0.18854688782673845
98614,0.24153753818769014
12300,0.023845595494779905
77125,0.3155554157055621
104456,0.0734643516182542
19143,0.04343758049857776
42960,0.5165416639876028
29258,0.1381873184339018
44894,0.015879591373067724
4672,0.898512403521486
69189,0.31104662021639
59597,0.10735276725629611
4210,0.28620618832754335
62642,0.020140852145555995
55902,0.950884756331211
33596,0.00026112847597635616
88952,0.6332965297267128
25537,0.2837168071290369
93630,0.9696650291262968
56945,0.041972612058563945
89831,0.15185956845923282
28455,0.2184997221620706
101881,0.05610521851369185
99064,0.7566570974309692
2793,0.7778320301339531
59290,0.722904791791396
6529,0.17009221265933738
102926,0.24135295679636054
91793,0.07290365761560232
33522,0.5286283906773639
20955,0.36005607498474146
92720,0.23431423352215658
57316,0.019145541184139317
53863,0.669792023109045
4669,0.9812030782136767
28736,0.23244003775401934
49200,0.010428183677929642
66982,0.4677795148522269
96637,0.03592627607923433
41900,0.2034722792296807
81511,0.1697249587250651
88616,0.43569131618173107
9190,0.4036066379907243
34235,0.21853154198168656
27646,0.25350054963518553
39697,0.28528196516516774
58532,0.6149839990773415
28966,0.7438529123804081
35518,0.02361899940574312
103877,0.0853247896382115
30623,0.5026803902298274
86938,0.12977114968336628
65653,0.011309007360384541
88180,0.7619737805445377
62795,0.13744804222529994
4105,0.002466272193417523
78024,0.8970011383326272
32038,0.05409620443514423
53792,0.07785329624610315
55852,0.3679554876779126
57315,0.05217061097790418
9790,0.581089332213602
17167,0.3684702585257909
3719,0.11712992954894946
75499,0.017961375934998896
47165,0.28405934586071613
73307,0.019646909311761978
41648,0.7201162437223678
69039,0.05902433895211829
105121,0.2606363206776514
43914,0.09451728873157572
71009,0.14003567606025835
95183,0.6200839528126428
30480,0.03985333135433264
53988,0.11563039009904064
79258,0.22627365800865168
90968,0.10210086630003434
42384,0.47173894717196335
83707,0.13892185784600197
4101,0.054617832624513515
56912,0.9831555688673554
60741,0.040203636592987486
25120,0.014369415857529138
10721,0.9755488974206117
56580,0.5421784593830486
101869,0.07596896054726392
445,0.05758502899259314
20685,0.14616561233133463
23309,0.7667058265677128
77783,0.2161510893059122
63074,0.002434410279162877
107081,0.05825830525861944
70761,4.123859122025023e-05
73498,0.7390747750648503
31250,0.0611816147123567
72200,0.655348557560617
51071,0.045640997290473634
40842,0.22717465450644708
54965,0.027513730892949208
42180,0.165938831125452
57221,0.0008051900499641792
45115,0.7701811804347666
87784,0.047579504318882734
83808,0.005372798001311501
21793,0.06853395263648324
99415,0.028287987027599
81686,0.0747244887648349
98808,0.7552361776814563
48005,0.021083076823466645
59693,0.02113313830223285
22613,0.020405281770288195
10661,0.2322308883176777
93545,0.2763186756016308
36781,0.0041037506114547356
49972,0.19073641249456647
100683,0.09156015419180186
79955,0.03859510533876345
83111,0.8590470554625527
14099,0.08085421583142971
85792,0.13227857629379086
27385,0.012255305300053013
33173,0.6309891465523705
75895,0.13388361763561357
84183,0.8811634474840113
37174,0.030915328280102992
89403,0.030988695057630914
57812,0.011798839482177552
3185,0.021427325025782196
39174,0.5638088208534615
69360,0.9158612898973277
22507,0.09021752100300823
81591,0.29834573479556115
102166,0.6951982820037845
34669,0.977097894727796
82246,0.5633014777405825
5417,0.0012093300274973852
45202,0.5196116480727602
42806,0.8322041922155852
8407,0.4047642088542236
78372,0.0038055965763502484
96394,0.0471398704747112
5368,0.4470935667837623
34576,0.5846995593023747
4612,0.19546246350674512
89532,0.08015743037251605
86314,0.08032212454936305
95227,0.3148649956861373
77002,0.043254874153210304
86850,0.08573148905397665
83431,0.6220870996013428
8573,0.002672629102291775
83053,0.5078576509177085
92077,0.1795180258471742
66619,0.26169140354768494
2864,0.7832707689343856
93017,0.30221744657819266
83756,0.03574446252771457
6958,0.2493776184883656
106099,0.22559726371642974
92752,0.002280704373905442
26016,0.5332647138594651
9794,0.12794524946538516
55053,0.10209026769308904
32697,0.7935880395621812
23931,0.4496741446260141
40261,0.3606272648222656
87744,0.004261933019669858
34747,0.8545067140535937
91828,0.12872578105912474
60789,0.0009697023314986733
38808,0.009828661169499481
18662,0.9612450252513554
6236,0.13225188146520794
19728,0.7915724200088883
91822,0.10009142853005104
81110,0.9762653421415282
47527,0.14482589309588717
90318,0.10036156727228868
44876,0.09060559645261757
71809,0.16356934453444938
13625,0.003829708612098083
43644,0.01026363439575184
83971,0.28740929621776823
82581,0.23704263294498384
42259,1.815060903704427e-05
85536,0.24689127249111764
8810,0.7336566373637181
78459,0.5072341460800773
33500,0.2539446435556343
4257,0.3445508512648813
93240,0.11312166895637493
18763,0.3423060301121753
11424,0.029524218802927122
12884,0.16610468763532216
59731,0.5222563674436693
22634,0.012105722149655808
62732,0.1091325534658466
82430,0.01676666642468154
97227,0.1462676931863725
5764,0.05891785404541636
50370,0.0720548466152073
89427,0.009609549662991932
8497,0.0590659175214729
26922,0.4851033293449482
40011,0.10779990968108305
22981,0.42559272932756814
10271,0.07512225249899222
37880,0.773186273855436
83457,0.5805410920639992
29979,0.006749917996118643
22629,0.5588988634929909
90503,0.11143682787121911
15109,0.46045686681796316
86748,0.009149939115274782
17755,0.474965512196033
93089,0.0818356360007868
4336,0.36749019598471144
54923,0.09754401978928595
20668,0.008119714692685067
102335,0.8728912855061219
79895,0.0024165038969687553
88203,0.03876782162057147
57553,0.04806011832460443
61759,0.007274413149190634
40449,0.1875317741810279
37942,0.5750863518227439
52407,0.06688902410155964
97596,0.12033706263952626
15372,0.0072963882101074965
71980,0.13805381669522648
8007,0.6835958107986683
5142,0.6022545589852091
76923,0.08214765205046914
32475,0.016562068230966804
29178,0.4917824035071678
43300,0.9859573677189637
105217,0.9612117043345971
90316,0.12005351091830713
48026,0.8371146219105735
27332,0.15219489183983836
105230,0.19438853683084473
97829,0.1025782701729574
99198,0.05701902475472177
53937,0.04497461355603559
44244,0.9979588872701507
95415,0.4869440729265841
83331,0.13418879507483056
83346,0.23978862301614184
82768,0.04889095872246599
34756,0.3812585864182574
26171,0.020025690486728868
50245,0.26579160873277125
42457,0.01141875239646265
50373,0.09301329331555863
28575,0.2137744566532151
91319,0.5051735595524841
68711,0.6124902848200915
25464,0.18296776009410143
101221,0.35541067025215795
12830,0.3987882093769915
88138,0.07914069018611286
72978,0.9618028561868022
103836,0.006772649968573406
66988,0.0943626989344169
85081,0.014332761996375171
73508,0.0032727972991112813
91178,0.4884794530421894
9724,0.08771335223337706
38974,0.049968315816821623
3592,0.4847994147345481
61440,0.11219035961013613
86583,0.1184961892353924
106458,0.040068630312171116
13015,0.09005964654793913
21510,0.006498179018462229
48484,0.6349070174805791
104183,0.15805452225683442
71906,0.09694490075319379
59569,0.024903990644623623
60361,0.1387602319482294
2057,0.002847895074163818
17177,0.9956207388956528
62283,0.41950577896199637
52036,0.7170470555077522
7523,0.12143418731408201
33337,0.8597184639147757
107091,0.8753999162837167
63922,0.04494900387622552
54527,0.13766879077865668
52444,0.41714111461977627
20137,0.026218655944730697
38681,0.39667586481514505
97847,0.06368509810713173
84840,0.2037199741256414
55970,0.16074141084092042
41342,0.25011425111064356
59140,0.9091811839265951
66421,0.16863222295721053
8148,0.025625248683470065
104694,0.03193962982376687
40263,0.0018974104180713223
31403,0.8897615685448046
58366,0.6117560550039831
13510,0.3197307561502267
10521,0.0258208061562871
62092,0.842980984860732
4466,0.01796432594842766
55710,0.08796818411349505
62393,0.8052143662448931
29986,0.20917644306580807
41376,0.1478558757617237
49512,0.21770309437234042
74880,0.9915940968085306
100373,0.9482650676081359
88792,0.080669221089187
102491,0.32748017013728414
42734,0.05248188538279019
51057,0.02169655475638216
83560,0.9516366696679436
48485,0.10498331147420187
52786,0.1238627134561095
20893,0.1369371869358364
30127,0.9942914841882838
107087,0.9957373494457188
76504,0.025463178487209432
41143,0.004487353341424979
6901,0.18933223791836734
22673,0.03655343819228443
60889,0.031361269430271316
105169,0.803016078008998
95140,0.03643303777412024
63297,0.2716777751427092
106392,0.0796909579389064
88395,0.13318202584147132
102557,0.0360467195930889
23934,0.44200099075749927
82077,0.4363229950716434
11249,0.9498669494672046
49965,0.4248497636122758
73811,0.10700698231676364
48603,0.43723802488997554
45876,0.8668276155268708
48268,0.03350282948049025
79541,0.3650105543162163
58721,0.027754335484463433
16201,0.01432807417556508
97864,0.010662301909195517
89613,0.7529791863707485
42372,0.0267579018742075
38734,0.7595783700088061
37127,0.8142740837240166
54144,0.10346873744107571
91637,0.6365608466947991
47504,0.3334121359013986
21559,0.15740388637044045
10931,0.17158286974826592
93217,0.45889853225332755
21914,0.22513520387273023
10161,0.17005202017988091
103111,0.06685374906758514
79662,0.9836849540967985
105156,0.090191517478453
85806,0.029404706904887678
44614,0.49761019510907323
41219,0.046550991891220556
71606,0.11444626551404624
95894,0.36375545721114927
80629,0.1267564292053942
23741,0.0019317758950308482
87653,0.5477038363995139
51403,0.225320095831121
87417,0.8013926036436286
100308,0.5234930798967826
35312,0.7700167197321561
25292,0.33570059248870926
74924,0.32745078627172036
32872,0.3218213264882363
30911,0.345985241445132
101341,0.08720303447055178
104179,0.09648157829697457
63203,0.0028406373184934083
50326,0.08028403674579554
105499,0.6636528495487921
10766,0.20123673288455607
1285,0.6602073439659816
51132,0.2624134905154266
6558,0.12080887562295484
37407,0.02174971608883558
37418,0.28305243240506106
27612,0.11272714561226194
54642,0.1251086949450746
66683,0.13344326900594533
11716,0.0009860160462660558
55668,0.0029691718483524712
105308,0.5298425325927234
17721,0.8205388032281603
15348,0.039745805099241714
84198,0.26116852005800273
87057,0.279461642043267
43591,0.16861142663475476
82058,0.27247023757817823
103957,0.08155881920352942
71609,0.020664172596089818
71336,0.0781036511325558
3950,0.088134661914687
95071,0.002292195589139199
7367,0.17582906248200514
67381,0.0059371879257435435
94939,0.0935722810115428
27144,0.02300953924632135
65879,0.03286639982777378
28707,0.9975867974652569
103783,0.0227359759667475
1633,0.01668904082005087
3921,0.9585798489533951
59606,0.1412856335926539
56268,0.9693488462376137
52884,0.5782690763974969
534,0.4160741820598745
32921,0.10492718664698997
75744,0.151580932054932
53067,0.27157283141024885
61464,0.9718698793662346
34755,0.037052233786827406
9339,0.39559429976819216
78018,0.10581896426974857
46704,0.10776070087656403
47227,0.13768188073578408
49061,0.5720694711334101
34870,0.05644453658826396
8242,0.7105735049901325
93720,0.22455154486632417
100551,0.056010365364670536
9180,0.04715046281083056
76741,0.006842477053755541
4263,0.5402998398664632
24905,0.04499743277025675
5098,0.36676284494365563
66297,0.012823362067161113
40786,0.08147614918836482
84270,0.30575193483290736
47703,0.3482399499862613
98906,0.10939984931727964
51148,0.0009868119778075868
81097,0.9110036642318429
7699,0.0460691809079733
25472,0.29676975328271926
25664,0.019258482918440956
64195,0.02822103291439123
78344,0.7534892933302229
97718,0.49196785686718203
37288,0.08240320835996262
3645,0.05373818292807709
48948,0.17551958783645716
72958,0.853465402917467
16042,0.9869661384783252
71646,0.031834269139033915
85711,0.15917548634618628
100769,0.06650445151435481
65382,0.2673120698488848
73602,0.8814036850906053
4202,0.07524996526612222
22149,0.9169547903325987
40010,0.5947579207442828
27650,0.433389070659584
100452,0.3811564295543858
80137,0.04020366753855005
28510,0.026865119090431926
7165,0.04048701844519092
101807,0.10006762750555898
39464,0.00693096778748196
75805,0.024327565515145665
91920,0.0261829244252457
39745,0.25355979836471565
82288,0.16305418361205792
102738,0.6738686066350963
45685,0.021227260986638397
41576,0.46079600951754757
62792,0.009968653630858913
55996,0.8627286181411655
47448,0.4753292329547153
75224,0.017418598815426966
9998,0.4493660120136854
66460,0.007433933647552947
11277,0.015560789110944846
106840,0.16297968146514852
13405,0.1432961761921256
56969,0.02272369202183518
9838,0.07563903904838848
35955,0.28519833747293366
25532,0.028378711772742437
21441,0.16230332197443903
9503,0.5187788970864723
8880,0.06597453970116837
16314,0.7598458510872754
59726,0.03748297025059571
86100,0.03024422450896613
82970,0.03704326853517562
39111,0.007182712019108267
87080,0.13964895909504227
76817,0.46365370625481345
43078,0.09481759167002352
67620,0.030093353214428097
24319,0.004983126430760758
79643,0.018023634925073497
73709,0.03130147030853018
95459,0.8898611263918526
96430,0.0862728712418
16801,0.7382636486800396
46047,0.8970191786501681
55978,0.0034721495948185585
27843,0.4058876822919077
34122,0.004191282177728006
43576,0.22640913162241472
83429,0.014405191162117165
1778,0.0736452406105525
67745,0.8540458562563653
21855,0.11362163853197255
61740,0.2042281700773818
103793,0.186636803179613
15920,0.12220009088940831
67490,0.10770370629224635
15756,0.5680386224654
916,0.00376794439784201
69333,0.3956746727034932
157,0.03193611031948366
56053,0.03503857013479625
96323,0.010626055416274125
35005,0.25721652125197236
12926,0.08277946287174287
42523,0.1499855589690557
78491,0.0979452267078979
36954,0.3053864304586126
20095,0.05147720920099938
27457,0.8949528661969393
37067,0.0036020975623221054
98125,0.5499998747501743
98454,0.34423357546297023
1655,0.3316979222657827
53739,0.03015415127081221
37825,0.46119423050697106
77336,0.3887995180832206
84582,0.008568643067286365
67061,0.028252510210314736
3584,0.0011812794148100979
90723,0.2522176640578929
65421,0.36831136435500267
84127,0.07319466585286952
75622,0.0787826053217125
42404,0.09392312311379414
79522,0.40638746140737403
72976,0.7088381914274007
14077,0.41618414941491255
93324,0.02231131646126133
62303,0.215968660749495
74728,0.05045844362111261
73053,0.21766141616313972
18672,0.1877528718601178
107162,0.27756368568813616
68611,0.0940373995642898
97984,0.160635681307144
64440,0.1801280878847839
106360,0.45423302479904526
12252,0.09359836524851911
68088,0.027741169303274707
59223,0.21075043026234208
7341,0.007980637851448234
52311,0.5001191687614724
92580,0.00739115540247681
15850,0.07298029276263943
47112,0.17598449213730616
17840,0.13308747912702423
63433,0.12749494204478662
30976,0.0219264264332964
59214,0.28750174502778414
11767,0.019350956406187433
2569,0.34201060258235405
34246,0.04729145302060589
68725,0.154877137956277
38118,0.7543112438242203
28619,0.2478964683665088
28721,0.37991151988854904
56811,0.12284460631284544
32609,0.005546222081122561
98733,0.6042070616097622
60450,0.9102343704058253
42416,0.03383362049016957
63694,0.0016476493318535192
70553,0.001660015243411855
22850,0.44241234579845024
48756,0.008643107565570558
57246,0.06091973133018235
104854,0.015813102031582416
100932,0.9902168947096517
1125,0.058370120796078395
39762,0.43463780225101634
52919,0.320806808673766
29817,0.19503375949531
101696,0.15211402379220107
5808,0.014687255627126092
67597,0.07501368995233029
104055,0.9746684385992634
46600,0.008153221973167835
97440,0.16801021812005673
58768,0.155886594400366
35074,0.1196095681783012
99450,0.178759823034844
68486,0.04766824289708744
33665,0.022231484438270253
52918,0.9380386828993161
90284,0.0604811444486767
101159,0.051011331434121364
135,0.8331750309165693
38045,0.14042960751602868
56648,0.00520515163077565
36159,0.0053310810991380134
64225,0.03588839546136346
92833,0.07112857141453192
4591,0.7519849123996853
33095,0.23004436589422234
83857,0.15048775254323776
103262,0.45146782124004087
96494,0.5267090778868827
28081,0.2383047698095186
56014,0.08605118207982976
68780,0.12940930486412172
61532,0.3491688816384819
72605,0.019202242557693646
69316,0.589680087633035
93904,0.39881494653414196
2934,0.5818005949942943
1878,0.4309212916795643
85705,0.05155180718603712
91577,0.11702320820518514
7250,0.45224755087796753
48804,0.19726609413061635
95013,0.9511049834226848
50457,0.10875614447254667
46414,0.3128863536187435
3284,0.9472461295755741
71376,0.38906294658586094
44493,0.0012372180634163548
81588,0.12618976116550684
8994,0.013724649319696768
17124,0.7098564086370724
55422,0.0689895299971681
11562,0.2446375016609567
12086,0.6041281589046336
80526,0.007776716847511036
40115,0.1358572872124283
102586,0.11196783474964578
53343,0.04211981195634273
70382,0.04112456408858057
22615,0.08849215798567334
42924,0.021958090340922144
86601,0.018322722135652416
40393,0.9862532713779834
102281,0.41589356224184093
44481,0.0005481680010119823
101276,0.873466698326989
23296,0.8136994024121993
17649,0.12245154023291333
67509,0.9673224775528526
32363,0.11034836560048761
89440,0.9538726511873742
91099,0.5863687958774301
80637,0.04613947598892348
85526,0.990302109672901
82456,0.005091194391764602
84242,0.14363467476443076
16361,0.031361934208215536
102119,0.4792096415327938
68479,0.8817527661233213
67209,0.9990341241500886
18542,0.027356687212250666
92854,0.7046629744996533
93243,0.052221055825252875
91451,0.09217175114746812
5295,0.004710034744655847
60797,0.2038057799004428
38001,0.9687787802584985
94119,0.3520166787943628
57684,0.9183588434637859
73427,0.4121257078087184
65312,0.02419030347163927
79589,0.14526473424478498
56257,0.019328416682383377
103145,0.0864469041627608
56980,0.03217745662707536
15829,0.394558678516314
6905,0.008056185876595104
57594,0.11882999236524888
63118,0.05058126814668051
10383,0.3750633530633848
50890,0.042883236386818374
73451,0.7768231986011562
75946,0.9177014541015456
15132,0.33249704724229473
10636,0.49103262353787486
70920,0.8882306598741544
29213,0.1399391541357975
92386,0.12286169827004717
76339,0.03394788094828488
76246,0.0867160806599594
99785,0.035942616140521425
89465,0.8829191511445853
55918,0.7655453538344197
45899,0.00024288944747286097
39400,0.057641797300769314
17310,0.8734398929230551
31284,0.8224838571911681
55262,0.0632521109602636
40292,0.05240073190535688
10063,0.010342557633111647
96989,0.05866750113574395
69908,0.0003292186129157949
27525,0.5400813785391266
23382,0.016724186963392118
22213,0.10273024738992004
75722,0.021772008664454747
100231,0.06584370788779272
43606,0.16515245639889825
697,0.5388937773317455
18823,0.9299758369565829
94353,0.08158056226033522
14417,0.07750631814484689
87023,0.5439828985175822
20149,0.11720897211487702
42557,0.12982908965369233
68970,0.8001616042224003
63926,0.32907074583109414
88152,0.0028416197029158125
12998,0.0027092036661480272
57911,0.7154449068962345
94631,0.8764174725720302
14833,0.21150181970017762
69160,0.02424455286580401
26277,0.13918084209226628
10398,0.31620517587803565
106582,0.591167655750034
51161,0.46768985100495925
11660,0.01065614813539416
84105,0.13410259441596795
44266,0.4156804856708027
20714,0.010210387938892996
40284,0.15940099405629482
29765,0.02042857707653543
21739,0.2619464575383059
57896,0.3845794382199852
98889,0.8084015446256505
21034,0.01339771093214743
93075,0.00033005746081046355
39388,0.01852292187131902
34445,0.11756389728888511
89148,0.017377240871188568
100822,0.8195079613699742
87616,0.7883090525887346
43267,0.10314598441822598
77726,0.3074818772656216
74819,0.07474722523483572
34091,0.014140087625233904
36160,0.7227200472314567
16567,0.49449049118060173
36427,0.9468844751505028
89343,0.7256874209801932
5236,0.4029011892815557
19656,0.1420071461281998
17120,0.007763814257090126
78119,0.8383745507444467
67326,0.018802890924473528
56988,0.0016130697847739537
42774,0.0333474589009799
4252,0.0019033775498753804
45036,0.05625521395262766
93503,0.015373231878893516
36503,0.8888789003150452
6668,0.6806436784208163
56927,0.2174462222278093
91031,0.021342195652289033
38040,0.08018077255320816
8788,0.09265428487768262
44341,0.7347965381872601
30446,0.18712231461276313
22399,0.024022991476286015
19626,0.19777578994188022
57714,0.4231280528811321
106679,0.10756860490746073
101317,0.0418031249210161
11638,0.09668085516399072
80259,0.1781697133679479
43094,0.44457143771628227
97482,0.6433234460248816
97261,0.7032719022874893
56527,0.05296791705438935
66716,0.017588969720283266
75174,0.3332953955806475
80517,0.024695756912201793
96147,0.7827539737690373
73544,0.07946863184585701
101381,0.7642119863004058
5786,0.003212151203167383
11843,0.04594932172049926
13605,0.3868261717681034
15923,0.12992629266457623
78457,0.001501305923640155
89640,0.05130831275050994
61076,0.01487633442644038
65399,0.18596069729931963
21070,0.010586590098196865
13288,0.23018427259415636
92767,0.02820320540316073
88463,0.180935036705134
5771,0.09674702119235612
52482,0.007364860919144148
52211,0.0017614083787005413
35699,0.033202736362682596
82819,0.445365647754039
58323,0.14037880315528134
79455,0.07458769344064088
101021,0.06691709371728376
101900,0.007985562061338861
100855,0.05005776623850395
48913,0.073216962969133
8422,0.11913095647647642
21591,0.01938314978895809
68410,0.6584133177482029
82562,0.2834626618674316
20162,0.7036954408717015
35733,0.8243905148343136
83896,0.003474197659109887
79445,0.676873465121703
87804,0.006760209984275203
17189,0.0027813348953663153
23028,0.04366402393490113
14654,0.06375006146654351
43912,0.4493279132963793
105665,0.17215802109654205
81324,0.5415828753036751
37554,0.1227230712161626
65714,0.006986610556444127
80642,0.3205169905213426
24924,0.9898765727247829
104113,0.033803227201744016
97902,0.13114305762038092
32324,0.008396759497226533
46628,0.13495627328799104
22477,0.007815942379136612
26253,0.02703109441660309
59764,0.0009406845878297377
74929,0.27365261755546283
62838,0.5531075146675027
41245,0.6926311978596519
106914,0.08234405397180167
38662,0.8857095410286231
83189,0.012214192411415992
77736,0.1334734420280701
60421,0.49955860076670167
12258,0.04515371178398678
47169,0.43543266420993293
56070,0.0018576219229824906
99194,0.059512043035721024
104296,0.001290440679282733
90967,0.4846167969422989
50117,0.08708599259837707
4203,0.07679909836205824
44757,0.1567114039862731
78023,0.7385548174104724
100320,0.06348692546113034
40426,0.03172154127131894
40344,0.4048937996461903
20063,0.04359624223613066
94130,0.2835221054049364
34724,0.02350294873761285
100774,0.08117575249770059
2965,0.28679922315266915
71324,0.09696752160848665
46590,0.15081472674823843
17034,0.12195218795160145
14757,0.040415021720534745
72404,0.15159282785281453
26576,0.20914384717338552
17312,0.004863649120409587
95378,0.1929053077116364
77843,0.13464405912753563
88236,0.004789353855870425
15364,0.0659766651056623
104748,0.4640524522100977
20900,0.08677130220061824
93581,0.6934578048701653
71,0.8914506608323909
80931,0.20553518423871686
40609,0.38352262720282193
93206,0.09748494904803884
94585,0.13806430330787967
41345,0.16317833938744986
93711,0.5925161164535352
3892,0.11433923598085166
29616,0.7651341641309948
39536,0.08126260401486585
9635,0.42396835187849974
26716,0.13364326877398108
96815,0.06642094874201618
37465,0.4580835155543325
64776,0.05468945508972031
55191,0.22958636368916568
49384,0.1501039323012761
98150,0.28729031193739263
5983,0.9486538119379724
55979,0.010853224737486407
54609,0.1231276988705704
32907,0.710408148455563
90159,0.7765529785357907
81811,0.06620900506729346
7903,0.059548413226118355
82655,0.23891201284706298
28323,0.32179898889712844
100157,0.010664842250583666
14820,0.08784858933735634
68270,0.12796248453323117
29311,0.08266361351191087
24196,0.03407463034388829
38767,0.9514093817077486
5309,0.010104938062844402
24604,0.6659152721876407
15359,0.16722376939849914
25016,0.041004763175288624
34009,0.29470241144026216
59027,0.6959640931397915
31696,0.2882772623043821
69253,0.42608421981340056
74784,0.009169583552197231
77584,0.16581377798608055
16787,0.16402475506984282
42800,0.0005461787636744004
86632,0.6363963686320642
3360,0.12652273405514586
74757,0.16129346755627466
105540,0.23504889178601507
59718,0.11961335114070043
1718,0.5188159968695455
31278,0.9925916451102414
21179,0.12390865759209874
90986,0.588548603551742
47055,0.054918012255545344
100970,0.46075696426370033
88689,0.06943859324402082
25021,0.0605652274274285
42462,0.13788463422581626
47329,0.16309444600172496
5460,0.5012989821448893
21478,0.3900550303505466
21844,0.22697449601531233
77282,0.019899693927388405
66671,0.9846282896345308
56501,0.7681968397002417
60408,0.05401126104471384
37442,0.5514026468717242
65504,0.2644100636068977
94680,0.16884003658331892
25638,0.3017219659679721
26857,0.11361315059040372
30161,0.1506636968094372
19249,0.08488343324298331
19272,0.4843998526629342
101223,0.12031675406388553
25996,0.043569979024331656
74216,0.08567780825782345
7180,0.08968477900512423
68770,0.3521730490732301
6169,0.9972331051950665
78728,0.017969942651501283
8912,0.08401304824080208
44692,0.14289796970646734
5796,0.012598874166979497
96444,0.05798347013940748
22025,0.00758884203822349
67542,0.5722031802875469
39829,0.7063269054015193
63480,0.05087148148237331
24746,0.15415611881926117
8869,0.9830584430287609
28270,0.18569075087017206
17620,0.08816214825903551
63764,0.01307305194338367
63645,0.004460643976789075
94642,0.21520364467047426
76334,0.003903584130811078
75870,0.013087896007987614
34423,0.11677738374227636
39206,0.24936475585136786
52695,0.225035486996773
44667,0.3263310712220757
93087,0.16273983961946387
82078,0.007341269804507631
38856,0.0991337313250209
44589,0.550186297607783
54968,0.05825583533208897
53493,0.1579272046188745
94457,0.024310117717564073
20758,0.4207457726009779
76530,0.9445444484088008
97913,0.21624266031091405
107013,0.039257364846963266
82356,0.07024201834490265
21399,0.6166075531724964
58494,0.2311043344905208
37976,0.03332945746405733
61479,0.1026457622437823
2431,0.2182529543044625
62209,0.13512431123534957
15426,0.1118765989471715
94139,0.4795603662818249
13017,0.9799242984753384
82215,0.945170543191631
56462,0.003287467411979066
33241,0.002037386424627897
47577,0.0017417142328508789
82529,0.13065354283191455
51906,0.0764437635949983
90797,0.053718239533272094
98464,0.6182990019145586
38836,0.9919018307935635
82556,0.0027191207349555172
54209,0.82113384414639
71204,0.7333850278255285
89986,0.9645256140199129
9441,0.09164447319013758
2382,0.07353698223089276
97624,0.5801044875923653
64522,0.6362883809229459
62720,0.05631736504590078
63260,0.644449907743032
46366,0.07860161060162922
20018,0.2651959034756534
95759,0.5624929109760132
41475,0.3642108615400146
22357,0.7324977458568879
27428,0.41973694801848405
27990,0.00664562678593571
54772,0.9350072517690633
24712,0.1167904838839619
7205,0.0654414475544976
12194,0.30366023074665305
100588,0.02028772880010323
66999,0.9217650442651105
47513,0.18773399001419155
103881,0.2663433822095189
92995,0.27650370484772746
63769,0.9504397526251136
36527,0.06331387210661675
93808,0.03469716657101272
13250,0.9493775967412029
74570,0.2330332905462606
76458,0.21456019368642015
79467,0.09528350775602468
60931,0.3889319457642765
28392,0.15484906070418653
2066,0.11611170570893364
82596,0.22837643069668184
92902,0.2830679833201334
79623,0.5302203501381588
76197,0.34575729533342303
62060,0.1992246291603188
19675,0.4189171820266012
85056,0.8561923612065107
76790,0.23767186861124395
89036,0.3005599663696362
105060,0.3746894677931102
87598,0.1352427305910695
8811,0.04469299032660437
65186,0.7869170617463179
96504,0.09491142558406224
51370,0.0954229941947845
20954,0.043900667072978794
14384,0.5844912686755879
75075,0.9495117274862346
105486,0.17563452427827608
58219,0.20764799578005655
90856,0.25369452326568387
38246,0.20345506566831578
13794,0.019653289088221018
45460,0.002010230581997783
38350,0.8640708754111637
51286,0.047144327703706544
69129,0.004765218628389015
62307,0.5805986995257214
25937,0.455839235261341
96685,0.05771968278480647
88296,0.0127274962188756
23100,0.2787487422974151
63373,0.5059133171134345
30548,0.01907199014175515
57481,0.718701289737334
75015,0.4602966966700578
28009,0.11650263813733702
65271,0.1983741270083112
30923,0.29614279057424514
38234,0.00909549553737858
98658,0.0028715507247773237
36138,0.053827622708728096
71234,0.36389888906951606
36834,0.025551257569255546
18327,0.01676542476912257
73897,0.21166996093306678
98523,0.5034190746393483
44093,0.2019303502368942
78230,0.23875786859880344
29537,0.5169870532053837
96994,0.1015657374164351
61463,0.06859809798878584
47503,0.5509551795406148
84628,0.02865793045807543
33697,0.11812920347072847
7664,0.6195809004836856
102577,0.4099535592873048
57598,0.1277338957723344
101337,0.048195509350087186
44242,0.8026599230564015
40509,0.5692972197840781
106230,0.1924921944284596
94979,0.3543546348180042
39277,0.45150054351625113
1103,0.0681990308111242
52694,0.0037866518884356686
98301,0.15741840678277724
45047,0.03290661203637591
92421,0.012358455908255512
63527,0.9967012524520491
99354,0.12820324553285445
24653,0.00041677458864665135
3650,0.7351608934096718
92368,0.6334517055983525
31691,0.0006905658133065855
99264,0.9678848614539372
70625,0.4363731680869922
59442,0.0352038468663237
36904,0.9738014865414641
76594,0.042581564689090405
51094,0.03170472552834583
54796,0.028365709744108118
16359,0.7751512024715412
43475,0.1589654080993556
14904,0.3653317771733393
18225,0.04110117141951149
21746,0.8919942911968501
91365,0.1312265220343075
49509,0.7109613915669186
6862,0.42570533522285214
32973,0.17429366504952487
31736,0.39801313090465484
70198,0.23554354539862554
96185,0.009329501823742122
68163,0.20413104160370782
62480,0.47383346886253785
9796,0.641706698661855
58856,0.05085991485054371
98594,0.26837443914949777
48215,0.7564660528511218
41876,0.5745916922068375
55372,0.11914777814993016
53819,0.09142825033961477
40964,0.05779497579921072
39785,0.6913569631417469
84252,0.0968764890969655
24881,0.09234356901418228
59551,0.7102126031827173
94934,0.9675308143219996
73316,0.08637473249174593
38688,0.111141015736886
84428,0.92285429548265
24959,0.023648740571999498
52262,0.041422909294726085
7973,0.583230049857933
4535,0.5479285974712875
57248,0.18138746908308967
51268,0.003252922039920571
35606,0.018190420659888608
24109,0.2514851658128253
38380,0.016873483800829227
21466,0.8304138520001345
46404,0.007879953339057968
7629,0.06287501632679501
104026,0.7570371341188692
98556,0.15428063218388888
13492,0.010557054976416142
70499,0.9585538034692259
19664,0.3493257625274994
17732,0.05014239039649263
57639,0.18296583235599678
23925,0.5707558457276642
67036,0.005902829873555234
63907,0.09327670343857714
47528,0.45933620523789226
56591,0.07022157480031005
90598,0.03556323569649139
23272,0.010051970342581002
105984,0.7726381067080768
39878,0.05128545019290871
90430,0.028007935312349224
25496,0.02738144207822525
54257,0.008324762560068744
73962,0.961647646844611
55229,0.6083484773019798
92703,0.8965888358764103
88087,0.08405023534697614
66877,0.008872635192634475
40634,0.0726277113902339
44284,0.15010134621581095
60860,0.07375965196392811
51419,0.5934652504302325
7202,0.23503775416763106
31373,0.7509809087880297
19159,0.03431304422783478
56830,0.008170891565946175
4651,0.9306627414556563
32591,0.12106217346848303
66858,0.44976271213285274
104887,0.13337728989909986
21724,0.058643450550848075
2300,0.1457998156456013
87101,0.06020685728021974
63342,0.692102078556379
60131,0.004126496632942593
41712,0.5537020410578598
67422,0.026673350601476378
41436,0.08821204791088644
96764,0.10672912598611073
22425,0.006499993393281428
14074,0.16922858890684267
40157,0.6945131441028916
79972,0.13936062830382023
73049,0.053324742142869155
21087,0.4807003804508597
15123,0.8961014422155822
62453,0.8558100953331588
11463,0.3389534241860055
20470,0.12410083027736035
14846,0.9885349612343346
84401,0.021704075346747242
55485,0.03417090488679768
58853,0.02540088161944828
76432,0.12082411472453963
11042,0.00639485393195694
21945,0.0686713104453472
66300,0.9363450071681426
99439,0.12475366931044002
103587,0.5253794226935548
25155,0.21308202001176835
55318,0.4549595179758624
552,0.018619464970248984
13676,0.3882931195414701
8550,0.2392249222467444
69830,0.9198033376251868
17051,0.10780762011389305
67049,0.13386619554949764
17302,0.5246088108881032
60304,0.8317142121231716
37252,0.04721254195793775
68955,0.3928945325713865
22759,0.044431262452278124
101744,0.34049222991279904
88006,0.03512629278071624
84681,0.3152484297326623
40573,0.726255415352028
38144,0.09019593826649014
99086,0.7905790438731506
62729,0.9941281948193166
43599,0.0996495559062261
43628,0.010816012205568966
4299,0.021063239558539656
57146,0.5140335223097072
104464,0.07961463097491389
17001,0.18055485480067923
50131,0.17173069439746486
20091,0.008348919914906218
40732,0.09242895469897627
52880,0.044253294742106916
60414,0.253304346148744
104612,0.06273200346108765
46476,0.0018705014191627279
100335,0.056064817083554395
66799,0.006884383011770415
56503,0.8410495668112834
31616,0.8476385401220947
10889,0.8246404430753709
88749,0.009506423726450828
8157,0.4838148829396279
51234,0.10364848994364445
452,0.037346547985570945
102601,0.15525427766919636
58299,0.40013956808723977
71493,0.003641886621737481
28453,0.1296237606571164
86185,0.6731932056921033
77641,0.13156501830866896
83232,0.6344144806163686
6003,0.18251250277160214
30076,0.21732719240849968
100000,0.4687794216313354
65002,0.25985074350106085
105207,0.006582479467183961
36824,0.14404754661842978
1634,0.2500118615242813
105978,0.08213779874040023
60831,0.3793058501811405
31530,0.8207751157413614
8745,0.9009029137291131
52151,0.13037770899207124
23481,0.434738801008167
100706,0.00115783930217794
31785,0.13830651370967145
73638,0.193388395787556
30514,0.026610876505731924
95942,0.5800530918833643
101397,0.09498399144255432
29352,0.3019842105100179
78898,0.06873778032192389
72271,0.4059401693592271
21124,0.7420461431625673
73922,0.165339108115588
17687,0.14754339975439745
20103,0.1942633308735653
42805,0.010867673582407124
70994,0.32691143659380895
35768,0.3197500505724924
94034,0.008621312672144374
22971,0.009744341860845019
72373,0.35654082116240426
105008,0.05129171086672897
64388,0.4363055060638781
27709,0.3781095742338476
63655,0.9792738814440705
62981,0.3450697845598511
57133,0.1779888388468126
80257,0.7375947653353648
52226,0.6061884035948222
30023,0.26570738250835785
60731,0.5357036172067815
105408,0.3781112737422758
37988,0.006200201940214832
12743,0.6836346101097877
104293,0.18509942798793994
86318,0.9951655825206529
13853,0.7552546804406798
71228,0.3683095329502952
61309,0.1763120064847174
2561,0.3400941018989604
88497,0.5440254604201458
47812,0.03163902801293948
49097,0.6441456653739415
56769,0.6625993246392128
1636,0.15082393234598446
43807,0.009154920296661767
71529,0.009812417757572798
17792,0.924401969352423
29051,0.9186128135106242
16886,0.4146634158997518
93546,0.004659754890226846
100085,0.3940894373431463
57120,0.04375380270478269
9226,0.0026484729569727916
40121,0.10454929032146854
39123,0.9918690165933837
5065,0.06868706750929965
39749,0.9664654433979786
44240,0.43140401221642594
15753,0.44114178385414354
102695,0.0930190262761143
96922,0.036588166873656014
84376,0.6589420544177802
6971,0.27802651120940886
69532,0.32040683071744214
21552,0.40121880724922476
96626,0.061363040935255644
68507,0.0019195835455380922
91522,0.37452066589353133
58877,0.13363743413737939
12209,0.985983621228645
14153,0.8962519221767267
87985,0.4941745847578607
12308,0.5912521352962145
80234,0.06134385066454508
89301,0.6528631095553395
31424,0.5161656032793036
75706,0.5580554383423316
17126,0.3514794139706048
48742,0.544005578369836
91497,0.2359136410435459
68297,0.2627734971183753
95310,0.9972609949804652
26060,0.3888100857744022
70451,0.19762588750036103
798,0.18616900289160904
93850,0.000839913741516696
25018,0.04954346311159525
22400,0.9307198132221884
22174,0.03653917068495063
13391,0.09714741948973149
54791,0.6714988345681125
2642,0.006217551488000115
67213,0.901926441392036
27889,0.026016026130319142
87372,0.8654307467974618
100776,0.46928716929106884
39723,0.11034793873788973
103809,0.09075718758008028
51725,0.5192197921110988
67129,0.19037427704649384
87060,0.0811383445933258
96530,0.09810806944565709
40302,0.8303238856500601
24038,0.03866497383920284
34258,0.17352266825940083
106629,0.9829180194119881
15543,0.0004955211255216872
87383,0.08557055945207742
1015,0.1181285902983571
97485,0.30401537105157167
67644,0.07643256668879016
66203,0.6915890297782434
84154,0.5980577105132172
24414,0.1331395151206176
56141,0.10496057721782254
75383,0.2227164806691962
53768,0.052634859743082435
28929,0.1563032251862227
23852,0.03039970750274863
1297,0.05788150012876257
73347,0.007755485734300219
52950,0.12705372976288953
10811,0.01498691059321299
58896,0.9708971810119382
68070,0.17145297568913942
64562,0.005444580250434101
102229,0.13953580718601816
100812,0.23346311786422136
49250,0.4028459525796253
13035,0.3026073446024299
45861,0.2178595515059547
43825,0.013829836998933188
79567,0.15628208920619902
21486,0.0815374580744988
3324,0.042408991008491784
107164,0.0633248317646827
26780,0.051389388267011366
77676,0.07684216588748054
56804,0.7981711073598938
77658,0.11684071854517497
73143,0.22171621201525427
96275,0.044246539349052746
41414,0.014353065073558517
48807,0.9703146338202551
69427,0.5111183461701784
139,0.4170604133158188
37206,0.1673862570275087
30436,0.7322570396004369
17017,0.030239064001302864
23718,0.0531765572275665
55378,0.1455155089291773
4892,0.8981889154135689
16589,0.0023685251801673075
18204,0.025095621357874923
8205,0.1412827234940257
56744,0.11643387753497358
8053,0.024952873276727378
85850,0.08970994002173449
17765,0.34958509211391464
65323,0.8495130273924539
38352,0.8288305611379978
22841,0.17155791149784283
79699,0.9176702723395073
14831,0.048093159811253054
28240,0.19338468420536692
12536,0.5594701183711343
44152,0.16648841670409364
66864,0.03066677077329594
49004,0.604272033725271
105381,0.9867011491037959
85548,0.3253155502937014
36613,0.8873991366348444
86481,0.18009864127807274
10075,0.048697509155171306
54197,0.4223107358396496
70970,0.03786506166372368
55435,0.5709548570561281
83324,0.0012293399743509641
66816,0.3153675396926555
48267,0.025742015408113602
36636,0.43805967483770103
72138,0.3685045437847897
57278,0.022119905886250932
71659,0.08610870904099138
102210,0.49377257364993565
39170,0.19315139963319505
10423,0.3281309879841564
1630,0.03690651066537366
52409,0.11995800172335508
74633,0.07282319020464352
23859,0.02824198624699334
94716,0.12752049558140377
70644,0.3161381077067901
74105,0.23498326097874628
106755,0.12148178280071481
42476,0.12868100316753567
27598,0.012482878779821892
38586,0.047220222771612204
45556,0.7329747934942488
62264,0.017088219081648596
10318,0.5108963544312641
78770,0.34861752700425497
80509,0.37686196968087393
58271,0.4002788593648902
74134,0.9214225716261255
99903,0.12976953769681188
82988,0.04752488911380929
95205,0.024387224628744902
95741,0.0003652476028426148
80661,0.16560303452184116
94682,0.16501501709569638
56607,0.11217535566751824
92900,0.30231345462666337
96137,0.15676494399189728
94344,0.40325554153172716
27722,0.705401696710803
80310,0.7895818899246794
922,0.014209290328274476
25571,0.051460362584031076
58516,0.9970397479982771
106511,0.0009469490507433463
52788,0.17949566756472501
105406,0.11753057240947667
88057,0.2296598860162372
29097,0.002542368228650901
34909,0.9605146910117333
75042,0.1153236168854273
11886,0.24960297988778246
89965,0.7739198500371077
48375,0.5972234524681341
96484,0.4175172452038683
70676,0.39240533619481366
83287,0.13222689989949932
102033,0.9939773866876369
1765,0.18398314182023562
96066,0.9436309092063738
89316,0.35846445818281003
626,0.41682170890660153
60314,0.34334610694790224
85348,0.24301093821374065
29251,0.020236185788389618
48886,0.6899939779142931
57687,0.08683233634978654
31118,0.011629109481945617
28689,0.07441750076657572
92961,0.08931434503610902
16310,0.2127587172662433
44436,0.007473350837163828
70378,0.11247386227325884
39568,0.10327822332990672
27441,0.47568559131463806
28939,0.10834964615758946
43110,0.3217625514829696
9082,0.45879057487988206
104837,0.11377904552888135
75890,0.12472884660473221
3688,0.2600258464755834
53825,0.02790238645928957
62324,0.2749163706098082
103507,0.10482197326282144
106541,0.07002606828113278
97431,0.089698662294043
93525,0.828159340558084
55075,0.2140600388222727
98795,0.1907942986702013
71928,0.2649396878661211
58959,0.5058963650485144
68242,0.003586709501628792
94908,0.11609698234305033
3244,0.005080627379006234
103068,0.0875304777595809
2925,0.036459299673975244
34196,0.5428473535013497
91161,0.045143526573451824
94596,0.4115808630255417
78960,0.10574074974750308
55380,0.007472784823410421
33881,0.08476817391950692
71565,0.4257566343052682
11832,0.07249233218773361
85390,0.12765576217309943
50684,0.03844020920754521
99934,0.23646821787059413
77377,0.10809280913499347
76935,0.09162891525487271
104175,0.0985936050960145
12528,0.3107572967765936
75265,0.12155328483893019
95712,0.3762478172285719
65433,0.14547234505303508
10431,0.12167176611894898
51297,0.29923215515043267
90393,0.0387028918695097
487,0.0046034971252122735
104511,0.08751549912110895
89320,0.5060438518513098
46443,0.0245747125437283
93423,0.031285695454954264
38846,0.3433008409770258
44979,0.04461251060779627
73142,0.18343925081852247
69730,0.046229252822048074
6899,0.004321566647295748
78210,0.10516457601959867
69950,0.007196083362273777
45936,0.3639388515220161
105329,0.02618390213374157
106726,0.7230213417287749
69820,0.040987513219427174
87051,0.5636883610599902
7554,0.10790123744096763
88367,0.01911873820655113
36258,0.8334792426946056
24848,0.11289131752806153
25340,0.12773793162631641
76019,0.1729284327308332
49687,0.014720894247075516
103964,0.3846338752902559
24116,0.15120559595820604
89840,0.02161336941437551
55265,0.26150457425139917
21513,0.6511358059119898
14011,0.13095710131999672
74797,0.11076784600252171
106509,0.7859368863937064
31239,0.17943864001409554
77948,0.7368961226805133
31083,0.9674371532035121
71017,0.09678057625071312
58123,0.8795349856306044
86986,0.11251233457078558
90834,0.9296792296654325
28049,0.2651893217570067
23547,0.9780169984388728
101750,0.6166457366160983
79995,0.05844235150020197
69207,0.8650692136998153
30465,0.14012595090038
60786,0.2500956658907195
84190,0.00043117333511468044
14807,0.008325585217628613
90045,0.048331731869067474
38429,0.31322025431934125
14622,0.028169556793599414
44434,0.27893061925076357
64333,0.034488090917002806
95306,0.36301046311305374
26137,0.06268614244788336
76680,0.9515825548737573
27861,0.17828847958594896
76113,0.7597798951580015
99383,0.0018818122959980196
67210,0.947646943121995
106836,0.46325315289443236
83887,0.20093478553293065
92123,0.07421150843514135
12806,0.8680564472776897
49958,0.5372297092990296
41165,0.960029615716932
102918,0.36455962865911085
59475,0.022262571758020162
55272,0.011851527588358873
45885,0.02574202254812164
8720,0.15194155208392723
22847,0.02416796048199425
18951,0.11633241196970573
76600,0.027939308772534525
70407,0.1877922449235438
80197,0.19357779318917595
89087,0.014311919999659114
38945,0.019252513942712726
48070,0.11835996307255492
80022,0.9982231840311018
101121,0.5434097099762925
50475,0.7245386225473741
20313,0.5022566588010214
103960,0.6677646256682329
98087,0.9141296006419756
85487,0.32882480066217745
50001,0.0004961808256615615
91222,0.017739902246344953
63071,0.02724043801552407
42397,0.018512325712688942
45032,0.06425379744877537
37891,0.1637571463370776
3642,0.20221288389518854
32947,0.2394591728373503
37430,0.3043185506961319
76430,0.3488368839304784
39591,0.01567286825284894
66009,0.1578525885710197
45415,0.11979972479156825
70006,0.12299390812229066
57592,0.1936429308011266
1712,0.1670617265260837
4496,0.3208551827851949
72693,0.27622046332261063
62701,0.008836951146762443
94551,0.0032610961042046117
54202,0.19308971167530625
1309,0.4844023282239191
84751,0.08941686891320288
71737,0.20934540006884356
31353,0.054998869624993695
27296,0.2030388331541772
32193,0.8676684824418437
72367,0.6863036912885733
13260,0.17793852590358689
75259,0.24806673131405388
1628,0.4905654325076283
35217,0.6052283569882999
5328,0.1130100849138081
10568,0.17968942458838294
79074,0.25292052595590664
17025,0.5774557231541461
99638,0.012309177173370862
67734,0.9998536254131233
22777,0.13159822964551426
85719,0.31842367904332747
7506,0.2918345404170265
86728,0.03633373892773512
73467,0.7127010347077327
67086,0.1524956613002827
3107,0.8301602923482143
46597,0.3871698966047213
10922,0.014378276325124647
67556,0.009170785307179328
7441,0.4634293287034021
31089,0.4144531024953011
61601,0.5002598968335548
14847,0.02071396177577665
35697,0.12061950618603967
64197,0.10987995776717291
46963,0.015745533718870146
41147,0.011741004907038104
13811,0.49346497387828314
68928,0.9764767818917989
35308,0.6764360330064834
94983,0.19432708384009761
74508,0.3234126411863232
44931,0.45752490118025546
30960,0.009508837556175093
91080,0.0020698814780846487
49216,0.35983703049652116
34340,0.7582023116739193
75536,0.7834604751140211
76424,0.0668821162926602
105797,0.3651892089204053
76336,0.1074928983146618
34164,0.06854874039821583
91149,0.046192706742263175
7162,0.14742223134895416
18604,0.0011262026172428599
83905,0.008508292271550165
44615,0.004366288299392344
92168,0.6356879076980635
5462,0.11212551195828552
85219,0.00032569621623947554
26937,0.7596757877991811
10670,0.91353432720149
57,0.27775212031949126
93177,0.038694531906019396
34485,0.20614076193322411
68925,0.16367835851526824
100142,0.9845847602566652
73993,0.868884442833822
15790,0.026133571749889794
106598,0.012978920098872224
90142,0.2887949570533859
96949,0.38122612339992956
40049,0.15620895611137675
98288,0.0105586273027104
43452,0.039778518822165605
22569,0.03608980912445525
5611,0.05854901118155259
37750,0.8727756767280681
26421,0.8682754585196074
92422,0.27821325893799853
89352,0.3242164950764188
45761,0.0817764645111293
52232,0.007915198415964705
90421,0.7866686879105211
78709,0.9127781878425407
56320,0.5422765053663474
37763,0.3727103504812823
46567,0.1337031674605273
68911,0.32175006423819186
27099,0.11187671239150637
73795,0.36195837824219296
59380,0.13667719563147812
48205,0.5714017783431103
43413,0.8087560116373704
9655,0.06702718786414402
32377,0.021191809850465808
30523,0.6818230363315931
64260,0.5995121684207675
12302,0.0068500488553176805
69453,0.15914370505931275
62392,0.0073776012149812204
78449,0.13706919229260855
52714,0.13893537204820683
87352,0.1893144202718543
61091,0.025034337093627585
63242,0.14148019502402143
66399,0.25338812108778974
54903,0.034821567927813706
67957,0.07410946998703549
88573,0.040285059341912954
42545,0.9896062707317401
17008,0.009960507187780101
87917,0.0067067406786392595
23181,0.027692396466766876
95015,0.14748952668092014
4188,0.0009348512950541098
72957,0.9276620938182472
98126,0.3713895813090414
73695,0.08469316939324806
86412,0.24971366622505003
87550,0.24085779759215303
98272,0.8971851742418364
105660,0.39539245138012286
89434,0.48991833126791
44125,0.13809934146909503
90837,0.005214212920370045
46442,0.2865180610093942
75672,0.06589870209364085
31938,0.7112913150715999
49532,0.0671450322438904
65836,0.3898917826459105
85029,0.31157910429200775
71793,0.013785394956566999
28148,0.10403780488073905
18266,0.7964980122675753
68352,0.24203371620454017
27061,0.037514421540069495
22985,0.07279173151285159
91305,0.07319454990819367
8795,0.10879908292581142
50663,0.12775908394009194
37397,0.006414981201699127
20058,0.08923979869063936
9312,0.861144512396704
80532,0.054941288374060475
14830,0.001646036697132783
103737,0.08190066629554682
48438,0.015479178391281542
34089,0.8891383203197454
32605,0.09801668568407973
62126,0.002535080937657585
99398,0.09432617512629277
25307,0.4377613253199716
708,0.22980767575044175
65514,0.596408116642183
61917,0.08758511859992779
70611,0.24461739396329407
20762,0.024762302695813837
64985,0.563010669371489
93723,0.1119018763776608
61541,0.1428601189061791
29197,0.11297320471292127
79929,0.009766796944985157
22641,0.054400136599036586
92709,0.805667438844885
38048,0.021302380676031695
7305,0.5915966549017494
21740,0.000676499432497671
85485,0.8917396640332089
3615,0.12230608416743993
11020,0.04477077358127007
25188,0.5978890117171491
43652,0.015943037605319378
36192,0.24042170418007758
75957,0.7825097389486866
88832,0.2895610438772397
60444,0.7812359166022127
89932,0.1443338743654547
94105,0.6116430056919715
4755,0.18190683608847735
41737,0.27518610187178383
79543,0.0480796931817871
5273,0.019111639822968287
68791,0.35458167629042575
60228,0.7120792756691838
61289,0.4538126704454171
18009,0.31225188738888054
1837,0.16882757273792193
79532,0.06610747181828484
55273,0.5897126720055352
21431,0.11306571851610225
64794,0.9027620581065938
81887,0.5744322933809212
17964,0.921217885177996
10972,0.23589926865495714
9294,0.001628793646719235
1983,0.13029383518110427
31490,0.031245649500929954
3548,0.17985678348919165
38711,0.21528591943621794
55591,0.14930261536822903
32376,0.1585509146548033
23684,0.005447180321023483
57874,0.7455404658045535
48713,0.12499465080409755
5106,0.018910039152108288
56224,0.7768683209699552
43354,0.7812965321268973
25836,0.11201324550861086
55845,0.05327936264022464
2588,0.3701834806258709
1845,0.8504051195966198
11254,0.01115063894522682
49014,0.3171120526329809
59168,0.9112319942828742
32158,0.9414358308151378
106482,0.6569958858699513
103536,0.737752999423851
18105,0.12086054069926572
89530,0.06818874028424474
20602,0.8609720104747246
28623,0.1580250888102318
44630,0.0012231337265034802
8252,0.7252827462626977
32280,0.8831176923251136
54952,0.40759818761443517
11378,0.691279650075301
57914,0.07810666194935488
31376,0.11736888432953319
26646,0.055399273406180435
55328,0.22733866125176178
5958,0.007843177078837178
63839,0.005499856763778666
69304,0.005355618415017508
3100,0.1877452290668945
37173,0.9724566818216217
100453,0.46622190531137486
12253,0.385883031222237
74226,0.6488819833466264
28495,0.7231686166049749
12372,0.19986997047562582
73968,0.0715832480695737
56212,0.12204745998603767
12655,0.03289439969283071
69853,0.1156327826930037
67111,0.6445004504542613
8325,0.26711415220849344
91304,0.2503733837383697
93245,0.085686429832033
17300,0.0031697817167887993
17331,0.20119287036013633
6291,0.006330899078383675
14892,0.09296777613618507
103278,0.2895213081332395
97196,0.3858902129933869
26858,0.06362263903846836
34982,0.43135806759274553
74003,0.01453848315135495
29347,0.0034442868061947884
21220,0.02238024096216956
82090,0.9691272738304958
41613,0.08134828723412296
64303,0.25944108049076553
22182,0.46915785985218894
13504,0.26480788018069246
106774,0.013378210654255368
97978,0.13055244800003046
39162,0.2733183314959855
90912,0.11906653240556925
103240,0.6904575325027986
103157,0.6649035879132517
48423,0.006048943275886708
53055,0.030112558312565273
87595,0.4088051776571349
80780,0.016563149533701055
78794,0.040821958109929696
67805,0.4621508716587206
60188,0.49758637492913815
67146,0.07350967492451213
52978,0.28590702176299976
61623,0.1601682682219291
76558,0.09466282073886961
48118,0.02088578506646447
48547,0.12019862994465863
21302,0.5825193794461341
29500,0.0056741310932177285
21585,0.863550547698791
103436,0.028187058523248116
78681,0.02572524810363014
84602,0.0343240838891524
81342,0.9049359433786475
67363,0.10214898426899105
63318,0.8821624827804212
18802,0.24355396940980079
26594,0.0055819973013377985
106701,0.19976886863123894
63187,0.051222212605768584
25393,0.42251312091738924
70867,0.006320750088505167
96689,0.18087988748883516
94172,0.8301037887946878
4913,0.744089880428643
29337,0.21487669549612648
18759,0.679926953850233
86816,0.6364093125567631
84442,0.7933986448408805
28896,0.9310725882127935
25659,0.10765507602355573
2345,0.3740669676943311
22781,0.00452296202876929
93530,0.034026000759268274
58435,0.8300829361205946
16096,0.03938644226756141
76360,0.996215044651378
92650,0.14277185361469008
94136,0.7149308161069974
12855,0.17932546167035435
48613,0.7701725871891618
98930,0.15621061213650084
17850,0.008892669005237983
68426,0.008087193719566574
8807,0.8899620546844216
77682,0.03481966921229722
70262,0.9722629573595859
101688,0.443745144442553
34538,0.08972469535294403
13445,0.44585690376993187
69689,0.5284356999400741
87006,0.29277052564296274
51615,0.09406371945593944
69533,0.11130769260959289
15420,0.2268759717189201
25501,0.8730254538992499
75037,0.8954587264270243
82250,0.0048608143588118585
34582,0.9136567662701782
34900,0.04921670553060158
106606,0.2801090169245983
68574,0.17678733016521064
78879,0.04999014401723165
72523,0.011711341498617365
74109,0.048045301434253715
102780,0.42483121345980945
41350,0.018863527808007877
6776,0.46417430184457353
4752,0.6804937519980995
79710,0.23768060497149496
94872,0.2135051232541042
87768,0.0003470348680338281
84545,0.027932787866462735
47364,0.14226159688247214
29565,0.43832613088842104
38176,0.23679270351704057
1523,0.2682121288115498
71965,0.27061930289165026
46011,0.23879364162549743
101166,0.8446336259378491
96157,0.7647254354092157
4599,0.07253074784271464
57139,0.01432927204859741
46502,0.25184117746356693
32147,0.6833818161416572
8727,0.48101659816185605
64,0.26091052402106196
87977,0.9219275830715233
81911,0.6428419561850636
62494,0.03862674659720083
98355,0.043828031479956286
13701,0.32183094114462973
60982,0.12844126992087262
92575,0.2568116866657504
48249,0.8468524747314552
34171,0.19618958871686282
89055,0.04330276822881525
20920,0.8425630827195931
44323,0.8961950512232111
93856,0.1882687220904024
29936,0.27897930710843316
84606,0.274886225135911
14714,0.6246576706554986
98673,0.29334138775713964
103736,0.02539997786377177
82642,0.1970071541571068
12030,0.3876142104381436
51674,0.40168686362466666
12718,0.051542800508253016
106852,0.11164919518591643
16294,0.5601513809683913
66475,0.032794617600882
41485,0.1682604788827885
30323,0.009803427367844121
83992,0.4302197181050267
54682,0.07916009828316739
92127,0.12447288180817878
35902,0.03394947100429007
28139,0.022487240162782623
90412,0.18687442613866811
74418,0.0227589510162844
78510,0.1519052234048659
100330,0.3373053809593879
29036,0.3307795100676235
44485,0.11878493080777963
16848,0.15869222182515763
10544,0.9883981172473443
94780,0.8075337447379348
21582,0.180825266420711
87225,0.02818458632676139
93669,0.3741865560783221
87901,0.1979324604734164
49697,0.09717171390621293
5036,0.3986979692268649
67043,0.17357678738537258
85540,0.11942266654527539
43921,0.0074908568212120104
12644,0.8533463668522849
2676,0.19994283891318065
58412,0.12492681355489177
12909,0.12111158652628196
95061,0.04080697350214935
61837,0.59741438416163
93884,0.11116872633230435
8939,0.21551487206205838
84360,0.8397934593784759
75469,0.008090122403662879
16441,0.6056005739676918
26500,0.00041428386720376246
26617,0.5749112824818323
70080,0.21198260590684753
4320,0.012852826572841628
87274,0.02185378057517672
77249,0.30828375321531937
49626,0.8545480220374764
6237,0.919655137120079
35626,0.8816568980173434
102000,0.7231924803035104
83002,0.8084762086722439
104492,0.10658197875203174
18532,0.12989622163955844
87016,0.31285631081698645
90720,0.06622800423212734
93144,0.1169565950555096
47367,0.8951880069932439
98201,0.10981542025171426
97722,0.24290133259654345
41849,0.09165383243692271
26633,0.2803888740886543
77169,0.11112688004448162
57349,0.8225780749457137
91177,0.04712680570284494
22794,0.06965488616254753
14637,0.49991959543952713
104038,0.9884960877717679
49505,0.8552933101566953
39769,0.014821090958311134
75395,0.0033941836916117434
84177,0.05599809728463707
90804,0.026740730497499712
17129,0.09300998061659188
24386,0.09990617445461425
73235,0.15310145383626572
40321,0.3280174342231664
93445,0.04630404485031627
101488,0.5525792719295476
62,0.25233828921931006
150,0.053611124707611195
26870,0.02889213305708004
85644,0.10580658314892938
16864,0.16703564143752764
9800,0.9372744951050526
60156,0.1680524505926867
100967,0.06554872893738674
91352,0.49527420670475125
84613,0.02041258629509556
46913,0.04885113115806314
58417,0.591919914798688
45651,0.037742395195642944
42020,0.36334330607364085
34497,0.4667983892795938
92156,0.017374496217074528
96062,0.05742907768795313
15862,0.5665015543669663
19527,0.010659251507932706
51620,0.18855026850145234
83964,0.008021216825425555
11283,0.13534654523679118
56397,0.1070426302245221
70095,0.07602843293881983
5355,0.06743703143488217
3853,0.14687625037498403
82993,0.030773697968190336
82541,0.37583646780291957
8571,0.0028460619074901646
59954,0.25910487094946244
32906,0.013341258660059344
80732,0.00572590382666105
25197,0.15982866515846045
19175,0.7416140699281111
65975,0.2005005066628256
35001,0.023663114003651866
7468,0.2717775783726527
81927,0.03758978944033756
100585,0.24279568811279495
41885,0.011398005748678816
19845,0.04813257597453186
14709,0.29776334933485665
86121,0.009512760412057815
50416,0.7522968405644026
39496,0.004612709732143425
92117,0.5668857891637697
41500,0.04164087839287316
90525,0.1075858333553798
55859,0.12679325545374226
59665,0.020875919144008794
62490,0.322128231727837
15347,0.17892981571609312
104307,0.09874338905734958
74223,0.3606836835505809
11063,0.957318895817302
83506,0.2515674639226406
6916,0.0001487635898878035
79549,0.03695274084191149
80961,0.9457727597298287
55185,0.1835121095251025
86688,0.6698990437170822
38336,0.6872182418975639
75289,0.07743279300627245
31850,0.0012517188517609669
67058,0.13157641021333533
3142,0.7664958719980002
20576,0.006522582149829028
58998,0.21009235210413807
74310,0.2682202215482301
20310,0.9640506898307948
79457,0.7240918601362377
54490,0.10071462980523888
5551,0.020122383520271635
26589,0.379584485987726
30949,0.31905418363540505
80634,0.052707927848354534
24053,0.01576883630891937
105705,0.3936753559807671
71481,0.0574880456834439
76219,0.6190407958512428
13259,0.9460712788514521
10688,0.27495192686393943
53517,0.22348366795077412
43806,0.9700445493839146
21306,0.0032134249718345376
58650,0.18913575218507805
42221,0.5843970661212584
28489,0.04575152938985445
105906,0.8025838042128124
44764,0.4583020419472248
51940,0.7055195763870115
53776,0.009238760570441403
74872,0.00010210964482885667
86885,0.5657243529338245
14008,0.1581598561382485
80154,0.03289899529762549
30459,0.015410748053368811
36850,0.13658291021550545
19357,0.09337545758777327
103820,0.21439177715003882
77806,0.35164243214533253
43592,0.7006654751894609
91314,0.05986900137179227
102915,0.9621031567793743
83656,0.39794058704865964
34066,0.036213618686822456
65063,0.03173177870131196
105304,0.20348200755209067
94799,0.8934952630783216
81931,0.19001036435434177
102755,0.789317868981295
91521,0.45241331455199557
105307,0.1362447574525934
4994,0.02826607118150422
55303,0.9850588261988878
13462,0.12301916812262903
48714,0.13495632504157917
18107,0.009402857611211927
47219,0.06037180620430514
69705,0.4528738487099631
49115,0.1474863936526699
24789,0.11805080641946891
54685,0.4677494766144862
13191,0.11400364998633444
70514,0.01858716052178104
97653,0.010888618555673501
49100,0.2594179256820617
66241,0.5658051260366549
75096,0.03907770270706299
51437,0.4197553052934089
3485,0.4974896419597272
73283,0.0038821068191262163
78073,0.053264971265967194
60245,0.14219395989590417
91386,0.00921954871651929
84247,0.12340672470462266
46800,0.10326119685320151
89578,0.05466577504713211
102579,0.2294902042449004
60142,0.060038013172015875
12605,0.04140612961206795
94193,0.0352633070925254
3262,0.2823179734334287
89167,0.1926714629415402
89102,0.0006154786549273692
98102,0.1545841249631668
92864,0.059118944213565915
4026,0.750141501258737
78523,0.03983266717278916
66934,0.005311214783137608
30775,0.00020382902076939623
77984,0.8802992365559119
61830,0.1625630543271288
86793,0.05799542952655836
3088,0.032642350744861603
92361,0.012964780121126646
70055,0.6406391071818867
7589,0.26673608939569726
7321,0.13583131983829866
53376,0.3338475646280636
61157,0.1325226256806628
19255,0.027641141439766398
52728,0.1629150036647522
92812,0.22186967167277638
7334,0.10966253787224034
77022,0.8203215583833344
1514,0.11136030624803239
3021,0.12385154624838368
72,0.8396785772711532
51949,0.055301700870233346
39748,0.12030629011697969
24668,0.029905613783922733
69159,0.7333223378584909
299,0.1782131044283371
88560,0.1433757886829527
53647,0.46312863871224347
37116,0.015886798875105468
88047,0.05536460567459993
104297,0.23980369902945287
18150,0.09291696312610931
41495,0.3876464452446706
87072,0.8744060899687632
84509,0.011820071087469849
66345,0.01255537059958444
85910,0.08498632667837613
93319,0.44477669760433275
99571,0.03531039642224851
69020,0.010492764989358744
45649,0.37016426978753303
19278,0.30695973095385953
39419,0.4602081968033041
90724,0.0015115430098835705
29701,0.01167526991606566
95971,0.5985106827895336
88105,0.4566305751419357
34031,0.21512354844262527
6197,0.14548816626900046
80768,0.01587625411173551
101621,0.8879974499102883
50213,0.17219783164449137
29831,0.9907019028951995
97230,0.16247305328605816
6515,0.013793876998830104
44625,0.03530585958250542
80198,0.028739597071492155
31448,0.006716826644039601
92797,0.45157754586970733
81488,0.02863428592452461
82624,0.08696155781769821
101000,0.2574083207653022
68204,0.9288544776853269
106980,0.30068054803769356
46656,0.01970515438464724
29895,0.4588485400581783
48271,0.10788896838289164
59674,0.10615037323955318
17209,0.03801161054656547
70143,0.5820980655525176
22053,0.000695457707779359
29008,0.10866626003017416
2770,0.016838039507533497
101525,0.8151757042774228
87696,0.005722781636338014
39562,0.04302852244778409
49435,0.2033259326667296
40823,0.16133284850234242
63705,0.14889542384778448
56819,0.49587665151797355
97881,0.03257414137868609
6760,0.7927841357700061
28540,0.0016716577044646906
78209,0.14343360935060506
91063,0.05694627296226972
102830,0.8781465753453754
18571,0.9826061501736029
40967,0.003703778072669389
64391,0.007422286634109248
71605,0.11349489409421865
8656,0.013563272627163168
23453,0.029839594676573492
8292,0.08836450840654358
68623,0.11988606539680535
70141,0.41065068685685624
93759,0.003631458325575269
47030,0.9418918497313225
56920,0.25958700544250723
58010,0.1587569111915067
71866,0.11930860579036273
7377,0.305433413618614
6387,0.8893607109667533
73694,0.011283251762848884
34839,0.10677657667479074
8274,0.3126223129921815
10859,0.4503438589405809
98069,0.009681082272198932
50225,0.9671003656525641
33496,0.11583663061046301
97355,0.9996730672952262
77204,0.015696501019650994
51034,0.8421331513462071
98613,0.09651861265371603
102538,0.355243245114476
26262,0.8076572484505747
27246,0.0014199634232966972
61517,0.5991125140104783
48877,0.03394931828438765
97466,0.2781348166424975
20765,0.1720676708269997
50907,0.09242705923741168
20357,0.30548002391266804
89118,0.021267990856557773
88826,0.1280667274520904
79998,0.0035500551830830035
23686,0.2908679346301177
44738,0.2444702080194021
47441,0.05828336995145561
26675,0.011947423719352777
89018,0.7467872326440352
54426,0.004193082006325635
26917,0.2815280615229745
39330,0.6339046220108324
72454,0.6335811517172578
512,0.5129724870589922
27000,0.5929975634385642
16916,0.04037080754607845
82601,0.00043502453628442095
50585,0.10389739616751253
90157,0.13621412995211551
99011,0.8958471659490119
11090,0.10860245763762388
56882,0.18139326824987895
46807,0.006704933514870645
26274,0.12428248142541676
21057,0.12576113958799906
107016,0.10707457116541991
29285,0.02984473089964566
26994,0.06516599442655635
54882,0.053449538169937985
97151,0.06870369510181863
101908,0.035546673276285926
58321,0.02734064485455227
72935,0.057205580916294047
35038,0.04163163502192004
31558,0.10169192566622987
30229,0.045164476807770755
66387,0.9525842024118785
106184,0.025645939946367692
32157,0.042582180688866704
37322,0.12548381400928577
97778,0.12352537535713726
100556,0.08962640558257906
21107,0.0790879162830802
14565,0.5691086992770142
106771,0.9618545840836921
31702,0.09573894843691128
28968,0.1413056316078355
15262,0.6428538422126748
106853,0.06581417140638378
84107,0.12221057378636507
36081,0.14839708897345466
99310,0.40696652797804944
85288,0.19507646114996818
31700,0.07407648394559334
69457,0.3194207699229616
65445,0.34203743872274367
51328,0.01469301121117892
23469,0.3457613613849606
41656,0.19727289587666186
68236,0.8682252922034195
4543,0.07507975210304133
105551,0.4711619945300354
106499,0.9695476225714679
33682,0.1053845091672021
82662,0.4094390841290648
96711,0.9945709784748797
8946,0.314141911510992
52833,0.34650077676705393
100177,0.45076065434844076
75365,0.14463322497000902
56614,0.03843159720124656
93146,0.9120114306376406
15623,0.014517032693340185
61031,0.2776544182570881
40030,0.37433238220492115
63009,0.3311057729069924
50512,0.783567084694253
33745,0.2793856542425802
77126,0.04891114196305667
58831,0.47619069562191374
85528,0.08818962192503055
86769,0.10665682751653105
12353,0.09968029712612947
5033,0.014074671082269612
43805,0.4435091692970914
8236,0.9996277646763957
1005,0.1337292150057599
44333,0.005375900746432087
38577,0.4338652250902866
62334,0.40443952995319576
27401,0.006434069051998911
78839,0.22525810979556682
3940,0.9276646545047862
23793,0.38094623555467944
100263,0.8836667248576069
102002,0.9682641170645846
51731,0.097955900874659
65989,0.8060790739191758
59878,0.8707648001509016
28048,0.12824565959812445
77972,0.0342618087747082
105413,0.2961913313081379
10633,0.9771784087997798
84009,0.02777732796268956
69394,0.13650076970214992
68091,0.8252784900802479
12153,0.893772461286731
83996,0.09867918739116427
94985,0.42203305325956086
84160,0.9992541002771421
102031,0.03030289488346829
88072,0.05110445521411013
54589,0.020116512788835784
6543,0.00479799354972668
1951,0.19065545479324275
80496,0.0740876675145883
28686,0.2574315171188914
46858,0.21080372921520418
24178,0.8846052820584074
15417,0.2777730058383143
61325,0.4411344340058223
96179,0.04302364012446004
19755,0.9631127547753796
80528,0.201282477269989
35917,0.07974492007498157
85424,0.048361905651868
21490,0.7437738464432764
55313,0.08091356253840198
13235,0.09431050235403571
17378,0.40698921794850007
3754,0.02252061977574079
7603,0.14885183925050072
38664,0.12583501237270928
75116,0.027531103980118585
65638,0.10354403596489314
53353,0.30982405585241035
100516,0.0037095636456205205
18288,0.04029247838011591
85445,0.8061054743511223
67231,0.9400583248678475
72174,0.09348324848941869
34922,0.8648473015443756
71299,0.5783317587467725
105802,0.014484294778713195
87938,0.18922015240948226
35328,0.30672026814736963
15184,0.3190641788080387
62637,0.1394146478787811
14237,0.7612301765888152
95613,0.17852272299893696
9311,0.05098797482447531
6338,0.07852850415805002
66264,0.027107099398061035
72899,0.16020742602270305
100726,0.06949716620394801
86966,0.6100709088976944
75358,0.001147011409169631
65405,0.06371722360129817
16911,0.003469147894624693
8692,0.08319066163538619
100578,0.0036533390380266506
84090,0.010908344199645533
45411,0.3385495009127627
90547,0.17844218337312934
62081,0.13881491079612251
89570,0.567157012569862
105449,0.6062763313489462
66998,0.4547097854411174
69996,0.39589556326106456
56064,0.012237191487213256
103577,0.06482691866309302
35449,0.03913703787043732
35385,0.09115280712836604
39853,0.3340878622369995
101610,0.23951676943834882
40619,0.015041236752095578
17788,0.6435932824369174
81583,0.2006274759980205
35278,0.07719328361204916
15496,0.5664440365270135
46000,0.16354864485907705
1795,0.995615946086613
43415,0.9706436592289143
291,0.006172973323143773
38181,0.12533257579038637
55029,0.7886192728708894
34803,0.03106014385602334
55045,0.3096514575464038
46367,0.414714900299058
62574,0.06832765357918241
94354,0.08012916037566592
96625,0.18161387987747973
21468,0.14215990827331937
76612,0.9689593769225324
19753,0.12657612290355658
34261,0.05378681626282735
56113,0.09283831584616686
15452,0.11560100819675984
27416,0.009162340597553149
48539,0.8985145394073569
85145,0.4913209840432481
18354,0.18760236348983889
18244,0.0028823158461143083
55640,0.15531320623848877
47570,0.08277529861352817
74054,0.08415561069096061
5058,0.07357563789931018
17045,0.25221479058856666
105717,0.2876666435734442
29187,0.9852574052808595
37420,0.04038447143174537
38161,0.07623848013996999
106344,0.15594339954154152
70853,0.0824926982171943
46322,0.08920796608561754
6538,0.14491188964791507
72697,0.48990068411859294
97920,0.4579708490181715
56360,0.14431307305864216
40525,0.5135091851835482
46536,0.09049430551969428
74034,0.39446443030023237
43594,0.0010840940326648676
100866,0.6532896754489249
38073,0.41098055116306037
59899,0.05619523453264887
3724,0.1570805620737052
79957,0.06178057364330061
13422,0.9363759784554971
26786,0.3255863174878259
39319,0.9571184373817989
18657,0.29428788844713794
15823,0.012061199593756157
102599,0.051235486974228965
66427,0.6319776347027917
52079,0.012412482536460974
37002,0.9558752826796975
49086,0.05683238996615494
28115,0.9616589225134856
98844,0.3001254065599259
27917,0.7800435480104484
64994,0.029737861542458173
72140,0.054177453264403284
35277,0.0016507354573463222
53684,0.7721165447595526
93054,0.46673086385743856
44188,0.027366139052540726
49190,0.9789076265658597
15979,0.00047322386779052736
50195,0.21565820488261978
5878,0.10920960210998215
43508,0.10591870534185144
62207,0.4969405752829052
76999,0.3425898798623913
30839,0.007742375494846906
40160,0.5734772820418348
86895,0.9619941345461356
104572,0.20413342344791285
20661,0.5713707713347442
94376,0.714570164807729
549,0.3206054177341181
33591,0.005113115073049945
32334,0.022852784828977096
80680,0.039201953652378566
66911,0.04842480310856723
101640,0.9467967874076559
55786,0.015360501259897403
50889,0.04446783610324745
47434,0.680541987692693
80157,0.7636403734761836
73354,0.03893359922001871
30185,0.0017102369347155022
21137,0.031176853891951944
36235,0.5257112873972705
65221,0.24885953361455315
100973,0.3312972250269606
41736,0.15583328070400482
60659,0.4986570389959778
55254,0.1600907983408083
97165,0.24398185864142258
45498,0.3374066527022215
36819,0.01861142781664255
2263,0.7877665029880141
19482,0.02918306426378764
481,0.3223047387540371
83893,0.261314847708086
81124,0.3139154608036998
99520,0.8015789267742286
57905,0.03933687167313005
11179,0.3524921839055105
88133,0.055418187875702296
84405,0.1233282115516321
55684,0.6985390753464145
90310,0.0780281658550969
39133,0.1012851291136071
10350,0.12002386275519089
27036,0.01156483476700327
29858,0.7995564433560436
68022,0.07771699913250413
89283,0.20929698129161634
70631,0.9155784686052368
28055,0.0202222453443262
62587,0.12157316246096356
102721,0.47003865849481796
105913,0.9613238528361052
94589,0.21106701726745103
56437,0.5352192125303753
40514,0.11783116089637269
102125,0.8134515534996389
40771,0.07559641782702643
44858,0.5697414784965489
98624,0.6114076491570806
92222,0.14443268107057516
11344,0.24521120749002856
14991,0.004358721194170215
101078,0.04961475731275202
96328,0.03172615414881415
19565,0.22637210634934501
84603,0.23102131868710524
70089,0.014167580768571589
87015,0.2668851542175962
75449,0.41518068450612977
51372,0.579335087096454
32632,0.16264918856021277
22313,0.038146730407925905
39923,0.1365727092859232
12179,0.3019356151187038
59346,0.1545166197002239
26935,0.5544805308534639
55296,0.011068618606391354
106127,0.08566383223719198
43033,0.1392716408299769
7375,0.00281195802114637
738,0.3921218241914795
83984,0.09871043473983332
71556,0.31279213359146146
24649,0.1237690575406511
46866,0.08377366981785073
1177,0.03760501656346131
55964,0.15475389561119668
70811,0.5559161302319051
3101,0.00492389793719627
56164,0.11831559418626852
99319,0.32543807045470863
63891,0.8137864463664327
42324,0.024805601033541208
19250,0.4421524975929968
3836,0.01744150786516475
66176,0.21535194763247228
21763,0.1920164020164058
97198,0.5944390250566064
65280,0.9285479689985257
22078,0.2046726354056415
34758,0.36081331195921074
28904,0.00442059439480644
98450,0.5123532823856362
22911,0.43262047763401434
66745,0.06535524694987266
22343,0.20662806749607687
16396,0.010496867556227796
35882,0.6884864241689357
75364,0.7906218483671674
6319,0.760699493310845
7977,0.03458423878732633
56091,0.9771101054648308
21635,0.03331389630308985
57416,0.6607109808740126
31734,0.04212906799085544
24139,0.1281833907060182
30143,0.5313543137809388
27508,0.042623382566677255
7109,0.4001314961231751
28644,0.9049803047803815
41673,0.1242519082288906
49619,0.008870454889280725
18491,0.14152752726687212
95292,0.8950071949978661
9760,0.614123534934301
10222,0.044528763923863575
80480,0.010251952692608965
53545,0.7975724933065045
20625,0.1616195953123834
77596,0.45520217968443594
22175,0.6660181920197606
33721,0.10444674843908147
105986,0.05451915021266573
16798,0.8638604397602314
89143,0.09412383958363174
63701,0.10565223408942054
44219,0.6389720039472074
54963,0.13323629313834007
39620,0.3883542304884088
56293,0.050836563617569046
54135,0.137358186653584
95599,0.09736581943657041
17022,0.1131826035414012
49880,0.8532532605933885
28119,0.061413322017259596
71651,0.9972340520779378
47348,0.8734324669038582
81945,0.6025287411603018
50920,0.010104085229075152
90637,0.07434690520478528
55655,0.3281768403827635
62941,0.07246178840074495
64372,0.1406236082678713
7304,0.014513706011343223
32520,0.8377582541261199
71344,0.196078073271017
58410,0.01967350901104886
13184,0.11399378503360724
44331,0.4188139930217597
43791,0.03686921837726254
17232,0.5436951175615088
54897,0.5408495307940411
765,0.1030078613094797
37380,0.09960507375624361
81060,0.170496678512501
68905,0.4112146419293048
83301,0.009869865616841023
42923,0.06258360840023452
23076,0.6863024970909002
10281,0.23420479992222087
31748,0.11946516498300735
67737,0.6387430545754418
65211,0.01430694330496504
70362,0.9930223083221512
26257,0.9260969217634367
56940,0.068369689196512
65813,0.07864881978395673
92988,0.13991167568147111
16122,0.029035172317799045
84680,0.0003994279368121654
27274,0.015425696978404815
16499,0.3493180188041049
55898,0.09623306445542978
24751,0.7692849788632381
89006,0.049104917625183125
6031,0.28963110245593404
1205,0.9004851603679382
51698,0.1880453047245489
67654,0.22722415691296466
25205,0.23070387116837265
80702,0.306810651014363
52308,0.07681380731208531
87803,0.15149001268390694
94807,0.33917367431203993
93477,0.012619154067510002
53829,0.33149680888955474
84772,0.27341480424233544
228,0.19751010235167038
37489,0.6819649613508585
20495,0.37795338815297075
90411,0.5362372575570399
19363,0.012868387693397135
4982,0.8526547387231262
79133,0.22952023017933854
97768,0.330364538711009
89516,0.07903959435289853
42386,0.06680377372336488
83318,0.07373611253138268
16592,0.027661212394874058
98504,0.16883186744198647
26521,0.09912362852274437
33722,0.9718046841105868
19597,0.3449007341635514
16796,0.9911211818673142
32394,0.3895865500263927
9792,0.3990698822336919
80507,0.36459497961243814
66828,0.06410378834657224
36837,0.02192875995453466
89000,0.9267690531275147
90354,0.03433273275589436
24923,0.43561549425862367
78251,0.01738472910500977
71058,0.24170755690950413
4675,0.8350282004342893
78882,0.6566556576998417
66181,0.013592665625640528
106231,0.006871487648656506
44901,0.0007276316996507952
104733,0.26307400020229554
52939,0.7526654951637464
54295,0.13842430458673083
47718,0.7594136028698614
96189,0.8494063740606534
71678,0.008431668077364075
21975,0.6910775487195887
23230,0.13938824475964579
74979,0.040065780886041354
31343,0.3351799624067644
37690,0.007060051784854273
64014,0.7589763440585766
79553,0.0394404710571591
17285,0.05907305760277419
18395,0.22278679635487675
102935,0.996372538848742
44006,0.4579280664139365
53481,0.5928778567334086
80909,0.04523720041731572
86409,0.5727407631192545
83439,0.09804439738872583
66298,0.05269388976369981
102980,0.07092752051891109
36916,0.005615270560131751
83407,0.6855718959034498
102149,0.11015969552153837
57269,0.10662828626655757
72800,0.021459677809947387
93810,0.36719159944309265
89535,0.496737905721006
79225,0.12823996385699654
74314,0.30550509574701057
89169,0.035063341268369824
96248,0.0532869668745435
95740,0.002350454299291402
64451,0.8927988505565156
58200,0.6583501521244496
63294,0.022073020149213942
99139,0.013967539180782324
43370,0.9993729505824385
89845,0.050227486403242864
3479,0.26745770759704135
23489,0.06452482582637581
70085,0.08755797517550507
54886,0.819047906482469
94038,0.006711041132281399
91086,0.33560317098111336
47252,0.009764500238514827
69541,0.9250117236319051
95949,0.005238698954290715
17451,0.15734113732268812
30838,0.39746218965552615
58315,0.2169831800165009
73213,0.40167685286439947
30924,0.5024470595048708
32505,0.0767031304019087
103443,0.09593571691320113
79900,0.7822412222509331
64862,0.28318713992641176
30456,0.18758132458617494
99152,0.133925287702802
1901,0.3615441846331312
17049,0.9142720207517184
5894,0.5026416931162054
10665,0.15065087394564702
30536,0.020393096837205058
50878,0.2711284530046855
92809,0.029889752660738924
39864,0.12220323086143736
101957,0.5006617265803328
57285,0.0269193808937635
14329,0.5482110017761113
66872,0.08172323234562995
94020,0.004053218332445889
48685,0.8411746008154106
27119,0.05942039747493353
46397,0.04152538684451158
10133,0.7244173891087903
36017,0.0008361519960397422
37527,0.17534286511766017
76263,0.001735687576290135
2560,0.1050810074583412
2662,0.9603766969890689
106427,0.09140766716760418
40163,0.007365288522559496
100345,0.2691672696728912
98682,0.5611728669444376
25789,0.029754292200826704
67820,0.4858587599970697
59591,0.6910840050177222
2269,0.0014155939994950023
19494,0.018333075706408842
79641,0.10918108331475629
14432,0.22180088658601005
94686,0.019409457166463508
46365,0.44557501646860165
52584,0.013646280828979647
89365,0.9764510451665661
81199,0.6109475773653227
70712,0.26796924678799217
63089,0.16052746832150544
52567,0.05379578089305052
41571,0.016706056369699757
47361,0.02426625539184747
73083,0.007902672925112965
90557,0.09675655788383658
64735,0.01406975700109112
71108,0.008525762448367705
87464,0.005242793486722951
70003,0.12094348653801862
17270,0.001035358732376687
20924,0.5585350203682321
27207,0.009688342649313014
93294,0.46468205900546694
19858,0.08621728708150928
22,0.30663259669244025
49371,0.8248651056411855
85587,0.5988799536541488
65258,0.14273604165714115
81090,0.11327837576648797
28146,0.06529147336371374
68187,0.12338872850847638
39921,0.007109958658722075
26644,0.12550327835489095
43284,0.16673407161280784
94367,0.04860590611287285
72801,0.017697196851887986
14197,0.08576773221962775
26273,0.06489033986167803
61001,0.12054891737043077
47789,0.7737950388237198
67460,0.061976084516931686
57393,0.04067157346932216
36379,0.061505886804631815
94624,0.4673620771907275
615,0.10334397107784982
72048,0.6513112961247124
66036,0.19508486079703297
14899,0.13662118791321948
105042,0.0029371728863777356
99430,0.11109337501636352
18239,0.9303796445808022
15965,0.01616484957624194
72704,0.004874928755107411
13018,0.22672601324105657
23958,0.14410933800998327
41950,0.22846733338371883
105425,0.26233833804092366
87752,0.6862303977534429
7327,0.0020503148699793387
16772,0.011812767380153672
13973,0.755331848301796
27322,0.10522159596732489
55624,0.8302851212505
83263,0.013917669655057528
29260,0.1494110923596817
8978,0.0033112042302763547
17217,0.14839463294394561
35489,0.006540154429824406
43040,0.025501132287286767
90491,0.031048567034302883
34960,0.31131063249502944
99779,0.727490561597937
9631,0.2850928832365588
82917,0.12565431546567812
28657,0.3434721949336521
72365,0.9639952907763067
24415,0.18457755347077104
84084,0.4617867633209067
4944,0.04943697974253627
81767,0.306534829595124
100930,0.04964323433807437
30692,0.4831761679675091
56344,0.16680515097859366
98782,0.8622513184043638
2164,0.029229494455463113
24949,0.0035273653087938626
103937,0.9920137700435568
93064,0.08942363116902435
37866,0.021077367767467235
23562,0.9421440220886067
105861,0.09856520014802589
20541,0.567914815371525
88399,0.041273059794065634
37955,0.5821556898835762
31536,0.031380451692619625
46676,0.7343487412415954
35175,0.24869041628798366
100936,0.01614799932500402
101447,0.5702774020180255
11041,0.4855241028544992
42194,0.6367093397108164
99532,0.0019719048781962913
46596,0.05375134721795711
21233,0.04780930927667216
27154,0.9534522243866741
53112,0.02320862508646684
5790,0.6158859057145095
64198,0.01798215070585364
70538,0.5034998500872377
26779,0.05133611761276561
1691,0.023682733844663295
81757,0.8804223100391373
15392,0.13247374501395154
1332,0.011513549681830704
53535,0.6616339926582996
102852,0.4868669299673695
105946,0.0884729664354893
10256,0.01382668011963794
82927,0.9180398057172738
30371,0.5110188077473027
46489,0.547612345865761
58019,0.0007476181520299982
71955,0.6911633129353631
37356,0.08625343999411339
42292,0.4845484245094389
20087,0.005280138080712785
24074,0.07901601238165046
64692,0.04103616565310814
96112,0.0639448728408745
55120,0.27362486177538603
51971,0.02872481459225977
27252,0.1194529230079765
77781,0.14347765962678138
13135,0.01435315200341228
33840,0.13455613411029266
78330,0.9050829567039154
84185,0.08982809118665047
42654,0.10813834890983709
17109,0.14765110293550404
60530,0.012035590486209311
32772,0.07857179890320375
49208,0.08074011814812282
94561,0.19641872657713905
16723,0.7989556568964975
79821,0.6003132594693281
6106,0.08513868763210997
78275,0.05894643227094674
7689,0.5615051230305582
2328,0.0029972863366039986
66480,0.016870667481526252
37355,0.038880748690277016
80884,0.5227135010466711
103705,0.7068739532226107
59714,0.07744007224252722
100837,0.1624826481408374
56301,0.17071195158477392
5411,0.05443796969831227
9658,0.015437807605817325
39760,0.3963130376381779
23202,0.10923792552133343
48343,0.9112829516531427
91294,0.13069345425641926
74660,0.39998041663833156
6399,0.30043617145055707
9119,0.06382081325658512
58061,0.18692524616477324
28351,0.6860559644668982
105514,0.0143206805212258
53114,0.15549099139856687
20750,0.06359538020014698
46578,0.030646026609090153
52358,0.029594767049660353
98343,0.7770511414777532
89694,0.14177772963936447
12697,0.32004112414488023
73166,0.05622913795926562
80002,0.21840642285059875
41069,0.08267653010037662
2034,0.7853426762138923
8928,0.0014754271115006053
68185,0.5279828473234142
83161,0.4791893991389686
12405,0.010135829818244272
3471,0.017956393457785876
66568,0.029057709308616647
105055,0.08289031913831718
67896,0.11322291923626826
15905,0.8190294049000757
65908,0.04870269790251945
54125,0.16347446660793402
4385,0.9245349304551276
41533,0.9914192873812266
4209,0.08487264874948214
6676,0.14205848324539566
54989,0.6772867815749405
46181,0.9493624343311502
61799,0.0013926503414008753
22469,0.1378953221588981
107157,0.6729212235822338
20637,0.7787407220248725
57612,0.06013539707528175
83711,0.04256384427264705
39352,0.35081024701120167
7947,0.108785606366184
7607,0.2932591803782212
68904,0.22461063467019393
37781,0.10507597578819183
79615,0.03058773769679132
18733,0.8094395633409137
12398,0.027345931356334088
66207,0.11484663744762147
56608,0.0063345475674750525
102448,0.9615233862084338
12244,0.9958412951099658
4832,0.021811520545991035
42673,0.6918296821087294
903,0.7440493421684584
37244,0.00016713288198498666
69436,0.6722468025808611
25689,0.9928980544511992
39049,0.13284906181452188
102646,0.622317392077322
68325,0.008307838170178702
57463,0.06315065938729235
48178,0.01127402891681943
23014,0.16705577549418194
80092,0.05233064099020245
103270,0.3691592881846438
23921,0.8994103791821666
64591,0.15092661405322805
91253,0.27690581427702654
31515,0.23072557309139502
26218,0.012822139591720223
15596,0.10612780600818039
13413,0.03686263436579451
11049,0.010770271331327932
82461,0.2321586358986657
11982,0.4642060370016994
65915,0.04596918121311654
40511,0.004089763900782689
22433,0.16192701916691216
58141,0.06818456794261482
2750,0.08486051279041734
25979,0.5929365864447356
10155,0.48956055251638564
99776,0.6498267269157851
40215,0.03883223838937698
105401,0.03356179638468446
2384,0.18523249575545514
69519,0.04117845973506688
83363,0.2616174820987419
37895,0.8820536578739067
98191,0.329353280098871
98740,0.17303621674324193
88686,0.8472744101228273
106492,0.028051485928231833
74955,0.049985927730761145
39688,0.42545873516911237
86780,0.1532267557942837
28423,0.1163987028559535
54109,0.8497265448401983
72700,0.009039625352407094
60079,0.008127252137726642
68108,0.06552878582062793
72120,0.04685200662414682
40885,0.0006628484242682208
101144,0.7647741128647454
68920,0.1260345978355859
8266,0.47496765104100425
29163,0.7028851037406234
57837,0.5990750832068442
26281,0.0026847313088502298
81402,0.03260162300982237
39021,0.009221715184992096
61529,0.12285750391906908
52587,0.007891744852257195
56985,0.8269982568320208
63064,0.20997836390431285
94357,0.005376014740143292
91353,0.022911148764333287
85931,0.48079049217014547
4918,0.9929360899673223
50729,0.062329805596782285
57826,0.29802033259778493
71191,0.13067993860080612
105774,0.7846366339457809
10023,0.1722852894867516
41218,0.18173586055147317
98238,0.037182763272486555
37995,0.06684326049659911
83325,0.0037523248136573026
51447,0.038275303749034616
94497,0.03420874683493292
30670,0.060347380847591954
13858,0.1081414488616762
34727,0.9078074201280542
52123,0.12405571503882973
52200,0.15515056285226336
21611,0.6123716469782957
65726,0.06300804342466464
36502,0.21663475954567796
102741,0.2762927006049506
92910,0.17929520827236306
66329,0.09873729501083911
46266,0.2739134192493757
93789,0.06998174581282111
74483,0.3883919536879276
82877,0.9028151128052762
19578,0.3124388277732815
3150,0.8369295183871377
7795,0.00709017576232416
100091,0.36021254595185404
83204,0.03125458502716918
80606,0.9078691079571781
44874,0.1943916532570722
93047,0.6866885544303698
93488,0.1729860179594629
1805,0.02904542034613385
62917,0.7566714164415009
17899,0.049617298937786034
3849,0.18064304619584437
7118,0.017955772047539766
88547,0.00853663919191085
97092,0.3404448673091295
44105,0.1285911794694915
37481,0.5687150963514409
33563,0.01781791638166994
61042,0.31610130496165945
41714,0.06497987232717303
70454,0.021095295942293684
59857,0.16193390352963577
51036,0.16888042049931756
69184,0.0006045122749598258
3234,0.12103669253099075
74841,0.09430515160437725
23186,0.39839423659307516
27181,0.5239203440594544
100045,0.002353860101984626
28886,0.27942195315057705
73093,0.1886276478723748
900,0.8165841557435106
19020,0.33779646603216956
88602,0.04160555878936355
22700,0.3211050929797511
7526,0.004483182242565237
33457,0.5483224359779046
76909,0.20299392786051457
35423,0.6745957352761878
81166,0.027869059911355794
13660,0.8578363114645684
14412,0.6768927156407307
15714,0.8095125534262804
22063,0.017255471753891017
61727,0.5388565924031208
106614,0.44396405841734776
87164,0.9932054917883743
46710,0.028292382709586807
19162,0.3316010145514301
3254,0.7259133264346482
9038,0.06344456584012732
95150,0.027682865947220456
95704,0.011842955402829472
83830,0.026182591287101507
71414,0.05114017036285088
38616,0.03875699717496904
103614,0.0589301325287836
88630,0.8271858779959266
52521,0.08252999514810389
93076,0.9987899588567157
89485,0.91138254291307
40660,0.13561752376539066
62817,0.03301864933108037
34049,0.03911785661995748
43571,0.17784484971907938
60077,0.4443312900394489
40460,0.9377360593662031
22185,0.9993752696435145
15237,0.14229880382002408
66961,0.013495226450215057
67110,0.11567701717164303
40897,0.0892962141206225
80317,0.1051920087870643
83200,0.01415920169475296
25955,0.2670367305792317
60010,0.8250446703864053
912,0.09992053810777585
21643,0.16353872962574167
30001,0.007647149711682475
71796,0.08995955532492006
74445,0.7848074726121463
14690,0.3662294177147933
45915,0.1400345084001175
71040,0.994829415761508
19444,0.7175028553755861
101898,0.5215601174411063
19483,0.3292646696676889
45070,0.059360131722463724
96007,0.5534907141315979
8226,0.22831824345765855
14087,0.10702805794249998
19621,0.03176781406054156
68803,0.0005393041071688555
28496,0.11967964995002434
15223,0.20730475739682064
71389,0.07841169693081244
18222,0.012865176088206323
63426,0.017850702415166383
2400,0.16673206063865764
90638,0.8587496052352719
93030,0.18218538418781732
47044,0.058438860011027785
95745,0.4480648545785537
93733,0.023634228267545496
9250,0.01720294718059302
12306,0.007277912923264501
64916,0.4374006153801394
97639,0.10567011150089584
93987,0.05092183567209602
69833,0.0820821668498753
65147,0.052921698022750346
1571,0.5428697124135167
52732,0.04422359282893287
24727,0.016067909794992175
36305,0.14375990030249303
33909,0.8338028675861601
36684,0.41819538387732585
88787,0.05583209511791911
5125,0.9668468664859767
96456,0.0073147212969693195
100451,0.8064322683247198
672,0.5117109129655916
2769,0.21145795538691603
9242,0.001158878241865304
36840,0.3597687299585864
92915,0.738115741203824
53862,0.006575815908997837
92411,0.04649333496808498
2898,0.6194211901604729
19531,0.2653714140044644
47770,0.24003349625078874
94350,0.12699734727443318
89205,0.007835230358991994
59271,0.03984270121747088
73559,0.29548655159512277
35876,0.11032021767115419
1124,0.5802752415349047
55758,0.019401850893369262
27800,0.8135195628129561
95921,0.11703902223506729
90850,0.9483458572083905
67816,0.11562370031421498
70511,0.01368883361620439
12435,0.5110873067821102
82454,0.13599250762133647
78358,0.7015815985587303
46740,0.11449991082018496
100956,0.05062791644399324
92319,0.1438583338077412
18044,0.08006789023767852
23905,0.010661267106392586
5811,0.7778114065693346
81252,0.2871817695328325
62867,0.06541051697546356
41210,0.7646507222940805
43549,0.012149596739540828
103807,0.4137054205360604
60885,0.11149989656392512
7522,0.057089282181057514
85303,0.7372799387971785
106575,0.033220972623291115
20611,0.049798890153844595
71692,0.5656689506738148
2623,0.02949906199802936
35836,0.22953698853625815
20442,0.0049232654455760964
61523,0.0008811708206738499
77677,0.018465968859778678
80546,0.008176131879698505
36731,0.00967364146214622
406,0.7364615611072114
76807,0.24625097045295402
30786,0.14125861662491856
33955,0.8828936750679
97280,0.13384934109996038
59464,0.08934545498133267
67539,0.4126608127485093
24006,0.03857858442562685
10504,0.9591031773849434
4761,0.6607017172857355
17116,0.024994549088981303
45348,0.18082023151252974
27158,0.14360200995462608
95018,0.17397402992956917
52617,0.18732804149385068
92514,0.12472664139804629
16579,0.018773553626480446
88082,0.06219006809768287
63377,0.8960619846710334
100532,0.06567732353172102
57329,0.0008595311096230927
16635,0.8700981325337651
6974,0.0007898194477737361
17773,0.1145821201701524
8296,0.04498686925300423
99140,0.7981078299964327
55910,0.13112334517457347
18845,0.5730390612769645
75295,0.8243912385634615
21725,0.032613763050331396
22226,0.24477279305685268
96840,0.04249971169556006
70051,0.08972276392425238
34100,0.11364377812830251
57844,0.13722978645189177
70993,0.003253121474015327
66414,0.6131277402284503
46674,0.09375240945836405
93752,0.07670606579189168
92435,0.9480681220865914
37500,0.04918312114539864
56853,0.07141007209740918
9443,0.9523634646558861
99816,0.2599551252328769
8717,0.8952517691279519
75599,0.2748360592025375
81971,0.19871519162659396
85158,0.08307303028606255
39350,0.006805521866407832
52049,0.5035779968239834
82140,0.0008348548290587117
6755,0.08463583461725399
20683,0.20788281355327543
83701,0.603340781753178
75241,0.594150715465462
95970,0.04036877898622721
101659,0.00048621285537705383
47233,0.12396115189776463
86028,0.09291952013755872
41131,0.07692082091161483
54595,0.1494332986567503
77569,0.005986275619225481
11808,0.015831865167249055
92335,0.2387816861607423
77221,0.606786925082832
58213,0.009748399212171065
81687,0.01581606883405571
88983,0.007930359917506666
103781,0.01132272207659436
5839,0.7700897028862422
50704,0.04400994676326161
41307,0.017267406946034528
66524,0.9741969842276029
66762,0.12509595158418618
37291,0.0033903415106940776
35582,0.0033527777903217737
95763,0.5920493701985678
57070,0.3739752124351826
98262,0.3685359194786758
102454,0.06060314539896537
77409,0.14812011553238258
96948,0.022275479776869722
63730,0.0033649823110298337
96065,0.04374520911809249
19142,0.7079783986561131
80975,0.9729879403382187
45052,0.7566129613971162
72532,0.05375236296661343
35240,0.012459110921428372
4074,0.7568422199877891
3116,0.0002446529760251771
40238,0.18082200391566744
83980,0.6747071337717222
71077,0.1571627639981874
36494,0.3250983935767867
102186,0.940466803120639
8686,0.16739335063588495
33403,0.7444430388683543
94903,0.24537943011701763
98535,0.1207780421456432
21363,0.3146281211897061
27301,0.15741958337648493
62190,0.1446562275159718
194,0.2850488246604886
59599,0.45258644123886793
41074,0.7504411511013963
27736,0.8604046720399421
68224,0.01621078049959413
2846,0.27279049918140097
73329,0.004480627474388265
5316,0.07703707534778712
2706,0.012500589626725246
18783,0.3095594159685704
7565,0.04050046520879604
71519,0.0017302708081536281
51119,0.1289558762829811
73556,0.016664528509774863
3629,0.26609531078150794
96197,0.5566270946413876
76831,0.22280649270220954
41283,0.15331134340983532
57436,0.14276134061604107
55158,0.746299998386169
13294,0.000455295038099215
36363,0.2906626526187498
92465,0.26200699456846366
12609,0.6885505665244266
73237,0.020849430002890936
106084,0.9976744422039243
425,0.28668157611166156
16773,0.6024907971158033
102694,0.9778598343254162
75930,0.2478489725907071
76772,0.46715151740925964
73463,0.02251056450942687
35492,0.11522902612326774
100962,0.003866723906095452
58898,0.09543657911321102
18809,0.11513916852284495
76369,0.23109301069891452
103775,0.09274954266497981
50947,0.1250299412497417
107105,0.0953779639042493
52820,0.23336288160042307
35491,0.8235091391266769
23943,0.2961084475316996
28067,0.13244830030156723
2091,0.5413966691813465
19327,0.5244811453315303
45743,0.6604987341376047
11684,0.029283243661622365
37212,0.750874500521892
98860,0.9358422439622389
70244,0.14146795613346597
87254,0.06948029532894229
81809,0.0826129609944461
39662,0.869071208494707
18993,0.7559912375860642
102329,0.08906625497187537
71104,0.7559777196592492
103136,0.7916251253615852
62301,0.3183361959769479
97951,0.19119991732388375
12261,0.08085948618995287
29607,0.2398724736930749
64961,0.2376041585792844
105560,0.00380606391851603
14058,0.08343156811146496
25224,0.09394722117431137
97216,0.029894750466552992
66479,0.9456942566926975
43400,0.41627039915118247
103361,0.932385805644812
71857,0.029371839114667068
102951,0.18838453067806515
70474,0.26887918933746685
1561,0.9747704894377246
1056,0.03159578891870949
5929,0.12544058658445695
3326,0.11549676268835701
472,0.033881593352831016
105328,0.9881800318088457
18584,0.9346397893397819
14336,0.38270724030300574
38718,0.325979135835407
81705,0.00019436233457269456
90578,0.8940270343977708
21136,0.1588450717763285
96526,0.11679361871518606
70688,0.4973959276823657
32076,0.07605075488099804
79227,0.12588760693066497
70403,0.31936624618347687
36172,0.12995306572858195
69145,0.6009311879028545
79692,0.017231225940492093
92917,0.010984757843223752
85506,0.49877059264032
15441,0.6969392870626621
102805,0.019828787457871606
53322,0.380384149636901
53628,0.15932099044837272
67053,0.049289082760587785
49664,0.11744456498141859
52379,0.03061136060437856
89927,0.012465389768299716
79306,0.7813118515835393
61848,0.32076602272108934
59894,0.3034934481724738
6343,0.020482502147907446
49379,0.1350632511316628
43932,0.010126048055696911
51891,0.028516625339823312
47684,0.23925429614836835
42368,0.11869366074378701
94677,0.8124789435600406
81349,0.24956849983280416
101549,0.02601378590864887
102583,0.02857490670219031
102751,0.18750363289641586
73545,0.326738358975677
87746,0.7764972951830158
91360,0.7291082083161998
50130,0.0031866213379128936
86506,0.5978257759524828
43251,0.7676404601373272
82991,0.8327049719051441
1196,0.15150375040425296
35346,0.37580294894485994
95915,0.6069539690611414
50942,0.307126999749624
94004,0.5066516601289169
67116,0.7671146503605135
85848,0.0008374414686647905
92443,0.7499377515606411
27564,0.15666877517818173
1052,0.00688080365483022
56865,0.15005313367499618
71213,0.11627088180083234
97167,0.005139781614311966
31611,0.18845269472468612
97081,0.26911748783315287
85914,0.0035756950669338836
77780,0.09940620845977494
79735,0.006189230250261318
38070,0.23507554631631383
104624,0.10592634027203085
85892,0.17715020683756594
61573,0.9743618956324521
106356,0.1415663685641655
32933,0.09335272098704483
68606,0.7194232876190642
26191,0.005746443667730829
72996,0.998933270119513
14888,0.13038736192823813
15547,0.39229330581351046
82169,0.08432324473334357
79334,0.9973798752638449
71949,0.04820558670755126
34097,0.008684752692088335
34726,0.13675429062691724
35190,0.6852345703145585
102937,0.04681692055670782
47205,0.8976947364326657
53487,0.02412929082934099
32023,0.06279491375125866
84844,0.07198404286605131
31030,0.20484682795791986
594,0.9345429765207288
95995,0.027520139976823406
29256,0.22096102330529954
28103,0.9717837929234446
101705,0.0802471705223019
54597,0.0330564750057737
86133,0.978085524895217
48719,0.2255874350708163
13481,0.15805003363947734
56647,0.1038620789066601
103100,0.02466089063786753
61338,0.4322965871479796
1745,0.15769699017900995
44981,0.564520038204412
21909,0.14649900014067996
63191,0.5841328303049972
105688,0.9836956741024961
50576,0.15489525226512457
59004,0.9812240286155669
78710,0.00101508217173755
81266,0.05894056451647154
53011,0.03631410133807239
59454,0.26730059860524535
62370,0.09018215291964726
15436,0.41820138356694725
47496,0.07445479787613156
46929,0.12878269563021133
31547,0.03583749120622516
40230,0.022894811819250138
72864,0.002389317070578503
96419,0.16111760564949534
100337,0.6122334207749246
16843,0.00938462180738897
31034,0.055287677909293204
21759,0.313696118485429
46175,0.9515707385257581
30282,0.9871414505994145
38301,0.1972982340429154
29861,0.01737857236662376
31215,0.007339913235458943
75124,0.036073952486512385
49611,0.0043449662973286994
79184,0.215847742963652
98827,0.9170093720253355
53215,0.8530554152122835
67845,0.6972904534573034
103204,0.20340740836195842
30524,0.7798042214548644
59626,0.5864701280810456
74164,0.982273227997787
33755,0.7726640898223145
86222,0.06276603393043324
41359,0.618787370428976
88380,0.0018618966597808095
34779,0.36473885878280443
20786,0.09575305282452362
27313,0.6007045897149886
1923,0.12390409678644954
50465,0.023306152033198236
18269,0.023660625896665392
101096,0.9055927648003853
51741,0.2457199273766122
2655,0.0013647182478754081
51362,0.049976168668760965
28358,0.021308920785845297
89742,0.004967550568429573
79000,0.0034654108442130427
20164,0.30305001207599713
27133,0.31023223853157006
22732,0.0014052983894947853
56571,0.8390404713286496
67016,0.14066065745810014
75456,0.0024765305011200823
17639,0.013972481932639317
72842,0.08167749698164684
12597,0.5102587031487137
6071,0.20934332533309896
67489,0.11165388501980539
43846,0.451725191668174
7860,0.05401522202234532
46167,0.06854603148671566
1043,0.11364389284924498
19831,0.11183649018765557
36952,0.18926799272244438
14413,0.916786702599778
101104,0.0995984193731056
29305,0.09025198764504183
14320,0.5952994537560442
83868,0.029769247421201333
19295,0.3942486554439754
50380,0.7889653034583928
41683,0.332108420560693
11830,0.1338293235115562
76290,0.8516470050361502
27478,0.025645092952491257
10160,0.13616715610769692
34859,0.4783825794141976
17876,0.08796413032423195
89367,0.22502134592724954
62132,0.883210311511488
79903,0.06295696778694848
99802,0.1685177136000346
91027,0.13044304020885938
31945,0.01100025652156252
103290,0.6688708613389754
77395,0.15330474446356945
39151,0.016904549877812553
14446,0.38900293487430243
56349,0.9452221285610759
84526,0.7279876302523699
62866,0.34669274585658477
48188,0.20148150686642352
1284,0.008504740244916643
34337,0.004783822719254504
73565,0.4420798017231232
93997,0.11759414928501127
94490,0.0799131167654562
104352,0.7536807455482013
96339,0.37649468535755504
85425,0.7253239922365025
1773,0.15194230899277467
81364,0.01587438664557554
7846,0.48406023727638664
67297,0.5035587664783522
4437,0.2561900053568448
83380,0.059244805530304576
32965,0.012394588827702054
11367,0.10183221920009311
11935,0.5071458117359162
67673,0.396104578394995
73183,0.034798834790255855
106947,0.06432033578888165
61526,0.12646018239213652
19961,0.9880715543285983
64622,0.0021617692125520797
45930,0.49845649426085403
31971,0.020608445253445955
75761,0.1517574453901584
63725,0.2664647894252312
76687,0.0489069139229039
92060,0.14629718422580046
100387,0.06949964935371217
98217,0.001606806922736127
81871,0.13410097127087306
16317,0.14593801559407565
66790,0.16608369154787228
82663,0.24200801003372652
73834,0.2934139844365052
21347,0.21489859804057815
86955,0.5559569861535175
86852,0.22103615378644514
68457,0.03035852206593136
88093,0.025063989500451182
81164,0.16306860214975072
61819,0.6648524205542996
13012,0.2569125519779587
13155,0.016534554680691628
15783,0.3468165627703611
15673,0.015222020935703313
35925,0.950692584724659
106969,0.1485935489399805
25640,0.03830611628622787
97931,0.1433790244985002
50074,0.00237765632244423
29649,0.05299747694465594
91931,0.009757525874700667
61722,0.00811266482982067
20287,0.022469387678800537
76463,0.6956665151826619
62710,0.5837000342295471
35255,0.13897251431893398
85906,0.06071445947453869
11618,0.9939135488064559
94378,0.8605079486328637
100329,0.05813871937737008
17723,0.022839143288690165
39882,0.13396305326722413
11795,0.8939783641713854
66789,0.8996068808669444
102765,0.09986743983525886
13650,0.7063764867766796
97337,0.17368706100408093
23806,0.20489487206626422
34279,0.00952936152373574
98949,0.08232018386538525
82142,0.16867002366908956
15659,0.13362782150578545
63656,0.6477124257840091
40763,0.008252690602902827
80836,0.01059021022243558
104849,0.7641519577334694
86473,0.05177800055022897
51194,0.061984794793404206
66403,0.00025239862615665396
271,0.1120142219845025
2273,0.010832482113148462
81275,0.012540013802810418
14715,0.2357557915059158
57319,0.008862750336527846
35197,0.12607794325451527
98220,0.5086512837718439
94959,0.23563542016100136
91613,0.1303576466173289
94534,0.004581812923767444
81910,0.5037867971132696
76649,0.04940748895255189
23354,0.011740478807345226
40827,0.5028472601740563
78654,0.023868491986725617
73369,0.06715358869688907
67659,0.7083513190749513
34111,0.35417230943934397
102361,0.17570675923721613
37171,0.8856491724043369
27744,0.2570625816093064
53767,0.4328877662131275
42072,0.9490974477596572
53742,0.004708400652132719
46497,0.7795845515885256
35788,0.27497455836671725
88746,0.30646640918700907
4922,0.1519647090217348
41718,0.06436967462958593
8802,0.001317737724481263
38604,0.07758883104623988
57098,0.549694351920793
13275,0.04016420704410194
18055,0.399262473128457
49524,0.0018333541795360507
76101,0.34143679378608915
66332,0.10369932780344376
91441,0.20339097344625107
81061,0.334505288653962
96013,0.01955329195572164
33186,0.034183813181298484
75009,0.07136840828666245
73082,0.5865449002062947
3525,0.04510691361344008
1836,0.1740173837200017
34802,0.05774231908233886
19758,0.13444241186458755
15902,0.18495203873334132
23441,0.049888221376874264
57798,0.030879122525022396
68964,0.09387300337574961
68435,0.22084798355789764
26294,0.03225316063118767
45844,0.030661360645167536
60688,0.13776623820029565
95472,0.23175228339463644
39837,0.26840796036292
46184,0.7126942906930697
64478,0.579522134784452
55688,0.17369976834153594
89513,0.010537191964997219
34602,0.7677193410303269
25366,0.5341620058851501
44642,0.13334433442673627
66923,0.33529330155494086
83881,0.11702161517205562
13996,0.8185769797278238
6535,0.12992528433754513
75328,0.10378190536378173
69789,0.07841057979497397
102472,0.048262082143214376
27005,0.13451931237325732
94773,0.4798605832304848
39038,0.6617692255161107
59584,0.1254233673984994
75032,0.09394814042781319
94365,0.029156770730326968
86729,0.054931192708665574
103277,0.20532741789512082
96803,0.9283066763121105
58216,0.13246291271664928
59839,0.12916604519050973
98342,0.536185470629877
60175,0.5098565054022219
82073,0.5323526946802537
93301,0.8767656713266057
63588,0.19433789096804582
27987,0.9908723559117864
80054,0.3173465346943949
28762,0.7476800215746124
92627,0.11093087451912592
37981,0.4186400699642674
103582,0.06406239417887417
26564,0.12556389954016373
54394,0.12129188797943913
44332,0.24663720733133193
22138,0.28085663481666395
94855,0.9344786212933037
4632,0.00968708178306087
32784,0.12113988722852004
32830,0.5563554781898368
5631,0.004722614551893404
16808,0.018425782480582225
99344,0.10096237519610496
62996,0.01555020674630597
94028,0.037822710276126825
23890,0.35702120166691254
65380,0.5661983036856796
227,0.0766862921837361
67725,0.2653797172979955
104891,0.022869917519874786
28004,0.017298877509317644
83787,0.013665034635162243
29242,0.035635512437475675
19087,0.3230443890793098
21662,0.9442543120795985
80430,0.8359304340924987
11521,0.005309454341564829
5769,0.00795776284589673
81749,0.6830074431761278
48697,0.7739419864267801
48172,0.9092185583079628
53034,0.02185234964192325
19406,0.587012581280877
96433,0.07583300108661806
31600,0.7150336373052726
27238,0.5428067282579822
99691,0.8186423892876722
82316,0.2127907420840447
47283,0.6951228874408826
97742,0.15028539388470735
22508,0.7733271797516608
49085,0.11412230699161774
35900,0.6687899731423006
87088,0.0035574017446342206
24902,0.713603243095702
94494,0.07030363339217037
28022,0.9848562861220362
2059,0.29752967329534663
12010,0.7964395150380827
57179,0.879886986371632
43643,0.5207493184409707
49136,0.0403112996078133
43229,0.06684824974640959
94695,0.2232497625876645
35330,0.0005172627397202182
68583,0.0017823597034287238
35691,0.12346274355082598
58106,0.2970945109761578
49013,0.24925732877853496
4021,0.48609306381133294
9736,0.2927113838045219
16976,0.33759994217924316
60727,0.25800625197931215
22616,0.13103908930626856
94363,0.0032795907869689585
102735,0.3217790020528587
73328,0.19017702971446987
82486,0.012827085323015814
45754,0.0012167985595919993
52339,0.0005435797087943731
27609,0.06538671909059722
75284,0.14541723852882626
31833,0.06022161017701656
43459,0.23181373998740107
43426,0.9145508179682384
16966,0.2338424176837769
67316,0.020819242732230795
90027,0.12770442675991844
21202,0.03678754861313678
60034,0.006630319156733515
100336,0.26815135864218476
104126,0.402815171518637
10532,0.38734117026237813
19102,0.3679912847906973
70178,0.18792726322351938
89262,0.015572477876280497
59485,0.7135697144823625
39936,0.5525043061715987
84258,0.16461778390424875
98035,0.12468528656945033
13638,0.25370712165042586
104139,0.027457062083151323
93985,0.2328795358767154
15049,0.13413508592086976
17040,0.020837857424656162
21849,0.15011208005506133
27661,0.3723915382167754
26382,0.041904710030324685
55516,0.13129102969014245
65056,0.7239100744715946
38204,0.43685257171840963
45724,0.22586351698910884
51528,0.10467528303386558
42609,0.5351757157744559
15379,0.0961974934366332
70841,0.8246161650825461
49635,0.22108998918122125
54418,0.15530515672673434
34898,0.7118561104031433
82519,0.012273404373538226
22371,0.16658716275185487
31017,0.024314834325627987
95026,0.2427977205787037
54736,0.31380081367898816
17067,0.6521564095887453
65336,0.2933201990554284
64461,0.012215795605787854
81513,0.1058182231168538
56947,0.6702485719158646
27779,0.006608380918869676
97067,0.304458602183288
56463,0.2645737808008052
33626,0.6243365219586071
87493,0.03958194313081013
45569,0.5539478463365816
20981,9.33068778231235e-05
145,0.16386551978043395
22884,0.1686734603674785
8896,0.09027456985711935
17763,0.01485408868947247
6716,0.035321819499856265
77738,0.7526558336661675
72793,0.1327220074814051
7354,0.5365569375513726
23390,0.22168963978070233
86826,0.03224435149560382
102897,0.09742576086956545
2390,0.47723291738565515
101532,0.5917394045695522
71510,0.06429578230575843
85733,0.10224503580920719
104850,0.8568843172668067
36937,0.40694870118921034
62521,0.0794195698965367
329,0.5333621156922005
58726,0.012144441600284914
104467,0.031090024707719578
11753,0.03564699362610727
75997,0.06885343573371643
44827,0.6980978675140143
81596,0.5502253218027804
5976,0.756368772191939
14096,0.25077737506782716
32561,0.1508087014686278
97574,0.399250009674461
87563,0.1613323673200308
4012,0.003739533249721378
44065,0.033346237311425914
7357,0.04429079893860314
32431,0.13772787282950127
97914,0.5973339382441036
10926,0.22652087395779713
25951,0.9275358611628883
16993,0.02972637261123142
83006,0.321914006059127
65555,0.044204342541588476
47229,0.7953969458886536
24230,0.2553759378164865
80478,0.13446337000395348
12794,0.002717228866634197
101427,0.08157198321222303
77338,0.004544593779214397
60261,0.06416112270913758
61243,0.013181240145220752
52749,0.19101634420532154
35153,0.35364669674803206
1847,0.37962971378106536
37515,0.9796908439856552
59715,0.04689219421287002
75508,0.1982093120425522
68453,0.06926329298456667
38857,0.2233688608411224
76901,0.07951145417571542
45312,0.8527236098610727
64699,0.7651441983345311
107124,0.6946722678734014
106450,0.09218897351417343
59034,0.9455236631111108
28823,0.705670038615829
16562,0.2390879194064467
7111,0.6281163619842631
62848,0.11936224111458937
2065,0.12576335754926005
93643,0.07037083437590254
14995,0.4333423186494736
10652,0.1914288004840336
96790,0.31071443931176146
13931,0.5910951726975541
105910,0.048832536140823925
105867,0.20846648986151084
47543,0.06965756499825311
52396,0.07932221912272114
11384,0.023636341824661188
58047,0.23877959814561778
27059,0.07871959506241655
62378,0.8727591552185405
91044,0.42088216427024383
65285,0.08494475018885678
9793,0.03498689769517638
87140,0.04771735194073577
60724,0.6236888979359524
102439,0.057937682922881144
79462,0.11309146195393505
37993,0.9092937596086953
83192,0.28674931625697947
16217,0.49484726745703833
50809,0.4971585548983002
69198,0.7163627044827563
4837,0.473205089800775
1378,0.5881820136710836
6627,0.10015812271023472
44185,0.17211873332905847
89323,0.11661065855894642
30419,0.13335737221485383
44183,0.46059245479595934
70038,0.11239485157727658
42202,0.006321391142585049
68211,0.00651492131618414
86889,0.2742812148697893
70314,0.36439312403202273
28421,0.33403647648656354
79594,0.23184040853786203
63970,0.6228531908253054
66554,0.3350192216226816
73096,0.8430908588232491
63901,0.13436389041487068
48610,0.6212560623551058
4433,0.24848052170356028
83417,0.3429401198169457
26109,0.00041900681191838217
107024,0.4289373338990741
103750,0.07903393981300544
83501,0.9932936932588573
29599,0.8800625239681188
7580,0.017735191077649502
90263,0.9538456843347257
16027,0.904616802229216
96145,0.057504402084102145
38150,0.6793749991297667
40057,0.210870054064413
31590,0.038399331088824214
101651,0.5553692595730261
98893,0.7161306816291534
5608,0.2506151340214099
32223,0.3056750859371201
104466,0.1988869956731849
24293,0.26031803916814067
48837,0.0008407744613515895
63309,0.0008785892052512394
55433,0.012378461522507834
35375,0.051658319320371994
65396,0.15581785903733059
91489,0.5701676174206938
86721,0.1780877827301135
10224,0.08004934234406696
87346,0.07482803203039085
57170,0.9998898343552044
100290,0.006144306256602061
35196,0.09338962278727592
44191,0.0018034618100910955
92164,0.5834978744684176
29280,0.3024921570908482
25538,0.13777993813611777
83987,0.302808850366428
62898,0.08099510390474185
106361,0.06270010377072441
25136,0.022815525818515304
29505,0.11244685300280916
83536,0.42805834003043164
45658,0.005101735338316392
3288,0.7653842161240481
23616,0.6271387386856815
41581,0.026992048067363706
11609,0.8239285600635091
90769,0.13583129384663412
94406,0.005140862860982672
6965,0.009277759563158407
51073,0.2550784459024016
51777,0.05512077704047039
61494,0.13009097468834996
25372,0.15330037347029796
71318,0.29851458600986974
46254,0.7983163603952849
46722,0.24643105993124248
42554,0.7912203650721435
47197,0.03670368998119511
51552,0.03784184363927678
4582,0.005583449905680044
69685,0.2789517081361712
64327,0.15825193148305977
90833,0.11194849376506133
100852,0.5153258806513771
32398,0.007966329001062764
94635,0.5936688548956802
24454,0.09956873935745603
34791,0.7483034831615283
12741,0.004606591804379374
14778,0.3680377092991409
48422,0.0036795790074521956
44847,0.04999468022224977
4140,0.010859108778634564
79918,0.14901812042402363
11546,0.06831706532121375
8942,0.13854867110725305
40240,0.31649132000429286
70332,0.9843542356408284
27702,0.0901203610699679
30292,0.13852235341830443
95337,0.5433604866662922
53342,0.1503185696038788
23596,0.11091351090027723
16604,0.28176327888124475
23231,0.5098432245260941
54794,0.026564222139686785
94579,0.010860542666254145
88392,0.8822150446336157
25986,0.7266522624624556
102710,0.9986591663828536
55373,0.23035797297342708
20649,0.10279134448045174
48177,0.3252264809637987
76434,0.09914612179777432
70908,0.4824813964775218
102742,0.09097076934698733
25058,0.023532215985002148
78434,0.8634869726652844
80726,0.13960989305549343
65248,0.14598522996841962
88275,0.6563559803680612
74074,0.9594921250716747
21876,0.2887977467959639
103450,0.15470912207359033
67928,0.8850083547621035
59256,0.3364532479366364
46298,0.6562404988246096
98195,0.06947949961085256
95110,0.8885370380404773
82195,0.10737177715839324
21832,0.8044750753380348
61503,0.3361663493077581
91959,0.06747035048014424
26200,0.0055468572435527505
25686,0.018389958992674562
64370,0.34527504512759
57104,0.10103663782173561
85740,0.42423567702593495
65082,0.05589504579784198
73465,0.8066697909336455
14815,0.32995401720805584
62566,0.10969694097476351
65389,0.04989327797544551
36629,0.2218562648068383
2761,0.050215358036252135
46122,0.32100402639884307
46708,0.5316462957823641
48543,0.3675348481043249
38437,0.0020470966400847924
41679,0.026827788105839585
11943,0.0017930495004702847
80663,0.2981573145460415
57362,0.23532438409951506
78294,0.07337491415124683
11443,0.869959050448466
3339,0.062005889854670274
8333,0.8779289612296701
73688,0.0019900071906750146
101048,0.12433938943688178
38807,0.029583043398514933
91992,0.01471630164865249
103660,0.35236845024705366
4349,0.01203668054512438
23900,0.027088496834458745
54890,0.990196528915922
47554,0.07802731372172136
57897,0.121417042683646
95129,0.06146069776456626
97155,0.2371840367471133
78284,0.25985781757969684
53620,0.5734250514194276
17540,0.830353064429709
90980,6.299788917811613e-05
53178,0.2581624688473101
54282,0.0018422373384192792
83611,0.5797117219748862
74832,0.14433831657301333
33521,0.4087006832691815
22312,0.11972806968091199
8327,0.6883933717638514
48181,0.049964408191494995
61597,0.7397957403644223
56734,0.5370146620735451
7246,0.1057239529184622
18123,0.8039667067877111
18892,0.9034579628723779
48849,0.10562057836385208
47669,0.26500627776437813
94924,0.6596045794046731
48512,0.7311074369653372
9957,0.0022994777526042127
15707,0.12979530595500205
55630,0.8607339377795804
9362,0.028036883562400076
66120,0.0029870038456250737
16363,0.008891034798733361
16402,0.16921494868370718
41921,0.5467578199786216
22353,0.729066554239705
14686,0.013154423179444874
28415,0.04356403440995784
105355,0.9737885211642752
41053,0.035194897917161294
37061,0.15358375628841925
6933,0.043112551026174985
31839,0.15584895995488718
44786,0.017558454248051834
70036,0.9867525206938492
68703,0.008657229291196153
42378,0.03233808145494591
36526,0.12436939081165166
49901,0.11203877213395108
74032,0.2619383644808369
45628,0.012542358067440074
31979,0.9315757054475835
53486,0.17308862190668828
46763,0.07781115247738077
85408,0.13445854323858664
22637,0.05875442114576786
85061,0.04274764779157838
22921,0.3893101971373446
29685,0.02645931697578991
44220,0.0016670622770507345
1290,0.11244400659585024
35918,0.011466363011105483
95177,0.9468092640565888
31992,0.6399304555175396
61329,0.2809267068529262
58169,0.0031680125863044546
7717,0.4701676310813462
81789,0.5019727679197499
12979,0.51804053479768
43043,0.0291475433423342
75875,0.09546791880299571
42519,0.7903910616270116
78452,0.0002669836361661268
52550,0.09997008023456472
106635,0.07492649105740028
95352,0.47515158698434606
7091,0.980716215323446
101511,0.13783556102292305
61044,0.7821088228380451
63031,0.0272691731595518
86820,0.8482377926831954
70201,0.23074742120830238
92595,0.5947237714138539
45050,0.3732204847534204
28950,0.041577025899180706
25218,0.10294493991306664
49914,0.09383302562231333
28318,0.18310505710729297
20136,0.38830240420727125
71667,0.4029260426806568
100422,0.07090810385728111
13447,0.07850482816991955
19832,0.5458843487906743
106236,0.06259741981304486
102494,0.3091723185986878
19099,0.35837337136917236
1374,0.021233344398891314
100798,0.7893162855773437
50458,0.07924313316874243
8098,0.3258605591756325
46587,0.5327234405893939
97916,0.7211450980746434
15653,0.005050354603021176
41534,0.9142680442084393
1648,0.6504942940755309
20773,0.34224201936746934
67182,0.10741786916990931
75074,0.10238079737264949
103776,0.7957385238456783
84381,0.895711425139374
66906,0.0772976596792802
76170,0.5827414912041259
3635,0.41558736580342137
100541,0.0874715791342674
42074,0.08494688242096882
61498,0.5922363956547072
5817,0.060625504236663345
5050,0.4754666296355379
79558,0.1547598830891997
93493,0.0362047250713549
3526,0.8913422944314912
14253,0.9359009216803504
41847,0.2037558293761893
11067,0.7046798675652776
19072,0.555425442048903
42248,0.012023478676911859
27783,0.32383462761243376
97731,0.009373548654664957
65049,0.3429262938682486
48336,0.14210605363085305
87509,0.12785049788681135
22247,0.3566979923959922
98041,0.6671033696615234
89133,0.5334728144002728
28435,0.05321008478093591
1568,0.1485721441494205
49259,0.34666582843281635
40251,0.2481318505556529
21063,0.3603687838081806
39510,0.25506958290500714
84092,0.016097251050001957
21541,0.28900697289678684
56060,0.016141901918324823
58625,0.0029452468662415016
55009,0.0027303686967185777
4421,0.30154317722200563
58289,0.9552433360210317
81464,0.10548941306337922
56880,0.0123587385588542
94733,0.4859022316301465
89920,0.09602010823533996
95370,0.22223003909494915
86551,0.009317027975838034
64842,0.18959243817650856
98219,0.3937831961459376
14959,0.23071181209061797
61918,0.19636995499493864
30768,0.124960054272644
84626,0.006097631422057826
87409,0.9327513811493546
71910,0.07982165996306662
76044,0.5858689700208369
93349,0.7698384509980956
83169,0.01200880644747202
40924,0.5070818353528797
83906,0.9182492270988718
90343,0.337540919607455
99624,0.23315201274483
60372,0.1800565106620607
17360,0.021503852855109546
3376,0.670464810416165
101531,0.05943532339949558
92693,0.32438027964576477
63830,0.13031717462453357
105550,0.11939407880140851
67793,0.09854791581290179
74065,0.10075341463380294
52043,0.0998823428991707
101272,0.35240307550609273
95104,0.9253361216270083
12014,0.35856893627859154
56921,0.002143921380903863
91011,0.03566520332106804
22278,0.09869704805274543
72818,0.3509730865520946
18017,0.00485896902484456
85902,0.2929346394767744
73281,0.17866866114966462
66154,0.009700055774992597
64930,0.24014686433536486
99208,0.688535774675434
46912,0.06405741751557771
82434,0.8809619240016044
34011,0.14196819617673384
93158,0.9713828226215825
2811,0.3889341052045015
10413,0.020682289765590545
19194,0.029821276609449592
49608,0.757474361430042
66841,0.8511140626121757
58801,0.04497755016020968
102353,0.9877876298663869
48903,0.09005658644203018
59202,0.11293391184830742
88029,0.0020566612258807976
77130,0.1343703918165402
40716,0.5064930450231381
51834,0.5731413836037147
2106,0.07119610174192303
43645,0.013449437196311045
103317,0.007108569211223598
90097,0.5046791101833719
67179,0.08667592406011104
75619,0.10781320987371434
91664,0.437273280405686
84404,0.1343234163088784
62415,0.09168069760440295
44375,0.0883064705208208
99252,0.1464428393722612
62134,0.5299269890372026
36512,0.2768850604453845
39584,0.11517365553139436
49182,0.031190974919270253
9209,0.08523945199366861
23385,0.8061164957194892
14286,0.10818376960067866
29787,0.054551633403410564
39647,0.20057197530090481
47671,0.5715429099352957
28786,0.6772666637408908
59678,0.6173978418025657
30071,0.14122599803752944
89480,0.058762649293930706
12125,0.000704993450793892
93053,0.048511560434287386
19649,0.24465920174848405
18321,0.303217976795079
55999,0.022775618548295223
31501,0.09553774254415992
8089,0.0004382463954279699
25411,0.10459824320282668
91874,0.004756898690168972
466,0.5776854094534765
49124,0.01397508979919455
16452,0.5029175384788442
51030,0.0011059788225878252
14352,0.13346489038875553
20051,0.775194443985808
68506,0.2536547641546381
46932,0.016866393835876604
48724,0.1438165284653974
106754,0.5349021748986822
70520,0.632011995067787
32716,0.009824687278189399
19783,0.06035641105074199
1729,0.00263912310544598
38511,0.976979561437152
27811,0.34289537796747926
40368,0.02102152914834972
49438,0.16648314853189344
106631,0.028723758384027857
43598,0.0016172627745077652
88438,0.1336999021209742
38912,0.1816527936022037
88719,0.18736681425808943
33208,0.131749457551671
75282,0.644976202088173
73266,0.17075216826145523
19084,0.2273348852725312
5823,0.038072751428143294
34194,0.5690598949692154
36136,0.061839830577488146
55696,0.5075352575992861
27683,0.6637527906813967
49127,0.39923347245220825
58850,0.027824351014867268
19462,0.23677958916979552
25121,0.012582617803046151
32769,0.0236894521895247
67726,0.2458399779103192
30824,0.09287796028554368
104718,0.029525099293373748
93260,0.3000487380688761
72559,0.0023511491057056715
34565,0.18574491209776978
29042,0.6995269143981848
98338,0.23687859121052274
39563,0.04818278372222057
70885,0.009064210050177776
7911,0.09572472400807508
23393,0.006988739779236417
29608,0.13307738115255496
55788,0.04777853437259215
30151,0.20045819427733025
88907,0.6362876536586021
2054,0.0006572383402219531
24459,0.2806058755476094
21357,0.6260733158254806
10902,0.5706029783024594
46706,0.4228628801149208
47885,0.06926721447511662
105126,0.2806170230132038
51203,0.25034455260670346
87021,0.7980488544027788
16789,0.0746526452663426
104871,0.14549233280579582
36294,0.04810635526788828
7053,0.2895244885295021
71733,0.7588502189764321
80090,0.012605058526158657
6574,0.17969189308104877
31797,0.005272507163971604
19952,0.6986879558820616
16668,0.009954935988528032
48236,0.21591060623671188
40314,0.002150830298246902
66603,0.1812475384963157
23583,0.06907475553183946
61738,0.1292951094206677
50567,0.11681652350841298
38284,0.4049263361327801
3562,0.7213158208437279
42704,0.6943530222774114
21007,0.18729037989882885
56284,0.0034718809135510643
72475,0.735129899347402
24080,0.08579061183580228
50203,0.9251612369913532
86643,0.08474638731205025
35152,0.09005157035958944
44133,0.029780008399352208
40041,0.2074601657569075
82527,0.8239223749079487
35320,0.08012898293558862
100607,0.3860023106890491
91405,0.7180848761700784
51837,0.0024422668274617556
22239,0.0016632336632976463
79207,0.6839335875745498
65262,0.2646568293468694
65622,0.0500388423842011
29865,0.6845000463150437
90444,0.4244287214711236
58080,0.7323253305841487
96233,0.012902761991399194
104292,0.6284857638089069
23999,0.8026613797032309
87724,0.18807368907088917
61964,0.1425174838968306
28233,0.5621927887974383
87041,0.8936589450884759
29483,0.1093808049612841
14131,0.12231795111753646
97450,0.8449327056660967
65873,0.7594110238368766
44510,0.7659611888867768
35799,0.31284465716239934
91708,0.4233376151091987
93454,0.5296319754820251
8299,0.0003410949589451644
35919,0.14270692875363467
628,0.15392148531557803
21766,0.1985926906709285
44458,0.2206295869922179
60983,0.5487169231695468
4255,0.2512336662153798
49690,0.03882624199018949
67251,0.25318160936342454
18018,0.6788847355943419
64334,0.11327970348172733
23020,0.40233173367866293
64539,0.1331064719238702
2636,0.061756865854928414
4239,0.7796426737871709
2916,0.06984115824034928
47620,0.1698123496695239
95172,0.040085226090020055
87497,0.013290282456996046
102911,0.08749352759317142
62964,0.30997614148390873
17161,0.08971304930668034
67138,0.6699541570380517
16931,0.09280038698435045
2191,0.5024513273498147
85278,0.09050217791559573
32044,0.10437809673419768
13297,0.030170690950732854
22001,0.005645001358691928
25536,0.010937145892549733
82091,0.20203836915531453
79109,0.83488287994619
99901,0.05599960377678727
87478,0.07549605014976682
80502,0.6289471357105774
77107,0.46451735258086807
92705,0.7267254474888156
82783,0.07561341317975884
90183,0.12222137134711719
53221,0.34908850436825306
54010,0.026906768185707166
43465,0.01570144909593712
37604,0.7310039958722419
12589,0.601895485725622
76240,0.5656360769618474
9378,0.29025029173062683
19599,0.4863703839074866
58146,0.9466921817309517
15010,0.5045933038155844
61669,0.7275952888580333
389,0.3956859810643365
28590,0.14012887135810292
26249,0.42808146812617265
50580,0.49243723746872997
91531,0.9159074497573372
76422,0.022591662994555773
98346,0.15569267008421894
64132,0.2959260912688798
2103,0.2701438268835258
52810,0.030167830596535685
99888,0.3216142771193773
105511,0.06088309489427706
45949,0.29678173491025617
35279,0.10871355161046892
69937,0.042533236584617
88281,0.0166176860770237
35458,0.271145141260852
98724,0.06798033319696263
33661,0.03465371881006838
36453,0.9125595737954562
66277,0.0197889411102444
11313,0.2952205732061125
54039,0.014109779209694685
67162,0.12773035824482282
82272,0.7936251920526274
11190,0.4272809008187644
51756,0.284456828475979
87877,0.002491045860188252
65208,0.04977448243090454
938,0.29679118013589534
8843,0.11862526437168885
62361,0.8605274014892773
51842,0.18912634893225938
68472,0.11684640512826983
7764,0.1261222620968382
42727,0.05017565798231506
203,0.05811956199687719
37980,0.015270732401641167
102455,0.3665106592370223
83234,4.828479925787188e-05
57168,0.09740427241724015
34845,0.118524128570696
55704,0.2122040964573651
43121,0.09708770613456758
33031,0.13463803950140246
84017,0.736982734315481
65439,0.14702371815823423
76588,0.007941760779783775
97248,0.056178875455946624
36473,0.4426346782159151
33423,0.2554967211481825
56678,0.009849780728828667
40269,0.28849182637366755
60140,0.03316934666823182
16164,0.441946426140068
31227,0.32125432648319446
100102,0.10756031125484505
95294,0.009485384720104257
62010,0.024858350110672323
104912,0.49896277817361173
8993,0.39974260704020315
15518,0.5661627990728816
50328,0.9209469178057599
40417,0.11096231438770326
93859,0.015171327603563631
5016,0.08988522774631241
21094,0.7923135387114166
26228,0.6128255505319096
39317,0.03419945483945282
6096,0.11432566356295248
71548,0.29721745136072814
24220,0.007323612953552014
21791,0.3733129823349428
20371,0.1611175765122922
67898,0.5607720239687322
103635,0.4035297272949012
49440,0.9304176195474725
94769,0.20110933138002052
10446,0.2650340407081354
33663,0.4850358863990954
16336,0.6777672519668709
13881,0.0644849329870439
45024,0.07801754077848903
18329,0.07731523880664994
71536,0.8172126654811835
45269,0.33035558751049166
53758,0.09038346566290695
30249,0.11661255141795313
16989,0.020453671429477058
66127,0.32975110439585714
20159,0.12298024836926397
23049,0.6610947069551716
106243,0.3838690841133548
91756,0.0002546338045763666
30302,0.09953414516701731
50487,0.5764584727848698
94582,0.014868034843797027
85863,0.018340184612471864
54544,0.19609916293622331
24480,0.021044490744895252
66645,0.5859121289182518
48238,0.9921002063493289
87273,0.9998323051346335
84861,0.1356340632936302
25328,0.004737323387554387
93455,0.1499376768865504
76358,0.4217501274646863
64119,0.8487505009168685
95989,0.010294016849111137
14317,0.06157984895089164
29470,0.9520998390094283
74323,0.10068910170349454
80695,0.22089846701486993
26939,0.18541865778927585
29512,0.16539510208122798
74168,0.6596732059349006
48035,0.058829346009986565
95266,0.0017634242181643826
1493,0.1404197700091721
50973,0.37030024942240813
74763,0.7038589606149129
55922,0.8572419664338942
22062,0.0066338008612074235
30450,0.035739851902067285
93468,0.22405915194631193
53150,0.5523385627854077
47326,0.09679475240913715
55563,0.2905689714405451
70116,0.9846268511160821
57580,0.08795729819655551
75952,0.1265849111670732
100913,0.7886528632132916
95057,0.09776967873772752
91782,0.11213421585157535
16983,0.0003953891707309308
2975,0.4348764444021537
88963,0.8700915539232061
19730,0.369357055327785
93990,0.18718059638103185
1787,0.14466460995244557
46145,0.0565761242680028
85637,0.15184048520839
24327,0.08570738931045024
106396,0.08376372519392256
105351,0.09316237560916818
19104,0.8692616384818638
17291,0.011058924169261585
104618,0.12187039559629637
97225,0.28419913275846054
101063,0.4569672631299708
63097,0.9874099549668247
39930,0.7970904450428171
80503,0.6218452180389996
32279,0.6207519198324155
70128,0.018199890113046274
29146,0.006346829160057383
48275,0.6730154895816018
61528,0.027055938209201078
39366,0.00018140830644999305
80412,0.8015930262894491
60591,0.04319137709835468
21378,0.21478215337000833
81393,0.13562840282859773
91555,0.34743081737176107
71883,0.013581190270455052
44107,0.009949848316587781
79009,0.34666973344629426
93069,0.5445796228594347
52996,0.6120403551602499
6842,0.06740857565833473
49577,0.3398832308134272
52152,0.11297484974326255
69008,0.8821340411484857
32692,0.30020077789528843
58630,0.360162464218147
35659,0.5696630677037634
42219,0.028632155669419384
81987,0.5574769814776236
74,0.01803950067143801
78664,0.2336224355179694
22392,0.03408063194945301
10881,0.18585489143888806
24942,0.009712202481092197
56862,0.16018836883174664
19427,0.12837871009586316
34266,0.10391172343431976
34763,0.7706721435010233
24096,0.8434012167784998
104578,0.044916353893309086
94951,0.02380493249264509
40265,0.15859661883095588
3839,0.330735337502753
43888,0.019991323798734955
105288,0.0003277850350551547
12266,0.023001885676694558
30075,0.3791575633591551
95856,0.12631057147737568
52529,0.041084602454971704
91774,0.03292988272977973
54433,0.4590883334793093
103412,0.9972276676362687
45906,0.10966795059064427
51747,0.5547410919216418
53810,0.07613224073588368
24965,0.7758938890528906
17742,0.24221690388821238
1212,0.8008959807619276
59267,0.1194933843237736
66069,0.4465681276275971
25825,0.04922575107582789
41556,0.4432343767285469
64267,0.22912047478086994
15754,0.23863342496701367
13892,0.26849212635587166
64328,0.3472528629967622
55212,0.21401557024428852
8371,0.6034943946075273
81568,0.0009470903244319028
18101,0.7679295020192909
54160,0.09460991926000117
34453,0.49863029151571325
66343,0.3593154203255893
4086,0.004706143168642098
1085,0.688422023197806
10156,0.18493221843180857
21172,0.03191818461341116
67913,0.1370850157591521
78219,0.966199422414597
28244,0.1201624639203916
51011,0.706675431986682
3011,0.14734998528759718
8356,0.17593853090447165
63902,0.1682848737734413
49992,0.001997009470369969
26714,0.07193960512708066
106503,0.07263095509690111
78596,0.0035381903493951735
7829,0.7448775047167002
20002,0.3857781476226986
53668,0.1622967640620136
42773,0.110131873771457
72273,0.3118220299485723
81964,0.19929817186175064
88213,0.7196011873096069
21519,0.8192488053095608
28541,0.07546790097664849
99540,0.11444273745179079
20708,0.9637323940549883
25251,0.6195402170951549
10159,0.07069537059218077
14546,0.13951677371372195
28348,0.003921384167061846
75697,0.11661135961529734
34095,0.6105307507612228
78762,0.8087603800470609
82267,0.04364573103810925
69531,0.11432292156688895
93925,0.2555736510653215
57367,0.1620236076814745
94289,0.35450850371799536
73721,0.007256831012221535
44406,0.2804766810116157
79677,0.9023244968232964
99727,0.20826223946428507
90442,0.07026174412360124
103355,0.10169783460485754
65494,0.8755662126239439
38906,0.01541042462113387
73588,0.018761381342522615
45264,0.046575439108884946
99425,0.24956573699609047
20711,0.0007928381916543003
52116,0.2537810196995435
101759,0.7051000550601865
78431,0.40429131804610846
52806,0.9741448650678581
22326,0.5225631167382944
19481,0.17103250714449802
29560,0.8522747363325616
45130,0.1406216921106162
59789,0.0344325689009649
40995,0.002417593291547294
48922,0.0006612287463834707
63198,0.023792210949038977
63610,0.10603510483758122
75000,0.397687901214254
36325,0.02216265714081225
15996,0.20708068417166858
52599,0.11488466916309753
1266,0.06206032873689006
92023,0.012894176830774321
86566,0.29145913411201874
61816,0.16359382736956007
4673,0.1164746868062424
57549,0.7400141360254202
22904,0.10845973303887008
80619,0.027638406120832695
48653,0.7655129555648768
74673,0.5561050242873719
52436,0.17723443614016027
13915,0.763007754657697
42346,0.01737902304635246
21030,0.10697290283901728
12289,0.29170907306968774
42408,0.012393317577842438
49915,0.32849891385083857
78645,0.1269106237311875
73874,0.6469159342778071
82582,0.07290281545053137
16442,0.068878061267451
11874,0.029833514530294064
61980,0.05150248105572855
23261,0.14275107010996874
82191,0.08359648763132582
51689,0.015509184068347757
5899,0.6797275790657182
96499,0.27514611430740654
102987,0.07769661180037653
82598,0.01180185586123473
99762,0.16169043584613674
78500,0.02190665607605545
63759,0.12460596015681646
13717,0.15911678310171495
16463,0.015576254565393167
44868,0.4065731403101179
91073,0.403112302803725
20326,0.0049576264152905855
9638,0.3887051208349064
50179,0.45883535989534197
67939,0.11699629269456396
81082,0.010746966785981377
83482,0.5039004058932827
103547,0.9952691190042295
47572,0.014474099659443808
8426,0.12689504961454867
82627,0.03827795988954343
29611,0.0713253991025464
14886,0.9274249462682701
35291,0.1262559262761665
86593,0.723963357071324
47202,0.8418412089429387
6977,0.16954509869291318
102331,0.07482902590212129
24357,0.38593346404209417
74222,0.08972664612729753
38526,0.03877483228835916
44934,0.9658133318191328
82699,0.5700524076952598
18191,0.010947586246658805
76815,0.037993490782895496
34754,0.8112212562266805
3226,0.06746940144248258
94643,0.036763030522080804
45623,0.19626647793103613
8614,0.12998085123161396
8033,0.2837447538158635
98802,0.7337792298361749
97750,0.058332469093964535
3638,0.0007137890346920904
42685,0.045113525506295556
52955,0.5873540800652104
100242,0.013700604538915868
102919,0.4650018522210864
16489,0.05414208166188144
101697,0.028498728065109374
96562,0.00021399336617389448
41528,0.2858113920077023
7450,0.11620520203694062
88369,0.15445950636377126
7919,0.04339129971288702
42515,0.44382001493131784
33567,0.11706191426109008
52062,0.5557303610349509
95469,0.29810298534246005
3189,0.16298499497386265
29365,0.0016835282774122576
93701,0.060311256350067864
80260,0.6583675903931108
100649,0.002840006095722745
53246,0.20636209029365893
91012,0.01978364484015634
17185,0.6953008612371361
1118,0.67394084020865
5891,0.021431718761542543
72853,0.6354079318177942
20340,0.13911164008481586
59057,0.5062572368730669
95083,0.4870637149199712
41544,0.19467769014492692
8584,0.04493691449743959
82913,0.026780262783025612
71575,0.19853963934656138
79719,0.015796198481705544
104129,0.0074117648125764865
10317,0.18553328287772286
27663,0.9263116483628746
22832,0.027801272810689167
50048,0.11950460680048808
70974,0.0386725390317983
28207,0.8773879693025779
13688,0.12803802856940583
995,0.007499413521146001
47354,0.43614900259808287
99701,0.17464356297788491
62148,0.1633795362224813
13409,0.29822311905683263
33367,0.02808079411364904
56974,0.18913536508150974
74442,0.1498315000891735
61515,0.047170209765079796
53062,0.33827537024875287
42478,0.028533271504329567
72667,0.2633000083746549
13944,0.10210275671685609
44207,0.9363859676507614
80275,0.8170250502790601
85960,0.5161483688704889
91032,0.025882027250673654
102511,0.05468206245565137
72265,0.21287142247374896
54713,0.028496365266140168
85697,0.4456459715992214
103872,0.027967004250910605
90881,0.9912302846089426
23006,0.236208849744101
33177,0.048953813186013086
38093,0.5602421085423731
14292,0.01863284142948698
94164,0.014975438078389627
7505,0.961084405853123
28045,0.03181413408639455
40618,0.11931622961537774
45324,0.025980770371728124
57494,0.18013833701423992
34644,0.2670438842545805
104294,0.3631400183645942
33832,0.2182836114172887
39588,0.040465890695813564
87158,0.3887541864778404
38524,0.40118146149595435
99879,0.9066247811379429
77420,0.007387602796704277
83432,0.6979172368974627
31875,0.2685599915308501
99635,0.0743686317851709
67714,0.7239431325953083
24552,0.842706680924213
11900,0.155977683139276
92004,0.03381471383197117
30687,0.29266419317211956
68401,0.0448920565599835
87198,0.9406161649606485
59808,0.7767008474410114
105525,0.016712514083654033
55013,0.40267278595260336
7316,0.10285310859497154
52527,0.017702544531607287
71735,0.3089562559514397
26045,0.0336635234788186
62203,0.19251994567005282
22328,0.003145629549535024
39358,0.03644465280316967
12055,0.06514842808450237
85025,0.8490993676982114
25527,0.1711943609735686
25415,0.012660102853523394
14621,0.0027758081861056242
48629,0.23082303730319148
64113,0.12241131974741859
76973,0.10305194856693167
26713,0.16900228566055825
31372,0.005017458022865652
55011,0.3105676151385387
26050,0.8541715476934995
99136,0.9785609974643327
106457,0.04892332035050315
47510,0.20273097979509136
61051,0.2877952360966125
79394,0.8459434892679534
83584,0.2503693082250463
16347,0.30835572953549384
56011,0.7644322268215786
98299,0.4469230529353218
69772,0.9591420501651914
104626,0.009013247882614324
90275,0.1762242118695958
35908,0.2089753285526007
48174,0.014265030126326437
22707,0.1266620185442136
45075,0.07936290307801175
78717,0.042502927258154556
92880,0.1345132191204233
99616,0.03012276286417679
40147,0.9044319861340949
67878,0.5366148646537476
5688,0.5898575560366072
29843,0.042245669762386126
93697,0.9616106643378698
77944,0.005077453046744961
10496,0.01566729053787811
35884,0.6159580680980847
14897,0.16908312457580416
97000,0.9166658332902364
74501,0.10150895713797153
35821,0.01003711350955688
4888,0.9792660750829266
3176,0.01812492082953573
42938,0.005099170201393075
68361,0.13684633181833522
85859,0.14999792715298776
47267,0.5472384101442481
66499,0.1176956171268006
100083,0.10242454039965881
83134,0.11812521789054942
62253,0.1047062143070076
40822,0.684243095608164
18377,0.05399390343247968
78837,0.10985565783325407
20140,0.09867966392101946
19794,0.058388898200956024
26676,0.9991294667200215
75027,0.8300782768390058
30260,0.08030792222761451
12762,0.19779563073026546
46202,0.21925608410327996
2482,0.518004044847384
19490,0.008926622412000797
16583,0.1842367052627879
35114,0.16319301479831688
53722,0.9836288012646258
33729,0.8183863560426924
101747,0.07094422437820568
30627,0.003940859188219849
71514,0.11957961675753725
94384,0.7435017478884318
66833,0.23154912867024363
21412,0.40146731025689947
41926,0.03876057167331514
65530,0.26426148723058884
53842,0.024609737848637885
13505,0.0632591551624821
2411,0.38781586192224915
94830,0.6667828557151779
21680,0.12500100649712437
66212,0.0943890057418299
50007,0.2972217437579235
105932,0.10058655324717913
27844,0.09323667492536997
89481,0.16697167026746967
43317,0.05600931603809089
41947,0.6718105169082447
101165,0.6671352540613177
44602,0.13246439445713087
12673,0.023374074146057397
60746,0.012673876876234912
67705,0.06363529058365051
16913,0.767772296074128
15005,0.008436244556849435
13607,0.524680370136955
78049,0.005834242959961058
1253,0.04033641602703717
93833,0.2289642132089173
3236,0.6729975426848873
63170,0.4587946429980651
48337,0.4889096559052855
8170,0.22844685056013003
14341,0.3359006530338674
86045,0.32484883329998615
14679,0.14076143174599315
27186,0.3341084694691201
95164,0.06591413312929244
98424,0.3981189001612798
54091,0.1286442973677971
101540,0.4883365306623186
45523,0.3671195302481575
21227,0.3941508379499513
29555,0.7323402042949225
28851,0.03817097111364242
23068,0.31262930935160427
18148,0.8871211046062883
99684,0.23344304315205677
44819,0.0007459052405454458
43191,0.06448251448959158
105945,0.11939372237623219
66889,0.5354832839453431
84551,0.14308918342549692
15466,0.3369687932377623
53972,0.017588504048109594
82578,0.9406741777580511
51330,0.02646987593672661
44020,0.23490837400147208
39564,0.014694421580812167
95189,0.28034362047103045
883,0.02056784153282625
38667,0.0021286165895910876
17135,0.22886359754842767
71661,0.014097757123203169
89711,0.9666618171752884
13972,0.19649134463861095
100712,0.1563678729810451
48492,0.02141021018417644
59473,0.5244364673549741
81897,0.9889823037437229
21537,0.18705275014379324
2826,0.6421141432359013
94308,0.47459622967708276
3396,0.15450803055009138
2405,0.7793870648438939
89372,0.012984635632958106
33708,0.8160797989466986
9461,0.22342405237763552
19859,0.1331728716584108
63887,0.05730344930326234
73122,0.2533677291709675
82715,0.9749486036308602
67703,0.005553167005623718
24295,0.05867996193590941
32582,0.17811337087884532
85799,0.12261619495763154
20195,0.9900716353109178
47550,0.501733219588001
46895,0.011711735221414048
29497,0.0740017927438278
74348,0.1719722604978664
36210,0.2161114871309885
22446,0.20348263138812395
75233,0.5576394505284719
106445,0.374523275350478
32445,0.5565294654894603
30797,0.0037186712611737
103642,0.5055782303833247
64029,0.03861070373509924
49215,0.02802652616460533
35695,0.17837028178616726
102275,0.8733045184686645
14142,0.15530151604859882
4152,0.03455018424140424
30678,0.1970696825500678
26282,0.002289480633234355
76198,0.14298916765018377
106055,0.1896296737505111
106491,0.09900112445975362
39059,0.00018687308129467468
11665,0.2870432152639951
2387,0.004469682047644198
103031,0.1021743351557915
40496,0.01689637880302153
56135,0.03182300788450941
403,0.4446264191114246
10484,0.16624724780044586
64823,0.04711696799314614
45120,0.029078387570493386
49419,0.18657198868812142
101273,0.03414777212683168
47271,0.14569163047361522
69213,0.004681933690674288
92835,0.11083330273465475
51893,0.6657376220810236
14547,0.14891553205292518
68392,0.16142089145165123
66218,0.6018638618909615
4600,0.3845941861136761
45819,0.003043812982641788
68767,0.021640479625695146
67047,0.07472743360587832
85484,0.831136400628787
104509,0.8613162621556217
7036,0.19485864028695704
50165,0.0056170481848475205
84954,0.03513035794709772
31011,0.8445891252817157
70318,0.7982042263356409
82472,0.19269601592290003
92128,0.29854765012749035
65709,0.42252910124695986
55667,0.9734397652479992
32659,0.6832759099969787
92473,0.14354457524580844
57335,0.14543411749385865
7319,0.2453896882279354
53187,0.00882859398498918
102462,0.8169085063415288
105817,0.37770494317828956
52118,0.003753786762615162
95221,0.41049239272994104
49818,0.29225714412077197
52260,0.964078127918797
36139,0.027524760724414524
77601,0.012445493090837619
5720,0.5087544837787574
89736,0.3022805146509697
95828,0.15963413937643928
52148,0.012962264203978042
92217,0.6976992515774698
37128,0.02333502227768796
3448,0.48570220618362075
23882,0.010275067438606037
75919,0.08411662167263617
2773,0.935009171190166
46545,0.02467853570552312
47383,0.08362499668945134
47764,0.7710358590035407
60087,0.48828210353412793
40895,0.40167961921657147
60037,0.4923905227782737
56735,0.029036040678237427
90269,0.10531549859798223
81695,0.16518964848776002
28667,0.11854140979562189
41830,0.27894071297948164
12071,0.5167609541917143
64758,0.051765309670369374
95667,0.07751671729466453
15970,0.4532120381751471
8714,0.9979510066580436
73494,0.14814423317755365
58667,0.06302058497009677
103827,0.07408462492117435
36019,0.30527020844005914
104906,0.8688098728583059
80456,0.0021194912223471978
9779,0.2244789491652303
54446,0.04069322585733232
100246,0.3102893508224046
100011,0.17423183484206645
89389,0.005758240766604521
92286,0.0010342735470523317
95191,0.10345921533203312
52556,0.058856841435653034
79106,0.06678853668852482
26182,0.0815204333279188
41784,0.6091223537512103
67515,0.12823948921983191
88718,0.14222308243276444
36028,0.6013805895948194
99110,0.14068607937597055
21228,0.6019610771742903
2517,0.0003899792922137469
96150,0.06540322654597416
92186,0.02310524651609898
71180,0.006497944096215173
30270,0.36949504163753055
62162,0.0026756357625449317
80856,0.6059326267819468
76872,0.13317923082088973
2440,0.4606110211907482
41282,0.9283439203768279
60167,0.8170357477477519
42395,0.029132665825958325
68137,0.03605393915268181
61867,0.35690017373387084
68046,0.12170174833578501
11569,0.5267108691619756
103399,0.9568494923966366
87179,0.08782347597245976
96885,0.09496767415892288
14901,0.6083447680874698
25975,0.16833552890668319
54082,0.15604181421540492
48998,0.018695235044573336
55300,0.7944680045005339
101585,0.08643321005378735
23064,0.7016223879691978
58738,0.06294249018258186
44346,0.03611759796736828
86930,0.5180814087666915
91506,0.918596079106153
473,0.0074555370806931535
48432,0.14788775618255545
32006,0.13255559456664484
77706,0.0823445430193509
97917,0.07758566223417986
51510,0.03854821136973404
57294,0.12863395795979377
15801,0.015223264526782722
65299,0.843440794450325
96244,0.010075311710496523
70475,0.5087162870734995
98757,0.9075732764142427
89247,0.617413033133229
40225,0.15151709721086293
56253,0.00882565979171658
60914,0.08687965563125682
99823,0.09104873017443987
83113,0.0018241651458418935
40439,0.3717208071798289
27291,0.06837343015432722
62575,0.409945061531794
66246,0.42920900784931004
96928,0.017646410724382482
85392,0.2346958174372712
66892,0.42403146781439327
43058,0.16290536286271806
90704,0.0223311284633586
9915,0.8647598349220837
26056,0.9749427963713725
66025,0.013562991144311086
3230,0.049885177796170514
59951,0.06219018493057954
45409,0.27034773989461514
16258,0.03932564448812205
96360,0.10303933248172342
91311,0.23314639588676728
30363,0.223901729391685
84785,0.1124955231389384
87913,0.009370738627135439
16539,0.3499397345976422
60190,0.9681828258886229
57898,0.09056365839953534
72182,0.4198505189856194
95817,0.02126906102688211
63330,0.008859194608855812
90382,0.8843776236731045
106043,0.19229153544962407
61392,0.14447200510252933
83131,0.6149679247518905
98380,0.2529680388376787
51326,0.040925709087695
17431,0.014468304160440438
105844,0.2045564714411055
47380,0.32682208178998584
64299,0.02552682271896928
62789,0.22295650546106022
87467,0.1501140266610308
28121,0.9774749638982202
37282,0.030657925004732117
82185,0.06195705049871247
17592,0.03201089170608878
45457,0.21045297255034479
17879,0.08757485609201687
47347,0.9484097082435916
88330,0.007934255451477985
3610,0.42630901125781484
76546,0.9198863645070704
87496,0.2349327671369214
6181,0.02661086916476296
95849,0.039783448223070304
25711,0.039595206257490245
67387,0.00019405276947028657
38259,0.004341655216479994
62168,0.05392248050547095
9713,0.11387104141538756
81684,0.5660612186946085
46454,0.004396625069192507
55548,0.8389657126945503
96620,0.8871694366028655
58233,0.13468186040022806
29507,0.04392303515707019
104543,0.6121363948117985
38955,0.8331188018158626
100147,0.05995595135416442
25402,0.08908410137949951
31586,0.013873262844011264
29310,0.3355382547975918
99618,0.025350834388337497
100224,0.22445916887821604
99149,0.7005017128271708
74254,0.10827828684913449
14071,0.014240119512646435
99246,0.9104896781011249
21852,0.00908803498659261
62708,0.05626853906283845
94288,0.5131225446930945
29514,0.852673304200513
87479,0.21578658321975236
84918,0.6339141307760076
42449,0.023907065189176735
93629,0.01612325649102321
41948,0.3106775831041886
100684,0.02375803885350334
96099,0.40337386316525614
95464,0.16839135082705303
72015,0.3479739146813323
87554,0.052111868994562605
70392,0.260852925334861
67226,0.011897647327974359
71672,0.005191561013117391
99298,0.014506229955433584
13317,0.1994114899070697
68304,0.002654283942171537
55505,0.07826026066183919
56260,0.033051843704418174
71880,0.26149889267301607
99580,0.2517803534361686
101003,0.5716615507227428
49593,0.47205272136779275
40638,0.35732953380717586
76115,0.009809180637976037
21445,0.011545477941024847
39470,0.32337931810317594
11142,0.3018737431808504
49054,0.26804071738168384
2462,0.083142503028728
61317,0.3644321418860236
99570,0.4819782787830324
92798,0.04305429283504884
82303,0.287534603298808
43375,0.03207683191223889
74108,0.0029953841254407943
94584,0.2586341514234314
4811,0.12198511350030278
13896,0.9154904579855747
91390,0.038204723372572386
49275,0.779057199737668
23659,0.01592969399772092
106175,0.1113338276285985
73272,0.11689637592805946
96921,0.023577613608414927
51358,0.21497338637129787
16956,0.8598362923583005
99792,0.11371212054119201
94547,0.011453898892792554
15924,0.08706421494415645
81313,0.28862427745962993
15929,0.7344864545033685
53867,0.005176657768380838
37989,0.47117951227609867
82371,0.0007945389906516216
96366,0.050195992037552914
26743,0.043594468929661165
21493,0.13202882128880872
70163,0.5803734190842235
2806,0.31504271744183093
52672,0.006472647017056204
102997,0.4673968855035951
22913,0.01690508006422319
102036,0.648420936341999
53408,0.39144806906363133
23008,0.017885471260169122
31264,0.12751089081597755
76345,0.5047523794759806
17198,0.0036858346120451743
2679,0.10593622264360159
5095,0.16796296357708984
106767,0.18550170997952703
7731,0.1470391588025497
48598,0.29507734119863027
39950,0.1451048619551223
2772,0.1510174759095012
89479,0.06710855277503072
27308,0.07501623842299551
66124,0.010081888785944368
29808,0.44163851580852875
36108,0.9284217996522048
61131,0.004749421495077647
100018,0.08758124871336709
70535,0.0917642543358364
32555,0.543028348629009
51749,0.05154790203921492
74533,0.24582084955242167
14536,0.19333704246863503
45541,0.9970682029506329
44537,0.16843799314092206
62836,0.0064461410912870255
68878,0.11285985306040991
8271,0.1252591547330701
51634,0.08025841558488184
69928,0.10853604026995112
35823,0.13304229863534883
2028,0.6554450660339888
46987,0.057583447757878145
77389,0.041625491381641254
69142,0.15395502222995755
68128,0.12603042675743403
38330,0.5245457816653217
40839,0.0027632832167527334
88762,0.9708758825253511
13202,0.09307037667987955
12164,0.029614662772699342
32314,0.09094031289209381
86213,0.031785678491814046
100193,0.2708683602028143
40830,0.043686989777588774
103382,0.31222601574297043
49266,0.12395771197104127
60873,0.8545447002632409
22141,0.011492682170414395
106176,0.02015894000797723
88056,0.9447771267925951
91514,0.5830355908615753
28593,0.12156088908311141
1527,0.6687431270172873
47087,0.11682812919497354
34354,0.9248127790415274
45978,0.22918376201723023
42767,0.39359019942650864
82442,0.4971026204032836
65451,0.6087578040715672
98499,0.3162319942354316
87603,0.08751669354993075
96190,0.3141778341380772
101620,0.0671831862634734
83753,0.06817387133541374
42516,0.02729982334738715
165,0.12257230573856731
84135,0.004837978317939309
83673,0.06046191300567031
38979,0.31982029661731204
82212,0.12077332298024818
80142,0.5194685169848404
9816,0.06246933352699426
92679,0.053308930870044145
28269,0.08939658442794224
46357,0.22981029886143622
44452,0.06274925219974661
26166,0.36512625579465885
24461,0.42198405755725626
84233,0.6429388193790562
39606,0.6028321091635769
28982,0.052276150425186206
89961,0.9037783868475104
8755,0.943393115029975
68495,0.2238317839920418
80258,0.07149797825992243
80935,0.3273303031607373
103064,0.413546339388936
81312,0.44708018528490023
27595,0.005463807375822593
1206,0.11353659602825994
98601,0.006376194216185484
52470,0.8219774744206438
80555,0.003604795784889386
89749,0.002160672893560211
78441,0.14561221636464666
34119,0.05965687906591414
45545,0.367995193675707
75653,0.2880644412985835
105022,0.9989287289228246
70019,0.6995206927102867
85760,0.030809154594297394
46440,0.9610275341420639
62491,0.30593429969774816
78165,0.42580967544305154
44865,0.15793062687345066
32477,0.038985220510898866
66037,0.01917317796591742
8933,0.019222112245109012
20413,0.5654186334412293
59053,0.061156573134834934
80453,0.042251694096928014
73023,0.07884936989892571
76948,0.013019070450883727
79114,0.15010749169328558
6511,0.00840076288003722
22113,0.41350170285606114
65212,0.5512447964497159
52385,0.13685531881089558
84622,0.14064844007501837
76885,0.2593085196532801
2346,0.15041876650674318
96048,0.533227081337874
105509,0.11295081572217514
22744,0.34869920944614974
96713,0.9121177910560372
5977,0.9463485515354545
14216,0.0019336002480166551
23871,0.26720887680954897
20971,0.006127464170369812
70406,0.43910993803556236
37062,0.2563894483720356
45720,0.8677667210518685
36993,0.08068215174575522
60299,0.4625078592865377
105612,0.010907000774525714
56938,0.4331198080558899
62552,0.19419749241840017
89960,0.006543449785738303
28761,0.023739607355685782
72155,0.14092269252851614
5840,0.5114875660878039
59392,0.0020112893258466425
44682,0.7279451782593616
23326,0.7463230566584557
49234,0.6144918370572329
31127,0.00537526462743804
40377,0.05509343052801865
68034,0.3146606601927303
5458,0.01445357053480591
99973,0.3044227000436768
19165,0.2512629313444056
41857,0.9043012893004219
48813,0.2891404724781733
70203,0.016203437553253784
24496,0.008056196393169235
40711,0.8524987927769163
84113,0.04573543155820041
79538,0.0007790794522156778
31122,0.014706481002152801
52174,0.799695502255585
56388,0.07935497639368533
81550,0.3139750006781311
25682,0.16283072890395606
101809,0.8023828268007298
101248,0.24481498973856958
76771,0.002814798909257926
28802,0.10589161545644066
65658,0.4535792491714384
52474,0.7466651555079618
86160,0.03719457338545876
45874,0.20373062063324426
106522,0.1761534005533082
67547,0.33077096488528357
60619,0.126573573148894
62621,0.15456643165323902
17982,0.3937712262422355
65987,0.0015773857319129338
59280,0.008289013622990301
45473,0.1814486254880613
69620,0.7349931755815111
12599,0.08924495425191326
105491,0.07786178611037539
34394,0.5197661155996095
96466,0.09418538952225786
99079,0.6071231704001604
1406,0.9844084161360341
38053,0.9687946808783514
66957,0.10724117984923587
90555,0.9409348259058368
15335,0.050445193594878424
588,0.10455430371665947
5956,0.71936972026233
50798,0.16546458187379498
62318,0.4971489208230619
13452,0.15527634571349264
73019,0.0011933891679092566
57538,0.9104175681501039
72347,0.36107373283878585
10812,0.5666583964567797
57417,0.052219121286307076
52221,0.6854807443752897
104461,0.3711360994203242
57479,0.1485356364773821
83268,0.6634828001787955
71935,0.1831334190711404
21294,0.7651672504703213
63595,0.024422503765991265
80761,0.9989016998991969
94684,0.3304300290351543
99244,0.5006477216679213
34208,0.025891934047603142
105649,0.04487492845241199
31941,0.5799358155575322
88250,0.07040286980663668
101079,0.07208470225994908
37863,0.4253802269201967
53277,0.0007095279549386101
20997,0.0006172715451786537
15875,0.03636872446853571
32719,0.547960304471607
10485,0.0167357577201598
36855,0.027120946441250297
11755,0.06048460261538417
73214,0.27744376350816935
87506,0.11868670390818137
101739,0.8795203270974581
50208,0.20340442473378456
64415,0.3629697077752095
58342,0.021398729293147706
8023,0.6605004257653908
40268,0.002176780560196874
80228,0.02499705692624323
90160,0.6303037014772068
2047,0.055739228053873636
101432,0.6716759363233327
98505,0.38631223912309287
30555,0.07501676162712963
73792,0.04457849881158788
64632,0.32796803802218544
33499,0.019286952180126736
1119,0.08052074677106791
1058,0.5195379794588746
8283,0.03773655597070386
17200,0.8261742731850539
78328,0.16460453230364486
17321,0.0032575047599627217
8073,0.05776574803967438
46654,0.8690128608153512
25672,0.13818534602716964
1915,0.0670788412440266
44594,0.0012431427053060061
35100,0.20422529755862845
65672,0.4555936645628032
67775,0.2601842415776155
88131,0.18130758126906737
98134,0.003913582876186069
59219,0.0006638867402076828
20236,0.6646621992815671
33606,0.3350965423902279
5476,0.14144519049911713
49834,0.9451733079028461
36743,0.06415551166646874
76508,0.14582970695140568
74082,0.6302566103994776
53128,0.1207299462765003
26944,0.34697814891738243
95272,0.057969701962734044
95663,0.012129220556875802
9514,0.31530852247054275
42561,0.0018344592960377862
13562,0.004425981059341136
12109,0.6905193442324344
39454,0.5954464599924999
104706,0.08258957682591744
22537,0.13673115639643335
4834,0.5298913262567218
63389,0.2566800164196079
74923,0.0409413990399617
72902,0.08273779102663276
23245,0.7680543549070082
3773,0.1241029544919412
106907,0.19973535270735598
11813,0.8719936098890576
103912,0.011867633384812294
74295,0.19443814082494726
97152,0.0063640289008248295
66967,0.45237064075239725
23994,0.06343203279909498
72500,0.1763846339068243
71422,0.3132548642474209
15866,0.6203852715819881
28325,0.04968311185028373
30274,0.007969062924401285
75238,0.9722359765994084
1811,0.9992830271759459
3289,0.3447045028100185
63513,0.12257828448164676
91050,0.9820653449923891
102644,0.0821234994650043
4881,0.1471888220642466
21117,0.3357820608200167
21420,0.017883413940293857
93509,0.012210774888816098
5744,0.25689041748140135
39540,0.625494584064598
74210,0.09088679342483391
50049,0.24376627497587727
87468,0.42950574270775
67275,0.11068397572483085
104410,0.17023534971325965
9216,0.0048731089706163895
91600,0.02597749664737913
73326,0.12762720201630334
18060,0.15312320629735499
89128,0.442502546112593
9150,0.6716446250486408
51730,0.06830982393332329
6820,0.9089710282313053
49732,0.9878466542459498
83047,0.3536385639932758
3568,0.01984667170586776
81542,0.11204924288660678
94590,0.9962104239472631
36340,0.8496156490038784
107051,0.12228025036449797
11316,0.6993327080942174
70442,0.9886511177046144
66737,0.22064448940507114
40642,0.521509609159109
56152,0.4458731068504991
41682,0.08262866822135478
84689,0.5405683419810856
7463,0.006227017373199535
60975,0.14639771333318863
81390,0.005943761574644965
53082,0.22318390117189751
80283,0.02219125552269823
3319,0.6320284279124757
24253,0.8481215989295139
31457,0.7537281357962815
80082,0.590304285590071
77132,0.24273518451524534
8641,0.0012938132482182333
66561,0.027538868575168598
96769,0.12570126494776418
95247,0.3037792432896399
20139,0.19475949013097
13195,0.7893307252744644
16834,0.1442282907261926
57606,0.5249974153778952
1841,0.947885818422375
1977,0.7024055971621851
80231,0.11385629094291505
5467,0.536643651805544
7663,0.6295924928306347
107173,0.4343930676111625
550,0.3765176663514158
6315,0.8950863753985479
45508,0.9830678415334546
49549,0.12611255793438197
15121,0.12346125953935605
24177,0.1781093157717798
98884,0.11841773816759993
59840,0.46131005467667624
30810,0.728754619680493
13522,0.49953668976576887
35897,0.29525299666847293
6943,0.18978035815269068
4178,0.00029125211956919735
26928,0.03410572013586623
75220,0.04063759839654851
32592,0.05597752072666277
66134,0.27425048806270647
47676,0.06935499262978927
72775,0.8418875210281827
30443,0.011070618091958006
101569,0.08048727014960683
30235,0.011203484078133898
30793,0.10306546399093741
59250,0.08168824485772636
94383,0.5228790176787962
20596,0.4822842351948938
34051,0.8400059936759576
23981,0.15545674992420722
74201,0.5383860599276956
51578,0.004500637528506423
20305,0.3650572232832966
60703,0.5299340433154179
64082,0.014786452790242138
60147,0.5860931492391019
65815,0.052844386219118
24922,0.06790192049346297
56182,0.04018605232836247
81076,0.10884590439471559
44501,0.19874366703311247
78868,0.05814419184659743
83613,0.619350892548582
8586,0.9823317129006943
100730,0.382575914605003
73251,0.03541776842098584
82495,0.42540464581094173
90026,0.04360843667115727
54625,0.7945369283642874
62333,0.04946164536152543
78707,0.0004508020610883923
960,0.9936465210644035
70001,0.30224006972459805
101246,0.06506332882743895
32801,0.23497633763813358
56595,0.027282302225442763
16065,0.03158866898394595
67082,0.05831083147636098
9168,0.20291997417988278
62656,0.21356994855186118
30789,0.21802511535076807
76112,0.9771027097911557
38813,0.08019476257256125
88451,0.01737338002709915
6867,0.04387592775656104
48437,0.11499088169829802
61178,0.023149179346522733
14753,0.07910000465339267
49058,0.31799118018567507
17279,0.80392138260323
91458,0.002667957049306848
34487,0.4020853061506945
8037,0.4359965404645137
20133,0.8963047536387849
22726,0.7276840636994477
2575,0.13671335060586548
104989,0.12653473713457475
47648,0.3272039760517357
56757,0.43782151033998956
57160,0.0006790593664047262
28203,0.0456675410707708
91906,0.010344939831437472
4741,0.5175598748204282
8066,0.016568468456518024
3488,0.39973506672589854
35405,0.1293320192753762
40583,0.0058015707193270205
29373,0.4488128924619007
71316,0.2263239283874895
6297,0.5197544456214218
106650,0.05612894484516618
48873,0.3084835680723744
56782,0.02884065315075323
48493,0.5806392968124491
6687,0.020691353393890534
96262,0.5620374611718874
65583,0.12832266926577612
23039,0.04280268371829365
46288,0.9075651020527722
101519,0.2057009712733221
50678,0.24139461057775946
19338,0.13969121175266386
34333,0.7354385865821147
95157,0.043579921203320125
102009,0.9881152375582769
78600,0.019123249455089062
50120,0.19769456630769056
75303,0.08297867645584744
95981,0.008297849150114998
39346,0.09038536880906634
43176,0.34196105850994096
72905,0.56431935641181
48686,0.029139608937340727
103602,0.392473892053271
101486,0.26837259220362986
92893,0.26864921403666364
61085,0.044517280929091525
43804,0.14609689320111563
72017,0.26218480409836914
45027,0.26429266134687324
6377,0.4701970195920692
82,0.30649802401742426
94158,0.0012299570379851593
74754,0.0026491065719197763
51691,0.09239231420583888
84566,0.06865446813892166
46750,0.028820735297879995
78298,0.1264083115444246
19777,0.3441036857441879
93311,0.35128673306109154
54630,0.7838437745064875
88750,0.056402684584141646
86677,0.008283219462744146
96078,0.032156876167214764
10884,0.053150815928294
73376,0.04057913284175845
62042,0.3722959679508099
56531,0.2181646862201258
96054,0.054530252842478866
47090,0.7819986739923308
12313,0.3756444482051952
95437,0.04151140006814388
47954,0.9322803651840245
79644,0.02538308682704965
85620,0.6615992110754304
92921,0.029820372653870685
92507,0.40247313687205966
40689,0.3802044325574882
26726,0.002764891894640718
10648,0.018634895891159874
52156,0.6867265574532717
35583,0.03108820345025907
55810,0.4389155073656172
14241,0.04458218839499821
23864,0.15909581696649677
6324,0.035828307120190216
85321,0.14007787549072154
103017,0.10620522190560733
49734,0.1208318066716087
30677,0.017968319660411396
50259,0.001836148177601791
24519,0.022901742818396135
81153,0.09350075128309754
7638,0.013408306369707355
31760,0.13091411869985498
21407,0.22049678123554328
73056,0.33257710455379796
5397,0.11997154383696518
52648,0.6350831136529682
79404,0.018625103601411945
87318,0.0004500915764740823
50063,0.9530221662309668
62869,0.05999584238396418
9282,0.18038303209038214
33207,0.020912888751478058
36832,0.025420686276072697
39168,0.23664366860687597
39004,0.13836533479984747
42231,0.10918137315830961
71552,0.3430451688368451
32425,0.19197975855859978
39202,0.6893094406122322
64874,0.12892716460976678
38211,0.011358449424002688
92532,0.9999559783186585
56621,0.02037769255282805
52133,0.018414986153324094
45156,0.034205700494946006
72892,0.3207047145054919
35120,0.26155037823207383
76104,0.03952012682404467
13086,8.713379199363924e-05
44734,0.37698094369325275
77203,0.03482248521213773
32919,0.6282751471214432
60903,0.059463632938949705
84000,0.49210522570248777
99303,0.6520147394722111
62158,0.06310385107398929
54089,0.12150234983874814
40710,0.1851538322982501
78004,0.17164229337367026
32074,0.054108521751936235
14113,0.013312474193354146
95540,0.826065337688779
41386,0.23238506012923815
18064,0.1440322368035633
35811,0.3309534793270197
54232,0.7475032227307512
86245,0.7714527629254766
67616,0.13334282025227828
80266,0.26571299325900277
44141,0.5231282696380195
50584,0.3058818261944401
98738,0.007151318064994976
11070,0.0414427075267664
105305,0.349266781645279
58809,0.02413549991300989
72617,0.20968765687552987
37669,0.14098802638999441
73809,0.5593279423040558
49712,0.01592758348483464
85108,0.09854164432145507
32882,0.03936936210416913
37595,0.15691005753858978
79819,0.03502228214002353
65774,0.33137549174084113
32984,0.7663633419771416
92089,0.7830987171277544
83770,0.04662388778511131
57442,0.4368473532271395
38253,0.018287604318517177
54243,0.7603376506942854
15299,0.10403280944752846
32589,0.1062601347687046
16945,0.13357172303840026
51776,0.08768414760484178
59374,0.004923313049952732
65995,0.015646831638963157
26736,0.07273347712239474
84059,0.025991810042814215
17995,0.6365375015823426
63821,0.9921679555780226
63259,0.5601013143089615
6057,0.34888935496649764
85363,0.2772349640267774
86145,0.04121110665677234
17098,0.679245882997906
73,0.007269819545792531
33560,0.15884792970313594
34813,0.737240965533285
2011,0.014933409772256026
49904,0.37944687295149576
29527,0.05086832787188578
19572,0.5363483983097823
70976,0.02712037216009933
103291,0.771589821213623
367,0.3454653554119779
77990,0.09858149292410395
99323,0.025357538769087674
70762,0.8247191395827733
102691,0.5201185121184669
30827,0.04028992602311138
37704,0.012221135860453447
93738,0.3438812265207053
36077,0.9992783128808453
21236,0.2555419579229342
54913,0.6469879887558332
99433,0.04351695198717005
64038,0.7406378230094286
58228,0.43448264395777975
81187,0.009499142923457639
90101,0.47865709362078496
57523,0.1947134976423866
15695,0.10055260442021097
19808,0.053591491497591064
41702,0.015377262208937236
52520,0.19087255131570252
15014,0.22007756172869042
33184,0.06680646016641145
32005,0.02847464914221431
101164,0.27049162152924633
21810,0.12698481744109097
14671,0.5033486331833602
25123,0.16586427887554595
10673,0.15285702051289474
34660,0.04155576643436902
59131,0.11405650337478718
40513,0.10845294316687315
91323,0.027397888002505068
6942,0.2663587474251471
6232,0.4932818710742885
47970,0.17902964986563602
55360,0.04880771138351801
42541,0.030987553583154314
1644,0.013871034319224377