id,score
34566,0.26665098714919017
50272,0.44674622714013734
69232,0.9987084079483778
86223,0.12643856155302613
53524,0.4525161854575483
42142,0.8440359510327888
22559,0.8940345844745853
28141,0.8046897296390824
72186,0.8955812990862961
46468,0.7761823853900506
33307,0.7099572754164429
96701,0.9865501436308414
43458,0.9999984061416488
50885,0.06454982308211094
73557,0.8268552391977126
88932,0.22083641609974453
44717,0.24919619333932513
99278,0.9627388261022923
59988,0.9972738161838125
41296,0.7684529968425582
25715,0.9999392850321028
98187,0.6891030723853464
40635,0.3040336134905027
76486,0.7683798874901879
48161,0.9616142506487791
57858,0.2810746555164837
25848,0.9999403658484896
83247,0.9882777904527787
100820,0.6533039980396794
61843,0.9999999090156166
47864,0.9999811589005896
14338,0.9994924022216777
106760,0.7787260785934982
42892,0.26092623212799154
20995,0.1536150701386168
68283,0.8706225934563334
66796,0.17311166201839912
1175,0.9928626463221037
55171,0.05912093747634393
1693,0.028032881288487934
54411,0.5237594398396718
73718,0.9850777039311585
99036,0.999962194585418
29757,0.5117424820423836
1352,0.9999281852102528
6970,0.619919279576845
75513,0.9540338878046905
103376,0.585766053379614
11566,0.8327341703355351
85724,0.38601218367698
26255,0.7630432874434979
83078,0.8345634909466182
22092,0.9944507376275739
31379,0.28431564695929
20478,0.05454098840161168
70444,0.9997238698816403
41587,0.9999980477455579
74822,0.3847606154225789
88815,0.9966356755364439
6351,0.646479231576266
105177,0.09381124483486064
58297,0.08005606247706026
39926,0.7667154951644192
97160,0.09992492904507305
86332,0.5477188337353349
21551,0.676073878196602
47546,0.08343533643112477
37196,0.9695749271357795
19800,0.3123687801247399
67091,0.22261907986766033
90146,0.07488623260473797
52084,0.25098210987885905
26000,0.25471844699174273
20558,1.0
32315,0.9324032264909661
95299,0.5025943562779751
57575,0.9998790488055326
57431,0.1749378480809473
15164,0.9680601822325295
47959,0.21787027444782714
36213,0.9521970723347898
64598,0.0055555556336909255
85180,0.9995670042422743
7330,0.058643548188383396
96758,0.11450863044947324
60760,0.9606120867714232
95190,0.5495139050777945
70419,0.11540726705549648
104315,0.9856466567493136
80963,0.9990281133540122
104090,0.9999693961439451
62040,0.9634246697442589
57462,0.9468223323436564
1752,0.9999999979725486
13352,0.4381556340801906
6969,0.5984573842146499
36448,0.24357602854553329
69866,0.9840045893412664
37138,0.4204735771320502
37149,0.9999993308436773
83158,0.5098289318605466
107034,0.593296563807496
83603,0.5568936005891872
33886,0.02545828991890647
55417,0.2860095584541087
57938,0.9999930248712795
27867,0.015676253209387907
101800,0.9584873824610953
91813,0.9992776536636284
64083,0.7181832457608104
29528,0.893036258392895
71645,0.9980316216055898
14467,0.8584323481864793
60324,1.0
10743,0.9999910317908665
64077,0.9999999264533193
92251,0.07081710533478648
15067,0.4950931780500782
20047,0.010981323934080208
54463,0.3305759728954425
8025,0.0312510357341944
27998,0.9022171091465531
91510,0.8960475457442925
49193,0.9999464998458722
5404,0.6646134397959549
98897,0.9387130567358779
46045,0.707622337652841
95008,0.4271118566113876
43419,0.3982621916109824
58059,0.6412005599122195
10051,0.7544537860579024
95635,0.9793189335072048
89780,0.04919416422457951
98548,0.5148535525102148
27466,0.9987857378299815
2992,0.1045681778990572
105855,0.9349450508141228
14278,0.693923541909101
13478,0.9642505327050382
81475,0.5026807229399255
21191,0.6596843919295942
13291,0.027995404163969072
67019,0.549568631262568
67840,0.8196214156393744
61283,0.938106499080517
99646,0.03972999790393318
90567,0.9993731662916949
95937,0.19351222730117368
98569,0.9563692823769818
83135,0.381695225810658
63766,0.7287905893572526
58069,0.47548915308490863
61012,0.04181210095460828
23811,0.0432610473919299
86719,0.08778179694951299
71966,0.6038743714515858
42822,0.6068702432478934
41669,0.9963224307280056
45307,0.9027175733343148
81709,0.23199469062977757
7658,0.8966881460683573
12419,0.5909764757686423
50301,0.6262452713333745
54932,0.054921694582777805
40443,0.8563515829205942
89290,0.9286079184285412
18566,0.6048541962419755
25390,0.9799503178824479
86488,0.9999427656080032
29629,0.09003317337875766
11058,0.04536739173271035
54617,0.592939223334323
41981,0.3638514418742371
87296,0.4255954862829674
17667,0.29400990303828
5896,0.6892413875680701
75975,0.6380640404016298
27593,0.01980356643426647
40873,0.985811904718902
70373,0.9965788726715982
43440,0.7897869371373981
13967,0.058654010092200934
105002,0.4972776338826482
18683,0.909518891751481
87657,0.9418148002513617
57708,0.4647293504564123
92606,0.9264966729546171
72712,0.9999175676125046
69218,0.9259114965913859
58810,0.9981736869843114
95425,0.9999388883450452
95904,0.999995422754232
79487,0.9950856089977392
46830,0.999079473776076
69561,0.13233210474179413
94968,0.9588300168265805
1988,0.9458000959389864
96273,0.941342906854025
2418,0.9999999997976139
12473,0.5336853987667964
19291,0.09400834599646057
10962,0.1700232072468163
47640,0.21044180999770568
93483,0.9981932633488999
104092,0.21918158307128116
97169,0.9978268160870739
31477,0.9633852408225322
75670,0.18359703649286852
65370,0.9723320693098209
10836,0.1424610675556653
68685,0.720125511495178
93012,0.9973443875568058
80205,0.9921625218693866
66783,0.3426413202450598
79142,0.8850148563021057
51106,0.12604010183156095
101527,0.995154644925573
46079,0.9783560030705809
68864,0.5011118338973868
105489,0.46625382060270515
54811,0.02342210387401866
6426,0.08815783999089533
100841,0.9999999958705119
65650,0.9999010793842051
57870,0.2910026743572135
55990,0.9938617935465301
106074,0.721700366060247
49536,0.06107912042555889
89328,0.9020446967363545
18713,0.4598756515820023
91797,0.873206025790327
106639,0.07568120281350031
5890,0.17195759784062759
89684,0.29780676497180947
54023,0.7240053778185571
47021,0.6967770046524955
31128,0.9917780338169371
1963,0.9980142366347952
76891,0.47004039241473683
90892,0.6954770780003533
63803,0.2691076303963164
49662,0.9909148343772894
94938,0.2481737339114805
23162,0.032559791477093536
96698,0.9901565950206401
103791,0.7112941451292281
64992,0.39880927462764315
58764,0.21896453874572025
5358,0.9999923004664435
61333,0.9999998143620517
63475,0.7351382921281491
13214,0.7659601654796908
21817,0.08161403964280123
34789,0.9822329460563325
33534,0.6927379078934193
68438,0.5056323378176786
103299,0.9995835792670389
106707,0.0584123661992998
37671,0.1017922420722781
36142,0.9999999999999967
75447,0.13784309583388543
31898,0.5476623381038155
65458,0.9871888739131268
20782,0.9770314453418413
93542,0.09639430251916259
28068,0.04478544956599462
13088,0.29292225822599005
91210,0.3370908353005324
73055,0.9792979393533533
2146,0.9825808880406036
45779,0.6381234078648265
53843,0.9724882919752248
6613,0.8410747058312003
85068,0.3487424896529726
34339,0.8598428511630036
1747,0.854013705543013
100398,0.33864127843159364
77182,0.18529671873108744
16496,0.9977001259339586
50826,0.46932343128165943
54432,0.430476263840218
106786,0.8343549463481776
60662,0.4756723088328585
25319,0.9448225833346195
57166,0.6132287781046107
93039,0.8446540808986276
57408,0.33360090725995006
98502,0.7710955562802604
89627,0.050742012473515355
30063,0.9617706692418542
37625,0.4610821399137986
20751,0.3741337053270949
43244,0.9934676164419085
66830,0.9993720483533619
7174,0.8208442060660049
98246,0.9445826258982394
56972,0.0884193077280589
84719,0.03924701591384911
86073,0.9243343940897504
49249,0.9999999999901892
72494,0.8545940587518996
56350,0.8427923684216905
75617,0.39052537481275257
61192,0.9921065199452815
95727,0.05425289509124646
53226,0.29299369974479594
11746,0.3647804202068252
56780,0.03231158535234905
48037,0.009233964697068902
67699,0.9445898560654648
52046,0.999999987338887
7373,0.784440879804843
55155,0.3858347547759119
87577,0.4421823317560975
97264,0.9768460394066281
73458,0.9992665965508428
86325,0.7558134904068283
96463,0.46218050875182976
16633,0.9740178624763993
75069,0.6095568912936987
35487,0.9985459454592451
24768,0.7523966494924943
34822,0.5951659470422384
101479,0.057198099062913406
79766,0.059384680214352316
49768,0.036188647227469076
22731,0.9999925125486158
33574,0.9827772018862944
55252,0.5332892570344857
40683,0.5893487858000839
33771,0.988859683429257
857,0.8642247882311604
51226,0.8986061613305288
46831,0.6836327115573965
105253,0.6376521633479968
79491,0.9990200528867819
103022,0.9978079888138468
82950,0.3389331592699443
64234,0.9996986231255311
78991,0.8785330816748261
83774,0.955040541385351
48994,0.7793998625810179
84569,0.999991941235558
80903,0.4983970691473628
39230,0.910563787325843
97195,0.7501905221173986
34972,0.9308391766384334
63621,0.3133129665767891
11553,0.8413425105584589
95009,0.46311648937569494
2753,0.7392553401617954
102798,0.8921158284350579
35609,0.08325595283945775
45723,0.9749361082493765
36421,0.8691713866948385
93564,0.27249474766422915
18673,0.8985391948874231
99963,0.6003985690655496
19921,0.08874463158650714
9379,0.9971310191221138
63121,0.38859767385068644
55480,0.27493377061885327
102975,0.9999999999991687
55632,0.4564313995182805
74937,0.91009641708479
51836,0.7721634095465806
12610,0.9900893024816136
46487,0.9801071558794343
42150,0.3686492029160608
2908,0.9860353900893338
11348,0.40470574887148697
104966,0.007871752297492986
56207,0.6582761396516578
47420,0.7195819119594783
70191,0.7102027722827491
30693,0.9068345062889309
82367,0.650997765730835
56454,0.013414668744751114
40608,0.17282430404064497
590,0.9999999324265043
64431,0.06981780137161839
14717,0.04342510623369218
14898,0.7999714601845307
5949,0.4091342163601543
80059,0.08677233832638659
24763,0.18359356863716497
46875,0.014425957970963882
26931,0.17996333841000434
72880,0.9056907000811221
104802,0.8470618214228807
39042,0.16557654806619565
986,0.7041408812711246
7537,0.893834987883934
74147,0.9069125349444835
24786,0.08626670015301013
94019,0.9983135574849135
29377,0.5792193932436127
16134,0.9275427643762839
9499,0.9801265566283726
64513,0.6090980740141384
15569,0.5959250029152148
47017,0.09969002389698783
13043,0.6196742379799021
56464,0.14208115488449624
8315,0.9181263352001765
31026,0.7932243652990342
74871,0.9182751467559065
46139,0.7932967186348631
57488,0.0939288574790273
263,0.9979818660236276
3394,0.18199225920336365
22237,0.6957494621720596
17299,0.41634022387331715
43048,0.1316154479063944
91934,0.013744157545765315
15814,0.990028107715563
92661,0.5455117194066536
48500,0.9962111693036385
101522,0.6436614996779073
58058,0.8689400150752473
48310,0.9514917879140783
93528,0.5773961336127146
48732,0.29058151046094827
56815,0.9998348446125017
2861,0.8979846218818421
32056,0.0496836990146013
31686,0.31646519242310156
32212,0.419179411731206
34433,0.69721073270318
9154,0.9999591241231907
62686,0.1085873107507131
93196,0.9693660165170038
95261,0.2660948608095499
70962,0.6984784462117365
90520,0.9635983266984713
29033,0.9802567410598079
2713,0.9998345868471104
36946,0.3603916933681358
35993,0.8393124485449681
100933,0.824440309149724
14561,0.24255627589093404
97302,0.7610794661442513
9600,0.6993051582788301
10294,0.8809492140665341
44890,0.888859842376994
87850,0.09964698923385978
101786,0.9961447446145955
69051,0.5160970634340065
54868,0.008429774621852132
6583,0.178153505593785
63256,0.5657115755795805
53969,0.21149348800314982
69907,0.9429904023277671
45282,0.6083220432094875
95125,0.017176999826040998
54365,0.5105731873754487
63236,0.9996830810969519
104959,0.997785494807781
105117,0.5902306477376486
18787,0.9784491285037282
77502,0.9917695665043265
59084,0.8798396365767147
91595,0.1603038668039336
80788,0.11130265149796692
99862,0.6705939502460283
87325,0.8328074504915037
57303,0.5175999477537205
37884,0.3452288273256812
92059,0.9981374502360731
76261,0.9952127425451559
79007,0.34311014577828053
97833,0.7098631023090023
40382,0.9999999963833888
42825,0.41626881212426076
73429,0.7749798518393232
67050,0.14118746023384493
67837,0.19394947442212152
11945,0.3176275169871904
4880,0.10611500561530812
104670,0.68723039042509
69307,0.9999999997198992
2417,0.9707430930521705
20890,0.30498646191860135
60524,0.9940580914327211
67623,0.11948133050014981
79406,0.9996586080590235
81812,0.5563189479504582
47792,0.5086101278219022
60455,0.999242005022839
57967,0.7413698590347964
63131,0.9787036220642604
77533,0.9805929847682542
75815,0.9937920102820376
17220,0.39747083354084944
4822,0.08138539110656906
104299,0.5007531121763503
27396,0.0304747139473291
66788,0.2353213412399654
73691,0.9999833154301182
84699,0.9941334144340362
76468,0.1316837258542019
6868,0.0568736351295393
95938,0.05638575047636531
91872,0.4475845578772819
59054,0.9988177822046088
37147,0.7195467930320266
24966,0.32772074699635856
5668,0.872389130304854
97600,0.9608846249814993
61930,0.21963021804469263
86934,0.5100722865260445
83678,0.5547745804860069
29827,0.6975506509550063
6206,0.9963486135853509
93891,0.6632717471726326
22302,0.5686201637318828
53715,0.4856592521830592
74452,0.08985517693030315
98097,0.09607824146250954
94492,0.9656352671957332
52873,0.5228164914820955
39371,0.9872888802067727
33321,0.8299733987221065
105024,0.7104184246453115
70699,0.07210218792704803
63945,0.7724711455346411
92000,0.6317630803963171
4990,0.8393969736791653
45293,0.503553293481833
89028,0.9926562538872691
78250,0.9999999974201128
27659,0.8574562764185024
67546,0.04589773996411906
85206,0.11020350255527828
66829,0.47738155264326365
14360,0.05647525444305663
98129,0.9857158056379196
74522,0.9486347591724735
20811,0.9164863230774121
76081,0.18265364299364223
38953,0.9829944389626818
8430,0.24645183029082518
89041,0.7725285456624802
99838,0.9824569775525263
79512,0.06828518252018158
103604,0.3088132270658826
55820,0.8903863915533099
65422,0.7716133658495155
72645,0.9018952314375808
91160,0.31103651198066506
62410,0.5104075902940469
52414,0.9645487707488409
5692,0.0571390235930188
77094,0.1043901623845972
55179,0.04484798967883869
49202,0.8997752344937775
8841,0.7461724326660506
8096,0.9143382948045246
75832,0.8141957321505284
39279,0.36175240592976754
100504,0.576218480631723
37330,0.9909300620225171
71467,0.5232514909225302
27577,0.1253771297505959
59870,0.8680585874223001
64403,0.8006920867085823
47464,0.7401153348080685
79770,0.9998859929527814
99308,0.5642992609177513
57197,0.7419375533448098
37918,0.8869396994189405
43470,0.9129090771164634
100219,0.39337349048030135
26510,0.962096786058272
25870,0.1680410571826414
65867,0.9908409318095031
51739,0.059352344907857395
99965,0.999981022979683
10534,0.9999886368475788
6664,0.9620155910791081
104971,0.24477337363265328
24615,0.21060894062928553
100862,0.4596184188045933
28018,0.8498930644654249
7345,0.8942929944556064
76059,0.4409651814332856
24256,0.9999999999999996
89943,0.9687501892398924
97303,0.23786938285247006
60280,0.04300415888090294
18324,0.9999927345055776
87641,0.07618602090807579
28970,0.9717758677028925
27363,0.5637100578745567
52902,0.09399521107973813
85294,0.19880740899446864
81480,0.9802931242728555
1744,0.9622864998008778
38002,0.9439095980090404
14284,0.9658920164031802
38484,0.5139846127173374
80584,0.9999999996858258
77050,0.5850546914028724
31259,0.07604376275061604
79077,0.008797875845406651
58886,0.9453807430389147
60954,0.14224931225954268
70799,0.7527528914729975
52013,0.5676890585244547
71904,0.07779038204215272
71844,0.8113464419262439
22734,0.006414779049698736
79724,0.045072213968819504
82508,0.7856354154993644
77802,0.7314372960414603
54576,0.2748253823747069
82046,0.9985090009413505
42787,0.8080736768919177
91919,0.9738439903960636
4764,0.9701035672681513
29079,0.792211006038952
30254,0.3696013460849509
94013,0.2523168378710283
33643,0.9360239598098754
24238,0.38638196078851367
83026,0.6849693839867692
3164,0.3370365704997742
81900,0.9267629220991427
50519,0.8082974761672286
76320,0.8668404101117446
56165,0.9999999594313526
83166,0.01893144727586781
88675,0.9994945814725594
76380,0.1176729666743474
86709,0.913123644146487
54070,0.9936993649975411
37157,0.0170315386147437
104166,0.4944394860780549
68285,0.49530265272651186
81848,0.2785110257501877
44145,0.9386525370674738
24019,0.9945039545461333
86235,0.7238864404082637
80353,0.9133360656280056
45854,0.9807474972336693
4402,0.05348900026584688
41645,0.8352591662918867
31674,0.73708879571868
28987,0.18921534458745842
18766,0.5958225463388106
10355,0.9417203222793361
32427,0.49619891803932714
91400,0.7096988823906306
55295,0.7594870340536009
106782,0.49488695101083524
1645,0.7481193654800673
2610,0.9349089851751808
53836,0.08481348203301858
63495,0.9989319942956375
53689,0.22505711969567105
99572,0.22516832320714275
4148,0.9999995543578165
93681,0.571722690456807
82600,0.25477388475485796
63362,0.7293820585177064
58983,0.5739682849351316
66268,0.38751086795044337
83582,0.6283312447106465
104484,0.6613357811428902
39197,0.031563095571205284
70740,0.007444134925837288
75117,0.8742921079332602
56646,0.9933883331048706
103460,0.5159066889853813
19134,0.9899105250148622
87447,0.07133626321479047
49659,0.057023077003743344
83556,0.8207158063503177
23993,0.7483984421368128
5813,0.04397618371897307
29916,0.5393437707430555
12340,0.5698910104085394
67255,0.9646167260335587
46508,0.21224333229683873
67248,0.24055006961737335
29461,0.9954934960053802
51279,0.004740369990813398
16059,0.9232832733892217
92016,0.9370988348518612
50313,0.0977833847896924
78370,0.9461591434959727
80708,0.17897499076958245
90075,0.8904570297812007
72748,0.9614590050974313
10128,0.003149114284652675
7858,0.8776798494200491
69469,0.10591831269905222
607,0.8792995321238244
31648,0.9891477988840784
65947,0.09920324487515764
65612,0.269194130172997
29127,0.9809707878988718
71081,0.5194716624401496
28869,0.20594355135152304
13784,0.11741476292243125
98489,0.13155197439680516
38712,0.9958843732600369
1935,0.9956846314325938
81134,0.9991862821977207
97576,0.4122972888630334
100132,0.7165031058435325
41552,0.9988799588730324
104473,0.9089936722939567
10886,0.9944764237405005
4608,0.814713426010583
19638,0.13539804511208292
103726,0.8645117069798565
14088,0.5594990758486007
44367,0.5699607623948675
77775,0.08936361259058656
43133,0.452138323155299
11750,0.4437731066079128
38773,0.9405221378100348
80328,0.05497997549445152
36364,0.9733610025170415
72222,0.999999941892098
24497,0.6857777703806807
81796,0.9989410852938745
68276,0.20468782910902644
95099,0.725720592636505
104325,0.8793569417851905
72720,0.8955547199270377
81957,0.07367092180696408
68678,0.9422358095287645
6282,0.774008800421127
39478,0.25303719152610044
64263,0.9951236756666381
56842,0.3749601974383377
71748,0.2701875526649047
101186,0.7255905563560408
77819,0.9989243948982781
82746,0.904991609359239
75372,0.9999881049847386
86180,0.3485097962820348
103038,0.10920518680953611
53965,0.9334066973411014
51154,0.8217793263199049
68680,0.2101829329156158
10380,0.975744798292181
15435,0.7851049364005207
80262,0.8662411590649095
72306,0.8221914387226525
62687,0.4356829318258511
87244,0.19581792126433262
45990,0.5571022328407385
2832,0.08607127204992043
15117,0.5673791707832375
62567,0.058945059819531555
13436,0.16411724510106462
10683,0.1897822330817467
25182,0.9975412331708223
65739,0.429766296973625
94520,0.03847728065830528
96784,0.9978494554868578
21531,0.13819507675328718
58971,0.855031203942098
66147,0.7493195058198886
101483,0.5635661698503778
79887,0.8494838615363712
29544,0.12454798775079234
69091,0.9041030397323717
11176,0.582091973701233
60268,0.1026535879538209
71120,0.8678302979266275
31291,0.8713162924343361
43865,0.889188466675175
40585,0.6505393079204612
37452,0.6877850160755803
52456,0.9959198521767008
90007,0.9976034996050381
16739,0.0883791178104883
91551,0.8520642493268249
23423,0.04601714593576641
1706,0.9881114856419331
7452,0.37820000268731535
8134,0.9781426853028125
58536,0.168995959661697
105734,0.6834594880692686
1313,0.43040149521200616
84876,0.9999445016653923
100693,0.5387131388202457
57995,0.6590391218247679
79811,0.5014054377922735
69139,0.4738846229171997
58534,0.9999999888822242
99375,0.7056417898463028
76796,0.23961162042226564
66626,0.9800073837379409
97721,0.9681428148685298
102488,0.5170048889462624
31116,0.4204835632541456
21065,0.6407516760960508
59272,0.9986906944611339
99469,0.5673226883222824
46333,0.9955390446375304
28601,0.8487254854792765
25815,0.37200613689248263
102482,0.047111961829124895
34661,0.9999471299525841
65391,0.9988144807665326
81943,0.47386053623522717
28505,0.9943408545527652
88621,0.09377817152926837
62287,0.9972235877177685
25860,0.09424414484621457
58026,0.7254628345413031
59165,0.09916082136069643
21355,0.9908664931065584
724,0.9999949735690314
61635,0.835961242396392
10564,0.02626441052950623
41782,0.36314415598187255
6229,0.09531765834590045
42952,0.46084634887298526
56235,0.409365663255278
104947,0.9910277987236404
7746,0.08488221020754028
100978,0.8597919419330938
20646,0.8326472669844034
78149,0.16715154553494982
94746,0.07812210029476592
11466,0.9697182500596695
12787,0.8449575952327348
104608,0.7013784200072422
38068,0.9597025922024942
12230,0.5198300611978973
22667,0.04856757364301974
35855,0.10491297469503541
27932,0.23910552320109363
57277,0.6603365520488341
71908,0.9177431426371986
23047,0.4873325073815118
54288,0.8944367502365398
73157,0.9987469294602812
72434,0.9410161517709457
37676,0.5035997940540332
107058,0.053007573561522116
103029,0.0510323096770494
34947,0.7240713813063924
85834,0.9602018322084888
74743,0.8915172989509452
19940,0.99694717584405
29136,0.936279710500612
65700,0.9738611131929408
15352,0.9998451265002691
44799,0.18447684290126642
79640,0.055545653141726825
745,0.9762568033826021
68654,0.09632222766718157
75911,0.972009113869698
814,0.6629386156919717
30903,0.8266649002467503
32545,0.5661035785831073
35506,0.9611919631881023
69863,0.24275903072142524
19443,0.9716791049549302
45375,0.8420729966887017
22240,0.05484940832574259
86911,0.3107431825783723
68265,0.42966573264456664
91954,0.5131844488871381
99622,0.9993269025679424
47734,0.18537057710983296
53726,0.05497650218451338
94247,0.5983224786009438
154,0.9981096027536894
11650,0.6374938321435906
27561,0.05770143278924399
49806,0.990196210406793
94011,0.07992878936541514
50140,0.9547880418138959
93185,0.6023637390052232
78438,0.9236312866004195
2264,0.12414224483948466
62528,0.7223321934164356
4665,0.7213385413332889
7685,0.10451938644420639
39824,0.9140774004196786
65005,0.9998406227039525
68816,0.18587526773350466
102678,0.29428895667093574
63734,0.8414295359725514
40320,0.4984863593946619
2545,0.8531305736721306
41278,0.9886902428789013
102661,0.7030241978919682
29550,0.009756313115800797
13831,0.9602285675998068
52921,0.7189488025151309
106351,0.1662502214317611
95864,0.7113040196884195
9087,0.9999982318160011
5591,0.8907274770757576
46258,0.20034391749305525
95865,0.9961792196189332
42844,0.9583970926490307
77093,0.014189283067163917
84201,0.9999999999720437
70165,0.747422140344654
32357,0.875099259525115
101296,0.7431526189765502
67095,0.8230813513585122
85509,0.993984687705845
50202,0.8687483731018667
12793,0.8434743902668984
94120,0.9597746761396853
16628,0.999937434799375
88444,0.6345694875497123
48356,0.1903727386012971
57373,0.20293088188299707
20724,0.5791006739243323
32265,0.9999702781073266
50643,0.9711978773132046
52320,0.9099466672567222
90770,0.570858931339255
36345,0.09929549940257248
51312,0.8339573298283565
106826,0.7644202683190802
1659,0.998767395886631
16342,0.9255460915147339
14592,0.7205952445193193
91973,0.3739543127462125
92819,0.5099814311243038
19977,0.9999998467213745
14955,0.6808240131887106
2250,0.9735295393812708
72244,0.1674873330901948
26420,0.9796555109733964
68772,0.932868994174678
5213,0.9999992936129035
51455,0.8873582393699703
81805,0.4560089004407513
85814,0.0539555310823196
26954,0.7023572161495528
69738,0.9999986864232057
65545,0.9999964072465087
83747,0.911573699669783
71477,0.8209540922094134
69329,0.4951718510839588
1746,0.9244349675336279
87324,0.3563662866272307
45379,0.9344388403632149
89712,0.9779918756021729
96389,0.022094173017131354
35886,0.913123512157175
89497,0.9998312928667522
49775,0.979695965816418
81178,0.20180204823561032
72632,0.5962686547830122
93516,0.9999999999103789
57472,0.9999523320624153
95100,0.9999061377433424
257,0.7533451535192267
97807,0.6619005693050591
42302,0.806911676818772
103524,0.8933405416760241
89488,0.9142865815625643
76436,0.15270454993225724
95621,0.32790092516411573
88434,0.15434260220843776
106829,0.04196328773956654
36065,0.27268367835439605
85803,0.45231687136789434
26046,0.08143567311834826
57695,0.9482475809226476
49956,0.171636162238265
41088,0.41416406323289934
46736,0.11344440329913691
45144,0.528901310800698
99930,0.10105069825282464
27117,0.6469233204640575
53530,0.9056705978880466
49282,0.9866516878938355
1592,0.42418581648668474
2095,0.011330775052249066
105521,0.045625867630511664
93321,0.999999892262469
77725,0.06438914831518143
52947,0.9698213298362983
43384,0.3927430275123792
41422,0.5340168927047969
102039,0.922648038998178
69243,0.6220536468888316
100066,0.8599064634035054
103522,0.7406479988430333
61424,0.46640661480481904
12304,0.9434449855724124
99845,0.9999999999812809
57141,0.18732699928370988
63639,0.9855277302531961
19505,0.9983152563979618
72803,0.552455369096878
57130,0.9881024561539737
104086,0.6586272646121766
95997,0.030249165235696727
73735,0.778862451749708
17898,0.9266610067107239
63729,0.9936320877851568
62143,0.462570879220534
76631,0.9442416988949153
24602,0.8898096049571681
69537,0.6908605932964051
57797,0.06877067860528072
95559,0.7124843965982239
90322,0.46997433194958804
80472,0.7097630162043841
66595,0.4459394397059729
92922,0.18246847352299322
29561,0.9985636034087886
83239,0.8639386766566333
91457,0.14838469871995458
55134,0.02544024934842174
99539,0.01590114635238151
48374,0.3113208815290257
36915,0.048576992297521
65108,0.39935408209002393
29981,0.43274649416543437
93649,0.32778708070811663
89723,0.8288423472008336
76692,0.9633559069476408
54562,0.7660255671743736
43904,0.9017848759633571
33293,0.9957401083732973
73671,0.9999999841858433
28238,0.5459275756086527
27546,0.9999999999999786
2281,0.9999868772147015
80042,0.8774096847958559
47374,0.04884878987769937
67558,0.05433238625538027
58322,0.5562333439606568
106927,0.9823543675527882
81403,0.9927047875817722
86321,0.9992083710963744
50823,0.5394326956253912
97448,0.634832817804541
105586,0.047214467939456765
75470,0.27125488176787904
9662,0.9208265213923363
91907,0.9875635501371154
41996,0.9995411462505847
59405,0.8475782898156397
52052,0.9970059269603271
30825,0.9997872555827582
95254,0.6900287158352307
58587,0.9950337585961075
98745,0.9485757063797339
29759,0.39694398204976566
101031,0.6430235004154758
20484,0.3201278762343063
25560,0.9865159389835293
61360,0.9876496163672421
29448,0.6536408676925453
19381,0.3380955951813375
35748,0.9420146773194098
68222,0.6982908121736076
39947,0.9999962010229146
49604,0.8276244395277188
1877,0.9998973957763985
46967,0.02628634643878585
20173,0.009532785947750158
36385,0.9410413966293125
69799,0.4894046444573794
69403,0.5877493926822023
95633,0.05684495159110604
33998,0.6958893042134204
64813,0.04196219840965286
45104,0.08979878896763377
8400,0.6806422834466995
2873,0.6880789108677139
10001,0.4707855054919954
48294,0.8126405462138439
83497,0.023983655537213634
57145,0.7432649571843983
40968,0.7754191345504445
12970,0.9289618349753602
73741,0.024398690601503226
63151,0.9999600190944621
70917,0.8728107520369452
32230,0.6359505641794334
56209,0.9910028938336239
23490,0.40110273992861656
47058,0.6147841325316991
82884,0.6114847847299734
97008,0.9972815519324745
19504,0.1586648595597771
2297,0.9525362334898687
48473,0.3209045095863318
86212,0.9682689010466796
38842,0.9997956163290656
39472,0.01843702585888003
51818,0.4261467691854829
23397,0.6169933858803712
96486,0.9959405350966137
88840,0.1588179808816284
40466,0.8139388243978114
70317,0.9999999247192894
76574,0.5722408000249458
39341,0.9832311977437531
7292,0.35208149171023484
2023,0.08364561350797756
77379,0.18560818821273695
58211,0.3887557287328739
33639,0.9999782227930779
104130,0.8398689534624667
99841,0.24669398222969374
106572,0.5240587831602637
76552,0.7797605165069079
101625,0.7129900834018885
66162,0.34247241135800155
41851,0.5509343189037179
101017,0.7315819199825008
92229,0.17416006186816385
82357,0.9973836778158363
15982,0.9737053909417377
23136,0.05492013155673787
97759,0.004630488885678259
92316,0.36907399372810334
91913,0.9727570467030551
46431,0.805386887845964
19270,0.911152296208829
76264,0.09060536299128397
97433,0.6253778095689622
49813,0.7304325173769302
63267,0.32848676188455395
44030,0.5855630306646595
47029,0.3688597516157257
60911,0.05956265837532798
26852,0.9328708538611353
25495,0.981511615550508
30724,0.30353492643652447
97366,0.8382288291744322
88283,0.09272393032050952
99771,0.9650270232517261
22333,0.3793024365266844
32269,0.9938342232168113
8079,0.9823187339702307
2779,0.09898077326120064
13370,0.812347400432825
67613,0.14258826063547841
84513,0.08974870559158504
8508,0.9995127071643308
66942,0.44583735535361096
56528,0.6715018187196433
63111,0.07553811924094743
43119,0.08456019729502023
55170,0.9997331135805416
77456,0.7896820555214537
8406,0.9033087964660198
49227,0.20942754189059992
100176,0.9950710020808751
89671,0.999999999999984
99750,0.7332142727156468
60128,0.5143574802421239
57307,0.05098309224590636
40250,0.0540935737125281
34581,0.4892855432115584
86220,0.05534356005704165
49095,0.8119168435347157
63946,0.7248491708897747
10473,0.9995763021239928
41895,0.16538708525702528
76107,0.11621662474002353
79867,0.8961809481998075
63319,0.46098627770819445
96015,0.8865510135404758
79850,0.05852555578703817
106860,0.967886860919705
3663,0.9850183846582439
100342,0.049731547039068805
8091,0.009525444863156709
103769,0.5038967355858456
34494,0.9883291795421831
28174,0.3141246223254667
14089,0.9408689690670415
14851,0.9888640668748533
101546,0.14069220239798175
70823,0.9091323345031443
51750,0.3611464715890742
85313,0.06391037564495851
15457,0.3744094134856989
14421,0.4926013062050122
98252,0.9989394681830487
64105,0.8834596422100003
85486,0.8400360547954016
40484,0.997882074517751
21023,0.8300227059545126
14530,0.010563985403503125
43162,0.24915281905565628
6006,0.9995515504389149
6263,0.4486222844060893
42898,0.9934994495864408
74764,0.14745720916360827
53230,0.4523142685032978
102952,0.918004567988284
17252,0.04730825949188426
91186,0.11295643551803175
29131,0.7091143918931524
78947,0.9991649145930577
3032,0.9248521302986048
98841,0.9854852846426252
8866,0.9181716833302349
72495,0.7012712844833735
67709,0.9204614289248159
90098,0.766693950307817
59516,0.003554628670300665
50248,0.9999999999945409
94359,0.2991661460145556
27240,0.2023980768500327
96264,0.8972615168192823
52858,0.3325294698037693
46162,0.955433218750559
1134,0.2069166399583312
48949,0.4269143270115329
71960,0.015967009751609855
68910,0.28853758155537224
99982,0.9704791428691995
41393,0.999689250760399
51375,0.01043265324145509
68467,0.7886159791936416
76589,0.24496271832215366
70180,0.12159807287563218
37487,0.9857569187548526
71815,0.5400327122940595
103508,0.048663811114959925
82760,0.9693142586267939
58985,0.6338308477950126
16513,0.06717014596703154
31230,0.1128893993406696
59944,0.9026361706226472
43283,0.69016880682704
31673,0.6354951031388696
71637,0.9999625853150448
84561,0.6966201822151546
96324,0.8912348508028476
11191,0.9985356385115256
50728,0.03381718526482892
22865,0.6720174491951548
62181,0.0731796439060463
87356,0.8190283848462128
77537,0.28114563840571616
22487,0.9162231924876176
45970,0.9605168256390505
20742,0.543569537092492
64806,0.20563864762130052
98020,0.9842742511927483
49161,0.007267336413869391
1783,0.04715246888335368
64058,0.2838783062876071
1330,0.8094961422795466
86753,0.5999480236838918
85567,0.12078863079612584
92385,0.9667758151055456
63583,0.9666427227840035
41872,0.08323166497945172
4448,0.07735621099139783
10400,0.6389811666905822
54480,0.5872727279160862
897,0.22595512681466312
75005,0.9999999999884274
104744,0.30013218465486
78050,0.9995894404539848
24984,0.07325454519923309
106112,0.26777188859497125
19932,0.5800231589617487
102896,0.7734068034781523
73105,0.925905059966072
91330,0.021761839468557653
34731,0.022139976963754818
52739,0.9183225930295638
26932,0.3123925364892187
31165,0.12072877279085775
58551,0.9817748232491703
21939,0.5614760234940726
91487,0.9789578473442999
97906,0.8031339164300492
44807,0.9852023063740981
39583,0.9806187161068941
93137,0.608788510174815
34927,0.9999970935514567
45200,0.6930948718931571
14810,0.23480448078624755
97368,0.932415549878362
49243,0.34581624383178233
22782,0.7780513673982279
23667,0.7049572329224492
71900,0.10419249092032368
25489,0.5778017879959199
27382,0.17284408998937711
46444,0.11358241426093035
78907,0.7905072799195938
54487,0.31101287400672073
4456,0.9990229078826642
39826,0.9999999999999957
66223,0.7219959631888497
56061,0.9558179851182892
62113,0.8496055420801503
29214,0.5664008972235117
66149,0.9870452173579136
88109,0.8887290834062018
22342,0.639267135855383
101632,0.37422508892846984
35544,0.17398694962045186
77028,0.10762115678612999
43616,0.9179872879444084
58907,0.8956058442884853
30899,0.9016852778871642
87933,0.8965880640974973
18929,0.8949709057881848
50190,0.9918142532089683
76597,0.9475254742578318
89900,0.8498770465446497
83765,0.06295503630690125
13518,0.44524657726909955
45429,0.09790682324550337
50083,0.9997231442051083
66000,0.05790727978381978
94851,0.7362696272934467
10556,0.9999999994436497
63987,0.9999957182964074
3997,0.9595050550432827
9047,0.44037961306421325
85872,0.2129307841649844
24822,0.895251076682724
27379,0.9870701898406771
21940,0.024545093653471756
48077,0.7828159230370896
96284,0.8700335210936954
79651,0.9999763441407502
103427,0.7663684175859661
12807,0.15233506146259812
83175,0.9767888024877696
15840,0.7382908273273623
3484,0.6546023149455501
70845,0.846651174389823
101606,0.9999752417619329
23783,0.0041332135497888405
64445,0.32608629092309704
104412,0.6399733945106802
70411,0.7391056677970915
19819,0.2292193473310078
65009,0.08455810930076502
92342,0.11185506870194734
19108,0.05903821929303715
6746,0.9841220583710579
94206,0.8220221872878013
94143,0.27261965127227894
99106,0.8232645924538297
69631,0.02022209386250505
53596,0.4560307561401933
101047,0.9954182285353135
56697,0.8902518202838816
55742,0.04099918721153724
70944,0.0938460240022364
92980,0.41411667646778605
34131,0.9466163016029079
44222,0.436195486629508
43819,0.9764635058634445
19874,0.1548715165587441
49225,0.04770704847164066
5038,0.7694091344455137
29429,0.9738724942651091
86940,0.9606314694363536
21797,0.6318077381320655
54871,0.2914831847809482
44711,0.12661216986479545
9775,0.984390775644245
98608,0.8625851539957989
33277,0.9639353472927761
47216,0.6654593685623462
6745,0.007366838768374796
42361,0.9997020527526647
27101,0.8626245002771036
72144,0.02966447475728283
87482,0.10959482800560127
52060,0.8267537050226871
26520,0.2252193488349355
16,0.1147527178563712
97049,0.8806573337119372
65365,0.9574489344959927
26077,0.21443053535797824
18424,0.6691749969654055
80684,0.4630319244358529
51997,0.9809989333605569
11295,0.4206152753194037
255,0.8439113031939531
95708,0.786741271211832
102388,0.40190345647388687
82724,0.5423293194360536
72032,0.17996981272253587
82147,0.13743491504620192
50404,0.436954190670667
11290,0.17889947968624154
34522,0.9875498793700375
92537,0.5359063967908513
105140,0.5831498903227419
23560,0.026517035937301613
172,0.9041960695176876
95703,0.841374368232574
93174,0.7288082079028201
52405,0.2590372122600445
28051,0.9730753339375405
4946,0.9999913339974781
43674,0.033776434566273036
50110,0.7066920871950049
1179,0.692500144680555
60536,0.9972320768775571
79473,0.09872790574327778
104865,0.9152144048797854
74070,0.7645910120436836
97397,0.9966353224415113
76386,0.9982593599245728
41379,0.8809738505505749
10449,0.9966503959906323
33692,0.13515935553977004
38931,0.9849321440642604
40541,0.7882899807609175
95816,0.08763095990195058
47147,0.6588271429218477
39952,0.12161588541961788
10941,0.9997615509049159
5613,0.9982970597128881
29689,0.1694092869172541
21013,0.04503097810447011
12465,0.4629432770276902
7029,0.9999980739343439
100032,0.2207088433354289
33975,0.9838284870061611
102570,0.621639133523001
75071,0.363501404336378
31504,0.6074012326387136
58867,0.29116898344566866
51215,0.943214217273794
103693,0.6822224630865233
95082,0.6020343006889971
24245,0.9999981730275918
51808,0.9909596008973297
26899,0.6071462698667303
83788,0.9999999996713
15455,0.9919422890941688
6864,0.9618305813796678
43346,0.21241399700643843
45131,0.5080655760254914
59236,0.9846016860294478
60069,0.5772600339553468
97287,0.987228075959032
73100,0.9076490908223158
2015,0.8274230508029075
67988,0.9113424254296114
15584,0.007652013039728667
104063,0.04754244695676303
15460,0.9946708493925098
95640,0.6433253686812516
77076,0.5627394010694949
4555,0.34521362691802765
74424,0.9587980803696654
88710,0.8379691104770521
6054,0.6204148107083075
65620,0.4550028621678081
10605,0.6603008677854474
59261,0.9999737500183107
25733,0.6221375318281142
58112,0.8312433998428023
81844,0.9999999998995457
49036,0.956394890358294
26258,0.9990575500968982
3535,0.6533191454260598
101998,0.6347033624086196
66520,0.7467665040254482
87362,0.011025871624494778
99528,0.39465514708517296
12377,0.9826920504580903
51345,0.8476217165693232
96938,0.27354737517058636
15312,0.1731061077995404
16353,0.162218858138296
91008,0.5961863383808811
90835,0.06007093926918016
41820,0.06332598705792002
16151,0.20113469730115507
86348,0.9999704938673146
105669,0.8340378826356989
101601,0.9778433483427584
83311,0.6115226027422642
104640,0.9420183823552584
84406,0.04678745149283095
8453,0.1946447593218965
60994,0.11991197136389753
51636,0.09125300191056418
4373,0.2582475988784969
49091,0.22961711994954553
68042,0.9999998778219078
82902,0.9999838088816134
49391,0.13797251789116527
30984,0.985277479837568
34967,0.5215875002498227
40341,0.6706688707116779
45873,0.9600055758902702
17905,0.5571698357580042
16839,0.9400408836754482
44541,0.958321377403927
68437,0.9973309163634222
21404,0.6087811398562961
73479,0.6370319470040803
30359,0.9643567652075165
73351,0.9806619149506483
84959,0.9963855282044266
56513,0.9598767255743647
103756,0.8565654466179907
67520,0.22180593998669884
100986,0.9999239752568597
27260,0.263130118483235
731,0.037056393725381186
87687,0.22472794753892555
28660,0.6482426957441808
94391,0.2557892917190584
17446,0.8339663919802611
81498,0.5443932554602673
12219,0.9999207361826168
78778,0.5684277797944086
96356,0.16150102798353894
81985,0.05591503416876987
55448,0.9640540887549696
48604,0.05317999186910207
5094,0.21714275392709181
81185,0.9006515830504659
71771,0.9632445255677858
69712,0.6337461903006567
46044,0.587198079292847
88764,0.6020599303698829
88216,0.5294358401082635
77232,0.505772104688967
32466,0.23056850012917812
56837,0.9692464519812036
40092,0.8028285860007497
99835,0.999999963829349
7863,0.7565206239393976
84264,0.9367197381725301
59001,0.40015974242648705
65318,0.9564704754494261
85921,0.531179732834466
6507,0.014723515334371379
94886,0.7668130260959194
14161,0.9938775354886549
2774,0.9998551020442126
18113,0.9968447025951113
39735,0.11491542475863703
78002,0.9817973715908558
28895,0.9999843592257778
70029,0.1478170087978241
74120,0.9716518533161993
5053,0.005866597487275838
72518,0.6539910045443076
46275,0.5291188064997472
96136,0.9998918159119746
14146,0.9993629599079772
48782,0.3386150241545195
71094,0.09819082440904459
4072,0.9980612964593355
22234,0.35560476738855695
40492,0.0864399723740093
79690,0.9999994741013175
23079,0.9990091907546801
17333,0.9986254008306126
87119,0.6140622951356229
5834,0.5670590150077424
13551,0.8096590164408
103021,0.8514248454949476
41991,0.9793247283745697
97997,0.9995677286609574
106143,0.6424238779909388
101996,0.5286406704308997
101236,0.7463614210463205
36530,0.12107525130928559
17414,0.3306295446665271
33019,0.7852356695774945
85006,0.9999818945113116
76140,0.6431648754701511
11309,0.5645763587175178
34063,0.9956709148222344
86991,0.9815662163657866
32286,0.0180708337034688
2524,0.8288702196287305
6279,0.16480701588840418
57030,0.5210884055368099
37289,0.6198593599936583
54436,0.907266589367365
67667,0.0973544129038697
51861,0.11511716923143112
48301,0.5277677417040283
92372,0.08102789885958123
66076,0.020605473392720484
104068,0.9955101041259325
31387,0.010237357142214906
103070,0.3418766089391956
102925,0.45427177127444407
99006,0.9988563868861805
34843,0.43506353781595203
38428,0.24120090997658372
50298,0.9650480433627934
51515,0.9786997868069833
32828,0.9999895828486424
104127,0.36590003872142324
2186,0.2162664434417494
20434,0.9910645072776166
96378,0.13201717298320137
13398,0.8147634598630329
6188,0.8127487998647165
85871,0.16225522486537858
62571,0.9997160014209429
11099,0.5245869121930148
94810,0.7807707414674894
23998,0.5524190841919758
49636,0.15808200247573367
20494,0.8813088475362736
33693,0.999999638144369
91076,0.16007121347145375
74944,0.09405623893394077
74179,0.999462754086046
8337,0.5103788982643768
38300,0.9473411988744903
33038,0.01954667936408337
42301,0.6579261473426661
98406,0.9999021071856797
21120,0.009413219651601717
103069,0.04499727458522298
95270,0.5704223919923915
29415,0.9900413037504532
8936,0.9999891493763874
3064,0.09929131600696223
9208,0.9999999999655281
3003,0.9994851255857087
19534,0.271887288067987
38292,0.9997277723232929
83724,0.27824414280075976
38364,0.999984550021571
13128,0.009668957243707029
89959,0.9691716608765027
16895,0.510522650547452
11341,0.013707186701642983
65488,0.9601784600228049
82592,0.41584088795431023
56114,0.11672286559518719
26861,0.5635060932150617
41746,0.09755139520481648
96149,0.5571609574541065
11061,0.6499825432907591
53212,0.9467459785955205
70589,0.4176672008206561
78186,0.9992696431283482
54618,0.999999995671299
23535,0.833741526561405
76071,0.9199096209613171
6762,0.6334393995746108
21563,0.22830701435195533
8277,0.09437216234602908
68692,0.6980633040981331
16750,0.16519952484567163
106149,0.5829613607817157
32532,0.9658306033787226
32779,0.6011680836382873
102453,0.9378464046016299
30666,0.837066564789331
61647,0.04433560778703201
27147,0.9965101210809915
95403,0.0048499362468749484
100710,0.6702072790356076
36015,0.0600786150563562
106331,0.8034502552746283
87580,0.8233950522348459
41501,0.9976919680697404
98388,0.8167667231198155
30343,0.5905340112677209
100663,0.9545103003111103
48171,0.8799397859256951
56787,0.01589296541128376
14226,0.9995290661442832
21243,0.9579455975275897
106770,0.7793427467414202
14458,0.043780077921572715
67170,0.27518431132263677
73977,0.999682349871254
61569,0.058411879524614865
6221,0.46316557527423563
1656,0.36229479291671646
70599,0.960573927621408
33838,0.9999999999999976
59864,0.5969742744645574
74466,0.7125856448594231
11592,0.11693226594215334
15088,0.9440844149965707
97597,0.09938452595422814
18431,0.9999618909515441
42600,0.12979996628222473
81817,0.11989340541738153
80331,0.9721675106859594
98567,0.9866308516486593
4097,0.6781623498911352
63923,0.325158245225341
28027,0.7058997213797302
27503,0.7108263773217967
9715,0.09085446682370546
40488,0.33087490664768093
40166,0.09443997050958042
48582,0.6182460730190901
6797,0.9981777290243665
65019,0.1710611720369385
30617,0.9797187902444581
51701,0.6403873735143257
5761,0.7264539141971726
105934,0.9671857324920016
40390,0.9698990261559154
58403,0.9999986100603862
39690,0.45206506995679496
69613,0.3959534579868268
17650,0.08647442877965805
26592,0.04197282569377071
70322,0.10572685028825446
63130,0.41251727957312756
49616,0.9246499841919953
102088,0.05000039704560455
15405,0.44570058491368125
68466,0.09447381782822922
92294,0.06775590246651604
22524,0.7507149846258714
102550,0.49563172095681474
79178,0.9957259830691083
78481,0.014977358657073848
25017,0.6728214074577842
4939,0.2756059448685293
28702,0.31514460811866685
50712,0.1299303512356625
42190,0.4025141291176503
85508,0.10440082589359712
36452,0.2404341124463284
9538,0.9999335452929241
35066,0.22285817366562993
38543,0.9706737042617228
11794,0.8597791927420481
66006,0.57511889868888
21198,0.8262359977996994
80627,0.6701080683782185
72178,0.8194699035210691
52478,0.9955482347910021
54875,0.9476931691327407
93762,0.9916341148542696
86519,0.8268785110086325
78128,0.2418139120572504
82240,0.32153163946993657
100403,0.0008645587946787642
46299,0.8616746969764618
105428,0.6689005601581945
76655,0.9712961548741854
87723,0.26369393543417824
39172,0.5349263304215034
105399,0.9933376557449668
35620,0.999949387699987
4285,0.05902965243673533
104852,0.2882502232940005
45967,0.9864723114752056
73419,0.8592578216578364
88642,0.7060584297067911
66205,0.7678618858003874
48234,0.8350265878611296
6612,0.1425095078950716
18880,0.11058561456994903
69298,0.7727852083876084
87659,0.7511304141438688
81104,0.9998799863835489
77462,0.8920163238153291
86422,0.5819386992702352
82575,0.4890156450496076
29597,0.9982533256421531
45809,0.13165721564156085
82953,0.2921537032412307
60684,0.052471651105075755
18764,0.12121917315460229
103360,0.8285343304429329
36723,0.9957016721019293
29224,0.695613471385701
48812,0.5430579521626686
43786,0.9429698685404386
37907,0.5557368657245209
66750,0.3175012680198411
74666,0.17774395830579454
32708,0.06447686659608916
98157,0.9806607594069259
85100,0.9999838201246358
10959,0.4134351216216793
25471,0.8112250260751142
74863,0.4076669265498124
87242,0.4328674190398428
104648,0.6739673367474563
97052,0.9813230159257539
86805,0.5793486342791786
16681,0.1734102613626734
9645,0.30160516411025384
38003,0.3978803377406716
98423,0.8443631633585722
43855,0.9654619720695293
80998,0.5415652977547142
51599,0.9645055292333704
86393,0.9512473543720785
97657,0.2532925211691275
68503,0.5278624210825554
62199,0.999968493885982
22810,0.7242143788563992
25809,0.2413644990193346
31763,0.9954217290247743
56585,0.4991885595295186
82026,0.4199241631336178
31013,0.9968903140965585
88505,0.8343742881665275
67862,0.25113074932270696
1083,0.8514744145061477
32019,0.06782098461131986
45514,0.8892472693245091
45705,0.9778670672692426
24442,0.9138844727073077
2150,0.8141286576431981
44853,0.9227510555827876
87629,0.8582461936054702
99796,0.08690205888368857
15349,0.06017605051082121
34765,0.9988003844421801
25818,0.08311612414319636
2666,0.9999643412122612
76793,0.008183518061957426
105647,0.32354488773502066
81361,0.247638514872623
90799,0.9999999816993164
35745,0.7408040861032337
160,0.18551968747538028
69303,0.09870705685907949
14700,0.8832504272116963
69746,0.879344925173799
961,0.960973303391888
3962,0.11285788959293053
24511,0.8618616441732381
61817,0.7846457164136438
19533,0.9997438198599515
43332,0.4237189830634175
52787,0.6214771152625366
79254,0.6191164819492004
63398,0.05519818629069555
46236,0.4999875208284805
103175,0.7648005019312929
79229,0.3916400287748707
2444,0.9957562800126487
77714,0.9979130959747473
80153,0.7110194465184994
98530,0.9790052005063048
93242,0.9999996917095401
39888,0.9999999000066155
9964,0.9999996290313118
31540,0.9995766054989857
47142,0.20564713098779058
35348,0.8878280995827375
74182,0.21789142287663865
5001,0.3899807620734296
37864,0.7059970989418562
14092,0.8594492198538406
16748,0.9709256194516802
104285,0.16068051264392896
41214,0.1701659750529937
27064,0.24093386709448833
1903,0.5152434985366974
9954,0.3443489557618227
86039,0.06544178183683905
54745,0.2980235351971233
9210,0.2672513633192625
103898,0.058941558781519396
21972,0.9900020002211694
67669,0.05416184820397882
484,0.9973006252082666
47825,0.6798291224634401
47939,0.8929435434671722
100475,0.41732357198395986
77167,0.37542720388211404
88023,0.9997599940279542
75237,0.9970404031370462
60778,0.26829539951407516
33347,0.35333072080652284
72757,0.9645090699002524
45691,0.1550959092298289
23169,0.9679100231998816
49808,0.7894090062050938
87952,0.822030076145127
104831,0.8266154159680785
88511,0.9590211305037708
106076,0.4696825975273563
1970,0.9990498105406184
61596,0.23927037123981604
99009,0.9953257304965596
36950,0.9995715891955592
4566,0.5867365931857792
40783,0.921372504844983
72599,0.7100827696658382
8221,0.10450787164726205
19699,0.9909758723301298
37292,0.9661855637472195
11863,0.3327356286460271
79578,0.95271319173079
25995,0.2687032973181528
37913,0.7764348178644667
7465,0.9999874929056166
77555,0.04907229048808612
87837,0.06811185028496276
32407,0.968986800680068
3374,0.999958493097054
23096,0.47431890538667076
21436,0.6929135228542341
67879,0.6458241541319478
105851,0.7995896430054327
84088,0.4308641792170878
33309,0.7290799391682037
58284,0.22929524290852688
67380,0.32561992699113607
51248,0.3727391008787525
7690,0.9992414068452953
66797,0.8134140162727737
3928,0.8727907311196964
98699,0.9931249189833288
37209,0.9992871758463422
39834,0.08250606632894025
100208,0.653637898657969
92868,0.10848966981349628
7592,0.5009487015684986
93101,0.05251170286338871
82473,0.3720625439343469
54104,0.266751466064192
8772,0.9999991947707
49171,0.29066692140221884
1186,0.30616307633239104
20672,0.9171720637536571
9230,0.8412703862511643
97020,0.044703992790206974
2270,0.999540284601201
21016,0.1402195854263626
42750,0.9925805211232351
12134,0.02699729313298715
85442,0.5562522129652933
4196,0.917302465846781
45003,0.9999981100613362
173,0.7796897127675644
93374,0.9224227528224811
88695,0.10170253651955719
24428,0.7114794345610189
21794,0.9999999951456575
83160,0.7827111674512899
61147,0.9999715788363767
84498,0.20143729394811338
12837,0.9886497909323895
55334,0.9562358677251888
23071,0.980210120764005
86142,0.9739008493660832
82082,0.9852235328975671
40099,0.4626680032532193
90999,0.5848060341698845
60262,0.9811520421406675
13806,0.08541411953423927
84354,0.9662485078491424
93197,0.0850239478090451
31336,0.1006863052543348
61346,0.999997480346949
64873,0.0622964129942202
32682,0.9915583769374732
91281,0.707822731263668
18862,0.5614952607097533
69521,0.059288869317006145
89560,0.04302948152817573
35183,0.08169105352365608
101367,0.24908179146857584
80005,0.23961276823729544
28355,0.9144117467619661
81694,0.8102111884132779
67871,0.2138755120113905
40178,0.9870181705914866
18070,0.8835175143868921
30680,0.1598099272678154
56137,0.24893115110275005
84815,0.35289798835759045
86707,0.8988000932920067
55089,0.1018146244645774
59361,0.19849664630009245
64490,0.8721785411836409
57093,0.9864154276907913
15676,0.7436583424195342
39525,0.7244091267620445
47923,0.9991022935559059
45403,0.744823035727432
83152,0.21916082048376062
98655,0.19886935058455085
50859,0.7004899917737382
65784,0.7188778827970694
70212,0.9963773178403112
21058,0.8106255217435446
74241,0.5794734970030211
62610,0.9809237963141506
7566,0.16075982725854476
97972,0.9977995717636936
67144,0.9690288981135737
87606,0.9896358411288106
46796,0.13978128261867884
4010,0.9997641530244054
76090,0.13715457534435982
12992,0.6185998977784942
96829,0.1256502763128125
84814,0.9099857241899577
57267,0.1928659161774654
6047,0.7259018893879933
69361,0.18394856237370716
17613,0.19363021638183642
51751,0.6009589076271171
42632,0.3888102799921993
36140,0.9826880386918222
85388,0.5489445260423264
71239,0.9998909304115154
15500,0.2313576581821068
61416,0.46286540686007965
31746,0.7898513533560798
50329,0.21513058687792652
73952,0.9871239522828318
32538,0.5087980278505169
13418,0.636601405803902
12540,0.25853158636250334
43800,0.006863465708696837
14460,0.9715815932643254
55856,0.3671667490159941
62352,0.639362292865509
94871,0.851010298071553
91572,0.5250177448706577
26053,0.6762231532722897
50065,0.9940028694690705
5865,0.8792185800979097
10612,0.49833623546567035
42136,0.0725928444354212
98225,0.9948968254364069
67911,0.9820261574433564
58526,0.7873061546580973
60638,0.8713751542606871
17491,0.1964232987735135
65807,0.7968915493931763
65190,0.999859462799548
46855,0.05319107172345967
31550,0.5478833071281406
46678,0.9412776027440986
52586,0.7452814382368054
77083,0.6641113351731343
15946,0.0244257901066869
47152,0.12819882483942735
82477,0.2606757932531639
89509,0.16759901502850644
67809,0.17357169749863482
66336,0.2810767661826752
104012,0.04548386406682564
5903,0.6466566961492219
71203,0.054405014151442
53679,0.7795504868371069
4649,0.4625530674712609
45837,0.7626090569756003
47135,0.9588938715384671
100954,0.6966869559330542
91716,0.1915605765453861
85728,0.7504470740275317
1170,0.98768598791756
31247,0.9308839327067009
7679,0.9949998581306492
28796,0.9934244698527408
44977,0.9948658404298906
39422,0.28749282462863157
61607,0.42394554330715073
106078,0.29096206955307446
9024,0.4168058223421537
87278,0.8422410871830175
69203,0.9886364234609557
1615,0.9269915751574342
18592,0.48255296284062854
102546,0.6134896363811678
92573,0.7899201394084028
99103,0.9999999948310838
64001,0.6713154768035947
10045,0.604006983507509
85073,0.8198494261411021
63138,0.9957729932548265
33289,0.5772985830466522
25657,0.5707155790679906
105677,0.03144980410204722
67163,0.053591426539443265
13647,0.10737168904201
76642,0.023592820025098757
51007,0.738352201899109
68266,0.9318501991345288
44275,0.7715116237680306
20998,0.9842051512449019
37144,0.5532464495170953
22529,0.9999449533172459
107135,0.1745825897674933
10453,0.09206714790516274
44915,0.1322258537557725
71397,0.8330168936228342
87754,0.46110429982916085
94874,0.9920772084778309
48273,0.9292956456154122
83799,0.16624130064087433
59725,0.914267913521575
17919,0.5554077979394922
38410,0.3787655100548213
96210,0.17793032760725885
52102,0.837720508185364
71858,0.2814187549338334
35019,0.9695483863242504
100257,0.7928927542464707
92012,0.5930762953100166
62039,0.6070935049068757
62999,0.6235382408574148
71724,0.07477027001770052
45444,0.9666652686076913
92009,0.9277909446680016
19636,0.9999121241279755
55464,0.10883406976258964
71250,0.04747205802502878
7439,0.06085455915217859
49016,0.8647339450317254
23337,0.07669405011646598
60876,0.8913313179693256
49078,0.7080762953794032
74833,0.008988587492471231
29020,0.5707151051316943
26583,0.7241971708827563
29303,0.023073534876839923
42586,0.9811275952830285
71875,0.995182281182842
34508,0.5360691779585116
6165,0.9022317205997462
58493,0.798813476586451
94887,0.09321410237640576
102986,0.9999999307835497
28098,0.9999999141935516
25087,0.05306199791240819
8009,0.09101708311476603
89579,0.3356348105717306
54770,0.9999998973072366
51653,0.9871978001151275
45760,0.10843852125094766
4476,0.9994041021606641
54421,0.7490817926633768
59509,0.9269296454422197
98689,0.9999972866760742
60921,0.01460294533738724
39461,0.6743829069533674
70274,0.27723700072353763
37090,0.2706587852509486
37016,0.024620617470373227
13411,0.9965225600520361
51088,0.9971466678389516
56925,0.9645022678366096
98002,0.5435743442360852
35495,0.6316398719898738
93475,0.9837606697847584
68261,0.46429299013009456
98947,0.9455119750280827
50552,0.5520814432695235
59028,0.9987615783762122
88386,0.7935950282737353
96380,0.28724073018589613
45376,0.8409695262296528
43984,0.8833014056611388
24711,0.6125360638461241
97312,0.7053067154018834
26141,0.8563951826884373
16602,0.02264378390981387
23781,0.562259949613974
28258,0.014044039914339291
64800,0.395943169506064
37795,0.9998561553545449
62740,0.11153665880940977
41201,0.012093309267019297
1954,0.13079763821345514
81573,0.05755144540959691
21215,0.004018624316638165
70981,0.08166549014655672
67761,0.3965422380502603
104537,0.32570924434496873
52595,0.9506764116095712
28616,0.0791560722131956
17775,0.9999756101879375
35248,0.1827159658316846
34106,0.22623872533533818
13399,0.5729120793741712
62348,0.9997601756157669
22348,0.7819377843329325
78412,0.07754006300485106
79202,0.038780822219621036
28300,0.7974436845386498
57415,0.2497244182702602
24325,0.9386109984978518
104667,0.422996179671768
102884,0.7804175251294708
75881,0.6440812788336602
89545,0.5026388023817971
53802,0.08018379054852298
8428,0.986789387113899
1947,0.09989488530546586
39582,0.9356970532669928
98781,0.25277616746259896
10914,0.8237618521200426
68116,0.09122566263310522
89336,0.5918178778476518
23088,0.857124198180078
24498,0.7365678660685053
20680,0.2140074587828673
72863,0.07873326914055367
9853,0.527368176973839
34780,0.047690803402828164
47982,0.5524347014291335
23029,0.29451765940098307
99217,0.9987070108399569
65189,0.06543457986496097
32702,0.4769313803951754
29196,0.8169758716657124
92311,0.8659794476793958
78556,0.5541901264696814
790,0.40664598748833813
61109,0.1158058627606316
27468,0.6075274710781895
59155,0.6567758649143438
77199,0.5555999462022584
5278,0.9389558781148895
74444,0.11688020105143565
82691,0.015147009582678573
16226,0.18534698567804803
52549,0.8904750417667886
44851,0.9486322719761137
59450,0.9625955491818905
94386,0.3280628172118042
17225,0.39164998864304656
36121,0.7005121911900707
70641,0.6630089305228017
23081,0.9942928376820102
26293,0.2592008554328574
19672,0.22628275032836875
75867,0.8394222688621633
12380,0.9843520822929188
58603,0.7186531059034712
75965,0.5547638632457492
89363,0.9821894693433578
93676,0.9999990854652611
14307,0.22613729798231053
91126,0.9999995558044504
25779,0.43605516869163674
6628,0.9617627873961055
4388,0.26877223144847817
93791,0.8174742603384395
31487,0.9999405760995959
90708,0.534253430780653
30088,0.9961242434799306
83553,0.4843919463162217
74383,0.11657142753622773
25927,0.9367892539992091
7414,0.003932372217366693
20334,0.2253840419065289
21744,0.9957443617018712
21251,0.3076566276137107
60748,0.8183584060318918
43515,0.22574595824480348
74308,0.08954786614238713
106088,0.630777866839508
34656,0.40635396502529564
50547,0.6303034764886479
95637,0.7946562576435985
30704,0.3754432570168295
15030,0.15146737942783406
24654,0.5451786801389386
9002,0.5746579631603924
39090,0.8619724894333378
50634,0.730859550129421
97316,0.4375539332245718
84069,0.49365725180421
15263,0.5448800266850934
17371,0.7885679156776375
92665,0.5413659616064608
68592,0.6165165955571398
34934,0.616051148106278
60754,0.03320738507585691
11212,0.08581033866517968
57395,0.9471136780466332
87247,0.6781044025346354
10163,0.22153958248397315
19818,0.01329090072214997
86469,0.9953673762171158
5163,0.7312466250618517
89755,0.3075948868626375
15091,0.5967198244826708
54328,0.38760248784469803
26074,1.0
70959,0.1724123895933417
84334,0.9999917338629675
65282,0.8874403423226261
33477,0.7991244971822086
6641,0.04610962376509189
23339,0.9992446650899132
224,0.9854565412286033
16607,0.011798854158801242
106110,0.046684479305071726
75941,0.25238694375457993
45252,0.9090251913365162
832,0.45684138638241284
55056,0.05421271204417853
89743,0.99995006461159
60890,0.5713885941304313
55078,0.8754763168562636
48751,0.6912236460668435
64538,0.28620030816534425
40381,0.3339895292457876
80868,0.6869346516745611
39323,0.9213777697267548
87561,0.9977924302092019
16654,0.9843500785147645
41696,0.3620899060222228
13283,0.9988688764068365
24227,0.9993404890829355
9617,0.9976729114044525
56613,0.9911551870283956
87591,0.467785549778229
51253,0.9999999510281529
79479,0.5601046760164035
90168,0.04522119155715074
63042,0.5491651750166389
37035,0.20508020424847373
52909,0.9222834343139076
69625,0.8213763718232892
10939,0.0542446047534705
43090,0.9168283926280169
23167,0.5539684386353235
16387,0.7252598857330508
40661,0.9996037212832748
71384,0.5703877312630089
19426,0.3317086832749333
45384,0.9959417570585859
60704,0.6709394741653564
14812,0.8041613685321307
42412,0.09420457114498793
70876,0.4751330666265996
63689,0.9939173946084169
33546,0.9481472450368584
15735,0.9891150012849879
40798,0.8511574241431213
13733,0.2839167437919159
67133,0.21274876417987
18911,0.06613534849324888
31669,0.5982707008704309
80993,0.38308453124641895
48559,0.715589750571493
6089,0.1836632977947001
75724,0.2658571143365801
76026,0.4371976621928965
31984,0.6226388181169871
10651,0.9854144536777031
31300,0.3455458961657772
28564,0.04588504405136659
18914,0.38910805995021047
58189,0.8170926732053032
79828,0.6782526916877688
66402,0.8218817038745311
40202,0.2832952226794314
95576,0.21984725306110336
94270,0.99994148375321
29226,0.9920051508369078
53270,0.4518150051006349
35383,0.07480468736443008
29566,0.9359310295888
2547,0.6760734818628663
70342,0.9933772632363984
1061,0.9952827626905545
78036,0.9609316301327674
72994,0.9406749519000746
34506,0.980917962575949
102711,0.9653144287467648
41440,0.9176290089303897
39328,0.5711923657343678
82236,0.8993527970466533
54557,0.6590146455196066
8590,0.30499174402969154
49268,0.9831224607922368
53084,0.8676231874400508
32658,0.8377259238130912
40205,0.14285495429048006
16606,0.09459431216456676
21653,0.05986591100616323
38824,0.08672732247949505
72356,0.9999985596976515
58357,0.9732359690557425
5784,0.5654977162350437
10202,0.9830858045086953
9417,0.33692735464188195
33193,0.9911469535050949
107160,9.840907983784478e-05
70310,0.998698367144608
18909,0.3899098250397061
60021,0.18668619119574792
20427,0.7819197859449076
104311,0.7823862204597192
86023,0.3271738708673838
31203,0.055045550162562025
63103,0.1548485497236769
98109,0.009325800582321757
21297,0.9999920832801028
52144,0.9075224050294353
88901,0.8716819292273426
38225,0.5722361282903411
84696,0.9743437803792193
20497,0.698555275419512
29476,0.9628205662382774
24075,0.9897593346518236
22804,0.971076051599055
91118,0.473981922693892
80940,0.9732534680962105
43319,0.6628645509653057
29975,0.40085141549118886
87083,0.745302689622271
52097,0.5215995503154596
40409,0.6927557122589927
38669,0.9255513270097592
3473,0.14299689262217463
42303,0.29657007835684157
55987,0.8203881970713947
29956,0.4169815997334931
85955,0.9496736229613844
25404,0.9956032704202328
10515,0.950387967487146
94826,0.9872457736674232
24313,0.3913458440453048
7440,0.9528153424838741
37739,0.9999999990136963
65222,0.5422100086452607
21842,0.12166805783602908
13616,0.014098390545502791
62725,0.06797211793801847
82094,0.6176876284677648
28784,0.9980142516532112
90341,0.11031302987938557
90871,0.08865443511928361
97153,0.9672615711871352
34477,0.07275518849594491
27288,0.9756501516572256
6645,0.3428705101643368
106487,0.28975521293241424
103799,0.0422398501206745
100795,0.19792854694237833
50441,0.9962236727273373
25656,0.998233572391781
42091,0.6235672853324808
31393,0.9999971524988036
105245,0.816189461393348
30771,0.7341315240083256
63295,0.9999999995642211
92846,0.9216794147003398
76532,0.11026483542871773
55699,0.09754539622855413
51532,0.9759116703355394
81462,0.9966654160059951
55743,0.9955504815298808
5471,0.999991355512274
50734,0.8741682665740017
77357,0.05969585035974091
42814,0.8976001531981989
56981,0.5147378026094911
15870,0.5716323136950999
62263,0.9941980751504393
32459,0.11918849875952947
69113,0.9998522828258146
41655,0.06604880739254233
73181,0.825541708269083
106893,0.6086434198760498
95135,0.10890217604219582
250,0.9674918354036254
46233,0.9877080400044412
61352,0.7997043209511987
78753,0.2294431361088513
36900,0.23187080586112496
20266,0.3597430362034102
100210,0.5999525833387183
12736,0.7236319028123978
72307,0.998426593831564
88205,0.9977001997112751
8442,0.9619371548899749
5266,0.8473331090177757
68454,0.10454298060609063
42471,0.0913748704488681
88656,0.3090766536146581
39599,0.8622321346529087
52067,0.6954852356650463
36330,0.05778821929360744
64700,0.4084284969665995
45548,0.19363975623948587
25933,0.25951702184885894
15386,0.9997007930530247
5678,0.3229304671320305
64586,0.9745766358543562
42264,0.8643230105747421
82239,0.0069795497206219205
12472,0.7242979216444002
80615,0.3457418884563239
90894,0.7013762485147256
33993,0.5701522311078961
68985,0.5780249041584348
48858,0.9999996624794381
2365,0.03946752329546889
61432,0.8641263352183051
55956,0.7739334725757403
72981,0.970941271682466
3931,0.208136499145759
102498,0.5519425486007381
65577,0.7782926337805541
104607,0.9712903447682134
3574,0.026235778894259244
48736,0.47979654860984533
17630,0.9571382903358611
92273,0.6934918279652904
88264,0.9796224599155202
46131,0.06902513370316057
65601,0.40269365075309244
11263,0.10021422536855668
56695,0.04217319603679018
52600,0.7190356111142733
5653,0.9600950315839347
23233,0.6136435495105033
102262,0.9999897396269339
19938,0.048611411631275796
43484,0.690454054579211
85166,0.8744983458050808
3085,0.1878048029843961
18921,0.061166880010364535
24771,0.8495526891425867
58897,0.2874604968983505
94516,0.40951658513422107
78453,0.5720493207786501
91211,0.7931929241153758
105987,0.7153426014583175
43111,0.5209142400661408
28487,0.4633673912381325
8124,0.11239234756408645
82311,0.3929205087889002
98877,0.9961457501760321
74159,0.5622794627335406
33511,0.9045524427476683
95473,0.26805813488424673
19725,0.15981169520537353
41003,0.39462989645245483
16427,0.9862104653612319
100963,0.9994605445416861
52106,0.34985619116707817
39236,0.9997824518747749
44120,0.999984314095138
105658,0.5817146304195565
13655,0.4846606838474803
26906,0.820733357100645
88670,0.4850507362262281
10846,0.9709932663941774
61451,0.9310021758735029
22909,0.2111819378342984
5603,0.2185507406439151
71995,0.9952604781065706
13659,0.9999950104528436
33676,0.014309821629551016
99479,0.9999469489703824
87944,0.1621245342769715
98866,0.9766154676080832
101832,0.1503048478463857
41896,0.9959116419262288
3179,0.8064941518898164
51753,0.4057685973009496
27493,0.952110708596118
49726,0.2604784030907053
12631,0.43608072472438075
72865,0.5603071109822731
80074,0.9999999998510972
25077,0.342490205318919
2911,0.4666672432683135
6033,0.6882773001872134
11734,0.36267349835687746
49339,0.05165241421626159
3717,0.6455147289479588
81240,0.9997525043586245
94153,0.9977223945503498
78852,0.9563637272378376
54176,0.3324921974977665
65079,0.31431220269174454
42937,0.9454918452916156
37077,0.3457854283785986
90291,0.6407745271080252
64253,0.9933272458011034
56721,0.3186585487083481
14315,0.43767006105804884
71554,0.04213319302713801
83088,0.012138017264593116
14641,0.9912301486487974
48788,0.03794578647972512
37948,0.9180885276191224
80385,0.9843227339947529
33468,0.6706531473645099
18095,0.08336271819904567
33431,0.0602665128408804
92258,0.0020895560218235896
78347,0.12353501299443803
56274,0.9998595494038593
53441,0.5472557678113747
9495,0.9999999966232338
80729,0.3789327855628735
12433,0.7436957657011
86376,0.4109492236024319
52615,0.951063822056617
64847,0.009184845468507277
19409,0.07937978010426583
207,0.988584749250709
68122,0.35763120680365446
92545,0.9997527040019486
95519,0.9994265748583911
50682,0.8956795195332576
55649,0.6158532326718851
81728,0.09856373037572153
11486,0.9550955366534593
57854,0.9995032353206945
1370,0.99989422235318
30096,0.9930531407199624
37053,0.8890671860467221
54074,0.11838518703233014
33195,0.4641975969670592
102230,0.9846668375399187
45171,0.5521067283088209
46872,0.971736638358403
9345,0.9996443346157059
82785,0.4347242734871134
48943,0.057327094325392715
106349,0.043482516202518404
21593,0.7674877157492556
78571,0.8652615662007409
91788,0.21991888432925238
86361,0.9999992458953991
52065,0.9837745830058343
84555,0.47045519787475143
3855,0.2624788038386237
43401,0.3185866546795817
69390,0.26905730323371846
56654,0.37336722946381595
28773,0.40419636988444885
100080,0.9998531703186453
89691,0.6695492375786807
80744,0.13462277166440717
27515,0.008498543862460886
101721,0.6023811091211655
23643,0.35692863129004637
47182,0.7747428203686337
56109,0.5979041616320938
81489,0.08474005758136655
72660,0.9992397713127135
25454,0.3632361270350065
89294,0.7904579767006015
74774,0.98898462674351
30573,0.6924913859739922
55258,0.12031113976608498
5170,0.007749802233842265
88336,0.8893765789465816
5643,0.477436923324258
62813,0.6083909036042161
72060,0.7725788697427642
36505,0.40022524177522606
30556,0.4258589266265636
80742,0.27513378041225234
81442,0.9999949390691905
84357,0.39950751649427296
8437,0.7558222625254489
89498,0.9999634827901169
52323,0.5580400283860951
6105,0.9941074028065597
28306,0.9955013771014616
817,0.16768595510523293
21262,0.461933428945298
101935,0.3029887456134259
84337,0.024239501472584066
14451,0.05217515133646105
16999,0.9970026046836473
106000,0.7880806423951434
54478,0.9943220793584778
74663,0.9982686290389509
45704,0.9996974751422428
19643,0.8455656587551963
61567,0.9594736271050235
15631,0.7694758827686716
41554,0.9978293166939743
83039,0.9875338790604576
103446,0.04660821801990876
98345,0.07367153770712104
58781,0.12149912630496951
36507,0.878417090412662
93968,0.3805204244943392
69970,0.17125306209111102
29264,0.8150397687019317
72447,0.9867273032827012
49490,0.6271385469187105
78217,0.829350350357202
102159,0.9613122869745139
70273,0.05406193444728959
26338,0.7487658780144688
56176,0.8659641237542404
48531,0.9487311081774902
87778,0.9723582372098063
31072,0.8925314175557839
102437,0.7755369751145695
74391,0.051007608794469125
99487,0.0749332192675222
1181,0.6628661509607341
98967,0.029398716345903773
40784,0.05698126924153019
13252,0.180823352831548
35927,0.9999999986478372
10450,0.8559161490461953
26024,0.9766096111154062
85777,0.9993360576425637
79959,0.14741775305152516
42224,0.20582341142057703
79732,0.981327099885568
13077,0.056229839672779995
45919,0.9999952195975871
48481,0.11505285582036207
23051,0.5163373695484136
53396,0.5303406887190719
25990,0.9997488389469642
65930,0.10360696538030101
84275,0.969220038663099
55555,0.8925033756939891
13571,0.12597858014694413
19734,0.8465820603672943
99263,0.8288335607250741
40884,0.9999999969484188
76709,0.32971041779471877
91081,0.6220075275444965
99608,0.9999999672791849
101938,0.045807380402015686
31299,0.2806744710073621
54312,0.3040140784629827
75331,0.44944244672445494
26718,0.9994386715151858
39625,0.7452762352358804
10154,0.26698826452796565
52480,0.9779275319814461
86492,0.011844685608137584
67218,0.6049319693370194
90249,0.6008529048378093
107061,0.7020616899230128
31114,0.17626603742793107
22242,0.2885412453743563
103709,0.0436428095991687
25534,0.006625002267786479
11076,0.1626582184714705
59426,0.6144074215104189
40405,0.94870165140232
44754,0.9978641839144035
22684,0.9861556502023006
5801,0.7537876579355071
36924,0.13180520599056672
53384,0.9982946158310744
92712,0.9860871548226756
96901,0.9507743217795034
66228,0.9999993278914177
6751,0.5969490787720046
16380,0.9999999999999811
67691,0.24853097087251935
69021,0.8987876625639069
96902,0.029709230602522667
47769,0.9524541518651362
31218,0.9565196820146563
38635,0.5503952250166273
84440,0.9320788464734895
80700,0.999086903873516
83305,0.545109528604065
77004,0.6110274356187386
35493,0.9998637827346508
57640,0.014317331895644278
22467,0.8790045680260683
37776,0.990283943954885
69920,0.32927239048250695
27536,0.9440685061195745
52622,0.2966613306564378
99130,0.10972658575070843
34826,0.504548261526538
13530,0.9339240239923302
54219,0.8464935925392623
75359,0.17079977364453464
27285,0.07431926782058333
22077,0.9974223242127581
90788,0.5445505812284541
104322,0.8946371579368406
32897,1.0
55677,0.16890364143215686
42319,0.2879079954097705
92559,0.7017158033147933
29282,0.9995220159999134
65013,0.05672145819897528
4817,0.9873442022825352
37540,0.6650742249984726
68712,0.03797072052452093
56007,0.16132716186213397
47616,0.0009838626976542487
79058,0.9995038860643237
81738,0.5452856578037769
100015,0.9910833898563259
54572,0.3786543306015808
49533,0.03183973058427422
101178,0.6602999944908761
95017,0.9983186069478127
105751,0.8251936119265892
78944,0.9638915031302181
2093,0.8718725409681123
105969,0.8173526706363367
104250,0.7970574693807198
83042,0.2993082321989225
1065,0.9017065999948579
37529,0.5008239294297545
13780,0.9999996140730527
46453,0.957056494534797
64631,0.9991106374188584
20384,0.2922843175805457
47912,0.9621658243980091
18,0.06309668741414622
77554,0.943536579379689
15582,0.8274756616923626
99666,0.9801404454558075
79962,0.9916102778116905
57979,0.0788293886037375
781,0.9932942434738163
65466,0.20858750554402555
95252,0.7613281335734587
32661,0.14721895911027677
51127,0.13346281031725699
17798,0.8827425894998095
39908,0.8701385065392041
25867,0.44777759975824555
21529,0.01246510500639058
28279,0.34812058400375046
11637,0.16740622416308998
64726,0.9999582549260241
74392,0.48491011741031637
15857,0.1778624213357986
97309,0.37402160858465106
37463,0.9969591051865495
32071,0.8781398016316712
21323,0.2702452611307976
26312,0.9907744598516778
71930,0.739431447273768
3492,0.12909950116285818
65456,0.2729348878372185
96936,0.2364872044200496
76724,0.8170299961291931
10868,0.5530134717351229
82591,0.4547868612599775
35387,0.017668681854743455
38546,0.99999983690929
89839,0.8509155095360547
14754,0.9261626921858002
48921,0.2674121841475743
5482,0.8529561237677854
105128,0.20038402685876228
31526,0.7927756991320454
93278,0.8689455181495038
37389,0.0932643596287035
85513,0.5529827263967648
71873,0.9959001406381675
14912,0.05518995482350713
81004,0.2199965293956238
43896,0.39723367371919915
14272,0.5119070779807332
10717,0.30234044830715134
64257,0.9931552184756868
11434,0.4101803265243083
66130,0.8602383566715761
35204,0.7687901433763508
54695,0.46638341798640365
14350,0.9653679928745275
100672,0.03462200907828092
3169,0.002449666676527299
82931,0.997585349026924
92433,0.9397115106391726
24263,0.9994610080156929
14767,0.855894395952619
10604,0.9934956885950501
100318,0.3973094356855764
75663,0.9955313067025747
43684,0.9691057461449294
30373,0.9994961771544567
17867,0.7877831826072275
33900,0.47280225038607143
29003,0.7306627289068074
33694,0.0363839739373902
84087,0.9521740217740553
29852,0.8272751373540674
63545,0.7851123011619121
62292,0.030364379459458083
57258,0.5549213143189424
95073,0.9972423020918608
50685,0.97162066084499
104221,0.8582048747858486
51911,0.4257784814835092
48975,0.6860376752087776
58430,0.9805254373083141
63383,0.09837075010462487
35526,0.16184637962479698
64270,0.09911124010592842
23285,0.949464539940491
89158,0.5945363647107149
77528,0.43607397626270383
38446,0.3397784745379072
19382,0.8450544007796355
17453,0.9357563883820033
39175,0.04957504570267375
102238,0.718512050781854
85718,0.9819007986052443
24010,0.999981336733025
54821,0.5967667844889235
13440,0.23614329757436658
11394,0.09424650844100063
23805,0.9566585699676318
43147,0.6097392272890305
1333,0.9171019806401581
1639,0.7432404670232243
37376,0.09801274795378878
63387,0.889658082145247
23614,0.9999993565004486
32136,0.7695688557082228
49294,0.6317564293308848
13594,0.9994171759417431
42326,0.33847008370191844
82587,0.0469680560864406
62487,0.8322843357064277
61281,0.632209914456782
1204,0.27744230534002673
85035,0.8791551569676155
63270,0.7178658755261046
54681,0.9775268160059151
38823,0.30766375350933445
88510,0.15051513556366714
73301,0.9896474588065459
97118,0.2838123038158827
56486,0.130582775827641
70896,0.07254905667599036
9348,0.4261500351714305
103274,0.9329008512969964
33539,0.7269367789266
91382,0.9982786275592409
42087,0.24321820991686705
38095,0.5772164910823918
37681,0.8245210326741027
8143,0.6090715054073949
19535,0.9966893178264192
100274,0.47491701311597867
47783,0.7095784349569232
63781,0.7639322155035169
96617,0.8700745392056155
75551,0.6195324525928376
17255,0.9999998419676479
53787,0.07237136563478258
635,0.9818821169110101
85183,0.12685966560490702
103397,0.5121624145479419
82756,0.9959299730312063
100666,0.05355887736487097
50949,0.18164293098036438
28357,0.2963600160607226
45721,0.8108817798913184
56031,0.9999999999082891
28691,0.15348148631072106
16837,0.6820807566230587
5685,0.8230926295333338
92766,0.9998917639752503
46208,0.46455526010085996
39047,0.9999405785859795
6910,0.2720449502703157
70669,0.9894061084352221
49926,0.9963638612079648
67684,0.016196502486185906
22819,0.0774436861181689
64125,0.25303745839697217
15652,0.1476182392234116
23464,0.933814542515704
29177,0.1518611658080012
35062,0.981529910222582
68536,0.8973294584078457
51118,0.10674557734439832
90260,0.993039778479366
60622,0.047237807853830686
72104,0.999675887488345
7291,0.2292349010730676
68799,0.005431525926720276
26509,0.9147368257644358
96133,0.09517215182673666
64710,0.9789892576426489
34161,0.9976022883109827
4172,0.6311575932768049
26504,0.11014968808576675
42383,0.27405381322427325
48827,0.6163324532963252
62023,0.99999942592311
53381,0.4530393129770527
42672,0.9889413186172655
40352,0.9795053855215263
98188,0.9549010671703319
55579,0.14129316266022146
95699,0.9743562664593105
22073,0.9413166329600294
7510,0.9869054635836185
61926,0.9359400717729431
12524,0.009973958911201737
30272,0.05393342159195269
84597,0.9681145538052192
82478,0.998193948234642
64991,0.848058588084103
33087,0.35025895303175314
102366,0.14169227146224328
83565,0.1010063084055085
83122,0.07784557090658316
52131,0.18719311312163522
910,0.23721839150116814
5111,0.7576333101189359
54693,0.13383269393827785
98190,0.9402565397221642
10111,0.9868340423518035
37371,0.06869143707878958
34857,0.07876712066183972
14501,0.8864426750327072
36005,0.7670635987808982
25749,0.24043073676985216
78921,0.9999118235053889
44951,0.9999999999999996
14333,0.8560960411855498
83840,0.5464616327407459
27079,0.2870044346760873
13278,0.8349739739130329
23037,0.3644446144604788
67764,0.7655015213663624
15310,0.3443904330116043
94802,0.98175531548694
87951,0.09749800971965994
78943,0.07240053329562758
97872,0.0331476718567666
81410,0.8062131333233493
50882,0.988618754324105
27223,0.847841392878629
65094,0.19415751399451536
78051,0.9996841506554972
70230,0.25188344893102776
14759,0.08749841822416388
59979,0.5240070320201454
43844,0.9845739885630509
79018,0.2527164436351328
27232,0.976224506208382
26744,0.0771480148391596
42401,0.9904625021883604
78332,0.2007146574488624
76194,0.9996475767069627
384,0.3019378390397961
63682,0.4527276685544244
49119,0.9960494225262435
54063,0.5759821897662545
64585,0.5757997134583456
79519,0.998853065058504
51401,0.6678767446320586
30357,0.8865545196700411
13880,0.9846856713332803
58055,0.999999944358627
45641,0.9905810226951235
21988,0.07552006805640837
54004,0.4744294592770989
24290,0.4844044666814026
77273,0.2943073427265833
76128,0.5147120706692828
65644,0.9999982905101689
79017,0.08353921677064607
101808,0.14665073106051113
99951,0.9866344734502358
60253,0.5889334153929882
94900,0.8116619814248329
48007,0.34744414934295587
98057,0.5010929392876333
47744,0.29383896177855506
98823,0.6310982620720686
101068,0.7247127625817616
102961,0.7358773405894516
74087,0.2833350147034636
7420,0.9998645297913715
70975,0.9495952699206579
105748,0.0466090897429871
42214,0.9819898537472161
13477,0.9242197728270118
104778,0.975459139089702
43685,0.08392415826631361
100408,0.04868648302972267
51947,0.0027191007723345825
75354,0.9994205213423247
15888,0.6149280627621792
33178,0.9121647189416696
101604,0.00720250330310294
11544,0.6688118928492235
58903,0.9439787234107139
41792,0.011387377874559419
93189,0.05675332782102428
41555,0.5724841430340204
79590,0.96908850507418
3426,0.9526567832514535
25278,0.989125806672783
25008,0.9237826025156397
81536,0.8840684478574273
95607,0.9810414767748812
98558,0.4744759019314783
48761,0.05940879984798265
11198,0.9999999907680333
2451,0.9961285001856914
46648,0.9997982772184454
51384,0.9091994243625767
62978,0.9996896246849601
27721,0.7973251042419345
64172,0.08915422567466641
77418,0.47521820791076275
72441,0.9014566998676083
29063,0.888322550396949
18090,0.9475297542275609
2491,0.19095948753717562
70301,0.2058055535802913
52348,0.9822409606912993
82167,0.9930327302797645
32365,0.9384712917056522
6896,0.9388114495022684
54908,0.7003787763832037
50459,0.9971611584273025
60554,0.48751852426174147
17023,0.7897620303205406
65066,0.9285359191849507
66344,0.4047229390269678
37911,0.3706224244157812
22161,0.8910834912615977
30356,0.33680947005191436
60676,0.22116174597384042
31531,0.9023391993189703
4843,0.009357640902788773
99733,0.9780549869343832
83507,0.40101748964510653
82773,0.5580886223848548
74473,0.475035118472241
88188,0.9570842015750716
88215,0.09010557678327469
63735,0.8677958333044447
70619,0.9306004024687344
61200,0.17971648543087737
30655,0.8039121817927367
65913,0.015493478713441531
54326,0.18556783997736542
56131,0.9997668345807716
58175,0.999407833552327
98975,0.98686113047373
94819,0.5773020068747765
90301,0.10513712673263048
25780,0.8493645682777338
60452,0.9708198529277325
50411,0.3513552890394498
35018,0.8115593107174293
73380,0.9971198148531869
17467,0.06316957950462944
3094,0.9999925352582353
9738,0.5093677259804046
44418,0.9931945415796712
84598,0.9998920991693344
93058,0.9048908004326278
101249,0.39509092492049624
3313,0.01905497769523923
98711,0.7048291903279533
27602,0.1310370860851252
49587,0.8461664059568328
80445,0.09325213627225226
39073,0.2958225668508808
77240,0.13446641583154928
64521,0.8701884453748834
14191,0.3796979272597916
84975,0.9987619152467374
41952,0.98147055568129
26320,0.9999615456203367
4556,0.9816704081939907
15168,0.03182190919401253
26457,0.9999997469966928
59345,0.7990089506021312
29189,0.0874342117692215
71307,0.9273142308949653
71078,0.258237676888023
3900,0.972117792049402
22304,0.7508345699167159
38231,0.7909791402448623
81720,0.9961289116371096
81431,0.9925146457090243
583,0.6560133199295182
53552,0.9985383507328562
84043,0.5144297074121021
16175,0.03633426132269481
34979,0.722571537083284
64150,0.8258824109119223
75806,0.6158219249770994
93116,0.015493116657617226
29562,0.9981084520553976
28371,0.6583449446461938
69331,0.4144968567231769
44586,0.9586401866630768
91778,0.09747694078036373
99087,0.8119905657057452
36336,0.9806303014767096
76742,0.4286937709815458
103873,0.9385725044150872
41887,0.4481866795548179
36456,0.22308857209259297
8347,0.6047038024228664
105701,0.9490191428768688
18727,0.9501912435750222
48456,0.7027865108269198
67345,0.7143616512552393
18115,0.08113220076506822
88646,0.7885489782402115
16889,0.999869821379126
12294,0.9459020416935232
83601,0.9943975860733961
73687,0.06953798766627757
51259,0.018117012821420954
69885,0.01571211970914161
45997,0.9878315200259254
65402,0.9998259818767099
24272,0.6128421872355668
26111,0.32616718496671415
14340,0.17675744023752704
106932,0.9984623810338421
10072,0.3709671350323033
42275,0.0809615857602855
12585,0.6784347640189268
19345,0.9982071229579011
51382,0.9864527638505199
17188,0.9999996497930946
61288,0.9009951372322904
83262,0.8348874687228036
86120,0.9959314645562968
71597,0.2231708049488318
56009,0.8001248251657069
23672,0.9993506775041414
87182,0.10195020345610495
30917,0.9924012092309025
45016,0.3930641256552978
27513,0.9998128479402795
23688,0.2649896636574106
91552,0.9670327875524071
36671,0.3151973113305483
61761,0.07710176669032476
85490,0.59487254562037
102143,0.9257605833959915
4545,0.001000893634243736
25878,0.9612475982140444
40704,0.9012780218021531
88727,0.2467096111295537
21689,0.7479806979702426
53724,0.25478557378513966
23022,0.40030407962859443
77592,0.39641595170754085
77918,0.7759561847616052
94200,0.9825804261999942
37600,0.20709738076144274
43202,0.5568345701771762
75128,0.6341023716884977
47481,0.9794276897027534
80803,0.8379143436156595
97638,0.5213218937068992
67851,0.9330861217667765
69733,0.9982357855828872
96141,0.47992063898041276
72491,0.9827309325668825
77467,0.5601230830509515
61997,0.975975438541316
34472,0.24871659599756885
69452,0.9996019571957137
105256,0.6048398048349197
38288,0.7872602712561749
61579,0.980295392770336
81861,0.9838555881894744
91388,0.25886216418577945
66355,0.5985869710730882
9772,0.37570527011565075
91345,0.7887947944315478
89020,0.9998534022200587
47843,0.29905360005590886
40239,0.9477130722774961
7984,0.4429396241417965
12457,0.03533379332072101
48634,0.9927664355747614
54494,0.31895066310123804
36007,0.5843577763358563
13859,0.05149529368299975
104132,0.973480072793234
106444,0.7402709112343606
77743,0.9055389637454501
12930,0.8387118099762501
75523,0.9994388261755328
74575,0.5819846794161379
87066,0.21101612549681836
72953,0.874508213492027
75330,0.995623577435848
35634,0.4461772125915946
32681,0.9934497579411504
54719,0.7556978471557334
11158,0.7039289218849383
59927,0.8251712405110554
104545,0.9993980834045415
40117,0.17792641486798877
61413,0.26963739445193574
21715,0.6569732276700497
32714,0.43659234736084035
24981,0.9977628570714627
35347,0.5484093482951528
93329,0.2353549422125844
62636,0.1150339694797724
81546,0.5775318974347401
98273,0.6699319437694757
7217,0.027533467909656602
93418,0.29465903954644784
37177,0.6224926394102057
64677,0.9534654011358252
17229,0.9132432025894197
97054,0.9997055538536666
79937,0.965045135769533
54263,0.9596314901022285
71751,0.49264542396439287
82528,0.9794800690853008
72064,0.9874833075790294
79587,0.18301572060908405
28466,0.9999992411207063
78377,0.9365927606279106
46316,0.9943028036442341
36085,0.9999615723714899
17461,0.9436979819308665
68795,0.9804665853807324
92838,0.508062542617439
7155,0.9960646113282843
18487,0.15219665991952652
66346,0.1623686909524939
99,0.020111142226303957
101572,0.9999997054704404
89347,0.7541530200474473
68407,0.9929266753476698
49849,0.9593400456003418
33062,0.24321722072707141
57697,0.9968358205329672
43349,0.05637312013383592
83428,0.8976768247581947
105864,0.9835420034257483
15474,0.32217761844541326
27327,0.3589920559949813
81606,0.9999998612174097
46310,0.7409723973888511
7460,0.9992653612233076
13550,0.5585235649389988
101547,0.8589035716756133
37085,0.7256541877481306
90070,0.8171026415276028
21549,0.7831602770257833
20421,0.999322048544556
85729,0.9652467780884443
94349,0.9949129906486223
97059,0.8245947469853896
74765,0.9941363305360204
13726,0.7151697606481594
337,0.9874541209545592
51845,0.9948778148940306
58858,0.9997523305952208
46319,0.8951617234507141
55111,0.37769701479530204
11656,0.9879841352268008
78676,0.9752038802247578
60093,0.981902516368762
91884,0.8835590259291413
51111,0.9632224866191014
17141,0.9420412029314662
58149,0.9999240758392164
61320,0.5466486210562848
1131,0.9526679751198871
22772,0.22281363909518664
43664,0.9849228690296781
43501,1.0
81414,0.44891339815064557
52958,0.9774491661442624
89750,0.749202267371646
83877,0.9349922878441664
65308,0.9960781968200022
9200,0.9997046415783005
23749,0.9988384953482851
13672,0.3386505461169833
74683,0.9951205191336092
53904,0.978193535086099
105146,0.9996862153693755
40098,0.05146806191264457
54660,0.15342581147676887
93339,0.18253255555269549
106801,0.6158334918352817
26778,0.33628471171252944
72106,0.9748723145030092
20868,0.1150763279482645
75989,0.2487993947371726
105541,0.9998488191309276
13843,0.6441476086774919
98710,0.9755012136449291
48313,0.43126451795704335
31664,0.9999999998243533
19568,0.9154788399501603
47754,0.38241710007635954
96276,0.9953321482181497
95056,0.9920151005672975
92257,0.9503615575587722
85089,0.7932697261772572
20080,0.9995509746977419
52366,0.9980372788163913
43572,0.20313304072696076
29109,0.9999937780583353
52191,0.8311545722449741
62260,0.6079754001219934
47485,0.697220888205632
52129,0.9617767876506798
59497,0.05125513404951268
73830,0.40892602691207836
27949,0.07736811536156496
16537,0.9101475299837058
84391,0.1603375857456929
54134,0.9994021591018897
13467,0.9736314031546053
86868,0.9681021649460294
95993,0.8729037733336166
60827,0.9796918614227597
68151,0.6717345703617101
57843,0.9712345007448521
2809,0.9964856161622084
46015,0.05832980224331187
20238,0.27327348187300593
106281,0.9930623144057559
50264,0.1772459907983926
73468,0.3928697026408404
15834,0.5659493497652311
72045,0.8132120955307613
56366,0.8412202327689428
9996,0.9997565877782542
100234,0.936648088587461
36929,0.029484363432886882
68444,0.8329989854793454
563,0.38554457481627624
80583,0.9932429475183783
103138,0.6482948034467942
65733,0.4506840667500043
32278,0.9892594594530525
88389,0.662517206096862
56450,0.999831026059843
29640,0.8888172019283181
101098,0.9319790643471286
89131,0.9928221202373749
102285,0.3868501053885653
1174,0.380719102448121
86355,0.22171738201537006
68228,0.9908269698694501
49846,0.9972371947664486
107146,0.971073415401396
7072,0.18222067061999864
56520,0.21622258300537645
73045,0.9785594425054341
28365,0.4749146962996877
68322,0.8602586300841542
102037,0.9995992618471993
18716,0.38398877177721746
67893,0.2973541203343768
81841,0.9993131673498648
38298,0.10184368876727673
90742,0.8700816729713172
72516,0.5348756800684861
37424,0.8628341997337209
40673,0.0032050667733444053
105362,0.9538127973988955
64238,0.838335204572992
35480,0.11550834480203825
84378,0.48324828315151014
2635,0.714952086024568
63605,0.5477534495220286
45588,0.9882069638805265
46577,0.9918641223225304
99481,0.061754106218637576
808,0.10075242594814487
36596,0.7281065613673021
60836,0.5575497872575911
27095,0.09692952242053782
78127,0.27026332216964244
32525,0.9719745392935917
102468,0.5996307718578939
8884,0.9006877865421039
16939,0.08100868226952002
88921,0.8861006485680543
67854,0.9996022314930519
88238,0.9201486124327803
39425,0.14235837008206126
23801,0.993926887011989
4572,0.31658276844531474
56382,0.029095155650406476
11124,0.7715612088595885
45994,0.9994257085034254
85602,0.07590443160916863
104776,0.28005842745602094
49788,0.9610391391297951
29069,0.15974127742613226
75167,0.999475894043271
64727,0.15342513431837534
36990,0.9900470955557727
8472,0.4355765721229066
21020,0.6203319428318151
22816,0.13085505884969945
15066,0.9995412921908603
13058,0.9177227438519969
38179,0.9999344421480947
42100,0.9798443370422036
89612,0.054653370681072344
64576,0.044262860730238204
106162,0.46341060766615816
20322,0.7944854572391606
2401,0.5638173712434196
9479,0.25236219708978824
12406,0.8457459860819712
26699,0.5701204515091278
56948,0.07781901406570128
9085,0.426793608885764
84168,0.9221757445405168
102128,0.5361714692575882
453,0.9953085574411213
66887,0.8960563900285129
88581,0.06303919430355868
11297,0.1722175261993376
23061,0.5535544266226395
35290,0.9060601525972835
79126,0.9882483298582829
100424,0.8770739434355035
99590,0.9999999999998945
79363,0.8261257097497396
14879,0.9225227281090109
63376,0.2920348655502777
28444,0.9940345753933553
1687,0.46926256604890326
2805,0.18027427038262145
86217,0.10966495344187932
91622,0.5636664234313312
74692,0.09331248941770742
22137,0.3308713736452703
55905,0.8124439169645263
16878,0.9744637035641607
104755,0.7861210153982818
53967,0.4698879252315489
10164,0.9704952264730085
75949,0.22240144199026235
58759,0.4045861388931987
52757,0.15197152198118574
50056,0.9934187173339947
24815,0.9679565376590168
103539,0.37793161477317716
102891,0.4975341635770858
105114,0.79430892184892
4702,0.7495524357753334
1300,0.07390427963422215
58992,0.9929389089188193
70748,0.66811967338368
21924,0.9999999930019365
62586,0.9974400471858638
69942,0.44803021422100253
64693,0.8878133915099831
72381,0.3678618949360434
44443,0.17608145039425427
61988,0.859287324097866
69769,0.6548652596255149
83105,0.567482715455375
70937,0.9956875447147917
102976,0.9469017977512282
34980,0.9201972693257996
102923,0.05401254212783309
67750,0.9573078507436203
89720,0.18165387898296842
50254,0.1258143781893582
61340,0.9992916333226343
105000,0.7373861526514813
78651,0.9975255638401647
37221,0.940136229494944
74552,0.5121805827608396
20119,0.0005240457678970826
49309,0.9991982383218885
53555,0.2582912772518017
69286,0.7932082960925833
20397,0.5419282963227858
42406,0.5631537327342293
27295,0.12978807637936812
89123,0.9224623254596915
8632,0.9559933716617763
56707,0.4260032986653366
14260,0.08347718069039833
23663,0.9999363783492392
30928,0.07427862211034285
78074,0.20019970731250603
6546,0.054986219934248765
6852,0.7260690731487206
73970,0.058423963903819744
44144,0.16220713703663797
19404,0.198659594378987
60135,0.34930763878324445
59957,0.998549465288245
88442,0.7332622260484598
44843,0.07575269445351018
96970,0.39879885126087394
31533,0.2896637284905342
23234,0.06832529703240456
29494,0.9862023928376623
58974,0.08766960496332543
85477,0.9969926004256944
13687,0.9712520032880645
3528,0.4460498211188381
86408,0.9996441686797841
12633,0.9999575392504735
53912,0.05140639237348339
23436,0.6974096736811353
36474,0.9945135811410476
9368,0.9967030125890345
10622,0.9920329368262558
60229,0.9112570350821365
57535,0.06401441851730727
18260,0.9655801530628854
100375,0.3648607028751393
6719,0.5544267267630083
84698,0.9974884929761395
77211,0.9683609126522331
76173,0.5906853050253233
98124,0.10283307980694933
64226,0.6167905981167502
42597,0.09960175695413354
20593,0.2727394333443892
91129,0.9999999999997163
28266,0.4175809095765184
64792,0.015784394085485688
64536,0.9999999999977933
23351,0.0410488370123815
34599,0.39042409852106913
60849,0.054650678963637796
75638,0.5570051264905065
8952,0.7956081411118648
17746,0.9978961459464117
90900,0.6090732560676941
3670,0.7513992749200491
101865,0.8529800389921467
4530,0.3733442077003922
65170,0.966011297212193
9744,0.4549577577569903
39873,0.9960238431809925
91786,0.9992314710916121
57820,0.574825006592953
91877,0.9131357676686365
40613,0.6089837864876284
84749,0.28307689855622925
25907,0.7312051162653039
37232,0.9604423530367031
6210,0.4799118252536373
7938,0.3519400902712353
95412,0.6700762221765428
44476,0.8065799477190171
31793,0.10280199595890754
84765,0.29603350487531654
64213,0.3440005769348133
28955,0.9771699343487479
18364,0.9946789696184326
38157,0.30777356434975267
106432,0.9211582900510402
32546,0.2508177874833222
35523,0.5973988316057707
24024,0.29103128527042227
96602,0.03995645457075655
45276,0.2759889040959548
8780,0.9984999534033683
3428,0.9267390902112207
88887,0.868256370911603
85306,0.8562346428675347
51200,0.5885212035923225
9741,0.7138691747850328
105941,0.9339465095087827
101835,0.3820127399563259
80754,0.9986584174352389
51816,0.37736250668668675
13724,0.9988414736785518
28720,0.6902472818787129
64272,0.4937613365602067
105788,0.9999620188500257
67220,0.3881683708897713
60928,0.8943392956435391
58158,0.2661244815249306
16293,0.9008924595707606
13608,0.9922554662154126
37565,0.953243808852199
2344,0.04732751813350469
44877,0.9474917230600306
62709,0.6310393437012689
16477,0.9360032048822727
64979,0.9355095387541518
42339,0.056533829481877955
90112,0.46928991056537633
106386,0.9966541590916006
42538,0.9612029871720741
77626,0.9999994506514676
21935,0.9914184981479709
24877,0.5898512529556985
88325,0.9063344964658495
82182,0.7109604748657954
58608,0.9751479384316462
78682,0.9997856383466134
106195,0.6287639541422998
8743,0.3619040917586196
59128,0.20389844394406997
55870,0.9831625985439413
12945,0.13086985375404941
65772,0.9329120821726709
38756,0.31941998185672715
58762,0.8131292241200353
59866,0.7275483917306409
79358,0.9778343836777424
97545,0.788615617059754
98879,0.8899612251002194
75144,0.45962476772813016
15726,0.9321981484262032
83258,0.774929971636725
29722,0.5344872264949646
21225,0.9991227050435706
37385,0.06049543539497135
7776,0.18785038250286273
85049,0.011548293955894786
5438,0.28845124390085297
45836,0.17296724346684983
93302,0.1488363543908615
103757,0.21672205739230538
31211,0.349519596653447
41452,0.9188942871154119
101536,0.15818991063965404
13279,0.4140250477956604
33464,0.5091722983386633
56130,0.9276730254952947
16350,0.6982809221210822
104573,0.8174412049381266
61257,0.9980643067814399
83150,0.9935001328007589
51218,0.4139012192075615
10030,0.8458430037612297
75294,0.46490212110686446
72392,0.5413276292666304
106535,0.055234980430959715
39072,0.5861501838638215
71774,0.5453152278783439
3813,0.17738011228712502
79029,0.05942191953097463
47657,0.9999749519990789
40796,0.08058377544464412
62226,0.6464341957046852
44770,0.960035077209248
20967,0.8768380603401595
19530,0.9141756300561276
64597,0.05687599076258955
6049,0.4413145993240441
39893,0.00774896882656258
69451,0.7249833780106206
79504,0.23865307937929686
42596,0.8307865100414831
69849,0.7436709515048174
38319,0.9752144513561554
28744,0.9989126458108524
6512,0.2211478679427416
85429,0.9783156985923754
22398,0.3838428146369727
73177,0.426390633646514
67313,0.0004499055681146586
69839,0.2721799219489905
11597,0.2986027813719986
76130,0.8418685252273216
18004,0.9840474648166897
91777,0.9926829117464289
37778,0.01733223644019953
42533,0.1529870335661928
14180,0.9809730895255663
31629,0.47913972172114017
38402,0.9723802350148717
60267,0.8362582539653214
89185,0.7097441972310015
8790,0.6803180370643135
92276,0.4135607753962325
37313,0.9999847671230768
89912,0.7224503195240184
32844,0.2428164047792667
51184,0.9947859338025018
79150,0.23017605212188602
25238,0.6564009431718489
25505,0.5621233887750517
39320,0.7571028078672895
92590,0.20131273128356897
35742,0.28096887069802534
54874,0.9044387654189971
51835,0.5157912983240254
101025,0.8550776537389915
32035,0.5634482689504117
104832,0.9984972368500918
96308,0.046414532577939885
89594,0.9001056164128709
51113,0.9302269305285794
97964,0.9094007652090208
73407,0.9965929090142243
18136,0.8128695935939456
20781,0.01289068234998316
86581,0.6367308692696293
1141,0.7650382596180919
67867,0.9938027855988827
91354,0.9338989905940738
65023,0.9415955592492139
47815,0.5751362871706905
78565,0.022299479413197182
60513,0.07986938745285
103024,0.9996997308967837
100646,0.9782808149730803
17208,0.835829654412815
57658,0.9999989322950683
26741,0.998621947340635
26804,0.9997315061115177
50177,0.01915173786836661
41831,0.2060426862111145
30193,0.9552271783159997
25632,0.28595183254528544
65114,0.999428209450657
75884,0.9990780249176294
91701,0.12700486558746077
63329,0.9453942994222672
78493,0.5951005524272525
50302,0.7088196101759218
39297,0.4130453716121989
86271,0.9960638513226283
93965,0.549101170676311
93018,0.16377372553362574
89674,0.07332517605194223
32657,0.20012968726713748
69309,0.45197791718353286
739,0.26358802680936044
52481,0.9935921509225456
99104,0.7425818314958529
69591,0.6434392212298382
47162,0.6306199237551515
43009,0.9996158499227104
38346,0.6975623821318038
10816,0.2025982536021202
72013,0.49605131059121155
78283,0.41225701087579714
41660,0.7823763989680104
1166,0.7738015116059567
39181,0.9465364847984122
59263,0.11231371907184518
104487,0.1294138298898752
91734,0.6498070852405399
86175,0.9671969210287219
76412,0.9907708586178423
20616,0.7539393218314652
7844,0.647396009680645
4995,0.2029834726985898
27159,0.09685290286304044
78130,0.9987455942227742
104326,0.7702323924471915
44435,0.196494630086673
84988,0.8756310248898977
13069,0.7137803681895524
15486,0.6205899210894957
76480,0.04650529568878878
94250,0.9986952249678142
1856,0.9992781594303539
37078,0.029621131272294387
32927,0.9210017890903112
101015,0.9232179448449529
14773,0.38593504864882516
89981,0.9875168592242265
52854,0.8156097344950319
41491,0.6951845062074216
63546,0.6212213626711489
23877,0.2008022463621078
2149,0.9999600766499626
9083,0.12322745286526998
78774,0.4691394715872177
99819,0.9970802565903066
61787,0.9993232736154689
66605,0.9999998460316432
8298,0.8654159221997579
42299,0.09193075038543169
4249,0.7212902166738144
25742,0.002357952961816773
16651,0.8835924049877144
84877,0.01155192468620091
37553,0.9991401579826285
18573,0.08816329207340223
80133,0.938750962461184
84558,0.08196671023616714
50562,0.08547378621293333
11790,0.6250691948531862
66033,0.999982368042897
11819,0.5192548072613808
6828,0.5205728387806411
46362,0.5758982117111013
1047,0.7072260724054837
34500,0.9945703960612369
47127,0.9998475155212099
23736,0.9557619427312308
60737,0.7509192293444824
4594,0.8589006375047324
29273,0.22567230240082253
46532,0.5041162958392761
6737,0.0761570784611448
23304,0.9947661934943045
29593,0.9959656974912867
61846,0.08994150124932249
104922,0.9072424796246231
87475,0.1443955317731438
7027,0.031321614221492856
87211,0.3871590679268904
18614,0.5096764957896016
94606,0.9176872586299658
106394,0.9180382895745871
17033,0.8143828518593746
46062,0.32695082208773585
83179,0.5898181845737014
44306,0.9821386056243036
3022,0.558491774102274
39701,0.20897334162037584
86774,0.9128555861849231
35156,0.19751568361293348
81341,0.8244183077557685
83819,0.9003378187013331
70455,0.8091938146832385
53485,0.9760013894529006
23025,0.6809423994992927
4129,0.49070963134843765
95738,0.9395794198216996
19184,0.964908928649651
15154,0.7903778830238571
61594,0.4838142889586187
103597,0.927320524256059
64491,0.9999961024568236
23899,0.5663301573712789
31417,0.1255489577083706
61755,0.3366953764319368
34455,0.9986722502959191
94925,0.9068900644691675
91768,0.05068746197815753
12323,0.3880933605255429
72970,0.016295153202092336
27442,0.7009024434941757
30731,0.9971785168730393
102947,0.3847479271872219
10048,0.5569035153621188
7261,0.9474827104555852
37831,0.08561717700886484
61159,0.9999997093123254
100500,0.041916413870683365
66747,0.8960189002901806
22855,0.49677225159388066
29650,0.7175691065312969
96881,0.34651647115068585
47013,0.999750693025798
19585,0.5023636109498687
30273,0.16769642096505138
91628,0.9542880200742061
79418,0.6266649331685208
72730,0.45424419810164557
84753,0.16886451549422188
97421,0.1515276185150214
45767,0.02639748083282124
9679,0.029602691919170726
88797,0.007344831849798779
1492,0.21628208416576672
55280,0.9535066418321314
9098,0.04605423659227004
101671,0.10178336217249989
89413,0.7924280013252489
84730,0.8789409698643693
79999,0.5256130883794935
30862,0.42924116443492677
35416,0.7528238170372602
46917,0.11890387396508123
92930,0.9999490144610552
58243,0.3345957374194183
100799,0.0023514221787547837
60694,0.2727196263058591
71555,0.9225280728261115
19179,0.9780165857593368
50184,0.940290089062318
5008,0.7019841510149385
17878,0.9760372158742269
81669,0.9998997991905656
77718,0.12015453945299798
39440,0.9835497744533185
4895,0.40351533111648064
71071,0.756460038795272
21702,0.21566233979992017
87491,0.9610182803158076
65486,0.9999256839238427
25309,0.9791408821506077
42323,0.9866771353452117
48639,0.9980788313901178
73967,0.9997547964547561
65998,0.5995394993917265
23198,0.8226169588521584
82664,0.5373944529047701
26094,0.9999999994924146
37411,0.0693597922391682
65951,0.7199644276581534
35218,0.9916302603391961
35957,0.1553267744132657
84554,0.9589815353697507
61197,0.4025234936522093
61094,0.8965379538371251
26711,0.8858834691633022
59195,0.9324996950804262
49121,0.5456015924546589
40914,0.1146931220716968
47302,0.705347332379457
98853,0.05609612619072622
103900,0.8091201332858207
64853,0.2306538178653037
2554,0.9183138615939459
92599,0.9767558175323702
25802,0.9999999670905196
99452,0.06106810520810653
55109,0.016849308510134525
21922,0.6050448287136717
93639,0.7997724575510202
99499,0.40470991214050284
75518,0.005056051561397105
30710,0.515914605486845
70028,0.8861119318136775
101769,0.6124114147671941
37794,0.8284575174576203
96543,0.9973746755900578
47526,0.027589019809288573
23159,0.8414049961010305
40146,0.007142166590213291
94847,0.717792709417601
53362,0.9247410003271446
14037,0.32285028879493133
37453,0.7394034004558935
5647,0.04958121271324385
14673,0.025599219482075775
106600,0.005867805624986301
73748,0.9949655193098239
80308,0.39980973475305465
19383,0.9987266074675784
55496,0.03430626598080883
9225,0.9991592707158117
106906,0.04838129136422667
75394,0.9582429657838487
88551,0.6122751332782079
37699,0.6682442370292628
39763,1.0
70482,0.999887022665977
25050,0.8280318572823344
17857,0.26066348073172607
58429,0.2180898896399905
49416,0.37888166521119265
61552,0.9855955064345145
49623,0.7222180601218566
44617,0.23383892877632273
27909,0.3015687689690968
24871,0.9999763346037007
20942,0.18125509421463115
103516,0.7067790071409998
69077,0.8969979746280594
15187,0.08278673706336404
3968,0.015028109628154082
46406,0.4667931908811004
95105,0.3899844096440896
49338,0.07976539509052949
64276,0.6762545106103517
4821,0.3687370166722851
40021,0.05607766224952805
83326,0.006981973709500856
42177,0.7299375039036111
70199,0.12826034942541964
48119,0.08417851707943558
13343,0.08290113236809099
11053,0.35611860324587474
11870,0.9520076949779646
35640,0.13846043203834102
43612,0.975173889676473
81628,0.5254541145596081
37574,0.24262022220917845
33387,0.0910747216161562
3627,0.9324667411129056
83186,0.18042687096696325
99491,0.5857332330900108
59700,0.8488211162432937
16223,0.9968463024492157
64126,0.0728483877565784
42160,0.7505204704823324
69097,0.9999770572602601
102364,0.04656219800683001
68107,0.8041054097369593
8108,0.09878047747138125
22927,0.9995300616922413
59791,0.12828748370881665
100302,0.3892134331315902
61388,0.9730791144409308
57499,0.7659306135310036
106814,0.3862544598178093
46493,0.11447131006355027
101988,0.7865458685184226
3718,0.512926949372682
97345,0.34203738399897
44816,0.588616342096856
15636,0.9947227924842883
14332,0.9474288393531607
20814,0.12213394726280169
9395,0.07745468415444837
29142,0.4772850137032951
44552,0.3612000048019673
49858,0.626384750102043
23478,0.8748553044601797
101156,0.7480776420364015
17780,0.05555490222765533
40135,0.06906925824016312
90279,0.05415630670864534
9595,0.7458065016870917
11287,0.8042044515111841
52334,0.03825300008266466
45378,0.3313405302568948
60285,0.6310976775126353
104931,0.2700887508426938
20338,0.01625081631508568
14294,0.8825178284049305
81500,0.9920739071580639
26366,0.6357168013537574
15562,0.9566309812061784
77960,0.5482550424481104
61174,0.11626288317619182
12765,0.025564536486619518
93396,0.511258743460067
32026,0.1490502789204955
77586,0.08895364774092007
10668,0.407992791096993
84486,0.04616421091226132
98561,0.31775928088877864
15057,0.20341855084263394
62129,0.04921431384324586
46701,0.9325662344535769
35331,0.9873418938888837
3820,0.9954973407560289
21476,0.6983217695889818
81388,0.07557670958006305
65518,0.6467712335985507
25936,0.9999999999994487
58641,0.9149569029187097
39010,0.00589952638667727
10723,0.7919615905849331
28862,0.36598510155222375
59404,0.7473417108953063
51779,0.9926153151590451
60999,0.04116993059370591
55446,0.988035466224622
82958,0.9999486234548796
103671,0.3006061594499825
70579,0.15647352416086474
21621,0.9766847294554504
40399,0.08826103371660793
66405,0.5238520239211557
40122,0.13969359617420257
105767,0.9470861992442059
67391,0.9992321148947273
31052,0.3313935460200629
6398,0.8549334364965554
66954,0.9683803780168619
99686,0.999992929856866
14802,0.9905241374412699
96257,0.92549546723739
28401,0.5120041596675968
44017,0.12206220540173596
27168,0.974362059297103
79508,0.9949452783565101
76641,0.13395733776305652
101422,0.03599624409853967
57776,0.938001293001563
24347,0.3111257747353888
58970,0.090674058789461
4306,0.9776245449107938
87525,0.9506389296490335
50287,0.9297739325053614
35911,0.05914905932727047
40403,0.9999998629781536
94371,0.777745552936346
88677,0.9857759923366637
102789,0.6212645302446148
82807,0.9997871495140542
101560,0.6220910078334653
102214,0.6525479460631198
92213,0.9976382025946487
78847,0.9753504170295341
87625,0.7488798638998685
59098,0.9999041347525774
95200,0.5371710950311738
13169,0.47060236633466107
52736,0.3157157862901029
31036,0.5293882457889547
32733,0.18620273880900318
39585,0.999174271925505
65224,0.8406405370436562
34555,0.13234438495022177
35503,0.9195635657036938
91563,0.9999999992030496
64642,0.14364072235364644
25351,0.18648408272348493
60263,0.1880310814006812
6918,0.056910394480389065
49218,0.798922159875894
99645,0.9973223745069284
96340,0.8298660495182251
22938,0.8023091786745427
7914,0.9341580630640903
47223,0.5483904831169999
46877,0.9944592686224232
102108,0.9766542447584412
67497,0.3811194261422618
2800,0.4605863498220795
77619,0.9969688839474353
82667,0.7434637338566821
47138,0.9996200279759406
78393,0.8793686942692641
7564,0.2990927757893239
33316,0.009409953326770842
67518,0.098194643515014
76570,0.9793146696016438
5453,0.9917105550414219
105472,0.7983630984536341
9,0.961873358502164
65582,0.8170520065207028
104768,0.06927886882077602
44236,0.5369649768818189
30578,0.804065692221648
28938,0.982145021455909
38579,0.9999937257895831
95781,0.4593324972901301
44215,0.8933922065447866
41530,0.8196086360616619
5456,0.46186633846849817
75529,0.9845899727304908
82386,0.9837567741854291
54766,0.10348452323917329
2689,0.8324247628672512
90046,0.18663019632618982
72503,0.37223418296025435
96582,0.9989883608718942
37143,0.45189271124466407
49719,0.1426951019434397
11305,0.9988191310875066
38853,0.9799954481833454
30018,0.022139586965676587
89997,0.7849967811448798
76441,0.99999995270423
63974,0.9993565489166978
5818,0.5535103376082475
93750,0.9347597623659227
103189,0.7205451934611783
16117,0.039486803283245026
101288,0.38870090549926495
78644,0.3285909859703874
85356,0.05674927708265871
6264,0.06345894042160624
7677,0.8531072504477222
62883,0.9859656148588294
78514,0.5938251119365072
73040,0.4961309854814831
31444,0.08486825742018039
17921,0.5659116778279857
58623,0.628391306002844
83516,0.8435252753123178
15353,0.9976356089189499
100110,0.6010597828726817
19879,0.056687443259522255
81914,0.7236424892451183
54921,0.9469028036916515
11156,0.6360387885547939
47710,0.9516390760409958
75545,0.13086298816667014
86014,0.9535419411492708
15013,0.09140061758453771
7602,0.41899756108020725
9536,0.9385431801625674
9037,0.8770103864440025
67680,0.15899871145522926
40930,0.8627691927443967
22323,0.24885310936284194
26556,0.9990846770987796
95977,0.9973119672352815
70938,0.9894121009038357
71118,0.943912628281246
65686,0.9030215756373903
13752,0.06035846546260692
74760,0.5607842099235381
4314,0.062194157350939444
59908,0.6321873973073595
43180,0.219946075959565
36161,0.8568264058217071
77291,0.10469195914277135
74333,0.05571837824234765
32013,0.3886892648437039
50705,0.6008156202821029
82354,0.42042650205342447
60823,0.6835085739135269
81132,0.617973984995141
49721,0.6775344525605804
81135,0.12482899168914297
68556,0.1708573440851085
51109,0.9982754476638914
29436,0.7012533510199721
70014,0.9962996583018595
89999,0.999998073810416
55129,0.9837937741996269
57625,0.05564609479194861
72056,0.40137220393592915
30958,0.8235345489373433
28837,0.9413288292139427
78812,0.05509270019509295
69050,0.368615171731127
78026,0.5928198246849242
74753,0.7044089488058912
84865,0.45626324188227024
10850,0.14450754115138392
103364,0.95532026817124
20843,0.7661449964365301
95753,0.013615043380541078
49437,0.14847398472169787
96961,0.996590658067866
96265,0.9969851613098253
90957,0.2611778992691553
9510,0.4264434862487537
62612,0.41628678688262355
46685,0.25572674212754665
73471,0.6477574695869999
96293,0.4392711326361201
27856,0.1410891197513624
86010,0.9960196916437541
85800,0.7459718332910747
100478,0.003793821976659752
84480,0.02725933730909076
39977,0.05643258604246842
42904,0.23745989081493052
97388,0.9844122613389023
73786,0.9999997281709374
32342,0.9093568882936859
19969,0.11632156437603369
35477,0.5999350470159155
60115,0.7004201995719657
29585,0.9792594805766731
36206,0.20448089374890704
65018,0.09604049863676273
84906,0.31736895460463155
67728,0.9999999395946498
53915,0.012158654808375953
28542,0.9084725066555583
19447,0.16868941384060288
87416,0.08223032835207678
7078,0.09255344677985639
64687,0.9938089610857065
26446,0.9998921909690545
5907,0.1213986255239849
69202,0.9959925454155966
67936,0.0042153289083569166
94444,0.8343667978350129
52945,0.42213515338096264
33725,0.9829168283936768
17587,0.6827735188381774
41915,0.5835612868652005
73767,0.505538749868667
15216,0.5540142760041347
106363,0.00021496756748341043
101703,0.04643632638600934
75411,0.8018312979617703
57804,0.951916731901109
25148,0.9887059010713783
9571,0.09538893707981122
57022,0.19400597263468905
99972,0.5107447823794522
51158,0.6456580165039452
35954,0.771800358429926
97826,0.6081292962042878
99843,0.3411505624398704
90377,0.9952476534654028
63783,0.9219524244608391
88725,0.4372242692094144
104039,0.7744400802674416
31961,0.37881795197047796
104009,0.865792181539455
47318,0.55771160490476
86974,0.48621186099504193
9421,0.8955999512308885
84516,0.4171868581531325
44731,0.5510499350577204
76057,0.3099057871916228
87073,0.0798997304867578
43289,0.5865225188154546
100878,0.976010732204577
4386,0.7893645246310974
38237,0.772114834263284
75202,0.8195087447228071
101400,0.7150455958750898
107136,0.26105005459821895
30179,0.9749620425494356
36766,0.999935888795329
56597,0.9790940997041043
37426,0.8258804505390762
67271,0.9032391942883227
37507,0.44244111215652326
33863,0.9959485791062701
102791,0.8856646353860174
61814,0.389009379264799
66968,0.18610080785083893
15746,0.9981660577112039
69405,0.7221389267860765
81775,0.8299343717868873
10874,0.8208489622325617
80486,0.003406687424702448
80102,0.9974041554399297
31570,0.9965306358221961
58348,0.16435632192390548
93731,0.8238704203418052
87697,0.7153956067246934
71238,0.9999549109410335
19955,0.9719655316598218
63568,0.7741104696044472
29279,0.07431010178576805
63613,0.16536236953315275
50050,0.9444755536831501
49381,0.899408530202508
42724,0.6695887925412503
3748,0.09933927668743003
103567,0.6122498136920895
14418,0.9999999983300031
92431,0.20556612331889035
89830,0.02326050612220144
69665,0.385348532439668
82270,0.999997560198803
28942,0.9958327648402873
52103,0.9633013185577348
49028,0.12352651919058738
73933,0.6498331857264932
50783,0.046278487018753964
78350,0.8860095721309396
4902,0.9959010299328288
53013,0.762686354581858
76554,0.9996790050699262
23980,0.5601595264801971
41145,0.42430883564042987
42225,0.917316638572178
89264,0.5564498295736502
62543,0.17231754196245969
64809,0.3117939075061905
11702,0.9986930835894717
55003,0.2957949535400961
94451,0.5356775267709186
56327,0.8165779521572392
81325,0.8663518474748239
39310,0.9757250862198322
58708,0.9774949974373539
97817,0.9758347143652302
53379,0.8113640430664695
79932,0.7657161401100654
63512,0.7128271258588408
20779,0.8342407642745763
95212,0.7846857045209987
59462,0.879617819792014
87290,0.9577934124589812
11427,0.002665916939751651
62734,0.9766178585995523
32888,0.17623807071297426
28020,0.997050867601133
107166,0.0010623488940329415
34403,0.5580265357797696
39879,0.9944690552448449
42599,0.6960250107603009
65668,0.9868443511940262
70872,0.043966878424003424
58351,0.004430593581543615
57847,0.9961734713279997
24231,0.771095700684006
73322,0.05606407660490577
87567,0.6554599809753545
83106,0.4784906698357402
62857,0.9999990871204052
6190,0.22829966062750306
76216,0.9968580359197422
68017,0.4188941930868894
87105,0.10809199012108561
106867,0.4396970614426819
55927,0.3725771649758691
103438,0.9998561825640025
51124,0.08904679792841552
12368,0.0796856392246647
86766,0.8856780001019448
105444,0.2911159812743054
87040,0.9845232147147011
22916,0.9999999993636074
50027,0.29885285324129607
81159,0.09372260301834084
58672,0.933222391564566
30619,0.3534954207218203
33627,0.9999985961664207
50283,0.4199186997178661
52216,0.4340020675126018
59067,0.3605871588307121
14396,0.060793415605153465
11892,0.1806148320421262
16812,0.46838353870201477
5522,0.05540140736478316
1553,0.9999989718028843
68393,0.6668718249673999
56743,0.9259333612082583
96945,0.8602646719693895
46038,0.9714806682639768
57272,0.03742614556850308
90756,0.9397989092509192
52367,0.6052874207047515
106160,0.9999961922784635
90017,0.7415858170500594
3398,0.0482152955191389
9373,0.9077298285953899
105247,0.04972963730915388
90087,0.9948184368448767
69444,0.1700675442561032
17257,0.9991990419256987
35505,0.5560132746446453
81005,0.9875921098876541
44186,0.01087736558640994
13463,0.08770811081654734
46564,0.5756529758458978
79444,0.13382209401439216
99670,0.22244601838081068
11219,0.45215910960792177
57773,0.14314654891049677
8456,0.07609176248961473
68047,0.724330917120156
36885,0.2208429249631788
85280,0.051205319634450436
35496,0.9408665402589386
8287,0.8322671994245474
99197,0.05938303213183553
84028,0.21770384869211157
57813,0.07153817019068552
24111,0.07949781897790004
32341,0.99999854636894
11617,0.993898436182758
51488,0.9994233724839784
54632,0.7659129581340689
92675,0.210362340606503
25288,0.17359630714081903
60316,0.9802914712079274
74303,0.11370002423374642
100457,0.9992484557382125
39057,0.05787387980582212
106818,0.6057813476765912
87856,0.9971985841063921
48380,0.03908597880540416
88962,0.99999969907123
30684,0.08109620462928807
34006,0.966626294582778
39375,0.8122705376010322
38271,0.9726426516983079
103594,0.5798189457311858
65919,0.7598997504008719
32465,0.163935702370756
95680,0.7426360493328799
21927,0.9349144928450411
82834,0.8693279577395071
86607,0.6368191527186161
23273,0.5649314645368163
86094,0.049316680857765784
39379,0.8120206151886424
59333,0.10821781643715
89309,0.9700885770831333
36521,0.12317483632506188
20234,0.36650692383466454
42743,0.20501179383150314
50713,0.3278488664665611
50917,0.8505536426793746
56471,0.5573199094593435
50938,0.9867293426742761
98079,0.6838340690144942
45607,0.8616511947275108
99068,0.9921843955434507
32866,0.9988407991550153
86916,0.12953300320576955
21587,0.7133232128983943
92191,0.9999294280173027
103849,0.04739681645196313
38587,0.4540561583750708
72196,0.4867816477242978
6939,0.01108420624547272
27786,0.5256544729921993
34537,0.09328040085325129
58057,0.7791315337615956
70154,0.22234852524228454
91928,0.7483004037106342
40528,0.8382471019983291
12496,0.7370657534339307
24646,0.9999999909610583
11256,0.9999777847819734
21388,0.5882199205415638
85853,0.9993670709547499
44259,0.1956293992996193
36591,0.8086228026216226
59439,0.34701178777473424
74647,0.9984055662739325
4875,0.6833406268991394
6490,0.14011647297245677
28346,0.9078611499548266
651,0.8618124448760004
1618,0.9931089757218325
13410,0.9968713434264805
106091,0.2377783757518825
57915,0.5214971196772389
28113,0.14695607188598397
71395,0.1999662309324709
96316,0.07720642826903056
13993,0.36438932868304375
49317,0.9776328832152292
45502,0.2608460890723602
93262,0.9947545160180652
17644,0.7850043570471277
52028,0.09207880333591167
103808,0.5345747272957269
20253,0.1657989947744145
22006,0.9999956037430708
80743,0.6975316809608139
93485,0.1495283587335411
44777,0.38059497612473964
6100,0.5125678201032283
79220,0.9990308820425826
56337,0.9734613573504782
11203,0.7508893601904518
21197,0.7895179412616908
84879,0.8488805368340746
27735,0.8624154210725865
40048,0.9878578004815407
21142,0.392726242993332
17502,0.9999997859076613
74085,0.14753883652401106
104674,0.04498759225364236
43454,0.9982702180916229
55533,0.9261990193629437
10115,0.9812540949818448
4005,0.23767745322627937
38690,0.5664270013156757
76350,0.009559181515002523
33946,0.9984123587182103
88651,0.8472954781947244
6441,0.051856425321848004
29013,0.13119033016220089
58126,0.5530377060020873
1579,0.9323332572115127
45737,0.9852066786831897
20715,0.9739526515050858
35446,0.21440121854538258
24700,0.2571865677018016
40662,0.010168576928666172
2825,0.4790431891790838
70461,0.7995442955024263
24568,0.6096629537993535
90464,0.4859669113851139
28517,0.14866943517004827
1466,0.362458446982745
17097,0.9236403367554563
30017,0.7692865924545289
55539,0.9990513314412435
59782,0.6586120515664546
71033,0.12612426225608847
64496,0.1858501047264674
40937,0.01958389991038498
94343,0.749055071174792
10785,0.9515244456171192
57477,0.11336632654020157
88509,0.7974866766749144
13448,0.9998610508037747
28448,0.5202227171862959
15736,0.015024926586383136
93766,0.021112076800309045
28790,0.5995543567315098
104620,0.9897910290935892
102286,0.8592140395455112
40916,0.28427079689997514
27594,0.9925669040642823
52570,0.414416986020929
57700,0.4128418224033582
56086,0.08919883140014268
15381,0.043999348487249415
46128,0.5115639132428694
76957,0.05692170252448774
27584,0.2641331062657416
47349,0.9963918630074301
13242,0.7470813797977687
21958,0.9774880448227863
82887,0.9817583367252648
106452,0.6171617730720861
8805,0.46204153047648217
39780,0.9422697094723815
98329,0.9645377013866689
50527,0.9992221245182226
82425,0.4388313863261998
23328,0.5530324207922581
43312,0.9994763749326697
62595,0.26138416937990977
85134,0.5538920178566071
47366,0.999999613459808
23299,0.9987761989320033
106554,0.8285371968527062
30402,0.5470258400325708
82605,0.8155492663713855
91467,0.4311984311586017
87186,0.018943779508026944
16903,0.06040904407078355
1913,0.011761502169658742
24210,0.9985955739215591
72558,0.31033155164576337
63823,0.9993151550197801
37579,0.9766712629951905
23677,0.28133199207633974
43647,0.9999999999871287
74682,0.9999999999919703
61036,0.9840889595692528
68754,0.04971493679622951
4629,0.026849435981179483
45675,0.1671723749819849
87890,0.9821192728674037
69007,0.14195271464269865
107046,0.9377502956690889
57177,0.8361312101794178
58179,0.9999999999998684
59861,0.13152723664186183
52378,0.9796532152778863
77012,0.9295532943839863
36232,0.2536911255757468
68330,0.8535129554082406
12004,0.08426937849962424
11504,0.798120533405823
45682,0.7118250076266998
23369,0.7817690224197447
9711,0.9962272364180356
87557,0.982394383352736
42759,0.10038913279378814
1961,0.9904774962749585
79192,0.23908950963609876
65297,0.5873727437683554
90391,0.18346104480867403
31179,0.9871501604369329
85934,0.9398162916577938
2233,0.6110310005079717
104465,0.5345029417605593
97156,0.05526327426905069
21082,0.35530071146397846
43222,0.8429784923462382
101903,0.9908532882696115
91631,0.9999974403312768
104772,0.9525298999622286
69306,0.8653264859617167
2246,0.19986588377674752
55523,0.8827548353118919
35636,0.27368043425209754
58346,0.11924606065884841
97733,0.5474159375360959
54318,0.9707371582810812
10406,0.9827972457468009
73686,0.10123644228935419
23697,0.9980267157747763
28920,0.9774744405279593
74967,0.5624675454609294
22282,0.12665788254028532
46359,0.177304902167363
100017,0.13655494369349763
66476,0.9929693528944232
95495,0.999789507479353
39500,0.6030771028126488
13256,0.8544889031681187
87733,0.9997534400153858
50150,0.3162058015226505
101746,0.33798407843529377
43926,0.9867649112289233
62829,0.9929744350328216
16572,0.9986578751814248
19011,0.9985534062314787
34704,0.23742304852269236
52519,0.941902608934894
29435,0.7501326773406186
14187,0.4908090573235756
25743,0.2264449044411026
21024,0.49688694414684886
91627,0.09074384499911609
24278,0.7388752925174754
51417,0.9999568235847263
59575,0.9033849512227723
38791,0.17913015835631435
43295,0.8115336899538181
76291,0.3138436958997196
61760,0.7626135696055609
3559,0.05541217150775376
59749,0.9899748587748323
8520,0.9999829558097106
99593,0.9548650144356419
19907,0.9876745679599339
55802,0.8399929123828073
49581,0.0051165414903968235
63636,0.18541763810539968
68309,0.9999999280088026
32757,0.40791262364060005
69987,0.9999885585672846
40061,0.04920716361585738
56151,0.893779018976308
104281,0.007508038135535548
37146,0.05746318162939597
52784,0.9999999843121664
22973,0.7650552555410082
52110,0.9996678628080865
48457,0.4244632168689576
83878,0.059739115435802084
41602,0.9981441569357149
12922,0.5954558365241496
106228,0.9938450248242089
32284,0.04680101217721138
71166,0.008122124099865947
61893,0.5983906618904277
82610,0.8180421807452208
9468,0.9966400139482029
7366,0.6230163056514783
130,0.22528397638675624
93873,0.9159395553483702
104680,0.6723761552439635
13871,0.8311059866420768
92467,0.6314852974188876
43810,0.9883455179326114
88262,0.9999939612988153
78513,0.6385605358785081
33147,0.9999937154008918
39542,0.9999941039674004
86068,0.9999999997068605
17818,0.8330688515408455
49539,0.8606120462377425
80464,0.09978127221033606
4168,0.5488613510195876
43550,0.6338634351009045
24085,0.9719523953602762
102374,0.9966736526159787
23041,0.06930154672604122
73095,0.019635871109302976
74551,0.06265367337637415
58922,0.2172753575828123
54757,0.6297542704321271
86390,0.6697581890116716
49045,0.49789099928551034
63062,0.9541502279593447
45963,0.9999999999765753
3268,0.03535858692136392
94045,0.5061283396584076
93471,0.9980922391002888
47014,0.9023207129814463
25463,0.6338980174073783
59914,0.9872736713325022
70929,0.5500480252664713
105229,0.49495323985196327
55727,0.9977102903835539
68877,0.45356346080675836
36240,0.9995858584891527
12342,0.9962403843804181
45781,0.584550544470376
64221,0.7109624712353766
25152,0.5952011206693516
19946,0.9365791489028213
35848,0.9762244060150478
50988,0.09375887442887587
81228,0.901663973058057
70634,0.99999452132857
62087,0.44212645178983906
83705,0.9991918823919845
28135,0.9813083618691967
72269,0.9758133899408334
57765,0.9752404134382068
48237,0.9618200590155851
60935,0.3355174935194868
96395,0.9929804687716499
17552,0.680047941328546
6012,0.36077429232606884
32339,0.5392212769278495
100348,0.9889081596938699
18042,0.9584181932175219
96315,0.9918001433392081
29764,0.15046404927192736
23929,0.996949231582311
77311,0.9901606242391872
70607,0.3153930566733383
30780,0.9570631751353258
80346,0.585162719634172
98674,0.012386901787383631
81392,0.9816427036473612
97354,0.21991907842230796
81018,0.1376169114893414
67914,0.043121884793917285
73740,0.9999999333989846
17349,0.10594008414861616
92248,0.6857614518805346
7410,0.9999975256438278
38801,0.08084823116250611
2980,0.39296428099725783
8343,0.9929165548430289
4978,0.05592097266077809
17304,0.9464641028364967
97200,0.11238067028350757
29661,0.40757347052206033
90326,0.15170915946100116
46507,0.2208417752918133
29043,0.19786837399674762
10362,0.010466267892618012
98378,0.7180466067963791
106758,0.5774628268884648
51017,0.9702374574141358
79812,0.9926287032806854
13356,0.9583884696701
55569,0.9953188920716188
65657,0.9998382022954273
51044,0.6599416637717688
66567,0.977655739815889
46552,0.9992267084614153
46891,0.9905340207186226
63607,0.020496323418057703
38370,0.7102853714512097
57361,0.999349829999071
36803,0.5346373351376865
39652,0.7074960605611754
98980,0.7488367070453333
39367,0.999978346191287
42936,0.9343634410628961
103002,0.5603155028251365
53733,0.11372449323523254
64932,0.0024592498928074544
14694,0.007830080072553218
22051,0.7037581667970119
86459,0.9856726722814029
6391,0.16730722493534272
66928,0.05353884390511182
49982,0.9999999997878204
100643,0.0003503676520458398
56457,0.3624898061733208
30800,0.5013448520591205
33516,0.9720328197588846
10149,0.02702261662021012
59814,0.28055132635560154
95253,0.13132470117485756
53569,0.749457935000906
98810,0.062359904533628316
37667,0.9130339134338067
28177,0.8464100603376211
38991,0.34006034562012455
16662,0.7726394193899595
84074,0.8958380716993827
74835,0.08014640896876857
64707,0.04181938514654711
92839,0.061189747379402894
7848,0.09412500025091658
14932,0.9804630775317068
95426,0.9998229966289924
10705,0.9941931428779457
36497,0.9999999895434759
45194,0.2657272061261189
91760,0.5981310007456364
42730,0.9572199601799654
73723,0.8468138916457445
106197,0.4786833717138855
68082,0.18483758912590792
18144,0.9999453123856592
80046,0.5606468942678915
11278,0.5455337102443982
80340,0.24220031168675543
13789,0.9999960907597981
70923,0.9999951167467354
102287,0.8748807217290033
91972,0.306819317334834
34636,0.09835619835318643
15424,0.1001370744192987
27169,0.9433113887622828
44400,0.5933015184543522
61822,0.5582749265623519
72751,0.9994104586739011
13516,0.8449627376111383
106505,0.9628478996631588
76387,0.321287024868553
15239,0.9876231601515585
103844,0.9079117848941454
53314,0.9597927529608283
39223,0.013700153576858118
9030,0.9999999999653787
14079,0.7784118284904933
105615,0.5107561311541677
12812,0.0041353285957323625
75439,0.20924700919143424
39088,0.9824767306914578
43363,0.03709217916130396
32020,0.06631939410815507
64754,0.9999999999993531
3089,0.890386167962713
23362,0.10156745133870398
84010,0.9702979135020692
28153,0.3191273142956696
38509,0.21983381045863803
11368,0.9948664898608858
38142,0.08536460723392436
97444,0.5587478836680081
41034,0.020491479772159062
8873,0.4936536378817309
30735,0.3537338898369302
61272,0.8977191326335601
56414,0.9285036648469474
89014,0.9999388471283122
24736,0.39488589938684615
36720,0.9998935371756145
83888,0.796980934661272
55059,0.9606355863654822
50353,0.07053551887994147
1263,0.8635134429930323
9747,0.06636303664249112
100121,0.5062464909124236
101541,0.7626357084383204
107110,0.6947763667659812
13870,0.048498996081464324
53841,0.09725661547968728
99366,0.6296490101061982
97714,0.9864894008270549
105818,0.4650917699232423
50824,0.9976922193652646
79245,0.37187147675340215
20566,0.8703052029478886
31568,0.9984453116623028
61681,0.08320807615976133
61035,0.9982366270122855
82910,0.013004134225657472
104534,0.9986177389206952
30508,0.9277398846916884
36852,0.9929456245092956
78740,0.9990642963778033
93787,0.26656462583541607
99385,0.2712012728579596
8541,0.06841443385571551
40986,0.9865709160892585
59356,0.9830954701289434
24418,0.5400663611510105
73614,0.6950517225690872
27415,0.6262034447985301
11105,0.03883380279147134
38620,0.9833547708929078
73791,0.04370553943472146
84218,0.5538835769309567
57917,0.7151018444814028
26115,0.9998768147064874
39220,0.9746063547308523
86510,0.7155856871798989
2620,0.6047887107419667
80769,0.11318040729382589
63158,0.8837218421431741
68262,0.760981601260952
75959,0.2902091441934933
11908,0.9998663992467344
82650,0.0036012953902745514
67201,0.7775363805337348
38281,0.9999999999999974
94080,0.6806234137746112
26958,0.07556625442548949
12229,0.08575583662445524
7322,0.09231667850197689
101820,0.9186639881601129
58402,0.774518802667244
53298,0.9775732136669262
55864,0.105394702730988
80201,0.3208392106700848
27368,0.5964289990891176
51937,0.7447492583655859
75944,0.3014916227897578
17981,0.44145198354187426
36458,0.885780756022887
19330,0.9919871814037818
70747,0.1009900609764991
52093,0.12195001725567534
48248,0.4666290162313243
30444,0.277362012001645
100114,0.9999999999989979
75809,0.9992326216501662
83567,0.4054178762907553
22666,0.8685596378503773
49879,0.022870757952730993
63185,0.9955323233208148
71537,0.09299210941593766
84881,0.9988884614294429
11039,0.8976998202097691
2226,0.8821414110110117
9498,0.9945664141294474
103461,0.9385842773336616
8026,0.9990757700426759
67743,0.2963254347766019
80470,0.34677319473530754
3702,0.8528554976781606
60275,0.6036320259842374
32622,0.7069436054578184
30739,0.43643590780480257
87448,0.9916817620487245
98899,0.9418311701034477
89514,0.017749713657999797
10765,0.9988981110728288
76915,0.665459314304566
22471,0.01017911729770569
104758,0.5862333057880563
106834,0.9985064372482624
21256,0.6342644287769689
72448,0.9885616182717817
76560,0.999972500104211
72417,0.33187754655445323
76712,0.3249603732936205
81087,0.9986114601149328
106580,0.9626742255046347
29575,0.0057337723784968
93875,0.05568686062354301
57554,0.12184522905575146
60491,0.5139381951956858
93238,0.9999992078636347
3821,0.26940136524559954
28650,0.0019291351892856867
66585,0.6788363527773181
3771,0.1728482516245794
21931,0.16103736026226667
6465,0.6043778612301541
12104,0.28771756101376306
100297,0.8091424682316051
12303,0.9986470599585956
63834,0.9999999667339942
72813,0.6843921378743119
24228,0.1040315175534528
62072,0.564137898354014
87548,0.11524413469092293
34142,0.13480365945490175
102479,0.5753340898283293
81878,0.41755653489489986
5322,0.08342405014716497
8225,0.9923830042938545
87700,0.6564544439420977
34160,0.9990880957934999
84726,0.876835995965846
18698,0.8395835589006628
21961,0.10444014090933423
98296,0.6044516190704646
35011,0.271729948128991
72197,0.9997445394057881
52751,0.14737297509084807
2665,0.008299813723418517
13552,0.1191696084908101
74433,0.01699544881538153
55838,0.029358292630694904
3623,0.2525469141953637
18897,0.9336054230921291
97971,0.9824014972105513
54183,0.9767581309084149
36709,0.8389784410275484
45328,0.9978872389448369
45544,0.7130297145509291
88069,0.9992526367737551
38880,0.9999593395828926
29390,0.4242270730485832
17213,0.8410138969878106
103211,0.33379610669894433
103784,0.4669271010605099
21672,0.5328597569775073
12667,0.10914242759895332
42330,0.3898009682936262
64762,0.998887425203875
38996,0.6365060570285773
81858,0.602895406911653
63013,0.4230444417576422
97541,0.8294918819235639
94335,0.5390430845569265
27705,0.7583325452418881
27775,0.33499670316868685
90297,0.9939053451734776
17894,0.4514641805347132
89326,0.964216815234231
14532,0.35710160587553125
29304,0.04613160225497836
60991,0.7768341949883202
26862,0.9978525242935713
36231,0.7867893170046094
68918,0.5110668307175904
87020,0.8427181822681431
68071,0.45490161728059186
74517,0.9837608727593091
68399,0.9955656879113702
4125,0.035051728587149146
87538,0.7826486576247988
90505,0.8690873510522352
26154,0.1169749320704207
94063,0.21519120309427603
4801,0.180110798198389
79421,0.5082266483529184
22506,0.3355136259585419
90383,0.8307796674977679
31996,0.035862677513825894
94098,0.05403755421097305
23918,0.14282864898781472
14872,0.9998036814390442
52194,0.45581029088719555
79112,0.7287221639446992
79767,0.8868853516553099
88807,0.9998588432994893
80213,0.9993103826300365
97386,0.5792265722303752
18855,0.34114278842224144
14420,0.9941179503528544
20050,0.06120848168244068
12401,0.0902836698897469
78505,0.9998248506542187
39219,0.4661085805359399
23939,0.9999998672851275
16295,0.6419783871429321
38830,0.8857591783617296
63612,0.24389070807057578
13290,0.9978369814073327
53494,0.3008260301474901
5746,0.9999546585043377
30513,0.17362020048875032
96344,0.9686101851217004
76550,0.7555671845440037
15269,0.9997169674224079
47320,0.9999443321100573
51950,0.11832433007806054
9128,0.8036850135773446
34285,0.9691152278333819
93842,0.0019576568524004964
8487,0.6410792964885124
98151,0.0326146322012143
5934,0.05855002812028594
68794,0.9336239062042176
11126,0.9671313259167011
77657,0.13211190929581873
470,0.9959392269176436
29040,0.949275836289229
92265,0.3301363943904655
29171,0.8588828982268573
53105,0.4467105769192172
22797,0.9883452710795003
100238,0.7992143633418214
76873,0.2337296912492512
51495,0.12610199012566164
60063,0.26070605312700024
97666,0.9978250388264844
71208,0.4918443684467559
25864,0.9980432695295633
37431,0.9985517023575823
52917,0.5962052904596268
97589,0.4058186420982498
33482,0.9946690137977784
20425,0.996438568629949
66723,0.8880252182572859
38765,0.8258510126286438
34844,0.8926390607656304
23794,0.7266542255578644
71459,0.6778764705874838
104091,0.9144711378226429
891,0.2694944098565879
72288,0.94979921019028
42364,0.9967429086741669
30967,0.9761367749041012
16582,0.16267104561057177
42961,0.01117643926859443
22874,0.5058889234634965
64063,0.6073796495453712
89992,0.9477074154013473
37817,0.32153612461586056
21008,0.5605017618440766
65846,0.9268583393322398
30491,0.9999505206640664
10225,0.7996684267345036
946,0.03444072207552435
57835,0.3569957987256913
68530,0.9358013258596498
89954,0.09272307930458729
55861,0.34181049494461735
26313,0.08621393113618364
79078,0.7126389544431476
45288,0.9547396802377125
41449,0.11652963658676324
105992,0.003680158266590301
22657,0.33448045083578404
59879,0.03472066873557076
61469,0.1489425025766733
34052,0.9967570988267416
75633,0.9752854937497066
99091,0.7495488904413293
25249,0.935862889876068
89585,0.6930309308605259
25639,0.7200193845866976
47314,0.4889400513443116
27762,0.8307622520466846
52628,0.999547270531626
84293,0.9838908210559822
68901,0.5989121697053281
90319,0.9265676010859952
55559,0.11049008198070104
16705,0.08826317063051303
79054,0.05561867646259167
8171,0.7969994554215805
59206,0.13418126871819713
52753,0.010909194196024485
99521,0.9998943577778607
59828,0.7825809488408366
66975,0.9089363903497012
33055,0.7418712978717394
11361,0.5905195164241988
10272,0.01895401195723008
15838,0.22882609415024918
52127,0.764611289166888
17172,0.32066139525754045
61054,0.6928115312362066
92688,0.00795045731771029
25633,0.9999860448633909
13746,0.9750374073502556
49271,0.8068262649226112
74219,0.9567157090194007
95641,0.4777127697678594
31442,0.0447653160934819
61505,0.9999996096126307
4848,0.05398469053076001
35411,0.02548880857290637
41728,0.04505097019904811
11289,0.8193912493133914
54303,0.3472114339376934
87207,0.999999998575346
50770,0.9999999998926836
19455,0.8377130432083364
79660,0.998605912836939
45640,0.7584984025399799
19680,0.0997416124179864
80064,0.19180156734173365
45921,0.8170123139359378
102330,0.9543010865298241
104779,0.9571888399605225
41647,0.6694846043871208
62255,0.999381308523332
69850,0.9959716478859497
59083,0.9999999999969806
29617,0.29486472243490924
68036,0.01639882057335604
34081,0.9827407101589337
7571,0.0382243211279178
27687,0.6379136800964247
9248,0.13750333774365237
70304,0.9753870715806036
68494,0.9999993225548407
34488,0.7799112996205402
91948,0.05834705512746907
83596,0.8943081321583406
6539,0.9720631453162826
50333,0.056549402451095285
103218,0.8832949991453676
10795,0.13118812232584165
64519,0.7705129771820884
55023,0.09618500824730458
79698,0.8830635194539053
12137,0.6436390240490126
26981,0.9391462162076541
16418,0.2719451179760741
19562,0.5025392009769278
54980,0.41357777137604584
8983,0.9943160624096553
44060,0.19158094600639503
40837,0.36939333569592525
50598,0.8328091516586177
96359,0.9652950221703676
106537,0.9999134579149248
25890,0.6881341925671156
82625,0.9999423182475453
6701,0.07713491221789619
8350,0.9749054060850341
82763,0.07651246182669304
101464,0.9917212948197993
21356,0.6417103163042839
39215,0.09684607713157978
67377,0.6205989833259357
28181,0.9999775756336672
41563,0.9678422131947096
26345,0.7447522456749652
16648,0.14039236039780723
31584,0.9987838672073588
1960,0.48036837368569596
9044,0.9731476794924288
91655,0.9976013420476215
46682,0.5624528662261219
50998,0.784372953817454
67563,0.9579016933962395
21973,0.8453179138193541
66386,0.5884255496523529
67164,0.5558043899903435
48558,0.9998178084859386
12620,0.040510168635970366
64680,0.500484032433327
63616,0.9594968574565033
107035,0.9648950153089552
59071,0.5670418377585625
102880,0.8100035621560459
35126,0.05256223025884399
41487,0.7432673004929338
31091,0.20002767201655536
59940,0.9966245612875829
46433,0.9453702442448499
31705,0.9373901464160294
80481,0.3038646133746662
12116,0.0010097924272435437
35783,0.9920815962717626
2593,0.025404320373567168
47474,0.9998471529956198
52930,0.7166244439117644
44350,0.07644042493735585
77265,0.9451302902781308
55073,0.6373461297706167
41302,0.05223402634236564
94253,0.9700852028256212
21658,0.14384198361897693
38103,0.934820510309978
73971,0.01482707935127428
39871,0.9999999999935876
78320,0.6069060330283567
11438,0.4756514298467432
59470,0.9999034467961854
55759,0.9993817469361466
104592,0.35933465201633574
96295,2.2729957934849584e-07
56214,0.5204276159407734
89317,0.8957982398640831
99372,0.23308177095139138
47947,0.02693411184454033
92170,0.46904881440327695
1522,0.013532620658257999
49519,0.9999863931801929
83847,0.278087200511778
25956,0.6592272357881099
54284,0.6498246070915428
75756,0.35766337805146065
46005,0.5283408256021448
95327,0.5955001780000638
67211,0.9907163826464143
57848,0.3117371283934494
62669,0.9999991749023631
103424,0.7022716991466056
6568,0.7719831764038024
20985,0.9744530208296236
2606,0.6674073810905424
51468,0.022721531655196713
58979,0.9813345906140044
44348,0.07467112676562677
97129,0.8709016031017658
106323,0.8346018155978222
83866,0.9385145542446365
59690,0.7508625897601238
77224,0.9998412577205911
55814,0.07296109102092223
423,0.999999998435508
51386,0.9350389392530911
54584,0.9279260854951593
20650,0.9565347703539517
67619,0.1265761724137099
80649,0.6373090640517518
98240,0.9999666722733205
51543,0.8742388850558616
3995,0.7672951309856405
68167,0.9559530929929544
6440,0.9983823683556491
42990,0.6980523091091035
27893,0.7892614300894281
292,0.3434915541556712
60869,0.9994329170176497
83757,0.5335003094801628
71190,0.80820845392179
43134,0.13792063932130677
26387,0.9996380002266018
41140,0.24172844642732455
41330,0.3161204960246513
59444,0.6691409863424875
30220,0.36247192483968504
57850,0.9010307508050207
68720,0.27229543204874995
83784,0.5330786128882941
75058,0.5116462140297843
9990,0.4525856945512581
70601,0.7020022091254252
496,0.9158374847409023
4219,0.9359665350088882
20921,0.7512600752469958
63436,0.991878183068293
102995,0.9142116669920153
46697,0.9661524738527879
105445,0.7138958142109391
17416,0.8227029523633365
100999,0.9648531187233184
89296,0.4563887647685504
74224,0.08490024205323454
88876,0.24227234604858466
76981,0.9978832397789766
16408,0.08213197757010615
54241,0.910028910329759
12554,0.8935883332779684
90727,0.5934200959819831
28056,0.7577103885624555
5562,0.9999828419713551
80195,0.9868028717931907
87069,0.9989072659691346
43216,0.2509544563110335
79579,0.09420332965839845
9937,0.0747279384446632
42856,0.9913168086600976
56247,0.004199580096346853
89203,0.9999999987146976
75302,0.24989050043386457
9324,0.03597387309981544
88477,0.9988587913741654
65720,0.8211566965218052
83822,0.8598914382417069
106308,0.38019846286189685
88320,0.07842747776359862
3472,0.9931985602768303
43027,0.6526549276819574
77392,0.9326528757892247
41026,0.37629064782422933
34970,0.2977195441902073
85811,0.9556827219387078
51037,0.8198407724053067
39911,0.5564530546018452
54621,0.2385376962644185
63702,0.09167078683799834
88917,0.9999057416049408
15936,0.9999999992849006
68562,0.744964125641576
82320,0.8974948985827793
95565,0.9968329380686188
98754,0.25212349556656005
61204,0.9999269622762335
94434,0.29240897834069746
62405,0.9921093136630165
65452,0.9999999712502495
35549,0.15265195848190927
105446,0.9942967569400559
29245,0.2747924783534188
40566,0.9992624711296426
77668,0.2930924396918771
65167,0.7892231106189822
25913,0.8621935516859175
67005,0.8768276167858422
65537,0.9108579995471482
76894,0.1731608004362568
79304,0.8133655644261555
47879,0.9990639511673588
71762,0.7355801467980301
94313,0.8772236236752812
23432,0.7026608027874605
96020,0.2589587967371958
95380,0.9636096927632425
76613,0.5562421369562242
90665,0.9845384192817124
77768,0.9975619076106294
83357,0.5770533996237881
70714,0.3686129352395323
89872,0.9999993914938573
41797,0.505721059103338
13868,0.056948808158096505
106550,0.6178668475505222
39844,0.043233929848475273
42075,0.999588380959589
62095,0.8737354986562363
70425,0.3292817504506168
78138,0.9981735867684797
25349,0.9834074847672859
86030,0.01260111142078357
11281,0.9999885100856265
92556,0.9999999999999988
32183,0.5209217215774673
95511,0.9558513538550103
14000,0.15230717792386372
8192,0.2667081578930849
46625,0.13249597357284193
80759,0.8181896579134991
53529,0.990520929952895
39661,0.9845751908748372
18735,0.11702918221628444
43096,0.9372972506529397
35406,0.19779180171254385
19563,0.9999532141488481
44955,0.12027182096417516
51195,0.809743918070533
104716,0.9990767313888624
78032,0.9266764327886232
54763,0.6929623772070879
54472,0.0547492324185708
63165,0.38211639813088494
59237,0.44737478072306514
80008,0.3525405705463437
41274,0.45712216382289844
69397,0.47503997171700807
58538,0.9807451612499719
12556,0.9580058277121377
22194,0.0035363436405923716
13877,0.9012842185029738
28486,0.20266488773437202
40470,0.3743878284085072
3803,0.9676949173004231
27605,0.9335189466781909
12596,0.5643933357349238
51958,0.665351367036353
100371,0.9138482018124843
35292,0.7425890826819341
106651,0.6438441081543255
67973,0.9878605160799313
24261,0.19546743362120617
42465,0.06552332548277318
13861,0.8634397085337994
15827,0.3259538125164352
96979,0.883306900101932
21464,0.22315815398576522
33217,0.6240723005201275
31921,0.6666391113268307
87306,0.11695458115249885
82440,0.6129407708545246
100467,0.045581804346673006
101153,0.851776477056412
59418,0.08994844778282896
34456,1.0
78306,0.020269636403374366
60321,0.844280576459338
106857,0.6462322901655069
35073,0.3980010457663985
61217,0.9796373150768665
40071,0.9998171050686192
82248,0.7102968120944051
74965,0.565468048032304
71583,0.5022456395401662
83997,0.1731080609185071
80322,0.1645760222849288
1386,0.998659048761405
30888,0.6143893911879624
46174,0.9999301523135085
68484,0.9691418567415869
17329,0.9889981069344697
93726,0.6726931910483875
14464,0.9843749135501119
67944,0.9476643103622785
95240,0.9952274242230177
43653,0.9240930309506068
74712,0.9951818175630796
89456,0.472200569839458
8122,0.8906222088744347
80123,0.05814344368768162
100955,0.8022461213775502
19190,0.3705078403840433
17483,0.0602591032364616
21509,0.8475203840678996
67611,0.6004866938756642
91018,0.9151985735121151
11502,0.9516943842334115
41634,0.6574548885269539
58647,0.9999308689368395
397,0.21983430440418483
94236,0.7035372802234198
34471,0.07401174824489415
95449,0.7984825386162921
45263,0.09854561830192271
1312,0.031907556094346895
1701,0.2663911626504668
10211,0.5636019416327054
19877,0.8455950429686935
10820,0.06134645148074133
48605,0.051784789416305495
105197,0.7869275261023266
101055,0.712129620455541
72026,0.9586491578261692
40241,0.5377351622728564
21775,0.9999823894547359
2675,0.9743530493244116
44002,0.7170102713393683
42988,0.08276298860605036
1719,0.08688970638838012
44005,0.9945733854427529
293,0.4013519733478008
67526,0.5552754076899384
20436,0.004382441486751792
47583,0.05869278770554613
54329,0.14466968297744592
44312,0.8550881918301925
46747,0.9976732495416991
42297,0.3036810892590435
36740,0.9999991502072081
15115,0.07365161450087457
54215,0.6883939934878398
50632,0.058276263264744735
67796,0.5878735150044196
24974,0.9994626639630042
17987,0.044063035683495164
57932,0.9951835751052613
58445,0.7322307609321254
71758,0.6767393938990112
27568,0.701515809176328
77343,0.2367996563063426
74960,0.07719999372972058
71199,0.5817246283957028
63696,0.9395351582944683
7032,0.5294978282921855
23824,0.4466025212631995
30498,0.9839277604396397
71626,0.9916909138108904
45937,0.9465510711523911
58185,0.9027403505827709
63250,0.056796948851220136
93821,0.598717549636266
75253,0.5722388939116744
105476,0.5815702882157986
94786,0.6107819842471165
64336,0.28899220477208865
71947,0.42379151625121914
92182,0.9331287465497764
20086,0.9847486308449173
76618,0.4833182621462545
14910,0.25006372603170507
37519,0.07611908180173078
18587,0.9768837572932823
72152,0.17718343714731366
104014,0.6534305047399749
40614,0.9999627058692973
88400,0.1288023141591258
31994,0.017674604089563766
87528,0.45067914680064136
63934,0.5278020987789607
49409,0.7053042281447615
774,0.9999469716705294
32495,0.9997807978243503
88382,0.7059047939235477
15155,0.9601866272294375
93745,0.9732949173201514
27703,0.5730491610547561
75787,0.9993701170377197
90254,0.8079352598405383
13614,0.821209575509446
28304,0.7345631720080122
41678,0.08234928870545022
98764,0.13741060189397397
82284,0.9978583524528138
31660,0.975927603767161
67449,0.5083437285494598
32695,0.20093153918545759
73704,0.9129591069992447
13185,0.9720947113552356
41481,0.9481752468721926
71990,0.9451612958209972
64342,0.3826834280614733
52716,0.20392136908679492
23590,0.9029090590585812
19738,0.7673141675671873
81722,0.010257941527156228
43441,0.005637336949119808
56076,0.17675003396719208
36062,0.0909923529391864
93470,0.05754778967459476
57631,0.9994434603390326
104065,0.24576001579858758
542,0.07752196052898958
22750,0.2676221423550255
65825,0.9748706211783255
63929,0.057562839830633594
71150,0.9862226378372162
82911,0.7545219737132421
65991,0.9894294536973378
17471,0.15528029884211564
96142,0.1391995536444144
20569,0.8923797037839902
38497,0.7579558780526008
2685,0.5552867529760054
38408,0.9852393198345542
100635,0.9999999958296878
29619,0.04688777946608376
63490,0.2753186980235902
83339,0.41039698984990663
36539,0.5860245822060939
79339,0.9993411537365404
72290,0.058006312179193206
3220,0.8955777151801492
81270,0.5425714435501638
35843,0.2696588818554726
44327,0.18381865213691262
30665,0.8010138682895329
1548,0.36910427218504466
75171,0.9881081686242729
99712,0.9999941276683438
33884,0.8529471000294881
65379,0.8025178356444245
62016,0.9956675213000795
35402,0.9912851179032778
42879,0.8819538373034062
74818,0.23541137140662605
12495,0.9960544810540544
20003,0.9062448369833194
22125,0.9723061160399331
70889,0.9911886001657405
2024,0.9982454990491799
95385,0.9999999292668026
80643,0.1435165112928775
86163,0.42702354906187096
67694,0.6771317720838896
26798,0.9999699151837883
81103,0.9997695493451927
19085,0.38293087410993387
4898,0.9623213945703134
6355,0.4347331940901241
14518,0.03342418295189802
14647,0.06823314243660042
42001,0.1671510084080176
77785,0.9584788275898876
35657,0.5395465375373807
56488,0.047990139497916126
21443,0.9209531350741746
84978,0.4545316720820712
89651,0.08384097528626006
79791,0.427801017914727
97990,0.9999998300332147
71970,0.46939474094948797
92259,0.5025552632376279
63637,0.9960012454467418
85746,0.05781029744201638
72226,0.9670321474106802
8706,0.597574600530178
53923,0.9521783881834216
21760,0.6751477349342802
52327,0.9994950285120323
13615,0.7760986093137201
3156,0.8965007188906683
17888,0.9997054662440141
27794,0.2294891015884295
17951,0.9999883725157662
106260,0.9351252369695764
86128,0.11724014463616644
78519,0.17150511992607315
103081,0.9725808637404602
8118,0.9949671042547488
83982,0.9948318483680048
29893,0.9987294875318452
49405,0.45788684199037705
52266,0.22606469917149274
36470,0.795403373792928
1846,0.3188058793848352
3349,0.9250086358775927
93690,0.8338659327952886
50314,0.011303237063607505
186,0.5620373437182672
65432,0.33468150712508493
37728,0.9166361666448428
19567,0.2206931428138299
30657,0.4534721713713143
82531,0.1282922313687862
22826,0.6725044758029567
22919,0.3322077030012468
87442,0.5986333852874534
104588,0.6568087087113534
64949,0.2687230171562369
63321,0.8125048859858158
44202,0.9918961346483157
85518,0.9999999388583873
70363,0.4069607109767863
38760,0.3108936009997981
99477,0.4630910513512927
41258,0.3393453986745684
88460,0.1602932235009834
49151,0.02754260045990518
96318,0.7233049613229763
15268,0.5963979032425445
39971,0.027359692271616432
68688,0.8175960991163731
106285,0.5708789054827446
3186,0.9998284215371784
39622,0.8983980329790024
77353,0.8013759197883841
88812,0.970849558014336
6527,0.10886708446669963
59187,0.5889534823243961
61590,0.4280706613391771
56408,0.31301625078121265
94523,0.9735114673878675
35641,0.9901907256361552
74177,0.986251755337318
103345,0.1744760188616863
43538,0.9998324318228887
28070,0.913069478237453
18799,0.9999999997907865
49071,0.004050278219633234
95746,0.9995272043826363
32734,0.5914896497843745
94400,0.9999999462437726
85387,0.45991265651576396
73483,0.6587417533753498
14503,0.3962986348390027
49355,0.23544037723064826
104699,0.5139162607270337
34977,0.5787766635025073
105745,0.798480996425146
46195,0.05097359039150746
21807,0.9405294713549263
38567,0.23445157294056712
22107,0.08105198707864714
29812,0.08086754408687558
11423,0.04087714200513593
17429,0.784464146921829
33210,0.8643634439731953
24307,0.7850859927946385
25930,0.005896084836127115
83021,0.9747433770826964
102384,0.044656604459918
16069,0.17006943013869874
89177,0.9733545801996984
14322,0.9150273978454917
47929,0.7636032728361218
95274,0.9996480196943228
91895,0.7761703191685904
30333,0.7141156964942987
63018,0.38065580591145437
13130,0.016264012640559992
48136,0.999244170008698
65112,0.2634215455134176
96303,0.9819820594644186
32221,0.9301839078210903
9939,0.07990955754966572
58276,0.07762833688995904
95046,0.4258914128285732
95608,0.9895548785402029
5449,0.32212816760516383
60819,0.94586966552517
106929,0.044728309337795216
70887,0.09873298374282846
107168,0.6198737613834308
1665,0.11063557510452232
62485,0.34958497074015277
26165,0.9219761643004678
54830,0.3120123595912304
98131,0.8652345271979289
11417,0.3212160360120052
54957,0.9231976026205105
16542,0.9580757322972775
46696,0.20376676386694303
23398,0.9998684077383789
82966,0.9982148025475247
98212,0.36274321689517386
47665,0.1915042382434663
71236,0.21296386327656613
23789,0.537405428876378
52331,0.32943908509328995
42,0.982105131779929
44162,0.9917493017584478
89991,0.3552291398373273
86732,0.5220710098481786
97084,0.9089955070608329
96648,0.7985824307130025
43358,0.9989276886449152
33225,0.1847106264172701
100947,0.9878299144947498
30048,0.9954962322356404
13538,0.9711661208306313
61920,0.8791381890450873
90739,0.26088654636910463
33099,0.5486137543624786
5687,0.9565503158219921
37971,0.9998748836405503
104107,0.9838966659983387
15261,0.3872628397099304
79583,0.99999852889742
12417,0.9387360535224888
42928,0.0111386202506503
81291,0.6848136701391864
44398,0.8900426598910443
64245,0.9999640548773027
62296,0.9525256536428097
89490,0.9312300476874519
27804,0.3040437877712482
86896,0.9999930560901823
31142,0.9546061583696782
100499,0.9975197224665706
41462,0.6227004368775411
11490,0.23805484861937232
41182,0.6273211060850945
88788,0.6049216870486281
85936,0.393759611862652
25717,0.8774795337284318
39604,0.9999472976516223
2113,0.2386345886904367
19841,0.04407800228761339
85276,0.9948547570803068
38085,0.5579340090365134
33856,0.05679014832560631
16285,0.8764457588326369
102958,0.9429978776364549
32690,0.7479308012897253
65286,0.9999999999999806
87828,0.3306033955922789
72944,0.5764912604477626
47478,0.5053483910734459
94238,0.10118291914213878
25276,0.8042074168583553
51125,0.5957940247214367
59341,0.9970289020233554
37015,0.4889384684326424
48326,0.16867003867640823
55339,0.2889447658468775
54809,0.9960019033370006
95448,0.997003485137907
92455,0.9933563876413523
41479,0.8736224032542877
50990,0.42807962020855556
97606,0.3516078891189373
64386,0.28578555695376967
59016,0.9963146010972351
34793,0.9115405269608525
35103,0.5732560790529292
62419,0.9873098116717053
44749,0.9128744459074475
51217,0.9281182566320919
76088,0.7862411132248115
50731,0.055753167092929906
21634,0.0009779246900558452
99187,0.1501034873812312
74983,0.3526888220537876
74636,0.8280959558598979
70918,0.9999994143792887
48025,0.022323589540340916
1202,0.17226831284422234
29773,0.9146616292878577
104392,0.7497263140741408
36134,0.9020507139121454
56611,0.9995741637189526
98347,0.9635495290230599
76408,0.854592343781027
43641,0.4665024272846037
75570,0.3930604471033514
7090,0.8920717449830987
82189,0.26878796210106104
48190,0.11640430415810454
4985,0.9191172854114338
1702,0.13070684431375962
97091,0.5174557081206675
67132,0.11447912863621212
52003,0.5808901925046022
60130,0.315908965793431
52734,0.5974594609061052
54975,0.21400608662614812
79908,0.9888230006486528
75883,0.9689002576426599
7708,0.04256823060074703
20788,0.9996833421465989
29713,0.05804825374185751
2168,0.11842267572100185
19624,0.6715456101543805
15339,0.981561519829444
63973,0.7824004787058298
104124,0.97203993514921
82919,0.500286953493732
57759,0.7328903365953937
30517,0.7098075712128097
67562,0.9656692437677376
60871,0.3407898141661966
73670,0.9151102104661382
12046,0.7538737710089628
29703,0.08369215741138636
57997,0.9927802407481776
104071,0.7568327025365174
23798,0.9999072568421167
63304,0.9989214154563738
29328,0.9932490291297322
54042,0.7401316291019423
43085,0.002589549442284342
41458,0.9928661289335824
65632,0.01517964478119905
61938,0.991969008672182
43481,0.03308612975709823
23810,0.980309238336136
74207,0.9855711692963284
40078,0.17539315897147129
67888,0.9453277051703803
54635,0.8815399926118088
37281,0.060330592901629135
92696,0.08624751373997447
40103,0.8217679642906381
12388,0.9975046700819432
65827,0.9733341362801846
13632,0.913629191243189
55474,0.14995568357756128
5448,0.6292416314815752
39340,0.9984234094530653
1321,0.9667589288262993
53096,0.9130038494000265
93846,0.9999061905500585
84889,0.08853095197014416
53938,0.5062417037835057
104973,0.9584829040371089
74968,0.7444017632996607
26581,0.5187023841159673
84369,0.7054705652536207
51684,0.9987576547507999
24583,0.9685164092735032
93592,0.962492899849812
80678,0.59281015537026
34799,0.7555597175065872
50595,0.1799071087466415
107043,0.996850475518151
81783,0.9967804922678583
8163,0.9967154708593644
65011,0.928083913178499
88170,0.05741069424452002
18337,0.9999997121920586
72949,0.9999660416659256
70736,0.5819438780568955
96312,0.9999999999999999
83629,0.8772162081331001
85060,0.6987041523528725
65661,0.9956668052939374
66651,0.9774808351544262
74786,0.5925333241417391
57298,0.12016346643949527
42230,0.011254377287642168
20537,0.08237780338396683
97674,0.9940231844017725
65960,0.05661185023324859
55108,0.5549164388181295
49101,0.9993013872040525
19384,0.20973848047057997
29553,0.827513830541426
40469,0.07997782330310438
63625,0.2231942752569463
32081,0.5872354156028328
37229,0.9953682006555583
92189,0.9714626590686305
14893,0.03569555103250315
44609,0.7994996437461472
63754,0.4569047645095098
56244,0.24199574381663924
13791,0.04005537210779906
97514,0.5604342139379496
62715,0.047489033891269405
80723,0.8902962132706524
31649,0.9782684087453725
35868,0.07591064760092124
26020,0.9259531320710216
94291,0.5186860734329363
63036,0.11464308325240541
71036,0.902458527612978
49693,0.15454590455445144
7862,0.6509267034673054
106251,0.043559334224661427
6411,0.24109758057801833
2227,0.2898771452771862
12739,0.765385259224247
13897,0.9999963289064431
51843,0.7876240641398344
68337,0.3639545078960902
62399,0.17090160838327711
83642,0.1314226769390236
62576,0.7967189599709947
76355,0.9955991835468345
88532,0.9998065085775226
870,0.9624843109903338
26067,0.46744768238841683
45412,0.527819833199206
93632,0.8673510651917864
34710,0.9999998998027542
49010,0.9475582121705395
20800,0.9015998108511325
91234,0.7428615118361599
106720,0.29664596984605723
39399,0.9999061930385746
30906,0.25723963171290204
55880,0.27035639735102557
86772,0.5467393586658474
50257,0.37588048251710154
89524,0.7950072922695102
53238,0.9999923241209857
8234,0.3509756059295711
106696,0.9910480240661917
29446,0.2702881669427394
23987,0.26141654599069464
64819,0.17675161106886056
35094,0.9591548513322316
45865,0.13403252805849553
8562,0.9997987702467718
75593,0.9999981955582508
8341,0.8794501735348863
59981,0.5529912523973668
87038,0.7098802851233015
60298,0.30988548750855394
660,0.9961808214657948
6334,0.9965504659359432
40173,0.9895985131784846
60604,0.766803943378078
77550,0.263652944138305
34391,0.9999934688366877
65498,0.2500878038622417
12883,0.7705019686164578
28396,0.9939760036510562
20072,0.892744777246834
29955,0.9999999371194036
93410,0.9897856706442251
19195,0.9162404395419195
86600,0.24236318772073417
11096,0.9962264938961286
100641,0.02163183034753555
2876,0.9997273181080778
98508,0.2620952024217321
8183,0.9999628900158031
61746,0.2834620563612844
65016,0.6152099756435493
98667,0.8044363910761951
26907,0.9069923997120497
118,0.9976498239211689
17226,0.3360937807221853
101387,0.9049934631350092
2477,0.7483648209169758
42711,0.07788995179494702
45007,0.05735336491494813
16318,0.36186951070666373
86150,0.05588388539080246
8105,0.9724611389788264
29329,0.023807205992607626
24199,0.9996857269453959
28490,0.5534426770047093
15922,0.7624670232131909
59384,0.9554712136679606
11373,0.9781651386758019
101542,0.048858674552554396
106469,0.005284427996667425
90450,0.993800649387994
57117,0.9408845929962386
46768,0.6400745522860721
101203,0.9426625328695778
73606,0.1629263617978703
107050,0.7636983241771794
92108,0.058460715812678254
20429,0.16597551384877834
91152,0.7018978205722152
78479,0.683810072721221
104962,0.5331872180878536
65927,0.0037781867372294236
29567,0.995101074511688
3521,0.9801592682990977
77782,0.7749290419103971
74900,0.8539783015037516
20583,0.5705723110932905
51369,0.5340363085185366
33036,0.020484434058498088
1020,0.1101539737015137
81918,0.7116793791937038
71786,0.9644195420125328
29021,0.49680965482799966
42473,0.5816295872930238
76563,0.9999865776386327
76009,0.9656342690679164
75090,0.9812639369013564
91847,0.7061209863290714
78056,0.5822544395950543
22275,0.2771176866031244
64351,0.1153000625446956
101193,0.04942878035603679
49286,0.9455263216098855
89043,0.8939971357680765
41575,0.21997671076234177
105212,0.45178528929542083
796,0.05819604104955286
89918,0.9999553240091668
26836,0.9986452143613573
15916,0.08803988116075728
66393,0.9358943425205568
74777,0.0777411363245388
215,0.9903500123646203
70103,0.1726086881786737
106169,0.8345215436200475
81879,0.2577371525110502
25104,0.06506523478341822
37041,0.4184425623930169
91290,0.9062478100255993
7967,0.02937895708204988
61699,0.17248422081462444
11430,0.9954840979746344
99907,0.07980151011697528
15587,0.9636751598382867
17770,0.9209494995977752
51183,0.9994195974157756
10924,0.9922685145160683
5241,0.5469240085661744
79879,0.9379925948148299
57849,0.042896150090814066
10135,0.9930078587708926
28930,0.9995185527915753
84980,0.999978028796578
35035,0.8022609877536373
1544,0.3982397424770284
57299,0.028327932124399463
53790,0.9886270801273757
27413,0.05589663069133595
38165,0.016149798148293263
48208,0.9833709344658521
56627,0.43522624236666496
65033,0.10237385933822396
62849,0.015237398215603642
53653,0.3111683303499445
49325,0.10060920445250043
72723,0.804128875383399
90690,0.9999999999992598
106400,0.9945036132745191
33103,0.04883097977366767
25088,0.999952616007705
101515,0.6142774426572051
97145,0.9763792734770421
55520,0.3919870861500181
77374,0.18631429236910674
30393,0.06061260632199927
51247,0.9952838885339728
102444,0.2236622304537057
73823,0.8952973982879211
77961,0.988352427977132
92334,0.4708200939676723
20875,0.15022681948620575
8968,0.5674360327394579
46253,0.063286212943809
65138,0.9849687791119878
103803,0.9197195171824302
48240,0.08506904282031247
37216,0.9571720786828264
37070,0.9967342519570841
100791,0.9968522504142118
65296,0.9997067287898672
55217,0.15154351332108906
61439,0.6081338647357846
28910,0.4739122629547052
68977,0.8829594314229658
73799,0.8716031642343767
87205,0.3419412503977385
24133,0.38824153542080775
5545,0.9928854191161577
54239,0.9952775427166585
58376,0.26040376794394365
102502,0.7021478128205285
4217,0.9999852867827389
24943,0.9999999999999982
76677,0.040975559079948674
30672,0.994585465270964
103813,0.9813628211474926
19301,0.8551245279916078
66545,0.9949089212195307
6418,0.08685687964452338
105393,0.8746744062785856
26256,0.8871844560082689
73036,0.10545687934514142
90905,0.9999999985546221
53703,0.003047603072247536
19896,0.9413262059314242
38549,0.9872397511319922
50747,0.5448501782537133
7384,0.992953446788297
38634,0.7540801962180435
2243,0.9992208184375599
34358,0.13354790600511007
9905,0.05911015764124305
2600,0.4156446876574937
30934,0.553765207018612
11956,0.9999999998170728
65971,0.05854349487884851
41054,0.999999997020486
86656,0.8718006007261683
96579,0.6126869717491649
468,0.9997766006780879
95086,0.09330503316903876
36410,0.9658629501693516
61026,0.5635368829672047
49759,0.9356681344521648
18786,0.9893754653621484
81012,0.9521889943810029
19445,0.9757731027857095
50756,0.9621096937251382
85673,0.5894814799210617
66960,0.9170762729311034
31365,0.6827243634622022
37640,0.8559574846432032
101325,0.7112166497685855
104267,0.001044941796506218
64787,0.7266577551461887
54097,0.9984955088740309
90089,0.912969548429739
79611,0.20467490257491583
3872,0.02905378363708993
90845,0.7369570032539754
75838,0.13204059775801663
16157,0.8097413117877714
21349,0.2277541086424541
34130,0.06081834086788407
83045,0.9672279547094077
83033,0.1779812758038568
18190,0.6673848939683675
98007,0.007867245183051578
95308,0.998967813530805
7197,0.9017801889524766
79403,0.014922215169901365
7653,0.0981178694221328
59611,0.9999998096906149
93070,0.05682253817394037
33837,0.9998792991581512
86990,0.9906222769742519
38486,0.12714764823049962
49647,0.8369176980034421
49217,0.06334099254891899
89090,0.826455599792658
6634,0.9690420625912906
106711,0.6225392386810862
98643,0.2853578495371363
64122,0.1354760725097217
95757,0.42645065022996415
52941,0.9999491698261684
73928,0.861486523752397
96735,0.98410324826773
76375,0.7657649235375806
26187,0.9536066508688628
61250,0.6244968244490332
101730,0.6995041219976624
96681,0.36325072190215246
81672,0.09715102445028206
941,0.34367436885628866
73571,0.6127183883073971
102835,0.26914806474784303
84015,0.37822746905946675
15822,0.986830015330396
26528,0.09785413946404542
34458,0.2577133837385889
22406,0.9670608209690769
77570,0.09154107811014739
60677,0.9906455725796138
16163,0.19067805079584665
58610,0.9154376407586701
87762,0.06388616761897035
48705,0.4965537761629725
78339,0.9588038148421003
27015,0.9999999484885407
63869,0.31492117221713567
32867,0.9620080459690135
18094,0.9913468531419842
31953,0.3379263154083043
3489,0.20691927945444444
8990,0.9980266276698342
89863,0.999663520649328
18547,0.7801970069554723
75256,0.5270623963993262
93963,0.9999999999995325
71978,0.3343680874810415
30679,0.9607931246101766
102609,0.9163881227817616
83019,0.08560553948625566
48135,0.057613318238087324
61409,0.6001347280940532
58564,0.9860732445637435
3946,0.5913707201982968
106020,0.9320165213295295
3723,0.8799798816577586
22108,0.9996306570264117
4674,0.9999779672066424
4358,0.9495301244558423
31186,0.3264971188074883
136,0.9998456664524706
46915,0.9876202226444357
95526,0.42100630374572534
12145,0.5187339706659353
18631,0.17454971526031737
95178,0.6182745489942079
6569,0.05951407490363134
74472,0.8658861977852765
53618,0.09513037521160012
82117,0.10791390546863061
33139,0.9998438316766065
101127,0.7595138951663543
78109,0.058382420780767934
71560,0.1908254351883198
4873,0.5837323272788412
38063,0.44223491879618065
1060,0.6453566917823134
45447,0.9998372747802458
14151,0.013648186839675596
79580,0.017338961839873535
37219,0.6979612661850172
84736,0.4454147319039773
15780,0.8989221254485761
82921,0.3452251370303521
40348,0.9675027558161433
74895,0.2561395673293249
93609,0.022124280976931292
60230,0.9752127773844446
65745,0.12418156831594779
16278,0.0633864999510319
66171,0.2513325975786102
76515,0.9982676847860552
87170,0.9968127544530583
104704,0.9978119674549968
95572,0.7742761596357464
41881,0.832934649094278
30757,0.9201235321053818
83846,0.612537170923614
72285,0.9982985205960803
29064,0.03786562163268064
5381,0.9426560645343249
83070,0.29294507353396276
7175,0.39755518303197457
49176,0.9999999994139915
51188,0.5101546855781689
60730,0.344774669248502
89396,0.9370091427115583
50581,0.045840114479008175
9406,0.5350373944246232
16599,0.3329107534343184
69783,0.9999454248243216
27796,0.6098855407024382
592,0.05637021303671414
18133,0.656199201751882
105112,0.7992909613737808
51799,0.8247146792771614
75583,0.5577974394124378
22160,0.9568068628447337
28229,0.1625190679985743
59965,0.9583307762298476
25798,0.7725260634690687
1799,0.5650287114915321
37007,0.6574163624380751
99962,0.0684045113587948
106489,0.9567675689856253
39063,0.32185066224646447
46435,0.13079933500055546
45589,0.6602915562377547
6956,0.7193028897065534
106021,0.9682325431434571
92285,0.21370107397860577
40437,0.7755541483390671
7039,0.9752859491730755
94842,0.8154171717846053
105806,0.8729509363504918
19957,0.24276867024359128
91743,0.9936921775649112
71819,0.9724030355024629
71859,0.9848278791504296
77846,0.17314355519724905
75254,0.9817303392587385
86699,0.9446484569471343
41680,0.27032032881688717
40684,0.8145109118714469
102752,0.9633174321081908
59996,0.6471787576174097
75002,0.9248998952661287
83944,0.7394006518228458
71542,0.1384624071206862
102795,0.6095465511070335
13533,0.8384070011625467
86443,0.7567704235763895
72601,0.00799935779286061
48252,0.9399489147136545
59918,0.9999965194657122
70105,0.9630644072853018
36420,0.1212897255502316
72545,0.9844908809731041
66628,0.10892754850954534
87076,0.27007838282485175
56017,0.044583332327952786
36830,0.9670545638053233
61259,0.17394855971928236
106785,0.9993027244541377
102001,0.04490024472943709
41694,0.1384475813047631
59274,0.9914521506303318
69342,0.9185837600645574
52666,0.5418251746677687
78739,0.1265629784350465
103615,0.21021693026708788
96522,0.08594388284276067
33713,0.9989027134434652
94194,0.962365569803666
56624,0.90738661377274
14026,0.06830096542708235
37800,0.10278722498543069
101163,0.786768778720695
50282,0.9985305131679416
24359,0.999999993047143
37213,0.5643677139973163
27574,0.0577537569926135
18777,0.056901294833346314
32485,0.9994596620148264
95455,0.10103109414572681
56526,0.9776704935366666
9732,0.34358710658923725
63133,0.9611948597364239
6017,0.25189048503138567
56227,0.07576629830375636
81330,0.1276189609836088
14674,0.9999999997724172
83842,0.7089089545556315
59121,0.6760498085939274
4795,0.3735884419788992
8699,0.9835135806772662
62846,0.9201877874148916
3664,0.9999586526965476
79101,0.6454411810110974
97114,0.5631885889063097
61736,0.9856742692396463
71338,0.19433923573490752
75649,0.9621369423803304
47207,0.8582601341907208
69617,0.9084751920672764
92019,0.5988563096866516
33803,0.15261413944086877
102709,0.8269642866634532
60644,0.05514478546075061
35921,0.9602858450316243
53503,0.9548407586511838
39017,0.7283970257718347
21033,0.9773159770912985
7356,0.7648848993142552
63010,0.23523321772164746
105483,0.7868807980078991
48414,0.5868975614765172
34491,0.06655961092584832
98515,0.461639271526238
44473,0.9938219280938417
16918,0.3889927655968052
5705,0.5408504887828438
50265,0.8482304535194568
69220,0.029107153589035654
54833,0.9958279776528277
28549,0.07095866683873571
106607,0.6152050209360682
82444,0.12031606122566407
61201,0.9999986990971693
33681,0.9999992960399754
10979,0.35249348982650974
17203,0.09984225672222674
75276,0.0069558265232943515
46716,0.700491565637521
27002,0.9999629342146519
875,0.656983285876819
73244,0.9380576697019518
42973,0.9954607160587983
87462,0.6204168979318191
79246,0.9237577436484439
80060,0.9672282775767943
83791,0.8329263262528505
95066,0.042144262596762676
65369,0.9920885491604958
17234,0.9999851169608003
33597,0.7028331266278295
57641,0.9642833624992304
79712,0.10203998301173728
90671,0.9968901789115282
68092,0.5745083175857534
87841,0.999998773463656
26092,0.23497113604896724
19324,0.9657176303365435
64133,0.05398067906038909
64722,0.01817011119490778
67293,0.32028857317229065
13110,0.4952224498453133
15704,0.999835443801045
90272,0.99999998034726
16320,0.5646998955202309
51605,0.7647983212301235
57816,0.31934892080507227
10303,0.6381606462668521
81915,0.09072016306890746
22954,0.6989008043532943
20905,0.5378205002620822
94219,0.9967918828768726
59383,0.3232763391433921
55882,0.08260798599475605
105848,0.9411724297975033
76012,0.1500278081557927
28343,0.15165763585993175
12621,0.4130009333476645
20544,0.9942444751319086
68058,0.7770760552350726
45481,0.5879531690648717
43866,0.9997498267108909
43638,0.9362072415458699
78798,0.6620780095836888
51931,0.18269140134497724
81788,0.32823823582320233
39806,0.9984574377104993
104308,0.8784889896235331
23191,0.9085021409583021
58799,0.9993215537865033
74274,0.4294754898764692
97712,0.08182038494695731
62011,0.29731599790730256
97060,0.783194317043969
6430,0.48933316398532467
42197,0.8973966852088452
33642,0.9992148472784578
34385,0.14358646218690424
56499,0.08242695157843921
103727,0.46629894841307074
22082,0.12846320337285638
5577,0.05879255204555758
18877,0.3701997431293573
72302,0.9973018584893711
48798,0.9689989047883107
95670,0.9916170975835421
12360,0.8605510864895446
99919,0.9960253656564407
57548,0.9990350514102588
8498,0.9995496527379429
55369,0.9956482707589689
64135,0.26598015009881437
96186,0.0710390230004817
88968,0.9999071581389515
16581,0.6002381103066
69477,0.8190735148592752
60073,0.8271832563104835
78470,0.9777501783499734
73934,0.8337119361098817
48728,0.2649685209705382
12948,0.7971117033056976
35801,0.5550742877658352
11714,0.8165715268764229
79286,0.9972224666730256
61682,0.31580039880374977
67216,0.3905991919968532
28124,0.9999817413475773
47487,0.17612660218968318
89951,0.9828960852273136
39746,0.5701411112263106
51772,0.020478921453672423
74373,0.2529925118053338
91542,0.11896268974375235
11693,0.7778275753945172
58395,0.9999538892919586
10213,0.6656219852997152
87308,0.4704316533107607
52212,0.9961875123480372
21565,0.959030872564406
38272,0.9966378610814095
45624,0.04424709669325389
63049,0.22164771997559646
86283,0.999997879260036
61244,0.8332747467650832
84701,0.889399241444844
94243,0.9998474749999277
79039,0.01968939464884719
54726,0.1193206948189473
52867,0.028368396475189905
7832,0.9990354498885324
48004,0.40069391794069475
52691,0.9698108131870343
94319,0.9999925865686166
14013,0.7060604007346836
66372,0.7220559239042127
22294,0.9999973966375483
14732,0.46530865100048946
105955,0.5333986719649457
57702,0.9999619478159867
89178,0.7614118470048268
31050,0.11149054892769406
40074,0.353792521503705
23085,0.8613374570914972
8847,0.7408565869166945
43142,0.5851396936691811
24141,0.47358044550540324
75344,0.7659017357903475
44956,0.9907954504274774
100259,0.07738981979657905
15289,0.142417308978323
40766,0.8631400569107534
75727,0.4814354730916126
16710,0.2420712450328082
3858,0.824015369088656
51761,0.16876126901417882
57803,0.4349030789706043
18436,0.14416998344749665
21616,0.6654693410836554
40997,0.16158608013441067
72876,0.9851361492883436
98668,0.016821267624105952
17562,0.9318299396060765
53942,0.8791641674990835
7798,0.9999999709498016
6728,0.04924435628847472
68182,0.8970985159616696
32206,0.99999978770014
2446,0.9977737197701504
30812,0.6189047879024694
29775,0.05855617183963929
4146,0.15044135105591633
10519,0.6511065323464449
66933,0.7776316762114526
94981,0.9968051214660766
95320,0.0528617330774683
47430,0.9963098425402617
35069,0.05352071114993688
76488,0.012740353245275077
33904,0.9543067034962561
86619,0.9998238547748778
91955,0.8840969068461455
6389,0.028308054193294612
12914,0.8260985018876308
78123,0.02294422161468991
59570,0.7951873134824843
10892,0.9687442905409844
31139,0.3252477253618139
47002,0.9053564899228097
15376,0.8742881660368539
84669,0.15899029131120446
28204,0.6599134335833858
49096,0.7571343823106107
95324,0.7240059954542872
46589,0.7429128350926578
16484,0.2251072012327433
92516,0.5341626485191467
88724,0.9550136052110818
65849,0.4007576200247451
51527,0.9985501669666894
60854,0.9999999931745459
11279,0.002938403691190219
67908,0.9995809543377012
82313,0.2294348762452243
79035,0.7854363794460284
91010,0.5490656724655699
27611,0.04039020724184029
7952,0.9936634275264306
19379,0.9475433971766383
66702,0.012885034275727162
2296,0.9405088792185045
28138,0.18038671248217025
551,0.29369718893390717
67795,0.2425704771118909
39137,0.3397050597183565
25040,0.9420884940879518
47656,0.8945407722070428
53154,0.45599261067510566
73026,0.032584231969268476
50163,0.8910394164036924
17664,0.9964838149805489
81237,0.05148981872420155
43288,0.08840534286247931
101830,0.11296486558601637
68661,0.3883349981150439
100832,0.9675223009947775
4191,0.7378967796927896
62424,0.983027330060648
40305,0.02984209001411709
54860,0.035989118820591984
92588,0.5656760929935782
76669,0.9999999939396575
46395,0.33154463352816255
44253,0.10671879546850044
22443,0.23363090688797306
84100,0.9999999900843086
42951,0.7015658237677549
51210,0.6809997497061508
18367,0.8612584657475697
12437,0.5252122971578311
57121,0.8533880053749678
5477,0.07863503437121903
81334,0.8341475679045092
102259,0.04504805235556397
56973,0.3154089350563314
55634,0.05335878392230163
50796,0.2421996785509804
64854,0.9237815262801023
17212,0.15383025884357554
95586,0.9545439950069624
96608,0.05623942145187297
8178,0.8965908510571938
69463,0.9557509859994792
25843,0.9999898242086076
89879,0.4961485382537153
64458,0.39156184055369964
1825,0.0023303942776066967
104937,0.3009231465397746
76514,0.41134807361475756
67638,0.4681735218199929
32550,0.018634287141673308
2594,0.056922956055162253
104050,0.9361020051978223
15063,0.444707965917698
7750,0.3955161467709678
78835,0.9524992606646238
62313,0.0048747905650408435
79534,0.08536017823408748
10735,0.48785093328523976
66647,0.9557265679182714
80698,1.0
106237,0.7066407048780635
14230,0.8999239787614302
24699,0.7934273115383949
20670,0.839063124516322
24398,0.9938267273525185
28813,0.8452132423165266
90926,0.22337192287792007
21442,0.02624854196716076
15503,0.9999151469777675
104158,0.9800904300951654
11944,0.6489419802957721
54953,0.11512784430376333
100285,0.6800441687523934
92129,0.9995639191393573
86569,0.9993151153524317
51849,0.428166561761987
59984,0.9996684913312633
84169,0.6781732893188808
85915,0.08797176222163777
26350,0.8926807970276169
81869,0.5501877248273361
101771,0.7485791464007093
71107,0.9960799114668224
8127,0.6983818935340416
67433,0.4040262993275083
103885,0.9125236069614937
14634,0.8023311837216626
35211,0.4628497542757298
78895,0.9785804936950981
78807,1.0
14540,0.4779756723396128
34698,0.9274897281945252
103779,0.4571845272439674
9813,0.1517053227920841
7716,0.9987647845182342
70272,0.48224854283222535
98794,0.9999930429839312
5378,0.19795935897244116
75584,0.38882342974415346
65199,0.7571406857433055
69468,0.19035962164182824
53908,0.07430820836148684
97132,0.9587933134257671
84136,0.9389001264308561
65196,0.7953821274199859
101330,0.04607894632410426
45065,0.2652038133659643
101372,0.051360681216326774
40945,0.830627250811812
36818,0.4236127119344172
16262,0.9982543090762517
71302,0.9950625541503022
56867,0.9764537881884519
31727,0.9636739728061419
22376,0.1616588675524362
93929,0.9513659359707707
18448,0.999996845019228
29101,0.9999477349706385
76956,0.38799656918334274
52458,0.11898712731640393
42922,0.999918685697272
16743,0.7689947200430256
29879,0.9910030560497725
54016,0.4606256714590072
44531,0.535500659595535
3780,0.41688588456615305
18492,0.23397384811180205
43326,0.8244092079981263
97048,0.8959630348809704
102784,0.7814304817031648
78950,0.3185880269639394
69256,0.988817041257723
71845,0.9717294819255174
23511,0.9810631974731518
41984,0.6181153889519728
73207,0.2579717256371059
100220,0.9309378227885095
55424,0.9224492747619975
61058,0.2104570833468115
61570,0.5257815675817413
85636,0.9947406412280153
91625,0.7367933485010276
37965,0.9923579418064475
71595,0.9916963639036265
40247,0.954441789351673
84223,0.7492543073723968
104638,0.8127450648603194
70859,0.993861131683744
12624,0.2297110122377744
100127,0.044539711399465776
54697,0.09503871977754758
36640,0.522744483504718
63935,0.9999949630417545
62422,0.04614788120909113
19138,0.8953674042271169
98037,0.712464400968293
80946,0.8792201132721971
60171,0.03778315313046937
106524,0.9942554326713648
53120,0.7963686776449299
17020,0.727409082242099
96643,0.012475706564178676
20516,0.9940086776590638
53943,0.8900609000148779
12422,0.9599996796670159
99924,0.895377847062122
84727,0.2974195136490422
105231,0.9481402332065594
57263,0.9969381450938
70353,0.8977024577455799
33980,0.999939842003247
85067,0.6476927744853143
101473,0.072529728047726
32806,0.42590223777978353
22737,0.9333734546319102
33701,0.08596107317199536
26272,0.7013317003123225
20245,0.050187186795056155
57009,0.05853093149045632
70177,0.696467719414825
80949,0.9928315673908302
68868,0.5257500463032609
3463,0.4351728901135075
22480,0.6462677169166697
51061,0.32197772902332245
42467,0.9861149309573133
22644,0.14157537821058508
77987,0.0559187288734209
38066,0.13785496307459616
74817,0.0650176442366555
33548,0.05416982717328062
55282,0.9999999975722793
68474,0.9535669530584148
28750,0.25534372119999227
100953,0.7751304734623334
9783,0.013644125399351935
88666,0.5644026291951186
95892,0.9999998567662522
45165,0.08759327613168655
88759,0.8370839104378021
42942,0.6656381508761575
45155,0.9534430743627982
93405,0.788782211994025
40672,0.5491746967993446
59171,0.9995609725811019
65048,0.1108464650233294
96568,0.09797535560262344
55750,0.008496857633177944
94417,0.09344122379218761
98907,0.05099149650601916
26355,0.24655093943558265
75221,0.683272217176211
81834,0.999999814250125
70358,0.9718585902145643
60686,0.9775733790008613
16970,0.9992523628021056
105727,0.9994765867129125
27635,0.877809449447307
22266,0.36684128677748973
72325,0.1803200029067612
73454,0.9704716346971555
61216,0.9866264929175816
15107,0.5717852086455995
20351,0.8824042991820411
7447,0.601457131316539
27058,0.0031273043868866074
52745,0.23406532912174682
97367,0.9978046781412193
80966,0.44056684020306097
76862,0.9032660880789536
101425,0.5663917522226422
41987,0.5150825060331318
41607,0.653599267358745
24817,0.02481969012126871
18230,0.7282535428963101
24592,0.8598767040253041
26735,0.7629989400125695
335,0.9999555858174156
23192,0.25577560412006184
70543,0.997537559733723
52914,0.8065116694698637
93275,0.34978249929033706
53299,0.9695743773042176
73633,0.7902265344075549
6516,0.8773962733159706
62779,0.7854248635463369
37748,0.3570819378326098
32439,0.9997930926550913
26327,0.9824743373833157
72512,0.7430869676617223
34319,0.60696150941308
71151,0.21897777476719804
75755,0.9952420657370988
95040,0.6894857000781838
14016,0.1271715389792103
64918,0.603866723039318
54132,0.9992715193421191
15137,0.9605082764000548
16885,0.63761821486431
73850,0.9990652173734074
27701,0.7367738340702692
45458,0.2685306274343118
35206,0.6265607004666343
4690,0.06711028806938305
48327,0.42693137012214766
13359,0.3564562723814648
74847,0.14339005360693435
58263,0.9492126279382598
83921,0.8481789326754219
78541,0.7725367655708804
89353,0.0034759504487782374
46859,0.9028481971930763
43017,0.9999263109106947
33143,0.7046154822329544
44724,0.2693100097746923
98313,0.9895097263561388
18397,0.9718540981137614
33628,0.7557480775901223
83851,0.9976400280510694
59975,0.9981391059668193
90976,0.1757302820152979
17729,0.957781103804629
103091,0.9197409270839433
48359,0.057011794031869636
52136,0.6238703379880093
92597,0.35817188907997133
102907,0.9937361074402661
31101,0.6886719345798993
72001,0.5565966116462925
26604,0.9999622542987185
32653,0.3916905729780591
92403,0.9946209985945982
19371,0.3836712908154165
33679,0.023514428277068972
100430,0.8458198500141199
46581,0.13792481538194756
46918,0.07944006981931007
1939,0.997902984125179
65741,0.16029304926248567
64268,0.9999999999913223
5722,0.11037153028842267
52128,0.5535802411284554
32782,0.9871669807783241
55399,0.5356752797830521
67305,0.3547569884558751
27575,0.999815697305707
10174,0.7167469071304522
20288,0.8197174635446765
100583,0.6789929535354206
94644,0.8774020350525746
69259,0.9351350464681296
66508,0.6186846637654596
75933,0.2183606428685384
73087,0.6488346263463174
62772,0.4308244402419803
7082,0.3830644998368508
14313,0.12609524976640912
34351,0.9927405738787521
13661,0.6641316919181994
84983,0.6488770101413468
71650,0.18569697030109983
25289,0.27873703030334973
53203,0.9985601462873489
104021,0.9980246869624093
45430,0.11480674267537966
13936,0.6202624112281706
36331,0.9902334769418109
69153,0.9862944758024728
28211,0.16715214234395748
14716,0.9054971831369887
102105,0.12738443354302004
14825,0.8449180718698592
73448,0.9528108466437396
25227,0.19162108731875954
70935,0.672797336166228
24046,0.051440891900302356
16283,0.9826564681142804
31587,0.6234601782435928
21546,0.9994086599782561
79216,0.05036982031055928
59515,0.35594128741147696
21638,0.7219752683793537
106058,0.20868100712545073
83605,0.4695471018964042
36027,0.09131002716735581
97547,0.5642697363754222
35922,0.9715025388506561
730,0.0998921467819377
91023,0.5693422719636863
41874,0.8975099793262575
63479,0.8866797958706214
53948,0.9946983631626836
612,0.6059538190310577
44842,0.9986256919340406
88286,0.30935559885180197
19006,0.8107066238794955
15792,0.4725039791048784
31289,0.825440758747169
5520,0.8954404449973312
102071,0.9931469604790458
51757,0.9859961959640836
101502,0.7976672949705383
86153,0.07626354933041543
53017,0.9743414306619912
35422,0.8092637009971504
47390,0.41626089444990333
6754,0.8983459999549481
15689,0.8714482110607094
60671,0.2565848054953357
91200,0.9965162719417024
52291,0.97744419530148
64996,0.8652160165180474
105948,0.4609431129446725
9304,0.5696403956724094
80363,0.9976877250118987
34303,0.9949035235345597
90897,0.9648658075081525
6223,0.6653248420606346
30391,0.3883411309739687
32600,0.10143733782610875
22314,0.9892234972022288
46471,0.9593219390859944
62205,0.23909428035974278
9315,0.6987643873245161
88242,0.9607272138556919
16829,0.08627178330551949
10937,0.9999265405957304
75185,0.9992054259194111
2126,0.19950085263565193
66867,0.6893510628128466
27698,0.9999999804184909
69135,0.07018167974837963
28872,0.9946313463095793
73182,0.9176233743070883
99186,0.39503114814489015
53803,0.9842017248226633
15957,0.07210957283210197
13066,0.2844769046839829
59759,0.05894105464548437
78727,0.9999999999155051
87613,0.8200955961285799
97014,0.9995947168181839
15607,0.35282441971542366
95372,0.2968909202158227
13583,0.1719037099376845
21859,0.014860285590947037
37066,0.185435084738936
20559,0.2372094251254558
28407,0.8471596129400931
22575,0.05615971597181964
587,0.012565286848233803
34019,0.8367827887328735
44046,0.04055515075095631
88009,0.9055674518322446
28935,0.9208298974044467
8002,0.5570528504770925
89504,0.9531773751631015
41174,0.8807452736865772
61524,0.48897902846350655
47615,0.9419689988550074
105017,0.32580928736562526
102282,0.6774280303028417
38116,0.29098037919237085
77889,0.6623660799159198
39771,0.3572570290083204
49032,0.6802573540260344
88482,0.9951950600705272
14111,0.999799475078609
86854,0.09472724409495936
60957,0.6244123568265423
39641,0.39498821917999816
42799,0.9952648774929448
12118,0.1637575291481561
51727,0.7112986039704958
15511,0.915001523877113
98396,0.9924350468383558
82341,0.8430067393198891
59102,0.9999309878095869
9319,0.9998907798954578
76311,0.04087996499986656
88119,0.02225496391535339
88687,0.698410353922706
2030,0.7900683719144204
93612,0.012705352057526752
11548,0.9994119264828106
12642,0.9701872051509967
99898,0.07577478464762484
105337,0.5593072251690272
71373,0.9694217566813185
79240,0.37914480626087643
2341,0.31613279552994605
70902,0.4743271306396594
96103,0.9203269761862393
41700,0.7497855920684576
7147,0.9978477208714387
7007,0.9915357730048073
28257,0.5389890603095688
34787,0.1905744533682303
85535,0.9839303660819543
56441,0.07711341723838644
2699,0.5309033797787873
8631,0.9996657405705028
84841,0.336203108849232
39509,0.9958984481916704
43930,0.7705060358549762
47111,0.02824693920147977
49131,0.9843342840379982
90388,0.9164566450384906
94044,0.09188668736778499
9162,0.669556569913792
82380,0.5911711348118425
9411,0.9664495483235094
98182,0.9849069368078501
90514,0.5963821502430293
31378,0.9970855717818633
45250,0.40058914354901864
9598,0.15792890136085547
97221,0.9891556165798728
81497,0.994404208448228
98919,0.24132855369553874
27463,0.18854700051529338
5343,0.9709567589931167
17970,0.2803467724495804
67267,0.9949797263068658
2920,0.9547911835364864
69177,0.0927742692792149
78678,0.16167167252305803
624,0.9528709544931038
93344,0.9217496215461596
46833,0.9999999380198337
6484,0.21413820190241128
34094,0.09301932384175071
68673,0.2553113726449301
102049,0.7775009450619462
78665,0.6712486117422969
30774,0.8003416710689968
71388,0.8003652747775407
18098,0.14771502932355673
61249,0.35803354244759045
37708,0.4704970969608097
64796,0.711852876113654
31522,0.07728512474987752
15285,0.19382332746656955
94412,0.27025665765491536
59543,0.920698011301986
3384,0.998527705328069
37901,0.9162193574077554
4160,0.9977989996939666
92593,0.4120605123382198
36246,0.951118593081735
95420,0.40406640834779683
100479,0.7508432483064884
79834,0.7042672286995162
50875,0.3471526285016311
87895,0.339754533542908
30615,0.05138343223257179
59995,0.18671800091270324
96199,0.46364986416718995
13289,0.4401301543569693
29169,0.10176903684044741
36913,0.08876183603409876
25147,0.48103685112350736
61781,0.836560004203673
22565,0.24905706573380076
7300,0.012653318159971163
24634,0.9878544974238568
79365,0.1622614743302876
16978,0.4766890060337588
29800,0.5617536596852682
41469,0.3113246209355015
77934,0.9987454133916875
69715,0.9876852796746594
2744,0.0986498322566251
18563,0.0983041846013904
96077,0.5554688071176571
23587,0.08493281043045081
10769,0.02645553998805675
75143,0.9825153769422662
38952,0.9954434308720197
92487,0.10699639069269079
92852,0.9558176733731764
33741,0.2834115593306572
33902,0.9650315521031904
8387,0.8159858109190032
47210,0.5488282338127193
46410,0.37964383716911776
100548,0.4426592345472232
840,0.04566699223654749
16871,0.8482018789562311
69437,0.9704692170166144
80467,0.28027857710209303
39798,0.7555983613722194
1323,0.14628269785951425
106370,0.7943190692177935
41262,0.9827954687140592
12529,0.1680296792403589
44727,0.8883612941256339
52761,0.9910403093200356
25451,0.88071447734021
73342,0.030935341282769337
51204,0.6053142096852407
50219,0.9869049254786646
19132,0.10069473682575963
49538,0.1705384345420829
53730,0.664319890197451
83910,0.7910606057953414
29115,0.9999996114472063
41208,0.4169496437303655
45546,0.7680925216867026
24811,0.4537452380899706
45037,0.6174555019500745
75843,0.5853420263523829
25941,0.06834776532953472
94261,0.9940225703074319
19173,0.7503964523623649
48509,0.9363539146590253
93072,0.28942247938147214
58237,0.07033765344321259
74013,0.9947150504858984
75227,0.6338370266735653
74340,0.3439808778903557
52427,0.5738738081622475
76151,0.5606004685258665
47316,0.0548133992112719
55460,0.8587436257327625
97175,0.6548738145068426
38989,0.9991400049361249
10205,0.4483144277336356
82051,0.5486079659551636
35157,0.13305562360418988
3684,0.23555821762190515
62742,0.025564103464482527
74496,0.023546668963197254
75673,0.9824817639806606
15522,0.9430205034740932
13945,0.7053593360930233
1132,0.40089426010262597
35054,0.892544951599101
21891,0.7073745935288485
28508,0.8969757198197275
99815,0.9161431789917917
22532,0.08702614687673249
58976,0.3589279989266854
16774,0.4825933334008693
98786,0.9087871249005876
46517,0.25398870485466274
17633,0.0912086128835603
11745,0.0011949666142022123
84784,0.583364048402449
71139,0.04408850469003786
104770,0.9999999999740481
89719,0.9980822316982563
5742,0.9410802840104149
37390,0.5825086701839886
45416,0.46728777486833584
30994,0.8862339054407742
104066,0.8265887762631798
13560,0.9995534258433306
94239,0.9998274473344378
39032,0.7422157107439775
95684,0.9286553889063918
64663,0.23040280901877952
42612,0.5698921634967895
69293,0.010903087841401038
100463,0.9661334355528884
104864,0.7591270898100382
79177,0.9999913053874716
69146,0.7058093740398282
51569,0.5096024679542848
35303,0.9998629862949066
38169,0.6117303830541511
26110,0.4517496342264578
66133,0.40734914778615
3140,0.015448435408321078
29193,0.9057098172810345
66040,0.9999504548994366
67577,0.07025001086478262
75311,0.06564303182398805
8345,0.9985617392073264
90116,0.9953859843002077
46161,0.9952433354401314
84368,0.9034850565983136
78423,0.6671266440928412
56887,0.997801442001577
10505,0.3187490695722202
83449,0.05475624900681145
75064,0.033433771471640256
45316,0.9784151159014326
81514,0.9916100271522562
17823,0.5127824433087281
45536,0.1027871396085645
81655,0.8962772768397631
6158,0.9635545473620285
3300,0.12127415686024662
81142,0.5896615355853163
18928,0.1385753347420553
61741,0.9990640093401137
81049,0.30832459693221004
45626,0.9523631689545465
64241,0.4169911721025264
25516,0.9313486224252507
72170,0.2903296554116492
100821,0.8529355798240021
100960,0.9925498738653936
104637,0.8561330176516029
80263,0.9538762934513112
40346,0.39274599489861184
51405,0.7553960668378246
96165,0.21091195246629013
62043,0.5478203546409596
104120,0.6663736952942444
25968,0.990927313592692
91802,0.8061385373107206
7133,0.4698812624322833
18262,0.22696012451488357
36397,0.08820380929974025
64608,0.14945456442908095
45205,0.08833359587709128
25746,0.999999999828535
2804,0.9799273903567086
10138,0.3868125852379795
30962,0.1720342019367534
71016,0.43909949760324485
8465,0.7498984990732607
59750,0.8713645650172264
94078,0.91635535785896
30547,0.3736713171100656
69169,0.6838668227580135
48894,0.4962212245315634
64141,0.5826423250669941
33295,0.9882477228787507
55670,0.1178559283839023
13345,0.9973409443380054
99022,0.9807016613038371
55163,0.27344018938995474
71695,0.9999879686890488
37627,0.7503762589465075
36532,0.7808899981774282
38401,0.060541069772490574
65083,0.9687817479886154
98493,0.9726502083582134
23491,0.6600476527524083
47409,0.48260062061039577
73059,0.5658279237845767
38282,0.23755823825755185
78331,0.5684074499167641
41343,0.5668788321986699
19089,0.5339330418770507
50730,0.0684513030619602
29709,0.15302268874949554
17481,0.6667886413854414
80830,0.07810707964187671
5293,0.7865955699914964
22072,0.42594460926716415
70083,0.1318663697935586
82737,0.48193147205823444
84345,0.9998413751584119
58697,0.9880372784461436
39276,0.2723289398770219
39945,0.9622451695010966
33739,0.4220250475720097
3954,0.16673587405479035
16658,0.09138148783038785
57750,0.2777759638493871
20077,0.5523417865119691
86803,0.8326828320509827
2956,0.02119733896585146
72623,0.7967634591826726
16102,0.995773886413773
21732,0.9450573468762655
67154,0.03806839988800551
54507,0.9638649884698618
86594,0.5570926659228259
35692,0.1364912770742065
65734,0.9266944101596559
18208,0.8692183918749926
104960,0.6722163313645405
98614,0.9723284062804111
12300,0.07374424156587357
77125,0.21724989839906172
104456,0.4548063202276518
19143,0.3726559308192712
42960,0.8264867758869112
29258,0.7854759865269998
44894,0.26993291649108775
4672,0.9957756692594504
69189,0.9309500033832607
59597,0.24082254305808787
4210,0.5342905664459537
62642,0.17184368176171938
55902,0.9926654382109646
33596,0.006865246632004577
88952,0.875574456098055
25537,0.5548204580657614
93630,0.9999999999980181
56945,0.22032757952673893
89831,0.8834254418027272
28455,0.6716370313173864
101881,0.5253592130213098
99064,0.9979823490973205
2793,0.991600382673047
59290,0.9913521818431537
6529,0.7656395161060735
102926,0.6587301290960322
91793,0.7456600748092574
33522,0.9924298661714279
20955,0.8988245716086003
92720,0.9572388967969524
57316,0.192354974250446
53863,0.9998952338800089
4669,0.9999999995629574
28736,0.8517636821677321
49200,0.14218044583553857
66982,0.303145493049794
96637,0.2812007058614747
41900,0.9618009069916795
81511,0.522197187795996
88616,0.9805095978383004
9190,0.9500225285720596
34235,0.8292941280320136
27646,0.9843483273695036
39697,0.8758035304511763
58532,0.9090148680343396
28966,0.9991167120237183
35518,0.30170900083100516
103877,0.5739245612545064
30623,0.9756810609876369
86938,0.07629643758648438
65653,0.16798475618358483
88180,0.950943768348322
62795,0.831744765421899
4105,0.0263760066423577
78024,0.999999992637581
32038,0.25377685774215863
53792,0.14227216545124455
55852,0.5738121923690848
57315,0.14978365081503986
9790,0.9347313204573483
17167,0.9789734490620613
3719,0.9503059880095484
75499,0.1551429452563503
47165,0.9210139885418396
73307,0.044169769155398136
41648,0.9988560681774095
69039,0.3138742762536467
105121,0.7757831842365779
43914,0.050699531927238764
71009,0.08005480352786021
95183,0.9545955749384709
30480,0.5746734574221655
53988,0.61170820520269
79258,0.25146491175263497
90968,0.664780887542247
42384,0.9708580315169301
83707,0.5629366014475341
4101,0.33721448376756213
56912,0.9999999982434219
60741,0.3001349000578798
25120,0.18105205381857364
10721,0.9999978261200908
56580,0.9784251496557689
101869,0.6811433403817294
445,0.9849044858098406
20685,0.3954747416196276
23309,0.9972445010353904
77783,0.8350756410234808
63074,0.2937419731699321
107081,0.6357322609899536
70761,0.004412502251160017
73498,0.9993871789065412
31250,0.314426929864447
72200,0.9965018346327159
51071,0.47725663673405544
40842,0.9928779689800732
54965,0.14238692493617794
42180,0.9259897050547792
57221,0.43631594663440865
45115,0.9998255983575532
87784,0.8790222446659346
83808,0.011126138617040699
21793,0.32177559440612014
99415,0.23705625222653265
81686,0.4024156665000538
98808,0.9735554888665993
48005,0.15160729957766061
59693,0.29900147283311473
22613,0.32785716592312886
10661,0.9757497089285594
93545,0.9696053273882429
36781,0.02323840266709783
49972,0.9135235042611327
100683,0.04847505061781264
79955,0.06184333476708669
83111,0.999187147258455
14099,0.3963446921342433
85792,0.07891915924085774
27385,0.5796107202444801
33173,0.9999962078099354
75895,0.9077130856717821
84183,0.9983243596153739
37174,0.38065991583176306
89403,0.5586527649920329
57812,0.15533766934201898
3185,0.14486667403999504
39174,0.6956704364639559
69360,0.9948748623772187
22507,0.8502626335856264
81591,0.9537293133183822
102166,0.8613950466093214
34669,0.9999648222007405
82246,0.9672957080442202
5417,0.06308840199143755
45202,0.9659455488599225
42806,0.9996818954004311
8407,0.9156810515027982
78372,0.3106208080558751
96394,0.40797212400243926
5368,0.8762968277706413
34576,0.9997864611679659
4612,0.7656424972036594
89532,0.4248215735186983
86314,0.4769810649172863
95227,0.9274654853999462
77002,0.22950189981676644
86850,0.868337518227415
83431,0.9983497621284556
8573,0.012684124097838015
83053,0.9599419744795689
92077,0.5259010990016241
66619,0.9446220892763368
2864,0.7593983139940413
93017,0.7900505268014639
83756,0.2376118615821718
6958,0.8935233808060197
106099,0.5323494714005531
92752,0.0020731977857705833
26016,0.9876237032182462
9794,0.9956574328651584
55053,0.35950771983148744
32697,0.9891856138565381
23931,0.7579078297861677
40261,0.9431932980757154
87744,0.26230434920104007
34747,0.9993546621575574
91828,0.10735091705936717
60789,0.4105468092199185
38808,7.4816503754955684e-06
18662,0.9975343418618791
6236,0.07327309319073687
19728,0.996098753163567
91822,0.33462519095515375
81110,0.994180904411237
47527,0.07160884910810493
90318,0.2745333500698174
44876,0.05003313435720285
71809,0.6113988421951352
13625,0.03778436916622541
43644,0.19528329444353093
83971,0.9735787245224052
82581,0.9970738919942351
42259,0.043753471307299965
85536,0.6694177088403105
8810,0.9999996283080539
78459,0.9968875259616999
33500,0.32265772327337605
4257,0.9153491686780675
93240,0.05851699167184101
18763,0.6335546916531285
11424,0.3752428683167019
12884,0.9492499508413247
59731,0.9659274330704496
22634,0.561834346341191
62732,0.9078988671633758
82430,0.2313882199706786
97227,0.7545536911053232
5764,0.29190915343334645
50370,0.4418272841842824
89427,0.04115276097172036
8497,0.10593543726519938
26922,0.9886790903962208
40011,0.05654873826069765
22981,0.5560930995935331
10271,0.6837358309436081
37880,0.9912026411041456
83457,0.8890385201819311
29979,0.5357803363492774
22629,0.9783037667987181
90503,0.054107932669251714
15109,0.6694449580350259
86748,0.04683263492118219
17755,0.849715691480039
93089,0.0472223486783367
4336,0.8134343128658095
54923,0.4337458257051282
20668,0.023454172006588475
102335,0.9822816436628965
79895,0.2658377160036697
88203,0.28065299764723534
57553,0.3089919520809742
61759,0.04834811552520014
40449,0.3677743855752222
37942,0.9887845838676689
52407,0.799644673294899
97596,0.08722867726176958
15372,0.18590395964947248
71980,0.5553231847559525
8007,0.979997087660042
5142,0.9031970762016863
76923,0.2714279517176328
32475,0.014786961145591238
29178,0.8822432135916791
43300,0.988630626406112
105217,0.9998444601418366
90316,0.0933051325827921
48026,0.999985806589596
27332,0.9311282301114143
105230,0.635457368950221
97829,0.22989962127036262
99198,0.14489708829788706
53937,0.19651206498113843
44244,0.9999995359204299
95415,0.9849985394862063
83331,0.2611997976880165
83346,0.5996440620573229
82768,0.13325991801328058
34756,0.9138445103836135
26171,0.7412253851106267
50245,0.889357807287514
42457,0.8534130229979616
50373,0.052034914136340205
28575,0.9721085555731772
91319,0.9970538884119279
68711,0.9393669220695893
25464,0.9998757783853585
101221,0.6661205572112224
12830,0.996852653570572
88138,0.04413792082237704
72978,0.9999902533541954
103836,0.0010281663562869243
66988,0.7036536889007386
85081,0.34683703731694293
73508,0.006003592633170162
91178,0.937981185196835
9724,0.31478243761510616
38974,0.2065058880383827
3592,0.557949537234116
61440,0.05906624014315525
86583,0.30845140168441776
106458,0.7281922279516169
13015,0.40102485193134135
21510,0.026110160107388213
48484,0.9852776042299919
104183,0.48273764884568066
71906,0.9962166357141127
59569,0.19158367720818137
60361,0.5554166641623515
2057,0.14231578653527577
17177,0.9999669727171342
62283,0.702907160258574
52036,0.9732953738024712
7523,0.34459943877774246
33337,0.9881508737552783
107091,0.9999999999777499
63922,0.9074471461451394
54527,0.08672856536056983
52444,0.9795670150753203
20137,0.7292907773266826
38681,0.9938588105278325
97847,0.5949529601207727
84840,0.8345704271560901
55970,0.12408708453820677
41342,0.9045024127204127
59140,0.9999594536818461
66421,0.353082094590612
8148,0.6753589109644799
104694,0.5991877300081917
40263,0.19104482511999188
31403,0.9943825044631548
58366,0.9284784131150474
13510,0.8803628309126887
10521,0.5608938397959918
62092,0.9974929820858219
4466,0.77939760002861
55710,0.6191772546435674
62393,0.9673760927694773
29986,0.9910410770163085
41376,0.8388527891758011
49512,0.9655738289122794
74880,0.9974170749302789
100373,0.9942054410415861
88792,0.04661127491967162
102491,0.9046974893907098
42734,0.46593479002592914
51057,0.06547431992278613
83560,0.9999999999885862
48485,0.4637737332382221
52786,0.9227277884107052
20893,0.5612400958803907
30127,0.9999999946608009
107087,0.9999999999952548
76504,0.1784283553252657
41143,0.024428789814413078
6901,0.8947177130282069
22673,0.22570360402532164
60889,0.2749632623876902
105169,0.9896977557590535
95140,0.06353355388816644
63297,0.7874490121517266
106392,0.04605980859359924
88395,0.9634482989652838
102557,0.2383225081582785
23934,0.8894113477513006
82077,0.9971318068487117
11249,0.9999978933200533
49965,0.931424276226435
73811,0.05502787712236086
48603,0.9286715317926765
45876,0.9985279157712625
48268,0.3066012687074633
79541,0.9675722460987529
58721,0.0556995838500365
16201,0.16517236948248737
97864,0.06934336020104177
89613,0.9913865810126974
42372,0.28555278764562614
38734,0.9979762809707754
37127,0.9999999989846657
54144,0.2574094940207915
91637,0.9954559824068366
47504,0.9400978047613745
21559,0.09307547714854064
10931,0.9302663580609891
93217,0.9688422672263006
21914,0.7747524796375078
10161,0.9878579960823992
103111,0.0437777570578972
79662,0.9999075889965526
105156,0.5811693990831255
85806,0.5646165156168248
44614,0.9370078594095351
41219,0.30192287447896554
71606,0.056633221060288765
95894,0.8285030254349113
80629,0.8000114099648001
23741,0.01564500606675165
87653,0.88270127079518
51403,0.5970512895699519
87417,0.9080065198444947
100308,0.6691120956633504
35312,0.9859086869823406
25292,0.8383757186244445
74924,0.42486061818534526
32872,0.9564219836969999
30911,0.631435580922239
101341,0.053412016778318035
104179,0.333495824356546
63203,0.016692761394715674
50326,0.9007692559374361
105499,0.9905542620261839
10766,0.921670118783105
1285,0.9881100821021415
51132,0.6119215063093482
6558,0.07293255994896063
37407,0.30928055849358704
37418,0.8743423349242109
27612,0.8071743518111847
54642,0.09124821025343333
66683,0.10874671787848555
11716,0.004172104472876594
55668,0.028789092751306648
105308,0.917991368954574
17721,0.988741008526136
15348,0.19561606232688855
84198,0.5902695753017396
87057,0.9389270569268358
43591,0.10529623102199437
82058,0.9157110283889571
103957,0.8794744064343019
71609,0.1774357348625673
71336,0.26966341184836967
3950,0.8456436873915174
95071,0.0324022950702568
7367,0.9085013374764432
67381,0.3747180632394299
94939,0.6503891652671644
27144,0.03676769138342632
65879,0.1544306007152923
28707,0.9999972472626129
103783,0.24727151229865763
1633,0.5848098628729618
3921,0.9999156895425595
59606,0.26014693467780947
56268,0.9997008240929176
52884,0.9874691043304226
534,0.9229229604389495
32921,0.2647617661007161
75744,0.8326555689219253
53067,0.9782272098776498
61464,0.9992863563627764
34755,0.3439051019398345
9339,0.8794829696592912
78018,0.054587625144633785
46704,0.520296085595371
47227,0.9733009320562569
49061,0.7688635434541783
34870,0.2047417400217975
8242,0.9954318122406509
93720,0.5875179507228111
100551,0.4407361378955187
9180,0.3751405222074835
76741,0.011468947461826513
4263,0.9934756454759707
24905,0.15181795725407715
5098,0.5456555535504212
66297,0.5468457238417084
40786,0.8380072573559845
84270,0.8467292907020112
47703,0.8890239484011904
98906,0.7237278313535014
51148,0.006714864808164404
81097,0.9954957485555009
7699,0.37613353057727955
25472,0.9753875116799638
25664,0.5030903687647794
64195,0.14741637935892732
78344,0.9999999959595997
97718,0.3850134604910057
37288,0.04601826187262435
3645,0.18425455886011927
48948,0.801853501062489
72958,0.9990006374408866
16042,0.9999999494973351
71646,0.28794638631810243
85711,0.4636980681082768
100769,0.052820865955447244
65382,0.5069816566600117
73602,0.9948521111757253
4202,0.12686313675252942
22149,0.9930611757718264
40010,0.9999461372277283
27650,0.8910805088220822
100452,0.8196374049727222
80137,0.4515239576563108
28510,0.15648790229734838
7165,0.15938924716798808
101807,0.1175909052174926
39464,0.0434310135795884
75805,0.1801071682789196
91920,0.5666896147350504
39745,0.9977300310798419
82288,0.34455675582235856
102738,0.8443214889315656
45685,0.7036845806728841
41576,0.9890946920102447
62792,0.5318721805172932
55996,0.9999940330857435
47448,0.8286754154723924
75224,0.08328221894148319
9998,0.8559450144711584
66460,0.09380465743086785
11277,0.07533558846718807
106840,0.6905994508547398
13405,0.08742508017889156
56969,0.17070007982518998
9838,0.6895606103330948
35955,0.5743779252655622
25532,0.2156030770443615
21441,0.9021441308278229
9503,0.9999991031424718
8880,0.9238359897740877
16314,0.9611852072319506
59726,0.7108174731222171
86100,0.1563491595903404
82970,0.2690768590445989
39111,0.23620405559211166
87080,0.8814802210057018
76817,0.9685580897457537
43078,0.42997481977761615
67620,0.6204839821487694
24319,0.39965960808316153
79643,0.034245881284553685
73709,0.5573963669311004
95459,0.9999987071078084
96430,0.8705711864645431
16801,0.9876959376635354
46047,0.9846583613690351
55978,0.013340001786670134
27843,0.9602131561331205
34122,0.011296847467725087
43576,0.5403837783286338
83429,0.18074815255737725
1778,0.2863613845126953
67745,0.999688191809215
21855,0.7179737451389501
61740,0.9610969109656669
103793,0.797004220144909
15920,0.07766238200601021
67490,0.15027765729625048
15756,0.9931517376994836
916,0.016875711174871775
69333,0.9861057198284356
157,0.3599680034712709
56053,0.3215274106418944
96323,0.056164030114040184
35005,0.3600245316174534
12926,0.22524642923760735
42523,0.8958261965875324
78491,0.2653203076943891
36954,0.9602213175542375
20095,0.43979795976840247
27457,0.9744461098175714
37067,0.3837008913030263
98125,0.9741480108937763
98454,0.9899604127459617
1655,0.21799964062020621
53739,0.2700321431014574
37825,0.931585959291279
77336,0.861898082342804
84582,0.18531186481922618
67061,0.0846914304267537
3584,0.24562469392163844
90723,0.8230907421338144
65421,0.9643426258177719
84127,0.48978907133561794
75622,0.16836943435745727
42404,0.41485550826252315
79522,0.9118029222877156
72976,0.999114747392879
14077,0.8402510152798668
93324,0.20646479691264258
62303,0.9766665623239716
74728,0.10128969041834546
73053,0.9509095504616852
18672,0.8791260851945427
107162,0.7880252014168816
68611,0.24166457185764395
97984,0.5269464616010654
64440,0.9672648406026629
106360,0.9715310825486452
12252,0.49283132490016496
68088,0.8001516801160595
59223,0.9280640725507556
7341,0.49677181058564684
52311,0.893363910375572
92580,0.06931239539267547
15850,0.21031055138981292
47112,0.4720113649279971
17840,0.5575611232768628
63433,0.30542244572002036
30976,0.22925681460811853
59214,0.5531664453812232
11767,0.06867083730336071
2569,0.6904259153436476
34246,0.18602598680711235
68725,0.837578152099717
38118,0.9999998150977433
28619,0.9499074472269882
28721,0.6727867738266172
56811,0.07991230220798068
32609,0.35366353863240757
98733,0.9822299502119857
60450,0.9996398518319334
42416,0.6891141048967668
63694,0.03412526571947086
70553,0.05242414188840261
22850,0.9252163618613073
48756,0.5635013860936118
57246,0.09689404865880147
104854,0.4222204293605573
100932,0.9997320260005041
1125,0.1820949103236516
39762,0.9408100097716124
52919,0.9804047350007827
29817,0.5173121521694686
101696,0.8087123891435114
5808,0.08373200740299236
67597,0.9435596591872661
104055,0.9999996701812498
46600,0.15399634205679302
97440,0.33849368463497187
58768,0.9704246686931772
35074,0.05941739573176246
99450,0.8790842784063415
68486,0.2297950669612237
33665,0.7020418360453045
52918,0.9694816665324643
90284,0.34744000991633794
101159,0.1806737714173126
135,0.9975123401232062
38045,0.5711781272884338
56648,0.011799331157694926
36159,0.028010517186504734
64225,0.18750254195275678
92833,0.1925863661787549
4591,0.9999440692425624
33095,0.9850167881334057
83857,0.8379009169486547
103262,0.7473475773873958
96494,0.9449073529197305
28081,0.5411573641163672
56014,0.273327749983387
68780,0.8431375599776041
61532,0.998971816350057
72605,0.06724782740857031
69316,0.9998630583137982
93904,0.9881341882218533
2934,0.9297651229737575
1878,0.915976966524322
85705,0.5119257501333813
91577,0.566312159903916
7250,0.9114087574331095
48804,0.9659312172314717
95013,0.9996854930774186
50457,0.05627541184996755
46414,0.8087507012577142
3284,0.9996396977118649
71376,0.9843935222982232
44493,0.008094519817687731
81588,0.1124069169267849
8994,0.660019655243935
17124,0.5881945740011302
55422,0.5173909548455112
11562,0.9417540990470715
12086,0.9949988651459877
80526,0.11115088438750603
40115,0.33156948223151356
102586,0.7206265517777818
53343,0.0790929939310056
70382,0.05351588349154216
22615,0.7221697898961482
42924,0.34383059339029676
86601,0.29922886385166503
40393,0.9999969496790234
102281,0.831143098742614
44481,0.008391128145761154
101276,0.9989585182394668
23296,0.9996110995736587
17649,0.41457585396874125
67509,0.9976864401952507
32363,0.04873717636870966
89440,0.9981787872012099
91099,0.9999695993060099
80637,0.17026675238173045
85526,0.9999989971971098
82456,0.17422722303589516
84242,0.11749457589544687
16361,0.5936426015548079
102119,0.8327594849250116
68479,0.9982567814669379
67209,0.9999999107336839
18542,0.16736775482172028
92854,0.9974884966922175
93243,0.38985900280750335
91451,0.3728841494888249
5295,0.04202107637638174
60797,0.7791830921454213
38001,0.999999012273877
94119,0.6240718820620921
57684,0.9288624025361685
73427,0.849444884281893
65312,0.26352872434634095
79589,0.09319363955952736
56257,0.1359295666654871
103145,0.04911096517974866
56980,0.10497503223797583
15829,0.839739356945366
6905,0.09537596337019011
57594,0.49254508202950037
63118,0.8771127455377731
10383,0.9944851302924497
50890,0.2690743997736389
73451,0.9933074143429378
75946,0.9999944998712444
15132,0.9051651844054927
10636,0.8924369095405615
70920,0.9999998674950381
29213,0.10932638650873028
92386,0.2298817986586773
76339,0.213020728253132
76246,0.5921579594098106
99785,0.058625306133286675
89465,0.9999845711664972
55918,0.9999201859056424
45899,0.45289897568212467
39400,0.19259414577952577
17310,0.9790719648103637
31284,0.9963545568067912
55262,0.2555167236787116
40292,0.32076001649751396
10063,0.10635947592583073
96989,0.5856459242571425
69908,0.00206140743789727
27525,0.8426686737985871
23382,0.8685416968634294
22213,0.050202849633825666
75722,0.6301834949868594
100231,0.6023266644521914
43606,0.149251471504541
697,0.983576309086056
18823,0.9997484665919151
94353,0.8813728906404156
14417,0.5417997381903502
87023,0.9959354004051365
20149,0.06628251032247227
42557,0.5528795345125412
68970,0.9998134544416856
63926,0.8549152802364205
88152,0.01038686344303903
12998,0.16573203571745604
57911,0.9954045320447973
94631,0.9943079936092203
14833,0.7957266775257129
69160,0.49256611444237836
26277,0.30422017302993126
10398,0.8445653350369962
106582,0.9213523174069567
51161,0.9937948925601406
11660,0.16724135089464826
84105,0.5580914278940454
44266,0.9255399663000217
20714,0.1646878648955981
40284,0.5107231433216938
29765,0.8417134807940363
21739,0.647803263654839
57896,0.8626480991148114
98889,0.9817490581396591
21034,0.027907282133605757
93075,0.004889252011424663
39388,0.1543446133944089
34445,0.07299012647701396
89148,0.14322815315238185
100822,0.9947328214174946
87616,0.999237169859789
43267,0.4780114183470955
77726,0.7807747219889362
74819,0.7399050466990715
34091,0.07120819950149829
36160,0.9943775508894691
16567,0.9746342884791234
36427,0.9997010268306636
89343,0.8792931387825389
5236,0.8421853000383716
19656,0.7358975710276572
17120,0.11874596454668657
78119,0.981702273078633
67326,0.5766054033625664
56988,0.01729970392674591
42774,0.17375753224893842
4252,0.6719902531775361
45036,0.2420756012618971
93503,0.3243498414152577
36503,0.9983007065229357
6668,0.9799954019992525
56927,0.6761465217272099
91031,0.19728421588532286
38040,0.04426095408914039
8788,0.3681168364692189
44341,0.9996409557627559
30446,0.8757045887576247
22399,0.26878994812882623
19626,0.8861080482609884
57714,0.9660867885948242
106679,0.627385990324934
101317,0.29618240992327144
11638,0.28801284408965433
80259,0.232965966953531
43094,0.972313780471519
97482,0.8059342420283766
97261,0.9999956265614739
56527,0.4073140876305225
66716,0.16309234608939582
75174,0.7872447793272486
80517,0.3055255299666304
96147,0.999806700489729
73544,0.1304927171878847
101381,0.9295889306649873
5786,0.008582785881625124
11843,0.5620694142262112
13605,0.98866274779528
15923,0.7192741624555173
78457,0.20899038506444978
89640,0.6178177995486501
61076,0.6716732328518209
65399,0.9804992166598739
21070,0.19867407036730433
13288,0.5682953834136061
92767,0.20458510702660893
88463,0.3394023274454115
5771,0.29940096490353696
52482,0.47484119047817397
52211,0.006840487380697053
35699,0.16680158984105725
82819,0.6599739663069686
58323,0.9985229516208772
79455,0.9423636242046414
101021,0.04434130218516806
101900,0.3422914803248642
100855,0.1280779337069134
48913,0.3648333066444095
8422,0.09070705818307051
21591,0.16341638072185977
68410,0.9927270238280896
82562,0.7706257753281531
20162,0.9945903075152188
35733,0.9999923796337298
83896,0.3311904309581729
79445,0.9433612011259378
87804,0.11974099822815848
17189,0.011016057667505607
23028,0.39359597725475465
14654,0.8486763689573875
43912,0.9266307776720851
105665,0.45164690530995383
81324,0.7055514470159516
37554,0.23762656769547347
65714,0.09206315144647798
80642,0.6084135815711127
24924,0.9985406715199905
104113,0.6170187278323729
97902,0.33447345210565727
32324,0.005598127842016874
46628,0.09294309070041806
22477,0.009584538729344337
26253,0.18794117643639507
59764,0.0008013699350155227
74929,0.4505970956693048
62838,0.9608415318317403
41245,0.9970159021142
106914,0.045378140840594716
38662,0.9999997332066541
83189,0.15852046922262625
77736,0.2547165723951945
60421,0.9967190262963445
12258,0.7943204267028019
47169,0.9306677623004427
56070,0.008889131423346781
99194,0.2574558302172675
104296,0.30031864048912826
90967,0.8602234087183511
50117,0.39939366209860017
4203,0.23640154184546824
44757,0.9348424409049534
78023,0.9992335738937886
100320,0.04368583132452427
40426,0.25696821924221763
40344,0.7797729663017288
20063,0.23360730067098012
94130,0.9217199023502938
34724,0.21711606015481932
100774,0.0458803727576677
2965,0.7926435838694064
71324,0.999099500693449
46590,0.10079143180744593
17034,0.4530487910108394
14757,0.15083749036195226
72404,0.7456189022056051
26576,0.8883736629045631
17312,0.032310119142695444
95378,0.798961950815639
77843,0.8000332685070519
88236,0.02607070581348038
15364,0.38922564967992496
104748,0.782979384342811
20900,0.05401175778837433
93581,0.9810621064307322
71,0.9417967212909366
80931,0.8590427638517002
40609,0.9988290321831106
93206,0.28825150502594976
94585,0.7642685570261908
41345,0.992000569047562
93711,0.999842610359119
3892,0.05945077390999928
29616,0.9983221730621036
39536,0.1082094424597847
9635,0.8786488268762174
26716,0.08246859620497954
96815,0.7824512463110617
37465,0.47660250455600617
64776,0.26916778128890223
55191,0.7529679881242113
49384,0.5706442826909129
98150,0.9603544791991198
5983,0.99827996840283
55979,0.048836565988816784
54609,0.12513435629303926
32907,0.707202709109817
90159,0.9742585200877645
81811,0.34984192030504946
7903,0.1342671946751161
82655,0.24720197624122936
28323,0.9944403842560011
100157,0.20910779295112258
14820,0.13431650378706217
68270,0.5157426210184718
29311,0.5621477300904512
24196,0.5842006436353865
38767,0.9999998511543003
5309,0.13056481630899752
24604,0.9685472690231541
15359,0.6647518360701208
25016,0.3780654105019532
34009,0.9733001075816368
59027,0.7725307220658902
31696,0.8367240434665739
69253,0.9944946359514013
74784,0.10399224952543179
77584,0.9654227840837821
16787,0.2973377730320754
42800,0.007819486220295995
86632,0.6322490628926065
3360,0.06833950010432799
74757,0.3715353062708916
105540,0.7153699035003841
59718,0.8356716289768022
1718,0.9859202081541076
31278,0.9994664501636207
21179,0.7068234879767994
90986,0.8306611655765421
47055,0.44345070239163464
100970,0.7638993638077817
88689,0.6247278673320907
25021,0.7309032499573302
42462,0.741181506292711
47329,0.5681898661338041
5460,0.9914767075911409
21478,0.9041686562612139
21844,0.9671023177863124
77282,0.2285614305924129
66671,0.9997499987739682
56501,0.9978310061794022
60408,0.8518761636309291
37442,0.9125779887849923
65504,0.8912220653964023
94680,0.4058700983757958
25638,0.986177974091045
26857,0.05818890113972547
30161,0.7786288016865766
19249,0.7517851337188606
19272,0.9946865766566021
101223,0.6776317414035106
25996,0.13500179582783056
74216,0.27270552412945365
7180,0.6936695118924725
68770,0.9796405850273435
6169,0.9999974424402235
78728,0.11986240313698399
8912,0.367687568068079
44692,0.8954185301614956
5796,0.1767003598184076
96444,0.6905419641082522
22025,0.2945709070643461
67542,0.9999281059549051
39829,0.9165287300584827
63480,0.2356917396761179
24746,0.5729246230093468
8869,0.9996355078636036
28270,0.8933104594485543
17620,0.48722440147568835
63764,0.5547676083957959
63645,0.0190809504148923
94642,0.8072117260930757
76334,0.06969016385252197
75870,0.02554532615205761
34423,0.40430080278134084
39206,0.6350015550914492
52695,0.682222951903201
44667,0.8248012886146141
93087,0.8547051761839868
82078,0.42253674152257725
38856,0.7825807735499022
44589,0.9941793182420469
54968,0.26579991869205705
53493,0.12443408091926761
94457,0.1721351532169058
20758,0.9832906258997962
76530,0.9243691639872889
97913,0.9422830997718582
107013,0.0598412634348383
82356,0.4263648301364825
21399,0.9688729294827031
58494,0.874433072556895
37976,0.20569754343570196
61479,0.8222314778606012
2431,0.9839613473611392
62209,0.5600268678349838
15426,0.05767550494163623
94139,0.47321282717303864
13017,0.9988131824379881
82215,0.9909271151640168
56462,0.004182434493950648
33241,0.6331921955839259
47577,0.4758002958794058
82529,0.9987132475219107
51906,0.95518697747521
90797,0.4966652286351559
98464,0.7802789688517806
38836,0.9999999828329119
82556,0.006158413436783311
54209,0.9999352451226485
71204,0.9211690515911131
89986,0.9754978775865633
9441,0.023860538419808314
2382,0.8340595650431583
97624,0.9961947950869936
64522,0.2602108744726804
62720,0.22850702179044913
63260,0.9942517457932832
46366,0.8037968856483919
20018,0.9999237359073857
95759,0.9946785797201556
41475,0.9830663589100119
22357,0.9858607962699169
27428,0.7762606375341108
27990,0.07784951162505768
54772,0.996864669926501
24712,0.6391764782035901
7205,0.5775316466551711
12194,0.9536471430284298
100588,0.5717118183073513
66999,0.9999953536539138
47513,0.14395232440668387
103881,0.4777639006624034
92995,0.9941532494883798
63769,0.9979403522085483
36527,0.20891949314361946
93808,0.14216084662990752
13250,0.9999999902758989
74570,0.5292820611608292
76458,0.9958451862001052
79467,0.6092858132691206
60931,0.9972174790819722
28392,0.3866913507080294
2066,0.7539108299742368
82596,0.9979609958072292
92902,0.9795652869789655
79623,0.9890721256224034
76197,0.9042075035200146
62060,0.7585588054236865
19675,0.8447661106810997
85056,0.9997682762232803
76790,0.8844462007757655
89036,0.9883336129948486
105060,0.8593905229752914
87598,0.906068305213362
8811,0.3830706991891395
65186,0.9658991219933297
96504,0.05370361116272812
51370,0.5528199499243434
20954,0.19667173029644125
14384,0.7406519957459194
75075,0.9999999997185423
105486,0.9692658876071205
58219,0.8725427970248145
90856,0.9381714079558353
38246,0.37489187645176003
13794,0.10074634673865102
45460,0.6560309128161862
38350,0.999996393150689
51286,0.27576353436737455
69129,0.015917272039435507
62307,0.9759005251742873
25937,0.9406582145918152
96685,0.6119488302562943
88296,0.6263908228547611
23100,0.9389493143838455
63373,0.8957015241564871
30548,0.23240333665614626
57481,0.8158366498172147
75015,0.9155741684476505
28009,0.059153272190164266
65271,0.6444730424774405
30923,0.9754140292255207
38234,0.1566607366410716
98658,0.5744190168971458
36138,0.5378200090705895
71234,0.7720176662179365
36834,0.22587602184494193
18327,0.19468117056952344
73897,0.8506098366526098
98523,0.9633056371357226
44093,0.5865006595404799
78230,0.2812997961649576
29537,0.9995963557308734
96994,0.6673176996819159
61463,0.15314676438129576
47503,0.9122855842622286
84628,0.0856638135787593
33697,0.09043721185393566
7664,0.999058919164574
102577,0.9607570906718905
57598,0.5515599762930015
101337,0.5596934518726752
44242,0.9158064918022804
40509,0.9994827560612161
106230,0.8417546341522935
94979,0.9891250752103119
39277,0.9536229761662574
1103,0.10896699555262701
52694,0.041639976268550385
98301,0.9459488049161506
45047,0.6059524429205091
92421,0.5687354176242256
63527,0.9999999999995262
99354,0.9980091289063819
24653,0.004254948685064564
3650,0.9984257587737803
92368,0.9837697338622402
31691,0.002255820602655227
99264,0.9994595636715272
70625,0.9987154485428169
59442,0.13499035597277953
36904,0.9992747878493577
76594,0.4800669292764002
51094,0.27017329901188747
54796,0.3570859736973906
16359,0.9980945982786066
43475,0.8925816901110715
14904,0.5957193615945205
18225,0.8395282622546034
21746,0.9999998889803515
91365,0.09899285901206256
49509,0.9096223406909714
6862,0.9999986834152438
32973,0.8720552992367643
31736,0.4000858978122926
70198,0.7510097136872813
96185,0.06976352228445691
68163,0.996137857859353
62480,0.9549139359125601
9796,0.9644037605816984
58856,0.9728378653347836
98594,0.8012035646782281
48215,0.9736799790571586
41876,0.9996370972383997
55372,0.7146452686333832
53819,0.5618609398367993
40964,0.4901897214241258
39785,0.9989591230389827
84252,0.6866648939595231
24881,0.6636847001765758
59551,0.9842322286816656
94934,0.9999659349946035
73316,0.3989398374339962
38688,0.7015475261888913
84428,0.9998792898110862
24959,0.03705019738996007
52262,0.4176425806801913
7973,0.9795527986845658
4535,0.9193037208377686
57248,0.6059736004740056
51268,0.8010723222332012
35606,0.16964448030097518
24109,0.9090450549059828
38380,0.03247595808357461
21466,0.9633125306780989
46404,0.05845100442236176
7629,0.6736120468744871
104026,0.9991752570088792
98556,0.10624644835532376
13492,0.2763152866239029
70499,0.9999991471204319
19664,0.9904474508334651
17732,0.3955507686734123
57639,0.5783808387135685
23925,0.9991378323329044
67036,0.09386890917200447
63907,0.35026055408270357
47528,0.9789548343018741
56591,0.2896536346267933
90598,0.09363591684466843
23272,0.016749151457121848
105984,0.9881298956273995
39878,0.7408951290505376
90430,0.2023844132636916
25496,0.025428904340783924
54257,0.07353839517533019
73962,0.996438138459646
55229,0.9998591049461912
92703,0.9993102776870552
88087,0.5806952651581435
66877,0.2126698415040325
40634,0.7810116114416449
44284,0.8673627511787807
60860,0.6540006557147047
51419,0.9993674465330836
7202,0.6719172522322769
31373,0.9811067183575136
19159,0.2610329671606041
56830,0.2522105850784908
4651,0.9989535652910899
32591,0.05961433885761566
66858,0.8620167895294156
104887,0.3374008386755817
21724,0.9919930147695487
2300,0.08160578176579619
87101,0.6876823377198714
63342,0.9963637237703593
60131,0.035079285021025274
41712,0.9996906945725123
67422,0.2820766935647291
41436,0.4890860090246557
96764,0.4418300190322251
22425,0.01661153566334382
14074,0.4701147410636645
40157,0.9647176983153807
79972,0.33406059638388813
73049,0.477299590236751
21087,0.9976018517531093
15123,0.9971091492458426
62453,0.9967504549373718
11463,0.8605625707448233
20470,0.10098767986618368
14846,0.9980320119247637
84401,0.09511533006347767
55485,0.03787064200711324
58853,0.1396382317473735
76432,0.09560142978065256
11042,0.6171238438119642
21945,0.4585518465924001
66300,0.999999979766931
99439,0.4762547383609192
103587,0.9499824739529135
25155,0.9370940755919438
55318,0.8762059366491195
552,0.11775975133727179
13676,0.9999690105969296
8550,0.8469828316866497
69830,0.9953429542310375
17051,0.5191237401678221
67049,0.7200757205435016
17302,0.9892294100517443
60304,0.9900884323860084
37252,0.14018075619838932
68955,0.5122904538217127
22759,0.09987853859663215
101744,0.8959226130829958
88006,0.19475561475026892
84681,0.9956283199739704
40573,0.9973129371217531
38144,0.881577962152934
99086,0.9999956511392
62729,0.9999959385773114
43599,0.2692192405450887
43628,0.07619087108077466
4299,0.8947135429850062
57146,0.9036720932953584
104464,0.044481480512082616
17001,0.8811087064371735
50131,0.9832319527619684
20091,0.5733046087050312
40732,0.9418431021517534
52880,0.24244858863787194
60414,0.8439488556618497
104612,0.04337355979718522
46476,0.004538850665125439
100335,0.27794943411563217
66799,0.2285375345479726
56503,0.9328743716590588
31616,0.926203253032338
10889,0.9973439595734956
88749,0.1349907183109329
8157,0.9950002994007947
51234,0.16506627805913415
452,0.26423265430224285
102601,0.6761139282979867
58299,0.585163062349403
71493,0.13463230423546113
28453,0.5536590794144831
86185,0.9994139005581874
77641,0.10023375564669962
83232,0.9041507696515438
6003,0.742423990934409
30076,0.6499080716436988
100000,0.9515040636103784
65002,0.2754291325818682
105207,0.0007296008063250713
36824,0.4559355616276338
1634,0.8603131066292359
105978,0.046555241831553955
60831,0.9850902297851843
31530,0.9434763067184221
8745,0.9999992053852645
52151,0.11020159471423813
23481,0.9975710070089623
100706,0.25399071034082216
31785,0.7185939566118912
73638,0.935410538676389
30514,0.5883217437010091
95942,0.9757851181965329
101397,0.05839064970334739
29352,0.8502499736538918
78898,0.3970948941085708
72271,0.9710792619820288
21124,0.9993687775706105
73922,0.694822187007593
17687,0.8436409839220828
20103,0.38471212971649094
42805,0.4042340067348135
70994,0.850566839966169
35768,0.9810573889856042
94034,0.3363824278331319
22971,0.16076976338615218
72373,0.43045381893997103
105008,0.6140335552254432
64388,0.9218772730718761
27709,0.7839521610207547
63655,0.9999910797790896
62981,0.7953452307189928
57133,0.995385673001243
80257,0.9999640419266587
52226,0.9994745598406898
30023,0.9681036668376493
60731,0.9943005692349807
105408,0.7176124035066831
37988,0.3392206963435306
12743,0.9676733957750353
104293,0.806955615423341
86318,0.9868130562788383
13853,0.9981484725891311
71228,0.8361020725467213
61309,0.9866963542304455
2561,0.9475882789455254
88497,0.9930322722064077
47812,0.894848726140157
49097,0.9716470783602554
56769,0.9912549590474562
1636,0.34439768623615985
43807,0.1194349063324836
71529,0.01436080360617195
17792,0.9995832697927742
29051,0.9704160425839621
16886,0.6991185861893221
93546,0.026680508171566905
100085,0.6737700147343647
57120,0.11503146998226643
9226,0.23022715208076783
40121,0.34685703921346905
39123,0.9999999985637388
5065,0.6232925851231793
39749,0.9999894462947738
44240,0.9984096414756476
15753,0.993406048770786
102695,0.4255215929591759
96922,0.18109825535489255
84376,0.9579843974964054
6971,0.9678532596871455
69532,0.9996135214048317
21552,0.8752045923391591
96626,0.29659024099811104
68507,0.3308205627418326
91522,0.9687968093932154
58877,0.11580363039875313
12209,0.9977060555863424
14153,0.9999999518960718
87985,0.9994165804789328
12308,0.9918504598323249
80234,0.2792704589689535
89301,0.9999998057151774
31424,0.7446629631944977
75706,0.9330270026949254
17126,0.8615044349640433
48742,0.9942882098050303
91497,0.5527875055203846
68297,0.7174469350367022
95310,0.9998963674641449
26060,0.3153032056442263
70451,0.6846912974769005
798,0.9800266133470316
93850,0.0013968863735151417
25018,0.22226447696327128
22400,0.999999896133294
22174,0.2331507179429647
13391,0.93029053285809
54791,0.9980182009162392
2642,0.05303238371695986
67213,0.9990396437486042
27889,0.3017571019171995
87372,0.999839661898591
100776,0.8288023058021756
39723,0.05712936226578391
103809,0.5718107768376466
51725,0.997462159471563
67129,0.8163158736951273
87060,0.9061488641355987
96530,0.609709868957287
40302,0.9922345414947512
24038,0.2560171485981315
34258,0.6038840639766567
106629,0.9985980041369024
15543,0.00748873624883688
87383,0.047315729263821035
1015,0.7558061209477018
97485,0.9621978279448943
67644,0.341951570260476
66203,0.9935350225424184
84154,0.9998098300941477
24414,0.014974644661674258
56141,0.05529510853023018
75383,0.46479682298190733
53768,0.33546050307924324
28929,0.8494038937998647
23852,0.11763103737722941
1297,0.3894470978716531
73347,0.38977573616541694
52950,0.08958044482456257
10811,0.0038193221608712794
58896,0.9999979503168955
68070,0.9338181599287351
64562,0.21298085428945446
102229,0.5988414571262082
100812,0.5662049284965169
49250,0.9479608721938207
13035,0.7379419150612797
45861,0.49883276290211487
43825,0.21921437582213027
79567,0.33283201803256546
21486,0.5747202198415072
3324,0.07793118973838452
107164,0.43236327400910535
26780,0.9174008195649904
77676,0.22505517091665084
56804,0.9999974022670184
77658,0.06826346795743836
73143,0.8964012135781114
96275,0.22333733393274113
41414,0.14357245397349888
48807,0.9999957574861305
69427,0.9959157445812743
139,0.7401562338398299
37206,0.70180445185417
30436,0.9999945856384747
17017,0.054939420167944994
23718,0.38299066728530995
55378,0.6949587524724934
4892,0.07840335361402179
16589,0.09168560421817351
18204,0.176028887944228
8205,0.09410455003907847
56744,0.6167523052082148
8053,0.06440916687264868
85850,0.30532854676670823
17765,0.9859642505738254
65323,0.9810157484186571
38352,0.9999739747457808
22841,0.49029827935965514
79699,0.9999342407068331
14831,0.3128474227772683
28240,0.3470819083655825
12536,0.950280302135045
44152,0.6848605381054615
66864,0.45630764490190584
49004,0.9850908585351147
105381,0.9999887543996442
85548,0.9978012459825949
36613,0.9999670585310242
86481,0.8567513128719882
10075,0.2811966444838494
54197,0.9143162761432262
70970,0.6128729269368876
55435,0.5339728958633305
83324,0.15446234044338047
66816,0.26581323445431915
48267,0.26851773447213273
36636,0.9897900067768889
72138,0.9787678213990845
57278,0.5612190003776678
71659,0.6062393677267389
102210,0.9807194607165203
39170,0.6782174834619179
10423,0.9536091868027434
1630,0.7161619665961685
52409,0.0729625450622235
74633,0.09455900736279987
23859,0.07474665297173409
94716,0.5528387882582388
70644,0.41089365842731634
74105,0.5564790488987612
106755,0.581638008554402
42476,0.07637731950242571
27598,0.10258052933485295
38586,0.38276439604051227
45556,0.9840169026667206
62264,0.18406135290686831
10318,0.9737051438290986
78770,0.9454438472438796
80509,0.6319026088438223
58271,0.9953311202248196
74134,0.9987314505174267
99903,0.5560474133025056
82988,0.45033559797051737
95205,0.6138213210952581
95741,0.012677172075723196
80661,0.7617230821840801
94682,0.13465865684203138
56607,0.05639015945076942
92900,0.9023603146097281
96137,0.6184046258330593
94344,0.9856051825865993
27722,0.9982761160303619
80310,0.9956774555748773
922,0.32886260868731654
25571,0.7286811124696737
58516,0.999743264762245
106511,0.01674830787734332
52788,0.11011062942662853
105406,0.8683535196922347
88057,0.9833075156938086
29097,0.04758620475469028
34909,0.9999999564656419
75042,0.05893164472714251
11886,0.9996553373570237
89965,0.9995374198641528
48375,0.9931665202087983
96484,0.8828011359971837
70676,0.9140183848458581
83287,0.851959853552389
102033,0.99999719346451
1765,0.9714591183522113
96066,0.9999999921849271
89316,0.6399203532802366
626,0.9837851270559669
60314,0.9366669623354376
85348,0.5025569968261211
29251,0.3411196526449753
48886,0.9644558548521973
57687,0.3150201875573039
31118,0.0561057034702258
28689,0.47169720759995803
92961,0.4118584977781599
16310,0.653800719765878
44436,0.050447570965563834
70378,0.9528075126920109
39568,0.570541930182967
27441,0.9948064530471442
28939,0.0569380137471248
43110,0.4736543426154331
9082,0.8419938986003997
104837,0.5404317216567134
75890,0.6621589712267657
3688,0.598984549667399
53825,0.15864022607074463
62324,0.9587811256956542
103507,0.20689283430668215
106541,0.5590880568739582
97431,0.3186431012354724
93525,0.9999998920629789
55075,0.9847649719073226
98795,0.6424325764897938
71928,0.8976608257052741
58959,0.9588849854576026
68242,0.009913244942979491
94908,0.2822005838124428
3244,0.010142840219281302
103068,0.5065459361580527
2925,0.6272873598896679
34196,0.9520902269867237
91161,0.13334939031527504
94596,0.9673575796735108
78960,0.8277219972136853
55380,0.15742578211194536
33881,0.3883051108192813
71565,0.9999953073182257
11832,0.3853693512224062
85390,0.6194377195173731
50684,0.34756374919528643
99934,0.9489818723170099
77377,0.057675023098126145
76935,0.94749011238679
104175,0.28054498002294886
12528,0.6581264659833861
75265,0.8870997762971228
95712,0.8224380235213484
65433,0.29430070725090746
10431,0.3621364149440163
51297,0.8344404753758362
90393,0.13227010296308084
487,0.017046736407509127
104511,0.15525109276159949
89320,0.9999935735371301
46443,0.7223805697458893
93423,0.8267165894945985
38846,0.9510972051153433
44979,0.33681267973019147
73142,0.9569832357815999
69730,0.2875404761143525
6899,0.6738726884087187
78210,0.5554266901432411
69950,0.4011214866356585
45936,0.9547499074922132
105329,0.3657457607424972
106726,0.9461105409919633
69820,0.49367910252379776
87051,0.9997297415488438
7554,0.5660459924012042
88367,0.5265010520229758
36258,0.9999719274438928
24848,0.05592134887159871
25340,0.5000497507567504
76019,0.8529684656657079
49687,0.6748908250918126
103964,0.7508825164830943
24116,0.6587103248264404
89840,0.19183683953313035
55265,0.774103159747327
21513,0.9986822705443281
14011,0.7150774032916787
74797,0.05810075574431347
106509,0.9262984115726279
31239,0.7717717969422038
77948,0.9895440226100054
31083,0.9999931774578779
71017,0.2276017721208935
58123,0.9907602195067959
86986,0.05615017186078488
90834,0.993923489298297
28049,0.9983105595633054
23547,0.9999675179581465
101750,0.17507605616960198
79995,0.9620087059686894
69207,0.9997096954063155
30465,0.5574089919744206
60786,0.9665283668056608
84190,0.03191307060758041
14807,0.5549600942746743
90045,0.5149310738582615
38429,0.9998003622098697
14622,0.4794053806257903
44434,0.532278478720225
64333,0.8211720861793131
95306,0.7589559324323313
26137,0.7599279207325789
76680,0.9689865588915231
27861,0.8347747237524046
76113,0.99818656882871
99383,0.002835242787401841
67210,0.9979432984622855
106836,0.7737608622330094
83887,0.4551221146198259
92123,0.3476966447058634
12806,0.999911141601245
49958,0.8815415285722827
41165,0.9999999988205966
102918,0.9789004646044154
59475,0.16751392679276966
55272,0.7439117095395849
45885,0.24690510177637975
8720,0.929872720725514
22847,0.25332542203358244
18951,0.25990240975552575
76600,0.06310280233369553
70407,0.4633737637176178
80197,0.6826895524129218
89087,0.1957524383184578
38945,0.19481588551151213
48070,0.8997128152718882
80022,0.9999994279470489
101121,0.8946956669146426
50475,0.980321811835384
20313,0.8969950032466512
103960,0.9496871295338198
98087,0.9999428952894474
85487,0.7673905784334091
50001,0.002183256669044691
91222,0.8813931607411607
63071,0.06076289053587046
42397,0.13962996809868455
45032,0.5942119246449387
37891,0.9795848530737559
3642,0.916951782543334
32947,0.5308414941124867
37430,0.9833869072045769
76430,0.9757397645327831
39591,0.11406588909061638
66009,0.9231657753158384
45415,0.09078654638275918
70006,0.5477096559168919
57592,0.3884553876840712
1712,0.4477615807300612
4496,0.33289344617630423
72693,0.8817019706590685
62701,0.18509882319771065
94551,0.019844160206900618
54202,0.8964087695747343
1309,0.9048961240484101
84751,0.8669718453264612
71737,0.4810763670296911
31353,0.2749758311674188
27296,0.9896170046432743
32193,0.9994181385319225
72367,0.9837261228251917
13260,0.5842078676879952
75259,0.3926384282678317
1628,0.9290771844758774
35217,0.9997340502286359
5328,0.05917269653130788
10568,0.882204877222192
79074,0.5419980258435056
17025,0.9986849853143425
99638,0.7395894211123599
67734,0.9832414774014551
22777,0.8675233168756589
85719,0.991438592621688
7506,0.6758803900495556
86728,0.30009622215912024
73467,0.993443810136253
67086,0.29100173430664955
3107,0.9999992719312994
46597,0.9464818324980284
10922,0.6719940645508676
67556,0.055888948317871424
7441,0.8598860756397371
31089,0.9900034677293915
61601,0.9834931059718024
14847,0.2019850520002453
35697,0.9681603631444016
64197,0.05717958239481328
46963,0.11652456820044965
41147,0.06824842946869306
13811,0.9067335533384738
68928,0.9999999968486308
35308,0.3918570554952545
94983,0.9591659674194801
74508,0.5653658221533319
44931,0.9940424030836662
30960,0.9674669498299084
91080,0.44938439815819126
49216,0.5686995243942444
34340,0.8467923003448199
75536,0.9947248864087833
76424,0.9094086049658732
105797,0.8272424971666514
76336,0.051490196292704876
34164,0.6689706097136182
91149,0.22295860394946276
7162,0.087488333890617
18604,0.012185132142228569
83905,0.0602192033819851
44615,0.2272111605946876
92168,0.9971800727147321
5462,0.05974708352759153
85219,0.0007101722396267617
26937,0.999939915083018
10670,0.9998888182845369
57,0.754134829255174
93177,0.4033906639507746
34485,0.3449307406557665
68925,0.857709405342143
100142,0.9998024227665528
73993,0.9999999999999999
15790,0.46760779069014785
106598,0.551493727728211
90142,0.4154549989348259
96949,0.9916216214377992
40049,0.6307503619267761
98288,0.1519438508518785
43452,0.12310601648863267
22569,0.2366633800357379
5611,0.9436932133730583
37750,0.9999999627519743
26421,0.9995492826207065
92422,0.7791202483658695
89352,0.5488445328546684
45761,0.806659279203569
52232,0.08981057858394953
90421,0.9999264583601091
78709,0.999288704832326
56320,0.9996184590030864
37763,0.9759273742806024
46567,0.8899929254785284
68911,0.8714233364398885
27099,0.058744615603644794
73795,0.9627842672351566
59380,0.10905759340964388
48205,0.854405030689555
43413,0.9820548207020472
9655,0.9855847078683364
32377,0.2607034975207472
30523,0.9729060487103488
64260,0.9720147414180993
12302,0.0389142781938097
69453,0.6943150915915312
62392,0.02972540664615818
78449,0.7594168312784271
52714,0.6410062954661341
87352,0.7839469214623729
61091,0.04143954648320835
63242,0.1194135882845479
66399,0.9445646539724242
54903,0.6171049640613988
67957,0.16252415196511022
88573,0.4214772623836117
42545,0.9998238709803073
17008,0.08030964631314563
87917,0.23922969444681808
23181,0.6289359179038323
95015,0.09118421551809663
4188,0.4801991862799312
72957,0.9999511324611507
98126,0.9994953790426713
73695,0.8157028896937141
86412,0.623410536439499
87550,0.4251325849783934
98272,0.9999999423847503
105660,0.8297694056557705
89434,0.6996894664732914
44125,0.5664515340912357
90837,0.24209648941245493
46442,0.9840318089317998
75672,0.2919825063179896
31938,0.9963594868510582
49532,0.27474744971391885
65836,0.9618925006441
85029,0.9999965841103317
71793,0.5599286918660815
28148,0.0503487749043186
18266,0.9980549314587901
68352,0.5093094979657523
27061,0.515285131488339
22985,0.2539523401470616
91305,0.9403671074904869
8795,0.05665564351241467
50663,0.42950515169102643
37397,0.010034786890181585
20058,0.6075944576271581
9312,0.9997435554395253
80532,0.6965240715190143
14830,0.003671085624416388
103737,0.046778684783430814
48438,0.11688200338316934
34089,0.9999987152691923
32605,0.35063831077899077
62126,0.5764710942596982
99398,0.2512246268643755
25307,0.9521537161512037
708,0.983417297960956
65514,0.9999972746172081
61917,0.8471519014715431
70611,0.7532814739536435
20762,0.20724364624916847
64985,0.9609236681044926
93723,0.05351112105913084
61541,0.5573805590710101
29197,0.058632320708291864
79929,0.013509419292676853
22641,0.4758517610895158
92709,0.9998286756180091
38048,0.7083244379254572
7305,0.9711201291150995
21740,0.006136403198226976
85485,0.9761026635197138
3615,0.7382959680221313
11020,0.6915347079878968
25188,0.9740983641177081
43652,0.10002618967575477
36192,0.47841183046645736
75957,0.9996933113655458
88832,0.9747433419472401
60444,0.9999021284602917
89932,0.6592900445759277
94105,0.9390374181081766
4755,0.5523839362712083
41737,0.22401658513471007
79543,0.28913929075848566
5273,0.06471695498018071
68791,0.9999894845133795
60228,0.9993710312581926
61289,0.8102614207161762
18009,0.8555072594746984
1837,0.44243356463483785
79532,0.859456323016561
55273,0.9383432182646889
21431,0.057132327486870665
64794,0.99931677333808
81887,0.9555480091156953
17964,0.9867892333507037
10972,0.34262979874752525
9294,0.2972175958159422
1983,0.4238000600359316
31490,0.42309993320796335
3548,0.49647569546598724
38711,0.7466176780109419
55591,0.09056101343972639
32376,0.7083136565007073
23684,0.030517872746488785
57874,0.8961973299349826
48713,0.07870345461306344
5106,0.056610778467066004
56224,0.998100885600062
43354,0.9985243998320251
25836,0.9929078410860085
55845,0.2486699986443261
2588,0.7960654288454581
1845,0.9244196580141331
11254,0.10515381267722096
49014,0.9993029231963795
59168,0.9999740721728689
32158,0.9878929646644058
106482,0.9951472682152176
103536,0.9968511545963029
18105,0.46488092745561516
89530,0.16294150677622116
20602,0.9983286800018187
28623,0.8094362901313761
44630,0.02280436648547171
8252,0.9730618391164154
32280,0.939581732892305
54952,0.9751037100885841
11378,0.999847375406553
57914,0.24605577632010556
31376,0.9551791162853681
26646,0.7880752713817594
55328,0.49965119068136843
5958,0.34720881441455886
63839,0.03575181054813286
69304,0.07930228798827338
3100,0.8528795336220989
37173,0.9999918887733102
100453,0.8520397937359598
12253,0.9811464544683063
74226,0.48325651970351813
28495,0.8499050493518618
12372,0.9417383921268162
73968,0.27011275967877224
56212,0.5060171278907603
12655,0.20581334505344456
69853,0.5879260091423468
67111,0.9933863935246131
8325,0.8779342709585984
91304,0.8222107761638127
93245,0.27914735301338056
17300,0.008009093181884664
17331,0.6148608676682018
6291,0.15483796132269206
14892,0.4553159273050481
103278,0.7843768964456217
97196,0.9177518657106885
26858,0.6206266459882657
34982,0.9911957367795501
74003,0.21075969159298463
29347,0.05247389969944238
21220,0.08254755957630139
82090,0.9999997246446013
41613,0.6333255315006205
64303,0.7629910637262861
22182,0.8483909928661912
13504,0.973519042503751
106774,0.42665303395066534
97978,0.8480068602488149
39162,0.7147016763701084
90912,0.09453330804437293
103240,0.9831246184523837
103157,0.9795577500907966
48423,0.5974411985510463
53055,0.7752798589181153
87595,0.719203382888977
80780,0.0037711958704949636
78794,0.19496510031544312
67805,0.996094107735027
60188,0.9958982604244461
67146,0.5714769163051499
52978,0.932272501184131
61623,0.09374494721641363
76558,0.5977085273389161
48118,0.31653564245361465
48547,0.4906972281215441
21302,0.9724132270566015
29500,0.015258395399870457
21585,0.9995453378174299
103436,0.3033675080997247
78681,0.51230633869054
84602,0.06462079732641741
81342,0.9989934847547655
67363,0.5987187019882612
63318,0.9999987700371865
18802,0.8120335660833851
26594,0.11357312571621742
106701,0.7588811870282661
63187,0.3453580738230926
25393,0.5440230852151781
70867,0.012334214652319294
96689,0.9496273228103265
94172,0.9993862699923669
4913,0.9717916854648121
29337,0.25365852423769253
18759,0.9838532222378433
86816,0.9999516632624897
84442,0.9605928384257993
28896,0.9989459753034661
25659,0.9609971406846486
2345,0.7289726530478697
22781,0.0131776381350677
93530,0.05636402063775262
58435,0.9995679337393494
16096,0.3488643925498327
76360,0.9998531090068751
92650,0.09326978598581664
94136,0.9236735706808477
12855,0.5891060170081643
48613,0.9923517402021701
98930,0.37219114962800404
17850,0.4425784536367705
68426,0.4908537036259376
8807,0.9999996793485112
77682,0.12606683438354732
70262,0.9503168269870248
101688,0.9126551032439796
34538,0.6452872584202516
13445,0.999164097236441
69689,0.998825259011692
87006,0.8693468114486351
51615,0.7089491768081067
69533,0.8125876077725906
15420,0.9760561503710394
25501,0.9997977237236446
75037,0.9981865632970177
82250,0.15125145549860824
34582,0.9999991648022462
34900,0.7814771076476976
106606,0.9003084314446961
68574,0.6201397996937017
78879,0.2517667788915268
72523,0.34395089140514257
74109,0.3630771844590842
102780,0.9325456884258194
41350,0.6578058954069067
6776,0.9365783481422862
4752,0.9995921391784348
79710,0.2848515217520169
94872,0.9407413719232605
87768,0.025952570106995403
84545,0.28335807996858753
47364,0.09159137238643345
29565,0.9982459244094891
38176,0.15903626625502804
1523,0.9398717154203081
71965,0.6631704774242424
46011,0.5933344835307337
101166,0.9915817258402465
96157,0.9996420671153821
4599,0.06361202573847076
57139,0.09647499595737902
46502,0.13333435135901134
32147,0.9998382489706987
8727,0.9862558843250074
64,0.48385200088408925
87977,0.9999929081240635
81911,0.9990978091671181
62494,0.29681720677524065
98355,0.3781951530782755
13701,0.8014451422942754
60982,0.08627234602990075
92575,0.774133132894498
48249,0.9999943270673274
34171,0.898081152770899
89055,0.36533836597082825
20920,0.999940578932909
44323,0.9993471051530401
93856,0.9235552775905079
29936,0.6623553962050142
84606,0.983753922060621
14714,0.9999226830470288
98673,0.5786938864652088
103736,0.21267944631059016
82642,0.7450641082081201
12030,0.9997287814087039
51674,0.609674677019959
12718,0.08707046639566379
106852,0.4960450789902589
16294,0.9999342277275608
66475,0.18065395640950382
41485,0.7988984035884293
30323,0.2999065548503219
83992,0.998790385189801
54682,0.6696459025472392
92127,0.9563947251133215
35902,0.09655675855939994
28139,0.21507302894499725
90412,0.8503372460419976
74418,0.9616549624412755
78510,0.8914852932423758
100330,0.8605238021883115
29036,0.99985309127207
44485,0.6727523861067012
16848,0.7865015199537702
10544,0.999481071528434
94780,0.9999985662646023
21582,0.4324878351320451
87225,0.09149462557001176
93669,0.985254487267207
87901,0.6704729112404917
49697,0.2782121988350782
5036,0.6673270656275956
67043,0.1312807212121334
85540,0.1296343565091998
43921,0.336248068299825
12644,0.9905940589178432
2676,0.7754382771018111
58412,0.33673116846469925
12909,0.20207193172117027
95061,0.22561479117397376
61837,0.99983881266974
93884,0.4100744382097279
8939,0.5018270234700586
84360,0.999949689216644
75469,0.012907901182196995
16441,0.9806087891363808
26500,0.005317456890725125
26617,0.947753267962864
70080,0.9838062746854416
4320,0.7017460017982277
87274,0.09593516896413201
77249,0.9484109687417803
49626,0.9999629506514656
6237,0.9998152944769328
35626,0.9789863085948686
102000,0.9986101790951866
83002,0.9965331732791894
104492,0.05657478183901075
18532,0.7619299505936248
87016,0.8984852685771186
90720,0.3910347855525702
93144,0.7755210865401501
47367,0.9999999995544555
98201,0.4310893936170097
97722,0.7805667986706633
41849,0.6385694119134969
26633,0.9830861147624311
77169,0.05972060663553497
57349,0.9961767357017665
91177,0.30680137775238264
22794,0.8699797326949925
14637,0.9967535453872907
104038,0.9998945209259007
49505,0.9450907953974993
39769,0.38469953306746757
75395,0.005614211868458366
84177,0.5460852868714151
90804,0.056666287123020305
17129,0.4047147221443505
24386,0.40751603203517806
73235,0.2977338977444821
40321,0.84863767209574
93445,0.29676138071058156
101488,0.9134297006269336
62,0.6799535787064328
150,0.16174061462915734
26870,0.2681659318520476
85644,0.0561822602494038
16864,0.27878103660901493
9800,0.996730977674041
60156,0.7849640026965997
100967,0.3918586470267926
91352,0.7506117317379601
84613,0.08386941840093715
46913,0.2898661299916937
58417,0.9815397042113825
45651,0.24418239471892905
42020,0.9488541964944414
34497,0.6959007513911553
92156,0.8236834239803621
96062,0.44778029907307315
15862,0.9999546231913434
19527,0.014034453352706191
51620,0.5596396144383051
83964,0.20532189182431765
11283,0.6120237655912881
56397,0.0554789674201687
70095,0.7434452249528103
5355,0.4391317884640346
3853,0.2690332627616326
82993,0.7960483430605734
82541,0.9891490612349486
8571,0.011017094724377986
59954,0.7442992299958296
32906,0.32032240335232554
80732,0.012657092244709282
25197,0.13367529813650603
19175,0.9992582987191219
65975,0.8569243073264597
35001,0.22813841683757563
7468,0.9205291639711424
81927,0.9500938454900478
100585,0.5595514113022999
41885,0.25497129674849595
19845,0.7538523569632579
14709,0.9408723383822424
86121,0.16272510273758456
50416,0.9958698220446454
39496,0.013536884858285926
92117,0.9974757754009997
41500,0.8029878850231733
90525,0.972732317765142
55859,0.27814249639084254
59665,0.09613398183192223
62490,0.8662164930663703
15347,0.5717670382033315
104307,0.8571472244939184
74223,0.9316350889400711
11063,0.9999973442159511
83506,0.7161986218330617
6916,0.2787393526626193
79549,0.3110337006529404
80961,0.9977852079610184
55185,0.8179714382225571
86688,0.9711371317859859
38336,0.2738703870415465
75289,0.5513518290607216
31850,0.011281282448913108
67058,0.08121184697131634
3142,0.961254755724458
20576,0.14160109927918718
58998,0.9250133771435249
74310,0.6363210066150939
20310,0.9971044031893166
79457,0.9998913219240733
54490,0.11215621635611278
5551,0.9780625405278992
26589,0.9998047611479441
30949,0.8699851551023752
80634,0.4906791990340018
24053,0.3147222078166109
105705,0.9082150048103423
71481,0.7092345616357566
76219,0.9200287855582361
13259,0.9972839758811172
10688,0.9293296568197452
53517,0.16125111926164026
43806,0.9818715753542278
21306,0.023213829096838903
58650,0.41255276003022245
42221,0.8003628578082853
28489,0.28805648890201274
105906,0.9986273322310398
44764,0.9999592500940431
51940,0.9992877935615381
53776,0.13628104255259732
74872,0.0027388804367006127
86885,0.9624767249414062
14008,0.8368061625306435
80154,0.10332430141168714
30459,0.11064036946565314
36850,0.3759525810220219
19357,0.8802399762078763
103820,0.8713359735420536
77806,0.9051880015852528
43592,0.9981076299437247
91314,0.20821272076764247
102915,0.9871863439753457
83656,0.9999910545961742
34066,0.30046068387753905
65063,0.3130034754047093
105304,0.6235370867578631
94799,0.9993633467439568
81931,0.5947170939570948
102755,0.9825410698134942
91521,0.9407717275818692
105307,0.6435809828460546
4994,0.2135587069505221
55303,0.9999967156788757
13462,0.08023097119885253
48714,0.145683589628947
18107,0.1065321809622336
47219,0.2511006949625627
69705,0.9811150978712819
49115,0.8285735172231525
24789,0.5311121757817848
54685,0.9870756065697485
13191,0.05814319430305727
70514,0.29501740842378754
97653,0.022651247183807784
49100,0.9822977676276639
66241,0.947088115541006
75096,0.6934804452703859
51437,0.7810545224287286
3485,0.9667545141015527
73283,0.3055432902610279
78073,0.6260959082218931
60245,0.08932945622434418
91386,0.052188392661259
84247,0.4924142943071058
46800,0.05157133644889241
89578,0.4936487252066962
102579,0.559582395893122
60142,0.4579001459582699
12605,0.3132898877471428
94193,0.23900181525525982
3262,0.8135332171931229
89167,0.8788711551594681
89102,0.06611845291602317
98102,0.28208041875100354
92864,0.6026625203709005
4026,0.9998743667913735
78523,0.06413606300508433
66934,0.015379872723588
30775,0.0031446621837423415
77984,0.9997298039941419
61830,0.8891987869189134
86793,0.4076653183860467
3088,0.05570404421871824
92361,0.15916130782331972
70055,0.9999988609998435
7589,0.9218849838782585
7321,0.08217770562408583
53376,0.9899536072048566
61157,0.07966848334240417
19255,0.9557139755421915
52728,0.9733019920638096
92812,0.9991721507340202
7334,0.057667726997590533
77022,0.9999800176106487
1514,0.9682533233002737
3021,0.09521289249209391
72,0.9995007192297375
51949,0.32538931553643247
39748,0.060536450783717645
24668,0.15770888498254515
69159,0.9878283615528594
299,0.7062301736285843
88560,0.6857391574515905
53647,0.9837449858493028
37116,0.1740118416450216
88047,0.2615771217488229
104297,0.8072214035153578
18150,0.1579981616538551
41495,0.7250144835196637
87072,0.9960955784480331
84509,0.028033233960175374
66345,0.10416839375705589
85910,0.9103417280386922
93319,0.5595036845610996
99571,0.07262310123664409
69020,0.3450869043392317
45649,0.9380266973266284
19278,0.9193737866029179
39419,0.9999697096161504
90724,0.09134924613079615
29701,0.07492927334404925
95971,0.903984460890069
88105,0.7506066999668422
34031,0.5096693397280324
6197,0.6403749239929925
80768,0.22637133502585527
101621,0.9770729579607946
50213,0.9697580455510909
29831,0.9999991940211597
97230,0.6004465802255313
6515,0.10810764070031897
44625,0.4183589127767984
80198,0.4056145376421149
31448,0.25910074092166235
92797,0.3550428933245234
81488,0.1835816452255985
82624,0.5388680585319131
101000,0.7032277514224018
68204,0.9998673404454187
106980,0.976516215218033
46656,0.488137947275561
29895,0.9438230528604581
48271,0.4212784683450746
59674,0.3738671613123519
17209,0.9648257598989811
70143,0.8915780733384937
22053,0.26230429093639407
29008,0.05611855602291708
2770,0.34787048649442404
101525,0.9873943586412536
87696,0.029778766893410316
39562,0.5740742368908712
49435,0.6596306345121928
40823,0.9103046397178078
63705,0.4491768792734579
56819,0.9900212661321243
97881,0.8715774602392796
6760,0.9999982353233456
28540,0.0224342655889872
78209,0.49443315669932947
91063,0.443910590832867
102830,0.9912793640257697
18571,0.9968233717264166
40967,0.002675667241449973
64391,0.15963020062864253
71605,0.9900609080457206
8656,0.11570706350944726
23453,0.04012754845943481
8292,0.7449646233085077
68623,0.07185170724699631
70141,0.9259321410651921
93759,0.11746225147736933
47030,0.9999989523869701
56920,0.7752846463259886
58010,0.8265667018276583
71866,0.7484777438425243
7377,0.9747471222874723
6387,0.9999642156006004
73694,0.1924968738142216
34839,0.8030847892132422
8274,0.46043877141594386
10859,0.42064381429975783
98069,0.49971602015752425
50225,0.9991837452139467
33496,0.5982482752293257
97355,0.9999999999876894
77204,0.08328990998743552
51034,0.9999986736926711
98613,0.7537550419610874
102538,0.9155328010291881
26262,0.9925816410300254
27246,0.0042606746052463165
61517,0.988142872547638
48877,0.5639777984896605
97466,0.9504081492814445
20765,0.11074664891920383
50907,0.2870021607081712
20357,0.8631444460588841
89118,0.16447967325118673
88826,0.5512882761346806
79998,0.006211617224275018
23686,0.8512058640333147
44738,0.9810922281970157
47441,0.3576433877069296
26675,0.27146776953870266
89018,0.9999997722499434
54426,0.23542904602293474
26917,0.9999407840378721
39330,0.9999693932402818
72454,0.9995085464193846
512,0.9996624469060538
27000,0.9006807714379117
16916,0.1738704954430183
82601,0.007126933942136889
50585,0.3437021752439896
90157,0.09659630253283197
99011,0.9999999999455101
11090,0.056203422224176625
56882,0.136002132583526
46807,0.01489175209691949
26274,0.5601682655399431
21057,0.5411778645698025
107016,0.5420781910257415
29285,0.3594421153671254
26994,0.8371671880437057
54882,0.213282234007784
97151,0.5026882743997743
101908,0.7683253559634646
58321,0.16840863645028248
72935,0.4977953988944283
35038,0.1847991734491936
31558,0.6054698283201634
30229,0.027070582568173934
66387,0.9990016607037228
106184,0.5812720886242282
32157,0.34458020980105236
37322,0.0727309057166092
97778,0.4695328199053866
100556,0.047857442417570596
21107,0.9675956214538023
14565,0.9999814500849045
106771,0.997917285457635
31702,0.19635777562360573
28968,0.7090914054066619
15262,0.9988004034123493
106853,0.04692840070086592
84107,0.09726514348085802
36081,0.11277448758452552
99310,0.6991900507964561
85288,0.28090096389269303
31700,0.8534272823083928
69457,0.9986803229645379
65445,0.7040532718777905
51328,0.1570663773650407
23469,0.9650492302662707
41656,0.7239222697380443
68236,0.998702287429512
4543,0.20367970261990448
105551,0.6737678769022536
106499,0.9999999998422474
33682,0.0559157327890662
82662,0.9515536690602048
96711,0.9999997417567095
8946,0.8560950139699901
52833,0.9929419608826354
100177,0.9423015143315626
75365,0.07878223744671425
56614,0.8384217725055195
93146,0.9999893309120659
15623,0.5178163058474424
61031,0.5124648973807979
40030,0.8373736046514714
63009,0.6287190638423074
50512,0.999993597803253
33745,0.9533493894716907
77126,0.4123513906603412
58831,0.8892595001688364
85528,0.8510929871880938
86769,0.05472949464453424
12353,0.7070503551057084
5033,0.20684757738865733
43805,0.8917499017253374
8236,0.9999976503147192
1005,0.12595413029239078
44333,0.012890777427054703
38577,0.9833022305416301
62334,0.9864781338557642
27401,0.5795965107206187
78839,0.9568556965815089
3940,0.9975008455456149
23793,0.9945605051081842
100263,0.9975469632213608
102002,0.9921751953673241
51731,0.6893769294473854
65989,0.9980037693285849
59878,0.9998305867443946
28048,0.07940187584913871
77972,0.04997218681802969
105413,0.8946780927929552
10633,0.9999778240582029
84009,0.20043030646328547
69394,0.10389969789905817
68091,0.99967657570052
12153,0.9939003121661104
83996,0.4080119309526271
94985,0.9663085792092291
84160,1.0
102031,0.701322868903136
88072,0.8605667514890731
54589,0.07876911742283532
6543,0.08386919802616927
1951,0.7119660457151996
80496,0.7089169051965646
28686,0.9686547069790761
46858,0.9025868617085946
24178,0.9993716093515091
15417,0.9019628816133436
61325,0.8714322956922038
96179,0.31799398637059917
19755,0.9965007750376084
80528,0.8806931279287156
35917,0.333734211700517
85424,0.459224379939493
21490,0.9248400121910059
55313,0.19977345440629668
13235,0.3712130325135917
17378,0.6971725025279629
3754,0.2569094584687005
7603,0.48715041769613077
38664,0.5500008302183393
75116,0.116022058155204
65638,0.701984027044493
53353,0.9111790598462833
100516,0.3498618311408678
18288,0.09339565143652451
85445,0.9991663046534093
67231,0.9997728079808702
72174,0.13073031084112852
34922,0.9601278298238424
71299,0.9995362546442819
105802,0.3766190663006671
87938,0.3468721894488571
35328,0.9481881618774615
15184,0.9254104077007119
62637,0.11451582795987097
14237,0.9644584761138868
95613,0.7985695101014558
9311,0.7366648276186419
6338,0.4661632375405766
66264,0.1080519081713946
72899,0.5707263684049876
100726,0.5494437108422862
86966,0.5830619172872028
75358,0.06075807188398957
65405,0.3058021409888516
16911,0.4229348051287088
8692,0.3717792288947849
100578,0.20139714199250275
84090,0.11351376063096835
45411,0.9696019326027713
90547,0.5796870502362069
62081,0.7592910914617887
89570,0.9383911759428545
105449,0.8364632563162065
66998,0.8600026940342675
69996,0.9692461125123533
56064,0.24283227390795653
103577,0.06322612964776844
35449,0.40536513459739076
35385,0.923763091815651
39853,0.8106515574561687
101610,0.681581830157522
40619,0.16456866633319317
17788,0.9719313343851187
81583,0.7957011583854976
35278,0.644446111109102
15496,0.999831260346681
46000,0.09642678987069403
1795,0.9999920245408721
43415,0.9999999809916843
291,0.13520264502148865
38181,0.07454891774509656
55029,0.9999463653553747
34803,0.24985982421196762
55045,0.9497533847751543
46367,0.7744565491773114
62574,0.5834695890594792
94354,0.4572001190028476
96625,0.15173960305399314
21468,0.9786258899817262
76612,0.9999691883396347
19753,0.7400999098307783
34261,0.180849312848389
56113,0.7385770172161283
15452,0.07437114674866717
27416,0.13369123766682872
48539,0.9931238168676295
85145,0.6826286769810656
18354,0.7138221981322587
18244,0.28791181812491373
55640,0.904728526614381
47570,0.08684690712782628
74054,0.41065179949295183
5058,0.42042410172099476
17045,0.9773867016340552
105717,0.7156351737622708
29187,0.9999999995103273
37420,0.3256982401640973
38161,0.9665717548434869
106344,0.5884620713159394
70853,0.1488616284492681
46322,0.7269884249583852
6538,0.08888049551156096
72697,0.9523493758107329
97920,0.9610401144641538
56360,0.14851219409334976
40525,0.6554491816600543
46536,0.7473449298560175
74034,0.864779062251464
43594,0.2403247870380737
100866,0.6805896985119549
38073,0.9563938768478405
59899,0.259371020671934
3724,0.43422032232524044
79957,0.3348179772007448
13422,0.9995049262005032
26786,0.9661056421187325
39319,0.849287346618947
18657,0.9770264619118673
15823,0.08519716951274359
102599,0.08578317779422057
66427,0.9977229659282986
52079,0.08305724131605463
37002,0.9999611683992046
49086,0.3484195120488225
28115,0.979848856770739
98844,0.6826806316886465
27917,0.8696866397029828
64994,0.2954263747827927
72140,0.7503548722834913
35277,0.13592244154998612
53684,0.986350389744889
93054,0.9898622282739532
44188,0.0581530733478336
49190,0.9995830639548549
15979,0.009177232365351064
50195,0.6654740831447802
5878,0.30415229507094044
43508,0.060758545131207625
62207,0.9666415097160667
76999,0.8610654462199612
30839,0.16387683253191343
40160,0.9948674673989992
86895,0.9999560864933967
104572,0.33477379814677355
20661,0.903359183525911
94376,0.9967639570221352
549,0.8584691315427312
33591,0.4174330142326712
32334,0.26986030639871783
80680,0.19145044513010312
66911,0.28930652666440426
101640,0.9970417668718263
55786,0.22019318289259104
50889,0.4207536565567385
47434,0.9957401263025966
80157,0.9375693908577255
73354,0.14694562655222632
30185,0.17102351308895097
21137,0.22731145701030292
36235,0.9862605480402508
65221,0.5410594044977854
100973,0.8315927578357005
41736,0.10104833718125772
60659,0.5238326432039323
55254,0.5341540277395438
97165,0.6312543061067428
45498,0.9887836358488717
36819,0.13373826689441376
2263,0.9984278814837584
19482,0.6563253460667403
481,0.2836955249150842
83893,0.8965788453039194
81124,0.9017654454800584
99520,0.9998299840646058
57905,0.2415750252482241
11179,0.9908161809419874
88133,0.6211807556584219
84405,0.09161738049586915
55684,0.991403830176564
90310,0.36964824198915913
39133,0.5140905248141622
10350,0.42285569358813085
27036,0.14479806766209502
29858,0.9979465211441563
68022,0.3921788106186599
89283,0.16205204901477688
70631,0.9657659789300476
28055,0.39839218929521947
62587,0.09100156517651153
102721,0.9515411995567307
105913,0.9999997584909166
94589,0.9249477214969762
56437,0.980348632990326
40514,0.058146602632335544
102125,0.9968265626277729
40771,0.6318378347561836
44858,0.9998421449958116
98624,0.9601396830426673
92222,0.5678199198125173
11344,0.7857903266335244
14991,0.11130943330044724
101078,0.732080246863496
96328,0.4768194071871913
19565,0.885268050772238
84603,0.9535091125568881
70089,0.03469829152276684
87015,0.9356406904656226
75449,0.839642474043209
51372,0.9984032178327851
32632,0.08904827678309896
22313,0.47527475480876513
39923,0.5301953532250132
12179,0.9979180286887978
59346,0.799021452640363
26935,0.9983851317675484
55296,0.11265685471911424
106127,0.048248398437401
43033,0.08540354517714505
7375,0.011465260656986763
738,0.9763764633632143
83984,0.8749473788805567
71556,0.3559524152437565
24649,0.5490931855305062
46866,0.047286714202073116
1177,0.7333475439986641
55964,0.7527143457288987
70811,0.9999281395758653
3101,0.3387722889584909
56164,0.08184553410750561
99319,0.6670522048048058
63891,0.9852539000458868
42324,0.19746252472892906
19250,0.9142518939164801
3836,0.5999356342499469
66176,0.7791215396582816
21763,0.42519639650242746
97198,0.9650822111029239
65280,0.9994846930954776
22078,0.5956957912440155
34758,0.9651548423898508
28904,0.19989117207518048
98450,0.9999998650692933
22911,0.9964814515598861
66745,0.7131705343910859
22343,0.24863843899263105
16396,0.3966528307937235
35882,0.9377035431350386
75364,0.9822874014289006
6319,0.999510996906088
7977,0.34124537589091397
56091,0.9995857221838649
21635,0.2644846602930804
57416,0.999446714861989
31734,0.9587740622108526
24139,0.08416139208705542
30143,0.8762243623258387
27508,0.20880957788762733
7109,0.9833494985447653
28644,0.9999754991886639
41673,0.079908619069952
49619,0.40221193382102144
18491,0.48400096410168925
95292,0.9998746668282686
9760,0.9840090444415205
10222,0.4548913160483777
80480,0.6236082541640949
53545,0.9940931933821407
20625,0.6609265255343714
77596,0.9543838890893954
22175,0.9999861693166715
33721,0.9732406673767808
105986,0.7392002517727501
16798,0.999554799560813
89143,0.6105331053611653
63701,0.05238584012504355
44219,0.9326401197072205
54963,0.09058495630529151
39620,0.8685213396739954
56293,0.8366307104703594
54135,0.10310081975523733
95599,0.8311955513850431
17022,0.7148207711610128
49880,0.9978187082744099
28119,0.10840841717548733
71651,0.9999833738535131
47348,0.999140842541475
81945,0.952819521076986
50920,0.04496463025621976
90637,0.48868360708762343
55655,0.9314851780356318
62941,0.5898849347748518
64372,0.7759985181133837
7304,0.7144808946388362
32520,0.999949074031427
71344,0.1712547745264551
58410,0.18240218187560903
13184,0.9165474849961031
44331,0.9999116268387576
43791,0.1839046819531605
17232,0.9578954504770153
54897,0.9778048365557417
765,0.20016803452436693
37380,0.4103578336155149
81060,0.10809201225653797
68905,0.9972356795461508
83301,0.07252360950844132
42923,0.303533530592403
23076,0.9999796104177
10281,0.8201952365570453
31748,0.450951003038488
67737,0.9713300107501656
65211,0.09031471990392903
70362,0.9999999999999962
26257,0.9909958987229814
56940,0.3887704316522218
65813,0.04323559283760771
92988,0.1008133379824756
16122,0.035805777658276396
84680,0.030146120424456194
27274,0.26860498423092605
16499,0.8168464697825597
55898,0.22825350462813487
24751,0.998251002684937
89006,0.13455623740680234
6031,0.9999918006710323
1205,0.9775989425127369
51698,0.5555676741652332
67654,0.6152693623279586
25205,0.7577674903140625
80702,0.8580608910212877
52308,0.3826663935972776
87803,0.32945199544567927
94807,0.9764875437602399
93477,0.21474062584157216
53829,0.6223115024958675
84772,0.9784729128221601
228,0.5950537801351764
37489,0.9132275674799033
20495,0.9406720101182486
90411,0.9867127840963119
19363,0.7598484275800566
4982,0.9456902261169415
79133,0.5995869387187998
97768,0.6571450126963241
89516,0.04346117530685776
42386,0.5768363944238346
83318,0.7768330206315879
16592,0.6489363774959791
98504,0.5785545005420843
26521,0.2550857010460877
33722,0.9999999891206472
19597,0.866590236808604
16796,0.9880281332103003
32394,0.9671307923225795
9792,0.9912678349897898
80507,0.9259790303112074
66828,0.22169047290518645
36837,0.6491476369874274
89000,0.9999751050539241
90354,0.10447290081732286
24923,0.800965487080233
78251,0.14554146586609257
71058,0.902166800581277
4675,0.9999930189905316
78882,0.9980701976251355
66181,0.3358564724807591
106231,0.37203059764253876
44901,0.006026820244478021
104733,0.5695676539572163
52939,0.9981523346672537
54295,0.09608961926434995
47718,0.9996765462861379
96189,0.9982577897987513
71678,0.08664688366989987
21975,0.921547554276412
23230,0.9779299035010172
74979,0.42617661896636294
31343,0.6744609008783247
37690,0.1170485113798293
64014,0.967503830359824
79553,0.8438897278067611
17285,0.32731701766082233
18395,0.985519656125377
102935,0.9999998366593578
44006,0.9935439169442469
53481,0.9999594783022674
80909,0.08110773640717639
86409,0.9999561795847575
83439,0.43133422594941606
66298,0.2726027991115308
102980,0.3786594540669785
36916,0.2924462564416158
83407,0.9981319664474909
102149,0.5546611818124711
57269,0.0603963392146295
72800,0.4870096006358497
93810,0.7527081502412463
89535,0.9933870828180335
79225,0.5556364975771957
74314,0.6248387493178116
89169,0.05738692610493215
96248,0.5844568679599244
95740,0.011918951650653731
64451,0.9925505855743362
58200,0.9997355363529219
63294,0.1941009561225161
99139,0.05681989855756828
43370,0.9999999999999996
89845,0.19363695806971626
3479,0.9172741876154986
23489,0.31049319379346596
70085,0.6735379568151844
54886,0.9997307688675044
94038,0.03565190303984002
91086,0.7988643985315905
47252,0.12526738760463263
69541,0.9999967747438498
95949,0.0289092680401562
17451,0.5753238609330842
30838,0.9421402405553592
58315,0.6168286282390231
73213,0.8740990262338961
30924,0.8513263097932915
32505,0.5107165099424756
103443,0.04862443212203824
79900,0.7475143804823146
64862,0.8688178666182703
30456,0.9368482912530639
99152,0.866774915484673
1901,0.8873754977591205
17049,0.9995597069266403
5894,0.9624378877764684
10665,0.37544881913916867
30536,0.14682763710491153
50878,0.33022379259329115
92809,0.690048607367567
39864,0.05926695376010948
101957,0.9977860302754991
57285,0.09007984905883792
14329,0.9629592113128138
66872,0.48384519680809335
94020,0.4782653804871684
48685,0.9999999458237944
27119,0.20574467068877872
46397,0.3116917673432753
10133,0.9809946447104716
36017,0.008025230180450139
37527,0.13429045506043985
76263,0.3029844990100305
2560,0.8617783586161256
2662,0.9999999997763843
106427,0.04766726065587301
40163,0.02862859773506047
100345,0.778198421899885
98682,0.9999817855898415
25789,0.06639906385027518
67820,0.9999446715443284
59591,0.9592330401386769
2269,0.3753951208691083
19494,0.09805144994404708
79641,0.05770117112419736
14432,0.6252673054775593
94686,0.7324367947863568
46365,0.9245949309820624
52584,0.6469684558356692
89365,0.9999835294329887
81199,0.998182670717721
70712,0.9884123853185156
63089,0.8301379064425465
52567,0.39726506067765266
41571,0.03558649907647216
47361,0.036751332546367095
73083,0.2916558000211643
90557,0.38380996716059534
64735,0.32985830613371925
71108,0.3496942354153504
87464,0.6824475508009895
70003,0.08595662102267293
17270,0.015632409921227542
20924,0.9685723130889551
27207,0.06123467972181568
93294,0.9905614115451679
19858,0.7243092323218684
22,0.8559867501701446
49371,0.990477398858669
85587,0.9794711955841028
65258,0.9883730498291555
81090,0.05616688837716881
28146,0.6109754123096187
68187,0.34166326047523343
39921,0.052432504608500234
26644,0.07859825307885437
43284,0.7328930024172319
94367,0.8692290525246908
72801,0.05410610000002734
14197,0.43199570003037585
26273,0.6178694164088124
61001,0.0923537111819166
47789,0.9952952578801438
67460,0.4581811482244543
57393,0.20872287180328558
36379,0.35764023956917446
94624,0.9146200388080252
615,0.6276745589995747
72048,0.9985446444527177
66036,0.86784251594607
14899,0.2154484661484305
105042,0.3739603421160246
99430,0.4013244311322674
18239,0.9999036622622841
15965,0.20729563692576553
72704,0.5394227514226038
13018,0.8773004505562911
23958,0.9116100719819077
41950,0.7600213703136544
105425,0.990823899398
87752,0.9911408796936562
7327,0.04397618371897307
16772,0.12263096435479864
13973,0.9767627374227742
27322,0.5590640630213415
55624,0.9883976616322925
83263,0.7102996671238196
29260,0.8679636591878239
8978,0.406679119830856
17217,0.7582164697456033
35489,0.11618820932661555
43040,0.06343643768381257
90491,0.2899041743558579
34960,0.8434558059337598
99779,0.9984379779625607
9631,0.8821825161467439
82917,0.6991146641294962
28657,0.7278333155317764
72365,0.9675122437167466
24415,0.859809470785102
84084,0.9994533966843862
4944,0.18838129664306374
81767,0.8603592520115015
100930,0.534283213371012
30692,0.9985082915224935
56344,0.8177356685264463
98782,0.9999998567143384
2164,0.2933874802478286
24949,0.03329265644570245
103937,0.9991059863988394
93064,0.27113028967525066
37866,0.27557616037264077
23562,0.9999999978731677
105861,0.04903526217936294
20541,0.8309737012064882
88399,0.15792415626504708
37955,0.989208179832546
31536,0.23927871424137803
46676,0.9653271634675621
35175,0.873094857120819
100936,0.6037259208032446
101447,0.5132106655355108
11041,0.9999015742779077
42194,0.9660882695501126
99532,0.4564971046973706
46596,0.28451643232826096
21233,0.2630051299387427
27154,0.9999999886773855
53112,0.06502317768745372
5790,0.9425207146781247
64198,0.11003112944229437
70538,0.9900600357740689
26779,0.6727013665284821
1691,0.811417774226934
81757,0.9857423614287971
15392,0.5528935348320568
1332,0.6860204955760885
53535,0.9988641288356676
102852,0.8754118889318232
105946,0.06002198866413157
10256,0.43659470101440134
82927,0.9998156942925724
30371,0.9703238793179212
46489,0.9838950153942031
58019,0.006876576456242422
71955,0.9707325575497988
37356,0.4877277706857
42292,0.8645199319075605
20087,0.0038910476203276446
24074,0.48066082180045105
64692,0.11728946034170612
96112,0.33819164062730744
55120,0.7081613055537054
51971,0.13256287915235598
27252,0.7487892166822158
77781,0.11167842398452205
13135,0.6938666620066387
33840,0.07516438246994647
78330,0.9991117396355549
84185,0.9247719744099416
42654,0.5859013291300235
17109,0.12700784322280845
60530,0.07797526002792428
32772,0.4106295179331291
49208,0.3557179349202138
94561,0.30103850099294516
16723,0.9951495940151999
79821,0.766614693681424
6106,0.7945280931734178
78275,0.31500468807393767
7689,0.9953200394703788
2328,0.048087117330772484
66480,0.15524048619280328
37355,0.248930376290235
80884,0.8605945327498328
103705,0.9365331517363198
59714,0.27845347300984336
100837,0.5440314840983264
56301,0.30741258855728676
5411,0.13913660718019671
9658,0.05675720206238687
39760,0.7616172941983219
23202,0.056299370508773476
48343,0.9999853250664114
91294,0.7122260081383409
74660,0.8817577221037705
6399,0.9757631257171514
9119,0.853665638804272
58061,0.9591882862056765
28351,0.9955102607229863
105514,0.02750699099679746
53114,0.44727591116880233
20750,0.9432368298389561
46578,0.6069246781948173
52358,0.7900458721547805
98343,0.9764583526700863
89694,0.07865098922887698
12697,0.7238810598334751
73166,0.6003383198759906
80002,0.6270426256440115
41069,0.6180111956967136
2034,0.9578898279960867
8928,0.00647048832767943
68185,0.9997020050593577
83161,0.9899110437237418
12405,0.010282194314312118
3471,0.23010772353983056
66568,0.784921135533922
105055,0.04694833025374828
67896,0.058504056849893064
15905,0.9998813172517491
65908,0.31762213046958865
54125,0.8625271683916551
4385,0.99598069774892
41533,0.9984204240995163
4209,0.9616972554395326
6676,0.35475258475567306
54989,0.9997823126745792
46181,0.9983921336624133
61799,0.01932509763386399
22469,0.8145499214952259
107157,0.9788501158956642
20637,0.9323074780910968
57612,0.24024622671156237
83711,0.6654761231995684
39352,0.9896372636431064
7947,0.5833818056084268
7607,0.9642549751675209
68904,0.9080503887727027
37781,0.05422798774417026
79615,0.10863748785722338
18733,0.9919795583974529
12398,0.1731897993217807
66207,0.05721300881957
56608,0.5703742249598484
102448,0.9999792793996861
12244,0.999999999999178
4832,0.16407637667067781
42673,0.8953816088922391
903,0.9283785106396493
37244,0.07510920988649344
69436,0.9837303345141277
25689,0.9999209533704301
39049,0.5558602518366659
102646,0.5847838519350016
68325,0.06182574268237094
57463,0.6013389006684879
48178,0.06602412589859874
23014,0.9660635530739244
80092,0.6939906416353726
103270,0.6871904821184031
23921,0.9999289937706929
64591,0.61867517870935
91253,0.7771689388025085
31515,0.626289083175368
26218,0.30051522830550825
15596,0.6179625624322579
13413,0.4471735565232673
11049,0.1726149328502029
82461,0.9168135729289995
11982,0.9999980800901165
65915,0.23463113787559986
40511,0.2029838430853051
22433,0.7134594808581317
58141,0.21983391630405869
2750,0.2065382575136242
25979,0.9999860803625278
10155,0.9603457483746486
99776,0.9999020166737966
40215,0.42307444498791863
105401,0.48832619427465396
2384,0.9975062028448741
69519,0.251846919926224
83363,0.6305186126601587
37895,0.9996431015141155
98191,0.9608469433026445
98740,0.9480045821793509
88686,0.9999389698105108
106492,0.4593571223874524
74955,0.7274705245399137
39688,0.9266086556598139
86780,0.4940074692475592
28423,0.08043282188720347
54109,0.9709218258327867
72700,0.028510676685441636
60079,0.25352134787746633
68108,0.7227438899121597
72120,0.12009227836867709
40885,0.016283882467883436
101144,0.9996000948916856
68920,0.27371261765345345
8266,0.9371764021541672
29163,0.9805813354055827
57837,0.9469898505267201
26281,0.41806389594730003
81402,0.049563873371648845
39021,0.02230917653827234
61529,0.6313436153383041
52587,0.22649815695435815
56985,0.9976790862233629
63064,0.9859695535902916
94357,0.008481639762546605
91353,0.06999442089064277
85931,0.9956103782239588
4918,0.9911354770492925
50729,0.047961423954724434
57826,0.9431770672359335
71191,0.07426202357395807
105774,0.9944621386425692
10023,0.7040794488516879
41218,0.5484944615206958
98238,0.07695242739229245
37995,0.3142604618029486
83325,0.09266575788403075
51447,0.12756646109768505
94497,0.20804689999184567
30670,0.25440998186790553
13858,0.3872938335932065
34727,0.9838439767907845
52123,0.07231139987267425
52200,0.851689352418179
21611,0.9081864018778802
65726,0.14515578306446802
36502,0.812035092517318
102741,0.8859772162505604
92910,0.7356095735305938
66329,0.9837509341207405
46266,0.6682948208277167
93789,0.33316846571665637
74483,0.8493271037318602
82877,0.9988585847576699
19578,0.8270690359718669
3150,0.7777269841045127
7795,0.010265740675162198
100091,0.6876131811440052
83204,0.074347525418027
80606,0.9999999999919394
44874,0.5955509613397908
93047,0.995838012485338
93488,0.5938532695603517
1805,0.5171212064807171
62917,0.9902660960809921
17899,0.40481339102943115
3849,0.9395921836807475
7118,0.5802513923366488
88547,0.015403116606664805
97092,0.9413025643288505
44105,0.08766605500951064
37481,0.9206225983467353
33563,0.5511099023398873
61042,0.9092186946899081
41714,0.3944509979086156
70454,0.33684102333725485
59857,0.804513590368332
51036,0.7539875867928818
69184,0.010614483512209968
3234,0.07969477485616133
74841,0.4402567499238658
23186,0.985829900377641
27181,0.8776006744650868
100045,0.00031956728101866427
28886,0.6173169130848967
73093,0.8612044777389769
900,0.8565352623743563
19020,0.7202489873522873
88602,0.3056491511050179
22700,0.9677029018393166
7526,0.07754927123156816
33457,0.9958317714562008
76909,0.547611132939623
35423,0.983568997900019
81166,0.13875200369576596
13660,0.9998080275995254
14412,0.9986968373369479
15714,0.9999946920712557
22063,0.33808350034792656
61727,0.9768073866287144
106614,0.8593084631566493
87164,0.9999006001730033
46710,0.5239841566558122
19162,0.9826744560835492
3254,0.997718871588533
9038,0.08839304138781323
95150,0.10713101769238781
95704,0.4529568307137512
83830,0.22326784482497025
71414,0.5386312776139534
38616,0.6411022070990742
103614,0.04960300364836412
88630,0.9847070375684909
52521,0.30254395471343487
93076,0.9999999999999075
89485,0.9997968100593365
40660,0.5591114331804231
62817,0.039554755855271545
34049,0.6117467135769641
43571,0.9078221010956933
60077,0.9978969023467493
40460,0.9999897837231116
22185,0.9999828918997973
15237,0.08050735486052568
66961,0.019077767333801142
67110,0.8793608673481413
40897,0.8696239840112228
80317,0.05623105419325551
83200,0.08140858975289916
25955,0.7169164653547603
60010,0.9997241317058136
912,0.3511812114113169
21643,0.7234632706160234
30001,0.18166562966928207
71796,0.7863725889899787
74445,0.9988782546162068
14690,0.885739394369611
45915,0.0843767678431086
71040,0.9999999344396556
19444,0.9979489691727431
101898,0.8037941144729503
19483,0.9277205291110343
45070,0.9542760608352766
96007,0.7914137092663638
8226,0.9581442317665558
14087,0.39653277251589397
19621,0.8746772088636979
68803,0.025996870603398513
28496,0.059935360952895526
15223,0.8724023743519171
71389,0.7100867680884857
18222,0.021737127700105104
63426,0.12810291936837193
2400,0.4979998000299799
90638,0.9874401214463058
93030,0.9999063830488185
47044,0.7719582302447737
95745,0.8519423851721241
93733,0.18368339767815645
9250,0.05353864918253823
12306,0.19240603768292125
64916,0.9991784276125066
97639,0.8165825732084202
93987,0.2076603507018958
69833,0.5049188389993077
65147,0.9105289645675023
1571,0.9843198547221469
52732,0.6441420674763384
24727,0.47900683414558853
36305,0.8512467753652367
33909,0.9921837811291853
36684,0.9170078962144588
88787,0.6359923549825087
5125,0.9999999207055704
96456,0.7325029048954664
100451,0.997743928173619
672,0.972342275122898
2769,0.8078277626061177
9242,0.028830253317377652
36840,0.8666783256259685
92915,0.9237580512185133
53862,0.04935331905192306
92411,0.2616772818025715
2898,0.9480926113083495
19531,0.7775639273909349
47770,0.9724566591565739
94350,0.8076701551072386
89205,0.02184313135204131
59271,0.18804477435139988
73559,0.9736366916797892
35876,0.0574950904349842
1124,0.92373200694123
55758,0.5930247233521826
27800,0.9744572773475225
95921,0.09027874142929782
90850,0.9997657867062403
67816,0.8977243431306079
70511,0.13352709739615976
12435,0.9957929613796738
82454,0.44441392919790706
78358,0.9997053210385172
46740,0.1463897283641003
100956,0.16689011131332754
92319,0.08202112736489336
18044,0.6564961241324639
23905,0.193282771662438
5811,0.9945271505157456
81252,0.5120686065709937
62867,0.07797532955435545
41210,0.9988009761821017
43549,0.5325171946639722
103807,0.7081579904958083
60885,0.4074113348300757
7522,0.2949148117628294
85303,0.9999765490041053
106575,0.28533914075745626
20611,0.6715181290152132
71692,0.970088156329641
2623,0.25516484463579236
35836,0.5555159039150697
20442,0.3618486352880599
61523,0.20770765836752114
77677,0.055201963249593665
80546,0.67976441342378
36731,0.16009650000830744
406,0.9999763184744083
76807,0.9389600953088776
30786,0.10418927916878157
33955,0.14116987506018058
97280,0.375841262749909
59464,0.21965583750041723
67539,0.9966353466271582
24006,0.47932471207701394
10504,0.9999999936207314
4761,0.9988225325663393
17116,0.5054467397864492
45348,0.7699968837360052
27158,0.44777511851246954
95018,0.7593480462315867
52617,0.8390665747228124
92514,0.7234090431651209
16579,0.3452162518260794
88082,0.6780319088233924
63377,0.994919502006062
100532,0.14144682035051387
57329,0.00864106626274346
16635,0.9976111499960897
6974,0.022834236080067852
17773,0.0542415617164547
8296,0.7145804316449993
99140,0.999675272014604
55910,0.9715708284573307
18845,0.9759421993846307
75295,0.9943040386250542
21725,0.13619269871316037
22226,0.8369682501020879
96840,0.5984846244006895
70051,0.23681343346119527
34100,0.7290932053204057
57844,0.45719607625085146
70993,0.011033623034794314
66414,0.90151484801996
46674,0.4187724011539051
93752,0.3108802736408437
92435,0.9987157050032418
37500,0.5412399003914208
56853,0.4187261942064223
9443,0.9999309077382558
99816,0.9292748198437597
8717,0.716130358470462
75599,0.5921314621889662
81971,0.8499614893105998
85158,0.046668479056838165
39350,0.4649296333268204
52049,0.7045329591517449
82140,0.17222076567302985
6755,0.24442138120833978
20683,0.31532589244860426
83701,0.999521761524418
75241,0.9614576795030066
95970,0.11168297873205679
101659,0.06906328606046505
47233,0.9602417355970203
86028,0.6436226475227409
41131,0.5962507883770245
54595,0.4845364326492738
77569,0.008396448677916857
11808,0.1606452779867616
92335,0.9614647156921714
77221,0.9962056742607155
58213,0.28932419637502604
81687,0.17279511554268084
88983,0.28756677239217454
103781,0.16556944494186626
5839,0.9986744831327772
50704,0.2795321667379069
41307,0.4597990255924789
66524,0.9999998963865846
66762,0.0855486744070863
37291,0.39894362286563445
35582,0.003666215905823223
95763,0.9999629592743327
57070,0.9624792895171075
98262,0.974376956231803
102454,0.042867837533720934
77409,0.821549945692976
96948,0.08560248110315671
63730,0.03524281087807382
96065,0.31818054669050355
19142,0.850521034282656
80975,0.9999619155380793
45052,0.9871467071465848
72532,0.4450357133291772
35240,0.06127266511828973
4074,0.9999711407572186
3116,0.0011233618053259813
40238,0.596955516171303
83980,0.9992014156490209
71077,0.24053012600685425
36494,0.9937102276552015
102186,0.9999775409171021
8686,0.8187998334034262
33403,0.9990512358289888
94903,0.7500948235061617
98535,0.5611033450578964
21363,0.998736496546876
27301,0.6407148081411199
62190,0.08012967495356965
194,0.8035119903047738
59599,0.959298325196582
41074,0.9984227604244393
27736,0.999275881503303
68224,0.15379543995707667
2846,0.7408451607371354
73329,0.6738169489160445
5316,0.6130478581830084
2706,0.18813342377217168
18783,0.8596040507715379
7565,0.5542617099191893
71519,0.006660729976167872
51119,0.9773336917232703
73556,0.09535925304496862
3629,0.7213415639912333
96197,0.9824356343920632
76831,0.9792281502927516
41283,0.9699927615606933
57436,0.08043862315554551
55158,0.9875187932586434
13294,0.044243184256530524
36363,0.8799255438255352
92465,0.5970231649572498
12609,0.9986817464147798
73237,0.01101682508142144
106084,0.9991366722498053
425,0.8105657103533266
16773,0.995146180487229
102694,0.9944399333909653
75930,0.31562096901316783
76772,0.982433432699883
73463,0.3002766553730778
35492,0.6453213102090898
100962,0.5787218405700967
58898,0.3778881258169418
18809,0.5760389377872756
76369,0.8053040043677149
103775,0.7730709880252491
50947,0.09606137975689272
107105,0.052160348634781105
52820,0.9479132973105038
35491,0.9998260385038724
23943,0.9536324103162329
28067,0.4121712260201426
2091,0.9066251989068612
19327,0.9740126667504173
45743,0.9573804243627676
11684,0.3312503225812058
37212,0.9941385147833011
98860,0.999843437823103
70244,0.6537279001957297
87254,0.6319854189512288
81809,0.6964370519072056
39662,0.9999992210822073
18993,0.9648435603758928
102329,0.0489557474488783
71104,0.9997676292022956
103136,0.8742125388457411
62301,0.5666634021944426
97951,0.8233340497749326
12261,0.8396966559338719
29607,0.7241661991842687
64961,0.7566559586113663
105560,0.029798208643959385
14058,0.826756162927046
25224,0.7384738429295566
97216,0.4806769189670687
66479,0.9996780756370123
43400,0.778001644997704
103361,0.9999999697369882
71857,0.530913719173054
102951,0.8742318860640399
70474,0.9572076032587046
1561,0.9999999782463648
1056,0.31203819195436544
5929,0.10655741733771712
3326,0.1022953301657471
472,0.785096735749016
105328,0.9959478362133641
18584,0.9962021246722509
14336,0.7513720993027739
38718,0.8626182137712604
81705,0.01197693605318448
90578,0.9999999999754964
21136,0.9481216494781122
96526,0.9482850755071841
70688,0.887564623395406
32076,0.37723653224218695
79227,0.7738205528128239
70403,0.8915057359522798
36172,0.09810216917413961
69145,0.8082476086098271
79692,0.14536998443684007
92917,0.05379817861095917
85506,0.958620909159513
15441,0.9999999818076596
102805,0.31546353217756956
53322,0.6320711207288336
53628,0.11103076439891524
67053,0.272238792050543
49664,0.09264706533476347
52379,0.5631977225745743
89927,0.3118324865488176
79306,0.9917216125697137
61848,0.9418494346411614
59894,0.9989719505747653
6343,0.06792653327383437
49379,0.554826882399355
43932,0.2908713875589517
51891,0.16801530781142981
47684,0.7724114522647472
42368,0.8452977719501233
94677,0.9795712701315465
81349,0.680575108690336
101549,0.4190806158072937
102583,0.5915896059348196
102751,0.8698989076667788
73545,0.4576274078099999
87746,0.9978024399702042
91360,0.9842326433515768
50130,0.019650923475752927
86506,0.8899872315511369
43251,0.9378749958149813
82991,0.9400210109168144
1196,0.8008599155828863
35346,0.9739654984965644
95915,0.9932128104038376
50942,0.9304025462078321
94004,0.9766189387596345
67116,0.9917466541347351
85848,0.0013908977520502416
92443,0.9909050659444762
27564,0.4325265483549886
1052,0.11976762032606791
56865,0.764801656415627
71213,0.6277867532878083
97167,0.03855818067662662
31611,0.5991812787878344
97081,0.9251714289217848
85914,0.13541236166170473
77780,0.9223847583649786
79735,0.3298814423938916
38070,0.6101625717755389
104624,0.6675605308386774
85892,0.7640657264847142
61573,0.9999996961483181
106356,0.6208989410817832
32933,0.7344366778604621
68606,0.9871900874993655
26191,0.030975057963306712
72996,0.9999867272938523
14888,0.881507403302411
15547,0.8241223741303377
82169,0.9862081137458821
79334,0.9986694186998905
71949,0.3971026624806645
34097,0.038374098209826256
34726,0.0774742795067861
35190,0.9714431144263056
102937,0.27055776666030834
47205,0.8853459728051456
53487,0.7284719943025773
32023,0.9288755118951296
84844,0.5324519487325949
31030,0.9767669632072405
594,0.9968487293633307
95995,0.228109429302425
29256,0.7270387583334118
28103,0.9999999999946271
101705,0.8374520677627141
54597,0.5449473634137977
86133,0.9999417874522983
48719,0.384938138366095
13481,0.1456819814958158
56647,0.6342231993125109
103100,0.27329525192434956
61338,0.9854398895040959
1745,0.6591663681452765
44981,0.9637995648193023
21909,0.4717292015856265
63191,0.7096475215664839
105688,0.9999999976678561
50576,0.7944597781718687
59004,0.9451976828591836
78710,0.010888050534076483
81266,0.28751745256353883
53011,0.7777471328438914
59454,0.6300993822534257
62370,0.9519962711388098
15436,0.9294445148634219
47496,0.2593798065795136
46929,0.4968791997353258
31547,0.1923849463234632
40230,0.10795965635541488
72864,0.5108692514716718
96419,0.17571356785191422
100337,0.9618572426041945
16843,0.6000623218280098
31034,0.22042028937998087
21759,0.8787180589704374
46175,0.9983483959789197
30282,0.9998812778961111
38301,0.32863669191072264
29861,0.24373299521390018
31215,0.10009036084939105
75124,0.22603188166345273
49611,0.36363031402030555
79184,0.9571996603256885
98827,0.983420112062455
53215,0.9999957588242192
67845,0.9895960665308382
103204,0.9467920596241136
30524,0.9999357035048901
59626,0.9990779310344655
74164,0.9999922382497681
33755,0.9958295201741072
86222,0.8816531197694795
41359,0.9082184618604487
88380,0.002345300692477654
34779,0.9990367716289953
20786,0.7909129742645368
27313,0.999660537260336
1923,0.6980989274583839
50465,0.17518804087756717
18269,0.7712528718871956
101096,0.8933164018314969
51741,0.9924051591475632
2655,0.02274436570672799
51362,0.1752711710357963
28358,0.8299887243132992
89742,0.6416767997516236
79000,0.5343516382706068
20164,0.6430853974953545
27133,0.6228116190182035
22732,0.3278573704503694
56571,0.9998667908534944
67016,0.8199215252437848
75456,0.003373641829179153
17639,0.06151332912736705
72842,0.2500401608803168
12597,0.9999034440566185
6071,0.7767973790105626
67489,0.20681487278277472
43846,0.9573524716404135
7860,0.5035982250877735
46167,0.35571716880664705
1043,0.05973096421774876
19831,0.056959386062955135
36952,0.9306458019828405
14413,0.97333314352356
101104,0.050552598559418606
29305,0.04925270131104997
14320,0.9725562576016367
83868,0.6794693903676824
19295,0.6689755698019654
50380,0.9990789200917778
41683,0.7192564231701553
11830,0.798433687952819
76290,0.9999605356575806
27478,0.270655490011492
10160,0.48283376685755963
34859,0.912464231859082
17876,0.24271447159981618
89367,0.3341349233806718
62132,0.9759344942572441
79903,0.22255010898990923
99802,0.9983996682793147
91027,0.7364084880343434
31945,0.03271812791851935
103290,0.7191533518202223
77395,0.8221837251035202
39151,0.23737506614316334
14446,0.9798306099256967
56349,0.9896551779808206
84526,0.9387095192808375
62866,0.8771896695511499
48188,0.26414353384043243
1284,0.037760789654105224
34337,0.015110972430281089
73565,0.9947249912663935
93997,0.09272153561602925
94490,0.5255332845877652
104352,0.9456705687458463
96339,0.8706673273870995
85425,0.9999302788003637
1773,0.7789229128839059
81364,0.2675519835702177
7846,0.9715689357343245
67297,0.8991306918689824
4437,0.673646247415004
83380,0.13368447606132194
32965,0.13608297465287333
11367,0.5114763813048419
11935,0.9280354645896378
67673,0.9177716257812774
73183,0.27435292398467626
106947,0.04438620807730728
61526,0.3305122097314264
19961,0.9999833557297921
64622,0.0490810967755223
45930,0.9787861027699241
31971,0.17061826223815818
75761,0.4694925229115815
63725,0.49484245933668053
76687,0.3586755740821786
92060,0.946771103525516
100387,0.0458543146420576
98217,0.4408586353355336
81871,0.07622132665419316
16317,0.08700234177273763
66790,0.8214352323537624
82663,0.985069045565594
73834,0.6386690305198652
21347,0.9118745623055368
86955,0.8661870389523251
86852,0.8582017969567475
68457,0.0981929300648236
88093,0.26379700249348437
81164,0.592796674909551
61819,0.9959433762946079
13012,0.8818024844714958
13155,0.048087999232856636
15783,0.9520021380280344
15673,0.33339582617970565
35925,0.9930739908541425
106969,0.7901468008338144
25640,0.23993370015780613
97931,0.5634686414176544
50074,0.1732113673402212
29649,0.5804616977328955
91931,0.0263986985784703
61722,0.7933693632477741
20287,0.5278332740798671
76463,0.9391686265112672
62710,0.9813973228037395
35255,0.4745992553276176
85906,0.5699618452103781
11618,0.9966742797357977
94378,0.967960811758945
100329,0.6510730347864792
17723,0.25329357014752374
39882,0.4458550366813977
11795,0.9981875642833845
66789,0.9996603401797212
102765,0.6101745879965709
13650,0.9996740255547784
97337,0.11407575848814544
23806,0.7257921731013584
34279,0.3551974009146449
98949,0.28921123717711444
82142,0.4937831126982813
15659,0.5586865179265508
63656,0.9999950156002996
40763,0.04457272381774189
80836,0.0868805230169481
104849,0.937440016669389
86473,0.8250961440281016
51194,0.24463064921708122
66403,0.00927269018676651
271,0.909567858821869
2273,0.015628369021187354
81275,0.2298834270885503
14715,0.8612715979408614
57319,0.0627161696379116
35197,0.08483124361767574
98220,0.9998067969039313
94959,0.5901345152597803
91613,0.9793594094250229
94534,0.16817773601642444
81910,0.9971806214078619
76649,0.11225493839526252
23354,0.18606804141074562
40827,0.9998715989924625
78654,0.034362664033383034
73369,0.12713309676868256
67659,0.9961454031746013
34111,0.9871942082220011
102361,0.5954878167822104
37171,0.9999999862643154
27744,0.9277401963168453
53767,0.7251156241046375
42072,0.9512814200994539
53742,0.308317317472473
46497,0.9995390018921125
35788,0.9268428266414779
88746,0.9366060291291524
4922,0.09519370101000496
41718,0.3947786647332793
8802,0.01366214350162555
38604,0.6060149170059501
57098,0.9885682526931701
13275,0.7456617759233946
18055,0.9963105755907873
49524,0.013004405661105702
76101,0.6844769296990039
66332,0.05578740982806271
91441,0.2830538039349092
81061,0.07499529566577444
96013,0.5424523414863509
33186,0.296691579115676
75009,0.17648255029760068
73082,0.5908493751829744
3525,0.2536375864825926
1836,0.311663523523071
34802,0.27010609702117755
19758,0.15624927504421482
15902,0.8940692967321555
23441,0.6622930338303374
57798,0.1775437258445558
68964,0.9935364212609292
68435,0.9889812596377714
26294,0.8125315801428258
45844,0.07254925409509795
60688,0.9242016232549383
95472,0.8389059943585095
39837,0.5209743932268429
46184,0.9939166518838943
64478,0.9479945105351769
55688,0.5545266604661725
89513,0.06324922538150511
34602,0.9999962898726544
25366,0.9894596550285473
44642,0.95752601650796
66923,0.8958839465309616
83881,0.05601606966756967
13996,0.9999201258751286
6535,0.5521661620521234
75328,0.13102009759186845
69789,0.8389826351170173
102472,0.1734720893501282
27005,0.0799429055489777
94773,0.9992709846781093
39038,0.9998523082717673
59584,0.314314000784964
75032,0.7419173887319046
94365,0.22900024881963404
86729,0.8692752586090735
103277,0.6696230115085552
96803,0.9953113936786067
58216,0.5563214786575181
59839,0.47818444819777095
98342,0.5211201132438892
60175,0.8904574320572006
82073,0.9788483971222368
93301,0.99944005357158
63588,0.9174380129883124
27987,0.9998437195287113
80054,0.999980362953949
28762,0.9493853317781463
92627,0.6149275387039248
37981,0.9512816850340475
103582,0.04308686157559298
26564,0.22278718742793052
54394,0.0867796856652252
44332,0.6867491175094607
22138,0.6137976842103812
94855,0.9799028758205737
4632,0.05651124180898402
32784,0.07248524607132457
32830,0.9992142641233828
5631,0.09943258204534056
16808,0.18554949297554607
99344,0.492779398189349
62996,0.20031498695126937
94028,0.281062634915969
23890,0.9161671211379172
65380,0.9974436423518286
227,0.29073967905277404
67725,0.5041041811771158
104891,0.2752887696141928
28004,0.7887296023070212
83787,0.1139209549797795
29242,0.47760650124382786
19087,0.8950834507836029
21662,0.9999997565114165
80430,0.9970394031359044
11521,0.46432775764899514
5769,0.6359784995071187
81749,0.9247318297279433
48697,0.9728847959136664
48172,0.9999952678173103
53034,0.048073723544433435
19406,0.999698095403839
96433,0.43736828783958864
31600,0.9792366122244879
27238,0.10375411633379239
99691,0.9886705072408237
82316,0.7690135883414951
47283,0.9999934626156987
97742,0.4132234027682914
22508,0.99991694214928
49085,0.32141219465889637
35900,0.9999786990572599
87088,0.5043651460007368
24902,0.9441127169818955
94494,0.14918831971777657
28022,0.9999999716260874
2059,0.9318742787185013
12010,0.9999967861452027
57179,0.9892448230555069
43643,0.9476511004550353
49136,0.6545646794116589
43229,0.15731881903934614
94695,0.9020422032382358
35330,0.007916725845697171
68583,0.0026094801506270924
35691,0.9872026588111438
58106,0.8607964025325112
49013,0.5520225736916473
4021,0.976647337162799
9736,0.7051277932020642
16976,0.9973107124326943
60727,0.8663790920983758
22616,0.43061246014053106
94363,0.02346950964052325
102735,0.5390975872904367
73328,0.9255246264033311
82486,0.02666034896735529
45754,0.0320357025000965
52339,0.001024473288407988
27609,0.6241301141842629
75284,0.5245979127254197
31833,0.7865138520646646
43459,0.9648195719241572
43426,0.8509186098272804
16966,0.46142172847175017
67316,0.5907730396059748
90027,0.7080853413048739
21202,0.681708509425176
60034,0.018417429117469918
100336,0.7175779112469773
104126,0.9534199141743033
10532,0.7614072849260936
19102,0.7764908306304443
70178,0.5322243573325254
89262,0.18311043207393413
59485,0.9817097210389696
39936,0.9411338699373737
84258,0.09943741567394643
98035,0.19005912017045234
13638,0.9755646220429134
104139,0.03963096950204659
93985,0.371806322065773
15049,0.08153050043597565
17040,0.46455089616034434
21849,0.0913372286147095
27661,0.9986569878073918
26382,0.12189992995717353
55516,0.554790249961382
65056,0.9999989600874324
38204,0.9771913057875269
45724,0.9080899755350433
51528,0.9333639477524676
42609,0.9089315277678252
15379,0.39208698756743765
70841,0.9962943365040872
49635,0.7773740436969043
54418,0.6792685097567579
34898,0.9712032325671208
82519,0.18659258961149738
22371,0.0959738963643082
31017,0.664540909140561
95026,0.9779184454400075
54736,0.440492200523838
17067,0.9982275286192164
65336,0.6881171256906867
64461,0.26293936073213053
81513,0.05518171103031812
56947,0.9992365932216075
27779,0.09558869793087177
97067,0.6943573690217285
56463,0.20430308372178702
33626,0.9157226961944065
87493,0.38510854207231104
45569,0.9974394402993342
20981,0.0020738366304298888
145,0.12292285506597683
22884,0.48470724260380355
8896,0.6206451214446078
17763,0.08249774054269865
6716,0.4150169591959111
77738,0.999717612464418
72793,0.07774859364764634
7354,0.9999778027879644
23390,0.966275320346639
86826,0.12114406431637398
102897,0.7018963120644491
2390,0.9932531453121033
101532,0.9919840303565479
71510,0.10946130760295852
85733,0.4163264400976837
104850,0.9988634456409439
36937,0.8663562171527242
62521,0.782598144484887
329,0.50599009184147
58726,0.7424810155535518
104467,0.06832551697411686
11753,0.49294140998719577
75997,0.9071815710019494
44827,0.943896640455732
81596,0.9783684780606433
5976,0.9569456308381867
14096,0.6286250081991823
32561,0.3784485368277706
97574,0.9999406464899075
87563,0.9394630058201491
4012,0.325812841389028
44065,0.35538862647373126
7357,0.3666178695508816
32431,0.9782890082199667
97914,0.9982509545110234
10926,0.809511419416421
25951,0.9408495223684988
16993,0.19697686172534573
83006,0.8630850276409977
65555,0.5307057211739624
47229,0.9975692289171365
24230,0.5332246406194046
80478,0.07880091312628035
12794,0.032629358520110945
101427,0.04684254169416403
77338,0.1355573232453675
60261,0.9553463826366433
61243,0.4537779502921367
52749,0.8061373746795049
35153,0.8037929927999531
1847,0.9545424685257128
37515,0.9997180924229432
59715,0.13545311244717723
75508,0.4739912656897425
68453,0.9049994272762856
38857,0.9444003990093506
76901,0.797914635601849
45312,0.9968566598289467
64699,0.9988506130391765
107124,0.9100098646432462
106450,0.07071753327580417
59034,0.9232393135117728
28823,0.9917229426946018
16562,0.5064963557840392
7111,0.9975473506144935
62848,0.0692660395976543
2065,0.07614953260309949
93643,0.56608991210547
14995,0.9926563556678657
10652,0.7971570767460432
96790,0.9322830955745584
13931,0.9999507052006867
105910,0.5726864742563833
105867,0.6047502283095185
47543,0.30759658434607934
52396,0.2645416535253119
11384,0.08229736906074647
58047,0.5552335763399792
27059,0.04403324800984689
62378,0.9920287128762897
91044,0.8483844984375127
65285,0.8745980804796496
9793,0.11612887687743761
87140,0.41731046144723044
60724,0.9747520051106541
102439,0.4342943293521604
79462,0.05870014362814068
37993,0.9988156587435322
83192,0.7762366164399016
16217,0.9087535694574136
50809,0.9510801594359697
69198,0.9602883982155052
4837,0.6531157187932654
1378,0.7696055969790752
6627,0.41270926892819515
44185,0.5561520868970087
89323,0.6623989143550997
30419,0.31385199358798677
44183,0.9346899442706073
70038,0.2853924947182315
42202,0.012387896888510655
68211,0.014497520848043767
86889,0.9999515373363685
70314,0.9020043004623035
28421,0.8968742355513364
79594,0.8044075147729345
63970,0.9968754843922609
66554,0.7929215135854254
73096,0.9980988698793081
63901,0.734818373084836
48610,0.9999579864195406
4433,0.7405448020837124
83417,0.8665841522746764
26109,0.0013579556312740932
107024,0.8706296309650134
103750,0.4986941844551657
83501,0.9999999468619236
29599,0.9940798990374252
7580,0.20155276592244925
90263,0.999989403386206
16027,0.7820042568095296
96145,0.4981794524733481
38150,0.9424074356111402
40057,0.5954780536044305
31590,0.07860311452728899
101651,0.9798542003277442
98893,0.9659429279206413
5608,0.9640443997144807
32223,0.8380241869055821
104466,0.8462599147206447
24293,0.9574450028976528
48837,0.004661043591638095
63309,0.13763429926871912
55433,0.1782153425432822
35375,0.3192856071963074
65396,0.6567861444816441
91489,0.9995193863523519
86721,0.6648911981353034
10224,0.04355499764860238
87346,0.9554557834825432
57170,0.999999999999999
100290,0.0026207541526683444
35196,0.8528553330393303
44191,0.015851717181558724
92164,0.6216241180398051
29280,0.9594697439452294
25538,0.5598870729353894
83987,0.7647409042998563
62898,0.4329358629029005
106361,0.045518601727477806
25136,0.26095302031749845
29505,0.7616285368927966
83536,0.9957715448510516
45658,0.1540020272888321
3288,0.999959416341454
23616,0.9991298461801236
41581,0.19417772386265303
11609,0.9172483201126937
90769,0.12116778441425552
94406,0.05151653083349921
6965,0.07565446191099172
51073,0.7245831080401591
51777,0.18959626652912542
61494,0.32017766799773917
25372,0.33082152426306366
71318,0.8186789694536898
46254,0.9999969237537665
46722,0.8624240998960986
42554,0.8717342540180599
47197,0.3494661532052526
51552,0.06084015882191315
4582,0.4766964984095801
69685,0.9771567559280389
64327,0.7370917318343887
90833,0.05666746833506821
100852,0.9404467304521653
32398,0.011186272265520209
94635,0.7442944381947658
24454,0.20154337783918463
34791,0.9848741832308425
12741,0.04156956394709821
14778,0.9297799655011427
48422,0.4386805699035186
44847,0.7080005459804933
4140,0.06866422934970598
79918,0.4653521172886607
11546,0.7931605437179559
8942,0.09527288676038076
40240,0.3964807361407112
70332,0.9438930167674936
27702,0.8459136961997691
30292,0.08616251677497111
95337,0.9982640293518886
53342,0.7303535852759734
23596,0.057353392327916225
16604,0.9773444816598936
23231,0.7243046523215021
54794,0.02028782227602263
94579,0.14338215250040132
88392,0.9904465288969497
25986,0.9996191196445235
102710,0.9999992276163188
55373,0.9045413221380374
20649,0.4947362870772938
48177,0.9952439289638553
76434,0.9055494168004925
70908,0.9818130614233584
102742,0.5731536453540129
25058,0.5909242946459147
78434,0.9747328838155872
80726,0.09299690920050724
65248,0.778957086230734
88275,0.9931353242211847
74074,0.9999999999993826
21876,0.991410457681215
103450,0.6194649765863846
67928,0.9999813393999362
59256,0.9522271445013618
46298,0.9999211564894008
98195,0.8515702625687672
95110,0.9999999999355583
82195,0.05660687140420205
21832,0.9996484539127612
61503,0.5238813203850394
91959,0.2865839162187285
26200,0.6415498811213733
25686,0.6873342831634631
64370,0.8753643363693495
57104,0.2442209263689839
85740,0.33137502687535325
65082,0.3740817603127931
73465,0.9999951389058536
14815,0.9889946398000872
62566,0.05746318162939597
65389,0.43530218703574536
36629,0.51693247372669
2761,0.5635420302061735
46122,0.9995298548142192
46708,0.9741460116474295
48543,0.9995637220043205
38437,0.017848229366836454
41679,0.11409568318124291
11943,0.006257797117126151
80663,0.9007620786061472
57362,0.613587350936875
78294,0.8257926788524275
11443,0.9997598718980462
3339,0.07969187681375439
8333,0.9999522834305424
73688,0.032840482481660084
101048,0.5068047055500574
38807,0.5731521316336585
91992,0.5172263881237971
103660,0.05340380244515254
4349,0.11093538486854598
23900,0.6033758779380811
54890,0.9993559623285224
47554,0.2802772120726677
57897,0.05351518273109816
95129,0.655815245041985
97155,0.8378494998662673
78284,0.9067786851794859
53620,0.9763831792675409
17540,0.994958282573931
90980,0.01063494940004766
53178,0.871961821708888
54282,0.0807520221888326
83611,0.9993916037708359
74832,0.07610107854298971
33521,0.8370170599876137
22312,0.5318506138069987
8327,0.9996475264670144
48181,0.13687569778835657
61597,0.9999808918211127
56734,0.9178740782865268
7246,0.12008564552708056
18123,0.9432700219654434
18892,0.9985376506573193
48849,0.830900295795263
47669,0.9980504048535526
94924,0.9433537362211466
48512,0.999680912594551
9957,0.16903140825345198
15707,0.9470948285761074
55630,0.9968814550688752
9362,0.394088921286442
66120,0.02802384342066047
16363,0.022205301534199348
16402,0.6222045223618913
41921,0.999721483093894
22353,0.999174162180552
14686,0.10301282097632025
28415,0.4168298325061393
105355,0.9969817590635557
41053,0.06024431465849801
37061,0.11762483001234392
6933,0.07705214620742735
31839,0.09688452245984691
44786,0.24699410831906665
70036,0.9668183569409581
68703,0.15872922421986313
42378,0.5191945712542754
36526,0.07260076163169052
49901,0.7256129662441984
74032,0.761184737923647
45628,0.22879305142608314
31979,0.9973123583884241
53486,0.8506138004702484
46763,0.6690461208754532
85408,0.26394830987507123
22637,0.5352442456982114
85061,0.5524808631495077
22921,0.9932142163357459
29685,0.26681448570249566
44220,0.03760120686861006
1290,0.47385125869130057
35918,0.06022682278414168
95177,0.9882346918570168
31992,0.9137105645989814
61329,0.790183373353516
58169,0.013941466094945568
7717,0.9454630425686915
81789,0.9788762823266939
12979,0.9565909325613849
43043,0.49757121454317277
75875,0.8359353577767665
42519,0.9449985444633697
78452,0.00495311879216149
52550,0.8743627764276269
106635,0.6282137612025628
95352,0.9862988192131511
7091,0.9928098843652912
101511,0.5066038155870372
61044,0.9993075308276894
63031,0.16758583304790975
86820,0.9382255283045883
70201,0.44249210994898547
92595,0.9931250104382017
45050,0.17702647173630043
28950,0.19265345319943883
25218,0.05383634498982803
49914,0.24963731106222092
28318,0.11844242738983202
20136,0.9719707832116797
71667,0.8943749371292111
100422,0.5735916846902616
13447,0.32619457758037695
19832,0.8934623865714197
106236,0.04439668021284321
102494,0.9488449570715283
19099,0.8472736506236207
1374,0.7031731824900387
100798,0.9915630326418563
50458,0.20128872552230725
8098,0.9131560147140598
46587,0.9566506983085357
97916,0.9963656060008836
15653,0.07188347494402288
41534,0.9999720631883393
1648,0.7253561719137204
20773,0.999518965446681
67182,0.5519647521358543
75074,0.3004345953863324
103776,0.9892248807367066
84381,0.5109869235740614
66906,0.633239746874381
76170,0.9694262722474543
3635,0.9999325449358415
100541,0.14709728351544255
42074,0.39980874468123423
61498,0.9758893216125565
5817,0.2823337668292049
5050,0.9934696048562897
79558,0.5481274745309583
93493,0.08824069680537577
3526,0.9999694653221581
14253,0.9996603221234779
41847,0.39293927796271777
11067,0.9982369599772029
19072,0.9999590176992205
42248,0.0296171103921022
27783,0.5894823201280859
97731,0.04717294412008662
65049,0.9466389114872149
48336,0.9389691334421588
87509,0.08721445578550013
22247,0.9545571962104574
98041,0.9957415156180681
89133,0.9966804710200688
28435,0.46288226696846196
1568,0.08833252678001702
49259,0.6854878011938724
40251,0.9469401546488662
21063,0.9558092110428336
39510,0.7572394403933316
84092,0.06319645957043246
21541,0.9848601819062197
56060,0.7079362101382254
58625,0.1742774361439921
55009,0.38543088650124135
4421,0.9830345961260325
58289,0.9952866530331255
81464,0.34271868892100105
56880,0.624028339009702
94733,0.9472987261890526
89920,0.41056599534011573
95370,0.7308524862029768
86551,0.28231464962238983
64842,0.42539676702252627
98219,0.9408078038729579
14959,0.9429410841544587
61918,0.851904247511772
30768,0.5485275732913749
84626,0.8873449010120034
87409,0.9995972689334833
71910,0.5896885234759298
76044,0.9996960319708268
93349,0.9918760485682133
83169,0.016821895191105798
40924,0.86325338626538
83906,0.9999999782864025
90343,0.9511967145177411
99624,0.8214690459529752
60372,0.2378421672202412
17360,0.7228354772150795
3376,0.995402037269659
101531,0.430264386851727
92693,0.464193923144316
63830,0.07227500891126729
105550,0.28345579950073185
67793,0.6874039939812591
74065,0.8435503993587419
52043,0.7228571788601087
101272,0.8864955239101889
95104,0.995375396045943
12014,0.9750450537088349
56921,0.0015782568361329473
91011,0.173708576662564
22278,0.5139264333471022
72818,0.8407341043153473
18017,0.07265144076139936
85902,0.9495595856406426
73281,0.9247700123861662
66154,0.1968320195584361
64930,0.6421577594122938
99208,0.9995413313096274
46912,0.6485129354886101
82434,0.9991459385554297
34011,0.7993566410818642
93158,0.9999999999473761
2811,0.9781089250695743
10413,0.14865343806581643
19194,0.22008208069857582
49608,0.9704574544983968
66841,0.9999994385415295
58801,0.8055011559769294
102353,0.9982752323098453
48903,0.8369042029964378
59202,0.9841734490525565
88029,0.30325104578286743
77130,0.14482486145456458
40716,0.9684002822737077
51834,0.9999130692154924
2106,0.10567525084481583
43645,0.37566862282029245
103317,0.1766200309947824
90097,0.9969918176800416
67179,0.4302907401333419
75619,0.8515947424631701
91664,0.9544947851148927
84404,0.1303198775391326
62415,0.21918950802116416
44375,0.2471149626375459
99252,0.5683467110585593
62134,0.7844978066643684
36512,0.9460030645319514
39584,0.09776426667568466
49182,0.15016286416807662
9209,0.04751589376562021
23385,0.9998363752411843
14286,0.9296172882648419
29787,0.2150301798749782
39647,0.9953971721833262
47671,0.890551714154389
28786,0.8823381339782685
59678,0.9969051454589486
30071,0.11099484354979638
89480,0.32051527348535125
12125,0.021844026912245507
93053,0.18763747972023742
19649,0.9751459348402948
18321,0.9773991729085568
55999,0.47802501253088614
31501,0.3085912302012
8089,0.00937511610555027
25411,0.777511975696665
91874,0.07880790422922729
466,0.9747707772877493
49124,0.37342553071564777
16452,0.9864233179841297
51030,0.009677277880803867
14352,0.07930160138247672
20051,0.957356420969371
68506,0.9159267878088018
46932,0.1656219593339079
48724,0.49870964450292643
106754,0.9537434898941309
70520,0.9183644941264848
32716,0.09260116668873158
19783,0.9361625400347706
1729,0.008300277940496297
38511,0.9999999511741504
27811,0.4575719351263729
40368,0.4520618092476795
49438,0.6493559783889621
106631,0.16232589539345538
43598,0.09859577919089557
88438,0.08786954341829278
38912,0.12049445227109762
88719,0.9720724554594665
33208,0.09140396608624218
75282,0.9990217693194249
73266,0.39162448236398206
19084,0.8069059267801164
5823,0.12506882278554082
34194,0.9957189107285767
36136,0.10691335396753388
55696,0.9650655215424188
27683,0.9766312654169067
49127,0.9922582236540557
58850,0.3174287407672469
19462,0.6037281029966327
25121,0.05959076119506199
32769,0.17217330290785626
67726,0.7460434963852179
30824,0.8349649177734327
104718,0.33645939276773695
93260,0.9646511929324108
72559,0.32278220518421363
34565,0.8544657250347174
29042,0.8961070350993625
98338,0.961362888044931
39563,0.18754106426583256
70885,0.26959233474532357
7911,0.7208032595012988
23393,0.38844741544112504
29608,0.6509928696180721
55788,0.19412553814282618
30151,0.9360863572915028
88907,0.9552996487160312
2054,0.0720893516893187
24459,0.9506569739495928
21357,0.5482873600041902
10902,0.9614778185511653
46706,0.9811642335219688
47885,0.23675238690968275
105126,0.9209941176252856
51203,0.987456519955532
87021,0.9999323146727833
16789,0.5538810852922689
104871,0.5492058134810706
36294,0.7141365495182059
7053,0.7442176479797595
71733,0.999226253281707
80090,0.16288787243073727
6574,0.27795785110680293
31797,0.8083188780706814
19952,0.9868579726765593
16668,0.06244376424909619
48236,0.9946725093369668
40314,0.08769800845498293
66603,0.9491015756041912
23583,0.952438619703566
61738,0.5596474735145628
50567,0.08779844398201603
38284,0.9252206553483083
3562,0.9143164440982025
42704,0.9817334067706621
21007,0.8523645457527306
56284,0.02175710348153403
72475,0.9195777299162065
24080,0.560786483766973
50203,0.9850348554988196
86643,0.35628441864939225
35152,0.7392401018989547
44133,0.47579448376129674
40041,0.6084000732858766
82527,0.9926478114652795
35320,0.25484078959528966
100607,0.9536064771706891
91405,0.8507866709853849
51837,0.006534132056960657
22239,0.2649546605791543
79207,0.9997432227881737
65262,0.9671047687607527
65622,0.2296562330954866
29865,0.9587721145797365
90444,0.9063571057844491
58080,0.9951118968494523
96233,0.9960868159627743
104292,0.9535068622297007
23999,0.9999826690663218
87724,0.3147388760868167
61964,0.7596497710274057
28233,0.9581470559684575
87041,0.999263199483095
29483,0.35682878879086183
14131,0.09100533224401397
97450,0.9999552926782811
65873,0.9324874458127137
44510,0.9996664022276597
35799,0.9854813344469315
91708,0.8366837161052338
93454,0.7647409409553283
8299,0.01544622230819419
35919,0.11616506571465623
628,0.7523712093022266
21766,0.9497768938968898
44458,0.9417820496892891
60983,0.9918715131060938
4255,0.8706646134990528
49690,0.08755987178659985
67251,0.9857524708422607
18018,0.9998986017825177
64334,0.057784469011606034
23020,0.9968868877778824
64539,0.4534444511385525
2636,0.8394110317257
4239,0.968055910538448
2916,0.5869522317769652
47620,0.9671600157636839
95172,0.12381702501582625
87497,0.14610819922892254
102911,0.15328979882811866
62964,0.6250141048997756
17161,0.5438349043134432
67138,0.9124049025745083
16931,0.3028152810623979
2191,0.5703473349992765
85278,0.050475610861244906
32044,0.4112492379936343
13297,0.5829216856730655
22001,0.533681030184232
25536,0.30755106806787347
82091,0.9901313844542147
79109,0.9942693341600425
99901,0.6528767123068593
87478,0.45178275766647275
80502,0.9144109263303102
77107,0.7461346452163402
92705,0.9768328540132436
82783,0.5362701735357391
90183,0.08844422314263023
53221,0.4544620551991358
54010,0.2491902182649131
43465,0.080630955518329
37604,0.9740103564601846
12589,0.962573727929734
76240,0.9998798090617146
9378,0.6254466081634447
19599,0.9899966304612325
58146,0.9997845142405652
15010,0.9804209642692976
61669,0.6326225771641256
389,0.8247505288703576
28590,0.10964390795663731
26249,0.9983140066257092
50580,0.9648160196786786
91531,0.9995336193739768
76422,0.07040190520450697
98346,0.09694416451559823
64132,0.9437879844093469
2103,0.8141089823723138
52810,0.16290364604647367
99888,0.9776738005881626
105511,0.44426480606756424
45949,0.6410475749804155
35279,0.529711458537077
69937,0.17136763753633705
88281,0.7843060623313298
35458,0.645543550008796
98724,0.8970130443447883
33661,0.6823952612378683
36453,0.9999999842220114
66277,0.17452534188088192
11313,0.8971472330712285
54039,0.12107844293321834
67162,0.22126202246963295
82272,0.9856688268019496
11190,0.7771470889669831
51756,0.7381632633120092
87877,0.1123893655640133
65208,0.44514876297088735
938,0.988299612510224
8843,0.09290897527816944
62361,0.9999999816965911
51842,0.5707750484874519
68472,0.06028516825227474
7764,0.09151761445329071
42727,0.5552647276543075
203,0.9094040334567096
37980,0.15219618281731473
102455,0.9806070573764234
83234,0.004550831523771612
57168,0.24854855006473903
34845,0.933150499034305
55704,0.4252683802625645
43121,0.05265408646232953
33031,0.10393440044532842
84017,0.9992165379073131
65439,0.728139587703311
76588,0.14217658483508694
97248,0.05585522020316286
36473,0.9351247992881885
33423,0.6713969251547733
56678,0.04637168727250637
40269,0.7710621434892935
60140,0.26564836574301265
16164,0.9898417026804797
31227,0.767295823240135
100102,0.4407954693134766
95294,0.02411032694269966
62010,0.44471865766593033
104912,0.9744774947875807
8993,0.9324880528689715
15518,0.9945803006556888
50328,0.9999998627303349
40417,0.05267015356377066
93859,0.03151849734654264
5016,0.7413255686793945
21094,0.9998095598087353
26228,0.9542210159406116
39317,0.0564110990257107
6096,0.09858198981229249
71548,0.8702108404615546
24220,0.07044765460538305
21791,0.7731693934343473
20371,0.9134092567640539
67898,0.9707933990951003
103635,0.8228220137605495
49440,0.9743324573572484
94769,0.9070110242288951
10446,0.9569515294844587
33663,0.7151548509093599
16336,0.8761417486350125
13881,0.3956170530897823
45024,0.4162062796998036
18329,0.24327437333439977
71536,0.9719600569073743
45269,0.9429952859197526
53758,0.999076039581026
30249,0.817801078556905
16989,0.43068107074891343
66127,0.8424479698586578
20159,0.3544386631882953
23049,0.8390117878935623
106243,0.8736341981353551
91756,0.005216371244526764
30302,0.6661728519449414
50487,0.9951431310051082
94582,0.030090279389771924
85863,0.11188612855807922
54544,0.4859226330119322
24480,0.11269407169445395
66645,0.9683667609287434
48238,0.9999999999999998
87273,0.99999934920167
84861,0.6750784529850069
25328,0.0071914858270235174
93455,0.9935444403159016
76358,0.9727351945331575
64119,0.9989328807878163
95989,0.5099993331843475
14317,0.06256859613751418
29470,0.9991264198848115
74323,0.07170233947196429
80695,0.42272284080091804
26939,0.9291000916258907
29512,0.6287674686916004
74168,0.9823546477253984
48035,0.30106291103888505
95266,0.30806124176950395
1493,0.5626242379950357
50973,0.9913494170991598
74763,0.8942710583414883
55922,0.994060803697257
22062,0.033529736825512226
30450,0.29614266696073693
93468,0.4682966965206247
53150,0.9422287657483359
47326,0.6905890506376149
55563,0.8721255694769041
70116,0.9999996517713527
57580,0.8676696568037321
75952,0.08156063545372039
100913,0.9993609336969402
95057,0.7146401864120635
91782,0.058080846825222354
16983,0.00653106371561329
2975,0.8997821076773229
88963,0.9995957336837861
19730,0.935338010148714
93990,0.5414102830796315
1787,0.09677011873656105
46145,0.04899780858001355
85637,0.6201389827724151
24327,0.24946282344610232
106396,0.6913675409497823
105351,0.04438344787791917
19104,0.9999689522194811
17291,0.5091950672050616
104618,0.6483803902731937
97225,0.949114368981942
101063,0.9997071908893219
63097,0.9992429887975298
39930,0.9999750383164274
80503,0.965737114090041
32279,0.818703746434204
70128,0.5003660749591359
29146,0.08903072376526366
48275,0.997152951935372
61528,0.35208921335111387
39366,0.0020595934551513573
80412,0.9973171744419933
60591,0.36837088101853055
21378,0.8519666862343247
81393,0.08255630654959745
91555,0.5209918702195827
71883,0.07466667003372013
44107,0.12575833020957228
79009,0.9975396542372162
93069,0.9692568829259849
52996,0.999649770029197
6842,0.8851696822315277
49577,0.8597349628827549
52152,0.05948262937425239
69008,0.9965016693247949
32692,0.9422270563925612
58630,0.37849983187094466
35659,0.9534832053063457
42219,0.23953017024617757
81987,0.9997169889042671
74,0.14039581630769737
78664,0.9938417898370429
22392,0.08321669316432578
10881,0.8818362901647268
24942,0.13899500887326766
56862,0.615500140581126
19427,0.09456898731431673
34266,0.954088539308611
34763,0.9999857769976973
24096,0.992744262430092
104578,0.6699741571020581
94951,0.6955860822381703
40265,0.5787245741758208
3839,0.9091941629773563
43888,0.693520032809299
105288,0.00011226348239071307
12266,0.0741003738813006
30075,0.8944562899224837
95856,0.1094856565835064
52529,0.35726638094830193
91774,0.19694333168854267
54433,0.9820510938413298
103412,0.9998478930475369
45906,0.9357380080382107
51747,0.9818217481812695
53810,0.24536289010182916
24965,0.968882219439283
17742,0.20840023447411887
1212,0.9999989729679163
59267,0.09332189486049414
66069,0.641685070460397
25825,0.4318204199233494
41556,0.9779869307579794
64267,0.4131047655739884
15754,0.43339832621446556
13892,0.638153073596385
64328,0.5544991288379294
55212,0.5478675196910695
8371,0.872354497086739
81568,0.062119736581999284
18101,0.996813818536676
54160,0.7606327402566226
34453,0.970957051140586
66343,0.8949767811804908
4086,0.15386915363748288
1085,0.9959260267363048
10156,0.6031637371765504
21172,0.49055096715254365
67913,0.9310011153091855
78219,0.999999999790522
28244,0.5520415408073704
51011,0.8991336603921994
3011,0.9420958413186423
8356,0.13092101148247381
63902,0.4880556275046842
49992,0.007143784144191832
26714,0.9371267364461355
106503,0.06810279221224026
78596,0.00788679930136691
7829,0.999600240922363
20002,0.876503583060668
53668,0.8131535900674742
42773,0.9863199262954925
72273,0.9541868538020573
81964,0.9938726308196829
88213,0.9874148447926551
21519,0.9992406991776274
28541,0.4002277176319682
99540,0.8416870974815139
20708,0.8564250359520541
25251,0.9694141498349316
10159,0.6283552470652933
14546,0.9603261799395453
28348,0.0588480155080988
75697,0.40687559775952364
34095,0.9859196267305577
78762,0.9260233921088818
82267,0.47664861411010323
69531,0.8379518115934128
93925,0.9181493091443016
57367,0.8039749828350121
94289,0.9682142023841341
73721,0.03980716128339563
44406,0.9612882665685277
79677,0.9977719115345987
99727,0.8762983868887496
90442,0.6657097313944927
103355,0.5649316170473313
65494,0.9947980025812087
38906,0.6623923148954383
73588,0.1698791442940824
45264,0.2901678361218223
99425,0.8585204997793676
20711,0.006843861475611814
52116,0.8245657252804521
101759,0.9904949987836722
78431,0.5590625696452528
52806,0.9812203631831302
22326,0.8891202636524806
19481,0.9100098065725482
29560,0.9983872210786999
45130,0.012927752841909309
59789,0.5031122726623405
40995,0.03907664435646139
48922,0.16605100466230654
63198,0.7758163311520424
63610,0.05283076888801017
75000,0.7937898905165833
36325,0.9555380728154642
15996,0.5979055624729648
52599,0.36423745846538136
1266,0.3406336880835455
92023,0.27728554416209983
86566,0.7917667512682097
61816,0.6025792014431582
4673,0.9390507746005279
57549,0.9999583515231276
22904,0.8638698110709968
80619,0.4761524296036371
48653,0.9999468443378557
74673,0.9579743794431059
52436,0.8019972040805502
13915,0.8974992440471958
42346,0.17506414557582806
21030,0.05509321806674228
12289,0.9563501786822575
42408,0.006597790834671439
49915,0.9899235497254707
78645,0.10096275441598812
73874,0.9781421003839619
82582,0.6916416480461659
16442,0.3014844777664286
11874,0.030450316153641
61980,0.3743894548998245
23261,0.08522394968992819
82191,0.04774572529373355
51689,0.7738911336399383
5899,0.9954323847357214
96499,0.9120247737617735
102987,0.11802551501639919
82598,0.1699217231609942
99762,0.7307504916298773
78500,0.5222304042550491
63759,0.8679225642370905
13717,0.4360446118687687
16463,0.24259830311917624
44868,0.6287404559502618
91073,0.9357658091580894
20326,0.010108837531400693
9638,0.8531931038286094
50179,0.5746406349142413
67939,0.7347582565573532
81082,0.4369438824178774
83482,0.8704887549266755
103547,0.9999400705514276
47572,0.06752798105788378
8426,0.8942621043244676
82627,0.304182990504164
29611,0.5865896737525303
14886,0.8136709734591028
35291,0.407020749661743
86593,0.9633302288249443
47202,0.9999917478884244
6977,0.9870297008986821
102331,0.05134047458437566
24357,0.9765015425476726
74222,0.1370378367462638
38526,0.8767093184459838
44934,0.9999998910178001
82699,0.9915810098563168
18191,0.02005738773053978
76815,0.27546022297458383
34754,0.9998846203648946
3226,0.5182917899229685
94643,0.31837290657748
45623,0.40249790853837114
8614,0.7344167815139773
8033,0.8384849786538283
98802,0.99999878435721
97750,0.34644079519511756
3638,0.0008028244637543996
42685,0.39228562058841554
52955,0.9977463718917401
100242,0.030232475616530006
102919,0.9311559353591469
16489,0.3128916107090008
101697,0.22806111534238716
96562,0.0013008992128033395
41528,0.9085087841811119
7450,0.09239328140828795
88369,0.8306300195274359
7919,0.8594809294673129
42515,0.9997440651493731
33567,0.17560837647499572
52062,0.9991346043822931
95469,0.8826100093380722
3189,0.6373694572636841
29365,0.00255616130194497
93701,0.6862175772348841
80260,0.9486645352798287
100649,0.13498833724385056
53246,0.6323749327580677
91012,0.26298181221774874
17185,0.9963969920867285
1118,0.9028890956837907
5891,0.876099098146452
72853,0.9999831424972764
20340,0.09158062553485496
59057,0.9996647079255605
95083,0.9795671208731146
41544,0.22518821044024345
8584,0.4041157249509253
82913,0.792425305705562
71575,0.7342206702130597
79719,0.12109663391980907
104129,0.050333112868379944
10317,0.6748422482822319
27663,0.9903168914797512
22832,0.1505660940851713
50048,0.8426680713729053
70974,0.20945000986616963
28207,0.9920736220580277
13688,0.2691181568074872
995,0.017431287519496838
47354,0.9100596403433872
99701,0.8190111689321233
62148,0.5447394125475625
13409,0.6668615114290274
33367,0.1833957942740509
56974,0.34271106566667053
74442,0.8148831598933018
61515,0.8166638253810348
53062,0.9957254165874382
42478,0.08792289616987414
72667,0.9762898700282908
13944,0.1391564245058884
44207,0.9999999372756324
80275,0.9836326939437908
85960,0.002291174574308719
91032,0.20667635906342913
102511,0.5138311454413308
72265,0.9958539066417258
54713,0.056242836115208444
85697,0.9839166536622452
103872,0.15156120039399312
90881,0.9999999653134113
23006,0.5620202541582964
33177,0.5021442608491413
38093,0.960901962351878
14292,0.07066071782567816
94164,0.08062143583381604
7505,0.9658672906484268
28045,0.2664631644744089
40618,0.08929534806262118
45324,0.650762304836955
57494,0.8733499929436461
34644,0.2263386896717255
104294,0.763962989876986
33832,0.7824810723785178
39588,0.10890213153282902
87158,0.9541178253389324
38524,0.999980019507703
99879,0.9999979700079252
77420,0.04443857747995902
83432,0.8421266247761539
31875,0.9568022383198008
99635,0.10609316451726636
67714,0.9998665892475107
24552,0.9905196624605257
11900,0.756097628074579
92004,0.10242547713859912
30687,0.9999106375578867
68401,0.25065987611532325
87198,0.9859852904737992
59808,0.9999999576624882
105525,0.6811656875086988
55013,0.8769559808362597
7316,0.29370129368191533
52527,0.5584875929264473
71735,0.9990655085969115
26045,0.29424686589983745
62203,0.5891858928141456
22328,0.07694867607985365
39358,0.7192189941112774
12055,0.21775430382833993
85025,0.9999245144521437
25527,0.6733138827363696
25415,0.5149416108844657
14621,0.2684280033602321
48629,0.25529888579477583
64113,0.5450520474728904
76973,0.8319731951087148
26713,0.6623332551317234
31372,0.511044106158962
55011,0.9526632326627164
26050,0.9467733389820943
99136,0.999980154663993
106457,0.36801911904560114
47510,0.2948178237910094
61051,0.8840917878518801
79394,0.9999330407920669
83584,0.9424442939168756
16347,0.9764089186476782
56011,0.9981221014579402
98299,0.2639609159489046
69772,0.9999959622673357
104626,0.25951176816053434
90275,0.12039009134807321
35908,0.9907632078390414
48174,0.5859271672248245
22707,0.06457499328032393
45075,0.7096289236528979
78717,0.31154640780472453
92880,0.10328903994917837
99616,0.40739848889618224
40147,0.9999981310842508
67878,0.792570225624246
5688,0.9997035449397617
29843,0.4499383271097074
93697,1.0
77944,0.5794368663826298
10496,0.046310230831454344
35884,0.9438449618808417
14897,0.1608800478553501
97000,0.9838955912028091
74501,0.8385713630034104
35821,0.14069840546989865
4888,0.9999999891977653
3176,0.24951105131243834
42938,0.05543649361191536
68361,0.8053722629101351
85859,0.8589608330711918
47267,0.9725525816659938
66499,0.060547877205881596
100083,0.5905274153474785
83134,0.8941436462381271
62253,0.050872890062243985
40822,0.9919481774601697
18377,0.4908893550785187
78837,0.11637410606775295
20140,0.6484783525247801
19794,0.18211296503698854
26676,0.9999993642259812
75027,0.9989994228732895
30260,0.6504842208346445
12762,0.9855553036466302
46202,0.27149573267562355
2482,0.9933730724003162
19490,0.1883469150153888
16583,0.8992566191453546
35114,3.580128336448158e-06
53722,0.999990473528803
33729,0.9999914978928389
101747,0.5036184332797642
30627,0.10108019395468626
71514,0.8135389889404463
94384,0.9964489726633243
66833,0.6001212579569289
21412,0.9757687119431855
41926,0.07585413891282208
65530,0.8691273087349269
53842,0.15775075133303157
13505,0.7549832624154864
2411,0.7422680247517082
94830,0.9960038312723347
21680,0.16771605306233722
66212,0.07993234922893949
50007,0.9560357609295377
105932,0.5638163149168306
27844,0.3771353635921444
89481,0.6909975277155195
43317,0.8013484992660407
41947,0.9999970015258872
101165,6.638419397795236e-05
44602,0.1119924003356268
12673,0.3302161707903363
60746,0.25524685430592037
67705,0.32937356576283483
16913,0.9999053790245154
15005,0.039243809510326515
13607,0.9963535872373642
78049,0.5492315879762193
1253,0.23922048303756116
93833,0.8307945103288572
3236,0.9883064005479985
63170,0.9569986080105912
48337,0.8907454348018577
8170,0.8205991327090504
14341,0.9174616403253296
86045,0.649515946233891
14679,0.7498694364871665
27186,0.9114270467709814
95164,0.2784914939898444
98424,0.4750702304170261
54091,0.07779168332428141
101540,0.8906051743372909
45523,0.9980189488509336
21227,0.9628098509256857
29555,0.94639801044622
28851,0.6606534555841356
23068,0.7561883514705379
18148,0.9906191225942955
99684,0.7620780064815247
44819,0.2450772662560618
43191,0.5450132546333661
105945,0.3729573743559885
66889,0.9821868752219901
84551,0.8182785992107036
15466,0.6562425603396647
53972,0.3035819493079706
82578,0.9836002632103943
51330,0.5063390235666705
44020,0.8928559396034368
39564,0.059782574997941325
95189,0.9261813326185423
883,0.18085709346548084
38667,0.3002840155349654
17135,0.8293175982870045
71661,0.6181281511285283
89711,0.9999999999999862
13972,0.5223233249387302
100712,0.43795381203942785
48492,0.22876519006374735
59473,0.9525287440498641
81897,0.9997534127758214
21537,0.08962590381720698
2826,0.9834824093356502
94308,0.4712311053118572
3396,0.5048703197543497
2405,0.9958499790710243
89372,0.1485539447945256
33708,0.9928796104868993
9461,0.9248698568958174
19859,0.07050345314784864
63887,0.5850978755847337
73122,0.9997766517619051
82715,0.9928624950756961
67703,0.22868583892973277
24295,0.2158691617211138
32582,0.5840797367863378
85799,0.4333782266423916
20195,0.9990741662537027
47550,0.9880293667963361
46895,0.17811389913462522
29497,0.8624897951179673
74348,0.8781839826931855
36210,0.7115740729889636
22446,0.9731258892653262
75233,0.7326427879055301
106445,0.7008709851006093
32445,0.954702626348949
30797,0.009981620100930467
103642,0.8606148503732134
64029,0.14405109021253426
49215,0.1006800397317954
35695,0.24101680274903392
102275,0.9940204326613825
14142,0.9242909783304667
4152,0.813649606029532
30678,0.6523126494493559
26282,0.6863670866434772
76198,0.9744024221531226
106055,0.74977814482663
106491,0.05118084021544617
39059,0.007883063553908285
11665,0.8745813306928725
2387,0.31555146383288973
103031,0.38186529168553585
40496,0.6483075534854752
56135,0.18048013189711865
403,0.8509253638840596
10484,0.6886778439148977
64823,0.11065704960035228
45120,0.21868018113609378
49419,0.8032200694936087
101273,0.348109082298277
47271,0.6163239749730329
69213,0.7501468409743397
92835,0.05253172505296782
51893,0.986186067346406
14547,0.09791794757644978
68392,0.5632617512257194
66218,0.9610293042354168
4600,0.6585098735931084
45819,0.025868445534240076
68767,0.026352544613136367
67047,0.7349415727588228
85484,0.9990005957201146
104509,0.9907301944670505
7036,0.13381316685629063
50165,0.02788319254447225
84954,0.6918673919405803
31011,0.9739429731104645
70318,0.6856055776355559
82472,0.10108468527310316
92128,0.9004118014603926
65709,0.9715194162260792
55667,0.9999976692129233
32659,0.9084895002109037
92473,0.5604156857010055
57335,0.7266742923548981
7319,0.8222633654297653
53187,0.03964120696358127
102462,0.9825513810991368
105817,0.8368908688055445
52118,0.0642664715727387
95221,0.8390382146310628
49818,0.644727722471399
52260,0.9999977861347422
36139,0.6346566699939276
77601,0.05036714905988957
5720,0.7562005175616673
89736,0.8464817942766094
95828,0.8140322636108166
52148,0.06806780669815574
92217,0.99821524012558
37128,0.1885628256204741
3448,0.9675206899240713
23882,0.31327543876512876
75919,0.8490309045337434
2773,0.9999181350190661
46545,0.20961566489079653
47383,0.8347780853536699
47764,0.9983090743553604
60087,0.9878072214655572
40895,0.9678133624440204
60037,0.9765330207913692
56735,0.44326233964031936
90269,0.04992093694493006
81695,0.8990033854908707
28667,0.7521276100912109
41830,0.5613819558241985
12071,0.9994472888088162
64758,0.06380166701182648
95667,0.8757681044674288
15970,0.8064577069898744
8714,0.9986421516668993
73494,0.5656520212966102
58667,0.43316174367284144
103827,0.682693396787565
36019,0.8809807263086706
104906,0.9777717977380275
80456,0.0063589867136846405
9779,0.993488583606825
54446,0.24229220037212634
100246,0.9120006750955452
100011,0.9829255776954294
89389,0.02115452022142306
92286,0.18600607918495238
95191,0.8014328640877775
52556,0.7049787662474951
79106,0.6341260494803538
26182,0.63379236078662
41784,0.9994168218580795
67515,0.05161244270468009
88718,0.5634217216885662
36028,0.8755860256712886
99110,0.08670798421169812
21228,0.9998227014255336
2517,0.002865699272619827
96150,0.24067999412149405
92186,0.09893580381647532
71180,0.5048015297307605
30270,0.8085139159359439
62162,0.06000819720034252
80856,0.9999837755140818
76872,0.07062200086848613
2440,0.9925457300391558
41282,0.9997214058135194
60167,0.9998922237802874
42395,0.08189114195595881
68137,0.6753227360294485
61867,0.023972905155986334
68046,0.09414887631862606
11569,0.9765459732708793
103399,0.9977957014848382
87179,0.41655996427654535
96885,0.739508398674837
14901,0.9980608849634559
25975,0.8038558004998362
54082,0.983328355318614
48998,0.5295788280330895
55300,0.9999855429041205
101585,0.6804201731029907
23064,0.9861267709238192
58738,0.17951844742378215
44346,0.3605278337811401
86930,0.999641314944865
91506,0.9999948106438066
473,0.3226253948102306
48432,0.11195017352109665
32006,0.08909061434813814
77706,0.5516910720562154
97917,0.7916987662969555
51510,0.5323961317223125
57294,0.07697306209553872
15801,0.07162943926166573
65299,0.9999996530535296
96244,0.4642165996492937
70475,0.9952770151932803
98757,0.9999714117455671
89247,0.5359027911386421
40225,0.11589448429823335
56253,0.22349542119234306
60914,0.4763777399985089
99823,0.6078743508273543
83113,0.0013884260447608197
40439,0.5789945354546527
27291,0.31681130062948626
62575,0.6649941114583472
66246,0.9593976534262417
96928,0.4595718771035101
85392,0.5538439873090826
66892,0.9995731939669539
43058,0.5742217463358353
90704,0.38187842882002276
9915,0.9999987428689263
26056,0.999494361882785
66025,0.6236651058693262
3230,0.5623008077871763
59951,0.6045413288171716
45409,0.8553686737149617
16258,0.6324408097294438
96360,0.054190899267283814
91311,0.9182170846059073
30363,0.9110960461703818
84785,0.05705477968980205
87913,0.22269552705094414
16539,0.9685720854899095
60190,0.9974026312166756
57898,0.5240015357092802
72182,0.2796610700316189
95817,0.5742082757443265
63330,0.188381618436057
90382,0.9999999969858179
106043,0.7408113245935805
61392,0.09295581945247028
83131,0.9999114384321199
98380,0.6845184161998992
51326,0.06215763898620033
17431,0.012530045245988313
105844,0.9870527269983057
47380,0.9995125159839383
64299,0.36870751237364324
62789,0.7582025535370024
87467,0.11441292495877992
28121,0.999999887587105
37282,0.2690128429783608
82185,0.6015497836792778
17592,0.06374184332267079
45457,0.6015268482952019
17879,0.3085624900105086
47347,0.9992496112106755
88330,0.13935880320944283
3610,0.8817859447922803
76546,0.920751975198085
87496,0.3538765910248902
6181,0.2625660437104432
95849,0.20353043410920035
25711,0.30253280436731445
67387,0.0012732302577680712
38259,0.012563922962145218
62168,0.8364544592099501
9713,0.6725239615290416
81684,0.9554444406149648
46454,0.378672897597488
55548,0.999999999903324
96620,0.9868043028811038
58233,0.4299336450846993
29507,0.2428925667948481
104543,0.9899470657570788
38955,0.9684522132011634
100147,0.1557971938714814
25402,0.38708012050567464
31586,0.013625163633503579
29310,0.6987879524434802
99618,0.27541738954088324
100224,0.779943496675062
99149,0.9839342930204253
74254,0.05265637969415401
14071,0.49686604636897297
99246,0.9998028797636505
21852,0.029313554425390503
62708,0.7146547647799925
94288,0.6972601561003613
29514,0.973051246919665
87479,0.990423699935064
84918,0.9803934551177401
42449,0.08071231747056651
93629,0.06615397886208971
41948,0.6116093483110703
100684,0.9028836487426115
96099,0.8521824682501973
95464,0.8417636184162671
72015,0.7163264026383922
87554,0.9643173280394413
70392,0.6863392732562829
67226,0.07071782365206325
71672,0.09996587609061591
99298,0.6510747438741671
13317,0.5388027520476937
68304,0.20802699785541812
55505,0.35784378714998166
56260,0.9858806241882453
71880,0.7920864997082013
99580,0.8884693631867557
101003,0.9290361896121511
49593,0.9939882662382945
40638,0.5761638152325748
76115,0.2931121649275108
21445,0.4435560378686221
39470,0.847399805640243
11142,0.3982780971182072
49054,0.9064991491491514
2462,0.778784755219126
61317,0.99665921871048
99570,0.9838678555955152
92798,0.19283067528579673
82303,0.6321193489565891
43375,0.18904968203880773
74108,0.7224336171200825
94584,0.79049884018675
4811,0.7427665593816473
13896,0.9999980709490996
91390,0.07011027476266651
49275,0.9993438067193375
23659,0.04956209086866942
106175,0.72096953714813
73272,0.06917019594923506
96921,0.18586591712403833
51358,0.8102422855650232
16956,0.9999999998933926
99792,0.49224226486249023
94547,0.23471335253121622
15924,0.04779071198473625
81313,0.9974033781104913
15929,0.9535121747173728
53867,0.008810893564776047
37989,0.9634979035112503
82371,0.01574043257061413
96366,0.21706786203077777
26743,0.6898850429292478
21493,0.7886818642685653
70163,0.9986289450174483
2806,0.9619346193095824
52672,0.5570377643500832
102997,0.8824562441466082
22913,0.17189833237401025
102036,0.8945011690714944
53408,0.765332423889417
23008,0.13463537852383095
31264,0.9802932838728932
76345,0.979242784017409
17198,0.013227649534758313
2679,0.778915869011491
5095,0.5255451080956184
106767,0.9538169395812236
7731,0.6771961777094987
48598,0.9107197780759758
39950,0.6061483074752161
2772,0.0920706522948272
89479,0.5785455412220579
27308,0.7436936931015403
66124,0.03650715934947535
29808,0.9987875253646071
36108,0.9999891274963936
61131,0.7655566953875061
100018,0.5963676723484453
70535,0.4467652985059316
32555,0.991066798986193
51749,0.2126441260978041
74533,0.4979064761056779
14536,0.45857524573972597
45541,1.0
44537,0.7905905686664907
62836,0.07635424038578412
68878,0.6076146400220287
8271,0.061877396001027256
51634,0.41383055923274537
69928,0.09905856041369071
35823,0.5308547081858308
2028,0.9999997555355696
46987,0.8652830965104352
77389,0.30045927366266356
69142,0.0992466179153994
68128,0.42402193668118454
38330,0.9983853669381121
40839,0.016662265716695723
88762,0.9999972522991892
13202,0.39771392893232266
12164,0.2097376050282141
32314,0.7878404233061056
86213,0.6207332304960187
100193,0.7445291238219587
40830,0.5231345693302268
103382,0.7717825550381533
49266,0.7528364872227731
60873,0.9983795070141206
22141,0.028825231118348737
106176,0.031138905782107786
88056,0.9999999895403667
91514,0.975033099755799
28593,0.2164452935372126
1527,0.9979716512613681
47087,0.638110372998173
34354,0.9999814830305489
45978,0.6033684681749957
42767,0.5531111794591541
82442,0.8626608795714417
65451,0.9975440186810002
98499,0.9919478515959759
87603,0.2814038711896616
96190,0.4087752908590417
101620,0.17452363935302279
83753,0.5177129052527649
42516,0.09076981080687241
165,0.9502165005664674
84135,0.0499506842816844
83673,0.6766972029461302
38979,0.9900993541824922
82212,0.47528661396776467
80142,0.9632975358696767
9816,0.4286726193289652
92679,0.7741007410151522
28269,0.7298883047750006
46357,0.9200579800888489
44452,0.2055539101938047
26166,0.9836743445695019
24461,0.8212546745188252
84233,0.9868395122309593
39606,0.9845273508853057
28982,0.46120946271217755
89961,0.9984536106674587
8755,0.9996269678365277
68495,0.5411960854606493
80258,0.4070797265118954
80935,0.9737366640818401
103064,0.7280621209862418
81312,0.9335441376038773
27595,0.00943317658466548
1206,0.06223630347916538
98601,0.06954044008903625
52470,0.9270219382751058
80555,0.1005930246404857
89749,0.2862955130179059
78441,0.7250101081691891
34119,0.00043162753327577496
45545,0.8410494368497868
75653,0.9668332619756062
105022,0.9999866512320488
70019,0.9999647778762357
85760,0.378752450936533
46440,0.9995182122783217
62491,0.6446766584543842
78165,0.6450445364937322
44865,0.7572757034011688
32477,0.12743553823986403
66037,0.6658281872760441
8933,0.07209847113210154
20413,0.999748944186546
59053,0.5670827851578985
80453,0.3369106840003333
73023,0.615832489985504
76948,0.06789117997154673
79114,0.799247095258736
6511,0.11720843268726633
22113,0.9985820846864233
65212,0.9200216982914409
52385,0.15732449881633087
84622,0.7751875471016769
76885,0.5789147573645251
2346,0.5703680101600985
96048,0.9982031909948962
105509,0.5073234251180603
22744,0.9865034216201812
96713,0.9996687545762218
5977,0.9999999999099883
14216,0.00956959007147655
23871,0.8753182653829037
20971,0.009359098079535963
70406,0.00014812036594039603
37062,0.8681460326096018
45720,0.9998742340187896
36993,0.582953649151271
60299,0.9996894057734097
105612,0.23038737399918346
56938,0.9906922626258232
62552,0.42070697094939064
89960,0.08993970179451816
28761,0.1267950151715675
72155,0.5608176123056164
5840,0.9773595238886752
59392,0.04909550207614556
44682,0.9511536357872707
23326,0.9999998869084314
49234,0.9990245255653762
31127,0.2350030608896731
40377,0.41055764520834215
68034,0.9609550348758301
5458,0.5868873131464194
99973,0.25800575130134046
19165,0.0028438951091818987
41857,0.9978829723933996
48813,0.8422089845714515
70203,0.24664499254427596
24496,0.2161998859416126
40711,0.9999404159552417
84113,0.6031239365570147
79538,0.01991448069820726
31122,0.1656111619343692
52174,0.9455121724783848
56388,0.48518566431586213
81550,0.7311580389162661
25682,0.3794076857477597
101809,0.9825525321860908
101248,0.6835300658549185
76771,0.026792862877221067
28802,0.7998680757916947
65658,0.7778696892802813
52474,0.9978234283722106
86160,0.3195579591210034
45874,0.669517110600836
106522,0.8276361111810642
67547,0.9440881229716945
60619,0.9438614465026061
62621,0.1330399412364977
17982,0.9953562044256417
65987,0.01633221046814943
59280,0.4764593368274502
45473,0.10675720407438327
69620,0.9746611395630991
12599,0.9180846847956055
105491,0.6544802740291469
34394,0.9577830785358618
96466,0.7861196610791558
99079,0.9550292037986643
1406,0.9972352682005846
38053,0.996176046673695
66957,0.7346922141523631
90555,0.9979504194077193
15335,0.4539842628569638
588,0.7296745243169165
5956,0.8891198127724067
50798,0.863012023904596
62318,0.9995108242046965
13452,0.5659975748340218
73019,0.0025650937168431266
57538,0.9999926127616748
72347,0.8650561471794554
10812,0.9856433008719312
57417,0.7426579925027963
52221,0.9991266772334491
104461,0.9518039533925895
57479,0.9319399781582731
83268,0.99999998689758
71935,0.33439771758994163
21294,0.9795643582229572
63595,0.07526026861642744
80761,1.0
94684,0.998660080777932
99244,0.9177208069459025
34208,0.20637780040397619
105649,0.23232017035558072
31941,0.9994618472370568
88250,0.1319328267620637
101079,0.04064472667136512
37863,0.9289588077420821
53277,0.012515078244614997
20997,0.0036630352945728343
15875,0.1200520558196434
32719,0.9992867688603452
10485,0.09161875362504163
36855,0.028523275057724486
11755,0.5633964947753187
73214,0.6963444576421268
87506,0.5949531969168735
101739,0.9999999980959972
50208,0.25340050163397154
64415,0.97078899612061
58342,0.16095430194785965
8023,0.9998039575630966
40268,0.14637367727332457
80228,0.38857007668113586
90160,0.9940781963126392
2047,0.7175636866292275
101432,0.9875749286732735
98505,0.8304025269314206
30555,0.3759841813239305
73792,0.09727215489276292
64632,0.9877053481070375
33499,0.18708283617493665
1119,0.7868000449827944
1058,0.9870338980570434
8283,0.7704017933445022
17200,0.9996582510060922
78328,0.9241352394231303
17321,0.012040115537086681
8073,0.26391100003288015
46654,0.9942639064749175
25672,0.7552767966172353
1915,0.43882705668474536
44594,0.004622089853545101
35100,0.6584358742618421
65672,0.9400686543103355
67775,0.8611055901216664
88131,0.9116086203595675
98134,0.403196784968639
59219,0.00334399325355779
20236,0.9352261141390995
33606,0.99937119834826
5476,0.2500901908738944
49834,0.9999994872251337
36743,0.5071710741431562
76508,0.0792099359306695
74082,0.9150574376249975
53128,0.95315554443632
26944,0.8442566980778378
95272,0.3203671855909461
95663,0.09094661427962003
9514,0.9855934746033127
42561,0.0070633901845658514
13562,0.10955832454570347
12109,0.9996549759243503
39454,0.9994959838189891
104706,0.5931384466551012
22537,0.32268221380544576
4834,0.9996167913191062
63389,0.5452462532886513
74923,0.3598502853549262
72902,0.2008187397943903
23245,0.999802769575272
3773,0.0978575165340902
106907,0.823906764876341
11813,0.998750499164333
103912,0.11226706124710567
74295,0.9504728041376339
97152,0.035974070939927986
66967,0.9967926613463223
23994,0.33203452095601316
72500,0.8190541204884813
71422,0.9932812199751893
15866,0.8364177669619187
28325,0.19013388646894763
30274,0.534229342782111
75238,0.9999980225233082
1811,0.9999999987264939
3289,0.9810717916950134
63513,0.7056987791698508
91050,0.9998954316867972
102644,0.04616883619814599
4881,0.366274310599036
21117,0.9572019608605566
21420,0.021509413899050422
93509,0.16445145776560022
5744,0.9773095301791244
39540,0.9999582191140465
74210,0.05253020335842376
50049,0.7576744960247304
87468,0.9555637826732235
67275,0.9704631000315288
104410,0.8395771668613734
9216,0.08404896614713958
91600,0.08486186528326334
73326,0.07844638651110508
18060,0.9900214881198736
89128,0.9076452232506665
9150,0.9997257094459729
51730,0.7479233439230218
6820,0.9955462295837132
49732,0.9999999380808583
83047,0.27977421751276
3568,0.17849328612157617
81542,0.5075529057532295
94590,0.9999997814677005
36340,0.9934034040190018
107051,0.760037508416624
11316,0.9998473414467293
70442,0.9999999854321546
66737,0.1856726993051661
40642,0.9993882280334081
56152,0.9989629600711487
41682,0.21697580889191853
84689,0.88962817760305
7463,0.028130912597004763
60975,0.8961388028379873
81390,0.04522796441645717
53082,0.7815904839455047
80283,0.03243916557077571
3319,0.9425256573653746
24253,0.9889916622789655
31457,0.9999770596580334
80082,0.975274948040173
77132,0.9413524067158551
8641,0.20484251142632115
66561,0.3508537330287059
96769,0.1485085771731477
95247,0.8784712582247725
20139,0.3092621672565828
13195,0.9987137278363746
16834,0.8429733926377871
57606,0.9986778285454324
1841,0.9979906637152601
1977,0.9999989675096871
80231,0.45242217991101463
5467,0.9780233503773788
7663,0.9945466368293441
107173,0.867778381792218
550,0.912934651887093
6315,0.999603696347909
45508,0.9999989274827352
49549,0.8026127109362325
15121,0.7411503162384405
24177,0.5782951243259606
98884,0.739805933233217
59840,0.9979122914237847
30810,0.997714983807375
13522,0.8363764192523844
35897,0.995663657860873
6943,0.8826751509297825
4178,0.014825774240605437
26928,0.1478152472844838
75220,0.13460719504535235
32592,0.3370750430883618
66134,0.5948446829067467
47676,0.7668079011326843
72775,0.9991876414830174
30443,0.13007702281952577
101569,0.045742312079834924
30235,0.6225923472180007
30793,0.05181021918382706
59250,0.9804904584796501
94383,0.9231806934650313
20596,0.9960654212994657
34051,0.9925748997782936
23981,0.09839084403432452
74201,0.9994076829081375
51578,0.393118823755035
20305,0.979620935188527
60703,0.991480419757579
64082,0.08483442951486098
60147,0.9183399637932337
65815,0.5944192432885547
24922,0.2928422164312585
56182,0.6796927687032197
81076,0.39401469133406386
44501,0.9917315435834946
78868,0.9428271447973372
83613,0.6840947547674942
8586,0.9999939866253285
100730,0.6609049047121521
73251,0.7153198083516396
82495,0.8753712423175666
90026,0.15672419411724448
54625,0.9999729558842799
62333,0.6667814905512385
78707,0.0005993051628534074
960,0.9999999999967247
70001,0.9659702099866498
101246,0.04749238481052133
32801,0.8058716102200716
56595,0.08930087169526568
16065,0.35483692397898514
67082,0.30825067301270587
9168,0.6662406362095447
62656,0.8842288516592692
30789,0.18725673052299446
76112,0.9995310912246337
38813,0.6971721695392614
88451,0.3810991190225945
6867,0.23525962720484261
48437,0.7009893808863857
61178,0.1646960370978347
14753,0.04456763335211099
49058,0.9982834919816049
17279,0.9999975343276533
91458,0.003779625500785389
34487,0.9984137292191416
8037,0.8413996898554393
20133,0.9932707814982155
22726,0.9995250906427527
2575,0.7134140548561451
104989,0.6822669866068881
47648,0.907047194324883
56757,0.5699274055663517
57160,0.014373149214037895
28203,0.8609003271875242
91906,0.03465641414036431
4741,0.9987406339909979
8066,0.10755541468694219
3488,0.9878937000637444
35405,0.5911368301382316
40583,0.17382923031529174
29373,0.9870111620222184
71316,0.9750110300921264
6297,0.282972284127918
106650,0.1474384968523813
48873,0.7837291527558221
56782,0.33412904466244536
48493,0.982598625065982
6687,0.10711769024340617
96262,0.9820579048644561
65583,0.0854770460595784
23039,0.5882151713550762
46288,0.9999999524208117
101519,0.6109445150296179
50678,0.8345844620300713
19338,0.289883530152916
34333,0.9415451139561413
95157,0.5286009523561959
102009,0.9986112562652769
78600,0.2848714089389736
50120,0.6365194135255807
75303,0.4606167091443963
95981,0.8103696800392982
39346,0.3841729177397272
43176,0.9581293621970906
72905,0.9578808093388711
48686,0.37087182900549753
103602,0.4748111494212482
101486,0.754698332743871
92893,0.8245481815226375
61085,0.2167169659172523
43804,0.9432285090223446
72017,0.9388956755250146
45027,0.5619896923338104
6377,0.9212202150200128
82,0.9942082310677659
94158,0.02003949281478552
74754,0.27253321763992777
51691,0.7591977469830495
84566,0.2264581810233091
46750,0.3158537316904798
78298,0.16410478631217146
19777,0.9722846841956405
93311,0.9967582076817122
54630,0.9991369801095341
88750,0.5510372940816963
86677,0.08654769683707209
96078,0.3640389935642402
10884,0.7168693449588577
73376,0.7370166708984274
62042,0.9526601021970132
56531,0.5484032969338366
96054,0.8796132786989692
47090,0.9672923627625789
12313,0.7895791725965617
95437,0.3138380936920908
47954,0.9999983350529774
79644,0.05861751138448449
85620,0.9993183080086727
92921,0.1674173508693333
92507,0.9935368282680321
40689,0.8686426627759262
26726,0.02938141243545235
10648,0.0779352553693013
52156,0.9995777122863998
35583,0.16488170401527974
55810,0.47122535988179687
14241,0.9873653974980847
23864,0.47001635470379294
6324,0.0785943535924958
85321,0.0846099695230978
103017,0.6973870796319196
49734,0.9833974301980216
30677,0.022757650505483472
50259,0.004352368889433356
24519,0.13203272120813064
81153,0.05205373814004391
7638,0.1771152310025348
31760,0.0988122045480555
21407,0.9699903763025501
73056,0.9882312509231155
5397,0.21190780415140986
52648,0.9985829619373073
79404,0.06374726244093473
87318,0.004470346522680576
50063,0.9996134176042353
62869,0.38746531714872845
9282,0.28561266292893195
33207,0.31749376853857714
36832,0.25101743363074713
39168,0.7736737579113083
39004,0.5567330763452892
42231,0.6452155794935354
71552,0.8810450366270082
32425,0.590804062929533
39202,0.9999980608444636
64874,0.9420544967046816
38211,0.7447949277335495
92532,0.9999999999999989
56621,0.15074062136897848
52133,0.12623489807361016
45156,0.33758581777948826
72892,0.7119579309082991
35120,0.8842547954539999
76104,0.2173797179370145
13086,0.0015614788828828684
44734,0.9995388989121186
77203,0.25130798151579514
32919,0.9950467410409186
60903,0.17658635756911795
84000,0.9679092341936785
99303,0.8859441867296625
62158,0.08260085071369344
54089,0.907542570427885
40710,0.7034023782461447
78004,0.3349941625510352
32074,0.4239334212504666
14113,0.061905738188694125
95540,0.9996811794915271
41386,0.9089193997667369
18064,0.6771915996408359
35811,0.6521400869956883
54232,0.9034833646781663
86245,0.9987723099568765
67616,0.095700614924206
80266,0.9929255499143945
44141,0.7309559368650544
50584,0.9986195744695618
98738,0.08823335271945848
11070,0.029795998640637433
105305,0.15673346524566562
58809,0.06996886449432223
72617,0.9428282932800788
37669,0.33523059174411124
73809,0.9931566895903559
49712,0.18635373426680796
85108,0.8456473983437371
32882,0.2505755353925607
37595,0.09998834152221237
79819,0.17074735827576293
65774,0.9679114382252336
32984,0.9999626741997759
92089,0.9999976390765017
83770,0.7730408994349369
57442,0.9548782198549628
38253,0.21886603989117642
54243,0.9841748010031076
15299,0.3154226739990248
32589,0.9443831028846722
16945,0.08537363324960168
51776,0.8288990433305665
59374,0.0770741278428851
65995,0.6025931782931098
26736,0.45977366727581365
84059,0.24675591791378965
17995,0.9804315847957693
63821,0.9977191645056395
63259,0.9967693824168917
6057,0.9990069684197069
85363,0.841165695665414
86145,0.4946615564950235
17098,0.9901961916706804
73,0.0821152389178933
33560,0.8688966696160105
34813,0.9971600022089967
2011,0.0935323181824575
49904,0.6884430763746787
29527,0.19190252992830426
19572,0.9297311445634616
70976,0.08117073535665525
103291,0.9826199116709744
367,0.9732892622891153
77990,0.6987411951147893
99323,0.04435080532651459
70762,0.9998687356002911
102691,0.8667460077147413
30827,0.41352131028774425
37704,0.5407562647184533
93738,0.7329875323988538
36077,0.9930468665695211
21236,0.8564640602111449
54913,0.9405445734035865
99433,0.3354263931894438
64038,0.9524545652131566
58228,0.6869211466289386
81187,0.11792497659996615
90101,0.9962761713983372
57523,0.5449246127874553
15695,0.4205302260395953
19808,0.3348829039344439
41702,0.4101333891184902
52520,0.32209182158872146
15014,0.871706319321234
33184,0.3451186849370347
32005,0.35863728029986525
101164,0.9661321086387987
21810,0.0792957038000835
14671,0.9456228529175797
25123,0.09008041082584844
10673,0.7211958777484178
34660,0.6848431191567756
59131,0.9207233070407124
40513,0.7325036503037362
91323,0.40165004831968354
6942,0.8843629430710294
6232,0.7786618853081785
47970,0.5306364389991738
55360,0.7386298663071843
42541,0.8500891359606277
1644,0.42003716843594424
