id,score
34566,0.9610853791236877
50272,0.9466754794120789
69232,0.9483893513679504
86223,0.6033644676208496
53524,0.9490839838981628
42142,0.97188401222229
22559,0.9623886942863464
28141,0.9306294322013855
72186,0.9512351751327515
46468,0.8618009090423584
33307,0.9385884404182434
96701,0.9745768904685974
43458,0.9488677978515625
50885,0.9527046084403992
73557,0.9379016160964966
88932,0.9492588639259338
44717,0.9512258768081665
99278,0.9681986570358276
59988,0.9648817777633667
41296,0.9505146145820618
25715,0.9458881616592407
98187,0.9503849744796753
40635,0.9539187550544739
76486,0.9624000787734985
48161,0.9664780497550964
57858,0.9273149371147156
25848,0.9758262038230896
83247,0.9438881874084473
100820,0.9371246099472046
61843,0.9413648843765259
47864,0.968496561050415
14338,0.9432825446128845
106760,0.8902364373207092
42892,0.9374584555625916
20995,0.9508376121520996
68283,0.9582442045211792
66796,0.9387571215629578
1175,0.9505363702774048
55171,0.9557965993881226
1693,0.9520387649536133
54411,0.9613887667655945
73718,0.8731951117515564
99036,0.9588394165039062
29757,0.9581608176231384
1352,0.8415711522102356
6970,0.9407104849815369
75513,0.9550843238830566
103376,0.9358881711959839
11566,0.9558160901069641
85724,0.9490503668785095
26255,0.951289176940918
83078,0.9704068303108215
22092,0.9574559926986694
31379,0.9316892623901367
20478,0.9530720114707947
70444,0.9474472403526306
41587,0.9567680358886719
74822,0.9608607292175293
88815,0.949581503868103
6351,0.9596680402755737
105177,0.9497900009155273
58297,0.946347713470459
39926,0.9577266573905945
97160,0.9534363746643066
86332,0.9580711126327515
21551,0.9591088891029358
47546,0.9593228697776794
37196,0.94269859790802
19800,0.9603459239006042
67091,0.9575393795967102
90146,0.9510304927825928
52084,0.9510469436645508
26000,0.947790265083313
20558,0.977557897567749
32315,0.9715461134910583
95299,0.949283242225647
57575,0.9455342888832092
57431,0.9493280053138733
15164,0.9597777128219604
47959,0.952523946762085
36213,0.9661818146705627
64598,0.9630909562110901
85180,0.894156813621521
7330,0.9555737376213074
96758,0.9575129151344299
60760,0.957229495048523
95190,0.9606505632400513
70419,0.9549989700317383
104315,0.9738190770149231
80963,0.9451034665107727
104090,0.9712064266204834
62040,0.8109844326972961
57462,0.9611364006996155
1752,0.9630839824676514
13352,0.939251184463501
6969,0.9613494277000427
36448,0.9560851454734802
69866,0.9540053606033325
37138,0.9595776796340942
37149,0.9636082649230957
83158,0.9328850507736206
107034,0.9571748971939087
83603,0.9518548250198364
33886,0.9510109424591064
55417,0.9428924918174744
57938,0.9663754105567932
27867,0.9541863203048706
101800,0.9160395860671997
91813,0.9474427700042725
64083,0.9659043550491333
29528,0.9417030811309814
71645,0.9708139300346375
14467,0.9556279182434082
60324,0.8841246366500854
10743,0.9479153156280518
64077,0.9703312516212463
92251,0.9550539255142212
15067,0.9581064581871033
20047,0.9520124197006226
54463,0.946599006652832
8025,0.901515007019043
27998,0.9482017159461975
91510,0.9596572518348694
49193,0.9715229272842407
5404,0.9278539419174194
98897,0.9402195811271667
46045,0.9595038294792175
95008,0.9579342007637024
43419,0.936607837677002
58059,0.9625587463378906
10051,0.9402561187744141
95635,0.9628410339355469
89780,0.9438732862472534
98548,0.9408875107765198
27466,0.9536899328231812
2992,0.9581760168075562
105855,0.9591398239135742
14278,0.9497054815292358
13478,0.9670143723487854
81475,0.9510239958763123
21191,0.9617710113525391
13291,0.9522259831428528
67019,0.9425883889198303
67840,0.9481809139251709
61283,0.9477678537368774
99646,0.9444270730018616
90567,0.9297031164169312
95937,0.9412863850593567
98569,0.9715926051139832
83135,0.9615647196769714
63766,0.9359806776046753
58069,0.9404035806655884
61012,0.948894739151001
23811,0.9561225175857544
86719,0.954021155834198
71966,0.950287401676178
42822,0.9528747200965881
41669,0.9442516565322876
45307,0.9312440156936646
81709,0.72026127576828
7658,0.9704726338386536
12419,0.9540640115737915
50301,0.956137478351593
54932,0.9519150853157043
40443,0.9367340803146362
89290,0.970898449420929
18566,0.9535820484161377
25390,0.9553061127662659
86488,0.9639341235160828
29629,0.9514287114143372
11058,0.9550134539604187
54617,0.9536147713661194
41981,0.9527997374534607
87296,0.951269805431366
17667,0.9365540742874146
5896,0.9579295516014099
75975,0.9583070874214172
27593,0.9539199471473694
40873,0.7710095047950745
70373,0.9650866985321045
43440,0.9601863026618958
13967,0.947986364364624
105002,0.965481698513031
18683,0.9487672448158264
87657,0.9562510251998901
57708,0.9567722678184509
92606,0.9473769664764404
72712,0.9614962935447693
69218,0.9500480890274048
58810,0.9526517987251282
95425,0.9526602625846863
95904,0.9656921029090881
79487,0.9435368776321411
46830,0.9474529027938843
69561,0.9529433846473694
94968,0.9398585557937622
1988,0.9086269736289978
96273,0.9476363658905029
2418,0.9572853446006775
12473,0.9573274850845337
19291,0.9504775404930115
10962,0.9377087950706482
47640,0.9526073336601257
93483,0.965303361415863
104092,0.9624316096305847
97169,0.97380530834198
31477,0.9634639620780945
75670,0.9387137293815613
65370,0.9391661882400513
10836,0.9538577795028687
68685,0.9661463499069214
93012,0.9686102271080017
80205,0.9615848064422607
66783,0.9373664855957031
79142,0.9590514302253723
51106,0.5229855179786682
101527,0.9398491978645325
46079,0.9401602745056152
68864,0.9658269882202148
105489,0.9430953860282898
54811,0.9569931626319885
6426,0.9516333341598511
100841,0.9679456353187561
65650,0.9579166173934937
57870,0.9528031945228577
55990,0.8857914209365845
106074,0.938778281211853
49536,0.9531332850456238
89328,0.939202070236206
18713,0.9612415432929993
91797,0.9697204232215881
106639,0.9529411792755127
5890,0.957493245601654
89684,0.9425883293151855
54023,0.9598630666732788
47021,0.9651693105697632
31128,0.9701545238494873
1963,0.9592684507369995
76891,0.9696076512336731
90892,0.9678012728691101
63803,0.93698650598526
49662,0.9430700540542603
94938,0.9517208933830261
23162,0.9494678974151611
96698,0.9670656323432922
103791,0.9135487079620361
64992,0.947052538394928
58764,0.9484438896179199
5358,0.9458610415458679
61333,0.9524346590042114
63475,0.9395003318786621
13214,0.9547699689865112
21817,0.9507957100868225
34789,0.9499018788337708
33534,0.9401674270629883
68438,0.9504498839378357
103299,0.984455943107605
106707,0.9585838913917542
37671,0.9424116611480713
36142,0.9727809429168701
75447,0.9492961168289185
31898,0.6106393337249756
65458,0.6227392554283142
20782,0.9627447724342346
93542,0.9575363993644714
28068,0.9501708149909973
13088,0.9381531476974487
91210,0.9388758540153503
73055,0.9584901332855225
2146,0.9539130926132202
45779,0.9558774828910828
53843,0.9559614658355713
6613,0.8236435055732727
85068,0.9656817317008972
34339,0.9447024464607239
1747,0.9350605607032776
100398,0.9534093141555786
77182,0.9514840841293335
16496,0.9609169363975525
50826,0.9511339664459229
54432,0.952523410320282
106786,0.9482070803642273
60662,0.9494615793228149
25319,0.9378097653388977
57166,0.9531734585762024
93039,0.9476588368415833
57408,0.9534460306167603
98502,0.9582026600837708
89627,0.9484818577766418
30063,0.9699563980102539
37625,0.9500513076782227
20751,0.9564015865325928
43244,0.9627134203910828
66830,0.8300673365592957
7174,0.962296724319458
98246,0.9067771434783936
56972,0.9528359770774841
84719,0.9483773112297058
86073,0.9447943568229675
49249,0.9291349053382874
72494,0.9526970386505127
56350,0.9710612893104553
75617,0.9347764253616333
61192,0.9534249901771545
95727,0.93965083360672
53226,0.9511846899986267
11746,0.9527921676635742
56780,0.9498656392097473
48037,0.9463514685630798
67699,0.837319016456604
52046,0.9614981412887573
7373,0.9560624957084656
55155,0.9492907524108887
87577,0.9497784972190857
97264,0.9733630418777466
73458,0.9407711625099182
86325,0.9653268456459045
96463,0.955223023891449
16633,0.965280294418335
75069,0.9579005241394043
35487,0.908493161201477
24768,0.9616942405700684
34822,0.9574432969093323
101479,0.9537980556488037
79766,0.9532919526100159
49768,0.9496103525161743
22731,0.9685113430023193
33574,0.9713166356086731
55252,0.9620835185050964
40683,0.9524646997451782
33771,0.9637110233306885
857,0.9518679976463318
51226,0.9753550887107849
46831,0.9459757208824158
105253,0.9583850502967834
79491,0.948320746421814
103022,0.9574066996574402
82950,0.9241174459457397
64234,0.9724501967430115
78991,0.9488852620124817
83774,0.9572083950042725
48994,0.9667597413063049
84569,0.9668186902999878
80903,0.9269742369651794
39230,0.9644939303398132
97195,0.9499257206916809
34972,0.9422269463539124
63621,0.9505494832992554
11553,0.9359040260314941
95009,0.970387876033783
2753,0.9440681338310242
102798,0.9518839716911316
35609,0.9538682103157043
45723,0.9710331559181213
36421,0.9522233605384827
93564,0.9350495338439941
18673,0.9512828588485718
99963,0.9557365775108337
19921,0.9527298212051392
9379,0.9509713649749756
63121,0.9593051075935364
55480,0.9630302786827087
102975,0.9688757061958313
55632,0.9464592933654785
74937,0.9628298878669739
51836,0.9354867339134216
12610,0.9670002460479736
46487,0.914663553237915
42150,0.9572336673736572
2908,0.9658046364784241
11348,0.9530880451202393
104966,0.9535151720046997
56207,0.9547470211982727
47420,0.9540244340896606
70191,0.953298807144165
30693,0.9654544591903687
82367,0.95961993932724
56454,0.9460866451263428
40608,0.9457489848136902
590,0.9738963842391968
64431,0.9538867473602295
14717,0.9514244794845581
14898,0.9219672083854675
5949,0.9517139792442322
80059,0.9528052806854248
24763,0.9495227336883545
46875,0.9495633840560913
26931,0.9402576088905334
72880,0.9728911519050598
104802,0.9574655890464783
39042,0.9468069076538086
986,0.974407970905304
7537,0.8842958211898804
74147,0.9246190190315247
24786,0.9383358359336853
94019,0.9579799771308899
29377,0.9534797668457031
16134,0.9567436575889587
9499,0.9156386852264404
64513,0.9550237655639648
15569,0.9247630834579468
47017,0.9555162191390991
13043,0.9343138337135315
56464,0.9419652819633484
8315,0.9506910443305969
31026,0.9576343894004822
74871,0.9545095562934875
46139,0.9601282477378845
57488,0.9495422840118408
263,0.9476725459098816
3394,0.9488885998725891
22237,0.965944766998291
17299,0.950785219669342
43048,0.9401032328605652
91934,0.9521198272705078
15814,0.8768424391746521
92661,0.939243495464325
48500,0.9633464217185974
101522,0.9519696235656738
58058,0.9557847380638123
48310,0.9721078276634216
93528,0.968069851398468
48732,0.9526605606079102
56815,0.9708812236785889
2861,0.9701241254806519
32056,0.934678852558136
31686,0.9283730387687683
32212,0.9270514845848083
34433,0.9600663781166077
9154,0.9800018668174744
62686,0.9681232571601868
93196,0.9568746089935303
95261,0.9446076154708862
70962,0.9670689105987549
90520,0.9458102583885193
29033,0.9669482707977295
2713,0.9606221318244934
36946,0.7160323858261108
35993,0.9383671283721924
100933,0.9468432664871216
14561,0.9303155541419983
97302,0.9711201786994934
9600,0.9560126066207886
10294,0.9622386693954468
44890,0.966862678527832
87850,0.9526918530464172
101786,0.9646273851394653
69051,0.9624251127243042
54868,0.9538372159004211
6583,0.9528245329856873
63256,0.9404973387718201
53969,0.9580379128456116
69907,0.9608623385429382
45282,0.9532581567764282
95125,0.8121781349182129
54365,0.9544855356216431
63236,0.9456518292427063
104959,0.9457188844680786
105117,0.9560673832893372
18787,0.9618103504180908
77502,0.9286647439002991
59084,0.9599469900131226
91595,0.9535369873046875
80788,0.9519299864768982
99862,0.955184817314148
87325,0.9036797881126404
57303,0.9633396863937378
37884,0.9526225924491882
92059,0.9594833850860596
76261,0.9493789672851562
79007,0.9560719728469849
97833,0.9603834748268127
40382,0.9433478116989136
42825,0.9674025774002075
73429,0.9488670229911804
67050,0.9525743722915649
67837,0.9295923709869385
11945,0.9394330382347107
4880,0.9558703303337097
104670,0.9606340527534485
69307,0.9635336995124817
2417,0.9559669494628906
20890,0.9617234468460083
60524,0.9691905975341797
67623,0.9485434293746948
79406,0.9545397758483887
81812,0.9510965943336487
47792,0.9494810104370117
60455,0.957380473613739
57967,0.9609974026679993
63131,0.9615659117698669
77533,0.9417453408241272
75815,0.9710445404052734
17220,0.960387110710144
4822,0.9562732577323914
104299,0.9698790311813354
27396,0.9498692750930786
66788,0.938258171081543
73691,0.9509609341621399
84699,0.9666256308555603
76468,0.941377580165863
6868,0.9501752853393555
95938,0.951828122138977
91872,0.9470624923706055
59054,0.9712375402450562
37147,0.9582046270370483
24966,0.9418625831604004
5668,0.9519089460372925
97600,0.9658267498016357
61930,0.9553859829902649
86934,0.9512723684310913
83678,0.9404041171073914
29827,0.9561724662780762
6206,0.9639551639556885
93891,0.9494436383247375
22302,0.9602325558662415
53715,0.9534621834754944
74452,0.952480673789978
98097,0.9600515365600586
94492,0.9509116411209106
52873,0.9609584808349609
39371,0.9580489993095398
33321,0.9726319313049316
105024,0.9282211065292358
70699,0.9551065564155579
63945,0.9523685574531555
92000,0.9497981667518616
4990,0.9469547271728516
45293,0.9573420286178589
89028,0.9541826248168945
78250,0.9464417695999146
27659,0.955045223236084
67546,0.9431836009025574
85206,0.9198489785194397
66829,0.953302800655365
14360,0.9483830332756042
98129,0.9640050530433655
74522,0.9483242630958557
20811,0.9653456807136536
76081,0.9545985460281372
38953,0.9397222995758057
8430,0.9554319977760315
89041,0.9577308297157288
99838,0.9452244639396667
79512,0.9468488097190857
103604,0.952530562877655
55820,0.9661056995391846
65422,0.9577370285987854
72645,0.9618133306503296
91160,0.9598978757858276
62410,0.9564781785011292
52414,0.9654044508934021
5692,0.952038586139679
77094,0.9560770988464355
55179,0.9558150172233582
49202,0.9019940495491028
8841,0.9570322632789612
8096,0.9675269722938538
75832,0.6045458316802979
39279,0.9436615109443665
100504,0.962857723236084
37330,0.9577865600585938
71467,0.9602301716804504
27577,0.9576396346092224
59870,0.9580675959587097
64403,0.9615888595581055
47464,0.960985004901886
79770,0.9824165105819702
99308,0.9549980163574219
57197,0.9196000099182129
37918,0.9644573330879211
43470,0.9449857473373413
100219,0.9673542976379395
26510,0.9474684596061707
25870,0.9558371901512146
65867,0.9551171660423279
51739,0.9489980936050415
99965,0.946422278881073
10534,0.9690489172935486
6664,0.9492942690849304
104971,0.9493796229362488
24615,0.9360957741737366
100862,0.9479569792747498
28018,0.9604663252830505
7345,0.9519021511077881
76059,0.9517593383789062
24256,0.9522859454154968
89943,0.951779305934906
97303,0.9470561742782593
60280,0.9565813541412354
18324,0.9497677683830261
87641,0.9534510374069214
28970,0.9404895305633545
27363,0.9649999737739563
52902,0.9543184638023376
85294,0.9453321695327759
81480,0.9738970994949341
1744,0.9523736238479614
38002,0.9573544859886169
14284,0.9315159916877747
38484,0.9334421157836914
80584,0.9666678309440613
77050,0.9585849046707153
31259,0.9534165859222412
79077,0.949367880821228
58886,0.9567950963973999
60954,0.9539188742637634
70799,0.9503318667411804
52013,0.9553478956222534
71904,0.9527210593223572
71844,0.9310892820358276
22734,0.9426588416099548
79724,0.9505367875099182
82508,0.9634939432144165
77802,0.945972740650177
54576,0.9593052268028259
82046,0.9570338129997253
42787,0.9491482377052307
91919,0.9461857080459595
4764,0.9646726250648499
29079,0.9647297859191895
30254,0.9515241384506226
94013,0.861459493637085
33643,0.9716941118240356
24238,0.9533876180648804
83026,0.9337238669395447
3164,0.9435723423957825
81900,0.9806174635887146
50519,0.9606014490127563
76320,0.9562323689460754
56165,0.9577197432518005
83166,0.9457229375839233
88675,0.9712140560150146
76380,0.9543033242225647
86709,0.9571012854576111
54070,0.9790650606155396
37157,0.9484838247299194
104166,0.9328135251998901
68285,0.9153656959533691
81848,0.9428216814994812
44145,0.9416368007659912
24019,0.9556872844696045
86235,0.9657300114631653
80353,0.9576927423477173
45854,0.9568845629692078
4402,0.9544063806533813
41645,0.9536657333374023
31674,0.9656053781509399
28987,0.9551635384559631
18766,0.9320071935653687
10355,0.9242982864379883
32427,0.9473387598991394
91400,0.9531249403953552
55295,0.9591654539108276
106782,0.9513342976570129
1645,0.9706770777702332
2610,0.9723456501960754
53836,0.9536353945732117
63495,0.9371930360794067
53689,0.9547502994537354
99572,0.9428722262382507
4148,0.9619500041007996
93681,0.933514416217804
82600,0.9709416627883911
63362,0.9557269215583801
58983,0.9607800245285034
66268,0.947686493396759
83582,0.5165589451789856
104484,0.9808094501495361
39197,0.9290276765823364
70740,0.9537696242332458
75117,0.6811344027519226
56646,0.9484031796455383
103460,0.9524499773979187
19134,0.9385132789611816
87447,0.9510948657989502
49659,0.949384868144989
83556,0.969980001449585
23993,0.9555996060371399
5813,0.9537578225135803
29916,0.9556085467338562
12340,0.5630382895469666
67255,0.9774864912033081
46508,0.9338065981864929
67248,0.960961103439331
29461,0.9410310983657837
51279,0.951849102973938
16059,0.970580518245697
92016,0.9559773802757263
50313,0.9574734568595886
78370,0.9612129330635071
80708,0.9512019157409668
90075,0.939864993095398
72748,0.9458311796188354
10128,0.9502587914466858
7858,0.5168256163597107
69469,0.9533587098121643
607,0.9582828879356384
31648,0.9556304216384888
65947,0.9454090595245361
65612,0.9545239806175232
29127,0.9049417972564697
71081,0.9628560543060303
28869,0.9367455840110779
13784,0.9539297223091125
98489,0.955413281917572
38712,0.9645638465881348
1935,0.9716471433639526
81134,0.9644523859024048
97576,0.6045106649398804
100132,0.9374674558639526
41552,0.954809308052063
104473,0.963628888130188
10886,0.9538663625717163
4608,0.9309077262878418
19638,0.9449171423912048
103726,0.9513846635818481
14088,0.9599290490150452
44367,0.9538934826850891
77775,0.9517631530761719
43133,0.9664804935455322
11750,0.9468016028404236
38773,0.9669140577316284
80328,0.9540199637413025
36364,0.9501618146896362
72222,0.9786720275878906
24497,0.935971200466156
81796,0.9308016896247864
68276,0.9529562592506409
95099,0.9606812596321106
104325,0.958626925945282
72720,0.9790538549423218
81957,0.95811527967453
68678,0.9183802008628845
6282,0.9669057130813599
39478,0.9495624899864197
64263,0.9629107713699341
56842,0.9424138069152832
71748,0.948479950428009
101186,0.96839439868927
77819,0.9367888569831848
82746,0.9645578265190125
75372,0.9461717009544373
86180,0.9564783573150635
103038,0.9510610699653625
53965,0.9571644067764282
51154,0.9705948829650879
68680,0.9307287335395813
10380,0.9595642685890198
15435,0.953298807144165
80262,0.9663955569267273
72306,0.9653060436248779
62687,0.941628634929657
87244,0.9579917788505554
45990,0.9577279686927795
2832,0.9578672647476196
15117,0.9527096152305603
62567,0.9512032270431519
13436,0.94419926404953
10683,0.9469388127326965
25182,0.9572603106498718
65739,0.9603670239448547
94520,0.9522426128387451
96784,0.9616836905479431
21531,0.9557024836540222
58971,0.8532867431640625
66147,0.9595032930374146
101483,0.9538918733596802
79887,0.9552586674690247
29544,0.9542939066886902
69091,0.9498488306999207
11176,0.9535523653030396
60268,0.9340206980705261
71120,0.9047842621803284
31291,0.9265017509460449
43865,0.9629417061805725
40585,0.9676677584648132
37452,0.9460399150848389
52456,0.9528181552886963
90007,0.956618070602417
16739,0.9520880579948425
91551,0.9444366097450256
23423,0.9486984610557556
1706,0.9478896260261536
7452,0.9426383972167969
8134,0.9563558101654053
58536,0.9543664455413818
105734,0.9503524303436279
1313,0.966479480266571
84876,0.951100766658783
100693,0.9522684216499329
57995,0.9485737681388855
79811,0.9515194892883301
69139,0.9606670141220093
58534,0.939298689365387
99375,0.9605771899223328
76796,0.9465327858924866
66626,0.9458279609680176
97721,0.9463469982147217
102488,0.9508306980133057
31116,0.9634596109390259
21065,0.9436095952987671
59272,0.9551154375076294
99469,0.9361804127693176
46333,0.9752697348594666
28601,0.9569236636161804
25815,0.9499493837356567
102482,0.9541581273078918
34661,0.9628345966339111
65391,0.9731271266937256
81943,0.9476844668388367
28505,0.9565682411193848
88621,0.9571089148521423
62287,0.9647291302680969
25860,0.9539070725440979
58026,0.9551389217376709
59165,0.9505990743637085
21355,0.9495469331741333
724,0.9521607756614685
61635,0.9616647362709045
10564,0.9527049660682678
41782,0.9539154171943665
6229,0.9535937905311584
42952,0.9338230490684509
56235,0.9316142797470093
104947,0.9544359445571899
7746,0.9544159770011902
100978,0.9396552443504333
20646,0.9636272192001343
78149,0.9500287771224976
94746,0.9513601064682007
11466,0.961566686630249
12787,0.9553782343864441
104608,0.9828692078590393
38068,0.9559603929519653
12230,0.87092524766922
22667,0.9549997448921204
35855,0.9563162326812744
27932,0.9483140707015991
57277,0.9576679468154907
71908,0.9407082796096802
23047,0.9549036622047424
54288,0.9748679399490356
73157,0.9673540592193604
72434,0.9630820155143738
37676,0.9260199069976807
107058,0.9511384963989258
103029,0.9510639905929565
34947,0.9611682295799255
85834,0.9637857675552368
74743,0.9541633129119873
19940,0.9578974843025208
29136,0.9724121689796448
65700,0.9579766988754272
15352,0.9754005670547485
44799,0.9586184024810791
79640,0.9554539918899536
745,0.938261866569519
68654,0.9560856819152832
75911,0.9401571750640869
814,0.9532210230827332
30903,0.9274781942367554
32545,0.9605332612991333
35506,0.9587905406951904
69863,0.9484113454818726
19443,0.9609960913658142
45375,0.9538928270339966
22240,0.9521288275718689
86911,0.9519158601760864
68265,0.9528764486312866
91954,0.9561027884483337
99622,0.9629070162773132
47734,0.9502410292625427
53726,0.9507799744606018
94247,0.9280412197113037
154,0.9677870869636536
11650,0.9398919343948364
27561,0.9537468552589417
49806,0.8959017992019653
94011,0.9539670348167419
50140,0.9551084041595459
93185,0.9424536228179932
78438,0.949266254901886
2264,0.9523227214813232
62528,0.9657055735588074
4665,0.9667752981185913
7685,0.9448434114456177
39824,0.8363398909568787
65005,0.9628946185112
68816,0.9484646916389465
102678,0.952535092830658
63734,0.9589031934738159
40320,0.9528433680534363
2545,0.9428298473358154
41278,0.9706991314888
102661,0.9378292560577393
29550,0.9595116972923279
13831,0.9533199071884155
52921,0.9452977180480957
106351,0.9431710839271545
95864,0.9512943625450134
9087,0.964936375617981
5591,0.9645581841468811
46258,0.9271447062492371
95865,0.9581669569015503
42844,0.9638932943344116
77093,0.9585110545158386
84201,0.960269033908844
70165,0.9539036750793457
32357,0.9594524502754211
101296,0.9665088653564453
67095,0.9514237642288208
85509,0.9587622880935669
50202,0.9748110771179199
12793,0.961155891418457
94120,0.9750685095787048
16628,0.9670539498329163
88444,0.9599156975746155
48356,0.9311410784721375
57373,0.9562208652496338
20724,0.9075914025306702
32265,0.9645302295684814
50643,0.9765838384628296
52320,0.9573885798454285
90770,0.9491816163063049
36345,0.9547424912452698
51312,0.9419652223587036
106826,0.9592346549034119
1659,0.9599234461784363
16342,0.950270414352417
14592,0.9548426866531372
91973,0.9587073922157288
92819,0.9487754702568054
19977,0.966097354888916
14955,0.9236235618591309
2250,0.9653875827789307
72244,0.9603449106216431
26420,0.9610979557037354
68772,0.9620864987373352
5213,0.7952197790145874
51455,0.960915744304657
81805,0.9504706859588623
85814,0.9509512186050415
26954,0.9312677979469299
69738,0.9655700325965881
65545,0.9513389468193054
83747,0.9652839303016663
71477,0.96771639585495
69329,0.9580494165420532
1746,0.7485913038253784
87324,0.9603942632675171
45379,0.9623866677284241
89712,0.9647741317749023
96389,0.951805591583252
35886,0.9586015343666077
89497,0.9503082036972046
49775,0.9471092224121094
81178,0.9555649161338806
72632,0.9572162628173828
93516,0.9744388461112976
57472,0.960216760635376
95100,0.9390791654586792
257,0.9364792108535767
97807,0.9462411999702454
42302,0.9441128373146057
103524,0.958897590637207
89488,0.9431344270706177
76436,0.9587246775627136
95621,0.9312724471092224
88434,0.9501509070396423
106829,0.9570898413658142
36065,0.9400591254234314
85803,0.9378988742828369
26046,0.9547150135040283
57695,0.937195360660553
49956,0.9486417174339294
41088,0.9604730010032654
46736,0.9357647895812988
45144,0.9639330506324768
99930,0.9396657943725586
27117,0.9615347385406494
53530,0.9521974325180054
49282,0.9445217847824097
1592,0.9478330612182617
2095,0.9463784694671631
105521,0.9508769512176514
93321,0.964422881603241
77725,0.9569963812828064
52947,0.9851185083389282
43384,0.961050271987915
41422,0.9405240416526794
102039,0.9510517120361328
69243,0.9554021954536438
100066,0.9179279208183289
103522,0.962578535079956
61424,0.9547500610351562
12304,0.961880087852478
99845,0.9566082954406738
57141,0.9311562776565552
63639,0.9587618112564087
19505,0.9471002221107483
72803,0.955741822719574
57130,0.958556056022644
104086,0.9590373635292053
95997,0.9480132460594177
73735,0.9689647555351257
17898,0.9722036719322205
63729,0.9610165953636169
62143,0.9460225701332092
76631,0.9746165871620178
24602,0.9634754657745361
69537,0.9561968445777893
57797,0.94085294008255
95559,0.9478240609169006
90322,0.9484524130821228
80472,0.9429877996444702
66595,0.9343977570533752
92922,0.9516357183456421
29561,0.938323974609375
83239,0.938897430896759
91457,0.9580180048942566
55134,0.9512355923652649
99539,0.9521817564964294
48374,0.9713692665100098
36915,0.9383049011230469
65108,0.905716061592102
29981,0.9543606638908386
93649,0.9515084624290466
89723,0.9540963768959045
76692,0.9516046047210693
54562,0.9628567099571228
43904,0.9482879042625427
33293,0.9630150198936462
73671,0.9779618978500366
28238,0.9515336155891418
27546,0.9548004269599915
2281,0.9788447022438049
80042,0.8741959929466248
47374,0.9517247676849365
67558,0.9428433179855347
58322,0.9473614692687988
106927,0.9595252275466919
81403,0.9539371132850647
86321,0.949108362197876
50823,0.9593031406402588
97448,0.8287261128425598
105586,0.9509445428848267
75470,0.9406031966209412
9662,0.6645340919494629
91907,0.9606090784072876
41996,0.958850622177124
59405,0.9539109468460083
52052,0.6218835711479187
30825,0.9459068179130554
95254,0.9534744620323181
58587,0.9585837721824646
98745,0.9708559513092041
29759,0.9585028290748596
101031,0.9398883581161499
20484,0.9546353220939636
25560,0.9519836902618408
61360,0.9690154790878296
29448,0.9551539421081543
19381,0.9307222366333008
35748,0.962694525718689
68222,0.9517076015472412
39947,0.9537261724472046
49604,0.9589516520500183
1877,0.9875766038894653
46967,0.9543253779411316
20173,0.9519908428192139
36385,0.968437671661377
69799,0.9400749206542969
69403,0.5837950706481934
95633,0.9526374340057373
33998,0.9348440170288086
64813,0.943252444267273
45104,0.9526526927947998
8400,0.949293851852417
2873,0.9590398073196411
10001,0.9515969753265381
48294,0.9683526158332825
83497,0.9458387494087219
57145,0.9415701031684875
40968,0.9365105628967285
12970,0.9434098601341248
73741,0.9500486850738525
63151,0.9612347483634949
70917,0.964765191078186
32230,0.9574552178382874
56209,0.9336145520210266
23490,0.9565829634666443
47058,0.9384825825691223
82884,0.9505043625831604
97008,0.9483833312988281
19504,0.9552425742149353
2297,0.962302565574646
48473,0.9459458589553833
86212,0.981692910194397
38842,0.968454122543335
39472,0.9336255788803101
51818,0.9559444189071655
23397,0.9591649174690247
96486,0.9654683470726013
88840,0.9440999031066895
40466,0.9821718335151672
70317,0.9552217125892639
76574,0.9726772904396057
39341,0.9428264498710632
7292,0.960785448551178
2023,0.9495711326599121
77379,0.9538507461547852
58211,0.961723804473877
33639,0.949340283870697
104130,0.9520534873008728
99841,0.9569422006607056
106572,0.9518924355506897
76552,0.944736659526825
101625,0.9388940334320068
66162,0.9588865637779236
41851,0.952985942363739
101017,0.9555399417877197
92229,0.9510194659233093
82357,0.940313458442688
15982,0.9628849029541016
23136,0.9525434374809265
97759,0.9472193717956543
92316,0.9321779608726501
91913,0.9619932174682617
46431,0.960323691368103
19270,0.9474973678588867
76264,0.9534566402435303
97433,0.9665803909301758
49813,0.947384774684906
63267,0.9541313052177429
44030,0.9604129791259766
47029,0.9505137801170349
60911,0.9224143028259277
26852,0.9663813710212708
25495,0.946105420589447
30724,0.9375888109207153
97366,0.9642830491065979
88283,0.9542676210403442
99771,0.9603778719902039
22333,0.9507462382316589
32269,0.9881296157836914
8079,0.9768081903457642
2779,0.953835666179657
13370,0.9471850395202637
67613,0.9362874031066895
84513,0.9521870613098145
8508,0.9476473927497864
66942,0.946146547794342
56528,0.9685853719711304
63111,0.9517690539360046
43119,0.9572763442993164
55170,0.9737517237663269
77456,0.8342578411102295
8406,0.9612122774124146
49227,0.9462636113166809
100176,0.9017009735107422
89671,0.9780177474021912
99750,0.9507659673690796
60128,0.9518203735351562
57307,0.9527494311332703
40250,0.9523565769195557
34581,0.9645893573760986
86220,0.9538646340370178
49095,0.9681364297866821
63946,0.9720048308372498
10473,0.9768545031547546
41895,0.9537464380264282
76107,0.9556019902229309
79867,0.9455601572990417
63319,0.9466148018836975
96015,0.9566928148269653
79850,0.9552904367446899
106860,0.9644381999969482
3663,0.9434806108474731
100342,0.9535447955131531
8091,0.9505854845046997
103769,0.93155437707901
34494,0.957323431968689
28174,0.9567310214042664
14089,0.9670150279998779
14851,0.9810958504676819
101546,0.943982720375061
70823,0.9687644839286804
51750,0.9475022554397583
85313,0.9530395865440369
15457,0.9589763283729553
14421,0.9528256058692932
98252,0.9652992486953735
64105,0.968612015247345
85486,0.9637744426727295
40484,0.9752663373947144
21023,0.9388473033905029
14530,0.9534947872161865
43162,0.9474207162857056
6006,0.9680542349815369
6263,0.9525203704833984
42898,0.964808464050293
74764,0.9576730728149414
53230,0.9689939618110657
102952,0.956304132938385
17252,0.9252371191978455
91186,0.9546812772750854
29131,0.9551317691802979
78947,0.9585326313972473
3032,0.966593325138092
98841,0.9775430560112
8866,0.9546349048614502
72495,0.9651404619216919
67709,0.9588369131088257
90098,0.9642360806465149
59516,0.9483649730682373
50248,0.9756098985671997
94359,0.941302478313446
27240,0.9468401670455933
96264,0.9596232175827026
52858,0.9625515341758728
46162,0.958500862121582
1134,0.9516435861587524
48949,0.9508545398712158
71960,0.9556451439857483
68910,0.8774653077125549
99982,0.943500816822052
41393,0.7550533413887024
51375,0.9561814069747925
68467,0.9401371479034424
76589,0.9547044634819031
70180,0.9526772499084473
37487,0.970901370048523
71815,0.9481008052825928
103508,0.9574512839317322
82760,0.9154026508331299
58985,0.9650633931159973
16513,0.9637281894683838
31230,0.9473912715911865
59944,0.9135864973068237
43283,0.9638707041740417
31673,0.9502401351928711
71637,0.97152179479599
84561,0.9278087019920349
96324,0.9580091834068298
11191,0.9504877924919128
50728,0.9493011832237244
22865,0.9585339426994324
62181,0.9535850882530212
87356,0.9292371273040771
77537,0.9659738540649414
22487,0.9614967107772827
45970,0.9546573758125305
20742,0.9347140192985535
64806,0.9358545541763306
98020,0.9627133011817932
49161,0.9503717422485352
1783,0.948306679725647
64058,0.9544187784194946
1330,0.9732138514518738
86753,0.9333509206771851
85567,0.9566746354103088
92385,0.958888828754425
63583,0.9641463160514832
41872,0.959792971611023
4448,0.9498447179794312
10400,0.7740358114242554
54480,0.9301524758338928
897,0.92653489112854
75005,0.9625793099403381
104744,0.944610595703125
78050,0.9514224529266357
24984,0.9537954330444336
106112,0.969200849533081
19932,0.9546879529953003
102896,0.926608681678772
73105,0.957694947719574
91330,0.9391005039215088
34731,0.9516629576683044
52739,0.9623037576675415
26932,0.9597019553184509
31165,0.9560577869415283
58551,0.9456472396850586
21939,0.955522894859314
91487,0.9821721911430359
97906,0.9597362279891968
44807,0.7258866429328918
39583,0.9544781446456909
93137,0.9603838324546814
34927,0.9688073396682739
45200,0.9391477108001709
14810,0.9705613255500793
97368,0.9593011736869812
49243,0.9510532021522522
22782,0.9582698345184326
23667,0.9520207643508911
71900,0.9539904594421387
25489,0.9596211314201355
27382,0.8463708758354187
46444,0.949396014213562
78907,0.9395776987075806
54487,0.945296585559845
4456,0.9698308110237122
39826,0.9377712607383728
66223,0.9656108617782593
56061,0.9625715613365173
62113,0.9714235663414001
29214,0.9576937556266785
66149,0.9647457599639893
88109,0.9657442569732666
22342,0.9487416744232178
101632,0.9445385932922363
35544,0.9580116868019104
77028,0.9549749493598938
43616,0.8690396547317505
58907,0.951260507106781
30899,0.951894998550415
87933,0.930483877658844
18929,0.9592296481132507
50190,0.9498307704925537
76597,0.9578872919082642
89900,0.9284671545028687
83765,0.9450586438179016
13518,0.9469520449638367
45429,0.9547838568687439
50083,0.9342695474624634
66000,0.9532698392868042
94851,0.9504324197769165
10556,0.9693441987037659
63987,0.9614623188972473
3997,0.9450114965438843
9047,0.9600271582603455
85872,0.9558379650115967
24822,0.9508770704269409
27379,0.9545326828956604
21940,0.9497794508934021
48077,0.9387008547782898
96284,0.9652087688446045
79651,0.4894833564758301
103427,0.9468923211097717
12807,0.953209638595581
83175,0.9331043362617493
15840,0.9637758731842041
3484,0.9518238306045532
70845,0.9494736194610596
101606,0.9520290493965149
23783,0.9487380385398865
64445,0.9581342339515686
104412,0.9298161864280701
70411,0.9307923913002014
19819,0.9513598680496216
65009,0.9546390175819397
92342,0.9418543577194214
19108,0.9502641558647156
6746,0.9515224099159241
94206,0.9568275809288025
94143,0.9480978846549988
99106,0.9652265310287476
69631,0.9491788148880005
53596,0.9677327275276184
101047,0.9765140414237976
56697,0.9543038010597229
55742,0.9506223201751709
70944,0.9470618367195129
92980,0.9499111175537109
34131,0.9654301404953003
44222,0.9543225765228271
43819,0.9440857768058777
19874,0.8124703168869019
49225,0.9386228919029236
5038,0.947821855545044
29429,0.9170324206352234
86940,0.9187209606170654
21797,0.9424657821655273
54871,0.9535625576972961
44711,0.9552892446517944
9775,0.9405803084373474
98608,0.957459568977356
33277,0.9587323665618896
47216,0.965728759765625
6745,0.9363179206848145
42361,0.9571995735168457
27101,0.969190239906311
72144,0.9535660147666931
87482,0.9469095468521118
52060,0.9661276340484619
26520,0.9557905793190002
16,0.9453513026237488
97049,0.9680591225624084
65365,0.905534029006958
26077,0.92317795753479
18424,0.9718273878097534
80684,0.9371950626373291
51997,0.9516406059265137
11295,0.9442591071128845
255,0.9659130573272705
95708,0.9638627171516418
102388,0.9117697477340698
82724,0.9608338475227356
72032,0.9486263394355774
82147,0.9513189792633057
50404,0.9595694541931152
11290,0.9487128257751465
34522,0.9585670232772827
92537,0.9491402506828308
105140,0.9588536620140076
23560,0.9494314193725586
172,0.9458016753196716
95703,0.9612022638320923
93174,0.957136332988739
52405,0.946222722530365
28051,0.9576958417892456
4946,0.9281094670295715
43674,0.9498100280761719
50110,0.9584879279136658
1179,0.9628596901893616
60536,0.9750614762306213
79473,0.9550406336784363
104865,0.9404962658882141
74070,0.943210780620575
97397,0.9691776633262634
76386,0.9305101633071899
41379,0.47427499294281006
10449,0.967793881893158
33692,0.9509721398353577
38931,0.9624643325805664
40541,0.9708852767944336
95816,0.9496757984161377
47147,0.9467734694480896
39952,0.9320185780525208
10941,0.9178794026374817
5613,0.9757707118988037
29689,0.9527441263198853
21013,0.9548336267471313
12465,0.9604776501655579
7029,0.9854753017425537
100032,0.9307618141174316
33975,0.9207864999771118
102570,0.9744442701339722
75071,0.9499213099479675
31504,0.9445269107818604
58867,0.9521362781524658
51215,0.9680655002593994
103693,0.9625046253204346
95082,0.9578034281730652
24245,0.9523255228996277
51808,0.9685736298561096
26899,0.9333676099777222
83788,0.9652749300003052
15455,0.9499271512031555
6864,0.958704948425293
43346,0.9471276998519897
45131,0.9369420409202576
59236,0.9471697807312012
60069,0.9572139978408813
97287,0.958929181098938
73100,0.9557682871818542
2015,0.9553632140159607
67988,0.9653763771057129
15584,0.9491098523139954
104063,0.9541317224502563
15460,0.9310519099235535
95640,0.946906328201294
77076,0.9512891173362732
4555,0.9540970325469971
74424,0.8621286153793335
88710,0.9406887292861938
6054,0.8458409905433655
65620,0.9597514867782593
10605,0.9622020125389099
59261,0.9533690810203552
25733,0.9564207792282104
58112,0.9547229409217834
81844,0.9509745240211487
49036,0.9617811441421509
26258,0.9644436240196228
3535,0.9559193253517151
101998,0.9561694264411926
66520,0.9436392188072205
87362,0.949618399143219
99528,0.9369568228721619
12377,0.9646416902542114
51345,0.9667414426803589
96938,0.9482080340385437
15312,0.933923065662384
16353,0.9519359469413757
91008,0.8395556211471558
90835,0.9527164101600647
41820,0.9517810344696045
16151,0.9437941908836365
86348,0.9631691575050354
105669,0.9547596573829651
101601,0.953527569770813
83311,0.9511789679527283
104640,0.9374176263809204
84406,0.9554556012153625
8453,0.9501161575317383
60994,0.9520894885063171
51636,0.9538557529449463
4373,0.9553912281990051
49091,0.9558877348899841
68042,0.9027458429336548
82902,0.9673181176185608
49391,0.9550290107727051
30984,0.9591761231422424
34967,0.9543535113334656
40341,0.9478012919425964
45873,0.9550750851631165
17905,0.9525606036186218
16839,0.9575967788696289
44541,0.9369003772735596
68437,0.9570637345314026
21404,0.9483229517936707
73479,0.956317126750946
30359,0.9432691931724548
73351,0.9462470412254333
84959,0.9632734656333923
56513,0.9664182662963867
103756,0.937067449092865
67520,0.9541914463043213
100986,0.9776954054832458
27260,0.953180730342865
731,0.9520413875579834
87687,0.9516410231590271
28660,0.9138258695602417
94391,0.9504625797271729
17446,0.9666896462440491
81498,0.954353392124176
12219,0.9649403691291809
78778,0.96124267578125
96356,0.9530768394470215
81985,0.9528448581695557
55448,0.9335024356842041
48604,0.9500888586044312
5094,0.946932852268219
81185,0.9433566927909851
71771,0.9196823239326477
69712,0.965576708316803
46044,0.9547620415687561
88764,0.9668320417404175
88216,0.9534364938735962
77232,0.9502360820770264
32466,0.9534959197044373
56837,0.9623193740844727
40092,0.9516891837120056
99835,0.9750573039054871
7863,0.7177658677101135
84264,0.9152005314826965
59001,0.9492529630661011
65318,0.9472137093544006
85921,0.9504714012145996
6507,0.9537670016288757
94886,0.9506045579910278
14161,0.9613680243492126
2774,0.9468345046043396
18113,0.9708858132362366
39735,0.9569106698036194
78002,0.9548709392547607
28895,0.9439286589622498
70029,0.9430308938026428
74120,0.9498521685600281
5053,0.9508566856384277
72518,0.9669867157936096
46275,0.9613189697265625
96136,0.9754212498664856
14146,0.955313503742218
48782,0.95123690366745
71094,0.9263499975204468
4072,0.979729175567627
22234,0.961397111415863
40492,0.9507717490196228
79690,0.9638468623161316
23079,0.9678225517272949
17333,0.9759830832481384
87119,0.9416420459747314
5834,0.9519088268280029
13551,0.9203809499740601
103021,0.9566707015037537
41991,0.8070946931838989
97997,0.9349709749221802
106143,0.9673117995262146
101996,0.9528017044067383
101236,0.37348681688308716
36530,0.9574719667434692
17414,0.9545914530754089
33019,0.9432365298271179
85006,0.9722238779067993
76140,0.9632106423377991
11309,0.9499917030334473
34063,0.9704455733299255
86991,0.9468593001365662
32286,0.9458269476890564
2524,0.943580687046051
6279,0.961170494556427
57030,0.9340776801109314
37289,0.9633969068527222
54436,0.936581552028656
67667,0.9214295744895935
51861,0.9524064064025879
48301,0.9506511092185974
92372,0.9330745339393616
66076,0.9427654147148132
104068,0.9497389197349548
31387,0.951195478439331
103070,0.9459337592124939
102925,0.9548491835594177
99006,0.9636521339416504
34843,0.931536078453064
38428,0.9645121097564697
50298,0.974212646484375
51515,0.9478098154067993
32828,0.9525802135467529
104127,0.5317731499671936
2186,0.9573768973350525
20434,0.916850209236145
96378,0.9530194997787476
13398,0.9595698714256287
6188,0.9109281301498413
85871,0.9417305588722229
62571,0.9639235138893127
11099,0.9376170039176941
94810,0.92935711145401
23998,0.9510703682899475
49636,0.9517310857772827
20494,0.9716907143592834
33693,0.9519884586334229
91076,0.9449192881584167
74944,0.9455186128616333
74179,0.9434545040130615
8337,0.9303986430168152
38300,0.9578686952590942
33038,0.9331965446472168
42301,0.9676708579063416
98406,0.9694610834121704
21120,0.951134204864502
103069,0.9537723660469055
95270,0.9553669095039368
29415,0.9484512209892273
8936,0.4568985402584076
3064,0.9516779184341431
9208,0.9419984221458435
3003,0.9618116617202759
19534,0.9576991200447083
38292,0.9608027935028076
83724,0.9438015222549438
38364,0.9624212384223938
13128,0.953743040561676
89959,0.951557457447052
16895,0.9688535332679749
11341,0.9516910910606384
65488,0.9432000517845154
82592,0.9330825209617615
56114,0.9228058457374573
26861,0.9533417820930481
41746,0.9496839642524719
96149,0.9391701817512512
11061,0.9303851127624512
53212,0.6528587341308594
70589,0.9334020018577576
78186,0.9609382152557373
54618,0.9671738147735596
23535,0.9720150828361511
76071,0.9446578621864319
6762,0.9545272588729858
21563,0.9569804072380066
8277,0.9696415066719055
68692,0.9567959308624268
16750,0.9580216407775879
106149,0.9405336380004883
32532,0.9506095051765442
32779,0.9538335204124451
102453,0.9788060784339905
30666,0.9178406000137329
61647,0.9502372741699219
27147,0.969916820526123
95403,0.953022301197052
100710,0.9442117810249329
36015,0.957358181476593
106331,0.9641997218132019
87580,0.9458592534065247
41501,0.9740025997161865
98388,0.9550220370292664
30343,0.9450464248657227
100663,0.9518165588378906
48171,0.9629164934158325
56787,0.9276992082595825
14226,0.9502421021461487
21243,0.9499985575675964
106770,0.9564440250396729
14458,0.9488070607185364
67170,0.9380446672439575
73977,0.9621044397354126
61569,0.9535192847251892
6221,0.9621566534042358
1656,0.9460946917533875
70599,0.9788492918014526
33838,0.979692816734314
59864,0.9424772262573242
74466,0.9197447896003723
11592,0.9458841681480408
15088,0.9407386779785156
97597,0.9390381574630737
18431,0.954049825668335
42600,0.9556090831756592
81817,0.9545535445213318
80331,0.9520065784454346
98567,0.9568513631820679
4097,0.9715938568115234
63923,0.9517067670822144
28027,0.9660595655441284
27503,0.9443662762641907
9715,0.9536331295967102
40488,0.9373400807380676
40166,0.9375564455986023
48582,0.9560356736183167
6797,0.9386056661605835
65019,0.9619954228401184
30617,0.9637306928634644
51701,0.454342246055603
5761,0.9436096549034119
105934,0.9557932019233704
40390,0.9754496216773987
58403,0.9405145049095154
39690,0.9515010118484497
69613,0.946435809135437
17650,0.9524384140968323
26592,0.9553095102310181
70322,0.9500651955604553
63130,0.956149697303772
49616,0.9164607524871826
102088,0.9610806703567505
15405,0.9600925445556641
68466,0.9509846568107605
92294,0.95367032289505
22524,0.9598005414009094
102550,0.9370715022087097
79178,0.9553040266036987
78481,0.9479818344116211
25017,0.9637086987495422
4939,0.9511661529541016
28702,0.9449703097343445
50712,0.9344159364700317
42190,0.9486026763916016
85508,0.9588482975959778
36452,0.9561586976051331
9538,0.9547274708747864
35066,0.9387972950935364
38543,0.955035388469696
11794,0.9504954218864441
66006,0.9526282548904419
21198,0.9453722238540649
80627,0.9396286606788635
72178,0.8985112309455872
52478,0.8183488249778748
54875,0.979350745677948
93762,0.9625642895698547
86519,0.961789071559906
78128,0.947541356086731
82240,0.9420124888420105
100403,0.9497184753417969
46299,0.9617933630943298
105428,0.9428806304931641
76655,0.962001621723175
87723,0.9575411081314087
39172,0.9416545629501343
105399,0.9469324946403503
35620,0.9164438247680664
4285,0.9518272876739502
104852,0.9388884902000427
45967,0.9699481129646301
73419,0.9734140634536743
88642,0.9579355120658875
66205,0.9434738159179688
48234,0.6148154139518738
6612,0.9394639730453491
18880,0.961269199848175
69298,0.9546568393707275
87659,0.9315028786659241
81104,0.9501584768295288
77462,0.9596526622772217
86422,0.92570960521698
82575,0.9559659361839294
29597,0.9632317423820496
45809,0.9429412484169006
82953,0.9592360854148865
60684,0.9494295716285706
18764,0.9300301671028137
103360,0.9251906871795654
36723,0.968623161315918
29224,0.9544851183891296
48812,0.9526683688163757
43786,0.8640084862709045
37907,0.9487754106521606
66750,0.9686569571495056
74666,0.9352391362190247
32708,0.9502719044685364
98157,0.9639075398445129
85100,0.9745485782623291
10959,0.9597638845443726
25471,0.9458198547363281
74863,0.9449085593223572
87242,0.9645228981971741
104648,0.959618091583252
97052,0.9622817039489746
86805,0.9378650188446045
16681,0.9413114190101624
9645,0.9469984769821167
38003,0.9564287662506104
98423,0.9519174695014954
43855,0.9444722533226013
80998,0.9540953040122986
51599,0.9504356980323792
86393,0.971622884273529
97657,0.9524166584014893
68503,0.9603960514068604
62199,0.9544667601585388
22810,0.9499257206916809
25809,0.9302538633346558
31763,0.9727660417556763
56585,0.9603444933891296
82026,0.9569743871688843
31013,0.9458284378051758
88505,0.9544503688812256
67862,0.9403079748153687
1083,0.9470329880714417
32019,0.9468380212783813
45514,0.9652177691459656
45705,0.9438667297363281
24442,0.9572219848632812
2150,0.940934419631958
44853,0.94172602891922
87629,0.9443209767341614
99796,0.9520273208618164
15349,0.9453145861625671
34765,0.961932361125946
25818,0.9420790076255798
2666,0.9567856788635254
76793,0.9522059559822083
105647,0.949039876461029
81361,0.9545866847038269
90799,0.9447892308235168
35745,0.5422874093055725
160,0.9526971578598022
69303,0.9536892771720886
14700,0.9738743305206299
69746,0.96982342004776
961,0.9694610834121704
3962,0.944718599319458
24511,0.9645681381225586
61817,0.9806976318359375
19533,0.9576457142829895
43332,0.9345270991325378
52787,0.9601829051971436
79254,0.9587453007698059
63398,0.9536058902740479
46236,0.9566188454627991
103175,0.951835036277771
79229,0.957841694355011
2444,0.962514340877533
77714,0.9729622602462769
80153,0.9259711503982544
98530,0.9473695755004883
93242,0.956479012966156
39888,0.961798369884491
9964,0.9720115065574646
31540,0.9451957941055298
47142,0.9532058238983154
35348,0.9459975957870483
74182,0.9527262449264526
5001,0.9599248766899109
37864,0.951566219329834
14092,0.9629645943641663
16748,0.956746518611908
104285,0.9500668048858643
41214,0.9617398977279663
27064,0.9579890370368958
1903,0.9330620169639587
9954,0.9351990222930908
86039,0.9551141262054443
54745,0.93471759557724
9210,0.9487366676330566
103898,0.6353051066398621
21972,0.958808422088623
67669,0.9484807848930359
484,0.9541227221488953
47825,0.9479730725288391
47939,0.9450678825378418
100475,0.9582902193069458
77167,0.9545977711677551
88023,0.9626612663269043
75237,0.9484167695045471
60778,0.9664232730865479
33347,0.9513503909111023
72757,0.9610797762870789
45691,0.9519715905189514
23169,0.9487184882164001
49808,0.9565274715423584
87952,0.9636718034744263
104831,0.948029637336731
88511,0.9611905813217163
106076,0.9445958137512207
1970,0.8776071667671204
61596,0.9308896660804749
99009,0.951653242111206
36950,0.9641100764274597
4566,0.9447473287582397
40783,0.9652109742164612
72599,0.9301257729530334
8221,0.9520677328109741
19699,0.9554443955421448
37292,0.968113124370575
11863,0.9506851434707642
79578,0.9411518573760986
25995,0.9533474445343018
37913,0.9600361585617065
7465,0.9583917856216431
77555,0.9532333612442017
87837,0.6365714073181152
32407,0.9691835045814514
3374,0.945530116558075
23096,0.9532239437103271
21436,0.9575603604316711
67879,0.9501869678497314
105851,0.9531797170639038
84088,0.9670741558074951
33309,0.964900553226471
58284,0.9520491361618042
67380,0.9395137429237366
51248,0.951444149017334
7690,0.958085298538208
66797,0.9628899693489075
3928,0.9733876585960388
98699,0.9438973069190979
37209,0.9730774760246277
39834,0.9483444094657898
100208,0.9428253173828125
92868,0.9338694214820862
7592,0.923420250415802
93101,0.9574087858200073
82473,0.9468160271644592
54104,0.9463798403739929
8772,0.8798868656158447
49171,0.9546640515327454
1186,0.9579001069068909
20672,0.9706571102142334
9230,0.9480640292167664
97020,0.9464096426963806
2270,0.9702126383781433
21016,0.9524738788604736
42750,0.958284854888916
12134,0.9487345814704895
85442,0.9543362259864807
4196,0.9667675495147705
45003,0.969193696975708
173,0.9591785073280334
93374,0.9626716375350952
88695,0.9312101006507874
24428,0.9694077372550964
21794,0.9503932595252991
83160,0.9010485410690308
61147,0.9622306823730469
84498,0.9531596899032593
12837,0.9211670756340027
55334,0.9450815320014954
23071,0.956939697265625
86142,0.9704239964485168
82082,0.9788073301315308
40099,0.9376245141029358
90999,0.9349365830421448
60262,0.9611581563949585
13806,0.9506734013557434
84354,0.9456936120986938
93197,0.9549325704574585
31336,0.9552375674247742
61346,0.9798842668533325
64873,0.9395196437835693
32682,0.9644457101821899
91281,0.9261791110038757
18862,0.9445251226425171
69521,0.9543854594230652
89560,0.9508925080299377
35183,0.9472256898880005
101367,0.9417046308517456
80005,0.9583990573883057
28355,0.9592570662498474
81694,0.9395039677619934
67871,0.9543988704681396
40178,0.9687061905860901
18070,0.9740864038467407
30680,0.9486950039863586
56137,0.9506132006645203
84815,0.9362481236457825
86707,0.9619476795196533
55089,0.9507378339767456
59361,0.9279308319091797
64490,0.9688913226127625
57093,0.950977087020874
15676,0.9472639560699463
39525,0.9390589594841003
47923,0.9438016414642334
45403,0.9473513960838318
83152,0.932976245880127
98655,0.9512309432029724
50859,0.9490153789520264
65784,0.9705438017845154
70212,0.9583415389060974
21058,0.9603400826454163
74241,0.9413257241249084
62610,0.9635341167449951
7566,0.9482018351554871
97972,0.9728728532791138
67144,0.9752597212791443
87606,0.9741453528404236
46796,0.9536311626434326
4010,0.9631482362747192
76090,0.9491139650344849
12992,0.9442786574363708
96829,0.9602677226066589
84814,0.9470887780189514
57267,0.9479233622550964
6047,0.9390330910682678
69361,0.9527059197425842
17613,0.9502697587013245
51751,0.9530327916145325
42632,0.9615165591239929
36140,0.9509688019752502
85388,0.9476931095123291
71239,0.9605461359024048
15500,0.9600513577461243
61416,0.9586284756660461
31746,0.972154438495636
50329,0.947178840637207
73952,0.9638153314590454
32538,0.9515831470489502
13418,0.9683135747909546
12540,0.9534134268760681
43800,0.9518429636955261
14460,0.9475709795951843
55856,0.9495581984519958
62352,0.960147500038147
94871,0.960358202457428
91572,0.9671549797058105
26053,0.9664351940155029
50065,0.948488175868988
5865,0.9564374685287476
10612,0.9468967914581299
42136,0.9540203213691711
98225,0.9693657159805298
67911,0.9554616212844849
58526,0.9722819924354553
60638,0.9693846702575684
17491,0.9502027034759521
65807,0.9621803760528564
65190,0.943109393119812
46855,0.954210102558136
31550,0.9679277539253235
46678,0.9464733004570007
52586,0.9678972959518433
77083,0.9683505892753601
15946,0.9525213837623596
47152,0.9326097965240479
82477,0.9320772886276245
89509,0.9432280659675598
67809,0.9425513744354248
66336,0.9430705904960632
104012,0.9543982744216919
5903,0.963068425655365
71203,0.9525179862976074
53679,0.9318395853042603
4649,0.9464288949966431
45837,0.9526599645614624
47135,0.9741289019584656
100954,0.962605357170105
91716,0.9429882168769836
85728,0.9580986499786377
1170,0.9746852517127991
31247,0.9732486009597778
7679,0.9599820375442505
28796,0.9278106689453125
44977,0.9487497210502625
39422,0.9648240804672241
61607,0.970156192779541
106078,0.925660252571106
9024,0.9469617009162903
87278,0.9666987657546997
69203,0.9538402557373047
1615,0.9461274147033691
18592,0.9676255583763123
102546,0.9541393518447876
92573,0.9353212118148804
99103,0.961886465549469
64001,0.964061975479126
10045,0.9580073952674866
85073,0.9712366461753845
63138,0.9095894694328308
33289,0.9449345469474792
25657,0.8527891635894775
105677,0.9597094058990479
67163,0.9374973177909851
13647,0.953183114528656
76642,0.9474095106124878
51007,0.9274172782897949
68266,0.9292174577713013
44275,0.8527563810348511
20998,0.9503222703933716
37144,0.9536192417144775
22529,0.9519075155258179
107135,0.9512501358985901
10453,0.9541105031967163
44915,0.9437950253486633
71397,0.9472693204879761
87754,0.9533922672271729
94874,0.946993350982666
48273,0.9017301201820374
83799,0.949553906917572
59725,0.9348312020301819
17919,0.9672274589538574
38410,0.950269341468811
96210,0.9578889608383179
52102,0.9659273028373718
71858,0.9557029604911804
35019,0.9589470624923706
100257,0.9631839394569397
92012,0.9539027214050293
62039,0.9454770684242249
62999,0.9271117448806763
71724,0.9428783059120178
45444,0.9491546750068665
92009,0.9680088758468628
19636,0.9614022970199585
55464,0.9519882202148438
71250,0.9411048889160156
7439,0.9574907422065735
49016,0.9595208168029785
23337,0.9540272355079651
60876,0.910034716129303
49078,0.952577531337738
74833,0.9553529024124146
29020,0.5563454031944275
26583,0.9415550827980042
29303,0.953879177570343
42586,0.9435469508171082
71875,0.9557250142097473
34508,0.9557286500930786
6165,0.9452250003814697
58493,0.9647905826568604
94887,0.9520134925842285
102986,0.9383910894393921
28098,0.9681641459465027
25087,0.9526103734970093
8009,0.9485313296318054
89579,0.9366999268531799
54770,0.9477936625480652
51653,0.946083664894104
45760,0.9599842429161072
4476,0.9450135827064514
54421,0.9536588191986084
59509,0.9396528601646423
98689,0.9379590749740601
60921,0.9596695899963379
39461,0.9241126179695129
70274,0.9598612785339355
37090,0.9563337564468384
37016,0.9372456073760986
13411,0.9795350432395935
51088,0.9490574598312378
56925,0.9664486646652222
98002,0.9383276700973511
35495,0.9624639749526978
93475,0.9676863551139832
68261,0.9561903476715088
98947,0.949493408203125
50552,0.9520406126976013
59028,0.9427915215492249
88386,0.9280719757080078
96380,0.9527324438095093
45376,0.9331515431404114
43984,0.9578080177307129
24711,0.9409352540969849
97312,0.9576961398124695
26141,0.9486186504364014
16602,0.9516726732254028
23781,0.9522496461868286
28258,0.9550749063491821
64800,0.9466544389724731
37795,0.9464678764343262
62740,0.9447226524353027
41201,0.9488879442214966
1954,0.9514545798301697
81573,0.953482985496521
21215,0.9461812376976013
70981,0.9532151818275452
67761,0.9611339569091797
104537,0.9335209727287292
52595,0.9637377858161926
28616,0.9395413994789124
17775,0.9511575102806091
35248,0.9372292160987854
34106,0.9479414820671082
13399,0.9399551153182983
62348,0.9077927470207214
22348,0.9532957673072815
78412,0.9529255032539368
79202,0.9573543667793274
28300,0.9579912424087524
57415,0.9477738738059998
24325,0.9593883752822876
104667,0.9547438025474548
102884,0.9635873436927795
75881,0.95330810546875
89545,0.9569414258003235
53802,0.9541280269622803
8428,0.9424353837966919
1947,0.9506364464759827
39582,0.9555977582931519
98781,0.9455999135971069
10914,0.9512720704078674
68116,0.9550136923789978
89336,0.9633433818817139
23088,0.9137324094772339
24498,0.9421157240867615
20680,0.9518806338310242
72863,0.954596757888794
9853,0.9250286817550659
34780,0.9513018131256104
47982,0.9426543116569519
23029,0.971041738986969
99217,0.9661570191383362
65189,0.9492852687835693
32702,0.9454559683799744
29196,0.9622031450271606
92311,0.9722356796264648
78556,0.9544050693511963
790,0.9515880942344666
61109,0.9562941193580627
27468,0.9546356797218323
59155,0.9366031885147095
77199,0.9652959108352661
5278,0.9442485570907593
74444,0.9351646304130554
82691,0.9573296904563904
16226,0.9516671299934387
52549,0.9566640257835388
44851,0.9642090201377869
59450,0.9383426904678345
94386,0.9478999972343445
17225,0.969502329826355
36121,0.9482284188270569
70641,0.9523621797561646
23081,0.9632468819618225
26293,0.9351010322570801
19672,0.9491506814956665
75867,0.9650359749794006
12380,0.9624775648117065
58603,0.9626579284667969
75965,0.8215571045875549
89363,0.9643990397453308
93676,0.9555323719978333
14307,0.9475212097167969
91126,0.859637975692749
25779,0.9506255388259888
6628,0.9550977349281311
4388,0.9587616920471191
93791,0.9538176655769348
31487,0.967532217502594
90708,0.9519754648208618
30088,0.9574400186538696
83553,0.9619938135147095
74383,0.9512117505073547
25927,0.9531413912773132
7414,0.9523664116859436
20334,0.9396719932556152
21744,0.9609965682029724
21251,0.9544664621353149
60748,0.9598317742347717
43515,0.9570592641830444
74308,0.9547542929649353
106088,0.9577051997184753
34656,0.9498188495635986
50547,0.9581296443939209
95637,0.9638479948043823
30704,0.9438174366950989
15030,0.9497094750404358
24654,0.966543972492218
9002,0.9507055282592773
39090,0.955743670463562
50634,0.9438729882240295
97316,0.9497445225715637
84069,0.9588916897773743
15263,0.8915005922317505
17371,0.9570818543434143
92665,0.9521285891532898
68592,0.9584196209907532
34934,0.965618371963501
60754,0.953826904296875
11212,0.9570953845977783
57395,0.9713873863220215
87247,0.9722608327865601
10163,0.9474727511405945
19818,0.9468860030174255
86469,0.9716256856918335
5163,0.9638692140579224
89755,0.9551304578781128
15091,0.9641598463058472
54328,0.9587281942367554
26074,0.9573070406913757
70959,0.9521932005882263
84334,0.957366943359375
65282,0.968082845211029
33477,0.9527667164802551
6641,0.9595118165016174
23339,0.9547335505485535
224,0.9588723182678223
16607,0.9535390138626099
106110,0.9516869187355042
75941,0.9354842305183411
45252,0.956197202205658
832,0.9604088068008423
55056,0.9513111114501953
89743,0.961738109588623
60890,0.9582306742668152
55078,0.9585718512535095
48751,0.9270889759063721
64538,0.9478772878646851
40381,0.922395646572113
80868,0.9307084083557129
39323,0.9536076188087463
87561,0.9672992825508118
16654,0.9505874514579773
41696,0.9390602111816406
13283,0.9497591257095337
24227,0.962067186832428
9617,0.9607619047164917
56613,0.9593324065208435
87591,0.9652148485183716
51253,0.9878908395767212
79479,0.9663302898406982
90168,0.9340764284133911
63042,0.9595420956611633
37035,0.9575000405311584
52909,0.9343206286430359
69625,0.9357789754867554
10939,0.9539636969566345
43090,0.9681886434555054
23167,0.9539745450019836
16387,0.9317090511322021
40661,0.9416681528091431
71384,0.9670278429985046
19426,0.9489384293556213
45384,0.9579087495803833
60704,0.9592148065567017
14812,0.9630375504493713
42412,0.9549670219421387
70876,0.8870251178741455
63689,0.9457789063453674
33546,0.9407089352607727
15735,0.8869811296463013
40798,0.9703460931777954
13733,0.9389588832855225
67133,0.9641879796981812
18911,0.9342312216758728
31669,0.9302970767021179
80993,0.9517226219177246
48559,0.9317778944969177
6089,0.9525793194770813
75724,0.9385520219802856
76026,0.9529778957366943
31984,0.9355711936950684
10651,0.9690003395080566
31300,0.9431061148643494
28564,0.9532009959220886
18914,0.9545281529426575
58189,0.9451485276222229
79828,0.9256237745285034
66402,0.9421278238296509
40202,0.9538672566413879
95576,0.937317967414856
94270,0.9663297533988953
29226,0.9419801235198975
53270,0.9538162350654602
35383,0.9535886645317078
29566,0.9543309211730957
2547,0.9571894407272339
70342,0.95638108253479
1061,0.9813103675842285
78036,0.9674543738365173
72994,0.9536343216896057
34506,0.9802897572517395
102711,0.9833817481994629
41440,0.9586360454559326
39328,0.9524509310722351
82236,0.9541983604431152
54557,0.9258885979652405
8590,0.9515661001205444
49268,0.9108790755271912
53084,0.9513317346572876
32658,0.6144477128982544
40205,0.9581957459449768
16606,0.950053334236145
21653,0.9438363313674927
38824,0.9368081092834473
72356,0.9566013813018799
58357,0.9561251401901245
5784,0.9544186592102051
10202,0.9712087512016296
9417,0.9329946637153625
33193,0.9400615096092224
107160,0.9542838335037231
70310,0.9683522582054138
18909,0.9648722410202026
60021,0.9528673887252808
20427,0.9597070217132568
104311,0.9579543471336365
86023,0.9527689218521118
31203,0.9535791277885437
63103,0.9521133303642273
98109,0.9485586881637573
21297,0.9633987545967102
52144,0.9506388306617737
88901,0.9548115730285645
38225,0.9547905921936035
84696,0.9738823771476746
20497,0.9611276984214783
29476,0.9507611989974976
24075,0.9382266998291016
22804,0.929372251033783
91118,0.9397860169410706
80940,0.9726004600524902
43319,0.5346563458442688
29975,0.9520347118377686
87083,0.9459059238433838
52097,0.9505054354667664
40409,0.9439879059791565
38669,0.9541753530502319
3473,0.9519358277320862
42303,0.9405555725097656
55987,0.9544016122817993
29956,0.9471238851547241
85955,0.9579624533653259
25404,0.9584231376647949
10515,0.9396390914916992
94826,0.9673484563827515
24313,0.9590790867805481
7440,0.9604274034500122
37739,0.955328643321991
65222,0.9568086862564087
21842,0.9519884586334229
13616,0.953073263168335
62725,0.9536586999893188
82094,0.953412652015686
28784,0.959282398223877
90341,0.9436444044113159
90871,0.9549492001533508
97153,0.9617986679077148
34477,0.9466919302940369
27288,0.9400363564491272
6645,0.9441532492637634
106487,0.9660394191741943
103799,0.9502610564231873
100795,0.9557179808616638
50441,0.93612140417099
25656,0.9622246623039246
42091,0.9388890266418457
31393,0.9640375971794128
105245,0.9605453610420227
30771,0.9574609994888306
63295,0.9604079127311707
92846,0.9140135645866394
76532,0.9548301696777344
55699,0.9476656913757324
51532,0.9638537168502808
81462,0.9742012023925781
55743,0.9673800468444824
5471,0.9449913501739502
50734,0.9528818726539612
77357,0.9561746120452881
42814,0.9352174997329712
56981,0.9371358156204224
15870,0.9419028759002686
62263,0.94075608253479
32459,0.9502303600311279
69113,0.9624793529510498
41655,0.9325968623161316
73181,0.9650184512138367
106893,0.9222055077552795
95135,0.9500237703323364
250,0.9658340811729431
46233,0.9707470536231995
61352,0.966398298740387
78753,0.9555597901344299
36900,0.9482173919677734
20266,0.9452898502349854
100210,0.9401772022247314
12736,0.9559780359268188
72307,0.9195734858512878
88205,0.956942081451416
8442,0.9631733298301697
5266,0.9229969382286072
68454,0.9491977095603943
42471,0.9606163501739502
88656,0.9454522132873535
39599,0.9582177400588989
52067,0.9605205059051514
36330,0.954646110534668
64700,0.9154291152954102
45548,0.9415186047554016
25933,0.9547893404960632
15386,0.9658985733985901
5678,0.9431540966033936
64586,0.9373725652694702
42264,0.9580817222595215
82239,0.9514493346214294
12472,0.9432106614112854
80615,0.9547072649002075
90894,0.9703277945518494
33993,0.9565205574035645
68985,0.9568657875061035
48858,0.9246782660484314
2365,0.9536582827568054
61432,0.9619625806808472
55956,0.9669851660728455
72981,0.8689344525337219
3931,0.9530742764472961
102498,0.955658495426178
65577,0.9649289846420288
104607,0.9732057452201843
3574,0.9588474035263062
48736,0.9370043277740479
17630,0.9587954878807068
92273,0.9261496663093567
88264,0.9386481046676636
46131,0.9561862945556641
65601,0.9587969183921814
11263,0.9542824029922485
56695,0.9388445615768433
52600,0.9582566022872925
5653,0.9565958380699158
23233,0.9564975500106812
102262,0.9543150663375854
19938,0.9545790553092957
43484,0.9369999170303345
85166,0.9627017974853516
3085,0.9349282383918762
18921,0.9537214040756226
24771,0.9296311140060425
58897,0.5494858622550964
94516,0.9477260112762451
78453,0.9561872482299805
91211,0.969955325126648
105987,0.9524922966957092
43111,0.9415091276168823
28487,0.9592740535736084
8124,0.9551008939743042
82311,0.936924159526825
98877,0.9657918214797974
74159,0.9471957683563232
33511,0.9621075391769409
95473,0.9437263607978821
19725,0.9494779109954834
41003,0.9497265815734863
16427,0.9451994299888611
100963,0.9688564538955688
52106,0.954511821269989
39236,0.9694777727127075
44120,0.9523687958717346
105658,0.95259028673172
13655,0.9415503144264221
26906,0.9620057344436646
88670,0.9513201713562012
10846,0.9374420046806335
61451,0.9610433578491211
22909,0.95074462890625
5603,0.9532309770584106
71995,0.9526833891868591
13659,0.9602054357528687
33676,0.954094409942627
99479,0.9500107169151306
87944,0.9539924263954163
98866,0.9640449285507202
101832,0.9425960183143616
41896,0.9534590244293213
3179,0.9672373533248901
51753,0.9475181102752686
27493,0.9671587347984314
49726,0.946903645992279
12631,0.9442535638809204
72865,0.9522859454154968
80074,0.9697959423065186
25077,0.9605198502540588
2911,0.9627368450164795
6033,0.9626091122627258
11734,0.9554658532142639
49339,0.9512585401535034
3717,0.958441436290741
81240,0.939751148223877
94153,0.9776156544685364
78852,0.9523425102233887
54176,0.9281535148620605
65079,0.951293408870697
42937,0.9477629065513611
37077,0.9495678544044495
90291,0.9470511674880981
64253,0.9623411893844604
56721,0.9364967942237854
14315,0.9628055691719055
71554,0.9481257796287537
83088,0.9532479047775269
14641,0.9483413100242615
48788,0.9356735348701477
37948,0.9465925097465515
80385,0.9649189710617065
33468,0.9611219763755798
18095,0.9514266848564148
33431,0.9509134888648987
92258,0.9415508508682251
78347,0.9512887597084045
56274,0.7730308175086975
53441,0.9606499075889587
9495,0.9662039875984192
80729,0.9614853858947754
12433,0.9559680223464966
86376,0.9545521140098572
52615,0.9514924883842468
64847,0.957436740398407
19409,0.9517264366149902
207,0.9735870361328125
68122,0.9380083680152893
92545,0.9801063537597656
95519,0.9535006880760193
50682,0.9510217308998108
55649,0.8932512402534485
81728,0.9493807554244995
11486,0.9549511671066284
57854,0.9607272148132324
1370,0.9741136431694031
30096,0.9634982347488403
37053,0.9469434022903442
54074,0.9364883303642273
33195,0.9569604396820068
102230,0.8529091477394104
45171,0.9438068270683289
46872,0.9566761255264282
9345,0.9824591875076294
82785,0.6388664841651917
48943,0.9534931778907776
106349,0.954903244972229
21593,0.9598144888877869
78571,0.9600124359130859
91788,0.9557160139083862
86361,0.9697017073631287
52065,0.952236533164978
84555,0.9438855051994324
3855,0.956800103187561
43401,0.9695013165473938
69390,0.9532411694526672
56654,0.9466496706008911
28773,0.9617323875427246
100080,0.939064085483551
89691,0.9479081630706787
80744,0.9469934105873108
27515,0.9376422762870789
101721,0.9593427181243896
23643,0.9455052614212036
47182,0.95975661277771
56109,0.9536398649215698
81489,0.9560959339141846
72660,0.8895124793052673
25454,0.95039302110672
89294,0.9592898488044739
74774,0.9759191870689392
30573,0.9576316475868225
55258,0.9477104544639587
5170,0.9458776712417603
88336,0.95184326171875
5643,0.9526694416999817
62813,0.9552325010299683
72060,0.9511634111404419
36505,0.9380384683609009
30556,0.9554505944252014
80742,0.9535055160522461
81442,0.9615333080291748
84357,0.9049986600875854
8437,0.9571254253387451
89498,0.9424057602882385
52323,0.9395111799240112
6105,0.9622207880020142
28306,0.9512199759483337
817,0.9518049359321594
21262,0.9562143087387085
101935,0.9548600912094116
84337,0.9531445503234863
14451,0.949869692325592
16999,0.9536028504371643
106000,0.9556602835655212
54478,0.9684648513793945
74663,0.968716025352478
45704,0.9544227719306946
19643,0.9690542221069336
61567,0.9548760652542114
15631,0.9547269344329834
41554,0.9406445622444153
83039,0.9734259247779846
103446,0.9541462659835815
98345,0.9526972770690918
58781,0.9388748407363892
36507,0.9544384479522705
93968,0.8667353391647339
69970,0.9443820714950562
29264,0.9650694131851196
72447,0.967391848564148
49490,0.957216739654541
78217,0.945872962474823
102159,0.9091947674751282
70273,0.9366264343261719
26338,0.9263885021209717
56176,0.9488451480865479
48531,0.9568066596984863
87778,0.9682015776634216
31072,0.9384454488754272
102437,0.9372706413269043
74391,0.9504624009132385
99487,0.9494499564170837
1181,0.9590948224067688
98967,0.9500502347946167
40784,0.9480277299880981
13252,0.9552208185195923
35927,0.9400396347045898
10450,0.7851827144622803
26024,0.9434853196144104
85777,0.9450636506080627
79959,0.9562560319900513
42224,0.948625922203064
79732,0.9601413607597351
13077,0.9508026838302612
45919,0.9566566944122314
48481,0.9573420286178589
23051,0.9512465000152588
53396,0.940456211566925
25990,0.9837480187416077
65930,0.9626369476318359
84275,0.966478168964386
55555,0.9598395824432373
13571,0.9421099424362183
19734,0.9774959087371826
99263,0.9574174284934998
40884,0.9643312692642212
76709,0.9634442329406738
91081,0.9573671817779541
99608,0.970130205154419
101938,0.9536610841751099
31299,0.9590649008750916
54312,0.9495669007301331
75331,0.9603884220123291
26718,0.9646154046058655
39625,0.9564138054847717
10154,0.9553912281990051
52480,0.9671531915664673
86492,0.9532313942909241
67218,0.9589478373527527
90249,0.9592061638832092
107061,0.9489398002624512
31114,0.9448536038398743
22242,0.9521612524986267
103709,0.952477753162384
25534,0.9539028406143188
11076,0.9431902766227722
59426,0.9553981423377991
40405,0.9619689583778381
44754,0.9696863293647766
22684,0.9442177414894104
5801,0.957599401473999
36924,0.9552428126335144
53384,0.8967503309249878
92712,0.9661821722984314
96901,0.9657189846038818
66228,0.8872771859169006
6751,0.9521854519844055
16380,0.9793961048126221
67691,0.9455811977386475
69021,0.9485564231872559
96902,0.9541934728622437
47769,0.9648250937461853
31218,0.9704328775405884
38635,0.9486451148986816
84440,0.9617167711257935
80700,0.9425283670425415
83305,0.9394972920417786
77004,0.8497036695480347
35493,0.9660571217536926
57640,0.9491001963615417
22467,0.9669371247291565
37776,0.9636188745498657
69920,0.9485849738121033
27536,0.958905816078186
52622,0.9508629441261292
99130,0.950241208076477
34826,0.9549572467803955
13530,0.9550580382347107
54219,0.8106153011322021
75359,0.9399858117103577
27285,0.9467287063598633
22077,0.9580307006835938
90788,0.946532666683197
104322,0.9361679553985596
32897,0.968676745891571
55677,0.9476074576377869
42319,0.9345571994781494
92559,0.9663143754005432
29282,0.9601519107818604
65013,0.9524784088134766
4817,0.9573416709899902
37540,0.9460647106170654
68712,0.9338776469230652
56007,0.9659400582313538
47616,0.8842647671699524
79058,0.9559648633003235
81738,0.9705691933631897
100015,0.9275455474853516
54572,0.9166516065597534
49533,0.9528274536132812
101178,0.9534370303153992
95017,0.9545267224311829
105751,0.958341121673584
78944,0.9713682532310486
2093,0.9669381380081177
105969,0.9334428310394287
104250,0.9739184379577637
83042,0.9472599029541016
1065,0.9552000761032104
37529,0.9458974003791809
13780,0.9583271145820618
46453,0.9482221007347107
64631,0.9380919933319092
20384,0.9459168314933777
47912,0.909915566444397
18,0.9457702040672302
77554,0.9219878911972046
15582,0.951488196849823
99666,0.8997432589530945
79962,0.9356786608695984
57979,0.9517062306404114
781,0.9655877351760864
65466,0.9336560368537903
95252,0.9491575360298157
32661,0.9485855102539062
51127,0.9485309720039368
17798,0.7671639323234558
39908,0.9627687335014343
25867,0.9576411247253418
21529,0.9360522031784058
28279,0.9482452273368835
11637,0.9485719799995422
64726,0.9580302834510803
74392,0.9434559345245361
15857,0.9335755109786987
97309,0.9511006474494934
37463,0.9639752507209778
32071,0.9643301963806152
21323,0.9446360468864441
26312,0.9557114243507385
71930,0.9546494483947754
3492,0.9522259831428528
65456,0.9593067765235901
96936,0.9443706274032593
76724,0.9490591883659363
10868,0.9461250901222229
82591,0.9490819573402405
35387,0.9444996118545532
38546,0.9685245156288147
89839,0.958652138710022
14754,0.9594994187355042
48921,0.9528071880340576
5482,0.9580489993095398
105128,0.7546033263206482
31526,0.9625248312950134
93278,0.9503200650215149
37389,0.9553651809692383
85513,0.9595994353294373
71873,0.9425265789031982
14912,0.9492015838623047
81004,0.9334569573402405
43896,0.9615541696548462
14272,0.9507067799568176
10717,0.9527360200881958
64257,0.9645643830299377
11434,0.9453033804893494
66130,0.953180193901062
35204,0.9541352391242981
54695,0.948792576789856
14350,0.9599128365516663
100672,0.955315351486206
3169,0.9524859189987183
82931,0.9482977986335754
92433,0.9580449461936951
24263,0.9455259442329407
14767,0.9540317058563232
10604,0.968779444694519
100318,0.9310088157653809
75663,0.9479080438613892
43684,0.9570820927619934
30373,0.9567714929580688
17867,0.9473598599433899
33900,0.9398945569992065
29003,0.9539889693260193
33694,0.9484208822250366
84087,0.9350655674934387
29852,0.9657984972000122
63545,0.9671441316604614
62292,0.952519416809082
57258,0.9477975368499756
95073,0.9447493553161621
50685,0.972804844379425
104221,0.9647475481033325
51911,0.9505596160888672
48975,0.9472617506980896
58430,0.9779460430145264
63383,0.956304669380188
35526,0.9558658599853516
64270,0.9575766324996948
23285,0.9155173301696777
89158,0.9302918314933777
77528,0.9673292636871338
38446,0.9579277634620667
19382,0.9692932367324829
17453,0.9702851176261902
39175,0.9567345380783081
102238,0.9676367044448853
85718,0.9612078666687012
24010,0.9501819014549255
54821,0.9596903324127197
13440,0.9265547394752502
11394,0.9363642334938049
23805,0.9589825868606567
43147,0.5662678480148315
1333,0.954617977142334
1639,0.9653356075286865
37376,0.9532438516616821
63387,0.966930091381073
23614,0.9763360619544983
32136,0.933169960975647
49294,0.9463914036750793
13594,0.9571706056594849
42326,0.9473644495010376
82587,0.9345324635505676
62487,0.9385159015655518
61281,0.9618244767189026
1204,0.9496632218360901
85035,0.9581043720245361
63270,0.960189700126648
54681,0.9591771960258484
38823,0.9434542059898376
88510,0.9515742063522339
73301,0.9346962571144104
97118,0.9558672904968262
56486,0.9326825141906738
70896,0.951831579208374
9348,0.9572588801383972
103274,0.9426205158233643
33539,0.9568823575973511
91382,0.9264644980430603
42087,0.944463849067688
38095,0.9053211212158203
37681,0.9429233074188232
8143,0.9700259566307068
19535,0.9451324343681335
100274,0.9513271450996399
47783,0.9414061903953552
63781,0.9549140930175781
96617,0.9729726314544678
75551,0.9448090195655823
17255,0.9659773111343384
53787,0.9523296356201172
635,0.9657015204429626
85183,0.9576983451843262
103397,0.9464085102081299
82756,0.9471076130867004
100666,0.9513940811157227
50949,0.9556055068969727
28357,0.9566832184791565
45721,0.9483845233917236
56031,0.951836109161377
28691,0.9420371055603027
16837,0.9348946809768677
5685,0.9616569876670837
92766,0.9148704409599304
46208,0.9459400773048401
39047,0.9575217962265015
6910,0.9335442185401917
70669,0.9553307294845581
49926,0.954729437828064
67684,0.953594446182251
22819,0.951653778553009
64125,0.9485844373703003
15652,0.9411842823028564
23464,0.796489953994751
29177,0.931885838508606
35062,0.9666341543197632
68536,0.9576422572135925
51118,0.9507055878639221
90260,0.9614681601524353
60622,0.9517993927001953
72104,0.9715141654014587
7291,0.9310805201530457
68799,0.9511512517929077
26509,0.9342212677001953
96133,0.9555968046188354
64710,0.957216739654541
34161,0.9607731103897095
4172,0.9623860120773315
26504,0.946277916431427
42383,0.942950963973999
48827,0.9542768597602844
62023,0.9711055755615234
53381,0.9480457305908203
42672,0.9499924182891846
40352,0.8481454253196716
98188,0.933070182800293
55579,0.9509950876235962
95699,0.9611470699310303
22073,0.9487894177436829
7510,0.9691352844238281
61926,0.9650206565856934
12524,0.9533721208572388
30272,0.951396644115448
84597,0.9499117732048035
82478,0.9646860361099243
64991,0.9544775485992432
33087,0.9581859111785889
102366,0.9281311631202698
83565,0.9458593130111694
83122,0.9540092349052429
52131,0.9653838276863098
910,0.9285924434661865
5111,0.9611664414405823
54693,0.954280436038971
98190,0.9568288922309875
10111,0.9318734407424927
37371,0.9576171040534973
34857,0.9504689574241638
14501,0.9488112330436707
36005,0.9502976536750793
25749,0.9484097957611084
78921,0.9726588726043701
44951,0.9680414795875549
14333,0.8489240407943726
83840,0.9587088227272034
27079,0.950442373752594
13278,0.8631958365440369
23037,0.9360318779945374
67764,0.9455233216285706
15310,0.9578912258148193
94802,0.9125744700431824
87951,0.9523459672927856
78943,0.9462548494338989
97872,0.9482230544090271
81410,0.9515138268470764
50882,0.9552834630012512
27223,0.9613124132156372
65094,0.9347730875015259
78051,0.9502947330474854
70230,0.9479358792304993
14759,0.9515244364738464
59979,0.9442976713180542
43844,0.9613727331161499
79018,0.9600324630737305
27232,0.9652876257896423
26744,0.9543453454971313
42401,0.963154673576355
78332,0.9441956281661987
76194,0.9527945518493652
384,0.9576911330223083
63682,0.95869380235672
49119,0.9766967296600342
54063,0.956389844417572
64585,0.9432451128959656
79519,0.9709880948066711
51401,0.9498604536056519
30357,0.9649562835693359
13880,0.9553870558738708
58055,0.9665054082870483
45641,0.9700663685798645
21988,0.9503034353256226
54004,0.964257001876831
24290,0.9525315165519714
77273,0.9346962571144104
76128,0.9485383033752441
65644,0.870093584060669
79017,0.957280158996582
101808,0.9383431077003479
99951,0.8303735256195068
60253,0.9402649998664856
94900,0.9590326547622681
48007,0.9595968723297119
98057,0.9448604583740234
47744,0.9602243304252625
98823,0.9442905783653259
101068,0.9571758508682251
102961,0.9268119931221008
74087,0.9576125144958496
7420,0.9456020593643188
70975,0.9457932114601135
105748,0.9544439911842346
42214,0.9585540294647217
13477,0.9682180285453796
104778,0.9691898822784424
43685,0.9506391286849976
100408,0.9458293914794922
51947,0.9504282474517822
75354,0.940139889717102
15888,0.9726220965385437
33178,0.9432299733161926
101604,0.9520209431648254
11544,0.9337331056594849
58903,0.9621047973632812
41792,0.9516688585281372
93189,0.9579302668571472
41555,0.9554594159126282
79590,0.9603502750396729
3426,0.963049054145813
25278,0.9578960537910461
25008,0.9657260179519653
81536,0.9419114589691162
95607,0.8781476616859436
98558,0.9356523752212524
48761,0.9529683589935303
11198,0.9738174080848694
2451,0.9677990078926086
46648,0.9681035876274109
51384,0.942626416683197
62978,0.9733933210372925
27721,0.873936116695404
64172,0.9527009129524231
77418,0.9490243792533875
72441,0.9493950605392456
29063,0.9377768635749817
18090,0.9346211552619934
2491,0.9264149069786072
70301,0.9492440223693848
52348,0.964802086353302
82167,0.947109043598175
32365,0.9045815467834473
6896,0.9780033826828003
54908,0.9581450819969177
50459,0.9433156251907349
60554,0.9472589492797852
17023,0.9493747353553772
65066,0.9626765847206116
66344,0.941784143447876
37911,0.9391618967056274
22161,0.9458295702934265
30356,0.9420314431190491
60676,0.9205031991004944
31531,0.9667949080467224
4843,0.9581422209739685
99733,0.9604446291923523
83507,0.9507513046264648
82773,0.9543072581291199
74473,0.9585225582122803
88188,0.7985315918922424
88215,0.9581490159034729
63735,0.9656031727790833
70619,0.9661577939987183
61200,0.952239990234375
30655,0.9663196206092834
65913,0.9502885937690735
54326,0.9543425440788269
56131,0.9728610515594482
58175,0.9688321352005005
98975,0.5657179355621338
94819,0.9566648006439209
90301,0.9421440958976746
25780,0.9607770442962646
60452,0.949479877948761
50411,0.9510906338691711
35018,0.9579739570617676
73380,0.9801011085510254
17467,0.9451233744621277
3094,0.9276815056800842
9738,0.9708207845687866
44418,0.9610961675643921
84598,0.9625929594039917
93058,0.9435445070266724
101249,0.9294473528862
3313,0.9504339694976807
98711,0.9645049571990967
27602,0.9557574987411499
49587,0.9778052568435669
80445,0.9576704502105713
39073,0.9501174688339233
77240,0.9330785870552063
64521,0.960432767868042
14191,0.954594612121582
84975,0.977220356464386
41952,0.9475697875022888
26320,0.9623419642448425
4556,0.9630910754203796
15168,0.956313967704773
26457,0.9517167210578918
59345,0.9550513029098511
29189,0.9457569718360901
71307,0.9724522233009338
71078,0.95743328332901
3900,0.9606307148933411
22304,0.9643751978874207
38231,0.9655154943466187
81720,0.93147212266922
81431,0.9611676335334778
583,0.951650857925415
53552,0.7408308982849121
84043,0.9596466422080994
16175,0.9544249773025513
34979,0.9181153774261475
64150,0.9674866795539856
75806,0.949162483215332
93116,0.9530070424079895
29562,0.9673120975494385
28371,0.9333726167678833
69331,0.7173760533332825
44586,0.9318278431892395
91778,0.953674852848053
99087,0.9513972997665405
36336,0.9608718156814575
76742,0.9615663886070251
103873,0.9596731662750244
41887,0.9705101251602173
36456,0.9562550783157349
8347,0.9522151350975037
105701,0.9598966836929321
18727,0.9631376266479492
48456,0.9463030099868774
67345,0.9497173428535461
18115,0.9572814106941223
88646,0.9624937772750854
16889,0.9490350484848022
12294,0.7230681777000427
83601,0.9624104499816895
73687,0.9503486752510071
51259,0.9431595206260681
69885,0.9583403468132019
45997,0.9569557309150696
65402,0.9675118327140808
24272,0.9568617343902588
26111,0.950549304485321
14340,0.9450957775115967
106932,0.9499716758728027
10072,0.9530802369117737
42275,0.9493263363838196
12585,0.928349494934082
19345,0.9794450402259827
51382,0.9568907022476196
17188,0.964931845664978
61288,0.9634485840797424
83262,0.9569529294967651
86120,0.9486461877822876
71597,0.9497693777084351
56009,0.9653707146644592
23672,0.9256014823913574
87182,0.9552776217460632
30917,0.9681573510169983
45016,0.9486053586006165
27513,0.9523777365684509
23688,0.9347653985023499
91552,0.9505475759506226
36671,0.9528164863586426
61761,0.9461473822593689
85490,0.9551730751991272
102143,0.9532524347305298
4545,0.9513964653015137
25878,0.9530248641967773
40704,0.9439464807510376
88727,0.9456555843353271
21689,0.9420536160469055
53724,0.9470133185386658
23022,0.9329931139945984
77592,0.9503899216651917
77918,0.9663721323013306
94200,0.9503846168518066
37600,0.9352262020111084
43202,0.9248954057693481
75128,0.9445396661758423
47481,0.965377151966095
80803,0.9493806958198547
97638,0.9536082744598389
67851,0.9630287289619446
69733,0.982300341129303
96141,0.9338679313659668
72491,0.9143097400665283
77467,0.9493143558502197
61997,0.9376817941665649
34472,0.9230911135673523
69452,0.9499521851539612
105256,0.9578071236610413
38288,0.9599199295043945
61579,0.9668729305267334
81861,0.9622775316238403
91388,0.936057448387146
66355,0.9354143738746643
9772,0.9501938819885254
91345,0.957643449306488
89020,0.9534292221069336
47843,0.9404076933860779
40239,0.9561536908149719
7984,0.9411892294883728
12457,0.9321408867835999
48634,0.9587631225585938
54494,0.9626734852790833
36007,0.9577539563179016
13859,0.9519508481025696
104132,0.9571141600608826
106444,0.9467830657958984
77743,0.9489381909370422
12930,0.9650077819824219
75523,0.9848846197128296
74575,0.9394592046737671
87066,0.9500224590301514
72953,0.9675769805908203
75330,0.9801635146141052
35634,0.9643186330795288
32681,0.9581176042556763
54719,0.960966169834137
11158,0.9615445733070374
59927,0.9396941065788269
104545,0.9189805388450623
40117,0.9558253288269043
61413,0.9581170678138733
21715,0.9455785155296326
32714,0.9571079611778259
24981,0.9683957099914551
35347,0.9677300453186035
93329,0.9525688290596008
62636,0.9542171359062195
81546,0.9474983811378479
98273,0.950325071811676
7217,0.9502040147781372
93418,0.9470260143280029
37177,0.9172447919845581
64677,0.961031436920166
17229,0.9599347710609436
97054,0.9618410468101501
79937,0.962822675704956
54263,0.9567767381668091
71751,0.941853404045105
82528,0.968320369720459
72064,0.9583861231803894
79587,0.9478112459182739
28466,0.9503912925720215
78377,0.9610136151313782
46316,0.9552051424980164
36085,0.9398260116577148
17461,0.953217625617981
68795,0.967406690120697
92838,0.9494454860687256
7155,0.9681912064552307
18487,0.9519003033638
66346,0.9494199752807617
99,0.9518391489982605
101572,0.9780350923538208
89347,0.9637320637702942
68407,0.9655895829200745
49849,0.9524040222167969
33062,0.9527428150177002
57697,0.9706259965896606
43349,0.9516579508781433
83428,0.9536782503128052
105864,0.9457852244377136
15474,0.9512951374053955
27327,0.9520418047904968
81606,0.9535692930221558
46310,0.9491658210754395
7460,0.9508584141731262
13550,0.9527695178985596
101547,0.9585968255996704
37085,0.9507483839988708
90070,0.9725059866905212
21549,0.9578973650932312
20421,0.9495651721954346
85729,0.9511889815330505
94349,0.977895975112915
97059,0.9551967978477478
74765,0.9586166739463806
13726,0.9552198648452759
337,0.9508801698684692
51845,0.87630295753479
58858,0.979838490486145
46319,0.943299412727356
55111,0.9250414371490479
11656,0.9508680105209351
78676,0.9559153914451599
60093,0.9625147581100464
91884,0.9548764824867249
51111,0.9759197235107422
17141,0.9579086303710938
58149,0.9758086204528809
61320,0.950822114944458
1131,0.9422288537025452
22772,0.9416172504425049
43664,0.9723250269889832
43501,0.9693849086761475
81414,0.9434800148010254
52958,0.8482611179351807
89750,0.9502190351486206
83877,0.9597705006599426
65308,0.925435483455658
9200,0.9590833187103271
23749,0.9536811709403992
13672,0.9410161972045898
74683,0.957611083984375
53904,0.9461042881011963
105146,0.975692629814148
40098,0.9510639905929565
54660,0.9503157138824463
93339,0.9445180892944336
106801,0.9730191230773926
26778,0.9505741596221924
72106,0.9379071593284607
20868,0.9573281407356262
75989,0.9573991894721985
105541,0.9442699551582336
13843,0.9500621557235718
98710,0.9484974145889282
48313,0.9470146894454956
31664,0.9837018251419067
19568,0.9524154663085938
47754,0.948905885219574
96276,0.9529704451560974
95056,0.9593449234962463
92257,0.9230413436889648
85089,0.5282147526741028
20080,0.9510758519172668
52366,0.9610163569450378
43572,0.950553834438324
29109,0.9599445462226868
52191,0.9646333456039429
62260,0.9357702732086182
47485,0.9526076912879944
52129,0.9571573138237
59497,0.951045572757721
73830,0.9369918704032898
27949,0.950430154800415
16537,0.9544499516487122
84391,0.9560893177986145
54134,0.9628991484642029
13467,0.9612553119659424
86868,0.9660624265670776
95993,0.9432653784751892
60827,0.957623302936554
68151,0.9323515892028809
57843,0.9486433863639832
2809,0.9374918937683105
46015,0.956152617931366
20238,0.9550692439079285
106281,0.9531944990158081
50264,0.8658783435821533
73468,0.962915301322937
15834,0.9527904391288757
72045,0.9626564979553223
56366,0.9528943300247192
9996,0.9467077851295471
100234,0.9486743211746216
36929,0.9521645903587341
68444,0.9286282062530518
563,0.9276997447013855
80583,0.9754346013069153
103138,0.950738251209259
65733,0.9713461995124817
32278,0.921261191368103
88389,0.9622449278831482
56450,0.9719064235687256
29640,0.9530653953552246
101098,0.9512297511100769
89131,0.9683327078819275
102285,0.9502294063568115
1174,0.9442227482795715
86355,0.9277815222740173
68228,0.9540739059448242
49846,0.9557448625564575
107146,0.9634710550308228
7072,0.9531722664833069
56520,0.947391927242279
73045,0.9655778408050537
28365,0.9625476002693176
68322,0.9620813727378845
102037,0.9722728729248047
18716,0.9479836821556091
67893,0.9344661235809326
81841,0.9539321064949036
38298,0.9502673745155334
90742,0.9475110173225403
72516,0.9512354731559753
37424,0.9624860882759094
40673,0.9501423239707947
105362,0.9459580183029175
64238,0.9378213882446289
35480,0.9269636869430542
84378,0.9609664678573608
2635,0.9513102173805237
63605,0.9407756924629211
45588,0.7668612003326416
46577,0.9457329511642456
99481,0.9563632011413574
808,0.9542698264122009
36596,0.9695509076118469
60836,0.9642877578735352
27095,0.9363014101982117
78127,0.9426766633987427
32525,0.965309739112854
102468,0.9632368087768555
8884,0.9539351463317871
16939,0.9576345682144165
88921,0.962192714214325
67854,0.9515020847320557
88238,0.9600253105163574
39425,0.947391927242279
23801,0.9660330414772034
4572,0.9567990899085999
56382,0.9290075898170471
11124,0.9490935802459717
45994,0.9489477276802063
85602,0.9530600905418396
104776,0.945075273513794
49788,0.9687309265136719
29069,0.9491127729415894
75167,0.9538925290107727
64727,0.9338173270225525
36990,0.9630305767059326
8472,0.948935866355896
21020,0.9700213670730591
22816,0.9614272117614746
15066,0.9453538656234741
13058,0.9288005232810974
38179,0.9636852145195007
42100,0.9490991234779358
89612,0.9563316106796265
64576,0.9523087739944458
106162,0.9585136771202087
20322,0.9606327414512634
2401,0.9503003358840942
9479,0.9612551331520081
12406,0.9653134942054749
26699,0.962146520614624
56948,0.9533166885375977
9085,0.9574117064476013
84168,0.9606289863586426
102128,0.9571766257286072
453,0.7964588403701782
66887,0.9666953086853027
88581,0.9400808215141296
11297,0.9680086374282837
23061,0.9611073136329651
35290,0.9621202349662781
79126,0.9675792455673218
100424,0.9645792245864868
99590,0.9653822779655457
79363,0.7731562256813049
14879,0.9574203491210938
63376,0.94286048412323
28444,0.9451443552970886
1687,0.9427080154418945
2805,0.9224472641944885
86217,0.9477694630622864
91622,0.9593633413314819
74692,0.9553468227386475
22137,0.9601514339447021
55905,0.9276534914970398
16878,0.9588640928268433
104755,0.9619483351707458
53967,0.9691876769065857
10164,0.9372797608375549
75949,0.9284324049949646
58759,0.9470410943031311
52757,0.9442656636238098
50056,0.9598153829574585
24815,0.9755042791366577
103539,0.962734043598175
102891,0.9645735621452332
105114,0.8831061124801636
4702,0.9493427276611328
1300,0.9541504979133606
58992,0.954929769039154
70748,0.9534420371055603
21924,0.9586653113365173
62586,0.9530236721038818
69942,0.9714264273643494
64693,0.9615313410758972
72381,0.9414864778518677
44443,0.9553568363189697
61988,0.9440370798110962
69769,0.9497457146644592
83105,0.9502469301223755
70937,0.9505236744880676
102976,0.9704897999763489
34980,0.9501886963844299
102923,0.9518458843231201
67750,0.9440724849700928
89720,0.9360806345939636
50254,0.9539936184883118
61340,0.9703152179718018
105000,0.9607784748077393
78651,0.9736314415931702
37221,0.9073322415351868
74552,0.8934440016746521
20119,0.9500986337661743
49309,0.9526102542877197
53555,0.934790313243866
69286,0.9534184336662292
20397,0.9313098788261414
42406,0.9510678648948669
27295,0.9469894766807556
89123,0.9447482824325562
8632,0.9646264910697937
56707,0.9255351424217224
14260,0.9551940560340881
23663,0.9570078253746033
30928,0.9537405967712402
78074,0.9347297549247742
6546,0.9520127773284912
6852,0.9573164582252502
73970,0.9547173976898193
44144,0.9383254647254944
19404,0.9336659908294678
60135,0.9492659568786621
59957,0.9601073861122131
88442,0.8554881811141968
44843,0.9546425342559814
96970,0.9503619074821472
31533,0.9537075757980347
23234,0.9543371200561523
29494,0.9642333984375
58974,0.9515846371650696
85477,0.8733974695205688
13687,0.958258330821991
3528,0.9544579982757568
86408,0.9501492381095886
12633,0.9645172357559204
53912,0.9532601237297058
23436,0.9544733762741089
36474,0.9489603042602539
9368,0.9744873046875
10622,0.9663981795310974
60229,0.9582543969154358
57535,0.9548810720443726
18260,0.9671538472175598
100375,0.9573387503623962
6719,0.9649596214294434
84698,0.9707236289978027
77211,0.96645587682724
76173,0.955842137336731
98124,0.9487234354019165
64226,0.960452675819397
42597,0.9536309242248535
20593,0.9295121431350708
91129,0.9690759181976318
28266,0.9560132622718811
64792,0.9503225088119507
64536,0.9538651704788208
23351,0.948590099811554
34599,0.9495614171028137
60849,0.9589142799377441
75638,0.956722617149353
8952,0.9380545616149902
17746,0.9570454955101013
90900,0.9514814615249634
3670,0.9631097316741943
101865,0.9428474307060242
4530,0.9484214782714844
65170,0.9683555960655212
9744,0.5296114683151245
39873,0.9648085236549377
91786,0.9613898396492004
57820,0.9698517918586731
91877,0.9461283683776855
40613,0.9619548320770264
84749,0.9526627659797668
25907,0.9441729187965393
37232,0.940204381942749
6210,0.9377090334892273
7938,0.9487432837486267
95412,0.9291722774505615
44476,0.9535217881202698
31793,0.9553024172782898
84765,0.9409909844398499
64213,0.9500705599784851
28955,0.9521907567977905
18364,0.949526846408844
38157,0.9503522515296936
106432,0.6102941632270813
32546,0.6589487195014954
35523,0.9623610973358154
24024,0.9763174057006836
96602,0.9358034729957581
45276,0.950458288192749
8780,0.9529516100883484
3428,0.9649974703788757
88887,0.9560704231262207
85306,0.9552260637283325
51200,0.9496376514434814
9741,0.9540809392929077
105941,0.9503294825553894
101835,0.962460994720459
80754,0.9482970237731934
51816,0.9548748731613159
13724,0.9654507040977478
28720,0.9572682976722717
64272,0.9261525273323059
105788,0.7416539192199707
67220,0.9587386846542358
60928,0.9686107635498047
58158,0.9578602910041809
16293,0.951880931854248
13608,0.8087480664253235
37565,0.9321370720863342
2344,0.9525927305221558
44877,0.949655294418335
62709,0.9502328634262085
16477,0.9479324817657471
64979,0.9541887044906616
42339,0.953732430934906
90112,0.9599438905715942
106386,0.9163919687271118
42538,0.964460015296936
77626,0.7962405681610107
21935,0.9789692163467407
24877,0.9573616981506348
88325,0.9551875591278076
82182,0.9421959519386292
58608,0.9688105583190918
78682,0.9428814649581909
106195,0.9556751847267151
8743,0.9593403339385986
59128,0.9508687853813171
55870,0.9677828550338745
12945,0.9521341919898987
65772,0.9531049132347107
38756,0.9541050791740417
58762,0.9468756318092346
59866,0.9375694990158081
79358,0.9532036781311035
97545,0.9646236300468445
98879,0.9461960792541504
75144,0.9457131624221802
15726,0.9415729641914368
83258,0.916840136051178
29722,0.969036877155304
21225,0.9593380093574524
37385,0.9529812335968018
7776,0.9453211426734924
85049,0.9510293006896973
5438,0.9541488885879517
45836,0.9456768035888672
93302,0.9555594325065613
103757,0.9582306742668152
31211,0.954780638217926
41452,0.9620006084442139
101536,0.9531465768814087
13279,0.9428175687789917
33464,0.9575961232185364
56130,0.9574152231216431
16350,0.9505506157875061
104573,0.9608604907989502
61257,0.9722583293914795
83150,0.95074462890625
51218,0.9439808130264282
10030,0.9341297745704651
75294,0.9528066515922546
72392,0.9492562413215637
106535,0.9535838961601257
39072,0.9458257555961609
71774,0.952382504940033
3813,0.9593620300292969
79029,0.9530425667762756
47657,0.9752923846244812
40796,0.9550046324729919
62226,0.9188950061798096
44770,0.6757645010948181
20967,0.9570603370666504
19530,0.9738348126411438
64597,0.9452275633811951
6049,0.9503848552703857
39893,0.9461194276809692
69451,0.9611644744873047
79504,0.948224663734436
42596,0.9610348343849182
69849,0.8381679058074951
38319,0.94674152135849
28744,0.9357163310050964
6512,0.9386260509490967
85429,0.8165530562400818
22398,0.9518256783485413
73177,0.8835141062736511
67313,0.9494737386703491
69839,0.9588227868080139
11597,0.9291706085205078
76130,0.9550464153289795
18004,0.9547799825668335
91777,0.9690530896186829
37778,0.9355711936950684
42533,0.9471469521522522
14180,0.9468824863433838
31629,0.9630595445632935
38402,0.9428889751434326
60267,0.9559792280197144
89185,0.9458678960800171
8790,0.9289056658744812
92276,0.9507646560668945
37313,0.9623501300811768
89912,0.9496979713439941
32844,0.9483696222305298
51184,0.899918258190155
79150,0.9504699110984802
25238,0.9219306111335754
25505,0.9453752040863037
39320,0.9584289193153381
92590,0.9527775645256042
35742,0.900102436542511
54874,0.9666107892990112
51835,0.9581422209739685
101025,0.9677429795265198
32035,0.9677820205688477
104832,0.9527872800827026
96308,0.9551360011100769
89594,0.8270635008811951
51113,0.961255669593811
97964,0.942299485206604
73407,0.9416373372077942
18136,0.9697815179824829
20781,0.9401111602783203
86581,0.9517980217933655
1141,0.962380051612854
67867,0.9492055773735046
91354,0.9631288647651672
65023,0.9524575471878052
47815,0.956405520439148
78565,0.948851466178894
60513,0.9533365964889526
103024,0.9767019748687744
100646,0.9642804265022278
17208,0.9587942361831665
57658,0.9572547078132629
26741,0.9545984268188477
26804,0.9028769135475159
50177,0.951640248298645
41831,0.9477057456970215
30193,0.9520384669303894
25632,0.9346780180931091
65114,0.9490543603897095
75884,0.9573240876197815
91701,0.9476456642150879
63329,0.9714146852493286
78493,0.9311015009880066
50302,0.9598079323768616
39297,0.9536519646644592
86271,0.9621461629867554
93965,0.9354182481765747
93018,0.9559885263442993
89674,0.9575186371803284
32657,0.9469141960144043
69309,0.9604043960571289
739,0.9187191724777222
52481,0.958192765712738
99104,0.9658775925636292
69591,0.9650822877883911
47162,0.9530261754989624
43009,0.9649116396903992
38346,0.9493961334228516
10816,0.9514017105102539
72013,0.9514065980911255
78283,0.9405952095985413
41660,0.9408600926399231
1166,0.9430903196334839
39181,0.9800490140914917
59263,0.9396175742149353
104487,0.9362456798553467
91734,0.9543676376342773
86175,0.9260959029197693
76412,0.9503785967826843
20616,0.9700309038162231
7844,0.9436777234077454
4995,0.9540454745292664
27159,0.9525443911552429
78130,0.9787148237228394
104326,0.965498149394989
44435,0.9364823698997498
84988,0.9494962692260742
13069,0.9748373627662659
15486,0.9561006426811218
76480,0.9554124474525452
94250,0.9724809527397156
1856,0.9612997174263
37078,0.9506314992904663
32927,0.8967218399047852
101015,0.9556435942649841
14773,0.9643570184707642
89981,0.9711158871650696
52854,0.9785465598106384
41491,0.9531543850898743
63546,0.9604947566986084
23877,0.9497169852256775
2149,0.9644699692726135
9083,0.9520000219345093
78774,0.9521527886390686
99819,0.9528849124908447
61787,0.9588540196418762
66605,0.9737628698348999
8298,0.9647862315177917
42299,0.9584195017814636
4249,0.9521445035934448
25742,0.9504485130310059
16651,0.9511979222297668
84877,0.9475326538085938
37553,0.9501201510429382
18573,0.9543294906616211
80133,0.9592251181602478
84558,0.9505442380905151
50562,0.9488243460655212
11790,0.9541305303573608
66033,0.9377162456512451
11819,0.9169933795928955
6828,0.949924886226654
46362,0.9421722292900085
1047,0.9400849938392639
34500,0.9665325880050659
47127,0.9639254212379456
23736,0.9555434584617615
60737,0.951010525226593
4594,0.9289609789848328
29273,0.9563822150230408
46532,0.9521083831787109
6737,0.9535667896270752
23304,0.9532313942909241
29593,0.9531362056732178
61846,0.9499179124832153
104922,0.9583632349967957
87475,0.9343616962432861
7027,0.9544507265090942
87211,0.9426254630088806
18614,0.8990283608436584
94606,0.9658794403076172
106394,0.9547379016876221
17033,0.9616031050682068
46062,0.9380143284797668
83179,0.9665367007255554
44306,0.9570146799087524
3022,0.9527475833892822
39701,0.9586806297302246
86774,0.9457759261131287
35156,0.9354578852653503
81341,0.9576163291931152
83819,0.9640823602676392
70455,0.9597749710083008
53485,0.9769718050956726
23025,0.938766360282898
4129,0.9549673795700073
95738,0.951592743396759
19184,0.6885787844657898
15154,0.9477590918540955
61594,0.9514150023460388
103597,0.9475787878036499
64491,0.9507049918174744
23899,0.9723552465438843
31417,0.9342034459114075
61755,0.9525198340415955
34455,0.9537652730941772
94925,0.9451828002929688
91768,0.9521898627281189
12323,0.949396550655365
72970,0.9542818665504456
27442,0.951654314994812
30731,0.9437673091888428
102947,0.9634281992912292
10048,0.943020761013031
7261,0.969683051109314
37831,0.9525172710418701
61159,0.9619782567024231
100500,0.9541429281234741
66747,0.942962646484375
22855,0.946633517742157
29650,0.9507036805152893
96881,0.9519562721252441
47013,0.9692422151565552
19585,0.9556635022163391
30273,0.9513309597969055
91628,0.9577023983001709
79418,0.9609414935112
72730,0.9643075466156006
84753,0.9513594508171082
97421,0.9508594870567322
45767,0.9600933194160461
9679,0.9521574378013611
88797,0.9555704593658447
1492,0.9457587599754333
55280,0.9494854211807251
9098,0.9514991641044617
101671,0.9545712471008301
89413,0.9644611477851868
84730,0.9581966400146484
79999,0.9387174248695374
30862,0.9675864577293396
35416,0.9685487151145935
46917,0.949836790561676
92930,0.9579088687896729
58243,0.9459446668624878
100799,0.9541162252426147
60694,0.9474141001701355
71555,0.9732782244682312
19179,0.41155821084976196
50184,0.959823489189148
5008,0.9707438349723816
17878,0.9753749370574951
81669,0.9610247015953064
77718,0.9532679319381714
39440,0.9366807341575623
4895,0.9585682153701782
71071,0.5706765651702881
21702,0.9462361931800842
87491,0.9451066851615906
65486,0.9536464810371399
25309,0.9517419934272766
42323,0.9463722705841064
48639,0.9585837125778198
73967,0.9642708897590637
65998,0.9599969387054443
23198,0.9464591145515442
82664,0.9695566296577454
26094,0.9648181796073914
37411,0.9524417519569397
65951,0.7625563144683838
35218,0.9267517328262329
35957,0.9528689980506897
84554,0.9462223052978516
61197,0.9165018796920776
61094,0.9680081009864807
26711,0.9701914191246033
59195,0.945267379283905
49121,0.9455004930496216
40914,0.9528231024742126
47302,0.9489442110061646
98853,0.948488175868988
103900,0.9376773834228516
64853,0.9506685733795166
2554,0.9476098418235779
92599,0.9600406885147095
25802,0.9014108777046204
99452,0.4341360628604889
55109,0.9476211667060852
21922,0.9376735091209412
93639,0.9635940194129944
99499,0.9273654818534851
75518,0.9335339069366455
30710,0.9622281789779663
70028,0.933903694152832
101769,0.9359633326530457
37794,0.9590762257575989
96543,0.9329341650009155
47526,0.9402790069580078
23159,0.9683434367179871
40146,0.9493682384490967
94847,0.9650872945785522
53362,0.9532926082611084
14037,0.959011971950531
37453,0.9496504664421082
5647,0.955636739730835
14673,0.9534009695053101
106600,0.9508280158042908
73748,0.9423340559005737
80308,0.9494172930717468
19383,0.9436337947845459
55496,0.9513678550720215
9225,0.9492141604423523
106906,0.9523435831069946
75394,0.9469931125640869
88551,0.967844545841217
37699,0.942240297794342
39763,0.985660195350647
70482,0.9583469033241272
25050,0.9451784491539001
17857,0.9544829726219177
58429,0.9365542531013489
49416,0.9586741924285889
61552,0.9641841053962708
49623,0.967212975025177
44617,0.9363320469856262
27909,0.9622998237609863
24871,0.9665068984031677
20942,0.9522035717964172
103516,0.9559084177017212
69077,0.9480151534080505
15187,0.9542073011398315
3968,0.9571269750595093
46406,0.9634782075881958
95105,0.9466254711151123
49338,0.9579010009765625
64276,0.9548349380493164
4821,0.7567393183708191
40021,0.9568281173706055
83326,0.9529312252998352
42177,0.9685226678848267
70199,0.9541065692901611
48119,0.9548326730728149
13343,0.9526494145393372
11053,0.9574571847915649
11870,0.9706060290336609
35640,0.9514665007591248
43612,0.969147801399231
81628,0.9642364382743835
37574,0.9321520924568176
33387,0.9542037844657898
3627,0.9606115818023682
83186,0.9536682367324829
99491,0.9460370540618896
59700,0.9613966941833496
16223,0.9650905728340149
64126,0.9526653289794922
42160,0.9559632539749146
69097,0.9664715528488159
102364,0.9525337219238281
68107,0.9475832581520081
8108,0.9566929340362549
22927,0.9421181678771973
59791,0.9595099687576294
100302,0.9362346529960632
61388,0.9143413305282593
57499,0.9477174282073975
106814,0.9331733584403992
46493,0.9575894474983215
101988,0.9534156918525696
3718,0.9492936730384827
97345,0.9363948702812195
44816,0.9504364132881165
15636,0.9498321413993835
14332,0.9596633315086365
20814,0.9183791875839233
9395,0.9549105167388916
29142,0.9469349384307861
44552,0.9486924409866333
49858,0.9568620920181274
23478,0.9518033266067505
101156,0.9522435665130615
17780,0.9518393874168396
40135,0.9531477093696594
90279,0.9514673352241516
9595,0.9520946741104126
11287,0.9604003429412842
52334,0.9579110145568848
45378,0.9451347589492798
60285,0.9362402558326721
104931,0.9458749294281006
20338,0.9579620957374573
14294,0.953482985496521
81500,0.9616589546203613
26366,0.97117018699646
15562,0.9538307785987854
77960,0.9468449354171753
61174,0.9411311745643616
12765,0.9011913537979126
93396,0.7737393379211426
32026,0.9522240161895752
77586,0.9542300701141357
10668,0.962497889995575
84486,0.9556389451026917
98561,0.9475913047790527
15057,0.9359453916549683
62129,0.942769467830658
46701,0.9572839140892029
35331,0.9389000535011292
3820,0.9535228610038757
21476,0.9487641453742981
81388,0.9563222527503967
65518,0.9330969452857971
25936,0.959464430809021
58641,0.9111232757568359
39010,0.9496554136276245
10723,0.9512392282485962
28862,0.9635388851165771
59404,0.9643985629081726
51779,0.9517022371292114
60999,0.9527155756950378
55446,0.955879271030426
82958,0.9009891152381897
103671,0.9616531133651733
70579,0.9501793384552002
21621,0.937416136264801
40399,0.954929769039154
66405,0.9307786226272583
40122,0.9405652284622192
105767,0.9641691446304321
67391,0.9420366287231445
31052,0.9436770677566528
6398,0.9597215056419373
66954,0.9602644443511963
99686,0.9624894857406616
14802,0.9637954831123352
96257,0.9498715400695801
28401,0.9521403908729553
44017,0.953199028968811
27168,0.945376992225647
79508,0.9696979522705078
76641,0.949922502040863
101422,0.9506573677062988
57776,0.9375647306442261
24347,0.9540078043937683
58970,0.9542945623397827
4306,0.9459159970283508
87525,0.949840247631073
50287,0.962900698184967
35911,0.9528114199638367
40403,0.9601613283157349
94371,0.9592769145965576
88677,0.9686193466186523
102789,0.9113522171974182
82807,0.9510278701782227
101560,0.8646674752235413
102214,0.9561896920204163
92213,0.9821089506149292
78847,0.9529842734336853
87625,0.9666406512260437
59098,0.9520660042762756
95200,0.9676493406295776
13169,0.9599587321281433
52736,0.9536455869674683
31036,0.9630087018013
32733,0.9415150284767151
39585,0.9762685298919678
65224,0.930551290512085
34555,0.9548920392990112
35503,0.9612014889717102
91563,0.9630406498908997
64642,0.9556396007537842
25351,0.9488462209701538
60263,0.9605396389961243
6918,0.9532768130302429
49218,0.9420100450515747
99645,0.8262465596199036
96340,0.8515480756759644
22938,0.9651867747306824
7914,0.9591975212097168
47223,0.9593258500099182
46877,0.9625771641731262
102108,0.9576623439788818
67497,0.9517701268196106
2800,0.9570964574813843
77619,0.9646956920623779
82667,0.9515199065208435
47138,0.9619908332824707
78393,0.9438786506652832
7564,0.9504014253616333
33316,0.9484959244728088
67518,0.949589192867279
76570,0.9497918486595154
5453,0.9356682300567627
105472,0.8504975438117981
9,0.9630230665206909
65582,0.960084080696106
104768,0.9551671147346497
44236,0.9523810744285583
30578,0.9331963062286377
28938,0.9520376920700073
38579,0.97243732213974
95781,0.9588173031806946
44215,0.9429125189781189
41530,0.9651327729225159
5456,0.9426197409629822
75529,0.974005401134491
82386,0.8954160809516907
54766,0.953007161617279
2689,0.9280034899711609
90046,0.9469534754753113
72503,0.9470807909965515
96582,0.9672580361366272
37143,0.9546302556991577
49719,0.965767502784729
11305,0.9814598560333252
38853,0.9336775541305542
30018,0.9511154294013977
89997,0.9488265514373779
76441,0.9553977251052856
63974,0.9601669311523438
5818,0.9707343578338623
93750,0.8700523376464844
103189,0.9470286965370178
16117,0.9474945664405823
101288,0.9325375556945801
78644,0.9583888649940491
85356,0.9521495699882507
6264,0.9390242695808411
7677,0.9448633193969727
62883,0.9599889516830444
78514,0.961317241191864
73040,0.9270071387290955
31444,0.7505382895469666
17921,0.9513179063796997
58623,0.9321734309196472
83516,0.9485915899276733
15353,0.9543562531471252
100110,0.9558070302009583
19879,0.951798677444458
81914,0.9174647927284241
54921,0.949163019657135
11156,0.8821199536323547
47710,0.9616987705230713
75545,0.949134349822998
86014,0.9360538125038147
15013,0.9434426426887512
7602,0.953056812286377
9536,0.9641887545585632
9037,0.946820080280304
67680,0.9540941715240479
40930,0.9548768997192383
22323,0.9460051655769348
26556,0.8149058222770691
95977,0.9478548169136047
70938,0.9704267978668213
71118,0.9423377513885498
65686,0.9662364721298218
13752,0.9478673338890076
74760,0.9377934336662292
4314,0.9546129703521729
59908,0.9395763278007507
43180,0.9098638296127319
36161,0.9566508531570435
77291,0.9531489014625549
74333,0.9464329481124878
32013,0.9592283368110657
50705,0.9610518217086792
82354,0.9512013792991638
60823,0.9500485062599182
81132,0.9626906514167786
49721,0.9428976774215698
81135,0.9479730725288391
68556,0.9523398876190186
51109,0.9556121230125427
29436,0.946256697177887
70014,0.9591744542121887
89999,0.9674074053764343
55129,0.9603941440582275
57625,0.9525513052940369
72056,0.9435651302337646
30958,0.9581871032714844
28837,0.9654290080070496
78812,0.950210452079773
69050,0.9510960578918457
78026,0.9470621943473816
74753,0.9606568217277527
84865,0.9582716822624207
10850,0.9571260809898376
103364,0.7108209133148193
20843,0.9508945345878601
95753,0.9530024528503418
49437,0.9517485499382019
96961,0.920547604560852
96265,0.9429735541343689
90957,0.9610031247138977
9510,0.9608113765716553
62612,0.9447147846221924
46685,0.9553954601287842
73471,0.9540767073631287
96293,0.9491008520126343
27856,0.9442262649536133
86010,0.9299236536026001
85800,0.9459588527679443
100478,0.910392701625824
84480,0.9502041935920715
39977,0.9526371359825134
42904,0.9429837465286255
97388,0.9607884883880615
73786,0.9712350964546204
32342,0.9422585964202881
19969,0.9635253548622131
35477,0.5982939600944519
60115,0.5758910179138184
29585,0.9467496275901794
36206,0.9540691375732422
65018,0.9425196647644043
84906,0.9545849561691284
67728,0.9700348377227783
53915,0.9497827887535095
28542,0.9655162692070007
19447,0.9514465928077698
87416,0.9538016319274902
7078,0.9574180841445923
64687,0.9525479674339294
26446,0.939433217048645
5907,0.9449440836906433
69202,0.969011127948761
67936,0.9563408493995667
94444,0.9433049559593201
52945,0.9569045305252075
33725,0.954625129699707
17587,0.7047219276428223
41915,0.9670297503471375
73767,0.9491386413574219
15216,0.9506570100784302
106363,0.9482316374778748
101703,0.950327455997467
75411,0.9660027027130127
57804,0.9452530145645142
25148,0.9460585117340088
9571,0.953555703163147
57022,0.9580603837966919
99972,0.9571502208709717
51158,0.9682044982910156
35954,0.9539854526519775
97826,0.952518105506897
99843,0.9311839938163757
90377,0.9517985582351685
63783,0.951906681060791
88725,0.968498945236206
104039,0.9497045278549194
31961,0.9401566386222839
104009,0.9484668374061584
47318,0.9510629177093506
86974,0.9456533193588257
9421,0.9502775073051453
84516,0.9612488150596619
44731,0.9337083697319031
76057,0.9583566784858704
87073,0.9526923894882202
43289,0.9575861692428589
100878,0.9318262934684753
4386,0.936442494392395
38237,0.9693393111228943
75202,0.9632777571678162
101400,0.9550047516822815
107136,0.9615179896354675
30179,0.9515225887298584
36766,0.9645487070083618
56597,0.9620574712753296
37426,0.9654792547225952
67271,0.9635343551635742
37507,0.9649202823638916
33863,0.9748595356941223
102791,0.9581083059310913
61814,0.9566707015037537
66968,0.9406407475471497
15746,0.9660604596138
69405,0.9641656875610352
81775,0.9591246843338013
10874,0.9540876746177673
80486,0.9487141966819763
80102,0.9480481743812561
31570,0.960344672203064
58348,0.9512201547622681
93731,0.9671688079833984
87697,0.9578094482421875
71238,0.9420122504234314
19955,0.9464432001113892
63568,0.961846649646759
29279,0.9568837881088257
63613,0.9559598565101624
50050,0.945527970790863
49381,0.9518132209777832
42724,0.9601535201072693
3748,0.9338265657424927
103567,0.9666870832443237
14418,0.9611077308654785
92431,0.945521354675293
89830,0.9398056268692017
69665,0.9440302848815918
82270,0.9550357460975647
28942,0.9460035562515259
52103,0.9428117275238037
49028,0.9479401707649231
73933,0.9574404954910278
50783,0.9528252482414246
78350,0.9767667651176453
4902,0.9642186760902405
53013,0.9507806897163391
76554,0.9680954217910767
23980,0.9559187889099121
41145,0.9591535329818726
42225,0.9611148834228516
89264,0.9512222409248352
62543,0.9529796242713928
64809,0.9602090716362
11702,0.9544448256492615
55003,0.9421408176422119
94451,0.9644904136657715
56327,0.9594578146934509
81325,0.9611552953720093
39310,0.9540520906448364
58708,0.9669494032859802
97817,0.9727019667625427
53379,0.9582700729370117
79932,0.941445529460907
63512,0.9639094471931458
20779,0.962733268737793
95212,0.955102264881134
59462,0.9508692026138306
87290,0.9609366655349731
11427,0.9493913054466248
62734,0.9669240117073059
32888,0.9565025568008423
28020,0.9609490036964417
107166,0.9423424601554871
34403,0.9539233446121216
39879,0.8590289950370789
42599,0.9316096305847168
65668,0.9461288452148438
70872,0.9498934745788574
58351,0.951828122138977
57847,0.9565382599830627
24231,0.9447383880615234
73322,0.9505130052566528
87567,0.9375004768371582
83106,0.9541430473327637
62857,0.9764571785926819
6190,0.9476103782653809
76216,0.9684770107269287
68017,0.9406796097755432
87105,0.9559237957000732
106867,0.5668088793754578
55927,0.9538601636886597
103438,0.9628943204879761
51124,0.9491856098175049
12368,0.9476503133773804
86766,0.9457352161407471
105444,0.940089762210846
87040,0.9519844651222229
22916,0.9649710059165955
50027,0.9566776752471924
81159,0.9423776865005493
58672,0.9639590978622437
30619,0.9573197364807129
33627,0.9787907004356384
50283,0.951555609703064
52216,0.9504366517066956
59067,0.9443479776382446
14396,0.9571418166160583
11892,0.9530154466629028
16812,0.9162961840629578
5522,0.9552763104438782
1553,0.9515433311462402
68393,0.9594817757606506
56743,0.9283981919288635
96945,0.9556970596313477
46038,0.9304590225219727
57272,0.9537386298179626
90756,0.9678539633750916
52367,0.9440062046051025
106160,0.9425356984138489
90017,0.9557634592056274
3398,0.9384952187538147
9373,0.953922688961029
105247,0.9567548036575317
90087,0.9593969583511353
69444,0.9567214250564575
17257,0.9412750005722046
35505,0.9515174031257629
81005,0.9485322833061218
44186,0.9370705485343933
13463,0.960203230381012
46564,0.9570818543434143
79444,0.9553340673446655
99670,0.9534576535224915
11219,0.9514877200126648
57773,0.95713210105896
8456,0.9502593278884888
68047,0.9300999641418457
36885,0.928354024887085
85280,0.9514070153236389
35496,0.9579727053642273
8287,0.9497264623641968
99197,0.9562296867370605
84028,0.9486541152000427
57813,0.9550797939300537
24111,0.9557602405548096
32341,0.9827489852905273
11617,0.9582534432411194
51488,0.9620798230171204
54632,0.9624001383781433
92675,0.9430593252182007
25288,0.9304925203323364
60316,0.9616360664367676
74303,0.9560584425926208
100457,0.9644391536712646
39057,0.9585540294647217
106818,0.9385298490524292
87856,0.9661900401115417
48380,0.7661871910095215
88962,0.9521141052246094
30684,0.9530561566352844
34006,0.9345080852508545
39375,0.9572477340698242
38271,0.9561417102813721
103594,0.9450242519378662
65919,0.9579986929893494
32465,0.9505776166915894
95680,0.9509389400482178
21927,0.9659169316291809
82834,0.9634617567062378
86607,0.9477975964546204
23273,0.9477927088737488
86094,0.9566875696182251
39379,0.9533753991127014
59333,0.9557533264160156
89309,0.9579601287841797
36521,0.9507054090499878
20234,0.9521024227142334
42743,0.9397236108779907
50713,0.9355705380439758
50917,0.9654697179794312
56471,0.837331235408783
50938,0.9648942351341248
98079,0.8688559532165527
45607,0.9494690895080566
99068,0.9722601175308228
32866,0.9659366011619568
86916,0.9558699131011963
21587,0.9618846774101257
92191,0.9674216508865356
103849,0.9557636976242065
38587,0.9357298016548157
72196,0.9580956101417542
6939,0.9548054933547974
27786,0.9427268505096436
34537,0.9567059278488159
58057,0.9561020731925964
70154,0.9522086977958679
91928,0.9409810304641724
40528,0.9437199831008911
12496,0.9599707126617432
24646,0.9567443132400513
11256,0.9602453112602234
21388,0.9391322135925293
85853,0.9629496932029724
44259,0.6636911630630493
36591,0.9429711103439331
59439,0.9549915790557861
74647,0.9614299535751343
4875,0.9690918326377869
6490,0.9600623250007629
28346,0.9405798316001892
651,0.9474624395370483
1618,0.9605011940002441
13410,0.9740283489227295
106091,0.9317914247512817
57915,0.9519200325012207
28113,0.9475958943367004
71395,0.9542131423950195
96316,0.9526165723800659
13993,0.94216388463974
49317,0.9484536647796631
45502,0.9499924182891846
93262,0.9573964476585388
17644,0.9518058896064758
52028,0.9527137279510498
103808,0.971855103969574
20253,0.9392663836479187
22006,0.9684785008430481
80743,0.9582711458206177
93485,0.9574474692344666
44777,0.9487530589103699
6100,0.9355077147483826
79220,0.9567975997924805
56337,0.9677928686141968
11203,0.959088921546936
21197,0.9615980982780457
84879,0.9517171382904053
27735,0.9556668996810913
40048,0.9328227043151855
21142,0.956642210483551
17502,0.9629384875297546
74085,0.9554754495620728
104674,0.9517601132392883
43454,0.9510271549224854
55533,0.9632578492164612
10115,0.9645275473594666
4005,0.9581207633018494
38690,0.9506536722183228
76350,0.9510595798492432
33946,0.9865942001342773
88651,0.9612781405448914
6441,0.9520083069801331
29013,0.9411481618881226
58126,0.9500171542167664
1579,0.9522311687469482
45737,0.979690670967102
20715,0.9421509504318237
35446,0.9510321021080017
24700,0.9304901957511902
40662,0.952302098274231
2825,0.9082410335540771
70461,0.9620667099952698
24568,0.9506786465644836
90464,0.9381660223007202
28517,0.9573984146118164
1466,0.9373469948768616
17097,0.9533206820487976
30017,0.9435105323791504
55539,0.9570570588111877
59782,0.9356503486633301
71033,0.9563848972320557
64496,0.9517664909362793
40937,0.9451866149902344
94343,0.9564509987831116
10785,0.9692064523696899
57477,0.9729687571525574
88509,0.9654730558395386
13448,0.9703549742698669
28448,0.9595782160758972
15736,0.9481230974197388
93766,0.9546838998794556
28790,0.9529367685317993
104620,0.7355499267578125
102286,0.9511881470680237
40916,0.936601459980011
27594,0.9205822944641113
52570,0.9530219435691833
57700,0.9515700936317444
56086,0.957564651966095
15381,0.953883945941925
46128,0.8840495347976685
76957,0.9527825117111206
27584,0.9533930420875549
47349,0.9468041658401489
13242,0.9702193737030029
21958,0.95498126745224
82887,0.9651821851730347
106452,0.9507696032524109
8805,0.9438223242759705
39780,0.9865180850028992
98329,0.9692093729972839
50527,0.9533050656318665
82425,0.9599408507347107
23328,0.9543793797492981
43312,0.9569078087806702
62595,0.9512324333190918
85134,0.9314528107643127
47366,0.9783284664154053
23299,0.9677996635437012
106554,0.9577208757400513
30402,0.941279947757721
82605,0.9514646530151367
91467,0.9513827562332153
87186,0.9458537697792053
16903,0.9502245783805847
1913,0.95475834608078
24210,0.9705501794815063
72558,0.9538512825965881
63823,0.9643210768699646
37579,0.9082769751548767
23677,0.953187108039856
43647,0.9695559740066528
74682,0.9768409729003906
61036,0.9496608376502991
68754,0.9564983248710632
4629,0.9560222029685974
45675,0.9535905122756958
87890,0.9371206164360046
69007,0.9522133469581604
107046,0.9653716087341309
57177,0.9420560598373413
58179,0.9611882567405701
59861,0.9532918334007263
52378,0.9475743770599365
77012,0.9420283436775208
36232,0.9554042816162109
68330,0.9548797607421875
12004,0.9536229372024536
11504,0.9481034874916077
45682,0.9255607724189758
23369,0.9594582915306091
9711,0.9678681492805481
87557,0.9607585668563843
42759,0.9546874761581421
1961,0.9667791128158569
79192,0.9484136700630188
65297,0.963600754737854
90391,0.9534462690353394
31179,0.9619377255439758
85934,0.9527137279510498
2233,0.9601084589958191
104465,0.9314727783203125
97156,0.9522124528884888
21082,0.9524564743041992
43222,0.9683908224105835
101903,0.9568737745285034
91631,0.9630681872367859
104772,0.948421061038971
69306,0.9548476934432983
2246,0.9604171514511108
55523,0.9582386612892151
35636,0.9476093053817749
58346,0.9331502318382263
97733,0.9488862752914429
54318,0.5772250890731812
10406,0.954383373260498
73686,0.9592528939247131
23697,0.9370948672294617
28920,0.9429306387901306
74967,0.946046769618988
22282,0.9552234411239624
46359,0.946658194065094
100017,0.9405039548873901
66476,0.9697386622428894
95495,0.9764049053192139
39500,0.9662584066390991
13256,0.9670750498771667
87733,0.9472924470901489
50150,0.9616342782974243
101746,0.9649068713188171
43926,0.9585257172584534
62829,0.9639543294906616
16572,0.9678078293800354
19011,0.9634870886802673
34704,0.947404682636261
52519,0.9576797485351562
29435,0.9675823450088501
14187,0.9407079815864563
25743,0.9462328553199768
21024,0.9507045149803162
91627,0.9535470604896545
24278,0.9654781222343445
51417,0.9583863615989685
59575,0.9627664089202881
38791,0.9457917213439941
43295,0.9309333562850952
76291,0.952264130115509
61760,0.9649962186813354
3559,0.9539173245429993
59749,0.9805676341056824
8520,0.9562553763389587
99593,0.9528051614761353
19907,0.9550831317901611
55802,0.9493918418884277
49581,0.9492583870887756
63636,0.9508161544799805
68309,0.9498878717422485
32757,0.5105494856834412
69987,0.9602675437927246
40061,0.9540616273880005
56151,0.9509463906288147
104281,0.9505720138549805
37146,0.9534227252006531
52784,0.9514186978340149
22973,0.9382534623146057
52110,0.9621394276618958
48457,0.9614264369010925
83878,0.9494417309761047
41602,0.9539651870727539
12922,0.9490854144096375
106228,0.9334498047828674
32284,0.9531302452087402
71166,0.9477276802062988
61893,0.9264410734176636
82610,0.9644036889076233
9468,0.9640821814537048
7366,0.9491127729415894
130,0.9681516289710999
93873,0.9466717839241028
104680,0.9268973469734192
13871,0.9640129208564758
92467,0.9559854865074158
43810,0.9542041420936584
88262,0.9635936617851257
78513,0.9587644338607788
33147,0.9651296734809875
39542,0.9527710676193237
86068,0.9539985060691833
17818,0.9603227972984314
49539,0.9406342506408691
80464,0.9401471018791199
4168,0.9274272322654724
43550,0.9524243474006653
24085,0.9672031402587891
102374,0.9647844433784485
23041,0.9536176323890686
73095,0.9516904354095459
74551,0.944686770439148
58922,0.9414181113243103
54757,0.7338336706161499
86390,0.9676141738891602
49045,0.9272413849830627
63062,0.9572370648384094
45963,0.9652962684631348
3268,0.9535162448883057
94045,0.947673499584198
93471,0.9393479228019714
47014,0.9368592500686646
25463,0.9380428791046143
59914,0.9504015445709229
70929,0.9500565528869629
105229,0.9293586015701294
55727,0.9670934081077576
68877,0.960617184638977
36240,0.9675301313400269
12342,0.9362353682518005
45781,0.957471489906311
64221,0.9614502191543579
25152,0.9538499712944031
19946,0.9551548361778259
35848,0.9528769254684448
50988,0.9530081152915955
81228,0.9216734170913696
70634,0.969745934009552
62087,0.9640220999717712
83705,0.9591607451438904
28135,0.9577285051345825
72269,0.9531660079956055
57765,0.9520809054374695
48237,0.9446261525154114
60935,0.9618642926216125
96395,0.9489452838897705
17552,0.9630733728408813
6012,0.924295961856842
32339,0.9470943808555603
100348,0.9449971914291382
18042,0.9534629583358765
96315,0.9382392168045044
29764,0.950637936592102
23929,0.9795622825622559
77311,0.9684657454490662
70607,0.9413336515426636
30780,0.9518789052963257
80346,0.952190637588501
98674,0.9317322373390198
81392,0.9549900889396667
97354,0.9547935724258423
81018,0.942322850227356
67914,0.9572429656982422
73740,0.9761735796928406
17349,0.9393831491470337
92248,0.9488230347633362
7410,0.9695139527320862
38801,0.9319521188735962
2980,0.9571718573570251
8343,0.9486000537872314
4978,0.9535396695137024
17304,0.9533002972602844
97200,0.9375296235084534
29661,0.9593508839607239
90326,0.9564074873924255
46507,0.9406670331954956
29043,0.9524655342102051
10362,0.9501903057098389
98378,0.931877851486206
106758,0.9216127991676331
51017,0.9658184051513672
79812,0.9551680684089661
13356,0.9441646337509155
55569,0.9394304752349854
65657,0.9533224105834961
51044,0.9592835903167725
66567,0.9653513431549072
46552,0.9758142828941345
46891,0.9458364248275757
63607,0.9535679817199707
38370,0.961888313293457
57361,0.9868913292884827
36803,0.9594663977622986
39652,0.9476221203804016
98980,0.9739421010017395
39367,0.9397394061088562
42936,0.9772847890853882
103002,0.8898862600326538
53733,0.9589062929153442
64932,0.9513319134712219
14694,0.9494178295135498
22051,0.9267234206199646
86459,0.9692389369010925
6391,0.9649174213409424
66928,0.9401229619979858
49982,0.9704784750938416
100643,0.9498888254165649
56457,0.9468299746513367
30800,0.9008091688156128
33516,0.9537113904953003
10149,0.9464215040206909
59814,0.9504919052124023
95253,0.9444937109947205
53569,0.9505038261413574
98810,0.9526553750038147
37667,0.9239140152931213
28177,0.9591541886329651
38991,0.9515703320503235
16662,0.9429793953895569
84074,0.9565499424934387
74835,0.9490737915039062
64707,0.9410193562507629
92839,0.9565840363502502
7848,0.9292105436325073
14932,0.9645808935165405
95426,0.8719367384910583
10705,0.9345294237136841
36497,0.9534454941749573
45194,0.9441131949424744
91760,0.9642991423606873
42730,0.945896327495575
73723,0.9613911509513855
106197,0.9673132300376892
68082,0.9577104449272156
18144,0.9699385762214661
80046,0.9546995759010315
11278,0.9610610604286194
80340,0.9496685266494751
13789,0.9064590930938721
70923,0.8933603167533875
102287,0.9629166126251221
91972,0.9541321992874146
34636,0.9615766406059265
15424,0.9567602872848511
27169,0.8470621109008789
44400,0.8941138982772827
61822,0.9514323472976685
72751,0.9628077745437622
13516,0.9520182609558105
106505,0.9491230845451355
76387,0.9501725435256958
15239,0.9498964548110962
103844,0.9646473526954651
53314,0.9742439985275269
39223,0.954345703125
9030,0.9547688961029053
14079,0.9609237909317017
105615,0.9444026947021484
12812,0.944782555103302
75439,0.931688129901886
39088,0.9474667310714722
43363,0.9506984949111938
32020,0.9421274662017822
64754,0.96387779712677
3089,0.9403845071792603
23362,0.9542632699012756
84010,0.9726758003234863
28153,0.928390383720398
38509,0.4694118797779083
11368,0.9570764899253845
38142,0.95101398229599
97444,0.9428490400314331
41034,0.9519724249839783
8873,0.9547401070594788
30735,0.941970705986023
61272,0.9713284373283386
56414,0.9693293571472168
89014,0.9629387259483337
24736,0.9505542516708374
36720,0.9441670775413513
83888,0.9360411763191223
55059,0.8907093405723572
50353,0.9343387484550476
1263,0.9553810954093933
9747,0.9318338632583618
100121,0.9661865234375
101541,0.9611592888832092
107110,0.9181941747665405
13870,0.9553384184837341
53841,0.9503624439239502
99366,0.9447904229164124
97714,0.9649757146835327
105818,0.9660938382148743
50824,0.8487226963043213
79245,0.9586976170539856
20566,0.937115490436554
31568,0.9452579021453857
61681,0.9537869691848755
61035,0.972501814365387
82910,0.9508448243141174
104534,0.962721049785614
30508,0.9615497589111328
36852,0.9652361869812012
78740,0.9559298157691956
93787,0.691672146320343
99385,0.9421198964118958
8541,0.9565550684928894
40986,0.9618379473686218
59356,0.9502482414245605
24418,0.9289942383766174
73614,0.9293702244758606
27415,0.9604195952415466
11105,0.9509509205818176
38620,0.945613443851471
73791,0.9526902437210083
84218,0.9272530674934387
57917,0.9555105566978455
26115,0.958285927772522
39220,0.9443925023078918
86510,0.9450166821479797
2620,0.927983820438385
80769,0.9558724761009216
63158,0.9562243223190308
68262,0.9570971131324768
75959,0.9323701858520508
11908,0.93960040807724
82650,0.9534082412719727
67201,0.928619921207428
38281,0.963018536567688
94080,0.9640592336654663
26958,0.9490957856178284
12229,0.9513767957687378
7322,0.9503839612007141
101820,0.9599466323852539
58402,0.9401276707649231
53298,0.9479233622550964
55864,0.9516996145248413
80201,0.938321053981781
27368,0.7798483371734619
51937,0.9433347582817078
75944,0.9527298212051392
17981,0.9552778601646423
36458,0.9652044177055359
19330,0.9660300612449646
70747,0.9396372437477112
52093,0.9557754397392273
48248,0.9623903632164001
30444,0.948749303817749
100114,0.9573917388916016
75809,0.9658556580543518
83567,0.9584219455718994
22666,0.961035430431366
49879,0.9562181234359741
63185,0.9563934206962585
71537,0.9552323818206787
84881,0.9381826519966125
11039,0.9709195494651794
2226,0.9616472721099854
9498,0.9604479670524597
103461,0.9613991975784302
8026,0.9650457501411438
67743,0.9512830376625061
80470,0.9383740425109863
3702,0.38060179352760315
60275,0.9525139927864075
32622,0.9606448411941528
30739,0.9509291052818298
87448,0.8590602278709412
98899,0.47947824001312256
89514,0.9542863368988037
10765,0.6657835841178894
76915,0.9605554938316345
22471,0.9512100219726562
104758,0.9604097604751587
106834,0.9664103388786316
21256,0.9626019597053528
72448,0.9677534699440002
76560,0.9443092942237854
72417,0.9622665643692017
76712,0.9600978493690491
81087,0.9422186017036438
106580,0.9652267694473267
29575,0.9511236548423767
93875,0.9534909129142761
57554,0.9492468237876892
60491,0.976793646812439
93238,0.9648672342300415
3821,0.9618938565254211
28650,0.949011504650116
66585,0.9602012634277344
3771,0.9497026801109314
21931,0.9522280097007751
6465,0.9606150984764099
12104,0.9524486660957336
100297,0.9494301080703735
12303,0.9443632960319519
63834,0.9615157842636108
72813,0.9613518118858337
24228,0.9360182881355286
62072,0.9598603248596191
87548,0.9569342136383057
34142,0.9559427499771118
102479,0.8474606871604919
81878,0.9586942195892334
5322,0.9543726444244385
8225,0.9559304714202881
87700,0.948672890663147
34160,0.9389566779136658
84726,0.9498785138130188
18698,0.9290622472763062
21961,0.9535335898399353
98296,0.964084267616272
35011,0.9557885527610779
72197,0.9792925119400024
52751,0.9353451132774353
2665,0.9522101879119873
13552,0.955073893070221
74433,0.9539695382118225
55838,0.9407525658607483
3623,0.9333100914955139
18897,0.9734587073326111
97971,0.9608641266822815
54183,0.9133836030960083
36709,0.9443134069442749
45328,0.961776852607727
45544,0.9604085683822632
88069,0.8832728862762451
38880,0.9378861784934998
29390,0.9546402096748352
17213,0.955742359161377
103211,0.9353669881820679
103784,0.942865788936615
21672,0.9485494494438171
12667,0.9502653479576111
42330,0.9541944861412048
64762,0.9661205410957336
38996,0.9583095908164978
81858,0.9628924131393433
63013,0.9495169520378113
97541,0.9584413170814514
94335,0.9557189345359802
27705,0.9327799081802368
27775,0.9603602886199951
90297,0.9552965760231018
17894,0.9413155913352966
89326,0.9846270680427551
14532,0.9355486035346985
29304,0.9493586421012878
60991,0.9557053446769714
26862,0.9676713943481445
36231,0.9377137422561646
68918,0.9575964212417603
87020,0.9499700665473938
68071,0.8522868752479553
74517,0.9463897943496704
68399,0.9634556770324707
4125,0.9411909580230713
87538,0.9532428979873657
90505,0.9539305567741394
26154,0.9464534521102905
94063,0.9549438953399658
4801,0.9492891430854797
79421,0.9520037770271301
22506,0.9503688216209412
90383,0.9536752700805664
31996,0.9452065825462341
94098,0.9437459707260132
23918,0.9378600120544434
14872,0.9821009039878845
52194,0.942355751991272
79112,0.9574405550956726
79767,0.9556902050971985
88807,0.9529995322227478
80213,0.9598272442817688
97386,0.9448389410972595
18855,0.9559208750724792
14420,0.9671710133552551
20050,0.9539098739624023
12401,0.9549063444137573
78505,0.9480165839195251
39219,0.9567971229553223
23939,0.9572499394416809
16295,0.959356427192688
38830,0.9642283320426941
63612,0.933104932308197
13290,0.9853003621101379
53494,0.9549539685249329
5746,0.949837327003479
30513,0.9562221765518188
96344,0.9684761166572571
76550,0.9638179540634155
15269,0.9578990936279297
47320,0.9677051305770874
51950,0.9565964937210083
9128,0.935543417930603
34285,0.9624767899513245
93842,0.9511408805847168
8487,0.9580737352371216
98151,0.9490486979484558
5934,0.9554148316383362
68794,0.9419757723808289
11126,0.9656738638877869
77657,0.9474099278450012
470,0.9586339592933655
29040,0.9592085480690002
92265,0.9446117877960205
29171,0.966480016708374
53105,0.9577949643135071
22797,0.971560537815094
100238,0.9328492879867554
76873,0.9436228275299072
51495,0.9556821584701538
60063,0.955075204372406
97666,0.9598335027694702
71208,0.9438561201095581
25864,0.9579184651374817
37431,0.955000638961792
52917,0.9515810012817383
97589,0.9621384739875793
33482,0.9615944623947144
20425,0.9437471628189087
66723,0.9495086669921875
38765,0.8885328769683838
34844,0.9466333985328674
23794,0.936612606048584
71459,0.9581681489944458
104091,0.9587212800979614
891,0.9547187685966492
72288,0.9545304179191589
42364,0.9479894638061523
30967,0.9367020726203918
16582,0.9537645578384399
42961,0.9509373307228088
22874,0.9273940324783325
64063,0.9515154957771301
89992,0.9637119174003601
37817,0.9378640651702881
21008,0.9636124968528748
65846,0.944248378276825
30491,0.9598194360733032
10225,0.949195921421051
946,0.9508493542671204
57835,0.9496554732322693
68530,0.9505239725112915
89954,0.938493013381958
55861,0.9430766105651855
26313,0.9591379165649414
79078,0.9637656211853027
45288,0.9559583067893982
41449,0.9540320038795471
105992,0.950287401676178
22657,0.9595161080360413
59879,0.9522080421447754
61469,0.9615832567214966
34052,0.9611549973487854
75633,0.9458910226821899
99091,0.961409330368042
25249,0.9609596729278564
89585,0.9531123042106628
25639,0.9447119832038879
47314,0.9487968683242798
27762,0.9668818712234497
52628,0.9657196402549744
84293,0.8890491127967834
68901,0.9567798972129822
90319,0.9516357183456421
55559,0.9383679628372192
16705,0.9536988139152527
79054,0.9537541270256042
8171,0.9359874725341797
59206,0.9531031847000122
52753,0.9520063996315002
99521,0.9544470310211182
59828,0.947519063949585
66975,0.9599639177322388
33055,0.946418821811676
11361,0.9534274935722351
10272,0.9529156684875488
15838,0.9613686800003052
52127,0.9626365303993225
17172,0.9539182186126709
61054,0.9508045315742493
92688,0.9483672380447388
25633,0.9600282907485962
13746,0.9796136617660522
49271,0.9495517611503601
74219,0.9537660479545593
95641,0.9499123096466064
31442,0.9522653222084045
61505,0.9490621089935303
4848,0.9474901556968689
35411,0.9352369904518127
41728,0.9524785280227661
11289,0.9406909942626953
54303,0.9670923948287964
87207,0.9627415537834167
50770,0.9871422052383423
19455,0.9482079744338989
79660,0.9459795355796814
45640,0.9657306671142578
19680,0.9464739561080933
80064,0.9539967775344849
45921,0.9432047009468079
102330,0.9764904975891113
104779,0.9588807225227356
41647,0.9594507217407227
62255,0.9437897205352783
69850,0.9554016590118408
59083,0.9630615711212158
29617,0.9550327062606812
68036,0.9488294720649719
34081,0.9653973579406738
7571,0.9534206986427307
27687,0.947356641292572
9248,0.9546630382537842
70304,0.9564290642738342
68494,0.9666146636009216
34488,0.9526236653327942
91948,0.9548783302307129
83596,0.9260351657867432
6539,0.9589652419090271
50333,0.9539021849632263
103218,0.9765384793281555
10795,0.9342691898345947
64519,0.9588979482650757
55023,0.958285927772522
79698,0.9571236968040466
12137,0.9612568616867065
26981,0.9607682824134827
16418,0.9481564164161682
19562,0.9564608335494995
54980,0.9562381505966187
8983,0.9805788397789001
44060,0.9539235234260559
40837,0.9575476050376892
50598,0.9432151913642883
96359,0.9690428972244263
106537,0.7774748802185059
25890,0.9392448663711548
82625,0.9553632140159607
6701,0.9447245597839355
8350,0.952256441116333
82763,0.9518890380859375
101464,0.9152417778968811
21356,0.95821613073349
39215,0.9548472166061401
67377,0.9457613229751587
28181,0.9613802433013916
41563,0.9535742402076721
26345,0.9651021361351013
16648,0.4329218864440918
31584,0.9397614002227783
1960,0.9486755728721619
9044,0.938805341720581
91655,0.9397885203361511
46682,0.9766358733177185
50998,0.966995894908905
67563,0.9583138823509216
21973,0.9537286162376404
66386,0.9571552276611328
67164,0.958997905254364
48558,0.9493661522865295
12620,0.9473870396614075
64680,0.9438915848731995
63616,0.9537004232406616
107035,0.8368375897407532
59071,0.9634295701980591
102880,0.9317240715026855
35126,0.9362753629684448
41487,0.9647702574729919
31091,0.943844735622406
59940,0.9571743607521057
46433,0.9631010293960571
31705,0.9664915204048157
80481,0.9537919759750366
12116,0.9511841535568237
35783,0.9615302085876465
2593,0.9508845210075378
47474,0.9708894491195679
52930,0.947160542011261
44350,0.9353711009025574
77265,0.9652023911476135
55073,0.9345963597297668
41302,0.9281718134880066
94253,0.957608699798584
21658,0.9514180421829224
38103,0.9625283479690552
73971,0.9509002566337585
39871,0.9633570909500122
78320,0.9403350949287415
11438,0.9582663178443909
59470,0.943527102470398
55759,0.9264736175537109
104592,0.9349390864372253
96295,0.9672397375106812
56214,0.9501293301582336
89317,0.9477207660675049
99372,0.9542334675788879
47947,0.9519236087799072
92170,0.93756502866745
1522,0.9383831024169922
49519,0.9518916606903076
83847,0.9462732076644897
25956,0.9554008841514587
54284,0.9592454433441162
75756,0.9535424113273621
46005,0.9448714256286621
95327,0.9456768035888672
67211,0.9539794921875
57848,0.9451575875282288
62669,0.9776414036750793
103424,0.9505020380020142
6568,0.9374757409095764
20985,0.9522592425346375
2606,0.9560757875442505
51468,0.9410892724990845
58979,0.9514144659042358
44348,0.9503944516181946
97129,0.9568720459938049
106323,0.9633293151855469
83866,0.9723146557807922
59690,0.9410290718078613
77224,0.954246461391449
55814,0.9482638239860535
423,0.9643090963363647
51386,0.9643954634666443
54584,0.9606927037239075
20650,0.9508217573165894
67619,0.952100932598114
80649,0.9276193380355835
98240,0.9499874711036682
51543,0.9567772746086121
3995,0.9529435634613037
68167,0.9620935320854187
6440,0.9477896094322205
42990,0.9555400609970093
27893,0.960090160369873
292,0.9313719272613525
60869,0.9596399068832397
83757,0.9517784714698792
71190,0.9583904147148132
43134,0.9496412873268127
26387,0.9490513801574707
41140,0.9489250183105469
41330,0.968610405921936
59444,0.9517183303833008
30220,0.9575642943382263
57850,0.9499505758285522
68720,0.9508962631225586
83784,0.9603649377822876
75058,0.9604402184486389
9990,0.9596915245056152
70601,0.9607837796211243
496,0.9652667045593262
4219,0.9669978618621826
20921,0.9534252285957336
63436,0.9704902172088623
102995,0.9662479162216187
46697,0.9676849246025085
105445,0.94659823179245
17416,0.9284945130348206
100999,0.9554159045219421
89296,0.9555535912513733
74224,0.9486027359962463
88876,0.9479544162750244
76981,0.9472605586051941
16408,0.9533814787864685
54241,0.9527338147163391
12554,0.9546369910240173
90727,0.9582486152648926
28056,0.9360356330871582
5562,0.7118028998374939
80195,0.9545935392379761
87069,0.9639925360679626
43216,0.9460141062736511
79579,0.9432931542396545
9937,0.9546903371810913
42856,0.9617329835891724
56247,0.9511706829071045
89203,0.9594491720199585
75302,0.9548041224479675
9324,0.9516858458518982
88477,0.9670111536979675
65720,0.9454788565635681
83822,0.9502518773078918
106308,0.9484225511550903
88320,0.9454336762428284
3472,0.961696445941925
43027,0.955369770526886
77392,0.9426549077033997
41026,0.9534514546394348
34970,0.9414359927177429
85811,0.9330063462257385
51037,0.9320233464241028
39911,0.9476317763328552
54621,0.9510263800621033
63702,0.9548644423484802
88917,0.9709404706954956
15936,0.9795235395431519
68562,0.9461116194725037
82320,0.9527456164360046
95565,0.966620922088623
98754,0.941825807094574
61204,0.8147931694984436
94434,0.9234377145767212
62405,0.9550948143005371
65452,0.9534000754356384
35549,0.9486528635025024
105446,0.9566614031791687
29245,0.9510790109634399
40566,0.9723180532455444
77668,0.9387261271476746
65167,0.9484246373176575
25913,0.9422059059143066
67005,0.9493229985237122
65537,0.9408114552497864
76894,0.9490197896957397
79304,0.9597578644752502
47879,0.9638537168502808
71762,0.9530593156814575
94313,0.9497536420822144
23432,0.9301276206970215
96020,0.9523081183433533
95380,0.9831060767173767
76613,0.9502526521682739
90665,0.9484567642211914
77768,0.9681973457336426
83357,0.9514795541763306
70714,0.9656493067741394
89872,0.956488311290741
41797,0.942140519618988
13868,0.9540150761604309
106550,0.9423625469207764
39844,0.951259434223175
42075,0.9656975269317627
62095,0.9498835802078247
70425,0.9478745460510254
78138,0.9588035941123962
25349,0.9104720950126648
86030,0.9516317248344421
11281,0.9652340412139893
92556,0.9654992818832397
32183,0.9257572889328003
95511,0.9643378257751465
14000,0.9510678648948669
8192,0.9579328894615173
46625,0.9372183084487915
80759,0.9721349477767944
53529,0.9448492527008057
39661,0.9419530630111694
18735,0.9414640069007874
43096,0.962213933467865
35406,0.9579644203186035
19563,0.9710856676101685
44955,0.9597800374031067
51195,0.9421815872192383
104716,0.8583444356918335
78032,0.9531149864196777
54763,0.899372398853302
54472,0.9524735808372498
63165,0.9419993758201599
59237,0.9486441612243652
80008,0.9619714021682739
41274,0.9636461138725281
69397,0.9528210759162903
58538,0.9447736144065857
12556,0.9608802795410156
22194,0.9527795910835266
13877,0.9674596190452576
28486,0.9391288757324219
40470,0.9471874237060547
3803,0.9593102335929871
27605,0.9601652026176453
12596,0.9549416899681091
51958,0.9659075736999512
100371,0.9251567125320435
35292,0.942901074886322
106651,0.9594424962997437
67973,0.9600142240524292
24261,0.9579375982284546
42465,0.9399189352989197
13861,0.9463229775428772
15827,0.9442054033279419
96979,0.9477574825286865
21464,0.9502589106559753
33217,0.9514982104301453
31921,0.9537889361381531
87306,0.9519627094268799
82440,0.9449679255485535
100467,0.9498658180236816
101153,0.9479862451553345
59418,0.9550749063491821
34456,0.9705432057380676
78306,0.9493625164031982
60321,0.9569917917251587
106857,0.9601020216941833
35073,0.950128972530365
61217,0.9463471174240112
40071,0.957521915435791
82248,0.9566940069198608
74965,0.9493468403816223
71583,0.9578455090522766
83997,0.9542220234870911
80322,0.9550392031669617
1386,0.9484636187553406
30888,0.962130069732666
46174,0.9609096646308899
68484,0.9605677127838135
17329,0.944898784160614
93726,0.9730275869369507
14464,0.9579889178276062
67944,0.9677731394767761
95240,0.9718247056007385
43653,0.9099559187889099
74712,0.9770150184631348
89456,0.9484063982963562
8122,0.9679163694381714
80123,0.9547352194786072
100955,0.9595782160758972
19190,0.9454287886619568
17483,0.9599512815475464
21509,0.9609097838401794
67611,0.9556466341018677
91018,0.959201991558075
11502,0.8686250448226929
41634,0.9520605206489563
58647,0.9776477813720703
397,0.9536861181259155
94236,0.9644412994384766
34471,0.9557101130485535
95449,0.956360936164856
45263,0.9539425373077393
1312,0.956041693687439
1701,0.954017698764801
10211,0.9501447081565857
19877,0.9206186532974243
10820,0.9543664455413818
48605,0.9546392560005188
105197,0.9696877598762512
101055,0.939525306224823
72026,0.952019453048706
40241,0.954948902130127
21775,0.9694550037384033
2675,0.9657149910926819
44002,0.9405114650726318
42988,0.9548032283782959
1719,0.953080415725708
44005,0.9664665460586548
293,0.9519649744033813
67526,0.9503178000450134
20436,0.9484518766403198
47583,0.9548070430755615
54329,0.9535915851593018
44312,0.9603397250175476
46747,0.9439356327056885
42297,0.9617480635643005
36740,0.9628804922103882
15115,0.9379645586013794
54215,0.9631029963493347
50632,0.9564588665962219
67796,0.9452844262123108
24974,0.9536369442939758
17987,0.9526322484016418
57932,0.9632989764213562
58445,0.9412356019020081
71758,0.9479141235351562
27568,0.9508597254753113
77343,0.9513415098190308
74960,0.9563726782798767
71199,0.9526070356369019
63696,0.9531450867652893
7032,0.9450367093086243
23824,0.9482952952384949
30498,0.9579339027404785
71626,0.9538936018943787
45937,0.9421914219856262
58185,0.9569540023803711
63250,0.9529355764389038
93821,0.9547093510627747
75253,0.9599966406822205
105476,0.9515806436538696
94786,0.9422428607940674
64336,0.9570863246917725
71947,0.9318816065788269
92182,0.9127193093299866
20086,0.77712082862854
76618,0.9618956446647644
14910,0.9439843893051147
37519,0.957544207572937
18587,0.9601622223854065
72152,0.9448347687721252
104014,0.9601786136627197
40614,0.934207022190094
88400,0.9406407475471497
31994,0.9410152435302734
87528,0.9644072651863098
63934,0.9614925384521484
49409,0.9480304718017578
774,0.9868350625038147
32495,0.9649786949157715
88382,0.9625930786132812
15155,0.9477972984313965
93745,0.9547125101089478
27703,0.9519397020339966
75787,0.956572949886322
90254,0.9450728893280029
13614,0.9417811632156372
28304,0.9497916102409363
41678,0.952471911907196
98764,0.9541842937469482
82284,0.9689313173294067
31660,0.9644174575805664
67449,0.9592339992523193
32695,0.962759792804718
73704,0.9049160480499268
13185,0.9500548243522644
41481,0.9466280341148376
71990,0.9375314116477966
64342,0.9551479816436768
52716,0.9427228569984436
23590,0.9595946073532104
19738,0.9526588320732117
81722,0.9536453485488892
43441,0.9531733393669128
56076,0.9441578388214111
36062,0.94957035779953
93470,0.9503235816955566
57631,0.9693678617477417
104065,0.955947756767273
542,0.9569374918937683
22750,0.9493448138237
65825,0.9626904129981995
63929,0.9544534087181091
71150,0.9590691924095154
82911,0.9460157155990601
65991,0.9547670483589172
17471,0.9556789994239807
96142,0.9576547145843506
20569,0.9715065956115723
38497,0.9692949652671814
2685,0.9581831693649292
38408,0.9725544452667236
100635,0.9543084502220154
29619,0.9526368975639343
63490,0.9460682272911072
83339,0.9348558187484741
36539,0.9449832439422607
79339,0.9779285788536072
72290,0.9541423916816711
3220,0.9607675075531006
81270,0.9572843313217163
35843,0.957624614238739
44327,0.9459266662597656
30665,0.9692948460578918
1548,0.9630486369132996
75171,0.9599687457084656
99712,0.9918922185897827
33884,0.954404890537262
65379,0.9518734216690063
62016,0.9653295874595642
35402,0.9433926939964294
42879,0.9617754220962524
74818,0.9547461867332458
12495,0.9502297043800354
20003,0.9584198594093323
22125,0.8213473558425903
70889,0.9610329866409302
2024,0.9663150310516357
95385,0.9407325387001038
80643,0.954711377620697
86163,0.9537612795829773
67694,0.9542412757873535
26798,0.9559677839279175
81103,0.9594365358352661
19085,0.961279571056366
4898,0.9735668301582336
6355,0.9539380669593811
14518,0.9516847133636475
14647,0.9580650925636292
42001,0.9479404091835022
77785,0.9580342173576355
35657,0.9501897692680359
56488,0.9551863670349121
21443,0.9609956741333008
84978,0.9726094007492065
89651,0.9523555040359497
79791,0.9533898830413818
97990,0.9557600021362305
71970,0.9415034055709839
92259,0.9203493595123291
63637,0.9446417093276978
85746,0.9540227055549622
72226,0.9255735278129578
8706,0.9271888732910156
53923,0.9268245100975037
21760,0.9700663685798645
52327,0.7811247706413269
13615,0.9397696852684021
3156,0.960329532623291
17888,0.9394084215164185
27794,0.9531478881835938
17951,0.9727775454521179
106260,0.9745146036148071
86128,0.9407248497009277
78519,0.9544702172279358
103081,0.7030704617500305
8118,0.9740177392959595
83982,0.9675433039665222
29893,0.9436731338500977
49405,0.94278484582901
52266,0.9504390954971313
36470,0.9678565263748169
1846,0.9595451951026917
3349,0.9719021320343018
93690,0.962595522403717
50314,0.95001220703125
186,0.9432719349861145
65432,0.9554122090339661
37728,0.9520004391670227
19567,0.9589220881462097
30657,0.9508678913116455
82531,0.9478403329849243
22826,0.6713103652000427
22919,0.9603031277656555
87442,0.9596387147903442
104588,0.9469776153564453
64949,0.9582899808883667
63321,0.9527994394302368
44202,0.9558768272399902
85518,0.9636017680168152
70363,0.9474916458129883
38760,0.9505465030670166
99477,0.9498292803764343
41258,0.9514750838279724
88460,0.9415474534034729
49151,0.9524990916252136
96318,0.962374210357666
15268,0.9674477577209473
39971,0.9516579508781433
68688,0.913591206073761
106285,0.9582781791687012
3186,0.8787913918495178
39622,0.9612473845481873
77353,0.9480039477348328
88812,0.9606462717056274
6527,0.9450172185897827
59187,0.9304627180099487
61590,0.9379278421401978
56408,0.9389632940292358
94523,0.9378899931907654
35641,0.9697933793067932
74177,0.9449360370635986
103345,0.9348806142807007
43538,0.9653578400611877
28070,0.9364148378372192
18799,0.952201783657074
49071,0.9363994598388672
95746,0.9577085971832275
32734,0.9584944248199463
94400,0.951406717300415
85387,0.9457033276557922
73483,0.9632174968719482
14503,0.9448264837265015
49355,0.9486575722694397
104699,0.9433736801147461
34977,0.969054639339447
105745,0.7928447127342224
46195,0.9345118999481201
21807,0.9620553851127625
38567,0.9507781267166138
22107,0.9569310545921326
29812,0.9574588537216187
11423,0.9506661891937256
17429,0.9628095030784607
33210,0.9535014033317566
24307,0.9617262482643127
25930,0.9494738578796387
83021,0.9637220501899719
102384,0.9457380175590515
16069,0.9647307395935059
89177,0.9352878332138062
14322,0.96866375207901
47929,0.9673457145690918
95274,0.9672442674636841
91895,0.9447020888328552
30333,0.946338415145874
63018,0.9582704901695251
13130,0.944972813129425
48136,0.9564608335494995
65112,0.9517422914505005
96303,0.9550251960754395
32221,0.9552103877067566
9939,0.9548178911209106
58276,0.9551291465759277
95046,0.9421218633651733
95608,0.9659721255302429
5449,0.946911633014679
60819,0.9497992396354675
106929,0.9552019238471985
70887,0.9500468969345093
107168,0.9649556875228882
1665,0.9498660564422607
62485,0.9525036215782166
26165,0.9640172123908997
54830,0.9450119137763977
98131,0.9365163445472717
11417,0.9366125464439392
54957,0.9620128870010376
16542,0.839758574962616
46696,0.9452014565467834
23398,0.9740943312644958
82966,0.9454692602157593
98212,0.9489970207214355
47665,0.9488865733146667
71236,0.9423890113830566
23789,0.9391822814941406
52331,0.9691897630691528
42,0.9555155634880066
44162,0.962716817855835
89991,0.9567713737487793
86732,0.9614436030387878
97084,0.9521427154541016
96648,0.9699716567993164
43358,0.9582570195198059
33225,0.94951993227005
100947,0.9263456463813782
30048,0.9565479755401611
13538,0.9710500240325928
61920,0.9259112477302551
90739,0.9586315751075745
33099,0.9649676084518433
5687,0.9551888704299927
37971,0.9617612957954407
104107,0.9494922161102295
15261,0.9284650087356567
79583,0.9702394604682922
12417,0.9607446193695068
42928,0.9462036490440369
81291,0.9743720889091492
44398,0.9439857006072998
64245,0.9748178720474243
62296,0.9560919404029846
89490,0.9668756127357483
27804,0.9520114660263062
86896,0.9567705392837524
31142,0.9589200615882874
100499,0.9709126949310303
41462,0.960127592086792
11490,0.9565793871879578
41182,0.9622713327407837
88788,0.9557927846908569
85936,0.9579408168792725
25717,0.9441701173782349
39604,0.9500758051872253
2113,0.9479997158050537
19841,0.9522054195404053
85276,0.9646666646003723
38085,0.9511937499046326
33856,0.9498780965805054
16285,0.7940921187400818
102958,0.9560052752494812
32690,0.96648770570755
65286,0.9685276746749878
87828,0.9474201798439026
72944,0.9484190344810486
47478,0.9566675424575806
94238,0.9556486010551453
25276,0.9596141576766968
51125,0.9581938982009888
59341,0.9309333562850952
37015,0.972801685333252
48326,0.956559419631958
55339,0.9668470025062561
54809,0.9815282821655273
95448,0.9557755589485168
92455,0.9628902077674866
41479,0.9640265107154846
50990,0.9568395018577576
97606,0.9431872367858887
64386,0.9598413109779358
59016,0.8085435628890991
34793,0.9572802782058716
35103,0.9516914486885071
62419,0.9599682688713074
44749,0.9629492163658142
51217,0.9580739140510559
76088,0.9534333348274231
50731,0.9539158344268799
21634,0.9505591988563538
99187,0.9592382907867432
74983,0.9604358673095703
74636,0.6368485689163208
70918,0.9600925445556641
48025,0.9552783966064453
1202,0.9500453472137451
29773,0.9668852090835571
104392,0.9472737312316895
36134,0.9680391550064087
56611,0.942493200302124
98347,0.96066814661026
76408,0.9735469222068787
43641,0.9639551639556885
75570,0.8982464671134949
7090,0.9524816870689392
82189,0.9462383389472961
48190,0.9478000998497009
4985,0.9614774584770203
1702,0.9575859308242798
97091,0.9532662034034729
67132,0.9382079243659973
52003,0.9573841094970703
60130,0.9378747940063477
52734,0.9584122896194458
54975,0.9582322835922241
79908,0.940667986869812
75883,0.9596453905105591
7708,0.9569656848907471
20788,0.8844829797744751
29713,0.952029287815094
2168,0.9413285255432129
19624,0.9584053754806519
15339,0.9419610500335693
63973,0.9652712941169739
104124,0.9313982129096985
82919,0.945889949798584
57759,0.9661327600479126
30517,0.9436101317405701
67562,0.9656617641448975
60871,0.9355260133743286
73670,0.9409531950950623
12046,0.9545193314552307
29703,0.9546870589256287
57997,0.8879356980323792
104071,0.9416977763175964
23798,0.9619632363319397
63304,0.9647706151008606
29328,0.9689325094223022
54042,0.9565955400466919
43085,0.950772762298584
41458,0.9613107442855835
65632,0.9495289921760559
61938,0.9739452600479126
43481,0.9483802318572998
23810,0.9483345746994019
74207,0.9779826402664185
40078,0.9378648996353149
67888,0.9663844108581543
54635,0.9366504549980164
37281,0.9328240752220154
92696,0.9344120025634766
40103,0.943139910697937
12388,0.9523312449455261
65827,0.920479953289032
13632,0.9727386236190796
55474,0.951106607913971
5448,0.9622645974159241
39340,0.9608740210533142
1321,0.9634501338005066
53096,0.9594328999519348
93846,0.963196873664856
84889,0.9513067007064819
53938,0.9455686807632446
104973,0.9823657870292664
74968,0.9202320575714111
26581,0.948083758354187
84369,0.9532521963119507
51684,0.9790711402893066
24583,0.9548166990280151
93592,0.9608423113822937
80678,0.9491204023361206
34799,0.9560750126838684
50595,0.945021390914917
107043,0.5324301719665527
81783,0.9614487886428833
8163,0.9390533566474915
65011,0.9786854982376099
88170,0.9550480246543884
18337,0.9651656746864319
72949,0.9379206895828247
70736,0.9494652152061462
96312,0.8683827519416809
83629,0.9272677898406982
85060,0.9554269909858704
65661,0.9407396912574768
66651,0.9395740032196045
74786,0.9568659067153931
57298,0.9429935812950134
42230,0.9459387063980103
20537,0.9547693133354187
97674,0.974321722984314
65960,0.9490616917610168
55108,0.929131805896759
49101,0.9645971059799194
19384,0.9531681537628174
29553,0.9633861780166626
40469,0.95393306016922
63625,0.9644942879676819
32081,0.944857120513916
37229,0.9302602410316467
92189,0.9471455812454224
14893,0.9411725401878357
44609,0.9299853444099426
63754,0.9475607872009277
56244,0.9479449987411499
13791,0.9494397640228271
97514,0.9650896787643433
62715,0.9578492641448975
80723,0.9610090851783752
31649,0.949343204498291
35868,0.9490371942520142
26020,0.9723878502845764
94291,0.9609620571136475
63036,0.9568317532539368
71036,0.948986828327179
49693,0.9498291611671448
7862,0.9607862234115601
106251,0.9497087001800537
6411,0.9301304817199707
2227,0.9459189772605896
12739,0.9592077136039734
13897,0.962108850479126
51843,0.9543466567993164
68337,0.9528184533119202
62399,0.9573652148246765
83642,0.9260441660881042
62576,0.948295533657074
76355,0.9660719037055969
88532,0.9732509851455688
870,0.9600830078125
26067,0.9352415800094604
45412,0.9722381830215454
93632,0.9573844075202942
34710,0.9497953653335571
49010,0.9448362588882446
20800,0.3367491364479065
91234,0.9458701014518738
106720,0.9349105954170227
39399,0.9377282857894897
30906,0.9687486886978149
55880,0.9489032030105591
86772,0.9610370397567749
50257,0.9477760195732117
89524,0.9670659899711609
53238,0.9744214415550232
8234,0.9610829949378967
106696,0.9542785882949829
29446,0.9619038701057434
23987,0.954319179058075
64819,0.9453048706054688
35094,0.956350564956665
45865,0.9515199065208435
8562,0.9727866649627686
75593,0.9435639381408691
8341,0.9703902006149292
59981,0.9629903435707092
87038,0.9484758973121643
60298,0.9485064148902893
660,0.966609537601471
6334,0.950185239315033
40173,0.9571902751922607
60604,0.9610873460769653
77550,0.9289531111717224
34391,0.9851626753807068
65498,0.9529575705528259
12883,0.8928645253181458
28396,0.9581970572471619
20072,0.9411054253578186
29955,0.9648035764694214
93410,0.9448637366294861
19195,0.9721169471740723
86600,0.9553775191307068
11096,0.9682363271713257
100641,0.9528831839561462
2876,0.9665643572807312
98508,0.9636846780776978
8183,0.9400573968887329
61746,0.9521464109420776
65016,0.9639424681663513
98667,0.8779499530792236
26907,0.9594908952713013
118,0.9494003057479858
17226,0.937629759311676
101387,0.9617288708686829
2477,0.9675899147987366
42711,0.9528485536575317
45007,0.9539492726325989
16318,0.5604557394981384
86150,0.9530172944068909
8105,0.9388899207115173
29329,0.9378263354301453
24199,0.9403918981552124
28490,0.9659872055053711
15922,0.9543035626411438
59384,0.9381446242332458
11373,0.9681389331817627
101542,0.9564818739891052
106469,0.9509393572807312
90450,0.976340115070343
57117,0.9647191166877747
46768,0.9547376036643982
101203,0.9346598982810974
73606,0.9527674913406372
107050,0.9485819339752197
92108,0.9401082992553711
20429,0.9553142786026001
91152,0.9493787288665771
78479,0.9440180063247681
104962,0.9479897618293762
65927,0.9535616040229797
29567,0.9463522434234619
3521,0.9660604596138
77782,0.9712041616439819
74900,0.9627037644386292
20583,0.9627715349197388
51369,0.8645007610321045
33036,0.9513134956359863
1020,0.9379050731658936
81918,0.9599897265434265
71786,0.9471152424812317
29021,0.9622781872749329
42473,0.9632498621940613
76563,0.9541246891021729
76009,0.9595091938972473
75090,0.962163507938385
91847,0.8939336538314819
78056,0.9562501907348633
22275,0.9454478621482849
64351,0.9576591849327087
101193,0.9478827714920044
49286,0.9458528161048889
89043,0.9593144059181213
41575,0.9509401321411133
105212,0.9315789937973022
796,0.9548284411430359
89918,0.9698530435562134
26836,0.97510826587677
15916,0.9488259553909302
66393,0.9510387778282166
74777,0.9516797661781311
215,0.9615313410758972
70103,0.9350774884223938
106169,0.9756591320037842
81879,0.9450738430023193
25104,0.937650740146637
37041,0.9515008926391602
91290,0.9621772766113281
7967,0.9516919851303101
61699,0.9532420039176941
11430,0.8848162889480591
99907,0.9514307379722595
15587,0.9583696722984314
17770,0.9588306546211243
51183,0.9666962027549744
10924,0.9667567014694214
5241,0.9575962424278259
79879,0.9515059590339661
57849,0.9510971307754517
10135,0.9627829790115356
28930,0.9624900221824646
84980,0.9598712921142578
35035,0.9290890097618103
1544,0.9306864142417908
57299,0.9567680954933167
53790,0.9501184225082397
27413,0.9362401962280273
38165,0.9476524591445923
48208,0.9314514398574829
56627,0.9619767069816589
65033,0.9559026956558228
62849,0.9535971283912659
53653,0.955450713634491
49325,0.9508212208747864
72723,0.944892168045044
90690,0.9485812187194824
106400,0.9493663907051086
33103,0.9524417519569397
25088,0.9876312613487244
101515,0.9213290810585022
97145,0.9570116400718689
55520,0.950664758682251
77374,0.9451401233673096
30393,0.5663062334060669
51247,0.9459291100502014
102444,0.9556723237037659
73823,0.8435884118080139
77961,0.968901515007019
92334,0.9579374194145203
20875,0.962164580821991
8968,0.9519256949424744
46253,0.9537053108215332
65138,0.7348598837852478
103803,0.9429717659950256
48240,0.9528263807296753
37216,0.9608349800109863
37070,0.8540539741516113
100791,0.9478362798690796
65296,0.95135897397995
55217,0.9536935091018677
61439,0.9619292616844177
28910,0.9436823129653931
68977,0.9584308862686157
73799,0.9430736303329468
87205,0.9555408358573914
24133,0.9640178084373474
5545,0.9308701753616333
54239,0.9810282588005066
58376,0.9500422477722168
102502,0.9429680705070496
4217,0.9218662977218628
24943,0.9642319679260254
76677,0.9541693925857544
30672,0.9505414366722107
103813,0.9508745074272156
19301,0.9664199352264404
66545,0.971155047416687
6418,0.9591670036315918
105393,0.9721170663833618
26256,0.9442496299743652
73036,0.9534567594528198
90905,0.9696243405342102
53703,0.9695499539375305
19896,0.9496094584465027
38549,0.9602330923080444
50747,0.9670151472091675
7384,0.9557992219924927
38634,0.9486415982246399
2243,0.9630258679389954
34358,0.9522977471351624
9905,0.9507586359977722
2600,0.938965916633606
30934,0.9486673474311829
11956,0.9694408178329468
65971,0.9556573033332825
41054,0.9667834639549255
86656,0.9432578682899475
96579,0.942820131778717
468,0.9706856608390808
95086,0.9462196230888367
36410,0.9586865305900574
61026,0.9316403269767761
49759,0.9429364800453186
18786,0.9733600616455078
81012,0.9504895210266113
19445,0.9680818319320679
50756,0.9580485820770264
85673,0.9497299194335938
66960,0.9494563341140747
31365,0.9387755393981934
37640,0.9663023352622986
101325,0.9523618817329407
104267,0.944657027721405
64787,0.9437833428382874
54097,0.9603955745697021
90089,0.9431456327438354
79611,0.9499807953834534
3872,0.9505287408828735
90845,0.9345948100090027
75838,0.9435368776321411
16157,0.9359031915664673
21349,0.9583975076675415
34130,0.9453737735748291
83045,0.9434694051742554
83033,0.9584060311317444
18190,0.9611164331436157
98007,0.9485480785369873
95308,0.9693295359611511
7197,0.9597503542900085
79403,0.9561273455619812
7653,0.954757034778595
59611,0.9658520817756653
93070,0.9537097811698914
33837,0.9551189541816711
86990,0.8338735699653625
38486,0.9562531113624573
49647,0.9705457091331482
49217,0.9499506950378418
89090,0.9439868330955505
6634,0.9512253403663635
106711,0.9435942769050598
98643,0.9588266015052795
64122,0.4699063301086426
95757,0.9504964351654053
52941,0.9404683709144592
73928,0.9599303007125854
96735,0.9798215627670288
76375,0.9518122673034668
26187,0.9342172145843506
61250,0.9564666748046875
101730,0.9552008509635925
96681,0.9502256512641907
81672,0.9427703022956848
941,0.9550487995147705
73571,0.9651620984077454
102835,0.9467710256576538
84015,0.9470764994621277
15822,0.9519178867340088
26528,0.9548483490943909
34458,0.9473201632499695
22406,0.9633443355560303
77570,0.9331467151641846
60677,0.928969144821167
16163,0.9307781457901001
58610,0.9581248164176941
87762,0.9547079205513
48705,0.9467660784721375
78339,0.919697642326355
27015,0.9409623742103577
63869,0.957736611366272
32867,0.964918315410614
18094,0.9568741917610168
31953,0.9607870578765869
3489,0.9369453191757202
8990,0.9483509659767151
89863,0.9670220613479614
18547,0.961682915687561
75256,0.953186571598053
93963,0.9816182255744934
71978,0.931840181350708
30679,0.9563512206077576
102609,0.9651172161102295
83019,0.9531607627868652
48135,0.9527538418769836
61409,0.9233094453811646
58564,0.966277003288269
3946,0.9504764676094055
106020,0.9532591700553894
3723,0.9534680247306824
22108,0.9745944142341614
4674,0.966421902179718
4358,0.9550894498825073
31186,0.9521982073783875
136,0.966620683670044
46915,0.964053213596344
95526,0.9585451483726501
12145,0.939957320690155
18631,0.9380254745483398
95178,0.9192525744438171
6569,0.9556330442428589
74472,0.9585870504379272
53618,0.9511455297470093
82117,0.957050621509552
33139,0.9523251056671143
101127,0.9407640695571899
78109,0.9560927748680115
71560,0.9545354247093201
4873,0.6318888068199158
38063,0.9630988240242004
1060,0.9656761884689331
45447,0.9766556620597839
14151,0.9402795433998108
79580,0.9483210444450378
37219,0.9603895545005798
84736,0.963519275188446
15780,0.9452314972877502
82921,0.9409810304641724
40348,0.948085367679596
74895,0.9585741758346558
93609,0.9549003839492798
60230,0.9365087747573853
65745,0.9586952924728394
16278,0.9540895223617554
66171,0.9392518997192383
76515,0.9295929670333862
87170,0.9557453989982605
104704,0.9530373215675354
95572,0.9608060121536255
41881,0.9119783043861389
30757,0.9612846374511719
83846,0.9435250759124756
72285,0.9717185497283936
29064,0.9494284987449646
5381,0.9669088125228882
83070,0.9435957670211792
7175,0.9655892848968506
49176,0.9786252379417419
51188,0.9607702493667603
60730,0.9411540627479553
89396,0.9630361199378967
50581,0.9528448581695557
9406,0.9464766979217529
16599,0.90401691198349
69783,0.9460166692733765
27796,0.964205801486969
592,0.9546067714691162
18133,0.9415132403373718
105112,0.9341915845870972
51799,0.9504239559173584
75583,0.9686393141746521
22160,0.9732591509819031
28229,0.9396354556083679
59965,0.9577863812446594
25798,0.9657548069953918
1799,0.9531134366989136
37007,0.9601413607597351
99962,0.9527741074562073
106489,0.9587266445159912
39063,0.9554616212844849
46435,0.9584131836891174
45589,0.9635001420974731
6956,0.9481707811355591
106021,0.953486442565918
92285,0.9502390623092651
40437,0.9507745504379272
7039,0.9681493043899536
94842,0.9460281133651733
105806,0.9700654745101929
19957,0.9571160078048706
91743,0.9656815528869629
71819,0.9620072245597839
71859,0.970035970211029
77846,0.9505811929702759
75254,0.9504432082176208
86699,0.941061794757843
41680,0.9437156319618225
40684,0.9474242329597473
102752,0.9644208550453186
59996,0.9475942254066467
75002,0.9708252549171448
83944,0.9263597130775452
71542,0.9483590722084045
102795,0.96401447057724
13533,0.9546855688095093
86443,0.9461846351623535
72601,0.9494045376777649
48252,0.9575165510177612
59918,0.9740100502967834
70105,0.6486273407936096
36420,0.9544588327407837
72545,0.9608684182167053
66628,0.9517279267311096
87076,0.9656634330749512
56017,0.9530550837516785
36830,0.9396804571151733
61259,0.9544315934181213
106785,0.9475552439689636
102001,0.9489426016807556
41694,0.9387412667274475
59274,0.8493034839630127
69342,0.9608109593391418
52666,0.9580234885215759
78739,0.9482375383377075
103615,0.9393280148506165
96522,0.955486536026001
33713,0.830224335193634
94194,0.964982271194458
56624,0.946075975894928
14026,0.9486263394355774
37800,0.9546654224395752
101163,0.9587595462799072
50282,0.9587535262107849
24359,0.9585155844688416
37213,0.9511328935623169
27574,0.9554231762886047
18777,0.9558420181274414
32485,0.968491792678833
95455,0.9544277787208557
56526,0.9555567502975464
9732,0.9391317963600159
63133,0.9537279605865479
6017,0.9372401833534241
56227,0.9515201449394226
81330,0.9391419887542725
14674,0.9465456008911133
83842,0.950947105884552
59121,0.9623721241950989
4795,0.9607581496238708
8699,0.871483564376831
62846,0.9462895393371582
3664,0.956182062625885
79101,0.9498711824417114
97114,0.9533703923225403
61736,0.9482571482658386
71338,0.9378503561019897
75649,0.9562051296234131
47207,0.9596509337425232
69617,0.9327772855758667
92019,0.9569258093833923
33803,0.9489380717277527
102709,0.9718073606491089
60644,0.9523220658302307
35921,0.9438303112983704
53503,0.962998628616333
39017,0.9530835747718811
21033,0.937791645526886
7356,0.9553837180137634
63010,0.952991783618927
105483,0.912846565246582
48414,0.9689474105834961
34491,0.9519118666648865
98515,0.9659361839294434
44473,0.9493136405944824
16918,0.951044499874115
5705,0.9524895548820496
50265,0.9571146965026855
69220,0.9499993324279785
54833,0.888045072555542
28549,0.9536609649658203
106607,0.9528807997703552
82444,0.9381041526794434
61201,0.9553306102752686
33681,0.9334465861320496
10979,0.9633380174636841
17203,0.9537392854690552
75276,0.954021155834198
46716,0.9597989320755005
27002,0.9669932126998901
875,0.9258008003234863
73244,0.9477567076683044
42973,0.9692952632904053
87462,0.9562872052192688
79246,0.9455891847610474
80060,0.9577330946922302
83791,0.9475855231285095
95066,0.9512238502502441
65369,0.9615960121154785
17234,0.9671558737754822
33597,0.9614354372024536
57641,0.9488290548324585
79712,0.9542744755744934
90671,0.9509546756744385
68092,0.9545361995697021
87841,0.9577890634536743
26092,0.9527382850646973
19324,0.9550432562828064
64133,0.9508851766586304
64722,0.9553728103637695
67293,0.9583125710487366
13110,0.8631920218467712
15704,0.8896769881248474
90272,0.9756883978843689
16320,0.9622820615768433
51605,0.9684015512466431
57816,0.9480104446411133
10303,0.9618387222290039
81915,0.9539923071861267
22954,0.9657756090164185
20905,0.961238443851471
94219,0.9613791704177856
59383,0.9539436101913452
55882,0.955879271030426
105848,0.960049033164978
76012,0.9534083008766174
28343,0.9311805367469788
12621,0.9707993268966675
20544,0.9502650499343872
68058,0.9446683526039124
45481,0.938188910484314
43866,0.9659407138824463
43638,0.960884690284729
78798,0.9300380349159241
51931,0.9503698945045471
81788,0.9449692368507385
39806,0.9483449459075928
104308,0.9569622874259949
23191,0.9483348727226257
58799,0.9573292136192322
74274,0.9545091390609741
97712,0.9509528279304504
62011,0.9390164613723755
97060,0.9358639121055603
6430,0.9532177448272705
42197,0.9161192178726196
33642,0.9501276612281799
34385,0.9424130320549011
56499,0.9708885550498962
103727,0.9599944353103638
22082,0.9574798345565796
5577,0.9543874859809875
18877,0.9565423130989075
72302,0.9412621259689331
48798,0.96881502866745
95670,0.9752654433250427
12360,0.9366869926452637
99919,0.9528259038925171
57548,0.9649462699890137
8498,0.9727133512496948
55369,0.9271100759506226
64135,0.7720206379890442
96186,0.9352703094482422
88968,0.9765719175338745
16581,0.9540715217590332
69477,0.9347148537635803
60073,0.9597843289375305
78470,0.9532015323638916
73934,0.9548114538192749
48728,0.954698383808136
12948,0.9594311714172363
35801,0.9703817963600159
11714,0.963430643081665
79286,0.9599649906158447
61682,0.9315527081489563
67216,0.9491071105003357
28124,0.898334801197052
47487,0.9492264986038208
89951,0.9659399390220642
39746,0.9545107483863831
51772,0.9537662863731384
74373,0.9385127425193787
91542,0.9298659563064575
11693,0.9646057486534119
58395,0.8781083822250366
10213,0.9375174641609192
87308,0.9519879221916199
52212,0.943743884563446
21565,0.9611008167266846
38272,0.946357250213623
45624,0.9531226754188538
63049,0.9546392560005188
86283,0.956891655921936
61244,0.9606218338012695
84701,0.9560715556144714
94243,0.9458016753196716
79039,0.9494701623916626
54726,0.9522271752357483
52867,0.9438275694847107
7832,0.9678733944892883
48004,0.9549425840377808
52691,0.941399097442627
94319,0.9598474502563477
14013,0.9367201328277588
66372,0.9513083100318909
22294,0.8649380803108215
14732,0.9512364268302917
105955,0.9521966576576233
57702,0.9519265294075012
89178,0.9577078223228455
31050,0.9419031143188477
40074,0.9095876812934875
23085,0.9610065817832947
8847,0.9629375338554382
43142,0.9538131356239319
24141,0.9540671706199646
75344,0.9466286897659302
44956,0.9536970853805542
100259,0.9384728670120239
15289,0.9587023258209229
40766,0.9259876012802124
75727,0.9550619721412659
16710,0.9522423148155212
3858,0.9298598766326904
51761,0.9641509652137756
57803,0.9695247411727905
18436,0.952102541923523
21616,0.9317436218261719
40997,0.9304869771003723
72876,0.9482735395431519
98668,0.9503055810928345
17562,0.9623051881790161
53942,0.9537616968154907
7798,0.9733570218086243
6728,0.9479292631149292
68182,0.94834965467453
32206,0.9483642578125
2446,0.9621108770370483
30812,0.9495866894721985
29775,0.9516004323959351
4146,0.9501152038574219
10519,0.9465148448944092
66933,0.960003674030304
94981,0.980360209941864
95320,0.9472713470458984
47430,0.9482650756835938
35069,0.9525728225708008
76488,0.9474616050720215
33904,0.9624776840209961
86619,0.9715223908424377
91955,0.9547204375267029
6389,0.9512057900428772
12914,0.9682195782661438
78123,0.953029453754425
59570,0.9426246285438538
10892,0.9426475167274475
31139,0.9493388533592224
47002,0.9619222283363342
15376,0.9642103910446167
84669,0.8102239370346069
28204,0.947809100151062
49096,0.9564975500106812
95324,0.9722469449043274
46589,0.9636750221252441
16484,0.9350543022155762
92516,0.9513994455337524
88724,0.9142183661460876
65849,0.9651594161987305
51527,0.965176522731781
60854,0.9615944623947144
11279,0.9485580325126648
67908,0.9680680632591248
82313,0.9385928511619568
79035,0.9495248794555664
91010,0.9395051002502441
27611,0.9520044326782227
7952,0.9834892749786377
19379,0.9543876051902771
66702,0.9541298747062683
2296,0.9463845491409302
28138,0.9511390328407288
551,0.9492866396903992
67795,0.9469177722930908
39137,0.954282283782959
25040,0.9625117182731628
47656,0.9350772500038147
53154,0.9426465630531311
73026,0.953660786151886
50163,0.952348530292511
17664,0.9638052582740784
81237,0.9557561874389648
43288,0.9556797742843628
101830,0.9620529413223267
68661,0.9506512880325317
100832,0.9612635970115662
4191,0.9470428228378296
62424,0.9506828784942627
40305,0.9379882216453552
54860,0.956229031085968
92588,0.9541672468185425
76669,0.96312016248703
46395,0.964148998260498
44253,0.9559807777404785
22443,0.9574330449104309
84100,0.9711458086967468
42951,0.9645437598228455
51210,0.9267189502716064
18367,0.9481936097145081
12437,0.9463556408882141
57121,0.9619823098182678
5477,0.9535807371139526
81334,0.9588058590888977
102259,0.9471805691719055
56973,0.9424332976341248
55634,0.9526090025901794
50796,0.9538666009902954
64854,0.9353488683700562
17212,0.9511945843696594
95586,0.9310574531555176
96608,0.955331563949585
8178,0.9249305725097656
69463,0.9640598893165588
25843,0.9492863416671753
89879,0.9555790424346924
64458,0.9486061930656433
1825,0.9497050642967224
104937,0.9536813497543335
76514,0.9472132921218872
67638,0.9222440123558044
32550,0.9533825516700745
2594,0.9531436562538147
104050,0.9540703296661377
15063,0.9583534598350525
7750,0.9535338282585144
78835,0.5634000301361084
62313,0.9507613182067871
79534,0.9566665291786194
10735,0.9490275382995605
66647,0.9777179956436157
80698,0.9663986563682556
106237,0.9622223377227783
14230,0.9495370388031006
24699,0.8858495354652405
20670,0.91390460729599
24398,0.9650161266326904
28813,0.9487707614898682
90926,0.9562583565711975
21442,0.9477574825286865
15503,0.9819499850273132
104158,0.7623880505561829
11944,0.9564131498336792
54953,0.9417558312416077
100285,0.9475961327552795
92129,0.9529699087142944
86569,0.9665889739990234
51849,0.9373465776443481
59984,0.9429713487625122
84169,0.9513251185417175
85915,0.9525842070579529
26350,0.9575669169425964
81869,0.9710469841957092
101771,0.9506349563598633
71107,0.9363967180252075
8127,0.9461014866828918
67433,0.9538253545761108
103885,0.9357413649559021
14634,0.9408517479896545
35211,0.9623410701751709
78895,0.9644794464111328
78807,0.9791231155395508
14540,0.9336658120155334
34698,0.9608955979347229
103779,0.9165899157524109
9813,0.9558232426643372
7716,0.9531603455543518
70272,0.9468229413032532
98794,0.7020830512046814
5378,0.9396308660507202
75584,0.9566289186477661
65199,0.9454074501991272
69468,0.9488508105278015
53908,0.951038122177124
97132,0.9532507061958313
84136,0.943789541721344
65196,0.958832859992981
101330,0.9534482359886169
45065,0.9444562196731567
101372,0.9504936933517456
40945,0.9532245993614197
36818,0.9446718096733093
16262,0.9021902084350586
71302,0.9566713571548462
56867,0.9582912921905518
31727,0.9437174201011658
22376,0.9458188414573669
93929,0.9652203917503357
18448,0.9323596954345703
29101,0.9596853852272034
76956,0.9733572602272034
52458,0.949616014957428
42922,0.9693427681922913
16743,0.9691183567047119
29879,0.9672890305519104
54016,0.7972517609596252
44531,0.9600672721862793
3780,0.9373561143875122
18492,0.9500138163566589
43326,0.9538993239402771
97048,0.9638912677764893
102784,0.9533365964889526
78950,0.9482634663581848
69256,0.9458237290382385
71845,0.9592418074607849
23511,0.951306164264679
41984,0.9601386785507202
73207,0.9539501070976257
100220,0.9707684516906738
55424,0.9540773630142212
61058,0.9455836415290833
61570,0.951644241809845
85636,0.9557065367698669
91625,0.9622614979743958
37965,0.9632043242454529
71595,0.9441877603530884
40247,0.9504991173744202
84223,0.9503039121627808
104638,0.9655731320381165
70859,0.9770902395248413
12624,0.9512202739715576
100127,0.9492048025131226
54697,0.9516331553459167
36640,0.9599236845970154
63935,0.9721890687942505
62422,0.9486436247825623
19138,0.9583561420440674
98037,0.9339818954467773
80946,0.9532027244567871
60171,0.9566104412078857
106524,0.9592518210411072
53120,0.9470429420471191
17020,0.9530693888664246
96643,0.9532203674316406
20516,0.9611664414405823
53943,0.9232792854309082
12422,0.9500868916511536
99924,0.9253622889518738
84727,0.939400315284729
105231,0.9619923830032349
57263,0.9672130942344666
70353,0.9730047583580017
33980,0.9729130268096924
85067,0.9559810757637024
101473,0.9546408653259277
32806,0.9446315765380859
22737,0.9659084677696228
33701,0.9475895762443542
26272,0.9516581892967224
20245,0.9551113247871399
57009,0.9548247456550598
70177,0.9492501616477966
80949,0.9775711297988892
68868,0.9394595623016357
3463,0.9370984435081482
22480,0.9299079775810242
51061,0.9606318473815918
42467,0.9661428928375244
22644,0.9390782117843628
77987,0.9569545388221741
38066,0.934419572353363
74817,0.954352855682373
33548,0.9549625515937805
55282,0.9614673852920532
68474,0.9709288477897644
28750,0.956335723400116
100953,0.9256171584129333
9783,0.9306856989860535
88666,0.9527240991592407
95892,0.9639641642570496
45165,0.9493269324302673
88759,0.9523511528968811
42942,0.9557603001594543
45155,0.968430757522583
93405,0.9383488893508911
40672,0.9673274755477905
59171,0.9577770829200745
65048,0.9298403859138489
96568,0.9410049915313721
55750,0.9550519585609436
94417,0.9524129033088684
98907,0.954241156578064
26355,0.9653741717338562
75221,0.9570914506912231
81834,0.9571414589881897
70358,0.9575060606002808
60686,0.968152642250061
16970,0.9602183699607849
105727,0.9693717956542969
27635,0.9595933556556702
22266,0.9151502847671509
72325,0.9523267149925232
73454,0.9735053777694702
61216,0.9539294838905334
15107,0.9519435167312622
20351,0.9490320086479187
7447,0.9554247260093689
27058,0.9502829909324646
52745,0.930707573890686
97367,0.951974093914032
80966,0.9555612206459045
76862,0.9625402092933655
101425,0.9534539580345154
41987,0.9375658631324768
41607,0.9574025273323059
24817,0.9246053695678711
18230,0.9594267010688782
24592,0.9672204256057739
26735,0.956601619720459
335,0.962293267250061
23192,0.9530053734779358
70543,0.9446290135383606
52914,0.9565478563308716
93275,0.9487718343734741
53299,0.9546139240264893
73633,0.9669607877731323
6516,0.9617358446121216
62779,0.9550961852073669
37748,0.9513128399848938
32439,0.9540249705314636
26327,0.9332358837127686
72512,0.9233222603797913
34319,0.9377095699310303
71151,0.9429031610488892
75755,0.949615478515625
95040,0.9502761960029602
14016,0.9593460559844971
64918,0.9589677453041077
54132,0.9605460166931152
15137,0.9466270804405212
16885,0.9393293261528015
73850,0.9654730558395386
27701,0.9237918257713318
45458,0.9546896815299988
35206,0.9563406705856323
4690,0.9485766887664795
48327,0.9539522528648376
13359,0.9449306726455688
74847,0.9593583345413208
58263,0.9598284363746643
83921,0.9650803804397583
78541,0.9614322781562805
89353,0.953924298286438
46859,0.9565909504890442
43017,0.9780996441841125
33143,0.9610427618026733
44724,0.9291117191314697
98313,0.9537856578826904
18397,0.9619101881980896
33628,0.9417596459388733
83851,0.9790297746658325
59975,0.9673312902450562
90976,0.9589426517486572
17729,0.963104248046875
103091,0.9419720768928528
48359,0.9551933407783508
52136,0.971777081489563
92597,0.9528786540031433
102907,0.9405373930931091
31101,0.9518685340881348
72001,0.9481915235519409
26604,0.9645853638648987
32653,0.955390989780426
92403,0.958748996257782
19371,0.9473611116409302
33679,0.9533221125602722
100430,0.9229879975318909
46581,0.960533082485199
46918,0.94898921251297
1939,0.9730353951454163
65741,0.9572060108184814
64268,0.972309947013855
5722,0.9475891590118408
52128,0.9512799382209778
32782,0.9631999731063843
55399,0.9369194507598877
67305,0.9326899647712708
27575,0.9495826363563538
10174,0.9578135013580322
20288,0.9591989517211914
100583,0.9617142081260681
94644,0.9477392435073853
69259,0.9558383822441101
66508,0.9463537931442261
75933,0.9461202025413513
73087,0.9621478319168091
62772,0.9673593044281006
7082,0.9692840576171875
14313,0.9422333240509033
34351,0.9661189317703247
13661,0.9572123289108276
84983,0.964999794960022
71650,0.9449607133865356
25289,0.9589098691940308
53203,0.9605578184127808
104021,0.9466866850852966
45430,0.9556524157524109
13936,0.9548762440681458
36331,0.9490076303482056
69153,0.9667092561721802
28211,0.9394748210906982
14716,0.9506628513336182
102105,0.9691020250320435
14825,0.9650663733482361
73448,0.9583144187927246
25227,0.944882869720459
70935,0.9542990326881409
24046,0.9548360705375671
16283,0.673163890838623
31587,0.9551639556884766
21546,0.9493502378463745
79216,0.9575342535972595
59515,0.6830198764801025
21638,0.9467148184776306
106058,0.9335932731628418
83605,0.9468482732772827
36027,0.9536675810813904
97547,0.953325092792511
35922,0.9544793963432312
730,0.9531227946281433
91023,0.9516662955284119
41874,0.8723350763320923
63479,0.9584534764289856
53948,0.9624168276786804
612,0.9363097548484802
44842,0.895957887172699
88286,0.9580388069152832
19006,0.8799389004707336
15792,0.9425112009048462
31289,0.970005989074707
5520,0.9703983068466187
102071,0.9630372524261475
51757,0.9331406950950623
101502,0.9534251093864441
86153,0.9406732320785522
53017,0.9443029761314392
35422,0.9564560055732727
47390,0.9389001131057739
6754,0.962329626083374
15689,0.9666686058044434
60671,0.9480206370353699
91200,0.9677643775939941
52291,0.8727474212646484
64996,0.9684950113296509
105948,0.9566474556922913
9304,0.9539061784744263
80363,0.970252513885498
34303,0.9577834010124207
90897,0.9689062237739563
6223,0.9684061408042908
30391,0.9446647763252258
32600,0.9542468786239624
22314,0.926040768623352
46471,0.9668295979499817
62205,0.9381844997406006
9315,0.9593725800514221
88242,0.9394824504852295
16829,0.9459648132324219
10937,0.9660259485244751
75185,0.9661593437194824
2126,0.9562497138977051
66867,0.9594441056251526
27698,0.9727957248687744
69135,0.9552595615386963
28872,0.9482329487800598
73182,0.9387577772140503
99186,0.928005039691925
53803,0.9596933126449585
15957,0.6413760781288147
13066,0.9245316982269287
59759,0.9542461633682251
78727,0.966853678226471
87613,0.9578330516815186
97014,0.9618676900863647
15607,0.9417311549186707
95372,0.9564570188522339
13583,0.9528452157974243
21859,0.9529998898506165
37066,0.9486330151557922
20559,0.9327915906906128
28407,0.9263266921043396
22575,0.9539923071861267
587,0.9531216025352478
34019,0.9609940052032471
44046,0.9492835402488708
88009,0.776851236820221
28935,0.9263429641723633
8002,0.9345904588699341
89504,0.9023476243019104
41174,0.9647728204727173
61524,0.933565080165863
47615,0.9538735151290894
105017,0.9234731793403625
102282,0.9625905752182007
38116,0.9540146589279175
77889,0.9538986086845398
39771,0.9580463767051697
49032,0.9508063793182373
88482,0.9438932538032532
14111,0.9763306975364685
86854,0.9564422965049744
60957,0.9497362375259399
39641,0.949701726436615
42799,0.9528254866600037
12118,0.951506495475769
51727,0.9433221220970154
15511,0.9538336396217346
98396,0.9414262771606445
82341,0.9676951766014099
59102,0.97463458776474
9319,0.9490569233894348
76311,0.948330283164978
88119,0.9522192478179932
88687,0.9621276259422302
2030,0.9590903520584106
93612,0.9555454254150391
11548,0.965104341506958
12642,0.973129153251648
99898,0.946276843547821
105337,0.9449424743652344
71373,0.9465840458869934
79240,0.9529349207878113
2341,0.9361392259597778
70902,0.9497819542884827
96103,0.9666146039962769
41700,0.9622185826301575
7147,0.9669668674468994
7007,0.9786214232444763
28257,0.9545318484306335
34787,0.9639489054679871
85535,0.9676629304885864
56441,0.9550605416297913
2699,0.9605187773704529
8631,0.9537214636802673
84841,0.9265964031219482
39509,0.9600271582603455
43930,0.9518224000930786
47111,0.9572574496269226
49131,0.9490852952003479
90388,0.9519261121749878
94044,0.9603928327560425
9162,0.9589279890060425
82380,0.951129138469696
9411,0.9529521465301514
98182,0.9662252068519592
90514,0.9400777220726013
31378,0.9519883394241333
45250,0.9519535303115845
9598,0.9527527689933777
97221,0.9571009278297424
81497,0.7848610281944275
98919,0.9304001927375793
27463,0.9575903415679932
5343,0.9590364098548889
17970,0.9477719068527222
67267,0.9789499044418335
2920,0.975342869758606
69177,0.9538864493370056
78678,0.9419708847999573
624,0.9673728942871094
93344,0.9486362338066101
46833,0.9651854038238525
6484,0.9603519439697266
34094,0.9541438817977905
68673,0.9243243932723999
102049,0.9491757154464722
78665,0.9448867440223694
30774,0.9718596935272217
71388,0.9516509175300598
18098,0.9520459175109863
61249,0.9395803213119507
37708,0.9336978197097778
64796,0.9612745046615601
31522,0.9562177062034607
15285,0.9462229609489441
94412,0.9528008103370667
59543,0.9460427165031433
3384,0.9482356905937195
37901,0.9301016330718994
4160,0.9830901622772217
92593,0.9313642978668213
36246,0.9467149376869202
95420,0.9487893581390381
100479,0.9702872633934021
79834,0.9327219128608704
50875,0.8993179798126221
87895,0.9659801125526428
30615,0.9560036659240723
59995,0.9550440907478333
96199,0.9543817639350891
13289,0.9376012682914734
29169,0.9540822505950928
36913,0.9539647698402405
25147,0.9546318650245667
61781,0.960175633430481
22565,0.9564989805221558
7300,0.9398884773254395
24634,0.9663546681404114
79365,0.9397231936454773
16978,0.9683467745780945
29800,0.959349513053894
41469,0.9503311514854431
77934,0.8960556983947754
69715,0.9732768535614014
2744,0.9530541300773621
18563,0.9544647932052612
96077,0.9498658180236816
23587,0.9507547616958618
10769,0.9539044499397278
75143,0.8961654901504517
38952,0.9598768949508667
92487,0.9434106945991516
92852,0.9059638381004333
33741,0.951072633266449
33902,0.7672595381736755
8387,0.9475025534629822
47210,0.9466089606285095
46410,0.9468419551849365
100548,0.9398807883262634
840,0.9539265632629395
16871,0.9652804136276245
69437,0.8009817600250244
80467,0.9603965878486633
39798,0.9397186636924744
1323,0.938622772693634
106370,0.9481039047241211
41262,0.9559624791145325
12529,0.943789005279541
44727,0.9020088911056519
52761,0.9406418204307556
25451,0.9423542022705078
73342,0.9548522233963013
51204,0.9530720710754395
50219,0.9584894776344299
19132,0.9461349248886108
49538,0.9485948085784912
53730,0.9578847885131836
83910,0.9584838151931763
29115,0.9453774094581604
41208,0.9549717903137207
45546,0.9508705139160156
24811,0.942420244216919
45037,0.9601441025733948
75843,0.947003185749054
25941,0.9595986604690552
94261,0.9574850797653198
19173,0.9712170958518982
48509,0.9604198932647705
93072,0.8975864052772522
58237,0.9561135172843933
74013,0.9506212472915649
75227,0.9694395661354065
74340,0.9367603063583374
52427,0.9445620179176331
76151,0.9604749083518982
47316,0.9648689031600952
55460,0.9667746424674988
97175,0.9323658347129822
38989,0.956710696220398
10205,0.9659200310707092
82051,0.9611172080039978
35157,0.9353083968162537
3684,0.944282054901123
62742,0.9504907131195068
74496,0.953041136264801
75673,0.9620701670646667
15522,0.972499668598175
13945,0.9585134983062744
1132,0.969372034072876
35054,0.9422847628593445
21891,0.9584892988204956
28508,0.9271625280380249
99815,0.9591036438941956
22532,0.9641146063804626
58976,0.9603621959686279
16774,0.972736120223999
98786,0.9567176103591919
46517,0.9473392963409424
17633,0.9542074203491211
11745,0.9532691240310669
84784,0.9560443758964539
71139,0.9543288946151733
104770,0.9703731536865234
89719,0.9481225609779358
5742,0.9500300884246826
37390,0.9488934278488159
45416,0.9337646961212158
30994,0.9360746741294861
104066,0.9582334160804749
13560,0.9650505185127258
94239,0.958872377872467
39032,0.9508882761001587
95684,0.9613670110702515
64663,0.967765748500824
42612,0.9406244158744812
69293,0.9549762606620789
100463,0.8349602222442627
104864,0.9505549073219299
79177,0.9602552056312561
69146,0.9609079360961914
51569,0.9385403394699097
35303,0.9386200904846191
38169,0.9570868611335754
26110,0.9592402577400208
66133,0.950147271156311
3140,0.9536245465278625
29193,0.9772279858589172
66040,0.9779649972915649
67577,0.9565219879150391
75311,0.9560951590538025
8345,0.9770153760910034
90116,0.9744042158126831
46161,0.9641146063804626
84368,0.9499648809432983
78423,0.9330933094024658
56887,0.9522846937179565
10505,0.9686340093612671
83449,0.9511752724647522
75064,0.9516469240188599
45316,0.9053173661231995
81514,0.954023540019989
17823,0.9620649814605713
45536,0.9598699808120728
81655,0.9553301930427551
6158,0.966759979724884
3300,0.9609924554824829
81142,0.9569097757339478
18928,0.9544308185577393
61741,0.8787779808044434
81049,0.9642411470413208
45626,0.9707282185554504
64241,0.9688452482223511
25516,0.9759036302566528
72170,0.9451225399971008
100821,0.931302011013031
100960,0.9123300909996033
104637,0.9440494179725647
80263,0.961830198764801
40346,0.9248234033584595
51405,0.9610466361045837
96165,0.9632354974746704
62043,0.9612680077552795
104120,0.9600843191146851
25968,0.9596801996231079
91802,0.9485077261924744
7133,0.9527953267097473
18262,0.9539307951927185
36397,0.9517818093299866
64608,0.933026909828186
45205,0.9569861888885498
25746,0.9623214602470398
2804,0.9566026926040649
10138,0.945606529712677
30962,0.9572570323944092
71016,0.9534589648246765
8465,0.9484178423881531
59750,0.9453948140144348
94078,0.9537832140922546
30547,0.9361885786056519
69169,0.9623786211013794
48894,0.9580987691879272
64141,0.9511784315109253
33295,0.9735018610954285
55670,0.9562841653823853
13345,0.9800640344619751
99022,0.9526569843292236
55163,0.9643126726150513
71695,0.942686915397644
37627,0.9631762504577637
36532,0.9653069376945496
38401,0.9529717564582825
65083,0.9428597092628479
98493,0.9729809761047363
23491,0.9484896063804626
47409,0.9558650851249695
73059,0.9531114101409912
38282,0.9531853795051575
78331,0.9498584270477295
41343,0.9531197547912598
19089,0.9597513675689697
50730,0.9470029473304749
29709,0.914541482925415
17481,0.9519794583320618
80830,0.9560551643371582
5293,0.9544032216072083
22072,0.9582648277282715
70083,0.961706280708313
82737,0.9528977870941162
84345,0.9539498090744019
58697,0.9640443921089172
39276,0.9477932453155518
39945,0.49074193835258484
33739,0.9322847723960876
3954,0.9508836269378662
16658,0.9485250115394592
57750,0.9531028270721436
20077,0.9416847825050354
86803,0.885300874710083
2956,0.9557569622993469
72623,0.9664170145988464
16102,0.9459831714630127
21732,0.9409453868865967
67154,0.9499202370643616
54507,0.9594467282295227
86594,0.9426644444465637
35692,0.9534302353858948
65734,0.9179365634918213
18208,0.9599865078926086
104960,0.9468397498130798
98614,0.9618668556213379
12300,0.9477163553237915
77125,0.47045204043388367
104456,0.9494897723197937
19143,0.9596133828163147
42960,0.9580923318862915
29258,0.9648451805114746
44894,0.9369894862174988
4672,0.9182419180870056
69189,0.9503549337387085
59597,0.9408677816390991
4210,0.9632476568222046
62642,0.9483084082603455
55902,0.938705563545227
33596,0.947796642780304
88952,0.7871055603027344
25537,0.9553840160369873
93630,0.9688147902488708
56945,0.9451279640197754
89831,0.9467310309410095
28455,0.9083211421966553
101881,0.9468901753425598
99064,0.9623291492462158
2793,0.9580885767936707
59290,0.9452102780342102
6529,0.9607707858085632
102926,0.9404803514480591
91793,0.9615915417671204
33522,0.9535374045372009
20955,0.9426988959312439
92720,0.9545894861221313
57316,0.9539963006973267
53863,0.9595900774002075
4669,0.9574116468429565
28736,0.9659445285797119
49200,0.9493330717086792
66982,0.5551465749740601
96637,0.9523459672927856
41900,0.9684804677963257
81511,0.9553847908973694
88616,0.9422473907470703
9190,0.9625700116157532
34235,0.928156316280365
27646,0.9505239725112915
39697,0.95867919921875
58532,0.9417550563812256
28966,0.9544464349746704
35518,0.9570716619491577
103877,0.9609670639038086
30623,0.9471014142036438
86938,0.9502883553504944
65653,0.9420799016952515
88180,0.2436058670282364
62795,0.9656339287757874
4105,0.9520803093910217
78024,0.9625280499458313
32038,0.9445392489433289
53792,0.9589183330535889
55852,0.9592207670211792
57315,0.9462424516677856
9790,0.9631699323654175
17167,0.9610477089881897
3719,0.9641427397727966
75499,0.9496281743049622
47165,0.9503391981124878
73307,0.9487602710723877
41648,0.9422605037689209
69039,0.9418541789054871
105121,0.9458392858505249
43914,0.9534392952919006
71009,0.9526953101158142
95183,0.9695618152618408
30480,0.9547224044799805
53988,0.9519003033638
79258,0.9587780237197876
90968,0.9496510028839111
42384,0.9694710373878479
83707,0.9545872211456299
4101,0.947825014591217
56912,0.9462376832962036
60741,0.9410160779953003
25120,0.9525851011276245
10721,0.9665535688400269
56580,0.950793981552124
101869,0.954628586769104
445,0.9640011787414551
20685,0.9528291821479797
23309,0.9506165981292725
77783,0.9686578512191772
63074,0.9624148607254028
107081,0.958818793296814
70761,0.9397695660591125
73498,0.9714374542236328
31250,0.9466115832328796
72200,0.950248658657074
51071,0.9520150423049927
40842,0.9479217529296875
54965,0.9386959075927734
42180,0.9625929594039917
57221,0.9704031348228455
45115,0.9650903940200806
87784,0.9715074300765991
83808,0.9545502066612244
21793,0.9460850954055786
99415,0.9444143176078796
81686,0.9514260292053223
98808,0.9342257380485535
48005,0.9446581602096558
59693,0.9358830451965332
22613,0.9607109427452087
10661,0.9480693936347961
93545,0.9520202279090881
36781,0.9430058002471924
49972,0.964337944984436
100683,0.9537397027015686
79955,0.9535974264144897
83111,0.7996614575386047
14099,0.9355792999267578
85792,0.9569888114929199
27385,0.9601522088050842
33173,0.9531520009040833
75895,0.9484699964523315
84183,0.9650888442993164
37174,0.9415079355239868
89403,0.9560819864273071
57812,0.9482466578483582
3185,0.9468339681625366
39174,0.9680400490760803
69360,0.9658370018005371
22507,0.9575185179710388
81591,0.9494683742523193
102166,0.9476696848869324
34669,0.9306604266166687
82246,0.950015664100647
5417,0.9347473978996277
45202,0.9623194336891174
42806,0.9619848728179932
8407,0.9476186037063599
78372,0.9510388970375061
96394,0.9620254635810852
5368,0.9502928256988525
34576,0.9298381209373474
4612,0.9456270337104797
89532,0.9478542804718018
86314,0.9475976228713989
95227,0.9500600099563599
77002,0.9454618096351624
86850,0.9662659764289856
83431,0.9605292081832886
8573,0.9534404277801514
83053,0.9446208477020264
92077,0.9089866876602173
66619,0.9626909494400024
2864,0.47964754700660706
93017,0.9484531283378601
83756,0.9493263363838196
6958,0.9341569542884827
106099,0.9588749408721924
92752,0.9478002190589905
26016,0.9518174529075623
9794,0.951224148273468
55053,0.9203808903694153
32697,0.9680308699607849
23931,0.9360434412956238
40261,0.949869692325592
87744,0.9581893682479858
34747,0.933984100818634
91828,0.956027090549469
60789,0.9639390110969543
38808,0.659927248954773
18662,0.9519616365432739
6236,0.9528067708015442
19728,0.9257970452308655
91822,0.9171772599220276
81110,0.9691988825798035
47527,0.9510059952735901
90318,0.942253828048706
44876,0.9538466334342957
71809,0.9561474919319153
13625,0.9281492233276367
43644,0.9566929340362549
83971,0.9557627439498901
82581,0.9773717522621155
42259,0.9738298058509827
85536,0.945763349533081
8810,0.9754868149757385
78459,0.96533203125
33500,0.9542644619941711
4257,0.9404265880584717
93240,0.9562767744064331
18763,0.9717190861701965
11424,0.9392337799072266
12884,0.9529362320899963
59731,0.9564935564994812
22634,0.9613310098648071
62732,0.9425967931747437
82430,0.953386127948761
97227,0.9345515966415405
5764,0.9506432414054871
50370,0.9560019969940186
89427,0.9485191106796265
8497,0.9516887068748474
26922,0.939826250076294
40011,0.9547826647758484
22981,0.4560101628303528
10271,0.9392630457878113
37880,0.9648054242134094
83457,0.9439695477485657
29979,0.956244170665741
22629,0.9517906904220581
90503,0.9502800703048706
15109,0.9542941451072693
86748,0.9575513005256653
17755,0.9592350125312805
93089,0.9532713890075684
4336,0.9439709186553955
54923,0.9468091726303101
20668,0.9405557513237
102335,0.9431734085083008
79895,0.9551499485969543
88203,0.9427584409713745
57553,0.9566139578819275
61759,0.9378377795219421
40449,0.9537010192871094
37942,0.9658189415931702
52407,0.9672826528549194
97596,0.9522733092308044
15372,0.9543184638023376
71980,0.9462798237800598
8007,0.9472746849060059
5142,0.7086682319641113
76923,0.9485248923301697
32475,0.9537082314491272
29178,0.9436373710632324
43300,0.9691247344017029
105217,0.9585870504379272
90316,0.9538891315460205
48026,0.9738404154777527
27332,0.9235370755195618
105230,0.9283331036567688
97829,0.9552993774414062
99198,0.9244512319564819
53937,0.9488701224327087
44244,0.8722354173660278
95415,0.9439293742179871
83331,0.9319962859153748
83346,0.9523114562034607
82768,0.9550231099128723
34756,0.9501399397850037
26171,0.9489845633506775
50245,0.9723827838897705
42457,0.9597589373588562
50373,0.9568055272102356
28575,0.9655399322509766
91319,0.9725472331047058
68711,0.9378708004951477
25464,0.9605104923248291
101221,0.9463205933570862
12830,0.9479392170906067
88138,0.9540725946426392
72978,0.9667822122573853
103836,0.9460657835006714
66988,0.9416497945785522
85081,0.9268133640289307
73508,0.9503874182701111
91178,0.9428256154060364
9724,0.9546049237251282
38974,0.9537428617477417
3592,0.9698638916015625
61440,0.9556112885475159
86583,0.9527438879013062
106458,0.9674490094184875
13015,0.9474154710769653
21510,0.9467063546180725
48484,0.9642990231513977
104183,0.9487900733947754
71906,0.9589882493019104
59569,0.938348650932312
60361,0.951333224773407
2057,0.957391083240509
17177,0.9771082401275635
62283,0.9451354146003723
52036,0.9559507966041565
7523,0.9275009632110596
33337,0.9542970657348633
107091,0.9499605894088745
63922,0.9562932252883911
54527,0.9565117359161377
52444,0.957195520401001
20137,0.962235689163208
38681,0.9721925258636475
97847,0.9642897248268127
84840,0.9447752833366394
55970,0.9602640867233276
41342,0.9649605751037598
59140,0.9408244490623474
66421,0.9556511044502258
8148,0.9420493245124817
104694,0.9669275283813477
40263,0.9520957469940186
31403,0.952377438545227
58366,0.9662163257598877
13510,0.9529175758361816
10521,0.9613268375396729
62092,0.9778799414634705
4466,0.9639708399772644
55710,0.9564275741577148
62393,0.9520457983016968
29986,0.9730192422866821
41376,0.9555643796920776
49512,0.9440163969993591
74880,0.9303787350654602
100373,0.9646299481391907
88792,0.9530732035636902
102491,0.9700816869735718
42734,0.9407970905303955
51057,0.9508367776870728
83560,0.975493848323822
48485,0.9446505308151245
52786,0.9659522771835327
20893,0.9518094658851624
30127,0.9776839017868042
107087,0.9731429219245911
76504,0.9379507899284363
41143,0.9447692632675171
6901,0.9359506964683533
22673,0.9498076438903809
60889,0.9246987104415894
105169,0.8324583768844604
95140,0.9555649161338806
63297,0.9159201979637146
106392,0.9497597813606262
88395,0.9656410813331604
102557,0.69693523645401
23934,0.9673752188682556
82077,0.9673558473587036
11249,0.9706764221191406
49965,0.9415820240974426
73811,0.9500409364700317
48603,0.9203272461891174
45876,0.9598183631896973
48268,0.9629071354866028
79541,0.9631800651550293
58721,0.9348798990249634
16201,0.9678299427032471
97864,0.9533006548881531
89613,0.9366393685340881
42372,0.9456121921539307
38734,0.9636572003364563
37127,0.9710418581962585
54144,0.951637864112854
91637,0.9479379057884216
47504,0.9315954446792603
21559,0.9584571719169617
10931,0.9635807275772095
93217,0.9616016745567322
21914,0.9557309150695801
10161,0.9457635879516602
103111,0.9551171660423279
79662,0.9590185284614563
105156,0.9290719032287598
85806,0.963557779788971
44614,0.9675742983818054
41219,0.9433070421218872
71606,0.9516957402229309
95894,0.9604308009147644
80629,0.959259569644928
23741,0.9531404376029968
87653,0.953461766242981
51403,0.9523775577545166
87417,0.8358420729637146
100308,0.8281175494194031
35312,0.9454919695854187
25292,0.9575180411338806
74924,0.9598420858383179
32872,0.9647451043128967
30911,0.686913788318634
101341,0.9527308344841003
104179,0.9495929479598999
63203,0.9513295292854309
50326,0.9416135549545288
105499,0.9444487690925598
10766,0.9617616534233093
1285,0.9677687883377075
51132,0.9253954291343689
6558,0.9497823715209961
37407,0.9673103094100952
37418,0.9518864750862122
27612,0.9476386308670044
54642,0.9503589868545532
66683,0.9540811777114868
11716,0.9494816660881042
55668,0.9504210352897644
105308,0.9713432788848877
17721,0.9448662996292114
15348,0.9530127644538879
84198,0.9496610760688782
87057,0.9523855447769165
43591,0.9516177177429199
82058,0.9515611529350281
103957,0.9466918110847473
71609,0.9547063112258911
71336,0.9400227665901184
3950,0.9682992696762085
95071,0.9539058804512024
7367,0.9181891083717346
67381,0.9570375084877014
94939,0.9479914903640747
27144,0.9548337459564209
65879,0.9513460397720337
28707,0.9662224650382996
103783,0.9379183650016785
1633,0.9661070704460144
3921,0.9645640254020691
59606,0.9428156614303589
56268,0.41428351402282715
52884,0.9603700041770935
534,0.9549234509468079
32921,0.9480594396591187
75744,0.9602059721946716
53067,0.9651376605033875
61464,0.9796479940414429
34755,0.9425413608551025
9339,0.9391378164291382
78018,0.9514937996864319
46704,0.9532738924026489
47227,0.9564175009727478
49061,0.9428030252456665
34870,0.9511964321136475
8242,0.9635537266731262
93720,0.8969027996063232
100551,0.9745720028877258
9180,0.9340676069259644
76741,0.9522708058357239
4263,0.9597846269607544
24905,0.9508058428764343
5098,0.9574689865112305
66297,0.9670860767364502
40786,0.9661802649497986
84270,0.935825526714325
47703,0.9622191190719604
98906,0.9479694366455078
51148,0.9478043913841248
81097,0.9739104509353638
7699,0.9514846205711365
25472,0.9706391096115112
25664,0.9535847902297974
64195,0.9531999826431274
78344,0.979953408241272
97718,0.4790492355823517
37288,0.9511101841926575
3645,0.9457743763923645
48948,0.9487441778182983
72958,0.9657503366470337
16042,0.9538161754608154
71646,0.9426743984222412
85711,0.9528995156288147
100769,0.9590655565261841
65382,0.9534118175506592
73602,0.6818212866783142
4202,0.9531282782554626
22149,0.9520121216773987
40010,0.9581122398376465
27650,0.9589493274688721
100452,0.7561206817626953
80137,0.9625451564788818
28510,0.9560914635658264
7165,0.9508916139602661
101807,0.9601500034332275
39464,0.9570856690406799
75805,0.9538260102272034
91920,0.9750286340713501
39745,0.9693785309791565
82288,0.9509613513946533
102738,0.9473479390144348
45685,0.947923481464386
41576,0.9630973935127258
62792,0.9636245369911194
55996,0.9546457529067993
47448,0.9465801119804382
75224,0.9382519721984863
9998,0.9466767907142639
66460,0.9551728963851929
11277,0.937597930431366
106840,0.9325937628746033
13405,0.9556252956390381
56969,0.9543668627738953
9838,0.9614368081092834
35955,0.9565386772155762
25532,0.9533018469810486
21441,0.9567996859550476
9503,0.9511146545410156
8880,0.970084547996521
16314,0.9736282825469971
59726,0.9614468216896057
86100,0.9479801654815674
82970,0.9557015299797058
39111,0.9258120656013489
87080,0.9740967154502869
76817,0.9664435386657715
43078,0.9436313509941101
67620,0.9640862345695496
24319,0.9618721008300781
79643,0.9596380591392517
73709,0.9532536268234253
95459,0.9560189247131348
96430,0.9654210209846497
16801,0.9620183110237122
46047,0.8791773915290833
55978,0.9512213468551636
27843,0.945543110370636
34122,0.952984631061554
43576,0.9481181502342224
83429,0.9531036019325256
1778,0.9465779662132263
67745,0.9426559805870056
21855,0.9317280054092407
61740,0.9666787385940552
103793,0.953665554523468
15920,0.9534558057785034
67490,0.9592560529708862
15756,0.9353427886962891
916,0.9505378007888794
69333,0.9465699791908264
157,0.9591332077980042
56053,0.9464635848999023
96323,0.9501412510871887
35005,0.9397423267364502
12926,0.9572908878326416
42523,0.9680361151695251
78491,0.9496990442276001
36954,0.9597431421279907
20095,0.9523290991783142
27457,0.8720747232437134
37067,0.9592628479003906
98125,0.9495826363563538
98454,0.9751342535018921
1655,0.6469271183013916
53739,0.9517437219619751
37825,0.9535725116729736
77336,0.7814928293228149
84582,0.9475626349449158
67061,0.9497969150543213
3584,0.9721114039421082
90723,0.9454320669174194
65421,0.9467958211898804
84127,0.9383978843688965
75622,0.8905096650123596
42404,0.9556949734687805
79522,0.9514021873474121
72976,0.975059449672699
14077,0.9550117254257202
93324,0.9588216543197632
62303,0.9703050255775452
74728,0.9466586112976074
73053,0.9538339376449585
18672,0.96564120054245
107162,0.9528239965438843
68611,0.9481387138366699
97984,0.9670597314834595
64440,0.9650195240974426
106360,0.9662324786186218
12252,0.9501515626907349
68088,0.9506793022155762
59223,0.9547423720359802
7341,0.9548389911651611
52311,0.966378390789032
92580,0.9443545341491699
15850,0.9584899544715881
47112,0.9573870301246643
17840,0.9537243843078613
63433,0.9345114231109619
30976,0.9548511505126953
59214,0.9523256421089172
11767,0.9561479091644287
2569,0.9299121499061584
34246,0.9366065859794617
68725,0.9438830614089966
38118,0.9703229665756226
28619,0.9625279307365417
28721,0.9394158720970154
56811,0.9583269953727722
32609,0.9502224922180176
98733,0.9618257880210876
60450,0.9712315797805786
42416,0.9521322846412659
63694,0.9391666054725647
70553,0.9356565475463867
22850,0.936857283115387
48756,0.9691129922866821
57246,0.9394967555999756
104854,0.946956992149353
100932,0.9753280282020569
1125,0.9538313150405884
39762,0.9738811254501343
52919,0.9674254655838013
29817,0.9411019086837769
101696,0.9562593102455139
5808,0.9539704918861389
67597,0.973889172077179
104055,0.9475057125091553
46600,0.9484474658966064
97440,0.9451872706413269
58768,0.9595849514007568
35074,0.9521239399909973
99450,0.9671257734298706
68486,0.9515092372894287
33665,0.9659909009933472
52918,0.9639366865158081
90284,0.9252905249595642
101159,0.9471887946128845
135,0.9805204272270203
38045,0.9587187767028809
56648,0.9531366229057312
36159,0.9528127312660217
64225,0.9409456849098206
92833,0.9353266358375549
4591,0.9612874984741211
33095,0.9560379981994629
83857,0.9508737325668335
103262,0.9582899808883667
96494,0.9605861902236938
28081,0.9478689432144165
56014,0.945987343788147
68780,0.9625406265258789
61532,0.9557070732116699
72605,0.9527076482772827
69316,0.9645310044288635
93904,0.9430747032165527
2934,0.9712426066398621
1878,0.9591386914253235
85705,0.9223431944847107
91577,0.9524210095405579
7250,0.9521002769470215
48804,0.9498456120491028
95013,0.9657594561576843
50457,0.9519125819206238
46414,0.9364088773727417
3284,0.9526247978210449
71376,0.9632664918899536
44493,0.9535250663757324
81588,0.9284773468971252
8994,0.9679912328720093
17124,0.4744682312011719
55422,0.951073169708252
11562,0.9468640685081482
12086,0.964792013168335
80526,0.9544573426246643
40115,0.954383134841919
102586,0.9335720539093018
53343,0.945084810256958
70382,0.9274358153343201
22615,0.9518479108810425
42924,0.9581506252288818
86601,0.9375045895576477
40393,0.9637784361839294
102281,0.9345563650131226
44481,0.953021228313446
101276,0.9426263570785522
23296,0.9485946893692017
17649,0.9438015222549438
67509,0.9719792008399963
32363,0.9547902941703796
89440,0.8882332444190979
91099,0.9540976881980896
80637,0.9365043044090271
85526,0.9546029567718506
82456,0.9570713639259338
84242,0.9564903974533081
16361,0.9752022624015808
102119,0.9340165257453918
68479,0.9428207278251648
67209,0.9730597734451294
18542,0.9473404884338379
92854,0.9586019515991211
93243,0.9536183476448059
91451,0.9417096376419067
5295,0.9503656625747681
60797,0.9520302414894104
38001,0.9689515829086304
94119,0.9469411373138428
57684,0.946880042552948
73427,0.9270578622817993
65312,0.9494771957397461
79589,0.9555968046188354
56257,0.9583213925361633
103145,0.9545472264289856
56980,0.941489577293396
15829,0.9694166779518127
6905,0.9447749853134155
57594,0.9455344676971436
63118,0.9622008800506592
10383,0.9715802073478699
50890,0.9480981826782227
73451,0.9632250070571899
75946,0.9545169472694397
15132,0.9710871577262878
10636,0.9576999545097351
70920,0.9593999981880188
29213,0.9546034336090088
92386,0.9596177339553833
76339,0.9525859355926514
76246,0.9402288198471069
99785,0.9512121677398682
89465,0.9576289057731628
55918,0.9754795432090759
45899,0.9687610864639282
39400,0.9493420720100403
17310,0.9608534574508667
31284,0.9529810547828674
55262,0.9501171708106995
40292,0.9391196370124817
10063,0.9309697151184082
96989,0.9586309790611267
69908,0.951450526714325
27525,0.9465801119804382
23382,0.9644254446029663
22213,0.9512282609939575
75722,0.9655322432518005
100231,0.9547882080078125
43606,0.9531750679016113
697,0.972939133644104
18823,0.949025571346283
94353,0.9552135467529297
14417,0.9553220272064209
87023,0.9735345840454102
20149,0.9146336317062378
42557,0.9499179720878601
68970,0.9657410383224487
63926,0.9631014466285706
88152,0.955220103263855
12998,0.9584484100341797
57911,0.9417237043380737
94631,0.8380081057548523
14833,0.9547489881515503
69160,0.954677939414978
26277,0.9490333199501038
10398,0.9764900207519531
106582,0.9589691162109375
51161,0.9521921277046204
11660,0.9263375401496887
84105,0.9524733424186707
44266,0.9596940279006958
20714,0.9484772682189941
40284,0.9534052014350891
29765,0.9610360860824585
21739,0.9380689263343811
57896,0.9517180919647217
98889,0.9671444892883301
21034,0.9482963681221008
93075,0.9505969882011414
39388,0.9546827077865601
34445,0.9568572640419006
89148,0.8919148445129395
100822,0.9698415994644165
87616,0.9244531393051147
43267,0.9395791888237
77726,0.8871026635169983
74819,0.953199565410614
34091,0.9547557234764099
36160,0.9713178873062134
16567,0.9681306481361389
36427,0.9408146142959595
89343,0.9485871195793152
5236,0.9305413365364075
19656,0.9502958059310913
17120,0.9504861831665039
78119,0.9526638388633728
67326,0.9622894525527954
56988,0.9350967407226562
42774,0.946868896484375
4252,0.9664285182952881
45036,0.9531275629997253
93503,0.9608697295188904
36503,0.9721030592918396
6668,0.9758607149124146
56927,0.9002178311347961
91031,0.927528440952301
38040,0.9528604745864868
8788,0.9338212609291077
44341,0.9529381990432739
30446,0.9620027542114258
22399,0.9521440267562866
19626,0.9544654488563538
57714,0.9734233617782593
106679,0.9556854367256165
101317,0.9542186856269836
11638,0.9539533853530884
80259,0.944986879825592
43094,0.9497660398483276
97482,0.9502480030059814
97261,0.9665544033050537
56527,0.9535346031188965
66716,0.9390146136283875
75174,0.8938207626342773
80517,0.9291509389877319
96147,0.9660089015960693
73544,0.9513440132141113
101381,0.9424641132354736
5786,0.950873851776123
11843,0.9613121747970581
13605,0.960587739944458
15923,0.9684700965881348
78457,0.9529900550842285
89640,0.9597371220588684
61076,0.954511821269989
65399,0.971792459487915
21070,0.956989049911499
13288,0.9545722603797913
92767,0.9486232399940491
88463,0.9329743981361389
5771,0.9231201410293579
52482,0.9504219889640808
52211,0.9486650824546814
35699,0.9448497891426086
82819,0.9530667066574097
58323,0.975447416305542
79455,0.9657421112060547
101021,0.9546990394592285
101900,0.9602459669113159
100855,0.9394769072532654
48913,0.933678150177002
8422,0.954891562461853
21591,0.9504120945930481
68410,0.966238260269165
82562,0.9493764638900757
20162,0.9584566354751587
35733,0.9350488185882568
83896,0.9587448239326477
79445,0.8973307013511658
87804,0.940326452255249
17189,0.9442099928855896
23028,0.9308943152427673
14654,0.9734607338905334
43912,0.9387252330780029
105665,0.8890901207923889
81324,0.9432569742202759
37554,0.9443888068199158
65714,0.9389283061027527
80642,0.9460710883140564
24924,0.657437264919281
104113,0.9537975192070007
97902,0.955430269241333
32324,0.9486409425735474
46628,0.9543778300285339
22477,0.9524892568588257
26253,0.9420549869537354
59764,0.9458995461463928
74929,0.9456914067268372
62838,0.950502872467041
41245,0.964866578578949
106914,0.9560695886611938
38662,0.9497867822647095
83189,0.953377902507782
77736,0.9518249034881592
60421,0.9526561498641968
12258,0.9617528319358826
47169,0.9571924805641174
56070,0.9523417353630066
99194,0.9522831439971924
104296,0.9599456787109375
90967,0.9399416446685791
50117,0.9527246356010437
4203,0.9446672201156616
44757,0.9462839961051941
78023,0.9270654320716858
100320,0.9523923397064209
40426,0.951453447341919
40344,0.928234875202179
20063,0.9512001872062683
94130,0.9403758645057678
34724,0.9493311643600464
100774,0.9492101669311523
2965,0.955582857131958
71324,0.9639785885810852
46590,0.9528903365135193
17034,0.9485104084014893
14757,0.9464529156684875
72404,0.9216410517692566
26576,0.9517815113067627
17312,0.9493237137794495
95378,0.955797553062439
77843,0.9651820063591003
88236,0.9585886001586914
15364,0.9566235542297363
104748,0.9514623880386353
20900,0.9564692378044128
93581,0.9406929612159729
71,0.8171858191490173
80931,0.9439881443977356
40609,0.946958065032959
93206,0.9517120718955994
94585,0.9588247537612915
41345,0.9612194299697876
93711,0.9670543074607849
3892,0.9547979235649109
29616,0.966753363609314
39536,0.9528525471687317
9635,0.9481432437896729
26716,0.9526576399803162
96815,0.9649922251701355
37465,0.6668598055839539
64776,0.9571613669395447
55191,0.9588670134544373
49384,0.9498223662376404
98150,0.944821834564209
5983,0.941706657409668
55979,0.9498914480209351
54609,0.9555086493492126
32907,0.531189501285553
90159,0.9320758581161499
81811,0.9485662579536438
7903,0.9571457505226135
82655,0.956800639629364
28323,0.9578273892402649
100157,0.9434599280357361
14820,0.9493306279182434
68270,0.9498346447944641
29311,0.9380350112915039
24196,0.9581165909767151
38767,0.954102635383606
5309,0.953468382358551
24604,0.9582071304321289
15359,0.9422146081924438
25016,0.9642391800880432
34009,0.9757105708122253
59027,0.8653594255447388
31696,0.9547876715660095
69253,0.9463624954223633
74784,0.9322003126144409
77584,0.9582560658454895
16787,0.743911862373352
42800,0.952016294002533
86632,0.4973246157169342
3360,0.956092119216919
74757,0.8983461260795593
105540,0.9371380805969238
59718,0.9749622941017151
1718,0.9650897979736328
31278,0.9682534337043762
21179,0.9568907618522644
90986,0.9334625601768494
47055,0.9496691226959229
100970,0.9576830267906189
88689,0.9571781754493713
25021,0.9447812438011169
42462,0.9541528820991516
47329,0.9469367861747742
5460,0.9505921602249146
21478,0.9572053551673889
21844,0.9701201915740967
77282,0.9509701728820801
66671,0.7521215677261353
56501,0.9347192645072937
60408,0.9738836288452148
37442,0.9616336226463318
65504,0.9363235831260681
94680,0.9488727450370789
25638,0.9542936682701111
26857,0.9555214643478394
30161,0.9559736847877502
19249,0.9603573083877563
19272,0.9348795413970947
101223,0.9597477316856384
25996,0.9297541379928589
74216,0.9495359659194946
7180,0.9405525922775269
68770,0.967857837677002
6169,0.947754979133606
78728,0.9554970860481262
8912,0.9167730212211609
44692,0.9474927186965942
5796,0.9542309641838074
96444,0.9485265016555786
22025,0.9601421356201172
67542,0.9448439478874207
39829,0.8144434690475464
63480,0.9480783939361572
24746,0.954561173915863
8869,0.9730995893478394
28270,0.9564891457557678
17620,0.9591744542121887
63764,0.9609479904174805
63645,0.9572436213493347
94642,0.9400593042373657
76334,0.9491632580757141
75870,0.9531311988830566
34423,0.9484091997146606
39206,0.9522746205329895
52695,0.9451370239257812
44667,0.9490736126899719
93087,0.95843505859375
82078,0.96340012550354
38856,0.9433175325393677
44589,0.9637399315834045
54968,0.9512994289398193
53493,0.8202490210533142
94457,0.9571860432624817
20758,0.9576470255851746
76530,0.5824539661407471
97913,0.9428191781044006
107013,0.9530048370361328
82356,0.9513240456581116
21399,0.9514200687408447
58494,0.9418513178825378
37976,0.9567201137542725
61479,0.9546669721603394
2431,0.9490886330604553
62209,0.9553042650222778
15426,0.9550143480300903
94139,0.9655106067657471
13017,0.9550356268882751
82215,0.9654496908187866
56462,0.9519275426864624
33241,0.9645923376083374
47577,0.970583438873291
82529,0.9670520424842834
51906,0.9642760753631592
90797,0.9557012915611267
98464,0.936594545841217
38836,0.970410168170929
82556,0.9515597224235535
54209,0.9488746523857117
71204,0.7687936425209045
89986,0.6990837454795837
9441,0.7158508896827698
2382,0.9714193344116211
97624,0.9583829641342163
64522,0.912605345249176
62720,0.9518675804138184
63260,0.9624664187431335
46366,0.968612015247345
20018,0.9580673575401306
95759,0.9651235938072205
41475,0.9573609232902527
22357,0.9554724097251892
27428,0.9618613123893738
27990,0.9529153108596802
54772,0.9877957105636597
24712,0.9378578066825867
7205,0.9552991390228271
12194,0.9550485610961914
100588,0.9582072496414185
66999,0.9652717113494873
47513,0.9553834795951843
103881,0.6733875274658203
92995,0.9596962332725525
63769,0.9155784249305725
36527,0.9359747171401978
93808,0.9513389468193054
13250,0.9477630257606506
74570,0.9520115852355957
76458,0.9605827927589417
79467,0.9522402286529541
60931,0.9536008238792419
28392,0.9538717865943909
2066,0.9478570818901062
82596,0.9570626020431519
92902,0.9497883915901184
79623,0.9639706015586853
76197,0.9474741220474243
62060,0.9573089480400085
19675,0.9267988801002502
85056,0.9447752237319946
76790,0.9605550765991211
89036,0.9641543030738831
105060,0.9150630235671997
87598,0.9585174322128296
8811,0.9555788040161133
65186,0.9534621834754944
96504,0.9577874541282654
51370,0.9552339911460876
20954,0.9536413550376892
14384,0.9128015637397766
75075,0.9723074436187744
105486,0.9714704155921936
58219,0.954908013343811
90856,0.9738723039627075
38246,0.9022679328918457
13794,0.9526301622390747
45460,0.9692858457565308
38350,0.9612990617752075
51286,0.9497470855712891
69129,0.9531142115592957
62307,0.9437694549560547
25937,0.9527275562286377
96685,0.9588835835456848
88296,0.9597615003585815
23100,0.9550853371620178
63373,0.9169721603393555
30548,0.9628320932388306
57481,0.4701593816280365
75015,0.9606316089630127
28009,0.9562557339668274
65271,0.957801342010498
30923,0.9610457420349121
38234,0.9544388651847839
98658,0.9665005207061768
36138,0.962213933467865
71234,0.9456202983856201
36834,0.9597874879837036
18327,0.9548883438110352
73897,0.9407541751861572
98523,0.958986759185791
44093,0.951284646987915
78230,0.9516821503639221
29537,0.9607935547828674
96994,0.9609137773513794
61463,0.9563143849372864
47503,0.9726334810256958
84628,0.9395461082458496
33697,0.9526638388633728
7664,0.9435386657714844
102577,0.9472398161888123
57598,0.9497581720352173
101337,0.968569278717041
44242,0.9524203538894653
40509,0.948628306388855
106230,0.9433780312538147
94979,0.9524276256561279
39277,0.9319561123847961
1103,0.9551793932914734
52694,0.9506173729896545
98301,0.9692320227622986
45047,0.9579404592514038
92421,0.961155891418457
63527,0.9590731263160706
99354,0.9713206887245178
24653,0.9545667171478271
3650,0.964477002620697
92368,0.8949416279792786
31691,0.9602235555648804
99264,0.9704771041870117
70625,0.9618732333183289
59442,0.9541428089141846
36904,0.9628041386604309
76594,0.961063027381897
51094,0.9580836892127991
54796,0.952581524848938
16359,0.9481135606765747
43475,0.9603363275527954
14904,0.948737382888794
18225,0.9690340757369995
21746,0.9494743943214417
91365,0.9564365744590759
49509,0.9615652561187744
6862,0.9582850933074951
32973,0.9592565894126892
31736,0.9477115273475647
70198,0.9585123658180237
96185,0.9438433647155762
68163,0.9455081820487976
62480,0.9657130241394043
9796,0.8531065583229065
58856,0.9548675417900085
98594,0.9244015216827393
48215,0.9017089009284973
41876,0.9875316023826599
55372,0.95159512758255
53819,0.942683756351471
40964,0.9555314779281616
39785,0.9421511888504028
84252,0.9521074295043945
24881,0.9394898414611816
59551,0.9662333726882935
94934,0.9470569491386414
73316,0.9306398630142212
38688,0.9653754830360413
84428,0.9583454132080078
24959,0.946230947971344
52262,0.9332668781280518
7973,0.9592031836509705
4535,0.9623896479606628
57248,0.9534053802490234
51268,0.9671909809112549
35606,0.9469459652900696
24109,0.9630916118621826
38380,0.9497244358062744
21466,0.9527354836463928
46404,0.9532771110534668
7629,0.9414564967155457
104026,0.9596235752105713
98556,0.9519934058189392
13492,0.9343651533126831
70499,0.9527400135993958
19664,0.9669898748397827
17732,0.9580549001693726
57639,0.9546369910240173
23925,0.9634343981742859
67036,0.9504201412200928
63907,0.9357659220695496
47528,0.9666528701782227
56591,0.9515731334686279
90598,0.9528939127922058
23272,0.9515548944473267
105984,0.844092071056366
39878,0.969261109828949
90430,0.9589180946350098
25496,0.9508463740348816
54257,0.9285534024238586
73962,0.8759105205535889
55229,0.9688905477523804
92703,0.9638465642929077
88087,0.9506842494010925
66877,0.9462234973907471
40634,0.925176203250885
44284,0.9503962397575378
60860,0.9614905714988708
51419,0.9890531897544861
7202,0.9528293013572693
31373,0.9701513648033142
19159,0.9447859525680542
56830,0.9551618695259094
4651,0.9412700533866882
32591,0.9517961740493774
66858,0.9764935374259949
104887,0.93929523229599
21724,0.9711396098136902
2300,0.9549453854560852
87101,0.9616104960441589
63342,0.874092698097229
60131,0.9532510042190552
41712,0.9538412094116211
67422,0.9497767686843872
41436,0.9559019207954407
96764,0.9338202476501465
22425,0.9497507810592651
14074,0.9662100672721863
40157,0.9559685587882996
79972,0.9481450319290161
73049,0.9416462182998657
21087,0.9597516059875488
15123,0.9198276400566101
62453,0.9419060945510864
11463,0.9389553070068359
20470,0.954704761505127
14846,0.5236066579818726
84401,0.9598758816719055
55485,0.9547976851463318
58853,0.9457149505615234
76432,0.9557335376739502
11042,0.9574460387229919
21945,0.9603136777877808
66300,0.9045420289039612
99439,0.9407904744148254
103587,0.9678066968917847
25155,0.9424887299537659
55318,0.9575883746147156
552,0.9538929462432861
13676,0.9681212306022644
8550,0.9585786461830139
69830,0.9440596103668213
17051,0.9368283152580261
67049,0.9511950016021729
17302,0.968292236328125
60304,0.9639279246330261
37252,0.9505606293678284
68955,0.9507705569267273
22759,0.9492595791816711
101744,0.9594200849533081
88006,0.9428196549415588
84681,0.9704978466033936
40573,0.9772322773933411
38144,0.9644960761070251
99086,0.95586758852005
62729,0.9777249097824097
43599,0.9496691226959229
43628,0.9578599333763123
4299,0.9670674204826355
57146,0.9455701112747192
104464,0.9477888345718384
17001,0.9647772312164307
50131,0.9654090404510498
20091,0.9670209288597107
40732,0.9586109519004822
52880,0.9546427130699158
60414,0.9669838547706604
104612,0.9505997896194458
46476,0.9493176341056824
100335,0.9600648880004883
66799,0.942236602306366
56503,0.9604514837265015
31616,0.9587467908859253
10889,0.9768001437187195
88749,0.9472165107727051
8157,0.9422542452812195
51234,0.9602590799331665
452,0.9518685340881348
102601,0.9566912055015564
58299,0.9064480066299438
71493,0.9508121013641357
28453,0.9508110880851746
86185,0.9658215045928955
77641,0.9559877514839172
83232,0.95994633436203
6003,0.9460840225219727
30076,0.9434694647789001
100000,0.9433300495147705
65002,0.944111168384552
105207,0.951939046382904
36824,0.9523161053657532
1634,0.9316248297691345
105978,0.9483755826950073
60831,0.9648576974868774
31530,0.924623429775238
8745,0.9507755637168884
52151,0.9576713442802429
23481,0.9648566246032715
100706,0.9586226940155029
31785,0.9638652801513672
73638,0.9709229469299316
30514,0.9686604142189026
95942,0.9523414373397827
101397,0.9512080550193787
29352,0.9534091949462891
78898,0.954502522945404
72271,0.970091700553894
21124,0.9610086679458618
73922,0.9592621326446533
17687,0.9498178362846375
20103,0.9595258831977844
42805,0.9608850479125977
70994,0.9663509130477905
35768,0.9702334403991699
94034,0.9602696895599365
22971,0.9417799115180969
72373,0.952483057975769
105008,0.9551544785499573
64388,0.9394019842147827
27709,0.9503684639930725
63655,0.9546411037445068
62981,0.9292505979537964
57133,0.9637188911437988
80257,0.9169090986251831
52226,0.9575687646865845
30023,0.9617910385131836
60731,0.9566743969917297
105408,0.9281373023986816
37988,0.9709903597831726
12743,0.8366917371749878
104293,0.9534816145896912
86318,0.5454508066177368
13853,0.9538041353225708
71228,0.9591696262359619
61309,0.9511348605155945
2561,0.958786129951477
88497,0.9547852873802185
47812,0.9647901058197021
49097,0.875992476940155
56769,0.9672032594680786
1636,0.9502752423286438
43807,0.9441076517105103
71529,0.9485449194908142
17792,0.9237871170043945
29051,0.9244442582130432
16886,0.9439712166786194
93546,0.9519292712211609
100085,0.9523540735244751
57120,0.9566048979759216
9226,0.9620848298072815
40121,0.9508901238441467
39123,0.9462721347808838
5065,0.9550864100456238
39749,0.9415817260742188
44240,0.9793130159378052
15753,0.9793709516525269
102695,0.927234411239624
96922,0.9347723722457886
84376,0.9624114036560059
6971,0.9660943746566772
69532,0.9716001152992249
21552,0.9612879157066345
96626,0.9517700672149658
68507,0.9595446586608887
91522,0.9460767507553101
58877,0.9567515254020691
12209,0.9570202827453613
14153,0.9754478931427002
87985,0.900566041469574
12308,0.9596009850502014
80234,0.965565025806427
89301,0.9614143967628479
31424,0.9417099356651306
75706,0.9670226573944092
17126,0.9120551347732544
48742,0.9844117760658264
91497,0.9567657113075256
68297,0.9141149520874023
95310,0.797029972076416
26060,0.8930745124816895
70451,0.9619250893592834
798,0.9733962416648865
93850,0.9476457834243774
25018,0.9507850408554077
22400,0.9718140959739685
22174,0.9434221386909485
13391,0.9709514379501343
54791,0.9121374487876892
2642,0.9325393438339233
67213,0.941505491733551
27889,0.922964870929718
87372,0.9470748901367188
100776,0.9117134809494019
39723,0.9530625939369202
103809,0.9608524441719055
51725,0.9491379857063293
67129,0.950901210308075
87060,0.9583182334899902
96530,0.9486190676689148
40302,0.9771023988723755
24038,0.9264617562294006
34258,0.9540547132492065
106629,0.9306931495666504
15543,0.9457253813743591
87383,0.9543503522872925
1015,0.924686074256897
97485,0.9599854350090027
67644,0.9516103267669678
66203,0.9654422402381897
84154,0.9549798369407654
24414,0.4285981059074402
56141,0.9528306722640991
75383,0.9247669577598572
53768,0.9506754279136658
28929,0.9531266689300537
23852,0.9511027932167053
1297,0.9618380665779114
73347,0.9545964598655701
52950,0.9477272629737854
10811,0.9509305357933044
58896,0.9717149138450623
68070,0.9800894260406494
64562,0.9342122077941895
102229,0.9615693688392639
100812,0.9294601082801819
49250,0.882082462310791
13035,0.9350774884223938
45861,0.9679864048957825
43825,0.9616042971611023
79567,0.9561312794685364
21486,0.9299640655517578
3324,0.9499425292015076
107164,0.9642940759658813
26780,0.9486948251724243
77676,0.9507167339324951
56804,0.9583313465118408
77658,0.9521198272705078
73143,0.955885112285614
96275,0.9496601223945618
41414,0.9516680240631104
48807,0.9731734395027161
69427,0.9214394688606262
139,0.9489376544952393
37206,0.9596980214118958
30436,0.9746988415718079
17017,0.9490714073181152
23718,0.9277567863464355
55378,0.9583653211593628
4892,0.935813307762146
16589,0.953663170337677
18204,0.9360685348510742
8205,0.9551268815994263
56744,0.9597283005714417
8053,0.9531991481781006
85850,0.9457599520683289
17765,0.9727059006690979
65323,0.9680289626121521
38352,0.9627106189727783
22841,0.9345871806144714
79699,0.9620139598846436
14831,0.9526371955871582
28240,0.9488769173622131
12536,0.9583370685577393
44152,0.9601894617080688
66864,0.9658487439155579
49004,0.9586979746818542
105381,0.9810475707054138
85548,0.9689639806747437
36613,0.9679591655731201
86481,0.9491698145866394
10075,0.9519274234771729
54197,0.9579511880874634
70970,0.9677951335906982
55435,0.46676328778266907
83324,0.9548883438110352
66816,0.9582961201667786
48267,0.9549331068992615
36636,0.9594006538391113
72138,0.9570225477218628
57278,0.9641677141189575
71659,0.9634456038475037
102210,0.9471274018287659
39170,0.9575944542884827
10423,0.9455727338790894
1630,0.9647644758224487
52409,0.9554572701454163
74633,0.9566124081611633
23859,0.9511184692382812
94716,0.951289176940918
70644,0.9525418877601624
74105,0.9420049786567688
106755,0.9439738988876343
42476,0.951939582824707
27598,0.9512606263160706
38586,0.9521796107292175
45556,0.9624444246292114
62264,0.9586125016212463
10318,0.9605135917663574
78770,0.9661674499511719
80509,0.9486613273620605
58271,0.9521471858024597
74134,0.953676700592041
99903,0.9508693218231201
82988,0.9480054378509521
95205,0.95488041639328
95741,0.9505857229232788
80661,0.9516283869743347
94682,0.9548046588897705
56607,0.9530696272850037
92900,0.9709859490394592
96137,0.9619567394256592
94344,0.9507022500038147
27722,0.9703174829483032
80310,0.9284681081771851
922,0.9674714207649231
25571,0.9573776125907898
58516,0.9676405787467957
106511,0.9658730030059814
52788,0.9549809694290161
105406,0.9742789268493652
88057,0.9656299352645874
29097,0.9478257894515991
34909,0.9480845928192139
75042,0.9511704444885254
11886,0.9480301737785339
89965,0.9547629952430725
48375,0.9677475690841675
96484,0.9518980383872986
70676,0.9535967111587524
83287,0.972955584526062
102033,0.9587162733078003
1765,0.9851204752922058
96066,0.9662386775016785
89316,0.9347938299179077
626,0.9626917243003845
60314,0.950416088104248
85348,0.9531968832015991
29251,0.9511862993240356
48886,0.808745801448822
57687,0.9425300359725952
31118,0.9477218985557556
28689,0.93442302942276
92961,0.954806387424469
16310,0.9332073330879211
44436,0.950134813785553
70378,0.9522779583930969
39568,0.9436452388763428
27441,0.9646214842796326
28939,0.954245924949646
43110,0.9521036148071289
9082,0.9449145197868347
104837,0.9429969787597656
75890,0.9616307616233826
3688,0.9519869089126587
53825,0.944562554359436
62324,0.9629453420639038
103507,0.9249487519264221
106541,0.9328662157058716
97431,0.9504086375236511
93525,0.9489569664001465
55075,0.9426085352897644
98795,0.9619638919830322
71928,0.9600329995155334
58959,0.9500138163566589
68242,0.9569460153579712
94908,0.9489449858665466
3244,0.9540448188781738
103068,0.9491369128227234
2925,0.9503007531166077
34196,0.9589244723320007
91161,0.9342995882034302
94596,0.9697471857070923
78960,0.9692846536636353
55380,0.9529368877410889
33881,0.950635552406311
71565,0.9659193754196167
11832,0.9303330779075623
85390,0.9552569389343262
50684,0.9531716108322144
99934,0.9659425020217896
77377,0.953983724117279
76935,0.9473792314529419
104175,0.9469447731971741
12528,0.9602749943733215
75265,0.9629083275794983
95712,0.9608107209205627
65433,0.9004417657852173
10431,0.966944694519043
51297,0.9609348773956299
90393,0.9507772922515869
487,0.943554162979126
104511,0.94130539894104
89320,0.9689568281173706
46443,0.929779052734375
93423,0.957579493522644
38846,0.9579970240592957
44979,0.9495012164115906
73142,0.9623895883560181
69730,0.9467959403991699
6899,0.9549250602722168
78210,0.9280656576156616
69950,0.9588931202888489
45936,0.9392555952072144
105329,0.9674525856971741
106726,0.952099621295929
69820,0.9524735808372498
87051,0.9551309943199158
7554,0.9526852369308472
88367,0.966076672077179
36258,0.9701530933380127
24848,0.9555387496948242
25340,0.9440772533416748
76019,0.953181266784668
49687,0.9703726768493652
103964,0.9554093480110168
24116,0.9714071750640869
89840,0.9561647176742554
55265,0.9517835378646851
21513,0.901008129119873
14011,0.9617800116539001
74797,0.953047513961792
106509,0.9683895707130432
31239,0.9637067914009094
77948,0.9725204110145569
31083,0.9454309344291687
71017,0.9517179727554321
58123,0.953479528427124
86986,0.9527697563171387
90834,0.9598768949508667
28049,0.9775683879852295
23547,0.9763569235801697
101750,0.9225607514381409
79995,0.95692378282547
69207,0.9455549716949463
30465,0.9548263549804688
60786,0.9702248573303223
84190,0.9357598423957825
14807,0.9547131657600403
90045,0.9531909823417664
38429,0.9470872282981873
14622,0.9482001066207886
44434,0.9486083388328552
64333,0.9581314921379089
95306,0.9664573073387146
26137,0.9624813199043274
76680,0.9675397276878357
27861,0.9436158537864685
76113,0.9361011385917664
99383,0.9508334994316101
67210,0.9583271145820618
106836,0.9573574066162109
83887,0.9517737030982971
92123,0.9479970932006836
12806,0.9317544102668762
49958,0.9553795456886292
41165,0.9659138321876526
102918,0.9481716156005859
59475,0.9588180184364319
55272,0.9712890982627869
45885,0.9551019668579102
8720,0.9508522748947144
22847,0.9568438529968262
18951,0.9472981095314026
76600,0.9517099857330322
70407,0.9511451125144958
80197,0.9445894360542297
89087,0.9572089910507202
38945,0.9597586989402771
48070,0.9494053721427917
80022,0.9585493803024292
101121,0.9488961100578308
50475,0.9506343007087708
20313,0.9627699851989746
103960,0.9755527377128601
98087,0.9517098665237427
85487,0.9689503312110901
50001,0.9515356421470642
91222,0.9616045355796814
63071,0.9476962089538574
42397,0.947263777256012
45032,0.9372938871383667
37891,0.9482090473175049
3642,0.9577823281288147
32947,0.9544437527656555
37430,0.9637088775634766
76430,0.9685002565383911
39591,0.9471926689147949
66009,0.9305413365364075
45415,0.9545450806617737
70006,0.9533863067626953
57592,0.9488734602928162
1712,0.9648799896240234
4496,0.8034246563911438
72693,0.9606784582138062
62701,0.9566429853439331
94551,0.9514793157577515
54202,0.9715274572372437
1309,0.9318470358848572
84751,0.9565616846084595
71737,0.9462733268737793
31353,0.9543986916542053
27296,0.9500715136528015
32193,0.9545434713363647
72367,0.9840409755706787
13260,0.9528638124465942
75259,0.9556648135185242
1628,0.8536805510520935
35217,0.9721688628196716
5328,0.9554526805877686
10568,0.9710884690284729
79074,0.9488323926925659
17025,0.9504132866859436
99638,0.9566386938095093
67734,0.9729287028312683
22777,0.9618299007415771
85719,0.9453151822090149
7506,0.9356511235237122
86728,0.9526787400245667
73467,0.982154369354248
67086,0.9413060545921326
3107,0.9442569613456726
46597,0.9592450857162476
10922,0.9614483714103699
67556,0.9477065205574036
7441,0.9670430421829224
31089,0.9544751048088074
61601,0.9723110795021057
14847,0.9484326839447021
35697,0.9499039053916931
64197,0.953601598739624
46963,0.9293935894966125
41147,0.9296943545341492
13811,0.9601855278015137
68928,0.9439743161201477
35308,0.6780273914337158
94983,0.9700570106506348
74508,0.9367759227752686
44931,0.9494647979736328
30960,0.9611347317695618
91080,0.9551811218261719
49216,0.9460948705673218
34340,0.930562436580658
75536,0.9554990530014038
76424,0.9485551118850708
105797,0.9367339611053467
76336,0.9511083364486694
34164,0.9471361637115479
91149,0.9492702484130859
7162,0.9508188366889954
18604,0.9501606225967407
83905,0.9552339911460876
44615,0.9491180181503296
92168,0.9514005184173584
5462,0.9566436409950256
85219,0.9495039582252502
26937,0.9719300866127014
10670,0.9618561267852783
57,0.9494725465774536
93177,0.9569235444068909
34485,0.9591224789619446
68925,0.9558640122413635
100142,0.9587186574935913
73993,0.9605224132537842
15790,0.9292920827865601
106598,0.9543346166610718
90142,0.9335503578186035
96949,0.9613631963729858
40049,0.9481565356254578
98288,0.93930584192276
43452,0.9461395144462585
22569,0.9433757066726685
5611,0.9687491059303284
37750,0.968612015247345
26421,0.9614181518554688
92422,0.9355006217956543
89352,0.9530614018440247
45761,0.9478906989097595
52232,0.9380955696105957
90421,0.9464263319969177
78709,0.9413614869117737
56320,0.9657766819000244
37763,0.9596649408340454
46567,0.9753369688987732
68911,0.9474151730537415
27099,0.9532095193862915
73795,0.9641661643981934
59380,0.9581062197685242
48205,0.9292303323745728
43413,0.9544501304626465
9655,0.9506329894065857
32377,0.9534944891929626
30523,0.920814573764801
64260,0.9528346061706543
12302,0.9541909098625183
69453,0.9255695343017578
62392,0.9516298770904541
78449,0.9608076810836792
52714,0.9483286738395691
87352,0.9630676507949829
61091,0.9519888758659363
63242,0.9526495337486267
66399,0.9509600400924683
54903,0.9451289176940918
67957,0.9460667967796326
88573,0.9608622193336487
42545,0.9553803205490112
17008,0.9422286748886108
87917,0.9565309286117554
23181,0.9613746404647827
95015,0.9512951374053955
4188,0.9612483978271484
72957,0.9471772313117981
98126,0.9747486710548401
73695,0.9607569575309753
86412,0.9560685753822327
87550,0.9231634140014648
98272,0.9742766618728638
105660,0.9574066996574402
89434,0.9642370939254761
44125,0.9370562434196472
90837,0.9562719464302063
46442,0.9427598118782043
75672,0.9511332511901855
31938,0.9518302083015442
49532,0.9492695927619934
65836,0.9492606520652771
85029,0.9399237632751465
71793,0.9618735313415527
28148,0.95029217004776
18266,0.9526290893554688
68352,0.9556447863578796
27061,0.9610517024993896
22985,0.9549452662467957
91305,0.9559900164604187
8795,0.9526308178901672
50663,0.9402686953544617
37397,0.9501046538352966
20058,0.9401710033416748
9312,0.9464221596717834
80532,0.9472421407699585
14830,0.9501405954360962
103737,0.9489549398422241
48438,0.9444892406463623
34089,0.9698818325996399
32605,0.9467796683311462
62126,0.9591619372367859
99398,0.9457461833953857
25307,0.9631826281547546
708,0.9668476581573486
65514,0.9653705954551697
61917,0.9691656827926636
70611,0.9397249817848206
20762,0.9496376514434814
64985,0.9530357122421265
93723,0.9576000571250916
61541,0.9517521262168884
29197,0.9559714198112488
79929,0.9512529373168945
22641,0.9376181364059448
92709,0.9777186512947083
38048,0.9454665184020996
7305,0.9495754837989807
21740,0.9536531567573547
85485,0.9538642168045044
3615,0.9459630250930786
11020,0.9438483715057373
25188,0.9600327610969543
43652,0.9376110434532166
36192,0.9676411747932434
75957,0.9615021347999573
88832,0.9662662744522095
60444,0.9505409002304077
89932,0.9633544087409973
94105,0.9629703164100647
4755,0.954344630241394
41737,0.9561926126480103
79543,0.9464437365531921
5273,0.9515171051025391
68791,0.9432698488235474
60228,0.9632405042648315
61289,0.9583521485328674
18009,0.9624119997024536
1837,0.9593825340270996
79532,0.9611079692840576
55273,0.9551923274993896
21431,0.9550384879112244
64794,0.9501201510429382
81887,0.9682751297950745
17964,0.8592709898948669
10972,0.9344654083251953
9294,0.9574453830718994
1983,0.9364702105522156
31490,0.9481757879257202
3548,0.9537032842636108
38711,0.9645368456840515
55591,0.9581248164176941
32376,0.9579824805259705
23684,0.9519428610801697
57874,0.964887797832489
48713,0.48028820753097534
5106,0.9490479230880737
56224,0.9641283750534058
43354,0.9700535535812378
25836,0.9451795220375061
55845,0.9585472941398621
2588,0.9438374042510986
1845,0.9020249247550964
11254,0.9531135559082031
49014,0.9151628613471985
59168,0.9636188745498657
32158,0.9549393057823181
106482,0.94373619556427
103536,0.9358391165733337
18105,0.9564679861068726
89530,0.9586794376373291
20602,0.932212769985199
28623,0.9720665812492371
44630,0.9542718529701233
8252,0.9672794342041016
32280,0.8844834566116333
54952,0.9560747146606445
11378,0.9658846855163574
57914,0.9529559016227722
31376,0.9480217099189758
26646,0.9620555639266968
55328,0.9457675218582153
5958,0.9658346176147461
63839,0.951102077960968
69304,0.9352465867996216
3100,0.9407204985618591
37173,0.8833840489387512
100453,0.9087735414505005
12253,0.9531131386756897
74226,0.7141055464744568
28495,0.9315057396888733
12372,0.9620436429977417
73968,0.9616319537162781
56212,0.9658595323562622
12655,0.934708833694458
69853,0.9562028646469116
67111,0.9643332958221436
8325,0.9605101943016052
91304,0.9449942111968994
93245,0.9532479643821716
17300,0.9482175707817078
17331,0.9565147161483765
6291,0.9413402676582336
14892,0.9515882134437561
103278,0.9652796983718872
97196,0.9511551260948181
26858,0.957802414894104
34982,0.9717440605163574
74003,0.9482241272926331
29347,0.950691819190979
21220,0.9550365209579468
82090,0.9744206666946411
41613,0.9660431742668152
64303,0.9493604898452759
22182,0.9520677328109741
13504,0.9459272623062134
106774,0.9670118093490601
97978,0.9550633430480957
39162,0.9570862054824829
90912,0.9569244980812073
103240,0.9436214566230774
103157,0.9552172422409058
48423,0.968900203704834
53055,0.9546140432357788
87595,0.9544006586074829
80780,0.9509897232055664
78794,0.9383443593978882
67805,0.965419352054596
60188,0.9643611311912537
67146,0.9447163343429565
52978,0.930103063583374
61623,0.955473780632019
76558,0.9461645483970642
48118,0.954174280166626
48547,0.9366803169250488
21302,0.9564123153686523
29500,0.9556776881217957
21585,0.9655778408050537
103436,0.9468709230422974
78681,0.9431973695755005
84602,0.949283242225647
81342,0.9473350048065186
67363,0.9618369340896606
63318,0.9591790437698364
18802,0.9493456482887268
26594,0.9276323318481445
106701,0.9502351880073547
63187,0.9493343830108643
25393,0.9284800887107849
70867,0.9518882036209106
96689,0.9455275535583496
94172,0.9397149682044983
4913,0.9694132208824158
29337,0.9362460970878601
18759,0.9431583881378174
86816,0.9717832803726196
84442,0.880122184753418
28896,0.9562791585922241
25659,0.9623520374298096
2345,0.9207902550697327
22781,0.9494096636772156
93530,0.949472963809967
58435,0.972679078578949
16096,0.9288225769996643
76360,0.8746454119682312
92650,0.955485463142395
94136,0.9264406561851501
12855,0.959786593914032
48613,0.8914865851402283
98930,0.9483285546302795
17850,0.9575135707855225
68426,0.9642121195793152
8807,0.942336916923523
77682,0.9633989930152893
70262,0.9186260104179382
101688,0.9469035267829895
34538,0.9667658805847168
13445,0.9663151502609253
69689,0.9533680081367493
87006,0.9437034130096436
51615,0.9511086344718933
69533,0.9690371751785278
15420,0.9567725658416748
25501,0.6762661933898926
75037,0.9644829630851746
82250,0.9497103095054626
34582,0.9708665013313293
34900,0.9555007815361023
106606,0.9424663186073303
68574,0.9480873942375183
78879,0.9562808275222778
72523,0.9498408436775208
74109,0.9290958046913147
102780,0.9725889563560486
41350,0.9600481390953064
6776,0.9751127362251282
4752,0.8816774487495422
79710,0.9548141956329346
94872,0.9731641411781311
87768,0.9409022331237793
84545,0.9396699070930481
47364,0.9548916816711426
29565,0.9666429758071899
38176,0.9603691101074219
1523,0.9612776041030884
71965,0.9552035331726074
46011,0.9505202174186707
101166,0.9530036449432373
96157,0.9261479377746582
4599,0.9500854015350342
57139,0.9516077637672424
46502,0.5206127762794495
32147,0.9578074812889099
8727,0.972176730632782
64,0.9652698636054993
87977,0.9242833256721497
81911,0.9709157347679138
62494,0.9490067958831787
98355,0.9638372659683228
13701,0.9485740065574646
60982,0.9584932327270508
92575,0.9579248428344727
48249,0.9347042441368103
34171,0.9514601230621338
89055,0.9485357403755188
20920,0.9695627093315125
44323,0.9698947668075562
93856,0.964337170124054
29936,0.9200403690338135
84606,0.9490811824798584
14714,0.9585412740707397
98673,0.9517098665237427
103736,0.9573317766189575
82642,0.9584256410598755
12030,0.9654327034950256
51674,0.9566091299057007
12718,0.9517529010772705
106852,0.9388126134872437
16294,0.9741506576538086
66475,0.9535025954246521
41485,0.956885576248169
30323,0.9521628618240356
83992,0.9444936513900757
54682,0.9481663703918457
92127,0.9473912715911865
35902,0.9571490287780762
28139,0.6938440203666687
90412,0.9611234664916992
74418,0.9641415476799011
78510,0.9445594549179077
100330,0.9622347950935364
29036,0.9569094777107239
44485,0.9651873111724854
16848,0.9651001691818237
10544,0.9756858944892883
94780,0.964682400226593
21582,0.9186772108078003
87225,0.9530925750732422
93669,0.9574427604675293
87901,0.9522148370742798
49697,0.9343628883361816
5036,0.9559444189071655
67043,0.9585650563240051
85540,0.9510559439659119
43921,0.9376924633979797
12644,0.9509379863739014
2676,0.923823356628418
58412,0.9550187587738037
12909,0.9483509659767151
95061,0.9530817270278931
61837,0.9701841473579407
93884,0.9615944027900696
8939,0.9471933841705322
84360,0.9620500802993774
75469,0.9366046786308289
16441,0.9505359530448914
26500,0.9498929381370544
26617,0.9251199960708618
70080,0.955394983291626
4320,0.9564210176467896
87274,0.9536718130111694
77249,0.9562170505523682
49626,0.9629614949226379
6237,0.9406353831291199
35626,0.7687363624572754
102000,0.9466197490692139
83002,0.9631403684616089
104492,0.9543293118476868
18532,0.9607197642326355
87016,0.9740602970123291
90720,0.9484241008758545
93144,0.9527227878570557
47367,0.9452821612358093
98201,0.9452752470970154
97722,0.950924277305603
41849,0.9404359459877014
26633,0.9624032378196716
77169,0.953397810459137
57349,0.9633225798606873
91177,0.9553253650665283
22794,0.953665018081665
14637,0.9813269972801208
104038,0.9076006412506104
49505,0.9306167364120483
39769,0.950478732585907
75395,0.940780520439148
84177,0.9193651080131531
90804,0.9510079622268677
17129,0.9552909731864929
24386,0.9684781432151794
73235,0.9526337385177612
40321,0.9503570795059204
93445,0.9544692635536194
101488,0.9642634391784668
62,0.9482964873313904
150,0.9533689022064209
26870,0.9493638873100281
85644,0.953845202922821
16864,0.9681798219680786
9800,0.95112144947052
60156,0.9625245928764343
100967,0.9524171948432922
91352,0.9478421807289124
84613,0.9501357674598694
46913,0.9540525078773499
58417,0.9585263133049011
45651,0.9564267992973328
42020,0.9607765078544617
34497,0.9426413774490356
92156,0.9710178971290588
96062,0.9495400190353394
15862,0.9651073813438416
19527,0.9576786756515503
51620,0.9481356143951416
83964,0.9549505114555359
11283,0.9646573066711426
56397,0.9520158767700195
70095,0.9622219800949097
5355,0.9391674399375916
3853,0.9570593237876892
82993,0.9697694778442383
82541,0.9669333696365356
8571,0.9456924796104431
59954,0.9512743353843689
32906,0.956991970539093
80732,0.948149561882019
25197,0.9545186758041382
19175,0.9547699689865112
65975,0.9599213600158691
35001,0.9339913725852966
7468,0.9361494779586792
81927,0.9653051495552063
100585,0.9324051141738892
41885,0.9588715434074402
19845,0.9548628926277161
14709,0.9681360125541687
86121,0.9512416124343872
50416,0.9451807737350464
39496,0.9534831047058105
92117,0.9660086035728455
41500,0.9655765891075134
90525,0.9579776525497437
55859,0.939378559589386
59665,0.944080114364624
62490,0.9695609211921692
15347,0.9441349506378174
104307,0.9727301597595215
74223,0.9562846422195435
11063,0.9552516341209412
83506,0.9371035695075989
6916,0.9614148736000061
79549,0.9565691351890564
80961,0.984351634979248
55185,0.9400057196617126
86688,0.9570952653884888
38336,0.7943689823150635
75289,0.8921933770179749
31850,0.9494123458862305
67058,0.9559145569801331
3142,0.9437959790229797
20576,0.9506176710128784
58998,0.9696193933486938
74310,0.9615078568458557
20310,0.9671022295951843
79457,0.9547100067138672
54490,0.953224241733551
5551,0.970628023147583
26589,0.9629506468772888
30949,0.9591330289840698
80634,0.9584919214248657
24053,0.9530933499336243
105705,0.9584081172943115
71481,0.9514004588127136
76219,0.9682051539421082
13259,0.7412194013595581
10688,0.9761598110198975
53517,0.9548223614692688
43806,0.6604017019271851
21306,0.9491862058639526
58650,0.9509100317955017
42221,0.9049997925758362
28489,0.9501097202301025
105906,0.9387153387069702
44764,0.9556742906570435
51940,0.9577919244766235
53776,0.940157413482666
74872,0.9480388760566711
86885,0.9476974010467529
14008,0.9562318325042725
80154,0.9501802325248718
30459,0.9528810977935791
36850,0.9424451589584351
19357,0.9620301723480225
103820,0.9418741464614868
77806,0.9398993253707886
43592,0.9517720937728882
91314,0.9467222690582275
102915,0.9233572483062744
83656,0.9577382206916809
34066,0.9535150527954102
65063,0.9471383094787598
105304,0.9571797251701355
94799,0.9310610890388489
81931,0.9570447206497192
102755,0.9583649039268494
91521,0.9408923983573914
105307,0.9352823495864868
4994,0.9469059705734253
55303,0.9742522239685059
13462,0.9532084465026855
48714,0.9554212093353271
18107,0.9480049014091492
47219,0.9458480477333069
69705,0.9592573046684265
49115,0.9601271748542786
24789,0.943925678730011
54685,0.6823553442955017
13191,0.955844521522522
70514,0.9254084229469299
97653,0.9512859582901001
49100,0.9625585079193115
66241,0.9292197227478027
75096,0.965594470500946
51437,0.9582165479660034
3485,0.9479655623435974
73283,0.9733308553695679
78073,0.9372942447662354
60245,0.959494948387146
91386,0.9535890817642212
84247,0.9514974355697632
46800,0.9585679173469543
89578,0.9562536478042603
102579,0.9269412755966187
60142,0.9639880657196045
12605,0.964428722858429
94193,0.9506309628486633
3262,0.9624413251876831
89167,0.9401150345802307
89102,0.9306920170783997
98102,0.9345673322677612
92864,0.9488092660903931
4026,0.9579916596412659
78523,0.9529002904891968
66934,0.9564847946166992
30775,0.9488809108734131
77984,0.9620071649551392
61830,0.9627520442008972
86793,0.9575583934783936
3088,0.9482007622718811
92361,0.9550080299377441
70055,0.9644976258277893
7589,0.9528821110725403
7321,0.9566943645477295
53376,0.9708088636398315
61157,0.9459590911865234
19255,0.9692580103874207
52728,0.9611547589302063
92812,0.9466084241867065
7334,0.9527496099472046
77022,0.9847991466522217
1514,0.9626326560974121
3021,0.9544073939323425
72,0.9536707401275635
51949,0.9477216005325317
39748,0.9534666538238525
24668,0.9503917694091797
69159,0.9574495553970337
299,0.9362981915473938
88560,0.8982511162757874
53647,0.9679053425788879
37116,0.9554073214530945
88047,0.9567099809646606
104297,0.9709066152572632
18150,0.9328216910362244
41495,0.9471126794815063
87072,0.9193466305732727
84509,0.9502888321876526
66345,0.9471314549446106
85910,0.9592304229736328
93319,0.40170589089393616
99571,0.9530415534973145
69020,0.9292128086090088
45649,0.9529103636741638
19278,0.9531158208847046
39419,0.974901020526886
90724,0.926823616027832
29701,0.94336998462677
95971,0.9513614773750305
88105,0.9291055798530579
34031,0.9261739253997803
6197,0.9429885149002075
80768,0.9413791298866272
101621,0.9194756150245667
50213,0.953073263168335
29831,0.9558894038200378
97230,0.9492097496986389
6515,0.9581981301307678
44625,0.9622763991355896
80198,0.9601876139640808
31448,0.9499723315238953
92797,0.946240246295929
81488,0.9560734033584595
82624,0.9473336338996887
101000,0.9539464116096497
68204,0.9872450232505798
106980,0.9523297548294067
46656,0.955391526222229
29895,0.9518904685974121
48271,0.9624414443969727
59674,0.945198655128479
17209,0.96221524477005
70143,0.9649686813354492
22053,0.9705526828765869
29008,0.951551079750061
2770,0.9311742782592773
101525,0.9513757228851318
87696,0.9388525485992432
39562,0.9582964777946472
49435,0.9339085817337036
40823,0.9539878368377686
63705,0.9354254007339478
56819,0.9610618352890015
97881,0.9691066145896912
6760,0.9665044546127319
28540,0.9318258166313171
78209,0.940569281578064
91063,0.9365444183349609
102830,0.9440425038337708
18571,0.9348076581954956
40967,0.9466954469680786
64391,0.9566176533699036
71605,0.9517421722412109
8656,0.9548935294151306
23453,0.9362863302230835
8292,0.9615430235862732
68623,0.9533053040504456
70141,0.9489008188247681
93759,0.9275722503662109
47030,0.9581927061080933
56920,0.9504605531692505
58010,0.9521833658218384
71866,0.9699183106422424
7377,0.9640464782714844
6387,0.9609392881393433
73694,0.9340618848800659
34839,0.9592195153236389
8274,0.9371697306632996
10859,0.9583532810211182
98069,0.9568163752555847
50225,0.9653326869010925
33496,0.9549456238746643
97355,0.9590298533439636
77204,0.9569721221923828
51034,0.9465928077697754
98613,0.9668393135070801
102538,0.970811128616333
26262,0.9611493945121765
27246,0.9506704807281494
61517,0.96326744556427
48877,0.9501904249191284
97466,0.9658158421516418
20765,0.9588276743888855
50907,0.9495425224304199
20357,0.9469312429428101
89118,0.9457617402076721
88826,0.9396942257881165
79998,0.9509645700454712
23686,0.9664026498794556
44738,0.9637913107872009
47441,0.9567830562591553
26675,0.9506575465202332
89018,0.9716861248016357
54426,0.9553205966949463
26917,0.9616184234619141
39330,0.877483606338501
72454,0.9575594663619995
512,0.9732978343963623
27000,0.8897337317466736
16916,0.9474279880523682
82601,0.9513370990753174
50585,0.9528342485427856
90157,0.9534181952476501
99011,0.9694557189941406
11090,0.9513311386108398
56882,0.9580063223838806
46807,0.9506651163101196
26274,0.9491233825683594
21057,0.9549152851104736
107016,0.9357295632362366
29285,0.9424266219139099
26994,0.9524484872817993
54882,0.9486396312713623
97151,0.9527903199195862
101908,0.9510192275047302
58321,0.9444718360900879
72935,0.959526002407074
35038,0.9533666968345642
31558,0.8879404664039612
30229,0.9490377306938171
66387,0.9745607972145081
106184,0.9480063915252686
32157,0.9443166255950928
37322,0.952576220035553
97778,0.9338718056678772
100556,0.9544370174407959
21107,0.9493714570999146
14565,0.9573087096214294
106771,0.956987738609314
31702,0.9424848556518555
28968,0.9518330097198486
15262,0.9693858027458191
106853,0.9539223313331604
84107,0.9536718130111694
36081,0.9562850594520569
99310,0.9715560078620911
85288,0.9564924240112305
31700,0.9646865129470825
69457,0.9810338020324707
65445,0.9422973394393921
51328,0.9421334266662598
23469,0.95387864112854
41656,0.9597470760345459
68236,0.9701635241508484
4543,0.9578397274017334
105551,0.5823875665664673
106499,0.966331422328949
33682,0.9545665979385376
82662,0.9581971764564514
96711,0.9711389541625977
8946,0.9377050399780273
52833,0.9748167395591736
100177,0.9658940434455872
75365,0.9536347389221191
56614,0.9629872441291809
93146,0.9452882409095764
15623,0.9706064462661743
61031,0.9275963306427002
40030,0.9321549534797668
63009,0.9302322268486023
50512,0.9717317223548889
33745,0.9466167688369751
77126,0.9553274512290955
58831,0.9351742267608643
85528,0.9652627110481262
86769,0.9528496265411377
12353,0.9499175548553467
5033,0.9160252809524536
43805,0.9263362884521484
8236,0.9593424201011658
1005,0.9540433883666992
44333,0.9517562985420227
38577,0.9441030025482178
62334,0.9606149792671204
27401,0.9548735618591309
78839,0.9555384516716003
3940,0.9684764742851257
23793,0.9614173769950867
100263,0.9626420140266418
102002,0.7742202281951904
51731,0.9651237726211548
65989,0.9529402256011963
59878,0.9667308926582336
28048,0.956313967704773
77972,0.9403656721115112
105413,0.9539896249771118
10633,0.9490745663642883
84009,0.9395075440406799
69394,0.9562932252883911
68091,0.9663776159286499
12153,0.9439524412155151
83996,0.9510294795036316
94985,0.9431729912757874
84160,0.9624843001365662
102031,0.9530919194221497
88072,0.9409396648406982
54589,0.9548906087875366
6543,0.9520661234855652
1951,0.9477745890617371
80496,0.9499671459197998
28686,0.9542608261108398
46858,0.9592808485031128
24178,0.9452415108680725
15417,0.9570210576057434
61325,0.9736047983169556
96179,0.9540824890136719
19755,0.8382022976875305
80528,0.9626469016075134
35917,0.9527934789657593
85424,0.957239031791687
21490,0.7956508994102478
55313,0.92988121509552
13235,0.9351125955581665
17378,0.9485852718353271
3754,0.9391324520111084
7603,0.9461237192153931
38664,0.9486432075500488
75116,0.9524829983711243
65638,0.938478946685791
53353,0.9567381143569946
100516,0.9707255363464355
18288,0.9524034857749939
85445,0.9511502981185913
67231,0.9905423521995544
72174,0.960105299949646
34922,0.9511032700538635
71299,0.956476628780365
105802,0.9618567824363708
87938,0.9445866942405701
35328,0.9700753092765808
15184,0.9694344997406006
62637,0.9549164772033691
14237,0.9597152471542358
95613,0.949097216129303
9311,0.9621220827102661
6338,0.9548603892326355
66264,0.9462205767631531
72899,0.9525828957557678
100726,0.9380795955657959
86966,0.6164506077766418
75358,0.9438456892967224
65405,0.9504501223564148
16911,0.9606494307518005
8692,0.9512385129928589
100578,0.9367370009422302
84090,0.9507017135620117
45411,0.9523403644561768
90547,0.9551115036010742
62081,0.9576498866081238
89570,0.9547756314277649
105449,0.9510534405708313
66998,0.960801362991333
69996,0.9735278487205505
56064,0.9456038475036621
103577,0.9529116749763489
35449,0.9193026423454285
35385,0.9672873616218567
39853,0.9313180446624756
101610,0.9444699287414551
40619,0.933186948299408
17788,0.960602879524231
81583,0.9667351245880127
35278,0.9399304986000061
15496,0.958781898021698
46000,0.9600135684013367
1795,0.9512118697166443
43415,0.9446976184844971
291,0.9477592706680298
38181,0.9559081196784973
55029,0.9333372116088867
34803,0.9487873911857605
55045,0.9455187320709229
46367,0.9587293863296509
62574,0.9675047993659973
94354,0.932493269443512
96625,0.9602506160736084
21468,0.9622721076011658
76612,0.9591373801231384
19753,0.9647142291069031
34261,0.9478893876075745
56113,0.9468292593955994
15452,0.9545783400535583
27416,0.9548147320747375
48539,0.9643668532371521
85145,0.9629092216491699
18354,0.9499401450157166
18244,0.9598872065544128
55640,0.8906434178352356
47570,0.9532315135002136
74054,0.9518150687217712
5058,0.9324991703033447
17045,0.9465627074241638
105717,0.9367148876190186
29187,0.969162106513977
37420,0.9542349576950073
38161,0.9628517627716064
106344,0.9552400708198547
70853,0.9481945633888245
46322,0.9577201008796692
6538,0.9559981226921082
72697,0.9519577622413635
97920,0.9533947706222534
56360,0.9518352746963501
40525,0.9576528668403625
46536,0.9362149834632874
74034,0.9520976543426514
43594,0.9564391374588013
100866,0.9567884206771851
38073,0.9710818529129028
59899,0.9582569599151611
3724,0.9554885029792786
79957,0.9538700580596924
13422,0.9558415412902832
26786,0.9356176853179932
39319,0.30678102374076843
18657,0.9635434150695801
15823,0.9402356743812561
102599,0.9529776573181152
66427,0.9638685584068298
52079,0.9342858791351318
37002,0.9351775646209717
49086,0.9362505078315735
28115,0.839959979057312
98844,0.9485138654708862
27917,0.9623896479606628
64994,0.9510922431945801
72140,0.9709530472755432
35277,0.9243664741516113
53684,0.9428735971450806
93054,0.9649824500083923
44188,0.9330885410308838
49190,0.9574838876724243
15979,0.95188969373703
50195,0.9628341794013977
5878,0.9566087126731873
43508,0.9528407454490662
62207,0.9632833003997803
76999,0.9504274725914001
30839,0.9300842881202698
40160,0.9535396695137024
86895,0.9754465222358704
104572,0.9263423681259155
20661,0.9631417989730835
94376,0.9616991281509399
549,0.9521881341934204
33591,0.9418177604675293
32334,0.9490925669670105
80680,0.9462317824363708
66911,0.933325469493866
101640,0.9639520645141602
55786,0.9447861909866333
50889,0.956977128982544
47434,0.9646117091178894
80157,0.9294724464416504
73354,0.9485098719596863
30185,0.9273510575294495
21137,0.9360080361366272
36235,0.9529683589935303
65221,0.9518928527832031
100973,0.9668859839439392
41736,0.9528204202651978
60659,0.944902241230011
55254,0.9566897749900818
97165,0.9621162414550781
45498,0.9543737173080444
36819,0.9405966997146606
2263,0.9147540926933289
19482,0.9631462693214417
481,0.9256014823913574
83893,0.9570742249488831
81124,0.9660941362380981
99520,0.9717037677764893
57905,0.9347449541091919
11179,0.9632788896560669
88133,0.9675772190093994
84405,0.9541024565696716
55684,0.9286686182022095
90310,0.9467757940292358
39133,0.9373961091041565
10350,0.9598272442817688
27036,0.9487881660461426
29858,0.9623380899429321
68022,0.9540860652923584
89283,0.9561803936958313
70631,0.6631537079811096
28055,0.9477008581161499
62587,0.9537673592567444
102721,0.9571322798728943
105913,0.9533410668373108
94589,0.956550121307373
56437,0.963175892829895
40514,0.9534754157066345
102125,0.9523350596427917
40771,0.9741662740707397
44858,0.9603438973426819
98624,0.9524533152580261
92222,0.9534175395965576
11344,0.9501202702522278
14991,0.9518552422523499
101078,0.9637978076934814
96328,0.9564266800880432
19565,0.9614346623420715
84603,0.954060435295105
70089,0.956032395362854
87015,0.9546058773994446
75449,0.9603880047798157
51372,0.9480510354042053
32632,0.9583653211593628
22313,0.9683700203895569
39923,0.9051342606544495
12179,0.9706982374191284
59346,0.9658738970756531
26935,0.953403890132904
55296,0.9503362774848938
106127,0.9537648558616638
43033,0.9532385468482971
7375,0.9525081515312195
738,0.9579049348831177
83984,0.9470506310462952
71556,0.7517521381378174
24649,0.9491577744483948
46866,0.9527701735496521
1177,0.9692171216011047
55964,0.967770516872406
70811,0.9588527083396912
3101,0.9535316824913025
56164,0.9529358148574829
99319,0.946490466594696
63891,0.9698570370674133
42324,0.9535126686096191
19250,0.9556147456169128
3836,0.9712490439414978
66176,0.9515437483787537
21763,0.9492795467376709
97198,0.9613972306251526
65280,0.8779820203781128
22078,0.9526853561401367
34758,0.9656240940093994
28904,0.9517030715942383
98450,0.9682429432868958
22911,0.9671313166618347
66745,0.9495292901992798
22343,0.9519950151443481
16396,0.9648298621177673
35882,0.9565946459770203
75364,0.872237503528595
6319,0.9516137838363647
7977,0.9498584866523743
56091,0.9748079180717468
21635,0.9504151344299316
57416,0.9635677337646484
31734,0.9628225564956665
24139,0.9571487903594971
30143,0.9428672790527344
27508,0.9572319984436035
7109,0.9513950347900391
28644,0.9626197218894958
41673,0.9487915635108948
49619,0.9443952441215515
18491,0.9455194473266602
95292,0.9699982404708862
9760,0.9529168605804443
10222,0.9585727453231812
80480,0.9590084552764893
53545,0.9639731645584106
20625,0.954908013343811
77596,0.9452320337295532
22175,0.9537043571472168
33721,0.9449679255485535
105986,0.956463098526001
16798,0.9502196907997131
89143,0.9561334252357483
63701,0.9522160291671753
44219,0.9531568884849548
54963,0.9547208547592163
39620,0.9654726982116699
56293,0.9636328220367432
54135,0.9532377123832703
95599,0.9660028219223022
17022,0.9556348919868469
49880,0.9342289566993713
28119,0.9589759111404419
71651,0.9762178659439087
47348,0.9572003483772278
81945,0.9526457786560059
50920,0.9562645554542542
90637,0.9542458057403564
55655,0.9551077485084534
62941,0.9595629572868347
64372,0.96413654088974
7304,0.969903290271759
32520,0.9602662920951843
71344,0.9562726020812988
58410,0.9528790712356567
13184,0.9723430871963501
44331,0.9388459324836731
43791,0.9530143737792969
17232,0.981502890586853
54897,0.9537730813026428
765,0.9469017386436462
37380,0.9505591988563538
81060,0.9566605091094971
68905,0.9687590003013611
83301,0.951561450958252
42923,0.9612026810646057
23076,0.5152394771575928
10281,0.9450626969337463
31748,0.9542623162269592
67737,0.9652335047721863
65211,0.9521955847740173
70362,0.9675838947296143
26257,0.9704617261886597
56940,0.9530748128890991
65813,0.9507685303688049
92988,0.9546833634376526
16122,0.9500989317893982
84680,0.9543988108634949
27274,0.9385008811950684
16499,0.9569634795188904
55898,0.9451797008514404
24751,0.9577980637550354
89006,0.9412086009979248
6031,0.9559251070022583
1205,0.9449134469032288
51698,0.9439946413040161
67654,0.9577133059501648
25205,0.9322428107261658
80702,0.9421210289001465
52308,0.9388148188591003
87803,0.9333998560905457
94807,0.9636474847793579
93477,0.9455874562263489
53829,0.944146990776062
84772,0.9563913345336914
228,0.9509849548339844
37489,0.9539541006088257
20495,0.9610761404037476
90411,0.9596586227416992
19363,0.9659724235534668
4982,0.7345265746116638
79133,0.9437278509140015
97768,0.9519004225730896
89516,0.9517526626586914
42386,0.9510650634765625
83318,0.9559778571128845
16592,0.9628645777702332
98504,0.9540494680404663
26521,0.9486199021339417
33722,0.9718945026397705
19597,0.9508295059204102
16796,0.9573760032653809
32394,0.9720163345336914
9792,0.9494609236717224
80507,0.8057238459587097
66828,0.9318482875823975
36837,0.9658874869346619
89000,0.9574286937713623
90354,0.9442685842514038
24923,0.9357127547264099
78251,0.9614050388336182
71058,0.9629485607147217
4675,0.9780087471008301
78882,0.9647154808044434
66181,0.9627768397331238
106231,0.9708114266395569
44901,0.9575778841972351
104733,0.6896679997444153
52939,0.9477663636207581
54295,0.955782949924469
47718,0.9608356356620789
96189,0.9569708108901978
71678,0.935507595539093
21975,0.961967408657074
23230,0.9495970010757446
74979,0.9687503576278687
31343,0.9503856301307678
37690,0.9655423760414124
64014,0.9591715335845947
79553,0.9727253317832947
17285,0.9435644745826721
18395,0.9652441740036011
102935,0.9589092135429382
44006,0.9604593515396118
53481,0.9659147262573242
80909,0.9513878226280212
86409,0.9375033974647522
83439,0.9469891786575317
66298,0.934406578540802
102980,0.960826575756073
36916,0.9469445943832397
83407,0.9412480592727661
102149,0.9476670026779175
57269,0.9563941955566406
72800,0.9528736472129822
93810,0.945685625076294
89535,0.963599443435669
79225,0.9534571766853333
74314,0.9541228413581848
89169,0.950525164604187
96248,0.9460161328315735
95740,0.9365636706352234
64451,0.936448872089386
58200,0.9640362858772278
63294,0.947767972946167
99139,0.9510505199432373
43370,0.9663474559783936
89845,0.9381821155548096
3479,0.958231508731842
23489,0.9569520354270935
70085,0.9598135352134705
54886,0.9507024884223938
94038,0.9524129033088684
91086,0.9622561931610107
47252,0.9515351057052612
69541,0.942738950252533
95949,0.9527279734611511
17451,0.9565687775611877
30838,0.9446796774864197
58315,0.9494755864143372
73213,0.951441764831543
30924,0.9524726867675781
32505,0.9500807523727417
103443,0.9564825296401978
79900,0.9299332499504089
64862,0.9626637101173401
30456,0.9769552946090698
99152,0.9585680365562439
1901,0.9574286937713623
17049,0.9505282640457153
5894,0.9392253160476685
10665,0.9498743414878845
30536,0.9518217444419861
50878,0.9500457048416138
92809,0.9704327583312988
39864,0.957073986530304
101957,0.9441850185394287
57285,0.9390572905540466
14329,0.9555394053459167
66872,0.9525905847549438
94020,0.952574610710144
48685,0.9621059894561768
27119,0.9584697484970093
46397,0.948699951171875
10133,0.8293323516845703
36017,0.947509229183197
37527,0.9611286520957947
76263,0.9630014896392822
2560,0.9362437129020691
2662,0.9699404835700989
106427,0.9528698921203613
40163,0.953676164150238
100345,0.9492276906967163
98682,0.968471109867096
25789,0.949051558971405
67820,0.9599176645278931
59591,0.9307129383087158
2269,0.9539449214935303
19494,0.948813259601593
79641,0.953046441078186
14432,0.9438291192054749
94686,0.9638379216194153
46365,0.958497166633606
52584,0.9709503650665283
89365,0.9627707600593567
81199,0.9535274505615234
70712,0.9480409026145935
63089,0.9446020126342773
52567,0.9503540396690369
41571,0.9503689408302307
47361,0.9522984027862549
73083,0.9395851492881775
90557,0.9498656988143921
64735,0.9569516181945801
71108,0.9627556204795837
87464,0.9623478055000305
70003,0.9540430903434753
17270,0.9560422301292419
20924,0.9460971355438232
27207,0.9342964887619019
93294,0.9650910496711731
19858,0.9413975477218628
22,0.943867564201355
49371,0.9629498720169067
85587,0.9409555196762085
65258,0.9668224453926086
81090,0.9531440138816833
28146,0.9339011311531067
68187,0.9398179054260254
39921,0.9534870982170105
26644,0.9571040272712708
43284,0.9477880001068115
94367,0.9668457508087158
72801,0.9377126097679138
14197,0.9598889946937561
26273,0.9249840378761292
61001,0.9554866552352905
47789,0.9755563139915466
67460,0.9380673170089722
57393,0.9459500908851624
36379,0.9534217715263367
94624,0.9047729969024658
615,0.9597565531730652
72048,0.9431171417236328
66036,0.9671204090118408
14899,0.9331122040748596
105042,0.9693592190742493
99430,0.954002857208252
18239,0.9597502946853638
15965,0.931434154510498
72704,0.9669545292854309
13018,0.9677131772041321
23958,0.9633598327636719
41950,0.9443299174308777
105425,0.946757435798645
87752,0.9703441858291626
7327,0.9276542067527771
16772,0.9303098917007446
13973,0.9547421336174011
27322,0.9483164548873901
55624,0.9627297520637512
83263,0.954533040523529
29260,0.9738328456878662
8978,0.9575080275535583
17217,0.665276050567627
35489,0.9319733381271362
43040,0.9485623240470886
90491,0.9526190161705017
34960,0.9153469204902649
99779,0.9787629246711731
9631,0.9607109427452087
82917,0.958764374256134
28657,0.940125048160553
72365,0.9503394365310669
24415,0.9466055035591125
84084,0.9587990641593933
4944,0.9501622319221497
81767,0.9558337330818176
100930,0.953740656375885
30692,0.9507489204406738
56344,0.9677467942237854
98782,0.9375006556510925
2164,0.9507250189781189
24949,0.9547665119171143
103937,0.9530021548271179
93064,0.9525707960128784
37866,0.9428033828735352
23562,0.9433112740516663
105861,0.9535428285598755
20541,0.9216713905334473
88399,0.9404932260513306
37955,0.9444336295127869
31536,0.9345304369926453
46676,0.9583381414413452
35175,0.9590182304382324
100936,0.9701135754585266
101447,0.5752350091934204
11041,0.9589186906814575
42194,0.9235048294067383
99532,0.9655351638793945
46596,0.9531332850456238
21233,0.9312997460365295
27154,0.9584879279136658
53112,0.9510987401008606
5790,0.9227632284164429
64198,0.947555661201477
70538,0.9690791368484497
26779,0.9469403028488159
1691,0.952036440372467
81757,0.828889012336731
15392,0.9468066096305847
1332,0.9590267539024353
53535,0.9454640746116638
102852,0.9499959945678711
105946,0.9531969428062439
10256,0.9427713751792908
82927,0.9853925108909607
30371,0.9556105136871338
46489,0.9677847027778625
58019,0.9468938112258911
71955,0.9586905837059021
37356,0.9233189225196838
42292,0.9572963714599609
20087,0.932549774646759
24074,0.9482448101043701
64692,0.9342376589775085
96112,0.9485981464385986
55120,0.9599997997283936
51971,0.9377973079681396
27252,0.9599764347076416
77781,0.9558327198028564
13135,0.9663379788398743
33840,0.9509959816932678
78330,0.9563754200935364
84185,0.9624419212341309
42654,0.9612611532211304
17109,0.9610218405723572
60530,0.947208046913147
32772,0.9570823907852173
49208,0.9338929057121277
94561,0.9123393297195435
16723,0.9644500613212585
79821,0.5271651148796082
6106,0.962297260761261
78275,0.9315442442893982
7689,0.9615488648414612
2328,0.9456658959388733
66480,0.9443256258964539
37355,0.9527047276496887
80884,0.9475657343864441
103705,0.7335062623023987
59714,0.9452898502349854
100837,0.8756356835365295
56301,0.9449694156646729
5411,0.9550948739051819
9658,0.9407206177711487
39760,0.9543169140815735
23202,0.9540929794311523
48343,0.9790367484092712
91294,0.9547510743141174
74660,0.960540235042572
6399,0.9589128494262695
9119,0.9416213631629944
58061,0.9768062829971313
28351,0.9491944909095764
105514,0.9499365091323853
53114,0.9475926160812378
20750,0.958362877368927
46578,0.9750256538391113
52358,0.965848445892334
98343,0.9409141540527344
89694,0.9568593502044678
12697,0.9503560066223145
73166,0.942618191242218
80002,0.9524168968200684
41069,0.9369757175445557
2034,0.9532465934753418
8928,0.9533848166465759
68185,0.9603851437568665
83161,0.9518815875053406
12405,0.9459481835365295
3471,0.9539288282394409
66568,0.9664942026138306
105055,0.9556248784065247
67896,0.9560049772262573
15905,0.9637036919593811
65908,0.9546132683753967
54125,0.9495012164115906
4385,0.963802695274353
41533,0.9713398218154907
4209,0.95915287733078
6676,0.8968744277954102
54989,0.9526002407073975
46181,0.841693103313446
61799,0.9518591165542603
22469,0.944592297077179
107157,0.9569078087806702
20637,0.9319345951080322
57612,0.9398430585861206
83711,0.9526507258415222
39352,0.9553534388542175
7947,0.9570074677467346
7607,0.9645910859107971
68904,0.9526375532150269
37781,0.9539445638656616
79615,0.9368364810943604
18733,0.9669761657714844
12398,0.950588583946228
66207,0.9547827839851379
56608,0.9694291353225708
102448,0.9535805583000183
12244,0.9040424227714539
4832,0.9528689980506897
42673,0.9508514404296875
903,0.9579946994781494
37244,0.9625015258789062
69436,0.9598888754844666
25689,0.9736203551292419
39049,0.9517839550971985
102646,0.4261482357978821
68325,0.9509590864181519
57463,0.9620469808578491
48178,0.9343756437301636
23014,0.9622766375541687
80092,0.9569529294967651
103270,0.9319448471069336
23921,0.9436297416687012
64591,0.9552630186080933
91253,0.9442736506462097
31515,0.9561591744422913
26218,0.9391797780990601
15596,0.9413409233093262
13413,0.94693922996521
11049,0.9588248133659363
82461,0.9607375860214233
11982,0.9695315361022949
65915,0.9516716599464417
40511,0.9468836784362793
22433,0.965394914150238
58141,0.9514949917793274
2750,0.9515339136123657
25979,0.9640390276908875
10155,0.9386454820632935
99776,0.9672333598136902
40215,0.9537248611450195
105401,0.9635382294654846
2384,0.9566349983215332
69519,0.9473499059677124
83363,0.9557867646217346
37895,0.9618378281593323
98191,0.9639001488685608
98740,0.9618000984191895
88686,0.9647426605224609
106492,0.9537951350212097
74955,0.96169114112854
39688,0.9449191689491272
86780,0.9375734925270081
28423,0.9514479041099548
54109,0.938912034034729
72700,0.9517210125923157
60079,0.9457115530967712
68108,0.9475622177124023
72120,0.9379329681396484
40885,0.9501723647117615
101144,0.9564215540885925
68920,0.9463645219802856
8266,0.9538667798042297
29163,0.982150137424469
57837,0.9566494226455688
26281,0.9632940292358398
81402,0.9496689438819885
39021,0.9427984952926636
61529,0.9427393674850464
52587,0.9432833194732666
56985,0.9262425303459167
63064,0.9464094638824463
94357,0.9531381726264954
91353,0.9512127041816711
85931,0.9689213633537292
4918,0.8086727261543274
50729,0.9407389760017395
57826,0.9597482085227966
71191,0.9531530737876892
105774,0.9651183485984802
10023,0.9533603191375732
41218,0.8555988669395447
98238,0.9449036717414856
37995,0.9550147652626038
83325,0.9578845500946045
51447,0.9355031251907349
94497,0.9494175314903259
30670,0.9275039434432983
13858,0.9388471841812134
34727,0.9553335309028625
52123,0.9507717490196228
52200,0.9635051488876343
21611,0.9557095766067505
65726,0.95658940076828
36502,0.955945611000061
102741,0.9414722323417664
92910,0.9678632020950317
66329,0.962203860282898
46266,0.9082142114639282
93789,0.9557148218154907
74483,0.9541488885879517
82877,0.967649519443512
19578,0.9354878067970276
3150,0.9439718723297119
7795,0.9522189497947693
100091,0.9529420733451843
83204,0.9492939710617065
80606,0.9676785469055176
44874,0.9557880759239197
93047,0.9399638772010803
93488,0.9631333351135254
1805,0.9532607793807983
62917,0.9695326685905457
17899,0.955993115901947
3849,0.9475141167640686
7118,0.9477840065956116
88547,0.951652467250824
97092,0.944858193397522
44105,0.9561739563941956
37481,0.9756048917770386
33563,0.9453557133674622
61042,0.9616984724998474
41714,0.9382287859916687
70454,0.9540941119194031
59857,0.9584420919418335
51036,0.9530389904975891
69184,0.9471100568771362
3234,0.9566588997840881
74841,0.947755753993988
23186,0.9488545060157776
27181,0.962721586227417
100045,0.9470868706703186
28886,0.9516301155090332
73093,0.9619045257568359
900,0.8995878100395203
19020,0.95625901222229
88602,0.9486292600631714
22700,0.9452373385429382
7526,0.9505168795585632
33457,0.9508407711982727
76909,0.9558091163635254
35423,0.953455924987793
81166,0.9537182450294495
13660,0.9495607614517212
14412,0.9585742354393005
15714,0.959991455078125
22063,0.9532694220542908
61727,0.9604308009147644
106614,0.9569100141525269
87164,0.9444445967674255
46710,0.9544402956962585
19162,0.954060971736908
3254,0.9640778303146362
9038,0.9548203945159912
95150,0.9473629593849182
95704,0.9643031358718872
83830,0.9445918202400208
71414,0.955877959728241
38616,0.9444625973701477
103614,0.9503800272941589
88630,0.9444265365600586
52521,0.9515038132667542
93076,0.9514119625091553
89485,0.9583034515380859
40660,0.9529989957809448
62817,0.9491150379180908
34049,0.9601758718490601
43571,0.9681780338287354
60077,0.9593599438667297
40460,0.9612513780593872
22185,0.9730726480484009
15237,0.9529627561569214
66961,0.9387113451957703
67110,0.9562513828277588
40897,0.9470229148864746
80317,0.9503410458564758
83200,0.9441193342208862
25955,0.9418743252754211
60010,0.9546767473220825
912,0.9356682896614075
21643,0.959790050983429
30001,0.9349949955940247
71796,0.9574094414710999
74445,0.9436339139938354
14690,0.7012118101119995
45915,0.9550696611404419
71040,0.9278769493103027
19444,0.946420431137085
101898,0.9062104225158691
19483,0.9687821269035339
45070,0.9481722712516785
96007,0.95637446641922
8226,0.9890468716621399
14087,0.9550344347953796
19621,0.961775541305542
68803,0.940588653087616
28496,0.9560604095458984
15223,0.9660604596138
71389,0.9542559385299683
18222,0.9514035582542419
63426,0.9526404738426208
2400,0.9504262208938599
90638,0.9589865207672119
93030,0.9581717848777771
47044,0.9658249616622925
95745,0.850623369216919
93733,0.9423808455467224
9250,0.95427405834198
12306,0.9358596801757812
64916,0.9658693075180054
97639,0.9627330899238586
93987,0.9475026726722717
69833,0.9505539536476135
65147,0.961700975894928
1571,0.9712945818901062
52732,0.9431605935096741
24727,0.9593432545661926
36305,0.9468873739242554
33909,0.9517243504524231
36684,0.9212256669998169
88787,0.9601944088935852
5125,0.9644262790679932
96456,0.9641768932342529
100451,0.9670066833496094
672,0.963485062122345
2769,0.9510349035263062
9242,0.9401369690895081
36840,0.9731947779655457
92915,0.9647918939590454
53862,0.9517638683319092
92411,0.9471560716629028
2898,0.9200596809387207
19531,0.9140469431877136
47770,0.9402902126312256
94350,0.949003279209137
89205,0.9538699388504028
59271,0.9478079080581665
73559,0.9508429169654846
35876,0.9535950422286987
1124,0.9606658220291138
55758,0.9564085602760315
27800,0.9508885145187378
95921,0.9492893815040588
90850,0.9667715430259705
67816,0.9490969777107239
70511,0.9582353830337524
12435,0.9529559016227722
82454,0.9432901740074158
78358,0.9573142528533936
46740,0.9557397365570068
100956,0.9467171430587769
92319,0.9555006623268127
18044,0.9353097677230835
23905,0.9433135390281677
5811,0.9179882407188416
81252,0.9356912970542908
62867,0.9559603929519653
41210,0.9574583768844604
43549,0.9595192670822144
103807,0.8138901591300964
60885,0.9006419777870178
7522,0.958685576915741
85303,0.9709516763687134
106575,0.9600622057914734
20611,0.9619472622871399
71692,0.9607793688774109
2623,0.9562031626701355
35836,0.9399124979972839
20442,0.9575696587562561
61523,0.9616816639900208
77677,0.9513686299324036
80546,0.9515924453735352
36731,0.9639054536819458
406,0.9644187688827515
76807,0.9490814208984375
30786,0.9566431045532227
33955,0.9250313639640808
97280,0.9393589496612549
59464,0.9514915943145752
67539,0.9697110652923584
24006,0.9627853035926819
10504,0.9328137040138245
4761,0.9675740003585815
17116,0.9480639100074768
45348,0.9557119607925415
27158,0.9456435441970825
95018,0.958573579788208
52617,0.9717838168144226
92514,0.9557458162307739
16579,0.9441981911659241
88082,0.9523099660873413
63377,0.9075871109962463
100532,0.9430232048034668
57329,0.9516746997833252
16635,0.9584172964096069
6974,0.9432034492492676
17773,0.9556761384010315
8296,0.9651679992675781
99140,0.9315952658653259
55910,0.9482866525650024
18845,0.9404186606407166
75295,0.9242933392524719
21725,0.9549828171730042
22226,0.9348229169845581
96840,0.9514204263687134
70051,0.9531179070472717
34100,0.9572045803070068
57844,0.9503065943717957
70993,0.9530927538871765
66414,0.9557586908340454
46674,0.9376174211502075
93752,0.9541224241256714
92435,0.9134255647659302
37500,0.9430327415466309
56853,0.9488690495491028
9443,0.9514168500900269
99816,0.9732151031494141
8717,0.8442299962043762
75599,0.9475298523902893
81971,0.9639624953269958
85158,0.9539008736610413
39350,0.962000846862793
52049,0.9408732056617737
82140,0.9604688286781311
6755,0.9506092667579651
20683,0.9497595429420471
83701,0.9062920808792114
75241,0.9452006220817566
95970,0.9449265599250793
101659,0.9499477744102478
47233,0.9563287496566772
86028,0.9414473176002502
41131,0.953672468662262
54595,0.9452552199363708
77569,0.9498032331466675
11808,0.9570932984352112
92335,0.9452006220817566
77221,0.9550366997718811
58213,0.9463855028152466
81687,0.9383950233459473
88983,0.9331648349761963
103781,0.9276788234710693
5839,0.9342054128646851
50704,0.9559550881385803
41307,0.9467811584472656
66524,0.9458064436912537
66762,0.9548195004463196
37291,0.9544795751571655
35582,0.9539580345153809
95763,0.9459571242332458
57070,0.9572359323501587
98262,0.9163379073143005
102454,0.9499549865722656
77409,0.9492536783218384
96948,0.9522570967674255
63730,0.9532251358032227
96065,0.9533064961433411
19142,0.9372437596321106
80975,0.7827620506286621
45052,0.9800553321838379
72532,0.9535293579101562
35240,0.9538650512695312
4074,0.9597636461257935
3116,0.9508933424949646
40238,0.9664809107780457
83980,0.9670653343200684
71077,0.850814163684845
36494,0.9548871517181396
102186,0.9839292764663696
8686,0.961155891418457
33403,0.9595414400100708
94903,0.958321750164032
98535,0.9555086493492126
21363,0.9705698490142822
27301,0.9555501937866211
62190,0.9530437588691711
194,0.9520373940467834
59599,0.960331916809082
41074,0.9598440527915955
27736,0.9808161854743958
68224,0.9623967409133911
2846,0.9349970817565918
73329,0.9633772969245911
5316,0.9644816517829895
2706,0.9408590197563171
18783,0.9520450830459595
7565,0.959028422832489
71519,0.94821697473526
51119,0.9468279480934143
73556,0.9546657800674438
3629,0.9498893022537231
96197,0.9486731290817261
76831,0.9430509805679321
41283,0.9711357951164246
57436,0.9562162756919861
55158,0.9464184045791626
13294,0.9437774419784546
36363,0.968055248260498
92465,0.9531576633453369
12609,0.9257610440254211
73237,0.9524168968200684
106084,0.9664116501808167
425,0.9548273682594299
16773,0.9578325152397156
102694,0.8698721528053284
75930,0.9515361785888672
76772,0.9173516035079956
73463,0.9496170878410339
35492,0.9398860335350037
100962,0.9727064967155457
58898,0.9397925734519958
18809,0.9696398973464966
76369,0.9633715748786926
103775,0.9612469673156738
50947,0.9519084095954895
107105,0.9537943601608276
52820,0.9713219404220581
35491,0.9689351320266724
23943,0.9597521424293518
28067,0.9527683258056641
2091,0.9619174599647522
19327,0.9545316100120544
45743,0.9645883440971375
11684,0.9554076194763184
37212,0.9638749957084656
98860,0.9587326645851135
70244,0.9745226502418518
87254,0.9513486623764038
81809,0.9422763586044312
39662,0.9643995761871338
18993,0.9798388481140137
102329,0.9546381831169128
71104,0.5052571892738342
103136,0.9431215524673462
62301,0.9393465518951416
97951,0.9538528919219971
12261,0.949850857257843
29607,0.947973370552063
64961,0.958264946937561
105560,0.9636533260345459
14058,0.9605230689048767
25224,0.9601693749427795
97216,0.8921695351600647
66479,0.9739930629730225
43400,0.9639489650726318
103361,0.9480103254318237
71857,0.960789144039154
102951,0.9445221424102783
70474,0.9434841275215149
1561,0.9549983143806458
1056,0.9515014290809631
5929,0.9535314440727234
3326,0.9547555446624756
472,0.9782640933990479
105328,0.96028733253479
18584,0.9591941833496094
14336,0.9471248388290405
38718,0.9562476873397827
81705,0.9508106708526611
90578,0.9778327345848083
21136,0.944530725479126
96526,0.9604994058609009
70688,0.9425731897354126
32076,0.9346505999565125
79227,0.9642602205276489
70403,0.9747650623321533
36172,0.9519383311271667
69145,0.9377930760383606
79692,0.9498245120048523
92917,0.9532955288887024
85506,0.95420241355896
15441,0.9574493169784546
102805,0.9503164887428284
53322,0.7546656131744385
53628,0.9520726203918457
67053,0.9496537446975708
49664,0.9541015625
52379,0.9644140005111694
89927,0.9509206414222717
79306,0.9556012749671936
61848,0.9477920532226562
59894,0.9641150832176208
6343,0.9506775140762329
49379,0.9497014284133911
43932,0.9700915813446045
51891,0.9411501884460449
47684,0.9583691358566284
42368,0.947746753692627
94677,0.9598095417022705
81349,0.950982391834259
101549,0.9609048366546631
102583,0.9680717587471008
102751,0.9594917297363281
73545,0.9362804889678955
87746,0.9494479298591614
91360,0.975329577922821
50130,0.9547947645187378
86506,0.9500916600227356
43251,0.9634009003639221
82991,0.9011693596839905
1196,0.9670228362083435
35346,0.9404686689376831
95915,0.9510678052902222
50942,0.9619854092597961
94004,0.963887095451355
67116,0.5539753437042236
85848,0.9560112953186035
92443,0.9669647812843323
27564,0.9378734230995178
1052,0.9431923031806946
56865,0.9459027647972107
71213,0.9536476731300354
97167,0.9265579581260681
31611,0.9584171175956726
97081,0.9568770527839661
85914,0.9554479122161865
77780,0.9469618797302246
79735,0.9568416476249695
38070,0.9573276042938232
104624,0.9604163765907288
85892,0.9294145107269287
61573,0.9628652334213257
106356,0.9443421959877014
32933,0.9643486142158508
68606,0.9560964703559875
26191,0.9484162330627441
72996,0.9657258987426758
14888,0.9713871479034424
15547,0.9572855234146118
82169,0.961847186088562
79334,0.9676625728607178
71949,0.9513924717903137
34097,0.9546432495117188
34726,0.9491252303123474
35190,0.957114040851593
102937,0.9409699440002441
47205,0.89349764585495
53487,0.9660178422927856
32023,0.96104496717453
84844,0.9425005912780762
31030,0.9531034231185913
594,0.9279431700706482
95995,0.9275472164154053
29256,0.9390933513641357
28103,0.9737262725830078
101705,0.9599189758300781
54597,0.95418381690979
86133,0.9626418948173523
48719,0.9508824348449707
13481,0.9546265602111816
56647,0.9556056261062622
103100,0.9350584745407104
61338,0.9470205903053284
1745,0.9482822418212891
44981,0.5488138794898987
21909,0.9457757472991943
63191,0.9442098736763
105688,0.954704999923706
50576,0.9527957439422607
59004,0.48613446950912476
78710,0.9490876793861389
81266,0.9579189419746399
53011,0.9663024544715881
59454,0.9522108435630798
62370,0.9597802758216858
15436,0.9441066980361938
47496,0.9485576152801514
46929,0.939903736114502
31547,0.9237685203552246
40230,0.9389723539352417
72864,0.9588844776153564
96419,0.9520647525787354
100337,0.9292663335800171
16843,0.958625853061676
31034,0.9478555917739868
21759,0.9545230269432068
46175,0.8904201984405518
30282,0.7118447422981262
38301,0.9550075531005859
29861,0.9467008113861084
31215,0.9517082571983337
75124,0.9378682971000671
49611,0.9613334536552429
79184,0.9725130796432495
98827,0.9572204351425171
53215,0.9637492895126343
67845,0.9524533152580261
103204,0.9572935104370117
30524,0.9818928241729736
59626,0.9716014862060547
74164,0.9388391971588135
33755,0.9632273316383362
86222,0.965294361114502
41359,0.7978773713111877
88380,0.9512101411819458
34779,0.9454691410064697
20786,0.9469121098518372
27313,0.9712224006652832
1923,0.955289363861084
50465,0.9536445140838623
18269,0.9644962549209595
101096,0.4962889850139618
51741,0.9765815734863281
2655,0.9505147337913513
51362,0.9600023627281189
28358,0.9681738615036011
89742,0.9471198320388794
79000,0.9595689177513123
20164,0.9321483373641968
27133,0.9527753591537476
22732,0.9711760878562927
56571,0.9649080038070679
67016,0.9666955471038818
75456,0.9494861960411072
17639,0.9526691436767578
72842,0.9403144121170044
12597,0.9562426209449768
6071,0.9449530243873596
67489,0.9675388336181641
43846,0.9537904262542725
7860,0.9484456181526184
46167,0.9603018164634705
1043,0.956973671913147
19831,0.9544973969459534
36952,0.9532902240753174
14413,0.9701979756355286
101104,0.9559050798416138
29305,0.9544926285743713
14320,0.9658824801445007
83868,0.961164116859436
19295,0.9053012132644653
50380,0.9641311168670654
41683,0.9557712078094482
11830,0.9529423117637634
76290,0.9652605056762695
27478,0.9476014971733093
10160,0.9506673812866211
34859,0.9584958553314209
17876,0.9510341286659241
89367,0.9532840847969055
62132,0.959227442741394
79903,0.9518171548843384
99802,0.949397087097168
91027,0.967395544052124
31945,0.9502923488616943
103290,0.9410790205001831
77395,0.9567685723304749
39151,0.9354409575462341
14446,0.9685484766960144
56349,0.9479546546936035
84526,0.9376442432403564
62866,0.9713308215141296
48188,0.9581893682479858
1284,0.9517533183097839
34337,0.9528777599334717
73565,0.9602017998695374
93997,0.9554330706596375
94490,0.9401815533638
104352,0.9032795429229736
96339,0.949220597743988
85425,0.9524988532066345
1773,0.9416853785514832
81364,0.9549183249473572
7846,0.9463657736778259
67297,0.9701727032661438
4437,0.9447416067123413
83380,0.9434641003608704
32965,0.953978955745697
11367,0.9607892632484436
11935,0.9285765290260315
67673,0.9412521719932556
73183,0.9390925168991089
106947,0.9530186057090759
61526,0.9381811618804932
19961,0.9627370238304138
64622,0.9570533633232117
45930,0.9548836350440979
31971,0.9500066637992859
75761,0.9607837796211243
63725,0.9519004821777344
76687,0.9601271748542786
92060,0.957446813583374
100387,0.9528928995132446
98217,0.9636179208755493
81871,0.9516238570213318
16317,0.9545773267745972
66790,0.9622045755386353
82663,0.9600157737731934
73834,0.9545367360115051
21347,0.9489314556121826
86955,0.9572327733039856
86852,0.9501794576644897
68457,0.9506937861442566
88093,0.9614701867103577
81164,0.9471303820610046
61819,0.9491236209869385
13012,0.9553952217102051
13155,0.9483387470245361
15783,0.9491986036300659
15673,0.9714238047599792
35925,0.9777253866195679
106969,0.976378858089447
25640,0.9441359043121338
97931,0.9516066908836365
50074,0.9505767822265625
29649,0.946216881275177
91931,0.9532776474952698
61722,0.9499759674072266
20287,0.9608839154243469
76463,0.9530400633811951
62710,0.9441902041435242
35255,0.9321876168251038
85906,0.9565418362617493
11618,0.9443999528884888
94378,0.824433445930481
100329,0.9665233492851257
17723,0.948080837726593
39882,0.7863560914993286
11795,0.9688435792922974
66789,0.5093920230865479
102765,0.9497258067131042
13650,0.9530153870582581
97337,0.9557918906211853
23806,0.9557876586914062
34279,0.9488105773925781
98949,0.9492899775505066
82142,0.9473632574081421
15659,0.9533332586288452
63656,0.9678797721862793
40763,0.9410468935966492
80836,0.9508512020111084
104849,0.8516700863838196
86473,0.9603406190872192
51194,0.9558503031730652
66403,0.9483234286308289
271,0.9596899747848511
2273,0.9522019624710083
81275,0.9522020816802979
14715,0.9610133767127991
57319,0.9537373185157776
35197,0.952582061290741
98220,0.9537128210067749
94959,0.9480085372924805
91613,0.9641410112380981
94534,0.9416553974151611
81910,0.946093738079071
76649,0.9386201500892639
23354,0.9521775245666504
40827,0.9548532366752625
78654,0.9490218162536621
73369,0.9364072680473328
67659,0.9576904773712158
34111,0.9660857915878296
102361,0.9647323489189148
37171,0.9512434601783752
27744,0.970179557800293
53767,0.9739930033683777
42072,0.9433180689811707
53742,0.9572234749794006
46497,0.9618292450904846
35788,0.9561005234718323
88746,0.9608014822006226
4922,0.9534932971000671
41718,0.9632998704910278
8802,0.9304178357124329
38604,0.9560501575469971
57098,0.9763829708099365
13275,0.9661584496498108
18055,0.9676304459571838
49524,0.9484307169914246
76101,0.9397684335708618
66332,0.9560326337814331
91441,0.9488649964332581
81061,0.46756938099861145
96013,0.9543206095695496
33186,0.9444596171379089
75009,0.9595441818237305
73082,0.959791362285614
3525,0.9512622356414795
1836,0.9364421963691711
34802,0.9530850648880005
19758,0.9588925838470459
15902,0.9536054730415344
23441,0.9513577222824097
57798,0.9368190169334412
68964,0.9652878046035767
68435,0.9444482326507568
26294,0.9460572004318237
45844,0.9521710872650146
60688,0.9586586952209473
95472,0.9398946762084961
39837,0.9278952479362488
46184,0.9641246795654297
64478,0.9483444094657898
55688,0.966413676738739
89513,0.9444287419319153
34602,0.9599123597145081
25366,0.9373875260353088
44642,0.9737961292266846
66923,0.9511727094650269
83881,0.9477039575576782
13996,0.951435387134552
6535,0.9489667415618896
75328,0.9510135650634766
69789,0.9695925116539001
102472,0.9592249393463135
27005,0.9542458057403564
94773,0.9729127287864685
39038,0.966659665107727
59584,0.9588074088096619
75032,0.9547961354255676
94365,0.9580675959587097
86729,0.9598636031150818
103277,0.9452880620956421
96803,0.9469496011734009
58216,0.95086270570755
59839,0.9518585205078125
98342,0.46019452810287476
60175,0.9577392339706421
82073,0.9672802090644836
93301,0.9732962846755981
63588,0.9573723077774048
27987,0.8794686794281006
80054,0.9443444609642029
28762,0.9648560285568237
92627,0.954439640045166
37981,0.9632759690284729
103582,0.9495572447776794
26564,0.92220538854599
54394,0.9537082314491272
44332,0.9593833088874817
22138,0.9565606117248535
94855,0.962548017501831
4632,0.9529225826263428
32784,0.9521719217300415
32830,0.9642449617385864
5631,0.9434958100318909
16808,0.9485414028167725
99344,0.9561506509780884
62996,0.9574835300445557
94028,0.954998791217804
23890,0.9393730759620667
65380,0.9373846054077148
227,0.9500643014907837
67725,0.9585586190223694
104891,0.9412521123886108
28004,0.9663131833076477
83787,0.9551006555557251
29242,0.9510147571563721
19087,0.9449539184570312
21662,0.9427652955055237
80430,0.9518985748291016
11521,0.9630522727966309
5769,0.963543176651001
81749,0.972652792930603
48697,0.982465386390686
48172,0.9371793270111084
53034,0.9472811222076416
19406,0.949367344379425
96433,0.9337221384048462
31600,0.9589411616325378
27238,0.7781294584274292
99691,0.9668607711791992
82316,0.9547973275184631
47283,0.9660438299179077
97742,0.9487155079841614
22508,0.9540989995002747
49085,0.5261462330818176
35900,0.9503545761108398
87088,0.9624320864677429
24902,0.9649973511695862
94494,0.9582662582397461
28022,0.9475721716880798
2059,0.9562664031982422
12010,0.9674109220504761
57179,0.9723628163337708
43643,0.9292002320289612
49136,0.9403014779090881
43229,0.9575895667076111
94695,0.9653420448303223
35330,0.951164186000824
68583,0.952174723148346
35691,0.9816405177116394
58106,0.9621002674102783
49013,0.9403438568115234
4021,0.9666800498962402
9736,0.9545647501945496
16976,0.970392107963562
60727,0.948567271232605
22616,0.957062304019928
94363,0.9445019364356995
102735,0.9302078485488892
73328,0.9561198949813843
82486,0.9537226557731628
45754,0.9370661973953247
52339,0.9529281258583069
27609,0.9524087905883789
75284,0.9595271944999695
31833,0.9571608901023865
43459,0.9709303379058838
43426,0.8372119665145874
16966,0.9314854741096497
67316,0.9396216869354248
90027,0.965481162071228
21202,0.9629240036010742
60034,0.9361273050308228
100336,0.8968937993049622
104126,0.9432098865509033
10532,0.9429959058761597
19102,0.95163494348526
70178,0.9336937665939331
89262,0.9433358907699585
59485,0.8333884477615356
39936,0.9697620868682861
84258,0.9604712724685669
98035,0.957892894744873
13638,0.9470774531364441
104139,0.9498801231384277
93985,0.947677731513977
15049,0.9580397009849548
17040,0.9596088528633118
21849,0.9540905356407166
27661,0.9668191075325012
26382,0.9421494007110596
55516,0.9516441226005554
65056,0.9599637985229492
38204,0.9579840898513794
45724,0.932510495185852
51528,0.9577439427375793
42609,0.9412574768066406
15379,0.9495297074317932
70841,0.9658101797103882
49635,0.942068338394165
54418,0.8305009603500366
34898,0.9524871706962585
82519,0.9519432783126831
22371,0.9588276743888855
31017,0.9582838416099548
95026,0.9435186386108398
54736,0.9605647325515747
17067,0.9499651193618774
65336,0.9541786313056946
64461,0.9550855159759521
81513,0.9543430805206299
56947,0.9455749988555908
27779,0.956200122833252
97067,0.9515984654426575
56463,0.935745894908905
33626,0.9552251696586609
87493,0.9364776611328125
45569,0.9730884432792664
20981,0.9505071640014648
145,0.9604316353797913
22884,0.9590045213699341
8896,0.9711337685585022
17763,0.9384788274765015
6716,0.9537304043769836
77738,0.9475808143615723
72793,0.9549953937530518
7354,0.9516903758049011
23390,0.9561419486999512
86826,0.9579795002937317
102897,0.9560946226119995
2390,0.9288919568061829
101532,0.9424082040786743
71510,0.9541886448860168
85733,0.9505763053894043
104850,0.9676682949066162
36937,0.924699068069458
62521,0.9606871604919434
329,0.934106707572937
58726,0.9640187621116638
104467,0.9562034010887146
11753,0.954673171043396
75997,0.9605115056037903
44827,0.9269592761993408
81596,0.9432992935180664
5976,0.9375422596931458
14096,0.955877423286438
32561,0.9348941445350647
97574,0.9496990442276001
87563,0.964932382106781
4012,0.9567421674728394
44065,0.953180730342865
7357,0.9327866435050964
32431,0.9483308792114258
97914,0.9470773935317993
10926,0.9610137343406677
25951,0.7897384166717529
16993,0.9451096653938293
83006,0.9624390006065369
65555,0.9486424326896667
47229,0.9447286128997803
24230,0.9501508474349976
80478,0.9491546750068665
12794,0.943801760673523
101427,0.9512193202972412
77338,0.9522056579589844
60261,0.9655866026878357
61243,0.9583220481872559
52749,0.9537264704704285
35153,0.93038409948349
1847,0.9396476745605469
37515,0.9371020793914795
59715,0.9499161839485168
75508,0.9317547082901001
68453,0.9634407162666321
38857,0.86248779296875
76901,0.9575759172439575
45312,0.9720367193222046
64699,0.9829568862915039
107124,0.9514023661613464
106450,0.9568372964859009
59034,0.7136879563331604
28823,0.9427318572998047
16562,0.8972185850143433
7111,0.9656446576118469
62848,0.953021228313446
2065,0.9525750279426575
93643,0.9343249797821045
14995,0.9663947820663452
10652,0.9640511274337769
96790,0.9589074850082397
13931,0.9611542224884033
105910,0.9568996429443359
105867,0.9524139761924744
47543,0.9531244039535522
52396,0.9566068649291992
11384,0.9510310888290405
58047,0.9502090811729431
27059,0.9527581930160522
62378,0.9474862217903137
91044,0.9568403363227844
65285,0.9684785604476929
9793,0.943867027759552
87140,0.9644686579704285
60724,0.9586707949638367
102439,0.9641252756118774
79462,0.9556425213813782
37993,0.9394129514694214
83192,0.9521383047103882
16217,0.9569702744483948
50809,0.9543010592460632
69198,0.9492468237876892
4837,0.9056373238563538
1378,0.9600543975830078
6627,0.9339853525161743
44185,0.9575024247169495
89323,0.9386547207832336
30419,0.9558385014533997
44183,0.9563401341438293
70038,0.9576656222343445
42202,0.9455639123916626
68211,0.9536361694335938
86889,0.967663586139679
70314,0.9580361843109131
28421,0.9538417458534241
79594,0.9328310489654541
63970,0.9552760720252991
66554,0.9617673754692078
73096,0.9575394988059998
63901,0.956245481967926
48610,0.9738338589668274
4433,0.9434747695922852
83417,0.9464164972305298
26109,0.9499814510345459
107024,0.9537447094917297
103750,0.9649125337600708
83501,0.9473704099655151
29599,0.9279621243476868
7580,0.9432891607284546
90263,0.9674142003059387
16027,0.9329074621200562
96145,0.9477245807647705
38150,0.9377057552337646
40057,0.8409846425056458
31590,0.9548044204711914
101651,0.9396986365318298
98893,0.9510014653205872
5608,0.9746413230895996
32223,0.9480878114700317
104466,0.9753652215003967
24293,0.9699876308441162
48837,0.9528571963310242
63309,0.9648570418357849
55433,0.9527691006660461
35375,0.9300605058670044
65396,0.9375233054161072
91489,0.9320895075798035
86721,0.9517643451690674
10224,0.9518000483512878
87346,0.9701981544494629
57170,0.9714625477790833
100290,0.9474988579750061
35196,0.9581538438796997
44191,0.952502429485321
92164,0.902945339679718
29280,0.9626070261001587
25538,0.955813467502594
83987,0.9504298567771912
62898,0.9405957460403442
106361,0.9558635950088501
25136,0.9443747401237488
29505,0.9479277729988098
83536,0.9510630369186401
45658,0.9565873146057129
3288,0.9509713053703308
23616,0.95879065990448
41581,0.9451687335968018
11609,0.6561205387115479
90769,0.9522876739501953
94406,0.9334613084793091
6965,0.9527879357337952
51073,0.9489467740058899
51777,0.9438703656196594
61494,0.9523046612739563
25372,0.9371709823608398
71318,0.9020010828971863
46254,0.9590852856636047
46722,0.9621930718421936
42554,0.948862612247467
47197,0.9637568593025208
51552,0.9533013701438904
4582,0.9598721861839294
69685,0.969292938709259
64327,0.9550468325614929
90833,0.9524140954017639
100852,0.968379557132721
32398,0.9536441564559937
94635,0.9651244878768921
24454,0.9561671018600464
34791,0.941904604434967
12741,0.9285767078399658
14778,0.9679315686225891
48422,0.9691867828369141
44847,0.9593455791473389
4140,0.9536733627319336
79918,0.9326808452606201
11546,0.9666078686714172
8942,0.9546505808830261
40240,0.9470189809799194
70332,0.4774742126464844
27702,0.9560534358024597
30292,0.9581111669540405
95337,0.9576585292816162
53342,0.9571078419685364
23596,0.9519727826118469
16604,0.94419926404953
23231,0.9382168650627136
54794,0.9463768005371094
94579,0.9525065422058105
88392,0.9623070955276489
25986,0.9200918674468994
102710,0.9511980414390564
55373,0.964264452457428
20649,0.952265739440918
48177,0.8985313773155212
76434,0.9559949636459351
70908,0.9677813649177551
102742,0.9500574469566345
25058,0.9676258563995361
78434,0.5111314654350281
80726,0.9549669027328491
65248,0.9610323309898376
88275,0.9744200706481934
74074,0.9625549912452698
21876,0.9495821595191956
103450,0.9530078768730164
67928,0.9573537111282349
59256,0.953075110912323
46298,0.947070300579071
98195,0.9625576138496399
95110,0.9745837450027466
82195,0.9565979242324829
21832,0.9657022356987
61503,0.9339102506637573
91959,0.9527701735496521
26200,0.9666623473167419
25686,0.9645373225212097
64370,0.9513087272644043
57104,0.9344039559364319
85740,0.947181224822998
65082,0.9421195387840271
73465,0.9637447595596313
14815,0.9624549150466919
62566,0.9541658163070679
65389,0.968217670917511
36629,0.9450849294662476
2761,0.9455158114433289
46122,0.955262303352356
46708,0.9541553854942322
48543,0.9777076244354248
38437,0.9500485062599182
41679,0.953465461730957
11943,0.9506741762161255
80663,0.9722989201545715
57362,0.9557361602783203
78294,0.9661678075790405
11443,0.9551177024841309
3339,0.9551284909248352
8333,0.9612568616867065
73688,0.9552832841873169
101048,0.941867470741272
38807,0.9611657857894897
91992,0.9708020091056824
103660,0.698430597782135
4349,0.947142481803894
23900,0.9611030220985413
54890,0.9802384376525879
47554,0.956275224685669
57897,0.9533103704452515
95129,0.953668475151062
97155,0.9413939714431763
78284,0.9563069343566895
53620,0.9515219330787659
17540,0.9191879034042358
90980,0.9402850270271301
53178,0.9585796594619751
54282,0.9577738046646118
83611,0.951128363609314
74832,0.9540757536888123
33521,0.9436687231063843
22312,0.9528560042381287
8327,0.9691260457038879
48181,0.9576345086097717
61597,0.9554125070571899
56734,0.9568029046058655
7246,0.9558588862419128
18123,0.9538403153419495
18892,0.9728533625602722
48849,0.9708578586578369
47669,0.9461207985877991
94924,0.9475756883621216
48512,0.9509692192077637
9957,0.954444169998169
15707,0.9445692300796509
55630,0.897515594959259
9362,0.9529021382331848
66120,0.939415454864502
16363,0.9482547640800476
16402,0.9270206689834595
41921,0.9836823344230652
22353,0.9554747939109802
14686,0.9467626810073853
28415,0.9404324889183044
105355,0.9785637855529785
41053,0.9521960020065308
37061,0.9530946016311646
6933,0.9546359181404114
31839,0.9530889987945557
44786,0.959111750125885
70036,0.806664764881134
68703,0.943648636341095
42378,0.9632662534713745
36526,0.9541873931884766
49901,0.9615947008132935
74032,0.9359556436538696
45628,0.9674509167671204
31979,0.9512924551963806
53486,0.9631708264350891
46763,0.9704962968826294
85408,0.9478118419647217
22637,0.9382607936859131
85061,0.9592778086662292
22921,0.9443885684013367
29685,0.9505255222320557
44220,0.9570329189300537
1290,0.9173022508621216
35918,0.9420300722122192
95177,0.689240038394928
31992,0.9486435055732727
61329,0.9650444388389587
58169,0.9505833387374878
7717,0.9604456424713135
81789,0.9618406891822815
12979,0.9557400941848755
43043,0.9235944747924805
75875,0.9661648273468018
42519,0.6141186952590942
78452,0.9494563341140747
52550,0.9474676847457886
106635,0.9660495519638062
95352,0.9605125188827515
7091,0.815056562423706
101511,0.9548727869987488
61044,0.9544717669487
63031,0.9546666145324707
86820,0.5764889121055603
70201,0.9486004114151001
92595,0.9579111337661743
45050,0.9076465964317322
28950,0.9510950446128845
25218,0.9517506957054138
49914,0.9423022270202637
28318,0.9501487612724304
20136,0.9209317564964294
71667,0.9309343099594116
100422,0.9405924677848816
13447,0.8906989693641663
19832,0.9556472897529602
106236,0.9536237716674805
102494,0.9618123769760132
19099,0.8612328767776489
1374,0.958160400390625
100798,0.9400333166122437
50458,0.9475837349891663
8098,0.9626356363296509
46587,0.9299391508102417
97916,0.9560193419456482
15653,0.9434766173362732
41534,0.9547985792160034
1648,0.9437074661254883
20773,0.9681983590126038
67182,0.943114161491394
75074,0.9352942109107971
103776,0.938635528087616
84381,0.9587904214859009
66906,0.9634521007537842
76170,0.8161288499832153
3635,0.9753193855285645
100541,0.9495272636413574
42074,0.9528363347053528
61498,0.9506064653396606
5817,0.9457635879516602
5050,0.9555699229240417
79558,0.9597585201263428
93493,0.938120424747467
3526,0.945924699306488
14253,0.9722900986671448
41847,0.9481434226036072
11067,0.9621303677558899
19072,0.9628081917762756
42248,0.9536710381507874
27783,0.9530189633369446
97731,0.9478451609611511
65049,0.958652138710022
48336,0.9299824237823486
87509,0.953061044216156
22247,0.9303812980651855
98041,0.9435824155807495
89133,0.9597212672233582
28435,0.9550176858901978
1568,0.9510486125946045
49259,0.9433951377868652
40251,0.9680880904197693
21063,0.957915723323822
39510,0.9254505634307861
84092,0.9529213905334473
21541,0.9658191800117493
56060,0.9651775360107422
58625,0.9367944002151489
55009,0.9501174688339233
4421,0.949442446231842
58289,0.980717122554779
81464,0.9524892568588257
56880,0.9604156017303467
94733,0.9620787501335144
89920,0.9040637016296387
95370,0.9526941180229187
86551,0.9373697638511658
64842,0.9493961334228516
98219,0.953825831413269
14959,0.9620885848999023
61918,0.9690148234367371
30768,0.9485574960708618
84626,0.9597939848899841
87409,0.9089893102645874
71910,0.9562782049179077
76044,0.9612448811531067
93349,0.9413585662841797
83169,0.9491792321205139
40924,0.957098126411438
83906,0.9733105301856995
90343,0.9492784142494202
99624,0.9442413449287415
60372,0.9511637687683105
17360,0.9664544463157654
3376,0.9477360248565674
101531,0.9511695504188538
92693,0.9430133104324341
63830,0.9472239017486572
105550,0.9456751942634583
67793,0.9278655648231506
74065,0.9622883200645447
52043,0.9545791745185852
101272,0.9539503455162048
95104,0.9599348902702332
12014,0.9428401589393616
56921,0.9496517181396484
91011,0.9477218389511108
22278,0.9467276334762573
72818,0.9397792816162109
18017,0.9478464722633362
85902,0.9540038108825684
73281,0.9454984664916992
66154,0.9494631886482239
64930,0.9298083186149597
99208,0.9577163457870483
46912,0.9506902098655701
82434,0.9397115707397461
34011,0.9507517218589783
93158,0.956166684627533
2811,0.9433574676513672
10413,0.9481983184814453
19194,0.9503833651542664
49608,0.9484727382659912
66841,0.9702029824256897
58801,0.9545642137527466
102353,0.9516847133636475
48903,0.9670687913894653
59202,0.9671061038970947
88029,0.9639232754707336
77130,0.9560183882713318
40716,0.9638025760650635
51834,0.9758731126785278
2106,0.951072096824646
43645,0.9438110589981079
103317,0.9575120806694031
90097,0.9474075436592102
67179,0.9578625559806824
75619,0.9641437530517578
91664,0.9483253359794617
84404,0.9522413015365601
62415,0.9491573572158813
44375,0.9563159942626953
99252,0.9545844793319702
62134,0.9313272833824158
36512,0.9578230977058411
39584,0.9481348395347595
49182,0.9344214797019958
9209,0.9538437128067017
23385,0.967221200466156
14286,0.9620044827461243
29787,0.8810153603553772
39647,0.948250949382782
47671,0.9440644979476929
28786,0.92731773853302
59678,0.9445433020591736
30071,0.9571514129638672
89480,0.9573471546173096
12125,0.9534845948219299
93053,0.9558774828910828
19649,0.9467002749443054
18321,0.9546207785606384
55999,0.9570987820625305
31501,0.953161358833313
8089,0.9541401267051697
25411,0.9640660881996155
91874,0.9496575593948364
466,0.941804051399231
49124,0.9579342007637024
16452,0.9421879053115845
51030,0.953385055065155
14352,0.9498057961463928
20051,0.9416234493255615
68506,0.9498082995414734
46932,0.9585130214691162
48724,0.935836672782898
106754,0.9505247473716736
70520,0.9689388871192932
32716,0.9425733685493469
19783,0.9619768857955933
1729,0.9491913914680481
38511,0.9423727989196777
27811,0.9519137144088745
40368,0.9631941318511963
49438,0.9449018239974976
106631,0.9339110851287842
43598,0.9490631818771362
88438,0.9592193365097046
38912,0.9585949778556824
88719,0.9639144539833069
33208,0.9555889368057251
75282,0.9481644630432129
73266,0.9559033513069153
19084,0.9491062164306641
5823,0.9505804181098938
34194,0.9661073684692383
36136,0.9538453221321106
55696,0.9394703507423401
27683,0.9411855340003967
49127,0.9611613750457764
58850,0.9495269060134888
19462,0.7802658677101135
25121,0.9446337819099426
32769,0.9564302563667297
67726,0.9368040561676025
30824,0.9647893309593201
104718,0.957820475101471
93260,0.9681973457336426
72559,0.9580683708190918
34565,0.9468005299568176
29042,0.9650299549102783
98338,0.9508684277534485
39563,0.9352726340293884
70885,0.9333639144897461
7911,0.962162971496582
23393,0.9453247785568237
29608,0.9562075734138489
55788,0.9513822197914124
30151,0.9727449417114258
88907,0.8788442611694336
2054,0.9286379814147949
24459,0.9574090242385864
21357,0.9162257313728333
10902,0.9518885016441345
46706,0.9637227654457092
47885,0.9531087875366211
105126,0.954271137714386
51203,0.9670848250389099
87021,0.9609689116477966
16789,0.9522740840911865
104871,0.9624919295310974
36294,0.9662203192710876
7053,0.9563319087028503
71733,0.9703342914581299
80090,0.9357303977012634
6574,0.9405705332756042
31797,0.9681315422058105
19952,0.9528695344924927
16668,0.9404252171516418
48236,0.9465529918670654
40314,0.9461004137992859
66603,0.9553282260894775
23583,0.9580789804458618
61738,0.9538704752922058
50567,0.9519378542900085
38284,0.9411669373512268
3562,0.9377310276031494
42704,0.9567039608955383
21007,0.9592753648757935
56284,0.9565691351890564
72475,0.9568930864334106
24080,0.9669509530067444
50203,0.9568905830383301
86643,0.9363464713096619
35152,0.957410991191864
44133,0.9484518766403198
40041,0.9434426426887512
82527,0.9727529287338257
35320,0.9511848092079163
100607,0.9616812467575073
91405,0.9148233532905579
51837,0.9508281350135803
22239,0.9535441398620605
79207,0.9753281474113464
65262,0.9495936632156372
65622,0.9444437623023987
29865,0.7575758099555969
90444,0.9477647542953491
58080,0.9415236115455627
96233,0.9514594674110413
104292,0.9585782885551453
23999,0.9664024114608765
87724,0.9577832818031311
61964,0.9259372353553772
28233,0.9648405313491821
87041,0.9700154066085815
29483,0.9562287926673889
14131,0.9535571336746216
97450,0.9716927409172058
65873,0.9371663928031921
44510,0.9598474502563477
35799,0.9568980932235718
91708,0.9491418600082397
93454,0.9640685319900513
8299,0.9381291270256042
35919,0.9521097540855408
628,0.957099974155426
21766,0.949069082736969
44458,0.9646955132484436
60983,0.9466360807418823
4255,0.9538615942001343
49690,0.9478992819786072
67251,0.9463542699813843
18018,0.9434161186218262
64334,0.9538571238517761
23020,0.9652279615402222
64539,0.945963442325592
2636,0.9505382180213928
4239,0.9501565098762512
2916,0.9501150846481323
47620,0.9617955684661865
95172,0.9477764368057251
87497,0.9472923278808594
102911,0.9455767869949341
62964,0.9081689715385437
17161,0.9418157935142517
67138,0.9513918161392212
16931,0.9506839513778687
2191,0.9545374512672424
85278,0.9563453197479248
32044,0.9543824791908264
13297,0.960616409778595
22001,0.9658293128013611
25536,0.9501906633377075
82091,0.9604271650314331
79109,0.9376022219657898
99901,0.9640946984291077
87478,0.9469459652900696
80502,0.9336957931518555
77107,0.9225058555603027
92705,0.9505082368850708
82783,0.9558402299880981
90183,0.9532312750816345
53221,0.9399494528770447
54010,0.9319736361503601
43465,0.949401319026947
37604,0.928256630897522
12589,0.9335718750953674
76240,0.9671218395233154
9378,0.9563907980918884
19599,0.9151670932769775
58146,0.9013527631759644
15010,0.9638623595237732
61669,0.9538623690605164
389,0.9530149102210999
28590,0.9548397660255432
26249,0.9612610340118408
50580,0.9488333463668823
91531,0.9581258893013
76422,0.9498064517974854
98346,0.9582874774932861
64132,0.9387896060943604
2103,0.9480981230735779
52810,0.9647769331932068
99888,0.9634703993797302
105511,0.9530524015426636
45949,0.9552881717681885
35279,0.936293363571167
69937,0.9452098608016968
88281,0.9544509053230286
35458,0.9331603050231934
98724,0.9698118567466736
33661,0.9666328430175781
36453,0.9654948115348816
66277,0.9372726678848267
11313,0.9492638111114502
54039,0.9534910321235657
67162,0.9522292017936707
82272,0.9495760202407837
11190,0.9438351988792419
51756,0.9474945664405823
87877,0.9382423162460327
65208,0.9400357007980347
938,0.96098792552948
8843,0.9553198218345642
62361,0.9087978601455688
51842,0.9605764150619507
68472,0.9510422348976135
7764,0.9549496173858643
42727,0.9507848024368286
203,0.9738317131996155
37980,0.9571212530136108
102455,0.9452823996543884
83234,0.9514163136482239
57168,0.9421476125717163
34845,0.9712008833885193
55704,0.945594072341919
43121,0.9504219889640808
33031,0.9530106782913208
84017,0.9565921425819397
65439,0.9428008198738098
76588,0.9519911408424377
97248,0.956015408039093
36473,0.9616869688034058
33423,0.9357513785362244
56678,0.9394651055335999
40269,0.964240312576294
60140,0.9524915218353271
16164,0.9343540072441101
31227,0.9573798179626465
100102,0.9276215434074402
95294,0.9504968523979187
62010,0.9659274816513062
104912,0.9581190347671509
8993,0.9682124257087708
15518,0.9595162272453308
50328,0.9770740866661072
40417,0.9525429010391235
93859,0.9481436610221863
5016,0.9600702524185181
21094,0.9708799719810486
26228,0.9643478989601135
39317,0.9498945474624634
6096,0.9575440883636475
71548,0.9445079565048218
24220,0.946648120880127
21791,0.9335985779762268
20371,0.9373706579208374
67898,0.9564291834831238
103635,0.9332988858222961
49440,0.816366970539093
94769,0.9616201519966125
10446,0.9714792966842651
33663,0.9527670741081238
16336,0.9118578433990479
13881,0.9537732005119324
45024,0.9465957880020142
18329,0.9571014046669006
71536,0.9572415351867676
45269,0.9662916660308838
53758,0.9562598466873169
30249,0.9558595418930054
16989,0.9360575675964355
66127,0.9641289114952087
20159,0.9496148824691772
23049,0.9056525826454163
106243,0.9672262072563171
91756,0.9564231038093567
30302,0.9534561038017273
50487,0.9652307629585266
94582,0.9502332806587219
85863,0.9512237310409546
54544,0.9515281319618225
24480,0.9359817504882812
66645,0.9587756395339966
48238,0.9609664678573608
87273,0.9540660977363586
84861,0.9464493989944458
25328,0.9516549110412598
93455,0.9692013263702393
76358,0.9517711400985718
64119,0.9432170391082764
95989,0.9719344973564148
14317,0.9549436569213867
29470,0.9445847868919373
74323,0.9553923010826111
80695,0.9340525269508362
26939,0.9599948525428772
29512,0.9576711058616638
74168,0.9268697500228882
48035,0.9587830901145935
95266,0.969131588935852
1493,0.9540435075759888
50973,0.9507392048835754
74763,0.937160074710846
55922,0.9782026410102844
22062,0.9424044489860535
30450,0.9532092213630676
93468,0.929010808467865
53150,0.922601580619812
47326,0.9528416991233826
55563,0.9432347416877747
70116,0.9700171947479248
57580,0.9473936557769775
75952,0.9559697508811951
100913,0.9637797474861145
95057,0.9572718739509583
91782,0.9560564160346985
16983,0.9523587226867676
2975,0.9548864960670471
88963,0.97235107421875
19730,0.9629904627799988
93990,0.9427391290664673
1787,0.9550144076347351
46145,0.9514350891113281
85637,0.9332945346832275
24327,0.9463756084442139
106396,0.9566348791122437
105351,0.9535630941390991
19104,0.9516483545303345
17291,0.9505220651626587
104618,0.9569162130355835
97225,0.9469577074050903
101063,0.951299786567688
63097,0.928651750087738
39930,0.9634440541267395
80503,0.9525847434997559
32279,0.5897806286811829
70128,0.9645509719848633
29146,0.9519992470741272
48275,0.9613737463951111
61528,0.9368058443069458
39366,0.951947808265686
80412,0.953919529914856
60591,0.9534082412719727
21378,0.9547838568687439
81393,0.9531078338623047
91555,0.9457231760025024
71883,0.9436666965484619
44107,0.9562979340553284
79009,0.949326753616333
93069,0.9413406252861023
52996,0.9574917554855347
6842,0.9655820727348328
49577,0.9557045698165894
52152,0.9571102261543274
69008,0.9623529314994812
32692,0.9566523432731628
58630,0.9299934506416321
35659,0.9443576335906982
42219,0.9519197344779968
81987,0.9592577219009399
74,0.9553537964820862
78664,0.9665414094924927
22392,0.9540321230888367
10881,0.9692326784133911
24942,0.9482215642929077
56862,0.9543922543525696
19427,0.9568027257919312
34266,0.9638938307762146
34763,0.9621891975402832
24096,0.9567482471466064
104578,0.9478508234024048
94951,0.9633039832115173
40265,0.9581665396690369
3839,0.9451287388801575
43888,0.9730176329612732
105288,0.946276843547821
12266,0.9539312124252319
30075,0.9603827595710754
95856,0.9572271108627319
52529,0.9426781535148621
91774,0.9394944906234741
54433,0.9577469825744629
103412,0.9744018316268921
45906,0.9721658229827881
51747,0.9638023376464844
53810,0.9416531920433044
24965,0.9725624918937683
17742,0.9307773113250732
1212,0.952494740486145
59267,0.9547970294952393
66069,0.9736472964286804
25825,0.9438071250915527
41556,0.9488824009895325
64267,0.9588910341262817
15754,0.9319181442260742
13892,0.9641585946083069
64328,0.9578267335891724
55212,0.9548022747039795
8371,0.9398647546768188
81568,0.94710773229599
18101,0.972244381904602
54160,0.9690342545509338
34453,0.9446700811386108
66343,0.954441249370575
4086,0.9352174997329712
1085,0.9700341820716858
10156,0.9545636773109436
21172,0.948148787021637
67913,0.9573246240615845
78219,0.9709616899490356
28244,0.9332321286201477
51011,0.9381364583969116
3011,0.9621448516845703
8356,0.9546516537666321
63902,0.9462584853172302
49992,0.9487454295158386
26714,0.9538611769676208
106503,0.9553959965705872
78596,0.9498889446258545
7829,0.9699600338935852
20002,0.8675321340560913
53668,0.9494916796684265
42773,0.9570257067680359
72273,0.9470039010047913
81964,0.9603140354156494
88213,0.9138567447662354
21519,0.9449310898780823
28541,0.9526958465576172
99540,0.9519286155700684
20708,0.7286145687103271
25251,0.940985381603241
10159,0.9550665020942688
14546,0.9609673619270325
28348,0.9505375623703003
75697,0.9317190051078796
34095,0.961660623550415
78762,0.8116014003753662
82267,0.9316104650497437
69531,0.9553278684616089
93925,0.9392386674880981
57367,0.955865204334259
94289,0.9640015959739685
73721,0.9383875727653503
44406,0.950210452079773
79677,0.9547426700592041
99727,0.957694411277771
90442,0.9522775411605835
103355,0.9537532329559326
65494,0.9575306177139282
38906,0.9530183672904968
73588,0.950434148311615
45264,0.946381151676178
99425,0.9441323280334473
20711,0.9481868147850037
52116,0.9542704820632935
101759,0.9459173679351807
78431,0.9512354731559753
52806,0.9428868889808655
22326,0.9745040535926819
19481,0.9543513655662537
29560,0.9525917768478394
45130,0.8363358974456787
59789,0.9419492483139038
40995,0.9560579061508179
48922,0.9652721881866455
63198,0.9673355221748352
63610,0.953166127204895
75000,0.9389686584472656
36325,0.9611471891403198
15996,0.9457176327705383
52599,0.9334322214126587
1266,0.9452807903289795
92023,0.9469491839408875
86566,0.9576577544212341
61816,0.9560027718544006
4673,0.9661722779273987
57549,0.9691538214683533
22904,0.9551741480827332
80619,0.9494516849517822
48653,0.9702883958816528
74673,0.8415529131889343
52436,0.9535391330718994
13915,0.7738842964172363
42346,0.954759418964386
21030,0.9522076845169067
12289,0.9491541385650635
42408,0.9473333954811096
49915,0.9545079469680786
78645,0.9509842395782471
73874,0.9477494359016418
82582,0.9621544480323792
16442,0.9498418569564819
11874,0.9513161778450012
61980,0.9499078989028931
23261,0.9541628956794739
82191,0.9540717601776123
51689,0.9734737277030945
5899,0.9688620567321777
96499,0.971157968044281
102987,0.947952389717102
82598,0.9450042247772217
99762,0.9605926871299744
78500,0.9527958631515503
63759,0.9509316086769104
13717,0.906619131565094
16463,0.9399116635322571
44868,0.9488165974617004
91073,0.9455937743186951
20326,0.9515061974525452
9638,0.916247546672821
50179,0.9353273510932922
67939,0.9416350722312927
81082,0.9552856683731079
83482,0.9380015730857849
103547,0.9697020053863525
47572,0.955730676651001
8426,0.9625365138053894
82627,0.9508523941040039
29611,0.9523390531539917
14886,0.8685780763626099
35291,0.9355821013450623
86593,0.9625340104103088
47202,0.9668633341789246
6977,0.9738637208938599
102331,0.9551146626472473
24357,0.9588148593902588
74222,0.9593475461006165
38526,0.965056836605072
44934,0.9603909850120544
82699,0.9439176917076111
18191,0.9499632716178894
76815,0.9464912414550781
34754,0.945586085319519
3226,0.954310953617096
94643,0.9545505046844482
45623,0.9401634335517883
8614,0.9434683322906494
8033,0.957493245601654
98802,0.951138436794281
97750,0.935667872428894
3638,0.9555102586746216
42685,0.9552814364433289
52955,0.9458397030830383
100242,0.9553448557853699
102919,0.9624823331832886
16489,0.9527034163475037
101697,0.9525214433670044
96562,0.9479288458824158
41528,0.9524055123329163
7450,0.9526602625846863
88369,0.927426278591156
7919,0.9588071703910828
42515,0.9478527903556824
33567,0.9563092589378357
52062,0.9798145890235901
95469,0.9445837140083313
3189,0.9712905287742615
29365,0.9509820342063904
93701,0.9505228996276855
80260,0.9637390375137329
100649,0.9537027478218079
53246,0.9523999094963074
91012,0.9490161538124084
17185,0.9717621803283691
1118,0.9411771297454834
5891,0.9546265602111816
72853,0.9677746891975403
20340,0.9545955061912537
59057,0.9539920687675476
95083,0.9478603601455688
41544,0.9278872013092041
8584,0.9506412744522095
82913,0.9639637470245361
71575,0.9460605382919312
79719,0.5788370370864868
104129,0.9326766729354858
10317,0.9503231644630432
27663,0.955997884273529
22832,0.9467939734458923
50048,0.9609769582748413
70974,0.9486945867538452
28207,0.9685882925987244
13688,0.9614256620407104
995,0.9521726965904236
47354,0.937247097492218
99701,0.9579424262046814
62148,0.9420814514160156
13409,0.9412478804588318
33367,0.9479085803031921
56974,0.9448310732841492
74442,0.9678993821144104
61515,0.9502750635147095
53062,0.9587720036506653
42478,0.9512378573417664
72667,0.9398477077484131
13944,0.9477853178977966
44207,0.9761745929718018
80275,0.9496312141418457
85960,0.9546631574630737
91032,0.9516144394874573
102511,0.9599155783653259
72265,0.9507733583450317
54713,0.9496731162071228
85697,0.9464356303215027
103872,0.9669535160064697
90881,0.9591573476791382
23006,0.963351845741272
33177,0.9451274275779724
38093,0.9533372521400452
14292,0.9278729557991028
94164,0.9343746304512024
7505,0.4571220874786377
28045,0.9265113472938538
40618,0.9541693925857544
45324,0.9640809297561646
57494,0.9638630151748657
34644,0.956929624080658
104294,0.9609721899032593
33832,0.9438088536262512
39588,0.9518181085586548
87158,0.956770658493042
38524,0.9512318968772888
99879,0.9611788988113403
77420,0.9508984088897705
83432,0.9288588762283325
31875,0.9706448912620544
99635,0.9537808895111084
67714,0.9708647131919861
24552,0.957664966583252
11900,0.9601857662200928
92004,0.9558359980583191
30687,0.9845477938652039
68401,0.9480504393577576
87198,0.9395936131477356
59808,0.9741721153259277
105525,0.9651345610618591
55013,0.9361040592193604
7316,0.9584872126579285
52527,0.9683153629302979
71735,0.9515124559402466
26045,0.9581173658370972
62203,0.9495313167572021
22328,0.9348641633987427
39358,0.9630864262580872
12055,0.9450648427009583
85025,0.954083263874054
25527,0.9484742879867554
25415,0.9649471640586853
14621,0.9532893896102905
48629,0.9522061944007874
64113,0.9465105533599854
76973,0.9657143354415894
26713,0.9719288349151611
31372,0.9528818726539612
55011,0.9476070404052734
26050,0.8336557745933533
99136,0.9615692496299744
106457,0.9588430523872375
47510,0.9395595788955688
61051,0.9623478055000305
79394,0.9494721293449402
83584,0.9556906223297119
16347,0.9512521028518677
56011,0.9464157223701477
98299,0.753093421459198
69772,0.9739738702774048
104626,0.9574249386787415
90275,0.9573938250541687
35908,0.9615433216094971
48174,0.9633969068527222
22707,0.9496506452560425
45075,0.9770438075065613
78717,0.9565255045890808
92880,0.951569676399231
99616,0.9460001587867737
40147,0.9798451066017151
67878,0.9587433934211731
5688,0.9742512106895447
29843,0.9297593832015991
93697,0.9692746996879578
77944,0.9618330597877502
10496,0.9493230581283569
35884,0.9526014924049377
14897,0.9408765435218811
97000,0.9321750402450562
74501,0.9723614454269409
35821,0.947557270526886
4888,0.9516587257385254
3176,0.9397776126861572
42938,0.9559316635131836
68361,0.9416287541389465
85859,0.9483181238174438
47267,0.9437282681465149
66499,0.9567848443984985
100083,0.9564708471298218
83134,0.9630406498908997
62253,0.9542498588562012
40822,0.9738095998764038
18377,0.9429163336753845
78837,0.9566386938095093
20140,0.9570657014846802
19794,0.9402937889099121
26676,0.9634305238723755
75027,0.9542714357376099
30260,0.9454368948936462
12762,0.9596616625785828
46202,0.9480359554290771
2482,0.9452859163284302
19490,0.9439770579338074
16583,0.9705772399902344
35114,0.7222840189933777
53722,0.9679076671600342
33729,0.9645974040031433
101747,0.966457188129425
30627,0.9497714042663574
71514,0.948307454586029
94384,0.8864543437957764
66833,0.9281498193740845
21412,0.9477285742759705
41926,0.94791179895401
65530,0.9835273623466492
53842,0.9431846737861633
13505,0.9681719541549683
2411,0.9369698762893677
94830,0.9570856690406799
21680,0.9572607278823853
66212,0.9549111723899841
50007,0.9602046608924866
105932,0.954560399055481
27844,0.9533702731132507
89481,0.9550176858901978
43317,0.9609919190406799
41947,0.9457799792289734
101165,0.9698840975761414
44602,0.9523577690124512
12673,0.9416637420654297
60746,0.9336318969726562
67705,0.9662432670593262
16913,0.9627973437309265
15005,0.9401604533195496
13607,0.9535157084465027
78049,0.9724172353744507
1253,0.9546341300010681
93833,0.9524640440940857
3236,0.9642942547798157
63170,0.9742952585220337
48337,0.9583919048309326
8170,0.9506105780601501
14341,0.9469043612480164
86045,0.9283688068389893
14679,0.7107236981391907
27186,0.9418917894363403
95164,0.9599134922027588
98424,0.8995004296302795
54091,0.9570114016532898
101540,0.9451640844345093
45523,0.9609233140945435
21227,0.9479326009750366
29555,0.9770300388336182
28851,0.9611732959747314
23068,0.9611365795135498
18148,0.9457480311393738
99684,0.9655115008354187
44819,0.9674753546714783
43191,0.9665195941925049
105945,0.941166877746582
66889,0.9412994980812073
84551,0.9651188850402832
15466,0.9463370442390442
53972,0.9435231685638428
82578,0.9748150110244751
51330,0.9527149200439453
44020,0.9584940671920776
39564,0.9526816010475159
95189,0.9460057020187378
883,0.9539178013801575
38667,0.9522630572319031
17135,0.9728541374206543
71661,0.9682598114013672
89711,0.9580064415931702
13972,0.9449363350868225
100712,0.9736354947090149
48492,0.9499903917312622
59473,0.9438134431838989
81897,0.9559111595153809
21537,0.6135595440864563
2826,0.9520447254180908
94308,0.9574883580207825
3396,0.9482831954956055
2405,0.934263288974762
89372,0.9509040117263794
33708,0.9913730621337891
9461,0.9391465187072754
19859,0.950528621673584
63887,0.8816946744918823
73122,0.9459388852119446
82715,0.8336166143417358
67703,0.9427086114883423
24295,0.9381770491600037
32582,0.9531198740005493
85799,0.9521922469139099
20195,0.9546170830726624
47550,0.9436074495315552
46895,0.9323741793632507
29497,0.9606959819793701
74348,0.9702467918395996
36210,0.9410058856010437
22446,0.9371322393417358
75233,0.9373460412025452
106445,0.9478112459182739
32445,0.9629295468330383
30797,0.9512722492218018
103642,0.9677633047103882
64029,0.9480530023574829
49215,0.9524097442626953
35695,0.9655951857566833
102275,0.9316216111183167
14142,0.9582780599594116
4152,0.9554752111434937
30678,0.9316070079803467
26282,0.9754829406738281
76198,0.949281632900238
106055,0.9402397274971008
106491,0.9519145488739014
39059,0.957433819770813
11665,0.9389039278030396
2387,0.9618745446205139
103031,0.9406222105026245
40496,0.9479997158050537
56135,0.9493045806884766
403,0.9527367353439331
10484,0.963735044002533
64823,0.953337550163269
45120,0.9553970694541931
49419,0.9700255393981934
101273,0.9413856863975525
47271,0.9667148590087891
69213,0.9692033529281616
92835,0.9540018439292908
51893,0.9678680300712585
14547,0.9589455127716064
68392,0.9543593525886536
66218,0.9669927358627319
4600,0.948514997959137
45819,0.950737714767456
68767,0.9525588154792786
67047,0.9647454023361206
85484,0.9406403303146362
104509,0.9452128410339355
7036,0.9617684483528137
50165,0.9480754733085632
84954,0.9517437219619751
31011,0.9194871187210083
70318,0.9506116509437561
82472,0.9549155235290527
92128,0.9460387825965881
65709,0.9557602405548096
55667,0.9616650342941284
32659,0.9662911295890808
92473,0.9388379454612732
57335,0.9650076627731323
7319,0.9454469084739685
53187,0.9509888291358948
102462,0.9406933188438416
105817,0.9600734114646912
52118,0.9501879811286926
95221,0.94331955909729
49818,0.9158495664596558
52260,0.9359886050224304
36139,0.9765275716781616
77601,0.9381771683692932
5720,0.9499592185020447
89736,0.9479953646659851
95828,0.9286327362060547
52148,0.946240246295929
92217,0.961260199546814
37128,0.9350512027740479
3448,0.9502772092819214
23882,0.9535963535308838
75919,0.9691887497901917
2773,0.9694470763206482
46545,0.9520159959793091
47383,0.9677739143371582
47764,0.9290704727172852
60087,0.9133318662643433
40895,0.9645832180976868
60037,0.9523295164108276
56735,0.9590209722518921
90269,0.9536758661270142
81695,0.9686521291732788
28667,0.9282202124595642
41830,0.956214964389801
12071,0.9572999477386475
64758,0.9528799653053284
95667,0.9626445770263672
15970,0.9336003065109253
8714,0.9732834100723267
73494,0.9543448090553284
58667,0.9506260752677917
103827,0.9630499482154846
36019,0.9643339514732361
104906,0.9418591260910034
80456,0.9482872486114502
9779,0.9715000987052917
54446,0.9535439014434814
100246,0.9611051082611084
100011,0.9590975046157837
89389,0.951012134552002
92286,0.9412664771080017
95191,0.9517103433609009
52556,0.9761263132095337
79106,0.9601637721061707
26182,0.9538801312446594
41784,0.9491525292396545
67515,0.9534072279930115
88718,0.9532335996627808
36028,0.9292994737625122
99110,0.9577674269676208
21228,0.9433561563491821
2517,0.9544003009796143
96150,0.9526745676994324
92186,0.9537297487258911
71180,0.9734541773796082
30270,0.9553543329238892
62162,0.9303086400032043
80856,0.9669159650802612
76872,0.9483292698860168
2440,0.8745934367179871
41282,0.9616207480430603
60167,0.9624345302581787
42395,0.9489278793334961
68137,0.9551700353622437
61867,0.9219602942466736
68046,0.9543614387512207
11569,0.9516649842262268
103399,0.9569928646087646
87179,0.9527481198310852
96885,0.9556609988212585
14901,0.9648589491844177
25975,0.9630870819091797
54082,0.9659507274627686
48998,0.9634236693382263
55300,0.9614217877388
101585,0.9517934918403625
23064,0.9442468881607056
58738,0.9564309120178223
44346,0.9497189521789551
86930,0.9270926713943481
91506,0.9665721654891968
473,0.9589169025421143
48432,0.9553326368331909
32006,0.9554343223571777
77706,0.9563438296318054
97917,0.9606548547744751
51510,0.9468743801116943
57294,0.9551429748535156
15801,0.9533462524414062
65299,0.9537442326545715
96244,0.9589993357658386
70475,0.9490599632263184
98757,0.9664657711982727
89247,0.933268129825592
40225,0.9567336440086365
56253,0.9412428736686707
60914,0.9630751609802246
99823,0.9540801048278809
83113,0.9487475752830505
40439,0.9566667675971985
27291,0.9346268773078918
62575,0.930782675743103
66246,0.9552955627441406
96928,0.9595350027084351
85392,0.9462562203407288
66892,0.9466490149497986
43058,0.9525214433670044
90704,0.9483596086502075
9915,0.9275819659233093
26056,0.9666820764541626
66025,0.9599134922027588
3230,0.9504015445709229
59951,0.9482885599136353
45409,0.9548713564872742
16258,0.9577147364616394
96360,0.9513728022575378
91311,0.9713287949562073
30363,0.947382926940918
84785,0.9530936479568481
87913,0.9492670893669128
16539,0.9513930082321167
60190,0.9681947827339172
57898,0.9488261342048645
72182,0.9601998925209045
95817,0.9382680654525757
63330,0.9541538953781128
90382,0.9545010924339294
106043,0.9338983297348022
61392,0.9541937112808228
83131,0.9721305966377258
98380,0.9463339447975159
51326,0.9513909220695496
17431,0.9514802098274231
105844,0.9488754868507385
47380,0.9767065048217773
64299,0.9618133306503296
62789,0.9469324946403503
87467,0.9557904601097107
28121,0.9710418581962585
37282,0.9429665803909302
82185,0.9624881744384766
17592,0.9483824968338013
45457,0.9482897520065308
17879,0.926628053188324
47347,0.8485193252563477
88330,0.9528411626815796
3610,0.9512036442756653
76546,0.33593276143074036
87496,0.9425856471061707
6181,0.953829288482666
95849,0.9371247887611389
25711,0.9523362517356873
67387,0.953298807144165
38259,0.941096842288971
62168,0.95830237865448
9713,0.9492437839508057
81684,0.9541048407554626
46454,0.9717789888381958
55548,0.9780169725418091
96620,0.9560136795043945
58233,0.9511685967445374
29507,0.9417812824249268
104543,0.9562191963195801
38955,0.9597051739692688
100147,0.9418245553970337
25402,0.9497812986373901
31586,0.9536877870559692
29310,0.9465868473052979
99618,0.9270214438438416
100224,0.9561092257499695
99149,0.9706266522407532
74254,0.9550833702087402
14071,0.957654595375061
99246,0.892267644405365
21852,0.9422088861465454
62708,0.9393811821937561
94288,0.9088018536567688
29514,0.9690250754356384
87479,0.9482370018959045
84918,0.9359269142150879
42449,0.9505084753036499
93629,0.9496390223503113
41948,0.939993679523468
100684,0.9721577167510986
96099,0.955293595790863
95464,0.965731680393219
72015,0.9469342231750488
87554,0.9708277583122253
70392,0.9626193642616272
67226,0.952468991279602
71672,0.9576863050460815
99298,0.9557326436042786
13317,0.9386765956878662
68304,0.9531435966491699
55505,0.7768835425376892
56260,0.9616649150848389
71880,0.9531661868095398
99580,0.9570109844207764
101003,0.9428686499595642
49593,0.9641543030738831
40638,0.9533882737159729
76115,0.9486100673675537
21445,0.9606509804725647
39470,0.9532181024551392
11142,0.9471367001533508
49054,0.9496297836303711
2462,0.961348295211792
61317,0.9504491090774536
99570,0.8118992447853088
92798,0.9553483128547668
82303,0.9536010026931763
43375,0.9176256656646729
74108,0.9652916193008423
94584,0.9390199780464172
4811,0.9685560464859009
13896,0.9572992920875549
91390,0.9406412839889526
49275,0.9732446670532227
23659,0.9385047554969788
106175,0.9527181386947632
73272,0.9532943367958069
96921,0.945508599281311
51358,0.9530965685844421
16956,0.964615523815155
99792,0.952494740486145
94547,0.944092869758606
15924,0.9528360962867737
81313,0.9371380805969238
15929,0.9523057341575623
53867,0.946121871471405
37989,0.9596132636070251
82371,0.9529825448989868
96366,0.9558338522911072
26743,0.9622403383255005
21493,0.9438357353210449
70163,0.962710976600647
2806,0.95546954870224
52672,0.9558623433113098
102997,0.9335390329360962
22913,0.9567532539367676
102036,0.9575450420379639
53408,0.9602774977684021
23008,0.9549833536148071
31264,0.942916214466095
76345,0.959235668182373
17198,0.9465764760971069
2679,0.9689962267875671
5095,0.949956476688385
106767,0.9209342002868652
7731,0.9460334181785583
48598,0.964634358882904
39950,0.9305788278579712
2772,0.956873893737793
89479,0.9346014857292175
27308,0.9589563608169556
66124,0.9483116865158081
29808,0.9480223655700684
36108,0.9517988562583923
61131,0.9661329984664917
100018,0.9566466808319092
70535,0.9493563771247864
32555,0.9420953989028931
51749,0.9548520445823669
74533,0.9423100352287292
14536,0.9221336245536804
45541,0.9621373414993286
44537,0.9498772025108337
62836,0.9565255045890808
68878,0.9564262628555298
8271,0.9501568675041199
51634,0.9483569264411926
69928,0.9529417157173157
35823,0.9404235482215881
2028,0.9617920517921448
46987,0.9566065073013306
77389,0.952363133430481
69142,0.9595285058021545
68128,0.9338735342025757
38330,0.956125795841217
40839,0.951738715171814
88762,0.9435216188430786
13202,0.9536757469177246
12164,0.9505987167358398
32314,0.9453468322753906
86213,0.9691686034202576
100193,0.9552533626556396
40830,0.9620828032493591
103382,0.960500180721283
49266,0.9640800356864929
60873,0.9602516889572144
22141,0.9435104727745056
106176,0.9530965685844421
88056,0.9464174509048462
91514,0.9586893916130066
28593,0.9529241919517517
1527,0.9477313160896301
47087,0.9545572400093079
34354,0.9691978693008423
45978,0.9496751427650452
42767,0.9434654712677002
82442,0.9555665254592896
65451,0.9460697174072266
98499,0.967026948928833
87603,0.9500290155410767
96190,0.9296465516090393
101620,0.9463083148002625
83753,0.9388712644577026
42516,0.9435006976127625
165,0.9666179418563843
84135,0.9454801082611084
83673,0.9604103565216064
38979,0.9588162899017334
82212,0.9567570090293884
80142,0.9716880321502686
9816,0.930728018283844
92679,0.9544084668159485
28269,0.9147363305091858
46357,0.9753917455673218
44452,0.9460849761962891
26166,0.9442793726921082
24461,0.9474917650222778
84233,0.95607590675354
39606,0.9722620844841003
28982,0.9599239230155945
89961,0.9742015600204468
8755,0.9465613961219788
68495,0.926256537437439
80258,0.9591460824012756
80935,0.9651167988777161
103064,0.9357574582099915
81312,0.9456169605255127
27595,0.9507730603218079
1206,0.956230103969574
98601,0.9486668109893799
52470,0.946750819683075
80555,0.9455337524414062
89749,0.9504287838935852
78441,0.9671759605407715
34119,0.6330307126045227
45545,0.9662036299705505
75653,0.9496729969978333
105022,0.9677587151527405
70019,0.9578936696052551
85760,0.9471477270126343
46440,0.6994893550872803
62491,0.9494275450706482
78165,0.9361574053764343
44865,0.9465241432189941
32477,0.9395502209663391
66037,0.9641140699386597
8933,0.9450473785400391
20413,0.9718397855758667
59053,0.9672067165374756
80453,0.9394441843032837
73023,0.9457666873931885
76948,0.9525426626205444
79114,0.9380664825439453
6511,0.9414064288139343
22113,0.9418748617172241
65212,0.9235470294952393
52385,0.9502242207527161
84622,0.9618388414382935
76885,0.9589320421218872
2346,0.955868661403656
96048,0.9680415987968445
105509,0.9384164810180664
22744,0.9517959356307983
96713,0.9126326441764832
5977,0.9712188839912415
14216,0.9548449516296387
23871,0.9526696801185608
20971,0.9564021229743958
70406,0.843551516532898
37062,0.9490196704864502
45720,0.9711039662361145
36993,0.9476087689399719
60299,0.9676302075386047
105612,0.9495174884796143
56938,0.9696490168571472
62552,0.9581251740455627
89960,0.9544621109962463
28761,0.9447783827781677
72155,0.9507522583007812
5840,0.9634315371513367
59392,0.9534591436386108
44682,0.9464866518974304
23326,0.9745001196861267
49234,0.9432859420776367
31127,0.9637735486030579
40377,0.9549779295921326
68034,0.9466140866279602
5458,0.9552209377288818
99973,0.9576029777526855
19165,0.9611119031906128
41857,0.9350308775901794
48813,0.9594832062721252
70203,0.9611283540725708
24496,0.9392727017402649
40711,0.9600895643234253
84113,0.929637610912323
79538,0.9444056749343872
31122,0.9430719614028931
52174,0.9504711031913757
56388,0.9548285603523254
81550,0.9614795446395874
25682,0.7726014256477356
101809,0.948663592338562
101248,0.9364051818847656
76771,0.9509116411209106
28802,0.9716355800628662
65658,0.935843288898468
52474,0.9390348792076111
86160,0.9585361480712891
45874,0.9621090888977051
106522,0.9626656770706177
67547,0.9682890772819519
60619,0.9641082882881165
62621,0.9545160531997681
17982,0.9614444971084595
65987,0.9496929049491882
59280,0.9566295742988586
45473,0.9357503652572632
69620,0.9528768062591553
12599,0.9486250877380371
105491,0.9619150161743164
34394,0.978644847869873
96466,0.964862048625946
99079,0.9704262614250183
1406,0.9835200905799866
38053,0.9668711423873901
66957,0.9478772878646851
90555,0.9144326448440552
15335,0.9279264211654663
588,0.9486216306686401
5956,0.966855525970459
50798,0.9492817521095276
62318,0.9686325788497925
13452,0.9559878706932068
73019,0.949425995349884
57538,0.9546260237693787
72347,0.9644047021865845
10812,0.9874103665351868
57417,0.9676977396011353
52221,0.9474013447761536
104461,0.9833457469940186
57479,0.9599804878234863
83268,0.971455454826355
71935,0.9568330645561218
21294,0.9600335359573364
63595,0.955267071723938
80761,0.9687420725822449
94684,0.95148104429245
99244,0.9374497532844543
34208,0.9456276297569275
105649,0.9612290263175964
31941,0.9619531035423279
88250,0.9548061490058899
101079,0.9503027200698853
37863,0.9437397122383118
53277,0.9549843072891235
20997,0.9509101510047913
15875,0.9560312032699585
32719,0.9706949591636658
10485,0.950352668762207
36855,0.9573978781700134
11755,0.9612753987312317
73214,0.9443988800048828
87506,0.9278709888458252
101739,0.9695556163787842
50208,0.5608981847763062
64415,0.9452723860740662
58342,0.9623168110847473
8023,0.9486546516418457
40268,0.9647395610809326
80228,0.9495111107826233
90160,0.9678583145141602
2047,0.9648287296295166
101432,0.9065455794334412
98505,0.9536421298980713
30555,0.9270933866500854
73792,0.9524369835853577
64632,0.9498080611228943
33499,0.9620199203491211
1119,0.9587658643722534
1058,0.9732502102851868
8283,0.95717453956604
17200,0.9693286418914795
78328,0.9546830654144287
17321,0.9364484548568726
8073,0.950145423412323
46654,0.9538370966911316
25672,0.939548671245575
1915,0.9542669057846069
44594,0.9481695890426636
35100,0.9525320529937744
65672,0.9630764722824097
67775,0.958816647529602
88131,0.9081531763076782
98134,0.963628888130188
59219,0.9489519596099854
20236,0.9474011659622192
33606,0.9211567640304565
5476,0.9479030966758728
49834,0.9527624249458313
36743,0.9574295282363892
76508,0.9528089165687561
74082,0.9585973620414734
53128,0.9712779521942139
26944,0.9624246954917908
95272,0.9474345445632935
95663,0.952553927898407
9514,0.9676423072814941
42561,0.9541865587234497
13562,0.9679705500602722
12109,0.9477171301841736
39454,0.9516730904579163
104706,0.9619238376617432
22537,0.9534178376197815
4834,0.9670186042785645
63389,0.9527264833450317
74923,0.9501908421516418
72902,0.955024242401123
23245,0.9461195468902588
3773,0.9561610221862793
106907,0.9553973078727722
11813,0.9559630155563354
103912,0.911835253238678
74295,0.9466241002082825
97152,0.953488826751709
66967,0.9599390625953674
23994,0.9445769190788269
72500,0.9319239258766174
71422,0.9618046283721924
15866,0.9557779431343079
28325,0.9552450776100159
30274,0.9648085236549377
75238,0.9740173816680908
1811,0.9809664487838745
3289,0.9617392420768738
63513,0.9570066332817078
91050,0.9818219542503357
102644,0.9447286128997803
4881,0.952012836933136
21117,0.9552300572395325
21420,0.9495694041252136
93509,0.9532046318054199
5744,0.9589909315109253
39540,0.9464349746704102
74210,0.9561865329742432
50049,0.9444360733032227
87468,0.9682290554046631
67275,0.950770914554596
104410,0.9559914469718933
9216,0.9487981200218201
91600,0.9471220374107361
73326,0.9566001892089844
18060,0.955312967300415
89128,0.9614429473876953
9150,0.9589568972587585
51730,0.9622805118560791
6820,0.9770835041999817
49732,0.9662215709686279
83047,0.9528775811195374
3568,0.9566881656646729
81542,0.9407488703727722
94590,0.9626128673553467
36340,0.9556421637535095
107051,0.9504227638244629
11316,0.9668931365013123
70442,0.9714495539665222
66737,0.9609454870223999
40642,0.9469388127326965
56152,0.9659087061882019
41682,0.956642210483551
84689,0.9400392770767212
7463,0.9516697525978088
60975,0.9625393152236938
81390,0.9470736384391785
53082,0.9648290872573853
80283,0.9609023928642273
3319,0.9487661719322205
24253,0.9596616625785828
31457,0.9616841077804565
80082,0.9589470624923706
77132,0.9663546681404114
8641,0.9508695006370544
66561,0.9310917854309082
96769,0.6993547081947327
95247,0.9573376774787903
20139,0.955348014831543
13195,0.8744028210639954
16834,0.9465987086296082
57606,0.9466720819473267
1841,0.9593371152877808
1977,0.9690139889717102
80231,0.9549237489700317
5467,0.9430564641952515
7663,0.939376711845398
107173,0.966370701789856
550,0.9611735939979553
6315,0.9650982618331909
45508,0.9550007581710815
49549,0.967913031578064
15121,0.9430952668190002
24177,0.9520209431648254
98884,0.9646207094192505
59840,0.9799473285675049
30810,0.9480203986167908
13522,0.9357622861862183
35897,0.96825110912323
6943,0.969595730304718
4178,0.9512815475463867
26928,0.9484404921531677
75220,0.9497328996658325
32592,0.9564015865325928
66134,0.9480392932891846
47676,0.9632559418678284
72775,0.9581784605979919
30443,0.951958954334259
101569,0.9464917778968811
30235,0.9575155377388
30793,0.953063428401947
59250,0.9637439846992493
94383,0.9457299709320068
20596,0.9662086367607117
34051,0.9733913540840149
23981,0.9521520137786865
74201,0.9624186158180237
51578,0.9565311670303345
20305,0.9542612433433533
60703,0.9517397880554199
64082,0.9547379016876221
60147,0.9691826105117798
65815,0.9572886824607849
24922,0.9409223794937134
56182,0.958912193775177
81076,0.9555695652961731
44501,0.9617127776145935
78868,0.9654853343963623
83613,0.940847635269165
8586,0.9642751216888428
100730,0.9428424835205078
73251,0.9688861966133118
82495,0.9653075933456421
90026,0.9448559880256653
54625,0.9671326875686646
62333,0.9559097290039062
78707,0.9601022005081177
960,0.9626573920249939
70001,0.9606893658638
101246,0.9555384516716003
32801,0.9595819711685181
56595,0.9526197910308838
16065,0.9498957395553589
67082,0.9539221525192261
9168,0.9692360162734985
62656,0.9591113924980164
30789,0.9585209488868713
76112,0.9533349871635437
38813,0.9440241456031799
88451,0.9492369294166565
6867,0.9379183053970337
48437,0.9704229831695557
61178,0.9456110000610352
14753,0.9534730315208435
49058,0.9630980491638184
17279,0.9825384616851807
91458,0.8685323596000671
34487,0.9692718982696533
8037,0.9344460368156433
20133,0.9632627964019775
22726,0.9669978618621826
2575,0.9533164501190186
104989,0.955672025680542
47648,0.9700214862823486
56757,0.9377737045288086
57160,0.932716429233551
28203,0.9624044895172119
91906,0.9338391423225403
4741,0.9603685736656189
8066,0.7668150067329407
3488,0.9724642634391785
35405,0.9561598896980286
40583,0.9613081812858582
29373,0.9651318788528442
71316,0.9705179929733276
6297,0.792125403881073
106650,0.9437930583953857
48873,0.9535377025604248
56782,0.9515988230705261
48493,0.9486860036849976
6687,0.9374921917915344
96262,0.9521394968032837
65583,0.9510251879692078
23039,0.9583001732826233
46288,0.9761143922805786
101519,0.9575678110122681
50678,0.9644034504890442
19338,0.9718119502067566
34333,0.9451484084129333
95157,0.9416418671607971
102009,0.965573251247406
78600,0.9509648084640503
50120,0.9436203837394714
75303,0.9581089615821838
95981,0.9642671942710876
39346,0.9546218514442444
43176,0.9601553082466125
72905,0.980674147605896
48686,0.953315794467926
103602,0.9414750933647156
101486,0.959846556186676
92893,0.9634360671043396
61085,0.9481470584869385
43804,0.9772775173187256
72017,0.9779794812202454
45027,0.9159047603607178
6377,0.9632481336593628
82,0.971060037612915
94158,0.9493061304092407
74754,0.9552991390228271
51691,0.9657772779464722
84566,0.9412131309509277
46750,0.9615724682807922
78298,0.9524648189544678
19777,0.9496909976005554
93311,0.9640046954154968
54630,0.9779478907585144
88750,0.9583876729011536
86677,0.9522998929023743
96078,0.9523789286613464
10884,0.9582635164260864
73376,0.959726870059967
62042,0.9751197695732117
56531,0.9329121708869934
96054,0.9570856690406799
47090,0.9616509079933167
12313,0.9665374755859375
95437,0.9494199752807617
47954,0.9590572118759155
79644,0.9477350115776062
85620,0.9701074957847595
92921,0.945012629032135
92507,0.9469722509384155
40689,0.9518021941184998
26726,0.9511640667915344
10648,0.9532572031021118
52156,0.9521162509918213
35583,0.9450052976608276
55810,0.9483786225318909
14241,0.950843095779419
23864,0.9561274647712708
6324,0.9519487023353577
85321,0.9557672739028931
103017,0.9581873416900635
49734,0.9616401195526123
30677,0.9534293413162231
50259,0.9516881704330444
24519,0.951367974281311
81153,0.9564082622528076
7638,0.950651228427887
31760,0.9493992328643799
21407,0.9535054564476013
73056,0.9625200629234314
5397,0.9391067624092102
52648,0.933143138885498
79404,0.9512402415275574
87318,0.9502769708633423
50063,0.6210727095603943
62869,0.9589803814888
9282,0.9518045783042908
33207,0.9496181011199951
36832,0.9496459364891052
39168,0.9478722810745239
39004,0.9485691785812378
42231,0.9336928129196167
71552,0.9722804427146912
32425,0.9533296823501587
39202,0.9781850576400757
64874,0.9646952748298645
38211,0.954980731010437
92532,0.9678753018379211
56621,0.9557257890701294
52133,0.9606497883796692
45156,0.9384931325912476
72892,0.934123694896698
35120,0.9650055766105652
76104,0.957286536693573
13086,0.9517250061035156
44734,0.945551872253418
77203,0.9531304836273193
32919,0.9485184550285339
60903,0.9526011943817139
84000,0.9467388391494751
99303,0.9646438956260681
62158,0.9493609070777893
54089,0.9616473913192749
40710,0.9404836297035217
78004,0.9372934699058533
32074,0.9480865597724915
14113,0.9352612495422363
95540,0.9413040280342102
41386,0.9373299479484558
18064,0.9712578058242798
35811,0.9301573038101196
54232,0.9441429376602173
86245,0.9566751718521118
67616,0.955659031867981
80266,0.9569457173347473
44141,0.9183855652809143
50584,0.9681950211524963
98738,0.9279660582542419
11070,0.9526854753494263
105305,0.8044496774673462
58809,0.9537357091903687
72617,0.9638588428497314
37669,0.953468382358551
73809,0.9678605198860168
49712,0.9620398879051208
85108,0.9713313579559326
32882,0.9643732905387878
37595,0.95954829454422
79819,0.9420930743217468
65774,0.9507331848144531
32984,0.9570843577384949
92089,0.9389498233795166
83770,0.9491955637931824
57442,0.9568780064582825
38253,0.9399280548095703
54243,0.949234127998352
15299,0.9539655447006226
32589,0.9659536480903625
16945,0.953537106513977
51776,0.9551931023597717
59374,0.9364347457885742
65995,0.9749271869659424
26736,0.9511315226554871
84059,0.9515702128410339
17995,0.9518700242042542
63821,0.9704896807670593
63259,0.9445917010307312
6057,0.9595937132835388
85363,0.9568455815315247
86145,0.9466293454170227
17098,0.9731205701828003
73,0.9391294121742249
33560,0.9544667601585388
34813,0.9717046022415161
2011,0.9267914295196533
49904,0.9682428240776062
29527,0.9511904716491699
19572,0.9376183748245239
70976,0.9540752172470093
103291,0.5615121722221375
367,0.960533857345581
77990,0.9641739130020142
99323,0.9478745460510254
70762,0.9640730619430542
102691,0.9517046213150024
30827,0.955618679523468
37704,0.9734573364257812
93738,0.924974262714386
36077,0.8966051340103149
21236,0.9313112497329712
54913,0.9199935793876648
99433,0.945963442325592
64038,0.9528200626373291
58228,0.9311915040016174
81187,0.9366637468338013
90101,0.944319486618042
57523,0.9562718868255615
15695,0.9553311467170715
19808,0.9537475109100342
41702,0.9563285708427429
52520,0.9440299868583679
15014,0.9550580382347107
33184,0.9521386623382568
32005,0.9489455819129944
101164,0.9560422301292419
21810,0.9525226354598999
14671,0.9185879826545715
25123,0.9572932124137878
10673,0.9288197755813599
34660,0.9608109593391418
59131,0.9559602737426758
40513,0.9588490724563599
91323,0.9570580720901489
6942,0.9413312077522278
6232,0.9500477313995361
47970,0.9564105272293091
55360,0.957414984703064
42541,0.9609363079071045
1644,0.9296020269393921
