id,score
34566,0.33777732076206757
50272,0.3452935090555465
69232,0.896263580519639
86223,0.29188249134656546
53524,0.3563326502123327
42142,0.7411188321082842
22559,0.8324625775293242
28141,0.5834609869272891
72186,0.6615208829528127
46468,0.6937776686265225
33307,0.6797438171955131
96701,0.8684768577972182
43458,0.8973759220412166
50885,0.29468518057138593
73557,0.7559556430975453
88932,0.4015938298515748
44717,0.38832128233333485
99278,0.8246712661644122
59988,0.885529880641873
41296,0.583395305206466
25715,0.8705327534705739
98187,0.5565250583242216
40635,0.4349495095580109
76486,0.661627984109632
48161,0.8182954529266429
57858,0.17993864022175327
25848,0.8987698538774073
83247,0.8583294689293107
100820,0.5798088557896959
61843,0.8969775312231041
47864,0.893807280060515
14338,0.8786644551333771
106760,0.6300566420680904
42892,0.42782501681483304
20995,0.30581815834610365
68283,0.8012854971137168
66796,0.21156371928040568
1175,0.8942155215968497
55171,0.30492029500379014
1693,0.19546824436532528
54411,0.38214572149254183
73718,0.8896597832529178
99036,0.893353209386198
29757,0.5627960620981219
1352,0.8913963229745557
6970,0.3664166565041454
75513,0.8564462126448588
103376,0.5363645628915604
11566,0.7285696258141444
85724,0.2891461175452926
26255,0.6318730618851675
83078,0.7894118344372458
22092,0.8969636280729051
31379,0.17853770352696824
20478,0.28860274975506134
70444,0.8966684100054513
41587,0.8974138012745141
74822,0.4101682253771318
88815,0.8710932536609854
6351,0.5164164176452566
105177,0.30085044892731533
58297,0.2982535269412905
39926,0.533668648208192
97160,0.25887782035190793
86332,0.4859568951068437
21551,0.48057895749277285
47546,0.3603774840376366
37196,0.8300324907071386
19800,0.29701463638103653
67091,0.34410182792680377
90146,0.2988527543616631
52084,0.3204988095795699
26000,0.40546118279796256
20558,0.8988651573486547
32315,0.8245788012968835
95299,0.297826640353855
57575,0.892204349165549
57431,0.3128718214623908
15164,0.8643915413648242
47959,0.39419461934061517
36213,0.8168997669763526
64598,0.1203001709175926
85180,0.8917632809233522
7330,0.27881697358716007
96758,0.2805864420659572
60760,0.8619682635913838
95190,0.5096060506840367
70419,0.35410920795219003
104315,0.851165832596945
80963,0.889140160056654
104090,0.8965318122517019
62040,0.8632076573331797
57462,0.8234683113647783
1752,0.8981190397196777
13352,0.4209888044397817
6969,0.37349670132678314
36448,0.3988698663869588
69866,0.882113749071041
37138,0.3295815016215419
37149,0.8980939098151519
83158,0.5863322550243135
107034,0.6130183456205189
83603,0.636710173648374
33886,0.14247641556048402
55417,0.38599162099553175
57938,0.8980608520285502
27867,0.13869267082949507
101800,0.886523079969732
91813,0.8643033054147459
64083,0.6453950962189835
29528,0.7787130240387479
71645,0.8877177879403556
14467,0.6605412875583758
60324,0.8938498688811779
10743,0.8972406339758233
64077,0.8982846013807002
92251,0.325566737793399
15067,0.3253129560838458
20047,0.11963440727964317
54463,0.3363888147344355
8025,0.08661658894559277
27998,0.7213375234565185
91510,0.6472241727440932
49193,0.8979093622872182
5404,0.6517281793625281
98897,0.7957956882109285
46045,0.6666296556593427
95008,0.2910657006872324
43419,0.4765547974301604
58059,0.28891917920435684
10051,0.7270919448466734
95635,0.8266196245023181
89780,0.1236803595901303
98548,0.4100594976949465
27466,0.8931410397287156
2992,0.33634620729337344
105855,0.8411828141793329
14278,0.57901449191036
13478,0.8524398737146524
81475,0.41672273852129105
21191,0.4724316156249994
13291,0.13998009914510695
67019,0.5352122528474054
67840,0.5467962327249206
61283,0.7704650540321197
99646,0.13439982213225307
90567,0.895378072819377
95937,0.25637401957108535
98569,0.8734484718290999
83135,0.44290978143411525
63766,0.5718494915612469
58069,0.23985308606302522
61012,0.1149899817752802
23811,0.15895849771466733
86719,0.3260471574588947
71966,0.5460484143960586
42822,0.4516367952966287
41669,0.896196251313248
45307,0.8171503117211251
81709,0.2144195793255811
7658,0.7898461429547032
12419,0.5308781491877154
50301,0.5980377987058425
54932,0.29332895442692825
40443,0.6576180880772744
89290,0.7656451740292749
18566,0.5470720094928438
25390,0.8322538238802213
86488,0.8935647958789794
29629,0.3068954436472657
11058,0.2533763338005612
54617,0.6034698958661476
41981,0.4552471410811615
87296,0.5410588027567466
17667,0.20901847772790164
5896,0.6109036726559957
75975,0.5197361305249361
27593,0.13891089730169787
40873,0.8869879992120128
70373,0.8743367194612616
43440,0.7191561613899599
13967,0.18739944664673916
105002,0.46245427864882505
18683,0.6713173228712593
87657,0.7386603509582369
57708,0.4613993890970902
92606,0.7413367338753951
72712,0.8912036009035526
69218,0.7244159810864331
58810,0.8723448451589273
95425,0.8975138587239299
95904,0.8978425726621095
79487,0.886803035399861
46830,0.8792166036903369
69561,0.28745562455521523
94968,0.8364232585585059
1988,0.8881305973451762
96273,0.8040710286545272
2418,0.8978176145018426
12473,0.4218530445240091
19291,0.21612014816825947
10962,0.27752919386961816
47640,0.30649913129803663
93483,0.8848828643014974
104092,0.3752818461764704
97169,0.8961261512610116
31477,0.8177053924151927
75670,0.2684643421783519
65370,0.8082868125595438
10836,0.2523876259184653
68685,0.657293584035435
93012,0.8895681758995874
80205,0.8829801881711461
66783,0.3739997663553446
79142,0.7914430961696445
51106,0.26283123985333245
101527,0.8950638106586298
46079,0.8647091383479657
68864,0.3998287571748314
105489,0.4707663315698583
54811,0.1394848722250611
6426,0.3424082118054397
100841,0.8983709811023715
65650,0.8976897651047173
57870,0.28402935659827916
55990,0.8248363318663203
106074,0.6865423992870963
49536,0.18979075707262755
89328,0.833709054159083
18713,0.3337628599665958
91797,0.6471626978695248
106639,0.26602453549532906
5890,0.3432150256998148
89684,0.428109770347482
54023,0.45553997755915215
47021,0.43895391641497483
31128,0.7971199933385101
1963,0.8934222931584312
76891,0.45032157709305237
90892,0.41670121262059506
63803,0.1835362065614397
49662,0.8587238976219923
94938,0.3480171312941538
23162,0.1846731956216207
96698,0.8930136141545482
103791,0.5592586409044539
64992,0.4938922058658478
58764,0.2387074932157236
5358,0.8972051952357268
61333,0.8975143165973194
63475,0.6585078506253251
13214,0.6694954303673131
21817,0.3038233365609515
34789,0.8912822454266163
33534,0.7339521697411582
68438,0.48992145827993266
103299,0.8980133767487763
106707,0.25120939763538785
37671,0.14781457169036008
36142,0.8986200140655102
75447,0.16717943162882226
31898,0.4577173573767057
65458,0.8661305696892234
20782,0.7673307878458193
93542,0.33254282886822467
28068,0.23588752210034167
13088,0.35333512250064236
91210,0.4454981273282117
73055,0.8904926354324338
2146,0.8724553140717165
45779,0.6053715851810951
53843,0.8773971603098731
6613,0.6972567288311569
85068,0.40261502649570946
34339,0.6480105993196719
1747,0.7405792897694374
100398,0.3010132082275052
77182,0.23390487413284997
16496,0.8939383236555827
50826,0.36789447655611823
54432,0.550619410308397
106786,0.8074759883717185
60662,0.5224678998661726
25319,0.8226734919316959
57166,0.5546814301816436
93039,0.78692400421484
57408,0.2797318800429138
98502,0.6280505490000596
89627,0.2784930585291728
30063,0.8540993447891432
37625,0.43366628864033674
20751,0.3543835942747454
43244,0.8980042582126093
66830,0.8727879493871508
7174,0.7113374213855876
98246,0.8186749657688364
56972,0.32772737821635467
84719,0.17034145839493464
86073,0.7901089787807909
49249,0.8963265757431089
72494,0.6619328528861848
56350,0.7158871297356949
75617,0.41798633856457246
61192,0.8767221512867903
95727,0.1040502315567542
53226,0.41504032344382413
11746,0.3236832428620239
56780,0.17951497030386393
48037,0.13968539440440053
67699,0.760577185644359
52046,0.8980371206521679
7373,0.6765147610431914
55155,0.5314365461313575
87577,0.5039370385460311
97264,0.8701311366484674
73458,0.8926310545893815
86325,0.6581071677708816
96463,0.5519701756250512
16633,0.8695734006022078
75069,0.489109808684664
35487,0.8945411009149135
24768,0.4049273245090467
34822,0.4720242503162179
101479,0.24005125780979764
79766,0.2848457270953061
49768,0.14278071416471666
22731,0.8981496952526264
33574,0.871234412943152
55252,0.36222069049125033
40683,0.4703983057122702
33771,0.7529809122769379
857,0.6905691386079332
51226,0.5796531959385562
46831,0.5614301312983565
105253,0.43858112684194717
79491,0.8973474875081999
103022,0.8923173276184356
82950,0.47174139611823657
64234,0.8931417091888492
78991,0.7998463858394519
83774,0.6958274524338562
48994,0.632957645591891
84569,0.8982863952380589
80903,0.45702206360918873
39230,0.7546960677416829
97195,0.6034545938207856
34972,0.8148166219873503
63621,0.4906199032357483
11553,0.7000935518057441
95009,0.4238745755186196
2753,0.5957062435465627
102798,0.7837711735889153
35609,0.30876278687993275
45723,0.812240526745471
36421,0.731730460161707
93564,0.1618667790223285
18673,0.7458928197254014
99963,0.5250393138540678
19921,0.32363316509138307
9379,0.889472232239768
63121,0.44376492014732893
55480,0.42135874635627485
102975,0.8984191639022782
55632,0.39263837339982177
74937,0.8019930694998966
51836,0.6563156811601073
12610,0.8902682420646479
46487,0.8147247376904588
42150,0.2568002246664842
2908,0.8521037467272495
11348,0.34848617707069146
104966,0.17018727224210806
56207,0.7834525831476099
47420,0.5878272941026474
70191,0.555661091430631
30693,0.7761477258044125
82367,0.485896567198284
56454,0.10648222530589509
40608,0.3363127221228954
590,0.8982659005233027
64431,0.22306096907125067
14717,0.24607594027874474
14898,0.6235608497096083
5949,0.3765823047601268
80059,0.32835712438616366
24763,0.39211470015269156
46875,0.12080377457313583
26931,0.22327394475173737
72880,0.6593363984762115
104802,0.8164244302844307
39042,0.22789030409175523
986,0.5580928328720727
7537,0.7698266128279155
74147,0.8137153269773343
24786,0.1863328764665042
94019,0.8441031751747076
29377,0.4753956038297295
16134,0.7185879287361127
9499,0.8938764683054495
64513,0.5963185176157817
15569,0.493308044583248
47017,0.3121092764425819
13043,0.40517883446187514
56464,0.21640315190663173
8315,0.8296721405538462
31026,0.7305113585482023
74871,0.6138213889008235
46139,0.5040230220659251
57488,0.24056553022410893
263,0.8647684177372765
3394,0.2589636228195622
22237,0.5833779075513388
17299,0.4326412593015212
43048,0.3173986982153327
91934,0.11833131550178332
15814,0.8693143156040907
92661,0.4461594111663247
48500,0.8976138308701487
101522,0.6146639842874673
58058,0.7997969602627197
48310,0.801301776679662
93528,0.4731440338471795
48732,0.33892643116717186
56815,0.8971276847084251
2861,0.7561457351191334
32056,0.15315419288216497
31686,0.16154176268965215
32212,0.43979048181028035
34433,0.6173116659593015
9154,0.8979734441949319
62686,0.16399546149420258
93196,0.8784552401614583
95261,0.32912590080302634
70962,0.406959500271736
90520,0.8455343237840764
29033,0.822440805740068
2713,0.8631784138353531
36946,0.41069800086164066
35993,0.7635466760225035
100933,0.6438444765789786
14561,0.26170391842041413
97302,0.6068731837560414
9600,0.5825030272460824
10294,0.8094480026010781
44890,0.8421964509452978
87850,0.2920902529111293
101786,0.8423961117499682
69051,0.41940295635294467
54868,0.1351098405456971
6583,0.3002806682261048
63256,0.43470819114529935
53969,0.3865555701979457
69907,0.8696339926678065
45282,0.4951083405706786
95125,0.15255604428038488
54365,0.5293035327184481
63236,0.8804683608546807
104959,0.8756353806656118
105117,0.588132470268383
18787,0.8441683774159409
77502,0.8787639731036617
59084,0.7404312258112549
91595,0.316527960852091
80788,0.3163654436815637
99862,0.3800001000814194
87325,0.7222272308366011
57303,0.4504155987573511
37884,0.4259878136481376
92059,0.8797693788840355
76261,0.8886928037943097
79007,0.4247863450637848
97833,0.5053098180884155
40382,0.8970848201266594
42825,0.25997084160807626
73429,0.6173234251114004
67050,0.24757442683807557
67837,0.3140036631336195
11945,0.31720163540408747
4880,0.15483300590585486
104670,0.6280619993180296
69307,0.8981406975055265
2417,0.8278857505224799
20890,0.22097086604591376
60524,0.8974149336042574
67623,0.20302505812786406
79406,0.8965843947556321
81812,0.5024798547276769
47792,0.5431402063138445
60455,0.8974510707236376
57967,0.5518983164763881
63131,0.823315109439122
77533,0.8520331420309827
75815,0.8820993262535587
17220,0.31760855466352733
4822,0.3057821262224073
104299,0.5701238350506822
27396,0.1254797646078595
66788,0.3489002382060251
73691,0.8959159811386659
84699,0.8066826327789693
76468,0.17836088587272586
6868,0.1857872905894174
95938,0.3009535986135162
91872,0.43169855820150665
59054,0.8950576678447172
37147,0.6616846116911961
24966,0.20144489641755708
5668,0.7573878645436115
97600,0.819934371065822
61930,0.3120666470178901
86934,0.5152830280185713
83678,0.5516089365143594
29827,0.43329140741831723
6206,0.8978943631629774
93891,0.43953009075778204
22302,0.4845619081263226
53715,0.4089643304970986
74452,0.3063468203159656
98097,0.20861082502966008
94492,0.8096529985469191
52873,0.566931511228488
39371,0.8938841012106055
33321,0.6249105451049803
105024,0.6017796596133411
70699,0.29380854812815665
63945,0.6679748257619358
92000,0.5857393981905507
4990,0.7556696529331617
45293,0.4539110227098446
89028,0.8735503678947351
78250,0.8972462496122379
27659,0.6718669495633104
67546,0.12163700405676296
85206,0.20409761312406244
66829,0.5679704168847564
14360,0.29008777459323387
98129,0.8731000381158571
74522,0.8342548695475838
20811,0.8208034543879853
76081,0.3436566013143959
38953,0.8412933372260017
8430,0.3911016788462252
89041,0.681515534931711
99838,0.8939562928292313
79512,0.23538465024203417
103604,0.35264822436218934
55820,0.8225565929219063
65422,0.44928629093668637
72645,0.8011719658875208
91160,0.3327133931368955
62410,0.3795722073342016
52414,0.8684568564970099
5692,0.3000707982984706
77094,0.2102040800978106
55179,0.16466748450349067
49202,0.787321226770258
8841,0.4754810548465453
8096,0.7822232519746647
75832,0.7248546368009166
39279,0.34239275982729844
100504,0.567689034381191
37330,0.8976693695184903
71467,0.5170538547977664
27577,0.3202408278381156
59870,0.7760557513182735
64403,0.5628244599460248
47464,0.6361077060465252
79770,0.8920442817918233
99308,0.508569676534527
57197,0.6198257439042305
37918,0.8184645466302065
43470,0.8324657795577428
100219,0.2969412506673072
26510,0.7913623804693624
25870,0.2726863369831949
65867,0.8859731624422181
51739,0.12811441122923084
99965,0.8967613402150816
10534,0.8977587758536086
6664,0.8280472572150764
104971,0.29427771949311166
24615,0.21167297002139238
100862,0.46582986956076466
28018,0.6372332006238891
7345,0.6788051534880616
76059,0.5552377262190082
24256,0.8975559949874878
89943,0.878567334949691
97303,0.32473885153061893
60280,0.1640851501016419
18324,0.8974229417938859
87641,0.2966266415478435
28970,0.8108782673047887
27363,0.36612181665964133
52902,0.3369959458927563
85294,0.29489989202615835
81480,0.8835813574451192
1744,0.7856606335314984
38002,0.7613394997753036
14284,0.7904822038465036
38484,0.3009571390842624
80584,0.8983051093298243
77050,0.5415791627105797
31259,0.3290989454247397
79077,0.12206216300754519
58886,0.8435026423407868
60954,0.28820662230214955
70799,0.7090531522770256
52013,0.6735057681675426
71904,0.3050301743874335
71844,0.6939996539470514
22734,0.11075507090434844
79724,0.23995429505119215
82508,0.6077567002233055
77802,0.6555455542991363
54576,0.3900184554489746
82046,0.889060888318029
42787,0.6876261132189783
91919,0.8130082347221669
4764,0.775845246365378
29079,0.7090317881522166
30254,0.41810876127062735
94013,0.4853491916817311
33643,0.835997859328192
24238,0.4766224789118935
83026,0.6428861312310702
3164,0.3419414839909658
81900,0.8422946901253814
50519,0.5592337344197499
76320,0.6231988748149374
56165,0.8978245469091606
83166,0.1148826168787731
88675,0.895259838954391
76380,0.2525114096286159
86709,0.7866166275963603
54070,0.8638350852165662
37157,0.14243070936728042
104166,0.44488589249161975
68285,0.5145153072074551
81848,0.3283345330888518
44145,0.8703872183014008
24019,0.8976054469730638
86235,0.5222628601670233
80353,0.76153472179727
45854,0.7708090994992646
4402,0.2814678694628446
41645,0.653001663240443
31674,0.5190361837694665
28987,0.3453970464700529
18766,0.575136331573425
10355,0.8150736306024001
32427,0.4652713488624123
91400,0.6161574385177129
55295,0.6762795737333809
106782,0.5593965829134686
1645,0.5787643588107785
2610,0.8283462107982719
53836,0.311767852928058
63495,0.8922345661429362
53689,0.24681783168786264
99572,0.21433897288177034
4148,0.8977995510451469
93681,0.47797798828468985
82600,0.33891129711074514
63362,0.6427121645113207
58983,0.39214731751564164
66268,0.4458705464124695
83582,0.6711523109022154
104484,0.4741401107368871
39197,0.10611472423635625
70740,0.14732917739515897
75117,0.7848920593429554
56646,0.8546926912428536
103460,0.5246921344284771
19134,0.8955612764216498
87447,0.34036560112679753
49659,0.21135244917185195
83556,0.711805800764927
23993,0.5086647700440651
5813,0.2497830433278277
29916,0.35990420476995844
12340,0.47312457193694313
67255,0.8427723222619374
46508,0.17927736407561384
67248,0.4053484014813308
29461,0.892660969296023
51279,0.10843854312363391
16059,0.6243988244756464
92016,0.7977752987313101
50313,0.3412053438220274
78370,0.7932704151182199
80708,0.3273305480475697
90075,0.7185821853854913
72748,0.808044419658604
10128,0.10945930760149096
7858,0.787184910903667
69469,0.3413386614347582
607,0.7697866447351348
31648,0.8666702053491581
65947,0.21787249071977186
65612,0.3092525000291994
29127,0.8695015395907981
71081,0.4463784504790185
28869,0.18135955669108805
13784,0.29656830369062254
98489,0.36414986190799015
38712,0.8712648913544688
1935,0.8967697229223028
81134,0.8942942277220145
97576,0.41089677173653893
100132,0.6660260977137282
41552,0.8972509824880323
104473,0.664082867057189
10886,0.8774884871861465
4608,0.6855563099135508
19638,0.16772376332910166
103726,0.7688311590568971
14088,0.40610446006342354
44367,0.5143070295122323
77775,0.2729367962873619
43133,0.31908957595842047
11750,0.2875679701267013
38773,0.8501053585976444
80328,0.1928495206778773
36364,0.8613960774120154
72222,0.8988743324168689
24497,0.738746115380938
81796,0.8962413935212998
68276,0.2716123014760769
95099,0.5314818174691721
104325,0.83082272185057
72720,0.6347416107409826
81957,0.2202250035901001
68678,0.8764868893750806
6282,0.6562555580858859
39478,0.2619525383291317
64263,0.8950875293903565
56842,0.43215386918641885
71748,0.4198969810455206
101186,0.4213922335858949
77819,0.8951043063638606
82746,0.7931002724463666
75372,0.8972204201283409
86180,0.3792572942212674
103038,0.28179812556897715
53965,0.853332719790985
51154,0.6061895774762518
68680,0.14499148913696036
10380,0.852557810745044
15435,0.6033940114485872
80262,0.6015213164359221
72306,0.6651384357851958
62687,0.46537835984997766
87244,0.39483923724861786
45990,0.47672154806177236
2832,0.3085766129064724
15117,0.5108000453540347
62567,0.2788040127378429
13436,0.25470615190456514
10683,0.3110609307085419
25182,0.8972067415224547
65739,0.4237309177554842
94520,0.13479191071483138
96784,0.8790790623182007
21531,0.26996723514443943
58971,0.7802148876293933
66147,0.5643223282832879
101483,0.5785085115117876
79887,0.7552670049723036
29544,0.3469271499881117
69091,0.6874472597555686
11176,0.6631206608718905
60268,0.16224689722224597
71120,0.7385572859295755
31291,0.791940865807218
43865,0.7615283829383818
40585,0.48335961314098713
37452,0.5199417407414362
52456,0.8975013348501212
90007,0.876519893573617
16739,0.30330919452362515
91551,0.7374507932935981
23423,0.25732652357367025
1706,0.8736173260569317
7452,0.2743547245184089
8134,0.8669858794563979
58536,0.2878093399370314
105734,0.5978778028205884
1313,0.3396435988386991
84876,0.8972001148627478
100693,0.6025884797891571
57995,0.4752394138055019
79811,0.4212087386433404
69139,0.5960094718045271
58534,0.8966720906389922
99375,0.49943000684084476
76796,0.3249527667788169
66626,0.8645715934938992
97721,0.8728299630403314
102488,0.5320449137432838
31116,0.3069134699591425
21065,0.4437994402192159
59272,0.886476556474666
99469,0.7221516092464904
46333,0.8950643901766153
28601,0.6283807768128022
25815,0.20628722574398595
102482,0.2279147096325449
34661,0.8865706323690516
65391,0.8396990770616873
81943,0.5727263865538179
28505,0.8825808948628102
88621,0.352497351614682
62287,0.8449763505195973
25860,0.33455051445700995
58026,0.6764347124496348
59165,0.22451475803236243
21355,0.8841758345484471
724,0.8973963457928916
61635,0.6255294589736176
10564,0.1508974093227377
41782,0.46947885032649517
6229,0.20865543816552523
42952,0.45380390342582333
56235,0.5388268544384179
104947,0.8700461397655296
7746,0.3166348455295469
100978,0.7352253232068927
20646,0.757847583446071
78149,0.2826176121660361
94746,0.3111256495083407
11466,0.8574345908585641
12787,0.6809513335520728
104608,0.598009657100557
38068,0.7066947081308994
12230,0.40358673604424816
22667,0.2532325838060106
35855,0.31386275451745826
27932,0.3686759877821437
57277,0.4655394898073948
71908,0.7042652248070456
23047,0.4957006574038664
54288,0.7762853002987392
73157,0.8880132315272482
72434,0.7804190161060314
37676,0.49184692866981583
107058,0.22277614594492573
103029,0.24329279804178267
34947,0.4752475346508507
85834,0.8918896221383394
74743,0.767038022248089
19940,0.8820896934681955
29136,0.8038779239821006
65700,0.8355834948842693
15352,0.8973993167704458
44799,0.32809720495932027
79640,0.27900628501525493
745,0.8855063933695086
68654,0.308836584396957
75911,0.8427956253663778
814,0.5987120010372332
30903,0.6814694471454332
32545,0.40261493845747254
35506,0.8073623739186699
69863,0.3145817759769727
19443,0.8819980069421544
45375,0.5852599849119872
22240,0.22575519728390833
86911,0.3917074692340203
68265,0.5528406104595104
91954,0.46452637780195816
99622,0.8904651600101363
47734,0.33176242393067695
53726,0.21541875693602142
94247,0.5924352785485272
154,0.8819404073348979
11650,0.6691545622409325
27561,0.303062932018604
49806,0.8845300506405764
94011,0.29607276418322165
50140,0.8696718659574864
93185,0.6099823682275005
78438,0.8325667635450726
2264,0.28000413811655717
62528,0.7132146932516575
4665,0.6379335384263312
7685,0.1606565828755362
39824,0.7625048455649952
65005,0.8799764884138501
68816,0.39412973368202886
102678,0.33039960430383747
63734,0.6299834240758604
40320,0.5439472606571902
2545,0.72052837934877
41278,0.8858157483620561
102661,0.6417063646029002
29550,0.13172215025156264
13831,0.7752607722035215
52921,0.554178652456764
106351,0.25044345448951405
95864,0.36790670167461603
9087,0.8982023223720574
5591,0.8244470631476407
46258,0.17364262054709223
95865,0.8906542150887432
42844,0.8869951211211988
77093,0.13813093091137793
84201,0.8979725870303437
70165,0.7333542442145693
32357,0.6948308853845954
101296,0.4734316469659772
67095,0.618179528679906
85509,0.8666517209572395
50202,0.8063669764571432
12793,0.6628317947905037
94120,0.8648991204566863
16628,0.8980284333201639
88444,0.4425587366284046
48356,0.33541644484903405
57373,0.39543545562655136
20724,0.6582814636292682
32265,0.8964786900343708
50643,0.8250155998306843
52320,0.7576649395653874
90770,0.5160803559406264
36345,0.33884392086297854
51312,0.7088751413753924
106826,0.5377387253867878
1659,0.8939644924594821
16342,0.7908268804028615
14592,0.545833228209542
91973,0.5123159724972759
92819,0.6056554429336819
19977,0.8982558488583943
14955,0.5945212818023733
2250,0.8427064403689009
72244,0.38037098170117295
26420,0.8941806734944053
68772,0.8105499886542997
5213,0.8885928195821395
51455,0.7103970199511174
81805,0.44109423254233265
85814,0.2782232647932469
26954,0.5147757141565434
69738,0.8976877023522373
65545,0.8975062714415925
83747,0.6514210676325529
71477,0.6032261509054693
69329,0.35403819187531255
1746,0.8476672953009629
87324,0.28881493111643797
45379,0.772465250279683
89712,0.8959740123868958
96389,0.12692849245923388
35886,0.7187356095448557
89497,0.8974521040916023
49775,0.8125640578978092
81178,0.3262977923532149
72632,0.43406473598737005
93516,0.8987053920111746
57472,0.8923754981837824
95100,0.8946067787353719
257,0.6889005327497995
97807,0.47474929518841774
42302,0.6486977840354018
103524,0.7510518297535237
89488,0.7578846820723893
76436,0.3527584051323968
95621,0.291860936111388
88434,0.2650078866822209
106829,0.22769822584114752
36065,0.3216238942503844
85803,0.20974029970747526
26046,0.18989130616612843
57695,0.8735793215307408
49956,0.28140809663291516
41088,0.42276132176347697
46736,0.2912064571858036
45144,0.3677074452806448
99930,0.13372903679768577
27117,0.5083206255024532
53530,0.8806657543042574
49282,0.8750134812041866
1592,0.3994108431293638
2095,0.12779549503507057
105521,0.236896619677753
93321,0.8981161282845158
77725,0.218373732615632
52947,0.8912118599444715
43384,0.44578483631122784
41422,0.3212620207241668
102039,0.6996482218655993
69243,0.565538108064654
100066,0.7893399694019727
103522,0.6074773791518139
61424,0.49748500437642507
12304,0.788248662714008
99845,0.8977822959422965
57141,0.22539302846203746
63639,0.8920604954802631
19505,0.8941711894775635
72803,0.6078765493913065
57130,0.8875147703948704
104086,0.622187996639213
95997,0.25581306945556126
73735,0.5774253794245303
17898,0.7587105914839498
63729,0.8866270868669494
62143,0.4885899948490631
76631,0.8237715073791705
24602,0.7797890450271445
69537,0.5675867407781354
57797,0.1293864275222476
95559,0.49508897125085505
90322,0.4259396913295618
80472,0.6064758251994078
66595,0.5917539174428964
92922,0.2887063480140393
29561,0.8877928197881892
83239,0.6738249392254051
91457,0.34352649552440734
55134,0.1658344321652001
99539,0.15893544830943723
48374,0.20512527266184244
36915,0.18141729850464655
65108,0.3468096709515926
29981,0.471529235733573
93649,0.41254566364016665
89723,0.6778570308762664
76692,0.737013042604503
54562,0.7675948477648276
43904,0.782960722696401
33293,0.8949086550516263
73671,0.8988854637520806
28238,0.4183467552373898
27546,0.8976877548516796
2281,0.8985096291278595
80042,0.7972613298449897
47374,0.15082463799724094
67558,0.19248779752852585
58322,0.5024273504724879
106927,0.8839456643905172
81403,0.8960941157580298
86321,0.8650938685074019
50823,0.4065260195899935
97448,0.6214279303198675
105586,0.2396570564469628
75470,0.2850837292955533
9662,0.8410479048350666
91907,0.8754499709236826
41996,0.8948590528476468
59405,0.7810734195297468
52052,0.8734262337359882
30825,0.8820707458601409
95254,0.48009307745959007
58587,0.895419837406397
98745,0.8260409815023467
29759,0.3011085728380935
101031,0.5368236414527087
20484,0.41869331417729705
25560,0.7916765480756314
61360,0.8620200802301392
29448,0.5543564360200115
19381,0.49001914373505073
35748,0.8115182321175128
68222,0.7031084644060729
39947,0.8976235007289008
49604,0.8271850684850306
1877,0.8993737783405641
46967,0.1640767252871531
20173,0.11491751549663938
36385,0.8166189618734598
69799,0.2906078711313821
69403,0.4667091828061115
95633,0.30168998830925997
33998,0.6222257011294873
64813,0.1903469823024842
45104,0.33460367690338033
8400,0.6792527381433525
2873,0.6190502886540868
10001,0.5526059564250069
48294,0.682128384616524
83497,0.15272061782251098
57145,0.5894097194220725
40968,0.658241643122822
12970,0.7829104914078086
73741,0.18574156903674144
63151,0.8976654517212513
70917,0.7864888096537382
32230,0.6593895175315394
56209,0.8871211706710085
23490,0.5433482073719405
47058,0.5782537130664458
82884,0.476329684575657
97008,0.8598624841088671
19504,0.2781003410112455
2297,0.8493300319804422
48473,0.3096038170520172
86212,0.8629283053719833
38842,0.8961323229872071
39472,0.10242394411008293
51818,0.5129573335703039
23397,0.42431663237478984
96486,0.8777931563085352
88840,0.2644495026817958
40466,0.7322391145965754
70317,0.8977098073372253
76574,0.4159039750666012
39341,0.8164564367175843
7292,0.44524931440680277
2023,0.2411772699308419
77379,0.24944883519338595
58211,0.5758880297886911
33639,0.897399573165069
104130,0.6575409311287241
99841,0.34125809757279074
106572,0.5476645370872371
76552,0.6396042177778167
101625,0.6314872460330557
66162,0.3223213742088692
41851,0.5038465657722023
101017,0.6359679180385701
92229,0.26616913852034324
82357,0.8955260117007324
15982,0.8442707888224037
23136,0.2795018303528979
97759,0.12093580964204984
92316,0.42112587653791766
91913,0.806946327810674
46431,0.8084067432788585
19270,0.8061298939138577
76264,0.18679938600107532
97433,0.4861044540487909
49813,0.6066197601998218
63267,0.25193803583102836
44030,0.40551911097117754
47029,0.3451610305331061
60911,0.24573108616419997
26852,0.7374706437353126
25495,0.7637913260390401
30724,0.4226042338373406
97366,0.5911776194659925
88283,0.3319096264157733
99771,0.8862373973221191
22333,0.41886267549464523
32269,0.8984993391300212
8079,0.8381495558491301
2779,0.26526897861208015
13370,0.7486825335533298
67613,0.22208044111466446
84513,0.3338858118002909
8508,0.8964115073980947
66942,0.35603684128906204
56528,0.5567393674443226
63111,0.33303908900615253
43119,0.31282049595666417
55170,0.8728277618656167
77456,0.7628032356164045
8406,0.560959103923954
49227,0.39563659567363163
100176,0.8917804228397959
89671,0.8988886589017584
99750,0.6245837681747278
60128,0.5865457766410073
57307,0.2690172354838352
40250,0.27726756352091636
34581,0.35802841043021916
86220,0.291425440174439
49095,0.6695730108299316
63946,0.4640593345928016
10473,0.8938711996550412
41895,0.3623305928366347
76107,0.2902103282222859
79867,0.7015507839273727
63319,0.3771580858234883
96015,0.6983402173171017
79850,0.3048017628023697
106860,0.8715745897929635
3663,0.8819418649788763
100342,0.25752946733250753
8091,0.1158718605157586
103769,0.3715903936045618
34494,0.8968588591504392
28174,0.43585249479311605
14089,0.8605019536334633
14851,0.8926228221253494
101546,0.23586385396854265
70823,0.8670231880176729
51750,0.5050348399383212
85313,0.1943738282532771
15457,0.28781071000209624
14421,0.4942182877898176
98252,0.8961597532848927
64105,0.6978588738590205
85486,0.7308606701984985
40484,0.8983654910898891
21023,0.5676493441138615
14530,0.15653646165024906
43162,0.3165581512847853
6006,0.8983626626671504
6263,0.43562603574826886
42898,0.8876989298174518
74764,0.2738351246319165
53230,0.4839586824723149
102952,0.7853831083781214
17252,0.19687226564448174
91186,0.3332841583748248
29131,0.671827977748157
78947,0.8812899201770059
3032,0.8241687860723201
98841,0.8899275942011176
8866,0.7878356683654402
72495,0.4937184298110687
67709,0.793300135647935
90098,0.578051926830784
59516,0.10614386036882435
50248,0.898765398139205
94359,0.17484034511148488
27240,0.3835215375239269
96264,0.7806136993911719
52858,0.2819175385954824
46162,0.8105807238432798
1134,0.3114322740936167
48949,0.46995584709609667
71960,0.14312595553564245
68910,0.3590892759991821
99982,0.8822690242869352
41393,0.88602709971451
51375,0.15164610611925283
68467,0.7220352092045715
76589,0.38484857825335855
70180,0.22423183341534805
37487,0.8518788823830223
71815,0.4273276794912954
103508,0.26647525345842565
82760,0.8934306622932409
58985,0.4531324132632155
16513,0.1971446470771107
31230,0.2297685679498613
59944,0.7997451982117944
43283,0.44842956914737
31673,0.512990879146374
71637,0.8660196578448236
84561,0.7339904058706269
96324,0.7196177455666899
11191,0.872621142898212
50728,0.13317065777440426
22865,0.570457481921505
62181,0.19865821830387861
87356,0.6977453171624861
77537,0.37116143639679655
22487,0.8006253446569723
45970,0.8321610364562004
20742,0.5751655640724165
64806,0.22913049580364042
98020,0.7507142323792657
49161,0.13664660495429995
1783,0.15028562787658845
64058,0.2994096418108171
1330,0.6079530862832401
86753,0.4111052144264944
85567,0.3333389794778886
92385,0.7778848320086317
63583,0.8793349800756657
41872,0.3604774317807342
4448,0.17523988529861123
10400,0.4697306737371795
54480,0.4407211280246584
897,0.2037466116148114
75005,0.8980932830815489
104744,0.31886595978503823
78050,0.8868592790389888
24984,0.21440098561645432
106112,0.2285283369312608
19932,0.38520177665783983
102896,0.6070775259429833
73105,0.7973140365745992
91330,0.11175968974230821
34731,0.1477605158283526
52739,0.7633869981578941
26932,0.3358750243999672
31165,0.35046380311113057
58551,0.8920331240743095
21939,0.6401826836312529
91487,0.8165201603265656
97906,0.7173032855811622
44807,0.8835438979971747
39583,0.8079130840220763
93137,0.6340833225356369
34927,0.8983736263647395
45200,0.4965139487789322
14810,0.30512630327715684
97368,0.7794366135339266
49243,0.4190192804033691
22782,0.7770594460939586
23667,0.601902193028632
71900,0.2885043073401018
25489,0.5225926828901839
27382,0.21938415714084977
46444,0.32265466615167493
78907,0.6294911647183054
54487,0.4078482605949892
4456,0.8982542485625287
39826,0.8967886447905967
66223,0.621319457374655
56061,0.8603780998422368
62113,0.7905790324779494
29214,0.5327429642888409
66149,0.8369614732458092
88109,0.659348892021796
22342,0.4762073787864448
101632,0.4355664945316796
35544,0.26038253646488974
77028,0.36945985374576346
43616,0.8409687248951082
58907,0.7167089710240406
30899,0.8288058248096438
87933,0.8479369626077627
18929,0.7213642415572287
50190,0.8848528779560745
76597,0.8847984841644451
89900,0.7629721816682103
83765,0.12804615408584777
13518,0.5727022973528569
45429,0.34150019891615224
50083,0.8961947798975884
66000,0.2990172823186003
94851,0.5193758478272593
10556,0.8984433531464722
63987,0.8959011030851837
3997,0.8801333654601688
9047,0.32353614807571596
85872,0.252627768201735
24822,0.8259544058197044
27379,0.8962232534634103
21940,0.1393044791506537
48077,0.4935118449740562
96284,0.618401769539557
79651,0.8626046066449609
103427,0.7032307240749501
12807,0.25774274263647573
83175,0.8730178016365627
15840,0.6554808011823877
3484,0.591524799334307
70845,0.7009152108050127
101606,0.8973181062591573
23783,0.151631585532486
64445,0.31732771150715483
104412,0.5323425645447416
70411,0.6706530558546593
19819,0.21578502294634339
65009,0.32752485948773036
92342,0.11351572515732036
19108,0.18701370154619598
6746,0.8910138785109886
94206,0.6425457845000248
94143,0.3891488266101518
99106,0.5943993270792238
69631,0.12781808713369058
53596,0.4137903050805032
101047,0.8971091296002794
56697,0.6665351597950825
55742,0.16243592444934069
70944,0.23245902415671713
92980,0.38677969566585124
34131,0.7702070107554408
44222,0.36874710004409567
43819,0.7998844276732474
19874,0.19379119438246661
49225,0.10688515540964229
5038,0.7041109443605783
29429,0.7930251575665294
86940,0.8776136386250679
21797,0.6871595143577172
54871,0.41677300279423585
44711,0.2654649477258967
9775,0.8944281837318656
98608,0.6905274648901437
33277,0.8111090531478236
47216,0.5571203102028278
6745,0.10730682992879428
42361,0.8949897017012653
27101,0.6990304012365907
72144,0.19330863857855232
87482,0.284457946045785
52060,0.6147418966101013
26520,0.4104920426000861
16,0.17927081191224176
97049,0.8117788020227051
65365,0.8056492540904417
26077,0.18392025302013254
18424,0.4907830254818526
80684,0.43367254688858925
51997,0.8407716074692537
11295,0.343878674721658
255,0.6874565833227606
95708,0.5761343586283161
102388,0.45755591777376436
82724,0.34327170555225706
72032,0.3063527847533873
82147,0.31417422936371187
50404,0.4842131124798264
11290,0.22473285820649902
34522,0.7934438604255161
92537,0.43446709357102875
105140,0.6194014659784094
23560,0.1604154889977602
172,0.6930840390049706
95703,0.7867580140228906
93174,0.6686635489718213
52405,0.3919576405338946
28051,0.8621697206962429
4946,0.8954479156248017
43674,0.13757813739947855
50110,0.6414849085903733
1179,0.4763664020765377
60536,0.8944889074236447
79473,0.30167079336279357
104865,0.7701289488747559
74070,0.7392577476504388
97397,0.8896708346110335
76386,0.8956498326741942
41379,0.7646536613916463
10449,0.8969895970209659
33692,0.3027419684783598
38931,0.822951727294732
40541,0.5874982882110337
95816,0.2799810374117275
47147,0.48942076191281103
39952,0.1721902221055295
10941,0.8911548559157964
5613,0.880401423155901
29689,0.31047828833647906
21013,0.2513612056752178
12465,0.40214851788983846
7029,0.8990876389030711
100032,0.3626798031624865
33975,0.777551726299355
102570,0.5254218479010353
75071,0.2891481527686543
31504,0.4509394800638612
58867,0.4357521683983435
51215,0.7492809331498631
103693,0.5959062266186486
95082,0.38955643884257374
24245,0.8975580329154875
51808,0.8782532330116126
26899,0.5579060061028747
83788,0.8981480812394719
15455,0.8886187704464577
6864,0.8331728280998068
43346,0.1895263222494612
45131,0.5407309170720223
59236,0.8895674797085324
60069,0.562229655001807
97287,0.8749028047817763
73100,0.6527644510278505
2015,0.5185032881023683
67988,0.7327642403549578
15584,0.10698095653744993
104063,0.223161560533566
15460,0.8947147741108504
95640,0.7851355966269772
77076,0.5079479070381193
4555,0.41284137243179597
74424,0.8171260843037929
88710,0.7349951057855221
6054,0.633000483995445
65620,0.3113649062135607
10605,0.5306776420415011
59261,0.8976116884385326
25733,0.556533226040755
58112,0.5962133933884719
81844,0.8974837902153965
49036,0.8211560832936307
26258,0.8897163876978836
3535,0.5978556582801774
101998,0.6086433608022002
66520,0.7143832023750691
87362,0.15109296048636023
99528,0.5809360186446287
12377,0.8431719706982943
51345,0.6479399998954775
96938,0.40904643629217124
15312,0.2511134560405527
16353,0.35772158470027804
91008,0.4253905702572833
90835,0.18838069292373016
41820,0.18572097034242968
16151,0.21566948086813476
86348,0.8981133730216629
105669,0.6081840784180499
101601,0.8734053328136555
83311,0.5032350292169075
104640,0.8476925325829215
84406,0.2526871250578394
8453,0.36593826871025525
60994,0.2694856807886563
51636,0.2263311344791978
4373,0.24658125685966062
49091,0.24389336323604918
68042,0.8945983561939121
82902,0.895656199170584
49391,0.21254475574360332
30984,0.8762842407502353
34967,0.5218683006407594
40341,0.48716537782715535
45873,0.8538443203525896
17905,0.5027299829061516
16839,0.76116499142829
44541,0.8517367203396541
68437,0.8664355382226275
21404,0.546277598103976
73479,0.5133424435214653
30359,0.8195171906678932
73351,0.875216176453504
84959,0.8912059097842036
56513,0.8674052455474452
103756,0.7488020140670488
67520,0.28918074473787975
100986,0.8988721958129979
27260,0.47278027569013925
731,0.15317383929338604
87687,0.35832732541903667
28660,0.7152527941890197
94391,0.36309860653885606
17446,0.4762058065914403
81498,0.42179519117097897
12219,0.8963180681758091
78778,0.4276874628119068
96356,0.28844188228194756
81985,0.2992179918871965
55448,0.8669262635190603
48604,0.2771217349446067
5094,0.3180957712566278
81185,0.7637992314801791
71771,0.8234692150854316
69712,0.37338813502092927
46044,0.4820358492100848
88764,0.5440481909834801
88216,0.584829879068406
77232,0.49211326191503246
32466,0.21390029366238844
56837,0.8157278256426301
40092,0.7393240095031812
99835,0.8983158929870338
7863,0.6211564153768313
84264,0.7665996563817017
59001,0.4921605580003785
65318,0.8548900860691281
85921,0.5741325917381095
6507,0.16087267131312116
94886,0.6116733771449785
14161,0.8941492063213605
2774,0.8924885050871043
18113,0.8934252142473267
39735,0.23214919762716113
78002,0.8896600998193853
28895,0.8970043857604711
70029,0.21629165323901328
74120,0.7655970540282333
5053,0.11552238904084687
72518,0.42364811383434675
46275,0.2652461398563225
96136,0.8983489545247881
14146,0.897575050562345
48782,0.30106127677291594
71094,0.11776184327533223
4072,0.8769409072769935
22234,0.2949205819148779
40492,0.19882695629100927
79690,0.8971959844521564
23079,0.8983240451560686
17333,0.8745597289409749
87119,0.5367048955495134
5834,0.4476255307894527
13551,0.7242662590631482
103021,0.7271951378501261
41991,0.8154917150388271
97997,0.8965061390756949
106143,0.5888888862819364
101996,0.5949097954547996
101236,0.5727943194579505
36530,0.3449744445862315
17414,0.3985160722611742
33019,0.731248083183335
85006,0.8983322763435941
76140,0.42906599053252203
11309,0.5093827452811569
34063,0.8599421443682648
86991,0.8747331083980667
32286,0.12809147204995475
2524,0.7435488748310252
6279,0.35125568938806667
57030,0.4748029416370495
37289,0.5753819815533652
54436,0.8608681099480243
67667,0.18358104613060833
51861,0.2578116108802213
48301,0.42760322645796545
92372,0.120906894837352
66076,0.1480203127934045
104068,0.8878726261067786
31387,0.1697827385272221
103070,0.3638538281156497
102925,0.5146101323008104
99006,0.8924988815423942
34843,0.395294285069668
38428,0.27074433117562313
50298,0.8059731935524953
51515,0.8159237027614505
32828,0.8872711330153888
104127,0.2837730867464765
2186,0.217371933836291
20434,0.8668612238796048
96378,0.24724492922467112
13398,0.5524976801430903
6188,0.6526313286750315
85871,0.317464659982864
62571,0.8960685196431392
11099,0.47084355479331247
94810,0.6855084937100512
23998,0.49904039606643275
49636,0.3144174534797779
20494,0.7451301176985826
33693,0.8954551321562227
91076,0.23047991284841912
74944,0.12857531149491244
74179,0.8969622988459981
8337,0.5941488484573343
38300,0.8252646527084642
33038,0.10544356214393322
42301,0.6321627629910356
98406,0.8972825552639393
21120,0.15575314833134238
103069,0.2145473029216814
95270,0.6592412874883837
29415,0.8862302189706138
8936,0.8618393651358378
3064,0.34065137541265406
9208,0.8968096698389205
3003,0.8973790346489832
19534,0.36637325243259455
38292,0.8818315438935057
83724,0.22791708304714697
38364,0.8973381158379462
13128,0.13906351915785434
89959,0.8342310715553661
16895,0.38462793619417235
11341,0.10956453009357685
65488,0.7833712160310612
82592,0.43425290753015544
56114,0.11824865614153804
26861,0.42016359586196983
41746,0.2605646077182966
96149,0.4271499710839932
11061,0.6249249019154717
53212,0.8569521377534837
70589,0.4369641620151292
78186,0.8971914278689241
54618,0.8983300241069977
23535,0.8246977917941817
76071,0.7898181067560761
6762,0.537368606352522
21563,0.34648422802711254
8277,0.17344966542346935
68692,0.4548283272883939
16750,0.3192276556368179
106149,0.5512301664482288
32532,0.8496610852766515
32779,0.6105155918283764
102453,0.8152763695588802
30666,0.6809401590620464
61647,0.19173828267015927
27147,0.8698813417469249
95403,0.10952589424493664
100710,0.5820339771271898
36015,0.3068281394964633
106331,0.690483421903942
87580,0.7730000476570947
41501,0.8841341020781796
98388,0.6591062665145282
30343,0.5959066246997974
100663,0.7995806738963809
48171,0.6677045486375768
56787,0.14123422591747894
14226,0.8974486161676065
21243,0.7531791729814618
106770,0.7240356145644503
14458,0.24771188055782195
67170,0.2603590469406243
73977,0.8978415992195141
61569,0.2762055636671472
6221,0.4707193139129993
1656,0.35889979403009103
70599,0.8223083602939127
33838,0.8989741926974117
59864,0.5847853268128818
74466,0.5576587902484628
11592,0.22048281993293656
15088,0.7586491320609777
97597,0.11227741871681829
18431,0.8937901869904921
42600,0.2624787845949508
81817,0.3636865975924971
80331,0.8365927614363265
98567,0.8938069284932699
4097,0.5440206951891688
63923,0.5050737242554688
28027,0.6047623041348481
27503,0.5586463629363725
9715,0.3022879023365061
40488,0.2490402935178002
40166,0.1802912301243367
48582,0.6270947633150705
6797,0.8927849778352115
65019,0.18279030080919295
30617,0.8913155150460862
51701,0.5946061668543429
5761,0.645409274481478
105934,0.8027753710125076
40390,0.8822674979482088
58403,0.8968878630452966
39690,0.44750181678004575
69613,0.4927980485775889
17650,0.3304552136211094
26592,0.19615841741980605
70322,0.34055050885020455
63130,0.4305640807013822
49616,0.8404909665108653
102088,0.23155567141638178
15405,0.3390044935324699
68466,0.3213646160329689
92294,0.20448277391045688
22524,0.4834794878168224
102550,0.43015391087306265
79178,0.8184971804681915
78481,0.13122627907689652
25017,0.6779403670520299
4939,0.37970570017828953
28702,0.22715992810508495
50712,0.25448018014060036
42190,0.43924977619954736
85508,0.3453741672375849
36452,0.3505029215327681
9538,0.8957407135038036
35066,0.2275134435754464
38543,0.8016356776304023
11794,0.6813853934207273
66006,0.574563932526396
21198,0.7505459499384174
80627,0.5489576886362624
72178,0.7729376422484093
52478,0.8898097598004246
54875,0.8561310515513462
93762,0.8661355651605102
86519,0.8116543030498351
78128,0.4220483589855189
82240,0.46389876684534725
100403,0.11344713060507557
46299,0.8097148072665571
105428,0.5942277076845558
76655,0.7595092467627155
87723,0.23510611921456856
39172,0.40517258660184036
105399,0.8867028734841379
35620,0.8955233768187801
4285,0.18759466345082718
104852,0.32452975629044317
45967,0.8874827087971597
73419,0.7393441656647586
88642,0.6305069891234738
66205,0.6025773476376397
48234,0.6471545901454455
6612,0.13716501913819304
18880,0.3453653355047274
69298,0.5432088550541752
87659,0.6942690083634724
81104,0.8698232738395129
77462,0.8319678918953404
86422,0.38265658466333785
82575,0.5377171688905891
29597,0.8959861189842178
45809,0.269838411327486
82953,0.349006312447693
60684,0.25527965050336643
18764,0.1752675365601285
103360,0.670074364331884
36723,0.8902655495394382
29224,0.5864091055802811
48812,0.5761384827483848
43786,0.8544337888577739
37907,0.5015629528668771
66750,0.3354355011128506
74666,0.30144799436378755
32708,0.17443970163009564
98157,0.8949903277386406
85100,0.8975696971736679
10959,0.4304003829556011
25471,0.676489873906801
74863,0.38370109104919276
87242,0.4509945666802549
104648,0.6436534374765839
97052,0.7838298030797906
86805,0.3808779483901023
16681,0.1497575665973206
9645,0.3558271480208004
38003,0.33102336893066986
98423,0.6173708593223992
43855,0.8243411724133481
80998,0.42089378417826506
51599,0.8508076337822933
86393,0.8548849314375059
97657,0.41831120703425756
68503,0.4764248330355177
62199,0.8975491803296649
22810,0.6704593070080017
25809,0.26576078778031464
31763,0.8703874536523138
56585,0.3315947818479213
82026,0.4972810531862123
31013,0.8603746376499045
88505,0.7280228998490482
67862,0.14213482074612643
1083,0.6452295807328303
32019,0.1810552455108277
45514,0.7897041021542959
45705,0.8444113487307481
24442,0.734188623089702
2150,0.5896551880878039
44853,0.8069080409746301
87629,0.7842659096806708
99796,0.330883079471614
15349,0.10317399575150896
34765,0.8877356283183091
25818,0.12381149788171017
2666,0.8856673181805341
76793,0.11051525119576505
105647,0.37158503505361823
81361,0.3958622433599415
90799,0.8971598708638889
35745,0.7623423030324438
160,0.29284425471386727
69303,0.2410171152282517
14700,0.7718353534622873
69746,0.8019254412049783
961,0.8382675405672616
3962,0.16433235229789317
24511,0.7581864298964439
61817,0.7178134076590057
19533,0.8978364646388488
43332,0.2620319464639192
52787,0.5592140881258051
79254,0.4408866645282652
63398,0.280112881052598
46236,0.520557621325608
103175,0.7897165352816926
79229,0.3861839912173418
2444,0.8733595362033125
77714,0.8966569239579439
80153,0.6251487849072227
98530,0.8323768029149277
93242,0.8945220805936812
39888,0.8980520306244009
9964,0.8984355582726478
31540,0.8878630283276481
47142,0.3855790342171065
35348,0.817656821254399
74182,0.35690106903015445
5001,0.2748273568406499
37864,0.5990400876617265
14092,0.7812420478216924
16748,0.8487758685927097
104285,0.31357013626744423
41214,0.4353346826965668
27064,0.3917130148367072
1903,0.26846838050199784
9954,0.18342295533351494
86039,0.3083866355619886
54745,0.2835612556101961
9210,0.26938765854718777
103898,0.06842459556709388
21972,0.8545085426738903
67669,0.18918888965544028
484,0.8186451146730351
47825,0.5221669749003895
47939,0.6521858154974721
100475,0.3934927971924931
77167,0.3582199572565422
88023,0.89808530817091
75237,0.8615139500111406
60778,0.37617660955837073
33347,0.45249258010010796
72757,0.8348112098143484
45691,0.3450260116263452
23169,0.8430493950633425
49808,0.7280135820012085
87952,0.5553060523055959
104831,0.6705651909803844
88511,0.8265838311669278
106076,0.4024030202357386
1970,0.8344066765549646
61596,0.24032072829796203
99009,0.8841211216941591
36950,0.898050053675589
4566,0.5637381972565259
40783,0.7846107483926259
72599,0.5000766467097633
8221,0.3425899357510827
19699,0.8640783522875362
37292,0.8627051299114491
11863,0.48321447614004054
79578,0.8551316052356925
25995,0.4284342537640905
37913,0.5709795259012986
7465,0.8975426433345061
77555,0.252801953877596
87837,0.11303372529235159
32407,0.7990947650822612
3374,0.8965810419221989
23096,0.557356213751021
21436,0.5885480622888158
67879,0.7050395743728645
105851,0.7023081584130662
84088,0.3778934970606694
33309,0.3836951167711135
58284,0.40744197897116374
67380,0.5016552906388525
51248,0.36651757103933524
7690,0.8925454073615088
66797,0.6462621417594088
3928,0.7515552101212327
98699,0.8585183335876979
37209,0.8986229809365133
39834,0.22206491407552056
100208,0.5466263655850249
92868,0.14896505292626885
7592,0.5569439209078355
93101,0.2641903381489671
82473,0.5709365675768114
54104,0.2341919374674855
8772,0.8935558197726216
49171,0.39958795363914273
1186,0.4637809088198993
20672,0.8488742530433675
9230,0.6727857831521069
97020,0.1654871930243736
2270,0.8980449719133121
21016,0.1824296696592299
42750,0.8774271614156293
12134,0.16692663199752722
85442,0.5894002699981981
4196,0.7171200606969055
45003,0.8915912606093265
173,0.6476863895355116
93374,0.7780461825012027
88695,0.15981489769696305
24428,0.5937783973977807
21794,0.8964075596498766
83160,0.6202384179663604
61147,0.8980084676677754
84498,0.3522350285121721
12837,0.8734715045512833
55334,0.8118273693336697
23071,0.885043506417089
86142,0.8889191282812139
82082,0.8032848860095498
40099,0.5789788406810524
90999,0.6030580217528552
60262,0.7696997611958468
13806,0.20618069023648036
84354,0.8587343308847315
93197,0.3529781164749421
31336,0.24780800131301955
61346,0.8971588635944481
64873,0.14089315907631678
32682,0.8825671262996913
91281,0.5544032727576264
18862,0.4696202778104858
69521,0.30057419767717813
89560,0.24853454342282794
35183,0.17701964944466597
101367,0.24699208455143598
80005,0.37745085290479863
28355,0.6954006359220343
81694,0.5698928205744513
67871,0.29730894495011456
40178,0.8881641295300311
18070,0.5503396570163338
30680,0.30940998942686015
56137,0.3028226755485566
84815,0.46348766420454024
86707,0.8125089141584814
55089,0.2263613897146641
59361,0.3422010466568248
64490,0.7462544877297024
57093,0.8440600843667981
15676,0.5901619039630356
39525,0.5598619155307513
47923,0.8964854996105645
45403,0.6023179413928295
83152,0.19473618968382855
98655,0.2772374364957457
50859,0.6054742336816066
65784,0.566126128483823
70212,0.8977762529157399
21058,0.7108687649138417
74241,0.5445912887244044
62610,0.8296143699055142
7566,0.26943279107117224
97972,0.8985924220777328
67144,0.8629738270356293
87606,0.8689788368290793
46796,0.28041024421759636
4010,0.8968053262883189
76090,0.26041455828423377
12992,0.509986722640398
96829,0.2658208784207266
84814,0.6678687086069472
57267,0.35842914201066023
6047,0.5241308499083215
69361,0.312812645836317
17613,0.37105365651180006
51751,0.5996570301316799
42632,0.5130112113190958
36140,0.8826928047765312
85388,0.41391528862717986
71239,0.8970385969807122
15500,0.3569110675021897
61416,0.49559487559625093
31746,0.7114657012449634
50329,0.34740800064613503
73952,0.8875463498467764
32538,0.5698530557885916
13418,0.4539541746051329
12540,0.2765444593669151
43800,0.10714464182364003
14460,0.840176937698702
55856,0.46421336442762856
62352,0.6130004020902271
94871,0.6207273098384181
91572,0.3122958752212
26053,0.5130004053837792
50065,0.8929704842096712
5865,0.8092557892641333
10612,0.5251437022131246
42136,0.1537246819646457
98225,0.8909427784022497
67911,0.8612099560091974
58526,0.5430673328328792
60638,0.5692099696730453
17491,0.3727872411694914
65807,0.6233887666685392
65190,0.8840947845986212
46855,0.2822895806117597
31550,0.48675247657011317
46678,0.7859476519725549
52586,0.6363285034226406
77083,0.6371672358268562
15946,0.14634459940126718
47152,0.305300108991481
82477,0.2929790318713559
89509,0.29889916060303673
67809,0.146620522320218
66336,0.37364129134762875
104012,0.2168279998843788
5903,0.4559377420815275
71203,0.18413190404855379
53679,0.5003964108259138
4649,0.43546353289804846
45837,0.6673504753055041
47135,0.858410140317793
100954,0.6440975648627713
91716,0.25315155149143426
85728,0.5717914151760655
1170,0.8661864012021225
31247,0.7694300922977623
7679,0.8625124944688511
28796,0.8896128425437457
44977,0.8782121974620315
39422,0.3859009157451278
61607,0.30399350499471817
106078,0.32446683812430416
9024,0.3396596827731401
87278,0.6185493176442359
69203,0.8753399314422982
1615,0.7937945922576104
18592,0.31607354903885204
102546,0.6362967582196097
92573,0.5451921318859809
99103,0.8980028966508734
64001,0.4724939266134177
10045,0.4412531503409763
85073,0.6246139972699143
63138,0.8767961332663323
33289,0.4775557015744961
25657,0.45987979235090914
105677,0.2019919396541497
67163,0.15745141438795537
13647,0.2305430937541262
76642,0.14611539511644772
51007,0.6450936074960048
68266,0.8507280118366762
44275,0.6546705572449132
20998,0.8781903198284116
37144,0.4865991786055166
22529,0.8753859209802307
107135,0.3264647840016094
10453,0.3300658800742431
44915,0.27853269305488193
71397,0.6346315626106568
87754,0.5327333541228708
94874,0.8885062695405207
48273,0.7960230710286682
83799,0.38453210010458116
59725,0.8054511755456183
17919,0.39590857943006014
38410,0.3888474533982389
96210,0.28128320958446884
52102,0.7805376274579239
71858,0.387065040133006
35019,0.8633390855767219
100257,0.6727147139470833
92012,0.5353948680145661
62039,0.57132410299198
62999,0.4059330202457019
71724,0.1325684488292371
45444,0.7174763785216977
92009,0.6840894453732607
19636,0.8922146841179812
55464,0.17159642231960545
71250,0.16268446711587414
7439,0.28666708886893666
49016,0.6772277062305947
23337,0.21130306423086426
60876,0.6549170950184028
49078,0.5166183793950065
74833,0.10707359562020233
29020,0.47253115318169175
26583,0.44150796924305385
29303,0.16374995625815963
42586,0.7222248896692229
71875,0.8759326706385582
34508,0.5453977203685678
6165,0.746843158365736
58493,0.7366420881900944
94887,0.3347266079329534
102986,0.896819137562449
28098,0.895462078580455
25087,0.2897352204065212
8009,0.24919552324529315
89579,0.5392688524071234
54770,0.8963988150519067
51653,0.850668240048909
45760,0.30123490863162433
4476,0.8971493260985355
54421,0.579206610724002
59509,0.8490496059176591
98689,0.8967705633798604
60921,0.1326690287727377
39461,0.578334766916413
70274,0.2828274579358092
37090,0.36978927998043865
37016,0.13603731560866322
13411,0.8572398842278602
51088,0.8962578182424461
56925,0.8598973302410352
98002,0.49472401461431503
35495,0.4789189017149878
93475,0.8794929344620008
68261,0.4006509412945302
98947,0.7978955805921024
50552,0.4995134944332903
59028,0.8831248750033391
88386,0.5903471268764449
96380,0.43580639473737887
45376,0.754448140890926
43984,0.7294057736564112
24711,0.5576932565994619
97312,0.5644496359597266
26141,0.7336073517117858
16602,0.20889489990365906
23781,0.4685074023608681
28258,0.10910798963125923
64800,0.4626286714299649
37795,0.89709167088788
62740,0.21135541864013574
41201,0.11209538521597451
1954,0.36913034990736016
81573,0.3006394719016221
21215,0.11446483165953551
70981,0.30106723350208014
67761,0.2824331898337236
104537,0.4712551078023656
52595,0.876954932915509
28616,0.1466113023456627
17775,0.8974809347294316
35248,0.15879081385376512
34106,0.4126026555114041
13399,0.501853969266758
62348,0.8936028519429704
22348,0.5222418196045142
78412,0.33004648802826186
79202,0.15600751968381393
28300,0.7649622092747597
57415,0.401676437470981
24325,0.7580405042751481
104667,0.44975406767217496
102884,0.7596497923995154
75881,0.5315607385776748
89545,0.33771012480291784
53802,0.16555614944971647
8428,0.8888535860582913
1947,0.3262885036246679
39582,0.820691301785093
98781,0.40670856231806524
10914,0.6945438297387367
68116,0.32709111230113974
89336,0.5298092136448528
23088,0.8022962327763816
24498,0.641025947333941
20680,0.3471068756985912
72863,0.33081465971629426
9853,0.6166887806094898
34780,0.17599799203903038
47982,0.36803671004793986
23029,0.3336441390717752
99217,0.8920148826276173
65189,0.27356644292588117
32702,0.34633817129134314
29196,0.6410751915134419
92311,0.7872265434568835
78556,0.6274101228998974
790,0.2615590858428706
61109,0.348062085091978
27468,0.541255817398012
59155,0.6449396700041587
77199,0.5829508197883502
5278,0.8106009796706055
74444,0.17031798371412116
82691,0.1610428193001749
16226,0.28026947216470477
52549,0.7407959958144467
44851,0.8722791739785469
59450,0.7594635298794107
94386,0.4967046930733555
17225,0.40127556343494025
36121,0.7507995522201645
70641,0.5842491011280992
23081,0.887884709231035
26293,0.36212752833411654
19672,0.3865455402552975
75867,0.7225943141051538
12380,0.8078999224078254
58603,0.6804342953376015
75965,0.6298407414704313
89363,0.8673127262589682
93676,0.8972973089264413
14307,0.392480855665062
91126,0.892222604231319
25779,0.38296192217763136
6628,0.824992440203788
4388,0.2689183998732355
93791,0.694718902060075
31487,0.8977019547520106
90708,0.422054624445494
30088,0.8878578437300577
83553,0.5694778771049821
74383,0.2637754407853805
25927,0.803758772513536
7414,0.11581863924803021
20334,0.23255138753200766
21744,0.8410957508297109
21251,0.39407214629272214
60748,0.599933526619791
43515,0.36774850137575377
74308,0.3274154110544077
106088,0.5954326769764916
34656,0.31676779593240956
50547,0.45187157191818683
95637,0.8126780437369252
30704,0.45556135283743016
15030,0.2892367653350726
24654,0.2831511121398717
9002,0.5689756350220653
39090,0.6867272277611742
50634,0.5696718623975567
97316,0.5980117811162391
84069,0.5652711504215882
15263,0.4440076095094458
17371,0.6120125285602477
92665,0.5453724392376853
68592,0.42368604911473595
34934,0.5051156976371044
60754,0.13051316697970813
11212,0.31628838058920683
57395,0.8295887812607116
87247,0.5584817047535175
10163,0.3591059196214304
19818,0.09971328527355167
86469,0.873621343396244
5163,0.5801364940536518
89755,0.35569818507182616
15091,0.3409126970650853
54328,0.3134090024143954
26074,0.8978187918663025
70959,0.34931049700557504
84334,0.8948358468945908
65282,0.630273782373049
33477,0.7463396104971337
6641,0.16812756545384328
23339,0.8541955925258563
224,0.8663351656119271
16607,0.1371936485390997
106110,0.23864240927350144
75941,0.176529432614225
45252,0.75968450050329
832,0.4859498329696935
55056,0.282287918656512
89743,0.8979874282405904
60890,0.41675023093002317
55078,0.7582455969961631
48751,0.5694950268502423
64538,0.40137654725092886
40381,0.22126252847019376
80868,0.4204261207347434
39323,0.7658332097473894
87561,0.8929346680047872
16654,0.8131689023448769
41696,0.4830700848601803
13283,0.8800244898171149
24227,0.8963075960735205
9617,0.8979857375972355
56613,0.8841109725017461
87591,0.33850805252019145
51253,0.8992853290548368
79479,0.3493097577930117
90168,0.10872428291604234
63042,0.5783140011885053
37035,0.318087819355917
52909,0.8050573517800602
69625,0.6679042400162477
10939,0.2752009357305199
43090,0.8769554463531261
23167,0.582852262372664
16387,0.7131039976207945
40661,0.8933254012197511
71384,0.46901602501668505
19426,0.4469601155097855
45384,0.883906089880885
60704,0.4935773788244396
14812,0.6559121006686798
42412,0.22698797850766828
70876,0.49261275316613123
63689,0.8654462034797777
33546,0.8093254084891558
15735,0.8817272012415239
40798,0.60259001831163
13733,0.38043565142284996
67133,0.12748752320562254
18911,0.12747328368638333
31669,0.41885133660130186
80993,0.4897609949110498
48559,0.6384490157625433
6089,0.3555661476320455
75724,0.15786735717863873
76026,0.4487910215355015
31984,0.6438465742193868
10651,0.8926179796993756
31300,0.38368117554476067
28564,0.2510707138494094
18914,0.4462999083366897
58189,0.6852366693480623
79828,0.5500856905595624
66402,0.7068994218694855
40202,0.37818327870848806
95576,0.1803370947273456
94270,0.8832729209986608
29226,0.8342169700123931
53270,0.49889098299464774
35383,0.3314712288799125
29566,0.7889928356819808
2547,0.5519409169340668
70342,0.8954505346598479
1061,0.89872586898604
78036,0.725600963518785
72994,0.8407074276904567
34506,0.8952275815880606
102711,0.8771143160051019
41440,0.7166245649109746
39328,0.5144545817587635
82236,0.7891216334676133
54557,0.3905726115314604
8590,0.3763652863542967
49268,0.8177564212395355
53084,0.5511989520617495
32658,0.7742428474129099
40205,0.3968614002225881
16606,0.3021990471346767
21653,0.16726530703973014
38824,0.13930322278418078
72356,0.8977218614382154
58357,0.8454667839037868
5784,0.5097173201817748
10202,0.8398107598082712
9417,0.3972040071182764
33193,0.881850406701566
107160,0.10424117007784353
70310,0.8982681426785168
18909,0.50440862682643
60021,0.3849702183403837
20427,0.7619575719709086
104311,0.6461348750517744
86023,0.43553122580778136
31203,0.27967486314424095
63103,0.25844613362046387
98109,0.10636492051692055
21297,0.8981355388684502
52144,0.7851241396632241
88901,0.6932204429376551
38225,0.4280157764631193
84696,0.8679488150035473
20497,0.598635643988615
29476,0.8230989567439071
24075,0.81586343957422
22804,0.8908087583012988
91118,0.3447533669972489
80940,0.8633177033002873
43319,0.42721911534173757
29975,0.2563073925017261
87083,0.6334104661571747
52097,0.5170735463970244
40409,0.5577738941286697
38669,0.8414289358952545
3473,0.307927020339681
42303,0.3317248879653979
55987,0.6860293064897536
29956,0.5532148854912858
85955,0.7964060889887313
25404,0.8814445475941921
10515,0.849117724123906
94826,0.845739529495232
24313,0.29654717703031225
7440,0.8187485479089784
37739,0.8975911070558393
65222,0.5524324912301476
21842,0.3075486324004315
13616,0.14762714396992893
62725,0.2384963728754515
82094,0.6372163820935812
28784,0.8828662886866568
90341,0.2276493496487004
90871,0.2388272022372948
97153,0.7964736589437619
34477,0.15603550009622943
27288,0.8155209196024995
6645,0.23117411185150538
106487,0.2193868480161576
103799,0.23177299288989156
100795,0.3096435914244083
50441,0.8718044276325089
25656,0.8967844681868697
42091,0.6315741847578616
31393,0.897919737580968
105245,0.782035110892041
30771,0.6638111931967059
63295,0.8979787420254909
92846,0.7343267249460752
76532,0.3569941815187318
55699,0.31749785990909557
51532,0.8662802949133959
81462,0.7967457025554768
55743,0.8906122654547032
5471,0.8905546388974845
50734,0.6984276657373123
77357,0.2866880895556543
42814,0.8105676023639841
56981,0.6361465130392147
15870,0.5523419850880774
62263,0.8666960029401116
32459,0.2465921909077412
69113,0.8958020703139302
41655,0.3020506574397794
73181,0.7845414361924417
106893,0.5426465027673623
95135,0.23331559633063967
250,0.8860592034039407
46233,0.8910149049376836
61352,0.7412558890156842
78753,0.4092981367253138
36900,0.3996431440051854
20266,0.340309283800228
100210,0.5409865034689519
12736,0.7425902303627736
72307,0.8870585632294958
88205,0.894873492300642
8442,0.8259282492804658
5266,0.8011663691325073
68454,0.16898953346357537
42471,0.3335895971939325
88656,0.4432007451319088
39599,0.6837221679370065
52067,0.4846859668413213
36330,0.2997468893047444
64700,0.4852568884291271
45548,0.18110301319304653
25933,0.3095492484649145
15386,0.8975450144503144
5678,0.47788361484744324
64586,0.8711037130226245
42264,0.6324030743740082
82239,0.14069289891120265
12472,0.6628404371975664
80615,0.4617841846771509
90894,0.576538034519648
33993,0.5131778874189339
68985,0.48116266759212584
48858,0.8960816329142812
2365,0.18650095805422146
61432,0.765054229055276
55956,0.6672005909076654
72981,0.8630433452566957
3931,0.24169154547948019
102498,0.42821885589921405
65577,0.6203612407066333
104607,0.8707211287575158
3574,0.11212317651700084
48736,0.3637869463763801
17630,0.7697980785738395
92273,0.4696965098745149
88264,0.871518238509426
46131,0.28552996970746414
65601,0.2994525782764708
11263,0.34192978019896614
56695,0.1065098186906475
52600,0.5821608020277564
5653,0.8554946097570554
23233,0.5419480344862807
102262,0.8972819053629442
19938,0.25486283264951204
43484,0.6477034257199421
85166,0.7368930151944161
3085,0.16702369092332436
18921,0.169495456833006
24771,0.7155159246975242
58897,0.3102922851651844
94516,0.47706662386065024
78453,0.6503458289865367
91211,0.6859691095993092
105987,0.6244508257509083
43111,0.36723396178206125
28487,0.4347196788536708
8124,0.3214714007297427
82311,0.4047385354354934
98877,0.8847060357830057
74159,0.5041897094231388
33511,0.7544132279317475
95473,0.32726976915167255
19725,0.39717290978635705
41003,0.37947335336028787
16427,0.8796546883882937
100963,0.8983065155432914
52106,0.4361756275638273
39236,0.8984490377183675
44120,0.8750649402906618
105658,0.6177882238103374
13655,0.4878982141646701
26906,0.714472746562596
88670,0.5861835813872005
10846,0.8619539339489739
61451,0.8424153388806546
22909,0.38445971819012315
5603,0.3371930035748789
71995,0.8614504941113761
13659,0.8978969324495794
33676,0.1288044674454813
99479,0.8970105258844401
87944,0.33371010937866985
98866,0.82445101909754
101832,0.23422795060653998
41896,0.8876299154931568
3179,0.7471225611883935
51753,0.37802852129025133
27493,0.8633090791540443
49726,0.37311328295343127
12631,0.5662769316302927
72865,0.5060338732285488
80074,0.8983743369180306
25077,0.4674825598757425
2911,0.33620491251829887
6033,0.6080106101911178
11734,0.4416899708802937
49339,0.1593648353012144
3717,0.5509056256976387
81240,0.8966904745047047
94153,0.8689854644097375
78852,0.8587291963580298
54176,0.37780231833355515
65079,0.46354177774574934
42937,0.794911950944982
37077,0.37914683306275415
90291,0.4998997069416811
64253,0.8979060263723339
56721,0.5059332819603009
14315,0.2590999246570842
71554,0.11736711965268701
83088,0.12604558915213018
14641,0.876617528575223
48788,0.12067541111790753
37948,0.7978071601657516
80385,0.8883905494891844
33468,0.586525586311288
18095,0.30221658573793575
33431,0.18902380928062246
92258,0.1086461693008424
78347,0.2902736925166231
56274,0.8871956701965271
53441,0.5127803343211466
9495,0.8981587558238385
80729,0.39750633755899445
12433,0.6354012465238168
86376,0.3814118469067385
52615,0.8580900562136956
64847,0.11484587527719937
19409,0.3036285282269102
207,0.8752134965591762
68122,0.4285543285726315
92545,0.858341008973974
95519,0.8971541919262425
50682,0.654028987434907
55649,0.595048354120647
81728,0.14804756200592115
11486,0.7872125432291733
57854,0.8972284234976458
1370,0.8970827264276894
30096,0.8947301550680669
37053,0.7557529025356653
54074,0.15549025341702613
33195,0.5263408984072849
102230,0.8612424291348205
45171,0.49950063020607505
46872,0.877425559633304
9345,0.8988152356767989
82785,0.3559411702042462
48943,0.30166170579689405
106349,0.2257296627889474
21593,0.6719817315263078
78571,0.6083401201034856
91788,0.2713442531480705
86361,0.8984573361992871
52065,0.8801594522791542
84555,0.5706982086314056
3855,0.4263515183433373
43401,0.27425204625893956
69390,0.24289120744145215
56654,0.44668463777517353
28773,0.4243241043412814
100080,0.8525867952856104
89691,0.5427342372500119
80744,0.31070283824568296
27515,0.11219351705138744
101721,0.5425744274790216
23643,0.5611514655028814
47182,0.7042974307384677
56109,0.6172730970457276
81489,0.31232680194172524
72660,0.8825025548168954
25454,0.3844087154987146
89294,0.637981418727065
74774,0.8837723984774912
30573,0.4619673747667446
55258,0.15629373866617885
5170,0.13564063014111843
88336,0.725128321750064
5643,0.45286832391542753
62813,0.6535903296262316
72060,0.6409971084169394
36505,0.32890300324512567
30556,0.28271459057111115
80742,0.4318263580571221
81442,0.8951323511167504
84357,0.3704480410240732
8437,0.7088238365485524
89498,0.8970155657497462
52323,0.28505899749641217
6105,0.8836856829050918
28306,0.884679084633638
817,0.3224791673438644
21262,0.4560939287746325
101935,0.30138979497669005
84337,0.1230190199271844
14451,0.18544123652588262
16999,0.8799824761815493
106000,0.7314184631382458
54478,0.884517208682617
74663,0.8847954898881587
45704,0.8477242547813815
19643,0.4450429905677651
61567,0.8749667767796394
15631,0.7318851774418418
41554,0.888777123680147
83039,0.8805961073449099
103446,0.2205152563958201
98345,0.3283876249883678
58781,0.15613017820926797
36507,0.6801369386188838
93968,0.4852173459906374
69970,0.3025880652488063
29264,0.6447046897925692
72447,0.8835157118063284
49490,0.5181560837909835
78217,0.6144657672687872
102159,0.8633215846895316
70273,0.11294577128475733
26338,0.6421123605699846
56176,0.6635240468775234
48531,0.75159323085498
87778,0.8082236122779581
31072,0.7342084553135233
102437,0.748507663516591
74391,0.17308085032088694
99487,0.28684339439123807
1181,0.5830565049821209
98967,0.21964150903345975
40784,0.2014979730587556
13252,0.3264198971445763
35927,0.8969089117244219
10450,0.7924143713940746
26024,0.878295681214656
85777,0.8763797950358354
79959,0.34641621226565533
42224,0.2920194656543689
79732,0.8878024525569265
13077,0.294705652593847
45919,0.8969056790415894
48481,0.3716758274039528
23051,0.393149649938456
53396,0.6020347467701608
25990,0.8990027466316091
65930,0.20591172636169255
84275,0.846674267996404
55555,0.7400261761558156
13571,0.34386533087130633
19734,0.7356484171868022
99263,0.6851952417371194
40884,0.8980609690686412
76709,0.4923528950682779
91081,0.4833817053867293
99608,0.8983107166467108
101938,0.24619106567594043
31299,0.3941889503914925
54312,0.40409709172458297
75331,0.4318933359163126
26718,0.8979792233549093
39625,0.6116512529779314
10154,0.44054910572158806
52480,0.7304314446771962
86492,0.14441067446472822
67218,0.42407689212084554
90249,0.43807204479520523
107061,0.6317432753995915
31114,0.37680432411860443
22242,0.4109817369529467
103709,0.21361114762098277
25534,0.10474126322719607
11076,0.4026632397397468
59426,0.5986276537472905
40405,0.8200482318744924
44754,0.8711642863521443
22684,0.8699544881564718
5801,0.6764090823296144
36924,0.23719784695407986
53384,0.8907488051894882
92712,0.8900438986171155
96901,0.8562986632450428
66228,0.8937962342233062
6751,0.560067897494354
16380,0.8989590823650361
67691,0.2397351534503731
69021,0.6931379488782894
96902,0.16643233833695892
47769,0.8588709980470866
31218,0.8497762153695168
38635,0.4978739593647483
84440,0.8263842151037251
80700,0.8970408170647844
83305,0.45301223438001714
77004,0.5693866115990854
35493,0.8982205407692623
57640,0.15079359053881053
22467,0.7939052497497279
37776,0.8957223299591077
69920,0.3963162055186157
27536,0.718583840097748
52622,0.2770063192330064
99130,0.24515768174171704
34826,0.47202084242643927
13530,0.775689614505938
54219,0.765335465275905
75359,0.18353070228114654
27285,0.2365891616834407
22077,0.8482656856743057
90788,0.4549807491615061
104322,0.7409618792575502
32897,0.8984089136123642
55677,0.18856797221104254
42319,0.2724963960751217
92559,0.48496821893449105
29282,0.8887823658747205
65013,0.299443992966528
4817,0.7684639912356459
37540,0.7247955113328175
68712,0.10882703826480625
56007,0.15704132163861867
47616,0.024346264811946162
79058,0.897573880227793
81738,0.366357293073269
100015,0.88665634368617
54572,0.31469816578609633
49533,0.1667317851686136
101178,0.5732463588352548
95017,0.8935491697312253
105751,0.6853078975177282
78944,0.8885944096234878
2093,0.6824674411361832
105969,0.6858725981275829
104250,0.6331081047877115
83042,0.26040282345940363
1065,0.822364733174681
37529,0.5257589391140973
13780,0.8921576985225987
46453,0.844594868926075
64631,0.8946014080114666
20384,0.2732472325860373
47912,0.8901549976453915
18,0.2614083312629906
77554,0.8059276024546687
15582,0.6417256389443006
99666,0.8621038346451743
79962,0.8920416787045279
57979,0.16847878652349707
781,0.896442980930024
65466,0.18900987452379908
95252,0.642207218008002
32661,0.3008378565202743
51127,0.26159430055360483
17798,0.6746396185114356
39908,0.6673237142918348
25867,0.48346264925119076
21529,0.12394838202087621
28279,0.46962908930730757
11637,0.2846840384154815
64726,0.8978558929699675
74392,0.5436217313156425
15857,0.26095860244691205
97309,0.41793242676299075
37463,0.889475914828606
32071,0.7137465305019495
21323,0.3929550817433761
26312,0.882926902639676
71930,0.6542145125307135
3492,0.27982979087828214
65456,0.15971596958719542
96936,0.31216104852485815
76724,0.5879957797362337
10868,0.621130810829411
82591,0.3688565857605326
35387,0.12304732233016781
38546,0.8983592653844525
89839,0.667392804583794
14754,0.6683137674302834
48921,0.29961682995357286
5482,0.6191573160590851
105128,0.3731448482890578
31526,0.5264073791913705
93278,0.6344733615148984
37389,0.3283309273925791
85513,0.514784272469468
71873,0.8650877373056789
14912,0.29728501045467537
81004,0.19095386392273764
43896,0.4109024561720746
14272,0.3540866106662026
10717,0.30446867232399116
64257,0.8834530950038083
11434,0.32073701535675553
66130,0.7405457736684806
35204,0.7143061431217907
54695,0.3630207200944951
14350,0.8615635244791852
100672,0.20160258867348124
3169,0.10448301510808403
82931,0.8814678404030478
92433,0.7339246502960158
24263,0.8968817875138908
14767,0.7251700941336741
10604,0.8889672832893533
100318,0.46081518354326745
75663,0.8627252870036907
43684,0.8618207113838642
30373,0.8827936583557603
17867,0.745352962049628
33900,0.34120325421229236
29003,0.6916438941540552
33694,0.16629941369844148
84087,0.8447653197582665
29852,0.7172813630408122
63545,0.6902935325464625
62292,0.11769221558807938
57258,0.35575299397208127
95073,0.8962511681657264
50685,0.8040643682580216
104221,0.7951810237125847
51911,0.5033065353060573
48975,0.6451489391476544
58430,0.8844481850034918
63383,0.3259525650032906
35526,0.3517424996632167
64270,0.3336932855751792
23285,0.8282101855042205
89158,0.4340829848484503
77528,0.3222112460089538
38446,0.3238749701187449
19382,0.7772224518508276
17453,0.8046610864290753
39175,0.25651073995225027
102238,0.5417885237684189
85718,0.8072349552121423
24010,0.8962485175875761
54821,0.439301983417802
13440,0.23894573070363792
11394,0.1340386924090501
23805,0.8919833149091697
43147,0.6398642773181777
1333,0.6566130299912782
1639,0.6408820540623117
37376,0.3366923580657768
63387,0.7920004825245017
23614,0.8988020007678217
32136,0.7004159265669405
49294,0.5033195512905411
13594,0.87266102892027
42326,0.2956282881360224
82587,0.14145825355213948
62487,0.6906346335793987
61281,0.6085214430056873
1204,0.2613856942980719
85035,0.6550506879463873
63270,0.5094029878389457
54681,0.810008659483814
38823,0.4686345687867115
88510,0.3335183897568439
73301,0.810360587168301
97118,0.29329282341828533
56486,0.1318231411688937
70896,0.31640689107029657
9348,0.38327223232441227
103274,0.8542551064101249
33539,0.5776394044862251
91382,0.8959314061669158
42087,0.28378471471190847
38095,0.6558272417331236
37681,0.7849954655451974
8143,0.28537987683745564
19535,0.8929618674266457
100274,0.5350866929977411
47783,0.6335321839824335
63781,0.4640599614100259
96617,0.5723021439349809
75551,0.59947254989818
17255,0.8982694177934245
53787,0.29180728137293294
635,0.814806844462103
85183,0.404406024048662
103397,0.44858919969887867
82756,0.8632411689882726
100666,0.24927547656011392
50949,0.2495013367392552
28357,0.4767296404601195
45721,0.7353241622046998
56031,0.8974954883298324
28691,0.14622332728222676
16837,0.5682730329630277
5685,0.7544102654338847
92766,0.8706375119943248
46208,0.42791592805395934
39047,0.8973818871098507
6910,0.37390302503982525
70669,0.8630339332961117
49926,0.8859812578316439
67684,0.14106936858531818
22819,0.21540108747461092
64125,0.3645652533426846
15652,0.1924177747563025
23464,0.8129925978852405
29177,0.2414700255478334
35062,0.8717427354444008
68536,0.7751881301325922
51118,0.3559086694183246
90260,0.8547657914150384
60622,0.2406057950303521
72104,0.8947952624476246
7291,0.43483879902235906
68799,0.10939597569055878
26509,0.7165005224772886
96133,0.1799948715782514
64710,0.850541079463846
34161,0.8579300049890997
4172,0.5904444694599942
26504,0.22060697032662419
42383,0.40315563384497943
48827,0.5534334812781163
62023,0.8985305520733299
53381,0.5342602265681408
42672,0.8346455973938307
40352,0.8554640492082445
98188,0.8119678106995413
55579,0.37850921613540917
95699,0.8895448178911096
22073,0.7943762921523188
7510,0.7017517187775294
61926,0.7692319843838406
12524,0.12084931437477996
30272,0.27864742725326036
84597,0.8223956563638881
82478,0.8981249728354653
64991,0.6840230668744776
33087,0.4869197457674713
102366,0.2013170141197555
83565,0.17144560833182276
83122,0.13691024232249321
52131,0.3574817507068854
910,0.4201874722792937
5111,0.5383804161254279
54693,0.27594245788727384
98190,0.7973486177412934
10111,0.889293961936316
37371,0.19999178681594731
34857,0.1872218164198925
14501,0.7037162511692064
36005,0.45503068506054717
25749,0.2943782875603388
78921,0.8934548763222091
44951,0.8983758162325718
14333,0.8135266980738834
83840,0.5021694445164024
27079,0.2445051961850992
13278,0.6891264182540802
23037,0.3339400339917263
67764,0.706794196361161
15310,0.3963984872393158
94802,0.8752233006823076
87951,0.3355563054359728
78943,0.1421893813138088
97872,0.1824195208287676
81410,0.6379928393650312
50882,0.8695906112500331
27223,0.6813174553593703
65094,0.2812943130734354
78051,0.8971812401616557
70230,0.349001418760162
14759,0.33156098756949337
59979,0.47085046316316315
43844,0.8793519200428037
79018,0.31921433072053923
27232,0.8771640050255342
26744,0.3022282563993064
42401,0.8481026243171954
78332,0.21302446955924176
76194,0.8902056368986079
384,0.36487581767753735
63682,0.3078970970070563
49119,0.8933820277579884
54063,0.5023007072713905
64585,0.6054507974908199
79519,0.8887685661755913
51401,0.5399373453158185
30357,0.7205260997894518
13880,0.7956123355710891
58055,0.8982252457795461
45641,0.8922974770040577
21988,0.3504518799514464
54004,0.3485302968345316
24290,0.47748911319387266
77273,0.2725271507632423
76128,0.5764083210438845
65644,0.8930185996934406
79017,0.32458293497108337
101808,0.22202901795898244
99951,0.7924711984840888
60253,0.7487049287053766
94900,0.7110525722632324
48007,0.397660184043838
98057,0.4832111046730878
47744,0.4692614570944829
98823,0.6607188763946223
101068,0.6122297326951237
102961,0.6830311453754844
74087,0.26798839418466036
7420,0.8971724374857817
70975,0.755671520150694
105748,0.2623074795010758
42214,0.7609959363359533
13477,0.7966691464083434
104778,0.8559425779513539
43685,0.3410690358436091
100408,0.21982645069991455
51947,0.10065733484094512
75354,0.8929673010005157
15888,0.33112433023845855
33178,0.7582872238372114
101604,0.17488407924524169
11544,0.5832866248889359
58903,0.8585805127077825
41792,0.11710637085582523
93189,0.15060941800747668
41555,0.515627570439281
79590,0.776594944342835
3426,0.7362671159882536
25278,0.8869902126293734
25008,0.8207439237353393
81536,0.7851025689074321
95607,0.8840747836679562
98558,0.33692994030269985
48761,0.29130035291428863
11198,0.8984534920257311
2451,0.8983452954489459
46648,0.8943786887554748
51384,0.7463097632978555
62978,0.897922875327895
27721,0.7399235135764148
64172,0.26532630910227506
77418,0.5652208200278257
72441,0.7332307685595405
29063,0.7631402357571689
18090,0.8563781548607585
2491,0.3957430546137661
70301,0.40918247293773374
52348,0.8098832047054881
82167,0.8732654828027259
32365,0.8811287225951615
6896,0.8838485024257083
54908,0.49826388775764985
50459,0.8134107231227549
60554,0.5310035357191654
17023,0.5301215714288294
65066,0.7909411853112761
66344,0.41278792473005055
37911,0.5015305019686688
22161,0.7492230726731515
30356,0.4027972009261288
60676,0.2583379265300071
31531,0.6791548680281442
4843,0.10693964184008843
99733,0.8649665956098642
83507,0.501089310241049
82773,0.5033597065468183
74473,0.2624169453700587
88188,0.7892017393152155
88215,0.3537494296530141
63735,0.5694037445825559
70619,0.848436576627936
61200,0.2036063790398056
30655,0.5471545872124255
65913,0.14345425397477415
54326,0.3337776513620371
56131,0.897917322063644
58175,0.8979491679506435
98975,0.8624986203828985
94819,0.5197088673730911
90301,0.2198476320122093
25780,0.6060412175887899
60452,0.8818561052254913
50411,0.2635641925871743
35018,0.6113380138423167
73380,0.8868039536892879
17467,0.20048562003415132
3094,0.8880251102829879
9738,0.476936554255565
44418,0.8862743593849078
84598,0.8965657945375424
93058,0.7601105860991787
101249,0.3750666851123714
3313,0.12284441590820645
98711,0.6214900342307735
27602,0.35266744191538935
49587,0.7062780692634457
80445,0.18685948767884786
39073,0.4026766158509705
77240,0.16454608759501127
64521,0.8218138816179752
14191,0.37481915631382917
84975,0.8973199322103924
41952,0.8612360935842985
26320,0.8980777624731164
4556,0.8299727031513885
15168,0.18763662420327967
26457,0.8967604284387811
59345,0.6670221552678158
29189,0.19306145541401556
71307,0.853555361463551
71078,0.42374687017074464
3900,0.8654402282461937
22304,0.6776473517658718
38231,0.5650985235055712
81720,0.8859423544901828
81431,0.8821262362636151
583,0.5482219952662596
53552,0.884723441603507
84043,0.5049701310045088
16175,0.17421410989242514
34979,0.6642025625150249
64150,0.7729576503111486
75806,0.4577236193048931
93116,0.1258835892881688
29562,0.8860493181366672
28371,0.7089440077231053
69331,0.22685526459929703
44586,0.8298651552879758
91778,0.31569330073529256
99087,0.6801360442832375
36336,0.8550670417036494
76742,0.32262353604425786
103873,0.8620891156511283
41887,0.25546569457160406
36456,0.4165048668398238
8347,0.49580081481708466
105701,0.8379262686043213
18727,0.8365696051172957
48456,0.7683077317846957
67345,0.6740779956638984
18115,0.3035058567140191
88646,0.7795040138462869
16889,0.8966323237487512
12294,0.7089263785094583
83601,0.8853532269128392
73687,0.17484121450185292
51259,0.1739192172669709
69885,0.166165625740764
45997,0.8791357722930745
65402,0.8983468444680157
24272,0.5536728399646157
26111,0.3538990073854522
14340,0.359285280606197
106932,0.8968385925330388
10072,0.427130857704468
42275,0.3144128740010097
12585,0.5329688208500529
19345,0.8980546835749411
51382,0.8472546607549786
17188,0.8981713680384117
61288,0.8201977623560713
83262,0.7699726185579204
86120,0.8972559998223105
71597,0.2245423868269236
56009,0.6416436093095659
23672,0.894611824377997
87182,0.34411489294981173
30917,0.8892368545993021
45016,0.3682821316480794
27513,0.8892042643590169
23688,0.21805697665705892
91552,0.8707473563017548
36671,0.37964033787976476
61761,0.1383138453879537
85490,0.5179780161423793
102143,0.73731953480098
4545,0.1011365905813309
25878,0.771289856301048
40704,0.8328224900697851
88727,0.3349791287607782
21689,0.6442028702466669
53724,0.36109628068770533
23022,0.4492669573704489
77592,0.5383785650780921
77918,0.6243530804415727
94200,0.7550794245428839
37600,0.3000915849546604
43202,0.3614767501472888
75128,0.5308715168347149
47481,0.8688446571040191
80803,0.6748323205412298
97638,0.44748797210476193
67851,0.8091459643361494
69733,0.8936933210314167
96141,0.2537556516399364
72491,0.8742371686794846
77467,0.5057159947831705
61997,0.8722880106194166
34472,0.3130971707735428
69452,0.8952362778077204
105256,0.6384924873462459
38288,0.7496152357484203
61579,0.8566193478932761
81861,0.8848962520391287
91388,0.3131092332690454
66355,0.42127707027147215
9772,0.484900461963135
91345,0.6147607633397277
89020,0.8976150593952015
47843,0.3184684553745143
40239,0.7910080160384214
7984,0.4893671508754568
12457,0.13400623246557855
48634,0.8666189113680413
54494,0.45332679710263096
36007,0.5255949705420097
13859,0.26941966452567967
104132,0.8733603537411935
106444,0.6487567897005844
77743,0.816693346514552
12930,0.7777621676059167
75523,0.8830313214204819
74575,0.5362368144592692
87066,0.3077555316785735
72953,0.7599749232284314
75330,0.8952729140444053
35634,0.281462379452992
32681,0.8944417142955952
54719,0.7442742121301795
11158,0.5334585914393523
59927,0.6856474911596466
104545,0.8928065188630923
40117,0.3674041544908935
61413,0.46466394710967573
21715,0.6595689740004633
32714,0.47165978815315396
24981,0.8756112682522318
35347,0.41830899540570243
93329,0.38056388788843887
62636,0.22753342164232146
81546,0.5221213385650032
98273,0.510297341648502
7217,0.12399149655056142
93418,0.4185035518168913
37177,0.6186040026131334
64677,0.7899688944347977
17229,0.6981703555824337
97054,0.898008948321489
79937,0.8421300016951205
54263,0.8157369510520212
71751,0.40964350076400446
82528,0.862298328349194
72064,0.891090218303293
79587,0.34779891475736446
28466,0.8974559336495733
78377,0.7597439187731835
46316,0.8926165136942216
36085,0.8897010454402566
17461,0.8841294356619676
68795,0.877210805065134
92838,0.4757952810250314
7155,0.8927127526281697
18487,0.26418067324
66346,0.26257187061832243
99,0.12992877044824674
101572,0.8927384269888966
89347,0.6652103604606904
68407,0.8772127578160238
49849,0.8728189458131381
33062,0.44427895602267153
57697,0.8683669219033646
43349,0.20215230510354318
83428,0.7474706209748079
105864,0.8833636822745888
15474,0.43171995466609153
27327,0.4162852902668083
81606,0.8975594556769234
46310,0.7739719846441842
7460,0.8974663517843487
13550,0.44581248254253125
101547,0.599015046038709
37085,0.5731343592499547
90070,0.7408086404174175
21549,0.6878530206689292
20421,0.8949209710027693
85729,0.8952950792895217
94349,0.8907235869735435
97059,0.746684768802642
74765,0.8627550027680202
13726,0.5641447166277843
337,0.8676365745981567
51845,0.8054518581283938
58858,0.8965519789683536
46319,0.7262264233378946
55111,0.1846947458286588
11656,0.8819614420991807
78676,0.8647952651807248
60093,0.808595551460646
91884,0.6394002884263696
51111,0.8188009468156826
17141,0.7976572070687459
58149,0.8985922731168099
61320,0.4658643030083379
1131,0.8350906245699345
22772,0.2905097396803346
43664,0.885199816327663
43501,0.8984158737221386
81414,0.3898598940056016
52958,0.847642542271913
89750,0.5364277289050176
83877,0.6827280303220483
65308,0.8260740217757735
9200,0.8946154751682093
23749,0.8976178679026405
13672,0.25628139147182827
74683,0.8766983679543623
53904,0.8237502986945767
105146,0.8987646130374414
40098,0.20308262565902813
54660,0.303213538896288
93339,0.25828947896997745
106801,0.5843450237081018
26778,0.4202701311862367
72106,0.8468157358560015
20868,0.31636062364247175
75989,0.41056333431473824
105541,0.8970617967487181
13843,0.69916674308003
98710,0.886749268014736
48313,0.47638911240138737
31664,0.8990826690841557
19568,0.708705824014777
47754,0.18452971905151092
96276,0.8895167023399766
95056,0.8036584620663123
92257,0.8588640522334425
85089,0.640697876941804
20080,0.8573006442718685
52366,0.8775544278369267
43572,0.2826681575066802
29109,0.8979074811800736
52191,0.7224126516596512
62260,0.5397356031792601
47485,0.5847918465230971
52129,0.8352234034397041
59497,0.16549655554557885
73830,0.33168183413310043
27949,0.2915262218079899
16537,0.723716806364767
84391,0.17641120183341213
54134,0.895287453608688
13467,0.8170811122814643
86868,0.8138092867879758
95993,0.7294212345597717
60827,0.8618981302527063
68151,0.554196187223467
57843,0.7750477438071335
2809,0.8966254672305214
46015,0.2990975920732562
20238,0.43115035334229707
106281,0.8873658578331547
50264,0.14498634591382004
73468,0.3167171175595842
15834,0.5108938186670146
72045,0.6618131282381899
56366,0.8407718844144865
9996,0.8946671611371851
100234,0.7013176455403489
36929,0.15074534444741988
68444,0.6557924074277869
563,0.42090128281718525
80583,0.8871707317063942
103138,0.5014246650752793
65733,0.26313312695315527
32278,0.8881905753281287
88389,0.5622760744145779
56450,0.8957199788796203
29640,0.7291331539040278
101098,0.8172361348323245
89131,0.8695855104095513
102285,0.45388109614513206
1174,0.3429857683137916
86355,0.26624726745866184
68228,0.8926037730067651
49846,0.8820645751845482
107146,0.7206701289144765
7072,0.37495924701702277
56520,0.3952357194950832
73045,0.8578689549975076
28365,0.24077126157571552
68322,0.7970262327412474
102037,0.898336017249267
18716,0.3989400129491776
67893,0.18517394383681776
81841,0.8973107675009491
38298,0.14156327318654588
90742,0.6927866616932844
72516,0.5738335668513962
37424,0.7490131912075438
40673,0.11794033365716484
105362,0.8513887770571869
64238,0.6848424226296497
35480,0.1811212602567534
84378,0.3229806919413492
2635,0.5594388844020457
63605,0.5933513747654973
45588,0.8822833650032157
46577,0.88070896036426
99481,0.30270453688260845
808,0.19604088638222206
36596,0.6070567749719801
60836,0.3652336934450462
27095,0.15025354895632234
78127,0.4471894287844621
32525,0.8745563012771975
102468,0.440944439832216
8884,0.7631084291468057
16939,0.30145954835262223
88921,0.6194324808256289
67854,0.89745339771365
88238,0.8465727119497091
39425,0.23855504042986442
23801,0.770526593306549
4572,0.45958957192404626
56382,0.1271928538829783
11124,0.6902355899900212
45994,0.8882397813125396
85602,0.21260626840790847
104776,0.35465854521146534
49788,0.8613532828972752
29069,0.2578021422935713
75167,0.8972323337717079
64727,0.3104683889389406
36990,0.8746324314165301
8472,0.31472529205163935
21020,0.46952341267189274
22816,0.26148475736036786
15066,0.8971272217718818
13058,0.7764580160637392
38179,0.8963253055198064
42100,0.7880714537499909
89612,0.12799856963393025
64576,0.24782339779580964
106162,0.5028633809435633
20322,0.6537281257685106
2401,0.5089570928682459
9479,0.2535882423813019
12406,0.6898948001068045
26699,0.3674459323633583
56948,0.28697472832277093
9085,0.5429434478561801
84168,0.7505322752426776
102128,0.6170472705512847
453,0.8782232558796639
66887,0.7764628068064434
88581,0.1295887803215402
11297,0.21012918209488773
23061,0.35702395933179387
35290,0.8493470716377887
79126,0.8936004854695612
100424,0.7572452780415555
99590,0.8982386226683564
79363,0.7348049978084431
14879,0.796855688020788
63376,0.15595941018684267
28444,0.8834081392069276
1687,0.6133920500422361
2805,0.23295085375722524
86217,0.24149323768807213
91622,0.40783200369552375
74692,0.30898183414571545
22137,0.25580708160100246
55905,0.6055258573014733
16878,0.8568916240576929
104755,0.7145376971832125
53967,0.4454360363989671
10164,0.8506849485374138
75949,0.18356247258853836
58759,0.4298723673247121
52757,0.2716079006112273
50056,0.8840474909436778
24815,0.856707249591344
103539,0.48371584929738
102891,0.44247138594409846
105114,0.603777128649502
4702,0.6651064894454771
1300,0.2949786348850681
58992,0.8935785493857523
70748,0.7198708699397298
21924,0.8978888357180514
62586,0.8566474228083336
69942,0.36096277018629624
64693,0.6871094867348282
72381,0.35520352661092647
44443,0.3247577077249568
61988,0.7442618393355755
69769,0.7795133962889129
83105,0.51168197697586
70937,0.8858123951046003
102976,0.8331300500477976
34980,0.8756185288584712
102923,0.2294199770931618
67750,0.755802255716187
89720,0.14161079340585767
50254,0.17115041065756964
61340,0.8886640742445878
105000,0.7304536502461185
78651,0.894000378471932
37221,0.7209901674017628
74552,0.6027739054795109
20119,0.1150078512743642
49309,0.8899064135945682
53555,0.2017634375453098
69286,0.6735545583686537
20397,0.47015897854695216
42406,0.5344086654945065
27295,0.22063617618214773
89123,0.773350060822739
8632,0.8481709752973653
56707,0.3727985635296818
14260,0.3118112718031382
23663,0.8976449358367026
30928,0.29552310224064976
78074,0.12885280222633944
6546,0.14786143704452093
6852,0.5475344908990002
73970,0.30495461759392983
44144,0.18782295436712676
19404,0.19260261589446692
60135,0.43664272681284844
59957,0.8976142117446477
88442,0.6838463552728662
44843,0.2964284874796433
96970,0.38767488607930034
31533,0.4088777857666209
23234,0.2215312446558524
29494,0.8968786441286696
58974,0.30424189547317654
85477,0.8756346241028277
13687,0.513173349907159
3528,0.4960697336660448
86408,0.8912578269079838
12633,0.8932670603536549
53912,0.285933635837838
23436,0.5674087459737257
36474,0.8925929232691756
9368,0.8966895707963068
10622,0.8928080451289664
60229,0.7343653046805927
57535,0.1940189772346274
18260,0.7556905017517868
100375,0.4359290604457899
6719,0.43579955572590845
84698,0.8890603560797168
77211,0.8777788749472871
76173,0.5914428722155671
98124,0.21215169626774832
64226,0.3308397328548036
42597,0.22683237866247602
20593,0.361078609109685
91129,0.8984224572261152
28266,0.5578033320848024
64792,0.13410820208060312
64536,0.8976387965930799
23351,0.18263030548036385
34599,0.3519945691826471
60849,0.14077952357516574
75638,0.4460153661976114
8952,0.6986070579232075
17746,0.877099090248872
90900,0.8033001469397046
3670,0.5669409646979077
101865,0.6435122505709812
4530,0.3743525267180826
65170,0.8826295180752255
9744,0.35484019406453715
39873,0.8889711161226976
91786,0.8770289531997325
57820,0.4745580555831898
91877,0.6980402892470366
40613,0.6420438377631991
84749,0.4116729810285403
25907,0.5918356139515402
37232,0.8654199195889828
6210,0.32855982344906487
7938,0.30297744508811364
95412,0.6175068239098044
44476,0.7059522645226004
31793,0.34896409916656423
84765,0.3242558054858345
64213,0.4796088889504086
28955,0.8523412853843976
18364,0.8149838111115515
38157,0.3207876177954363
106432,0.7851049473541141
32546,0.46616455144836405
35523,0.23900122911661753
24024,0.282853079773457
96602,0.12746253549999184
45276,0.4370404421950983
8780,0.8975784725722333
3428,0.8246358969530357
88887,0.7364090114496229
85306,0.774221633066945
51200,0.5340102344579014
9741,0.676714652155405
105941,0.870662596330938
101835,0.3065067511776894
80754,0.8916020437685276
51816,0.4897742249864634
13724,0.8970891994886949
28720,0.6567717374692945
64272,0.49163549582023647
105788,0.8851498878619052
67220,0.4128443147180783
60928,0.7985481144613968
58158,0.41695648151423215
16293,0.8151648552396978
13608,0.8792906998496846
37565,0.8044136131952986
2344,0.15879684853514722
44877,0.847515808356528
62709,0.5744892770869525
16477,0.8006638775462724
64979,0.6334471334707477
42339,0.29733119811667463
90112,0.5654677803008828
106386,0.8908709755127007
42538,0.8628557530488279
77626,0.88865631341474
21935,0.8904233328029463
24877,0.5286155955539977
88325,0.8296627960425574
82182,0.5813279017131534
58608,0.8550795138451813
78682,0.8926709970610945
106195,0.5395265413951035
8743,0.4476714795521428
59128,0.20887839085404125
55870,0.8910995746619668
12945,0.248695083764977
65772,0.834119798173528
38756,0.33995549578703566
58762,0.6528667046036618
59866,0.6570915297024291
79358,0.8690107898543111
97545,0.6107069002822583
98879,0.7863220177244871
75144,0.5244483249504851
15726,0.8481902420249555
83258,0.7406990849517956
29722,0.2814248892257442
21225,0.8766323960155358
37385,0.29387492722388675
7776,0.281726507477448
85049,0.12787293063495583
5438,0.3428199327412405
45836,0.31359092476121336
93302,0.2465152793071037
103757,0.337998389776861
31211,0.326663475445812
41452,0.7498633166958766
101536,0.2468732671191122
13279,0.34863964073791825
33464,0.5816198070891617
56130,0.8164782149580967
16350,0.5730042758013772
104573,0.4186827695573645
61257,0.8961232415498032
83150,0.885718877052349
51218,0.4997588130886087
10030,0.7950570470236707
75294,0.38537300259637486
72392,0.5994590180110009
106535,0.22194785105215092
39072,0.42683192100600686
71774,0.5664996361743642
3813,0.31733026025572786
79029,0.2743301422229502
47657,0.8975539451089274
40796,0.31244820993719
62226,0.5118539010423154
44770,0.7518459353443441
20967,0.736914715196038
19530,0.7617481735082164
64597,0.17892489483870527
6049,0.4168022654203992
39893,0.15018114011797856
69451,0.5553184684024868
79504,0.17690248797962238
42596,0.6606900700810496
69849,0.6178613108815737
38319,0.863065964579984
28744,0.8965951591408634
6512,0.13697648434298237
85429,0.7959091485519393
22398,0.3641514583562136
73177,0.2875162003194816
67313,0.10091014772079472
69839,0.26466732747148525
11597,0.1840581753324249
76130,0.7779821568948575
18004,0.8794016193401956
91777,0.8972184665345356
37778,0.10182529085957825
42533,0.20030730328776325
14180,0.8169487749093098
31629,0.38830612094210015
38402,0.837569417257346
60267,0.6702236077716437
89185,0.5561532052003483
8790,0.5717834873062541
92276,0.48087519168712434
37313,0.8980753195550767
89912,0.6131974526904195
32844,0.28966753930506073
51184,0.8655226581835652
79150,0.25179297965854625
25238,0.5484416885214414
25505,0.5704629030581108
39320,0.6139844762692169
92590,0.34409962798791816
35742,0.2923030681551706
54874,0.8090134682755559
51835,0.4026912718499138
101025,0.7432035237983585
32035,0.3889696887654956
104832,0.8920592741468092
96308,0.25146448885535905
89594,0.7961516130140218
51113,0.8484295373940597
97964,0.717593124286656
73407,0.894467624409887
18136,0.46832210445800515
20781,0.10283341362290115
86581,0.57678440923794
1141,0.7200771408157188
67867,0.8884089139304178
91354,0.8168487985557678
65023,0.8303020393262658
47815,0.5188163742057652
78565,0.15984950517475155
60513,0.331136719495952
103024,0.8962016574263182
100646,0.889663298962471
17208,0.6682947096757907
57658,0.8942819663563154
26741,0.8962134507361237
26804,0.8947826731350947
50177,0.1238447538469117
41831,0.31624500403303096
30193,0.8781148462253346
25632,0.18951930637643602
65114,0.8896408181545339
75884,0.8948713020613842
91701,0.2211768783149352
63329,0.7758028763142569
78493,0.6221870610062215
50302,0.6290239575415489
39297,0.31151928458786365
86271,0.8925325124639621
93965,0.48840311559982447
93018,0.36037987642124114
89674,0.241752596715284
32657,0.20871119577703
69309,0.34669971858427673
739,0.1950391870073283
52481,0.879978644062357
99104,0.6172077927409211
69591,0.6061644837304769
47162,0.5472070253651092
43009,0.8970993353356549
38346,0.5631751180461065
10816,0.24656698591321674
72013,0.417549465921692
78283,0.34313496580352604
41660,0.6221885619659258
1166,0.6290402918541511
39181,0.7928527128249565
59263,0.12488188464956541
104487,0.22197223682640793
91734,0.5197974012566506
86175,0.7535867203381273
76412,0.8618548116681671
20616,0.7532896191194662
7844,0.6352988322670109
4995,0.31702154906276486
27159,0.3526699395755297
78130,0.8966156494825113
104326,0.5948498686988085
44435,0.24018706706712306
84988,0.7200273938145653
13069,0.6782128085520377
15486,0.39418585928910976
76480,0.24804874095009105
94250,0.8751938607018459
1856,0.8980261292915095
37078,0.13978919757874397
32927,0.8112989022133172
101015,0.8791913452381286
14773,0.2169589171515878
89981,0.7902598223890717
52854,0.7092988598046333
41491,0.6098259196063383
63546,0.41572518571225736
23877,0.23449508885636977
2149,0.8975730867472027
9083,0.250397472065249
78774,0.5103290461301523
99819,0.887045379610351
61787,0.897830431315717
66605,0.8986703988769429
8298,0.7220385021141078
42299,0.35810535333701704
4249,0.7622642832503993
25742,0.11047689802991902
16651,0.7337223592627526
84877,0.11270340526552655
37553,0.8849062970347259
18573,0.32687814356823636
80133,0.8049225104756683
84558,0.2542852265154312
50562,0.2578956852354174
11790,0.4256891198907798
66033,0.8967036257735622
11819,0.5114388357584039
6828,0.5762984525295576
46362,0.7086889214405658
1047,0.6555597091756876
34500,0.8886447677867493
47127,0.8975501884212634
23736,0.8913421959777026
60737,0.5413693238140291
4594,0.6689169848266716
29273,0.32665044724515085
46532,0.5158915404831793
6737,0.29969230707809247
23304,0.896538644733362
29593,0.8804536864507606
61846,0.24572859189372917
104922,0.7510633848101382
87475,0.2644293511896926
7027,0.1762860658331687
87211,0.2599438004943069
18614,0.41673501491768855
94606,0.8278017459982465
106394,0.8617655040215411
17033,0.6555060274150373
46062,0.27304641533172785
83179,0.48473426736464337
44306,0.799027720996339
3022,0.5046810137428933
39701,0.34392983858078136
86774,0.7372915061482919
35156,0.17258541766690258
81341,0.7049647591593906
83819,0.7490539302902801
70455,0.5905232423876179
53485,0.8382238245613832
23025,0.45919325569710545
4129,0.4937540506083699
95738,0.7223086255760245
19184,0.7436762378346998
15154,0.6721216811381776
61594,0.5005983464090303
103597,0.848925727777646
64491,0.8974708991713012
23899,0.31821532587448065
31417,0.15399561355357588
61755,0.40402620417389973
34455,0.8963053870604447
94925,0.8173523580222655
91768,0.27565463981590055
12323,0.5226303778855292
72970,0.1847288951526342
27442,0.5786758519976691
30731,0.888572170503547
102947,0.41908126441018245
10048,0.735755254646966
7261,0.7852121555842211
37831,0.181641189815406
61159,0.8980619786578135
100500,0.25247303512627217
66747,0.8710887018881949
22855,0.33628283547017934
29650,0.6498192922250774
96881,0.4066026811538658
47013,0.8778447117021003
19585,0.5080973266860265
30273,0.33593137824293995
91628,0.8169826659604764
79418,0.5105198385017568
72730,0.33001138503887134
84753,0.30363513576458645
97421,0.364836496673684
45767,0.1427151613352954
9679,0.15512824042534273
88797,0.1386960186097898
1492,0.4116046460834277
55280,0.82579977504749
9098,0.18567333119105078
101671,0.2604730037547167
89413,0.7620125511490055
84730,0.6317670494378695
79999,0.3620024358574777
30862,0.3832554823316427
35416,0.614369157580231
46917,0.24823281737058278
92930,0.897727701807058
58243,0.2746114120364679
100799,0.10484355949554627
60694,0.44023853580709293
71555,0.7683826493207178
19179,0.8212863122381203
50184,0.7926273349085646
5008,0.4352070280485495
17878,0.8719604453065812
81669,0.8980003609338869
77718,0.3286003179186435
39440,0.7827290777551552
4895,0.3459954645026207
71071,0.6887245681226095
21702,0.3331011257718297
87491,0.8598194808341412
65486,0.8968987028617973
25309,0.8767328041198784
42323,0.8586163231839506
48639,0.8884019558879387
73967,0.874083375171621
65998,0.3863218371118927
23198,0.6424350413931222
82664,0.4197530961877365
26094,0.8982070941498662
37411,0.2829323774168785
65951,0.5701745715365691
35218,0.8797636203638055
35957,0.27985827856156353
84554,0.8616078758582261
61197,0.4219855226452443
61094,0.6297125837892658
26711,0.8481971983790817
59195,0.824992081791508
49121,0.4261645950717065
40914,0.3573314821217115
47302,0.5392585252626788
98853,0.2026386264383631
103900,0.6957167453405079
64853,0.42699993223540167
2554,0.756269020702065
92599,0.8325633856570775
25802,0.8944735404211492
99452,0.09929155216759955
55109,0.16829048622012432
21922,0.6086359577297775
93639,0.7866654457124036
99499,0.4294276215490214
75518,0.01819233583441332
30710,0.2473968045718913
70028,0.7911965395503991
101769,0.5661042396550539
37794,0.7169352052870063
96543,0.8874656379194426
47526,0.1232979507051398
23159,0.7363793180024772
40146,0.10539128726265007
94847,0.45250647478070455
53362,0.778579885689112
14037,0.4587979780127748
37453,0.6485204364790945
5647,0.25840139225112246
14673,0.116970927985171
106600,0.11290885129076236
73748,0.8215939349170764
80308,0.4722589626134658
19383,0.8893297112091078
55496,0.2200163217902178
9225,0.8968931856422889
106906,0.2184860759257163
75394,0.8687527900983432
88551,0.5001962192950831
37699,0.6769925487182996
39763,0.899277103071147
70482,0.8962743177129489
25050,0.777248135087797
17857,0.4167070016320018
58429,0.25401929194826595
49416,0.33016028990879165
61552,0.8923722562042495
49623,0.5760122667964183
44617,0.22267514591300971
27909,0.27824863114923504
24871,0.8982864847335741
20942,0.2737228771200876
103516,0.603843463968749
69077,0.7963453778713727
15187,0.3123909371698174
3968,0.13066523034443184
46406,0.33672439539801924
95105,0.5619277025828574
49338,0.31614362035197335
64276,0.6229015030117837
4821,0.26378138869011764
40021,0.2766037102295263
83326,0.1097410800420575
42177,0.5642132933482175
70199,0.30635280012484783
48119,0.3253825477925752
13343,0.3008637075960907
11053,0.4814468913027207
11870,0.7846052342515489
35640,0.24738555209633475
43612,0.8237698341582985
81628,0.49733348611918465
37574,0.2777878220663172
33387,0.34625338329473215
3627,0.8603287566593871
83186,0.28862283171690795
99491,0.5705794907026953
59700,0.6677768140118374
16223,0.8552343791024749
64126,0.17840796193679176
42160,0.6086693634839586
69097,0.8982933269768756
102364,0.23877555587141538
68107,0.6612866245364831
8108,0.3195750093097541
22927,0.891787829523067
59791,0.3081660733432263
100302,0.35194828622131785
61388,0.885411874133582
57499,0.7568114733528837
106814,0.3052560353205591
46493,0.3015158408022101
101988,0.701303794561675
3718,0.4583438974525712
97345,0.32991650753279456
44816,0.5324631009533238
15636,0.8922881957839621
14332,0.7506439032028125
20814,0.14476294905072523
9395,0.2991374002066922
29142,0.6379287583548822
44552,0.3733434152097532
49858,0.5340375306636318
23478,0.7767493064513791
101156,0.7347370328412829
17780,0.29152445571611413
40135,0.3022666596458475
90279,0.2786423345589597
9595,0.6628258358079568
11287,0.5051852370876221
52334,0.16327461647286123
45378,0.32153856740127434
60285,0.3538002235165138
104931,0.216359145502427
20338,0.1576676019102811
14294,0.682747200220678
81500,0.8738332614682228
26366,0.4170215045452035
15562,0.8472168287796131
77960,0.4962893710783164
61174,0.22958860069105763
12765,0.0751171043534767
93396,0.5208604755251217
32026,0.27610381893943803
77586,0.3415758961106171
10668,0.3207845636367467
84486,0.25960820092765935
98561,0.20201946268511023
15057,0.26007393672859985
62129,0.11263958886159915
46701,0.7671677412208299
35331,0.8611581851328097
3820,0.8872239088125131
21476,0.5865710328861702
81388,0.31095365672003294
65518,0.5928011737922967
25936,0.8979312440722147
58641,0.7822535313626109
39010,0.11821070140232831
10723,0.7721173119362007
28862,0.4758444891250846
59404,0.6266570516865322
51779,0.8974783700795077
60999,0.16257428366066806
55446,0.8972869155717019
82958,0.8945652239501725
103671,0.40255579743389514
70579,0.32501274091135096
21621,0.8310837731090142
40399,0.3450109128156392
66405,0.5258889481023793
40122,0.21162368233388854
105767,0.83046150781038
67391,0.8958066503591926
31052,0.4485889262863234
6398,0.7854793742705921
66954,0.8245088434252053
99686,0.898075762903832
14802,0.8398229297412193
96257,0.806907285374793
28401,0.35323024677730397
44017,0.36183060274423073
27168,0.8897578193899657
79508,0.8678615952284191
76641,0.2753498771556662
101422,0.28316709852501454
57776,0.7932919163811325
24347,0.3660596700384353
58970,0.3252338438135477
4306,0.8143789749508473
87525,0.7678881872449307
50287,0.6759923425807008
35911,0.21662250820932938
40403,0.8978476452947783
94371,0.7756410887405106
88677,0.8774370235100374
102789,0.5439584633007833
82807,0.889293992383657
101560,0.43008383561740493
102214,0.5616000741800439
92213,0.8963232378599247
78847,0.8571640556008245
87625,0.7339087820161095
59098,0.8975054645151476
95200,0.44183822649213667
13169,0.44679351235927556
52736,0.48177871191785593
31036,0.34363017654947015
32733,0.2934751504154806
39585,0.8908771432326394
65224,0.7299051261739881
34555,0.31049749328371723
35503,0.7821174692712695
91563,0.8981172217711836
64642,0.32998485868968574
25351,0.25005016882880565
60263,0.18855788049247724
6918,0.2997622682853257
49218,0.7192967300720046
99645,0.8903036129924107
96340,0.754430004651619
22938,0.5765060814483088
7914,0.72932910908113
47223,0.552785934394159
46877,0.896219905316626
102108,0.8961470654124754
67497,0.5153649317628884
2800,0.3242198907687506
77619,0.8975707782113581
82667,0.7058764564182893
47138,0.8927070690442719
78393,0.8035907232448962
7564,0.45763001061645797
33316,0.13057768653101287
67518,0.22567113269683975
76570,0.8563788762651514
5453,0.8915280132015131
105472,0.7960471688321896
9,0.8917882567445286
65582,0.770188779074259
104768,0.2429652972784038
44236,0.6117910120561803
30578,0.7431622824925407
28938,0.8252914845013498
38579,0.8979055602907169
95781,0.33574310456849016
44215,0.7872105954482276
41530,0.6630367572432183
5456,0.3609274477303954
75529,0.8820326135528266
82386,0.8380745857583459
54766,0.33950231047696355
2689,0.7393523309772949
90046,0.23736582268567893
72503,0.40612917748714095
96582,0.8979569106130677
37143,0.34637182330166844
49719,0.40571064507080545
11305,0.8990177086209664
38853,0.8780430944519889
30018,0.129824318814679
89997,0.6204278839538514
76441,0.8975955438522191
63974,0.8973281881103063
5818,0.4830955512055172
93750,0.8064843494259575
103189,0.6065332165180182
16117,0.22143203572202114
101288,0.38338890706334633
78644,0.46678114440011054
85356,0.3009716685971255
6264,0.2344162366302095
7677,0.6103812794963686
62883,0.8779283298145324
78514,0.5317301679995107
73040,0.5432898706758166
31444,0.2584346201612195
17921,0.5226301799597332
58623,0.6158310992530517
83516,0.7113428644746335
15353,0.8800165930815232
100110,0.5940863291549449
19879,0.29197711178584496
81914,0.7522816206057475
54921,0.8438233204181518
11156,0.48840593681337063
47710,0.820605618075166
75545,0.222531662710179
86014,0.8436724464874747
15013,0.27654486454715116
7602,0.5112541945591372
9536,0.8322524103141704
9037,0.8223878411400818
67680,0.2797885802154661
40930,0.723650879724947
22323,0.2799825565306981
26556,0.8890988124265415
95977,0.8946512826555882
70938,0.8880554615286672
71118,0.8181938899368402
65686,0.7640922608342963
13752,0.2168612426026037
74760,0.5364886883677052
4314,0.21276944062913497
59908,0.5930075689196804
43180,0.23223941128150488
36161,0.6952413580123566
77291,0.3445279393312962
74333,0.21323605509703045
32013,0.303448060451792
50705,0.3436100066076859
82354,0.4500827068258711
60823,0.6023295168810665
81132,0.4301874487093829
49721,0.6343932857773693
81135,0.21519499208884738
68556,0.29474658636457673
51109,0.886893322319297
29436,0.5774389785838759
70014,0.8963956662869823
89999,0.8982688102758757
55129,0.8478255137953528
57625,0.28389759305836304
72056,0.24327214050289686
30958,0.629995670659527
28837,0.8660548806921319
78812,0.2736340886589623
69050,0.40180979385100585
78026,0.5286541459703996
74753,0.5404097156514152
84865,0.5356216954854446
10850,0.2761516667551415
103364,0.8742697447172247
20843,0.6192360835740558
95753,0.15328914598194332
49437,0.2442325013891732
96961,0.8809939200204621
96265,0.8968521660509997
90957,0.3621166185158483
9510,0.42372680720150735
62612,0.3898031965026536
46685,0.42170900170197817
73471,0.5879444196658313
96293,0.48702689503339225
27856,0.17367851552712138
86010,0.8370300678135141
85800,0.5089125620188752
100478,0.11819491601961502
84480,0.19798155855670774
39977,0.30135295024051056
42904,0.1711905425333002
97388,0.6568594568029701
73786,0.8985407647906218
32342,0.7478087861444251
19969,0.23978616641517778
35477,0.6284091765418287
60115,0.6512551113943312
29585,0.8267006355659283
36206,0.3560074179886802
65018,0.13854351846052076
84906,0.4083541963635817
67728,0.8976550782811047
53915,0.1299750830721205
28542,0.7709966010638549
19447,0.2729779030089389
87416,0.3275843134981328
7078,0.3325706749441453
64687,0.8577979274557781
26446,0.8966899836966856
5907,0.3040854029461385
69202,0.8915752931898607
67936,0.10819271407513972
94444,0.6598786174525396
52945,0.4958878033093048
33725,0.846891293349744
17587,0.6065959006773555
41915,0.5918004659416221
73767,0.43918689322731186
15216,0.5006007260399037
106363,0.10180952134244772
101703,0.23798054215399284
75411,0.7973888042737433
57804,0.7108919263461999
25148,0.8765068894435247
9571,0.3340624141339277
57022,0.3098335738435769
99972,0.5819462184521434
51158,0.5093570594994773
35954,0.6552726470883883
97826,0.5485851256093226
99843,0.40647786371887434
90377,0.8940408839098277
63783,0.7757494061690975
88725,0.33608388889334734
104039,0.5517571038449153
31961,0.4048771262742865
104009,0.755490993813661
47318,0.6179872799729864
86974,0.40199643831128146
9421,0.7457739795707469
84516,0.4248457297658068
44731,0.5065824822270433
76057,0.3209993610898445
87073,0.19722652911442817
43289,0.38554934498233995
100878,0.8248634138502481
4386,0.6488926819998393
38237,0.6801410744463539
75202,0.7751604412269174
101400,0.6359640599807315
107136,0.37507246868247746
30179,0.8421353265055707
36766,0.8981945426752613
56597,0.8698721827635296
37426,0.585082173877297
67271,0.7533516970233862
37507,0.35726126805167285
33863,0.8977117752991023
102791,0.7638396854398238
61814,0.4904521042544928
66968,0.1571331628408822
15746,0.8942140400433558
69405,0.49290313495071736
81775,0.7360462460632365
10874,0.746151939679828
80486,0.11658869699525612
80102,0.8761180582334775
31570,0.8653670187693946
58348,0.2805253436692272
93731,0.6446922022335082
87697,0.5649554726644629
71238,0.8965619680259693
19955,0.8774950983279886
63568,0.7210188887009539
29279,0.2886301716809385
63613,0.3458729449612376
50050,0.850527250795092
49381,0.6779844900419658
42724,0.46781225319510356
3748,0.12556719736625813
103567,0.5637361664848587
14418,0.8980168205260695
92431,0.24104592216054005
89830,0.11899787880324329
69665,0.22499667883558516
82270,0.8965914569459916
28942,0.8905009081565465
52103,0.7946744636832015
49028,0.295174711582872
73933,0.5875361724207733
50783,0.18889440330134621
78350,0.7821709353302224
4902,0.8969222103898133
53013,0.6371084460358688
76554,0.8978029822469199
23980,0.3663637327314492
41145,0.3447696091514745
42225,0.6733821544496239
89264,0.6291159199543972
62543,0.2317737193546835
64809,0.26693963218262995
11702,0.8836153653351665
55003,0.2754308669287152
94451,0.41945507662951337
56327,0.6651124064463872
81325,0.8587203807724219
39310,0.8464211554804166
58708,0.8793829101831521
97817,0.8904218576659232
53379,0.6441479692270583
79932,0.6275966877327146
63512,0.4731345267599187
20779,0.6340285107105101
95212,0.664062554590386
59462,0.74991472066561
87290,0.8731310040650505
11427,0.11168838556357398
62734,0.8566856479413668
32888,0.26001680006104755
28020,0.8969477453392434
107166,0.13613923106918993
34403,0.5037887871516604
39879,0.8582153204594112
42599,0.4459281895360707
65668,0.870100826627757
70872,0.17064338279009567
58351,0.11426704069969588
57847,0.8944445318331238
24231,0.7063009709978121
73322,0.290751131461077
87567,0.6982315504367617
83106,0.5008927548102983
62857,0.8983694185433125
6190,0.23048722169350805
76216,0.8869865137346618
68017,0.5386860274716417
87105,0.35059846969431174
106867,0.45865264062806194
55927,0.4903718683582018
103438,0.8768653322868498
51124,0.17031253604310154
12368,0.1172442362517635
86766,0.7049611635262676
105444,0.2534364302587969
87040,0.7893031008433954
22916,0.8982173204351095
50027,0.443722549714184
81159,0.15395084744087645
58672,0.7792851917852337
30619,0.5031116839039195
33627,0.8989277813667189
50283,0.4661898177337226
52216,0.35602421369434395
59067,0.5121721742153827
14396,0.29982445506398636
11892,0.3673245314744432
16812,0.5317447615266755
5522,0.20476515447646798
1553,0.8973694738087111
68393,0.6460688684530735
56743,0.8763503905632976
96945,0.6562526686763077
46038,0.8694486545040851
57272,0.2364349435023726
90756,0.7608806252815907
52367,0.4936489203623978
106160,0.8970416475721482
90017,0.6496875612586234
3398,0.13159787172880807
9373,0.7409966585443297
105247,0.26087896086712625
90087,0.8774017722530565
69444,0.33874753237889066
17257,0.8963582877679048
35505,0.5017341317968372
81005,0.8634911835783055
44186,0.09947536742239763
13463,0.19785302328380042
46564,0.40748256561774376
79444,0.3666724368497859
99670,0.42080413062329003
11219,0.49832860529622786
57773,0.3175938420161072
8456,0.3127972985292905
68047,0.6572018094345319
36885,0.2597602453996525
85280,0.27718786443196414
35496,0.8248512277644379
8287,0.7801720327665258
99197,0.2971207536180752
84028,0.38246762092036335
57813,0.2909402895686488
24111,0.27276946452391104
32341,0.894605848357199
11617,0.8645225826354221
51488,0.8934563649003139
54632,0.644474718515597
92675,0.14501458610101448
25288,0.22108708189767906
60316,0.8640690985556015
74303,0.23902372806812175
100457,0.8799214533838952
39057,0.16964964295311874
106818,0.5172439639913097
87856,0.8621173143148165
48380,0.12348274473676557
88962,0.8974738908129362
30684,0.30156606202507896
34006,0.8792228316575845
39375,0.6370394433758315
38271,0.8240000698987757
103594,0.6582781234934569
65919,0.6714101934901844
32465,0.26439221135836377
95680,0.540989779752723
21927,0.8598427035494574
82834,0.5610373575969839
86607,0.5149300229083829
23273,0.5010966322734656
86094,0.25485597772628904
39379,0.6491180226508135
59333,0.3246496272255713
89309,0.8401913195550995
36521,0.3599944261833084
20234,0.4228116259387472
42743,0.27715525579633
50713,0.2809911654970071
50917,0.7113140115003416
56471,0.45715425006987553
50938,0.8321096838345855
98079,0.5830944637123118
45607,0.6795448723263852
99068,0.8659321290690284
32866,0.8959530172614323
86916,0.3451632450747254
21587,0.668811047950377
92191,0.8951097179252089
103849,0.22008687709626884
38587,0.40999345717501995
72196,0.33071315841047505
6939,0.14980811827076784
27786,0.42173504429976066
34537,0.3303275202438385
58057,0.5852950216538585
70154,0.31170652207532745
91928,0.7061193938520364
40528,0.6139857359843902
12496,0.5621261251876154
24646,0.8977875474528725
11256,0.8977178887656739
21388,0.5123933479669555
85853,0.898110269958437
44259,0.23932912545330298
36591,0.7335952255773301
59439,0.343596717360839
74647,0.8978561649060929
4875,0.4784242180185868
6490,0.18712336537381022
28346,0.745798601737982
651,0.8529380243446067
1618,0.8969539002846973
13410,0.8859973644180601
106091,0.2728859736942518
57915,0.5938427601217782
28113,0.17647837889031598
71395,0.3430213786278883
96316,0.3338766021371272
13993,0.38383909193617416
49317,0.7765792921068544
45502,0.2792110272942514
93262,0.8726643780951788
17644,0.6694360862555415
52028,0.30463759202266655
103808,0.4011913089502772
20253,0.19261270457107343
22006,0.7701906471998298
80743,0.6366138426107039
93485,0.28487148096908443
44777,0.3370241826648033
6100,0.4370174945431867
79220,0.8976178264612752
56337,0.8600628273787515
11203,0.6559314310110651
21197,0.6829435834573522
84879,0.7456794498862407
27735,0.8354802393611555
40048,0.8636407090866348
21142,0.4414426849170206
17502,0.8963968628604888
74085,0.2922685529222123
104674,0.23542313088315409
43454,0.8972376573431572
55533,0.8128153940098481
10115,0.8308186967995774
4005,0.24066935034003745
38690,0.3843148060464208
76350,0.11677726456173303
33946,0.8864302000349625
88651,0.709062634879015
6441,0.14235330870004143
29013,0.22225294427833642
58126,0.4995200235367622
1579,0.7969326509073296
45737,0.8683809002557263
20715,0.8127212350504199
35446,0.3017690799211532
24700,0.20062898542398422
40662,0.11740298859035464
2825,0.5414724163689916
70461,0.6567752591391375
24568,0.5292655572382476
90464,0.3887608654477522
28517,0.3690398592033192
1466,0.35669408839237754
17097,0.7381645945125828
30017,0.6130472267849554
55539,0.8953243354330067
59782,0.5925342429527657
71033,0.3514827590087485
64496,0.20373564683524814
40937,0.10156042840326761
94343,0.6310546618513774
10785,0.890081328569235
57477,0.17533554474970542
88509,0.7221672191944323
13448,0.8983114510878285
28448,0.31082303195538974
15736,0.14250037514417252
93766,0.1582532823281671
28790,0.5574035953518544
104620,0.8788209469218186
102286,0.7503088062335334
40916,0.23115980877715708
27594,0.8641895310917556
52570,0.32083787446547324
57700,0.4458204615951872
56086,0.330175066403867
15381,0.25111205843956297
46128,0.40368230537534877
76957,0.30183965917138167
27584,0.4680444715883209
47349,0.8157309492438802
13242,0.5589727117115995
21958,0.8618421281285827
82887,0.8727484679381857
106452,0.43075696424555354
8805,0.3473784179680273
39780,0.8622761605129438
98329,0.8086925483268022
50527,0.8765649855947055
82425,0.3545632030867061
23328,0.5552242640838727
43312,0.8977334109161923
62595,0.42319145378107526
85134,0.4957949704152686
47366,0.8989038134540284
23299,0.8807921317491584
106554,0.5721243193946721
30402,0.43017298750959077
82605,0.6248307800946292
91467,0.4628500725204009
87186,0.13833300561601017
16903,0.18319978244205987
1913,0.12837285468208054
24210,0.8942635162722778
72558,0.45663455029977235
63823,0.8640603290489857
37579,0.8382147572716686
23677,0.2542793600669623
43647,0.8984541911199652
74682,0.898825879107231
61036,0.764290444307609
68754,0.2166321222492551
4629,0.16913291674181774
45675,0.40066122500998885
87890,0.8904127045342896
69007,0.2922956206603998
107046,0.7495386648201442
57177,0.6271179299851014
58179,0.8979836200505389
59861,0.25120920793811163
52378,0.8729507498493166
77012,0.8129346428182885
36232,0.378631075202866
68330,0.7718202757929792
12004,0.3256902508486773
11504,0.7107784790064813
45682,0.4467321761105968
23369,0.7050603186385194
9711,0.8737597898231798
87557,0.8613639514180955
42759,0.34613809484814057
1961,0.8914875275633194
79192,0.3658177296754607
65297,0.49832253601310034
90391,0.34035875923941306
31179,0.8957287641512102
85934,0.7889239369667133
2233,0.49510749345885197
104465,0.46481847372043106
97156,0.27184314930871833
21082,0.43405995271855685
43222,0.8001926976800261
101903,0.8831809333106858
91631,0.8980188718635246
104772,0.8090129863708384
69306,0.5357651779988262
2246,0.3461099230346462
55523,0.723730127684532
35636,0.40442987479953046
58346,0.16885829739131977
97733,0.522102812129257
54318,0.8360894981573213
10406,0.8843542474774622
73686,0.30630269709634217
23697,0.8930716518702007
28920,0.8760925729826129
74967,0.4427709466941093
22282,0.2930199660756847
46359,0.3307578155963406
100017,0.22965870111579917
66476,0.8933496186189674
95495,0.8987316738050785
39500,0.5180248073637747
13256,0.6989496951931107
87733,0.8972932869786062
50150,0.4629398312974372
101746,0.4063271958432188
43926,0.8946654654229858
62829,0.8866788592345155
16572,0.8828963212334462
19011,0.848479101638083
34704,0.3543347019787376
52519,0.6757250709445224
29435,0.5063042602906447
14187,0.475265002024877
25743,0.4355432909566886
21024,0.4955274136600598
91627,0.3269329279951065
24278,0.45776240154123327
51417,0.8974361583814738
59575,0.7712846287615455
38791,0.2346560698092796
43295,0.6479987102180873
76291,0.3213750630625584
61760,0.6534568917061905
3559,0.29213667045796166
59749,0.8884666677196951
8520,0.8977613379091227
99593,0.7226796226699443
19907,0.8747186236357856
55802,0.7985347637185258
49581,0.11299454251477725
63636,0.28417207538806216
68309,0.89714405415503
32757,0.335041092108481
69987,0.8968940407374076
40061,0.25769613677249875
56151,0.7137231192298026
104281,0.10792484552061234
37146,0.3032155784207914
52784,0.8975104517686165
22973,0.7028786379576002
52110,0.89678591247685
48457,0.4343649334751191
83878,0.12280658597063397
41602,0.8706920739821863
12922,0.4725561607739091
106228,0.8870831273870221
32284,0.19510365064882207
71166,0.12845024950120287
61893,0.5743862041152145
82610,0.6060251819352479
9468,0.8922638589370004
7366,0.7911788963430193
130,0.3329932083745702
93873,0.8169563843867124
104680,0.7330488185537312
13871,0.6661237938778114
92467,0.531222907377674
43810,0.8688492718382816
88262,0.897754447779374
78513,0.5228960387153185
33147,0.8981960338509924
39542,0.8966058744012004
86068,0.897636772286787
17818,0.7128453622139379
49539,0.7900884450327194
80464,0.15977589025360195
4168,0.38073293782610157
43550,0.6248389743670463
24085,0.8330227908362116
102374,0.8265539260036714
23041,0.3357019222548131
73095,0.16014478599179655
74551,0.22650427709851334
58922,0.3509197863354383
54757,0.5421594737234878
86390,0.5566006170625504
49045,0.5140047810449322
63062,0.850905515578977
45963,0.8982341506121819
3268,0.2065092051018138
94045,0.39828907226521537
93471,0.8872877357784965
47014,0.7463606873661391
25463,0.4393089306640328
59914,0.8451804982495325
70929,0.5384316338774391
105229,0.3802290807182689
55727,0.8960432752847723
68877,0.35760920326160617
36240,0.8950187847579626
12342,0.8923812655122614
45781,0.5270286724059282
64221,0.6017975661660144
25152,0.4213003510834555
19946,0.7788860363916548
35848,0.8732853446555218
50988,0.3109511865279784
81228,0.865652318525213
70634,0.8957326032104203
62087,0.33640465813261167
83705,0.89204056856059
28135,0.7596918313986668
72269,0.8853959876129014
57765,0.8935854667107672
48237,0.8508316073576263
60935,0.22690452315240375
96395,0.8920014432701385
17552,0.5276358603633623
6012,0.24118304511757097
32339,0.4515162864958724
100348,0.8797659980289015
18042,0.8630089943191707
96315,0.8676208525005654
29764,0.2730315827740726
23929,0.8942626153902584
77311,0.8356729033262291
70607,0.34236140290036576
30780,0.860031251086617
80346,0.5284770207698382
98674,0.096910975518266
81392,0.8968618814160167
97354,0.2621507126786502
81018,0.14982514480220235
67914,0.19311939709859147
73740,0.8987941994942787
17349,0.24845535992290416
92248,0.6985034017403797
7410,0.8984242675007861
38801,0.12767331617764593
2980,0.46476520555680967
8343,0.8819199204955851
4978,0.276972278734935
17304,0.8334242872941325
97200,0.22479753339373376
29661,0.5237784021473386
90326,0.24865323605980366
46507,0.41372198367966323
29043,0.3716683578429123
10362,0.13439542401840884
98378,0.5405978730858025
106758,0.5344598160712757
51017,0.8660580672283859
79812,0.8783183896354801
13356,0.878435217801586
55569,0.8592175416257879
65657,0.8946310015805882
51044,0.5600083305621266
66567,0.8594287951136306
46552,0.8889322108136438
46891,0.8626847149252369
63607,0.1938111173271086
38370,0.5909030671259842
57361,0.898844686825665
36803,0.5288229015239004
39652,0.616502098512197
98980,0.467778161953076
39367,0.8945086272395356
42936,0.7350005959366708
103002,0.5227093039385082
53733,0.36677016252569766
64932,0.11000587667210415
14694,0.10122115565235684
22051,0.6793719671903283
86459,0.8975904245024748
6391,0.18636780447048323
66928,0.11935110250879433
49982,0.8985015891788318
100643,0.11806527529480933
56457,0.3978617445994239
30800,0.4754334400519078
33516,0.7820840404568764
10149,0.1538220618208469
59814,0.4310424944281055
95253,0.28970017663636505
53569,0.6216239913996235
98810,0.16107704604240083
37667,0.7758577012324326
28177,0.7149834405168249
38991,0.2576574350722161
16662,0.7074593961516844
84074,0.7457897340897283
74835,0.2462747361908741
64707,0.12493327129773635
92839,0.28233679636347986
7848,0.1456171048148001
14932,0.830347597012644
95426,0.8927974405878772
10705,0.8748646577350744
36497,0.8976100402736926
45194,0.12941586941013217
91760,0.5404207336006612
42730,0.8589494895939439
73723,0.7196350714579889
106197,0.533010162029661
68082,0.2522507622409558
18144,0.8963367336944299
80046,0.505399508023668
11278,0.41361320508929106
80340,0.2908907234297542
13789,0.8950891353709964
70923,0.894295097015398
102287,0.7675985641655027
91972,0.33374507927365593
34636,0.36806291633323257
15424,0.35997175529368614
27169,0.7896937464012177
44400,0.5237253254730286
61822,0.503752131511848
72751,0.8977420911617706
13516,0.7249428166413439
106505,0.8720739516657893
76387,0.48885193236763813
15239,0.8541482400840557
103844,0.8692322410442316
53314,0.8729663971500584
39223,0.11899380664679395
9030,0.8976860824114872
14079,0.6315052677342956
105615,0.4877602518029384
12812,0.10856007410590938
75439,0.16625378579326888
39088,0.8727322177490182
43363,0.17613787652014837
32020,0.0996680559795376
64754,0.8955244625806689
3089,0.8084778946225163
23362,0.33810320677253114
84010,0.7867990145726844
28153,0.16911949231710577
38509,0.23874942598174415
11368,0.897796896364864
38142,0.2049626217466735
97444,0.28481822897994424
41034,0.14457188031937337
8873,0.47846383614274196
30735,0.353095167859939
61272,0.7942235697142858
56414,0.7731318276042355
89014,0.896376523285388
24736,0.48822432203805477
36720,0.897002876199851
83888,0.7024385299186743
55059,0.8535103123745788
50353,0.14676496904298217
1263,0.7582935832730154
9747,0.12748156637676086
100121,0.5600849638206818
101541,0.5877574354440889
107110,0.6690953041542781
13870,0.2558188847102355
53841,0.32864065668340237
99366,0.5239526612333959
97714,0.8802101967871153
105818,0.4604108842029151
50824,0.8902511470172783
79245,0.2734199656814713
20566,0.7615357191149903
31568,0.8815259314746198
61681,0.31501691562542083
61035,0.8808653808180261
82910,0.12104843150273992
104534,0.8895504239719402
30508,0.7755741890460881
36852,0.8792477127637245
78740,0.8977365141275435
93787,0.38000816128025966
99385,0.2912259333384807
8541,0.2330039176668696
40986,0.8602806862473746
59356,0.861687809857624
24418,0.43694460552817715
73614,0.5122694177852325
27415,0.5085865939166172
11105,0.12280638838883251
38620,0.8963159812919537
73791,0.24881574230815154
84218,0.41813477589079484
57917,0.6460376329024999
26115,0.8977216531260606
39220,0.820929440190641
86510,0.6759267652976423
2620,0.5847390974674913
80769,0.34902582654678627
63158,0.7382437875736838
68262,0.6073579895925251
75959,0.34242258624841965
11908,0.8963275790947821
82650,0.11761375373256397
67201,0.7274887039899325
38281,0.8981160938696152
94080,0.5698516853391762
26958,0.3105884806145821
12229,0.2700769760154653
7322,0.2422739384600252
101820,0.7960355857121402
58402,0.6332394310512718
53298,0.8392509797017491
55864,0.22980286648581538
80201,0.18483813298965157
27368,0.5207411223769634
51937,0.7342941735763053
75944,0.32268429429483414
17981,0.46952294020632646
36458,0.7467957391829342
19330,0.883446330905193
70747,0.136235912621135
52093,0.3049725407284548
48248,0.36855501180339373
30444,0.43468785967015683
100114,0.8978225576686122
75809,0.8981311100300409
83567,0.47901365644569927
22666,0.8066050314762723
49879,0.20341821594151982
63185,0.8821514419137663
71537,0.30736416312222703
84881,0.8826019991769534
11039,0.7484513819532624
2226,0.7785578705316683
9498,0.8190718766140547
103461,0.8106983436685065
8026,0.8959097198032153
67743,0.4704728584586901
80470,0.2082320265136629
3702,0.6264485086066429
60275,0.4916355015379086
32622,0.35527660234283065
30739,0.4138428923900638
87448,0.8918782638159684
98899,0.764804898137672
89514,0.1633250815951825
10765,0.8116334324294842
76915,0.5652298702663995
22471,0.1204911289668144
104758,0.48593628886795387
106834,0.8907843019266619
21256,0.5671144809807314
72448,0.8919658316279485
76560,0.8939201730253774
72417,0.4750368872388345
76712,0.25325360784297474
81087,0.8969984608824388
106580,0.841060333692493
29575,0.11149797529718042
93875,0.2817353185880655
57554,0.2787726102288221
60491,0.4596824399256799
93238,0.8958994425015911
3821,0.37107483223132653
28650,0.10782328236900134
66585,0.6096564184872177
3771,0.3006374117842584
21931,0.23959785960234425
6465,0.36793657158910786
12104,0.2728779863093779
100297,0.7328783027916861
12303,0.8753806207932116
63834,0.8978053893583489
72813,0.5598558451173234
24228,0.14011404439650874
62072,0.3778305674094004
87548,0.24694215782758164
34142,0.27551382611944625
102479,0.4521765392003838
81878,0.4461117780693691
5322,0.3287374420356068
8225,0.8232914666054816
87700,0.6038741932688823
34160,0.8959610920067544
84726,0.7456565054762753
18698,0.7072078470533287
21961,0.278655229705153
98296,0.5312815474974499
35011,0.25956430216417814
72197,0.8986217142213866
52751,0.2209528777658819
2665,0.15485009107152978
13552,0.37992381922959784
74433,0.1405325691600355
55838,0.10586684914986347
3623,0.2644450206387064
18897,0.8919815205139371
97971,0.6760053784252764
54183,0.870952086648311
36709,0.7564956422386794
45328,0.8681614590007822
45544,0.5427164118901726
88069,0.8900911557335655
38880,0.8967632792201773
29390,0.43928334422026255
17213,0.5936200198461996
103211,0.320613420662349
103784,0.4232617803963881
21672,0.47324735526815925
12667,0.2708132620568043
42330,0.43628370946599426
64762,0.8943947308158327
38996,0.5689365365176668
81858,0.6032068474943529
63013,0.3341970953258512
97541,0.7032903254305192
94335,0.5293451357255252
27705,0.6174828710259695
27775,0.3519913859800272
90297,0.8935403834549742
17894,0.34441560290013196
89326,0.8736608477440634
14532,0.3317855676511856
29304,0.21094231713143194
60991,0.7147856997360842
26862,0.8769691306907393
36231,0.6271362358376413
68918,0.4060347191005874
87020,0.6404357135653626
68071,0.38481296929458175
74517,0.828058883603248
68399,0.8950291523341809
4125,0.1939037239793852
87538,0.6302205788674181
90505,0.663438799542787
26154,0.302438805090651
94063,0.3562047733039125
4801,0.23300737692492596
79421,0.4699836607261255
22506,0.3755929310093886
90383,0.6382958173441207
31996,0.19122880229967398
94098,0.11880398420758179
23918,0.11462346932757395
14872,0.8985867304067467
52194,0.4754736313388119
79112,0.7185718752120682
79767,0.8248537177671883
88807,0.895678039288539
80213,0.885139314260019
97386,0.5082611985493076
18855,0.32470782178505353
14420,0.8755957885475896
20050,0.1899338698221804
12401,0.3277441125975572
78505,0.875318456489988
39219,0.5641431937582149
23939,0.8978157618616515
16295,0.5728081424884692
38830,0.6795582777169658
63612,0.34657751976555917
13290,0.8928880796147738
53494,0.3953564531917334
5746,0.8946874281211703
30513,0.28187324499804467
96344,0.8137486672308926
76550,0.6051205449345253
15269,0.8955460658835832
47320,0.8983529533895096
51950,0.26336917255269726
9128,0.7339771325621606
34285,0.8528094303419934
93842,0.11502206448012295
8487,0.6449921146043472
98151,0.14803067227788763
5934,0.29984245203648857
68794,0.8391150291931074
11126,0.7686200602791936
77657,0.20527156437587096
470,0.8674507513826328
29040,0.832927970135163
92265,0.4244467239350402
29171,0.6999742299775751
53105,0.30267892436489335
22797,0.8704434042324879
100238,0.7087875110701902
76873,0.16358892481466064
51495,0.3563013621068058
60063,0.3737907445421135
97666,0.8578029587060341
71208,0.2785685968426098
25864,0.8941691489305651
37431,0.8958105564854794
52917,0.5119092677399142
97589,0.29325607634028716
33482,0.8963865658469351
20425,0.8795267566600176
66723,0.7843099673186888
38765,0.674282051230737
34844,0.8064959452864533
23794,0.6119967238100488
71459,0.5523459120751366
104091,0.7938527077094484
891,0.4219438502487181
72288,0.6918291626058976
42364,0.8437299626431274
30967,0.8169895396792032
16582,0.3272643914111689
42961,0.12013017539294342
22874,0.3227115623950937
64063,0.5474061195463471
89992,0.7346220705316807
37817,0.28881229767775113
21008,0.5396253770122847
65846,0.7603146325588523
30491,0.8979366322300966
10225,0.7421718202062498
946,0.16084336606606392
57835,0.4313834968255268
68530,0.8284770832540985
89954,0.1452286630899565
55861,0.384975515933561
26313,0.20189688174385548
79078,0.5349541094724277
45288,0.8555315895497255
41449,0.24236137411504913
105992,0.12702465023031434
22657,0.3833615444737326
59879,0.15266259511222813
61469,0.3238391858700109
34052,0.8860280736881634
75633,0.8472711628393439
99091,0.623659680046037
25249,0.7917037738830022
89585,0.7735684780999154
25639,0.7580353559886416
47314,0.544108491808281
27762,0.7527910757447629
52628,0.8975054964957718
84293,0.7519018868698157
68901,0.5330663490334896
90319,0.8008917213911653
55559,0.1421983089174567
16705,0.3259891196931099
79054,0.13549955106717598
8171,0.6610399766852616
59206,0.3444963030440543
52753,0.10551788592031872
99521,0.8912370941921648
59828,0.6242121567448755
66975,0.7629512884140973
33055,0.7176003311000615
11361,0.5295466028841688
10272,0.17525828601137272
15838,0.2765025613181912
52127,0.6675019603540084
17172,0.2555390440906443
61054,0.5812360287613135
92688,0.12457288681293455
25633,0.8957793672415927
13746,0.8787348837408173
49271,0.5844905697022368
74219,0.8051432002064348
95641,0.42485143065764136
31442,0.24501422427686498
61505,0.8967700100528155
4848,0.18453920724425277
35411,0.11382027670639747
41728,0.24804892908120932
11289,0.7630807148511394
54303,0.2990119719824333
87207,0.8977837696782529
50770,0.8993493584335941
19455,0.699602235608817
79660,0.8953073637652
45640,0.6629229129124613
19680,0.2914806577976654
80064,0.3243597207978528
45921,0.8165719191962492
102330,0.7953433581939424
104779,0.8823108131641644
41647,0.6006322757367833
62255,0.8967813408301778
69850,0.8860562065596995
59083,0.8981147565176599
29617,0.37570201006511494
68036,0.14666886540582721
34081,0.875028122444349
7571,0.18115248579328902
27687,0.5340092920952566
9248,0.30395709388760195
70304,0.8267812633429732
68494,0.896568032725234
34488,0.5768312138125358
91948,0.2843436268305395
83596,0.8386923629465708
6539,0.8565011248179357
50333,0.2827255771441214
103218,0.7154354818059745
10795,0.17655023024870345
64519,0.2971013569608163
55023,0.35383260786324566
79698,0.8118616548086481
12137,0.4435297009084186
26981,0.8261239352015461
16418,0.4049919868393468
19562,0.5410992201613487
54980,0.29068170603509114
8983,0.8964344350766514
44060,0.33911074608565106
40837,0.26625711374925387
50598,0.7840435985450108
96359,0.8888500532434567
106537,0.8868726482255123
25890,0.6134060992284189
82625,0.8809806519391824
6701,0.3117665861409379
8350,0.8085389053135305
82763,0.3314659938544098
101464,0.8893369009262883
21356,0.4560488659915323
39215,0.20580758476072605
67377,0.6254352610502497
28181,0.8980306033640613
41563,0.8427574134656461
26345,0.6445071970710069
16648,0.08092982672439024
31584,0.8964105110695174
1960,0.414919956739481
9044,0.8874183408721903
91655,0.8824534583661825
46682,0.49634715093214604
50998,0.4395218562141895
67563,0.803427551796579
21973,0.6995645463218328
66386,0.5342627059897804
67164,0.554478960624061
48558,0.8973977124851642
12620,0.1818598381915407
64680,0.5207108486658703
63616,0.8810880249240209
107035,0.8479871990272523
59071,0.5088859008439413
102880,0.7236965261600525
35126,0.104309736595121
41487,0.6984223386402126
31091,0.25322697011705564
59940,0.892575365316546
46433,0.7048265672801289
31705,0.7885208201002906
80481,0.43348702652247134
12116,0.11027610117302872
35783,0.8884904517825836
2593,0.20694047005602473
47474,0.8949624226544561
52930,0.5834501078085421
44350,0.12075391268209074
77265,0.8498267268778938
55073,0.6996659942895327
41302,0.10704621612212348
94253,0.8774855236861688
21658,0.3085369095343722
38103,0.7777946993086711
73971,0.16360420382669266
39871,0.896655323069163
78320,0.5901423687987072
11438,0.42839189459755295
59470,0.8970632793876024
55759,0.8959745584743166
104592,0.33824258252333295
96295,0.0021754048050235076
56214,0.41069734517760076
89317,0.6679433429033512
99372,0.3863365570386165
47947,0.12906846932125587
92170,0.32495869409152633
1522,0.12276833571954933
49519,0.8965859243979017
83847,0.3633754370215867
25956,0.6597239391018905
54284,0.5854367389742534
75756,0.38487272257121063
46005,0.4937098173648041
95327,0.5310893043099527
67211,0.872071105847538
57848,0.4407443601339801
62669,0.8986028159071934
103424,0.6538379667939006
6568,0.6733297953117433
20985,0.8767947117939552
2606,0.4682119128807446
51468,0.17064740848583113
58979,0.8484900893456235
44348,0.32161498632470176
97129,0.802151697406393
106323,0.7493253995952315
83866,0.8455617759057372
59690,0.7011314283070615
77224,0.8968274079735575
55814,0.27382367646290445
423,0.8981200223702662
51386,0.8481475649511477
54584,0.8372922769123793
20650,0.8450600065784262
67619,0.25526300836288784
80649,0.5372252857045743
98240,0.8909371867518812
51543,0.7875361006146213
3995,0.6442355797636639
68167,0.8000988863602642
6440,0.883397893080709
42990,0.5399392104183922
27893,0.5484536193804641
292,0.44711683990553514
60869,0.8925440033624275
83757,0.5940842723609565
71190,0.5323065292476475
43134,0.1904615947350102
26387,0.8967540047380117
41140,0.31003877426105914
41330,0.3437418294538029
59444,0.5256434673448127
30220,0.287487441028633
57850,0.8501354655053687
68720,0.4453243298998799
83784,0.4578407691845865
75058,0.5387520468228475
9990,0.525104099643503
70601,0.5605952260946047
496,0.6793118998853305
4219,0.7281285128151835
20921,0.8237427223595825
63436,0.8865234485395918
102995,0.8464044841478477
46697,0.8296253423253216
105445,0.7432013250500707
17416,0.5951992298894714
100999,0.8109114989734569
89296,0.529463776013301
74224,0.32998195822605536
88876,0.2574183202333056
76981,0.891634124705434
16408,0.2466044975963821
54241,0.7852103998915759
12554,0.5121684449850397
90727,0.389370000497298
28056,0.7113350220267352
5562,0.8831556969427177
80195,0.8523931227175182
87069,0.8968343620627057
43216,0.3411933949511565
79579,0.19306694103336072
9937,0.2979711888045657
42856,0.8772402955035615
56247,0.12206170029285918
89203,0.8979304956088167
75302,0.3744070267267636
9324,0.17852539614393187
88477,0.8974607500460707
65720,0.644315287659827
83822,0.7457593922782364
106308,0.3056366076022248
88320,0.1463821505883871
3472,0.723046289187935
43027,0.6673461061792983
77392,0.8029376613556956
41026,0.4658966267937328
34970,0.3150209663984308
85811,0.7987152474750409
51037,0.7450287333533867
39911,0.4126524881035071
54621,0.3114946210092367
63702,0.3339278283087992
88917,0.8979220993534364
15936,0.8989655851485145
68562,0.6470749013610702
82320,0.8140053031340817
95565,0.897221844622304
98754,0.40730917704628566
61204,0.889495620433554
94434,0.3459775569392674
62405,0.8748818751608579
65452,0.8975467913503289
35549,0.32863071231206903
105446,0.8631813843363678
29245,0.2584468600673107
40566,0.8974869208579564
77668,0.41217977688095
65167,0.6664972141818226
25913,0.7573694246111924
67005,0.7988599947868487
65537,0.7700145923760617
76894,0.2048963367921027
79304,0.5651658550016844
47879,0.8955570209174897
71762,0.5628298987472636
94313,0.7396863642268372
23432,0.6284665481252087
96020,0.2624885060656301
95380,0.8904354978989908
76613,0.5016641334342637
90665,0.8778023740623364
77768,0.8963077213571077
83357,0.4359578065667342
70714,0.3954335602757397
89872,0.8977745925167934
41797,0.512463062200635
13868,0.3006499838219329
106550,0.6406858807330698
39844,0.24684188966561182
42075,0.888496219177872
62095,0.7497215912149936
70425,0.4908068021994333
78138,0.8023537474077287
25349,0.8778543936137169
86030,0.10812750837267204
11281,0.8981699354835477
92556,0.8982054377113731
32183,0.45290542672024
95511,0.8148005464689887
14000,0.3215413216935826
8192,0.31362795014139255
46625,0.17279283460492662
80759,0.6363310255621516
53529,0.8875884324723806
39661,0.8406103248832586
18735,0.17293791932106628
43096,0.7784333008661553
35406,0.4027513366434146
19563,0.8983188546912416
44955,0.23684562569408785
51195,0.6857195249468011
104716,0.8923419562211463
78032,0.7690034908297224
54763,0.7086060270867086
54472,0.27962638260394124
63165,0.20930219203797376
59237,0.46221668842855185
80008,0.30112453416318613
41274,0.32261255850075876
69397,0.5781802435465576
58538,0.8713048156514006
12556,0.6742603170835729
22194,0.11157197224990759
13877,0.7493633822377361
28486,0.21531950014121487
40470,0.5416753096268522
3803,0.8522655995909563
27605,0.8274358098465938
12596,0.5083763354893868
51958,0.5742707328910216
100371,0.7273301617085914
35292,0.630550057068032
106651,0.47566282623276895
67973,0.894505471082648
24261,0.38282515608936785
42465,0.1233913968906476
13861,0.7629904410842616
15827,0.32344992746499646
96979,0.6417116968260835
21464,0.41110708166211746
33217,0.5349371244170558
31921,0.5500615095972141
87306,0.36537604807390545
82440,0.48100139780415485
100467,0.23687220128983516
101153,0.7342485174325704
59418,0.3179135475994289
34456,0.8985051512716855
78306,0.12177495191788681
60321,0.6487138261413041
106857,0.41956629213772606
35073,0.3816057889450789
61217,0.8498931431537899
40071,0.8978077179292072
82248,0.6962759326873712
74965,0.6240412129024835
71583,0.4791793613746516
83997,0.30437259524132315
80322,0.26424253241553897
1386,0.8873384644985913
30888,0.41919826712468444
46174,0.8868015380601499
68484,0.8545779821422232
17329,0.8815970332259306
93726,0.5421036206977147
14464,0.8885755308073472
67944,0.8852861510936447
95240,0.8883580658638028
43653,0.8163951407433113
74712,0.8457754731110829
89456,0.4469124120396202
8122,0.8479926707310667
80123,0.30369162461272964
100955,0.6384213611661528
19190,0.4831703573628593
17483,0.17323019174600998
21509,0.7921073665502762
67611,0.5240980161836188
91018,0.8054323505904688
11502,0.8309077208196061
41634,0.5480734632986982
58647,0.8965857691126644
397,0.2702999239911798
94236,0.6345687683624036
34471,0.2594258006360476
95449,0.5337681435560128
45263,0.2332046624140493
1312,0.14407106800168668
1701,0.354972223752578
10211,0.4592573969567334
19877,0.7284484635440257
10820,0.19382568967553884
48605,0.2739947978311352
105197,0.7479877468236364
101055,0.5531051479499737
72026,0.8038277036941158
40241,0.42362096309687464
21775,0.8984461790251324
2675,0.8538797458205417
44002,0.586418374937427
42988,0.24957646451448423
1719,0.3465788705658207
44005,0.8892492091752111
293,0.267110838900079
67526,0.5010445989497445
20436,0.12133040286078861
47583,0.30461707154378626
54329,0.296337953897665
44312,0.7032136562354052
46747,0.8529119530641318
42297,0.46018540942158037
36740,0.8981088991295609
15115,0.20495822087025653
54215,0.5489695324038185
50632,0.3003449271141468
67796,0.5946461512925746
24974,0.891280644959242
17987,0.24658282505032167
57932,0.8703390096621479
58445,0.6616664888195762
71758,0.5883861462336204
27568,0.5697041695982519
77343,0.410013621325947
74960,0.29415902622680346
71199,0.525548958748254
63696,0.7766131278235534
7032,0.4364898341189019
23824,0.39556721823875063
30498,0.7587096134047875
71626,0.8192807646596745
45937,0.786818459270537
58185,0.7368758881980352
63250,0.30180430829617777
93821,0.5381540789481318
75253,0.43679929986937716
105476,0.6210651647772707
94786,0.45166118683243145
64336,0.23400186058676603
71947,0.4075531846593693
92182,0.8584035726539987
20086,0.8848027044107435
76618,0.4448671562916551
14910,0.386240155817847
37519,0.29477384234676013
18587,0.8690923508482888
72152,0.19131390121762515
104014,0.5658415134872973
40614,0.8965740548984609
88400,0.227425812349003
31994,0.13643347279614637
87528,0.273175815129382
63934,0.5086421937957936
49409,0.5605234958782553
774,0.899070737736936
32495,0.8944902533529375
88382,0.6031310246808377
15155,0.8191039334792437
93745,0.8447448992084411
27703,0.5034453861102779
75787,0.8833829210773214
90254,0.6245843185142549
13614,0.6347821666970096
28304,0.7951249670666457
41678,0.3234343128627276
98764,0.20868888406750288
82284,0.8878022808764193
31660,0.8891651321149399
67449,0.4385006616149525
32695,0.23870430530712772
73704,0.8412026631113928
13185,0.8720109067465143
41481,0.8309315109467781
71990,0.8819679825359166
64342,0.32564820782796056
52716,0.15058669582909193
23590,0.808536826425688
19738,0.6857164876333575
81722,0.12807988067243797
43441,0.11911061744134338
56076,0.36472614337023973
36062,0.25845730816997226
93470,0.19556788887456925
57631,0.8931048216370392
104065,0.390668459822765
542,0.30274052775397553
22750,0.30975641826457834
65825,0.883515723093405
63929,0.2991457286365714
71150,0.8530211926639062
82911,0.6216660503575859
65991,0.867871507726521
17471,0.29993780734279785
96142,0.3189872143060242
20569,0.7890742493246946
38497,0.5865218297541205
2685,0.5106628748707511
38408,0.8167534374941515
100635,0.8967809212777685
29619,0.25053407496486646
63490,0.3899862340593729
83339,0.5175415858689528
36539,0.36664547268133907
79339,0.8791362706963352
72290,0.30333646772782624
3220,0.7649622564423062
81270,0.5056101214596702
35843,0.3844442027563441
44327,0.22274720879100668
30665,0.7686285842963141
1548,0.48867233536637056
75171,0.8656800667200442
99712,0.8995441084729507
33884,0.6443737569727148
65379,0.6219219070907618
62016,0.8978601527077956
35402,0.8911656917830066
42879,0.6002460484891982
74818,0.3151538126438207
12495,0.8765724952112344
20003,0.8670343679212582
22125,0.7290408859259992
70889,0.7451710186830818
2024,0.8885213852656464
95385,0.8873154676001371
80643,0.2866216221445739
86163,0.2899489409296222
67694,0.6020793408476083
26798,0.892027849234831
81103,0.897543016512828
19085,0.473503928872599
4898,0.8629621225556618
6355,0.4046197469050242
14518,0.13957826140050972
14647,0.15656832589914782
42001,0.2861360358492388
77785,0.8847951942494666
35657,0.6155033157882062
56488,0.25250373644535756
21443,0.7820034184201466
84978,0.18744469123853372
89651,0.2004567498099859
79791,0.3275469719107156
97990,0.8925363796309228
71970,0.42811160246325836
92259,0.2203589690479829
63637,0.8967169884857256
85746,0.3037839911482373
72226,0.8361391448728845
8706,0.49612311632486616
53923,0.8126357923866246
21760,0.448911919057937
52327,0.8862518229543649
13615,0.5923230128591348
3156,0.7185266835219632
17888,0.8965067795370083
27794,0.16144155220909578
17951,0.8981828592434421
106260,0.8185739394905159
86128,0.14387881173100153
78519,0.320705355939576
103081,0.8063038733208923
8118,0.895454794826525
83982,0.8963297056354758
29893,0.8954072516357451
49405,0.5663137119292172
52266,0.36032387321244846
36470,0.5734905767656246
1846,0.41942832107359285
3349,0.8302592694453061
93690,0.8306670960309421
50314,0.11654314870326575
186,0.46167301578228864
65432,0.43379628488445965
37728,0.77138853180373
19567,0.3709393379975749
30657,0.41881113504171263
82531,0.22865220743728257
22826,0.6914725941986619
22919,0.4146432739839254
87442,0.40057369677198595
104588,0.5230318452830467
64949,0.3095099117158303
63321,0.6476891998811164
44202,0.8928256209510812
85518,0.8976200343914592
70363,0.5135544096375919
38760,0.4125634489749337
99477,0.5036906483342453
41258,0.39285428594065186
88460,0.17985007693401406
49151,0.12528750010259704
96318,0.5865790628255421
15268,0.4894789366707277
39971,0.11909371279976437
68688,0.6944166398119384
106285,0.5760054124620391
3186,0.8935312545270608
39622,0.779098347897669
77353,0.6217368209154878
88812,0.8858760217061475
6527,0.17033826730382787
59187,0.583127371041074
61590,0.2864999516915192
56408,0.3774981614869977
94523,0.8711323579174793
35641,0.8499089520970612
74177,0.8930366010794188
103345,0.23371158442813172
43538,0.8873160596052043
28070,0.7857273151185207
18799,0.897504133254307
49071,0.04011356349741878
95746,0.8765601547024823
32734,0.5320948775523799
94400,0.8974568522686945
85387,0.3861199039930374
73483,0.6267359882784427
14503,0.35425812323740014
49355,0.35596329595412374
104699,0.5265975243703999
34977,0.3083724805091399
105745,0.7532164229876779
46195,0.14762299861096145
21807,0.7178959233927158
38567,0.3820053199021508
22107,0.30439240352133595
29812,0.30362139333314475
11423,0.14886277302452436
17429,0.6087692226573118
33210,0.6185307653221355
24307,0.7257682995314984
25930,0.12298317411622409
83021,0.778222154550449
102384,0.23574682962293053
16069,0.30606808097599103
89177,0.8902767225908419
14322,0.8029762184031358
47929,0.5922826205159394
95274,0.8931029747138779
91895,0.6215455099667744
30333,0.6545358752348374
63018,0.46400226822592977
13130,0.10922886910863618
48136,0.8929340362093899
65112,0.3559298823960356
96303,0.8449535097548856
32221,0.7504930867270149
9939,0.3192574132104967
58276,0.29740222572769925
95046,0.4368624008918638
95608,0.8654955995432047
5449,0.4813389405694737
60819,0.7576874301283616
106929,0.24203831629160077
70887,0.24134848009750565
107168,0.5887808540455989
1665,0.3478909407191725
62485,0.41992301377649066
26165,0.8787744543949848
54830,0.15508382109915983
98131,0.772948347324855
11417,0.25746468416018986
54957,0.8148103497867913
16542,0.8318994030758992
46696,0.3165609702087511
23398,0.8986874753574816
82966,0.8884648225475722
98212,0.40045777647861186
47665,0.28460424959396535
71236,0.216819997524058
23789,0.46419690704687694
52331,0.27736588932170836
42,0.7792668506663472
44162,0.8818887833393202
89991,0.44251887767609255
86732,0.30043058916200827
97084,0.7445956183674103
96648,0.6706310266962962
43358,0.8839299597320255
33225,0.34793827543618044
100947,0.8300647739555237
30048,0.8872958329240852
13538,0.880709612037943
61920,0.7343674700504833
90739,0.3248505245226691
33099,0.40158336573809245
5687,0.8919607989227717
37971,0.8979083679252452
104107,0.8595763872600372
15261,0.37095542304138035
79583,0.898488678762543
12417,0.8192304551917579
42928,0.11020632929831503
81291,0.47765528617249414
44398,0.7055485534475151
64245,0.8986149634936577
62296,0.8214596828226017
89490,0.7567465039763408
27804,0.39666950460962175
86896,0.897498020893795
31142,0.8089966748349159
100499,0.8891972916744497
41462,0.7593973535264683
11490,0.4452628675918494
41182,0.48038038734853905
88788,0.4908426513019932
85936,0.4701055730001229
25717,0.7692331430229977
39604,0.8971247647046674
2113,0.42018331277696136
19841,0.25108089549135804
85276,0.8901971159404376
38085,0.5980449718026244
33856,0.27508345951695845
16285,0.7493218186008201
102958,0.8103078354374394
32690,0.6776916061275481
65286,0.8983992339985867
87828,0.4682218240101743
72944,0.520033005187114
47478,0.33190907845963746
94238,0.3418513232220437
25276,0.582658893822115
51125,0.4113207517142034
59341,0.8444635881866828
37015,0.3044109862947802
48326,0.32843566582476197
55339,0.21777100036696923
54809,0.86295760771276
95448,0.8955426493471146
92455,0.8787030574560385
41479,0.8409407594365476
50990,0.45248756120897293
97606,0.42337590024764826
64386,0.23581996495931362
59016,0.868351803907698
34793,0.7731665016836179
35103,0.5085435372749796
62419,0.8965938245660527
44749,0.7435733167274777
51217,0.7114813994760838
76088,0.7145281900498477
50731,0.2820599841215094
21634,0.10742800538158556
99187,0.23992378115671442
74983,0.24157660564855277
74636,0.6541491361311728
70918,0.8977782257643148
48025,0.12665103929180507
1202,0.312932822165318
29773,0.6528827726148934
104392,0.5967460292036598
36134,0.6672344609433933
56611,0.8949612666212661
98347,0.8623009870521043
76408,0.6733964646109339
43641,0.38227667147697175
75570,0.2944612060424461
7090,0.6987532884522495
82189,0.3633783680538461
48190,0.18501381067050177
4985,0.7625302614362609
1702,0.2883008247193851
97091,0.43913015345201467
67132,0.19617245921411886
52003,0.5202377387905736
60130,0.36009201324228024
52734,0.34176494614110325
54975,0.35641959443158966
79908,0.8436910196115045
75883,0.8435472754911154
7708,0.17787536304806978
20788,0.8936400381096009
29713,0.287976244063423
2168,0.14911886583274517
19624,0.6365320088840379
15339,0.8946795343761238
63973,0.5680779509071556
104124,0.8422768113625455
82919,0.5901239881109797
57759,0.4315444723935241
30517,0.5436080429790555
67562,0.7026000871063567
60871,0.1866740886607839
73670,0.7691037987125399
12046,0.7731630591468005
29703,0.30834246630053386
57997,0.8934436798523734
104071,0.7049473283164444
23798,0.8979645113742916
63304,0.8952760469293503
29328,0.8707926399364541
54042,0.5930773089932958
43085,0.10737624588476781
41458,0.763634430307022
65632,0.15666935919470482
61938,0.89146008179304
43481,0.13885629568710275
23810,0.8452151932157943
74207,0.8629305249349473
40078,0.21824776939465193
67888,0.7653084880962303
54635,0.6821985577985089
37281,0.11630190622995257
92696,0.13759598611455032
40103,0.7251408086201715
12388,0.866081126751183
65827,0.8692994214424252
13632,0.7364792425574941
55474,0.2393538398658672
5448,0.4726029029357566
39340,0.8771907187027237
1321,0.7728803940512873
53096,0.8523657187042991
93846,0.8950919911141486
84889,0.2931410521218871
53938,0.4791209268600541
104973,0.7774661757343877
74968,0.7326160847587063
26581,0.5675589523016029
84369,0.68748064268236
51684,0.8813816084071882
24583,0.8657961143644886
93592,0.8462734801545005
80678,0.44003717780752855
34799,0.6760234514256
50595,0.261971420135445
107043,0.8404243035019678
81783,0.8780723729621142
8163,0.8729383040081816
65011,0.6422837126837141
88170,0.29610451349911393
18337,0.8982253775339276
72949,0.8963862104180935
70736,0.5253765512042448
96312,0.8929555475711273
83629,0.862515969328071
85060,0.5396205448205027
65661,0.8507516602910826
66651,0.8432745169417425
74786,0.6243931123337007
57298,0.15661643108767048
42230,0.11371306371819345
20537,0.19413970702955413
97674,0.8900284708055903
65960,0.19294798477545616
55108,0.5291195764379469
49101,0.8901366266409182
19384,0.3682867125176045
29553,0.5846906684273264
40469,0.3324282017932907
63625,0.32674395137278384
32081,0.47192568921206046
37229,0.8513894400007943
92189,0.7167569055093063
14893,0.1773089375933531
44609,0.5737380720408183
63754,0.33251456112589317
56244,0.37680435093871245
13791,0.14644479143990835
97514,0.35874988917450656
62715,0.1775669980198628
80723,0.8104732507085568
31649,0.8498994708490601
35868,0.3047739314356761
26020,0.7069333161840108
94291,0.39137954131040686
63036,0.23229911821469817
71036,0.7113044914711931
49693,0.29677937122714854
7862,0.5434968344108777
106251,0.22854906265076827
6411,0.21205331391507676
2227,0.2891088761528199
12739,0.6933278565993546
13897,0.8963103981656847
51843,0.6693564296170444
68337,0.448324411198722
62399,0.32952701764670067
83642,0.25267491113905505
62576,0.6232963047936285
76355,0.848573902720256
88532,0.8904968478627941
870,0.8097696895619836
26067,0.4898587303925734
45412,0.3193215978203095
93632,0.6825894868963359
34710,0.896149071276612
49010,0.75123613360401
20800,0.79013224457664
91234,0.7088917731342953
106720,0.2822551349470121
39399,0.896332969045253
30906,0.25904012530699805
55880,0.3124941936277089
86772,0.4810044291795747
50257,0.3229859082426806
89524,0.790604564787765
53238,0.8960046915850775
8234,0.3184924005406952
106696,0.836313150192127
29446,0.4514211245871308
23987,0.3927774862675235
64819,0.2477836910480731
35094,0.7499551974182173
45865,0.2779375149678934
8562,0.8982826500860606
75593,0.8970674554230333
8341,0.5920063836349074
59981,0.5697326995854004
87038,0.5223774970555883
60298,0.42954545218574547
660,0.8905337711947202
6334,0.8522337556263673
40173,0.8871930552783386
60604,0.6956289278732061
77550,0.23317423251611352
34391,0.8992505593510587
65498,0.330168181417139
12883,0.6452886949684897
28396,0.8933813727572895
20072,0.8062689137026339
29955,0.8981833126701864
93410,0.8625208350181974
19195,0.7982945892045346
86600,0.3279522121761548
11096,0.8682540085739061
100641,0.19426511481272718
2876,0.8741364538259824
98508,0.2158418188994482
8183,0.8902256392716407
61746,0.4056914574766931
65016,0.49748852010791816
98667,0.6393292430970364
26907,0.633546196833508
118,0.8804270112271181
17226,0.31090854892662956
101387,0.6749650824576041
2477,0.5133575184099908
42711,0.31738292429914594
45007,0.30002275086951447
16318,0.3096153770441385
86150,0.297495349675121
8105,0.8679578752336373
29329,0.10976719240183588
24199,0.8961840036879607
28490,0.2946945591751011
15922,0.5984857336133849
59384,0.7578199634175944
11373,0.8827681686168776
101542,0.24291858440110214
106469,0.1380681470605505
90450,0.8508666167281183
57117,0.6841405212269429
46768,0.4742241080794026
101203,0.8290827455342062
73606,0.2443913863100306
107050,0.7104325659143437
92108,0.13190439083826727
20429,0.3495352809520943
91152,0.6128659814920739
78479,0.5521896081744979
104962,0.6085028929930391
65927,0.10776356490953928
29567,0.8835003608508003
3521,0.8798842329972589
77782,0.5936296795718844
74900,0.661640989009472
20583,0.45827464354804237
51369,0.506750772102419
33036,0.15595517377728024
1020,0.16331052032159
81918,0.39126605020360194
71786,0.8348921416227115
29021,0.30180301197964665
42473,0.5174943186626408
76563,0.8963206076441068
76009,0.7458599982850367
75090,0.8869946698730073
91847,0.6601079448226421
78056,0.4790232214809695
22275,0.2825737615989199
64351,0.31904982164386264
101193,0.24285752661337373
49286,0.8505817008918649
89043,0.8301761087829583
41575,0.19451808249894073
105212,0.4091832168734911
796,0.3045541401220477
89918,0.8960060945781606
26836,0.8912619096884963
15916,0.2282469779242004
66393,0.7681600026157887
74777,0.24460959796969844
215,0.8208988870032542
70103,0.17109019777892387
106169,0.4768598229546214
81879,0.34722145017654443
25104,0.10212299102245238
37041,0.3415988476223797
91290,0.7231146445543661
7967,0.15315011701466777
61699,0.2776223101498948
11430,0.891839587029654
99907,0.2944448174428649
15587,0.7642802478999011
17770,0.8556562666618871
51183,0.8923060030463589
10924,0.8564536338338589
5241,0.3634577700166947
79879,0.7782509531154878
57849,0.24485345811683623
10135,0.8860795230555606
28930,0.8780368067577468
84980,0.897951689483788
35035,0.6223886486284236
1544,0.3404123135857166
57299,0.17711013865596778
53790,0.8700793579472195
27413,0.10743722092690366
38165,0.11384422681349458
48208,0.8571700274415635
56627,0.522114841366575
65033,0.3647696551463011
62849,0.1339396279405878
53653,0.42791170706954046
49325,0.26584104823612464
72723,0.7326488351009164
90690,0.8963613571792226
106400,0.8873531520244484
33103,0.2556591511769145
25088,0.8958266292190333
101515,0.5097040160058457
97145,0.8821609169107726
55520,0.44245670958811967
77374,0.22418468945151848
30393,0.1367379772583625
51247,0.8367370891050397
102444,0.37511515847421756
73823,0.790362138532634
77961,0.8872642866309859
92334,0.5623128475461738
20875,0.1791050208231906
8968,0.511805826816003
46253,0.18562852131816804
65138,0.8829694227673629
103803,0.750542266686532
48240,0.33306858313161486
37216,0.7540669426948177
37070,0.8855117614721506
100791,0.8943958486530785
65296,0.8971384934643429
55217,0.2945710252966391
61439,0.4968780956220957
28910,0.431205051329419
68977,0.6551624397244946
73799,0.687955902340053
87205,0.3294984149657304
24133,0.42653937057753977
5545,0.8843341763996946
54239,0.8973064536283394
58376,0.35760489148998537
102502,0.6120693259215703
4217,0.8919263429997664
24943,0.8981789730104972
76677,0.18324342863464568
30672,0.8891776832561582
103813,0.879486546492148
19301,0.7323814809275523
66545,0.8964906779973467
6418,0.32616140577325636
105393,0.8436091239747383
26256,0.7003114886539238
73036,0.32212790052049944
90905,0.8983702801661537
53703,0.0078498040014443
19896,0.8232971517468093
38549,0.8881758212704018
50747,0.4966945183619843
7384,0.8799845876396223
38634,0.7457176389882252
2243,0.8342879823552616
34358,0.2868771335263461
9905,0.2087116345954269
2600,0.47924902308183076
30934,0.5992054599199689
11956,0.8984483301256437
65971,0.2959307422639348
41054,0.8983111256670115
86656,0.7289858450331543
96579,0.6421816808850797
468,0.8984437076581735
95086,0.1484836730923074
36410,0.8632601602103106
61026,0.4741279574247683
49759,0.8688277284962418
18786,0.8579794040125306
81012,0.8557663309249981
19445,0.7078465271965764
50756,0.8682824417097164
85673,0.5626126691050795
66960,0.8051540753971169
31365,0.6261005211197459
37640,0.7876337042456178
101325,0.6723570588082503
104267,0.12538335098649742
64787,0.6636682417546691
54097,0.8645046545171936
90089,0.8143788165586832
79611,0.3393440022389055
3872,0.17131109057424104
90845,0.5383814279552519
75838,0.23048932484072804
16157,0.7396655811703015
21349,0.43505343264186425
34130,0.2190874544403617
83045,0.8782551825290994
83033,0.32248094172148023
18190,0.413840880386772
98007,0.13555120882401173
95308,0.8968174721392146
7197,0.7119807841302832
79403,0.15086858730986602
7653,0.33459323070870584
59611,0.8960500575621293
93070,0.2824224206439736
33837,0.8951902905046975
86990,0.8738679285489409
38486,0.20625462365229805
49647,0.7449727730596145
49217,0.21387970510390283
89090,0.7781868834533673
6634,0.8887462847005584
106711,0.5809691699062625
98643,0.2700000288003503
64122,0.17903047130992264
95757,0.3953168128917435
52941,0.8969216243106415
73928,0.633960818140818
96735,0.88791509537084
76375,0.5777942935793844
26187,0.7312068860019336
61250,0.5632760167973092
101730,0.5325138490477855
96681,0.4575245597380117
81672,0.16240487274502433
941,0.24829211781232768
73571,0.46530436055359903
102835,0.2693316089117591
84015,0.5287979096927281
15822,0.8767409945467282
26528,0.336146987670508
34458,0.3939711425554428
22406,0.8490452472872075
77570,0.15596868327499994
60677,0.8954018028380872
16163,0.27368096467229247
58610,0.7733938188716479
87762,0.19257880131341898
48705,0.4507787019713697
78339,0.8617074311409445
27015,0.8969237685373239
63869,0.29947437948793065
32867,0.8456066863350925
18094,0.8441355576934194
31953,0.34939209431436075
3489,0.15179216673883245
8990,0.8815224754655504
89863,0.8968134532247773
18547,0.7438410943212163
75256,0.5550719365712982
93963,0.8990723790181855
71978,0.3122518347216372
30679,0.7210754807964256
102609,0.7071934332392601
83019,0.3301438308830652
48135,0.30169162546709327
61409,0.6842986452624404
58564,0.8138343127715413
3946,0.6081260489398681
106020,0.8633483887691561
3723,0.6727735363293432
22108,0.8950153430683119
4674,0.8913168574441913
4358,0.837657042657181
31186,0.4187555571830545
136,0.8706038844066402
46915,0.8913977388662466
95526,0.2940530712696987
12145,0.4796536946705806
18631,0.1885418433702533
95178,0.6334403653044745
6569,0.2854823092904598
74472,0.5338194826256781
53618,0.19576876979132302
82117,0.3710311521890664
33139,0.8975550442395255
101127,0.5375246052889169
78109,0.30240663389914557
71560,0.354739759414915
4873,0.5927207702177646
38063,0.39863711232474563
1060,0.39877250450384627
45447,0.89879704254903
14151,0.13240994256750802
79580,0.14430266680535442
37219,0.419435348832952
84736,0.33328960535096896
15780,0.8367897904062548
82921,0.2715152905864252
40348,0.8815050670195712
74895,0.37473131126357073
93609,0.12854156885188361
60230,0.8302986570974443
65745,0.38996360488135995
16278,0.23593489718694532
66171,0.34228824832643984
76515,0.8792201066888128
87170,0.8940986558724199
104704,0.8518583902126431
95572,0.5389252021550535
41881,0.776285275291263
30757,0.7797249990170231
83846,0.5554970872173473
72285,0.8969029546707122
29064,0.1564361504977242
5381,0.7662823357833214
83070,0.35235511298890404
7175,0.3254628490745246
49176,0.8987890503318559
51188,0.432945066242199
60730,0.26285165249235687
89396,0.8473414796743006
50581,0.23041953976911664
9406,0.48778056427121064
16599,0.26434855884852265
69783,0.8967990379596272
27796,0.36185728828502806
592,0.28221599047705276
18133,0.731505067115041
105112,0.7088288427127193
51799,0.5900304712104434
75583,0.5030993329165383
22160,0.8339508709569443
28229,0.34025553067370073
59965,0.8923884049591763
25798,0.6348511616084994
1799,0.5094730902200634
37007,0.4200888276508595
99962,0.2021603411423959
106489,0.8561702417352144
39063,0.40896573398362723
46435,0.2947765735877688
45589,0.6996549325867342
6956,0.6969934853014612
106021,0.8024775012937817
92285,0.3795785298135909
40437,0.5887587309984741
7039,0.8812745244757721
94842,0.7017763604211241
105806,0.7744293299501227
19957,0.41115269982898245
91743,0.881007749775461
71819,0.8729349371950008
71859,0.8648499888504029
77846,0.3516720564388122
75254,0.8594600370768548
86699,0.8485929006770057
41680,0.19480562518736966
40684,0.704929716042684
102752,0.8064802671757917
59996,0.5389212395013157
75002,0.7247380438342172
83944,0.5128609644619071
71542,0.1681259956411317
102795,0.5345459722302817
13533,0.7613389390013944
86443,0.6853270668723919
72601,0.13044095985234128
48252,0.7620370690834133
59918,0.8975372091361105
70105,0.8587880602430404
36420,0.33754023610024525
72545,0.877516983477101
66628,0.1876780886167943
87076,0.30265930749903613
56017,0.2512567377161142
36830,0.7772359863366052
61259,0.41352775557198623
106785,0.8950437820483795
102001,0.23575357559911897
41694,0.16982665735468755
59274,0.8310455046985159
69342,0.8299692971882385
52666,0.5211204123210001
78739,0.3242747526202403
103615,0.2591864623511688
96522,0.30310103324993165
33713,0.8840872803296712
94194,0.8452151624775824
56624,0.8513056624609651
14026,0.2209648285862867
37800,0.3533930987113137
101163,0.699281405071908
50282,0.8845739311186044
24359,0.8978490965114263
37213,0.5156118982052089
27574,0.2954063103120501
18777,0.2806123688609577
32485,0.8950496600076622
95455,0.24011858304409106
56526,0.7974103892267019
9732,0.21495301593198785
63133,0.8109030064307454
6017,0.35508461797905766
56227,0.29377538995306346
81330,0.1981536147040016
14674,0.8972527585669654
83842,0.615046630550066
59121,0.6296236036066998
4795,0.2509851363926263
8699,0.8849831634737729
62846,0.7619157232211972
3664,0.8970101283622098
79101,0.5646388683187873
97114,0.5077442613666919
61736,0.861012097390444
71338,0.3136169103422155
75649,0.7709569179961411
47207,0.7088218005408189
69617,0.8232672031237148
92019,0.3908167054465356
33803,0.26256218423872774
102709,0.6875011517211804
60644,0.20186600924721382
35921,0.8449419774061824
53503,0.8212096761572719
39017,0.6446663167134953
21033,0.8293813332356106
7356,0.6296619817487382
63010,0.2846475788796029
105483,0.5983969354493014
48414,0.35793914711029867
34491,0.1841576312787731
98515,0.40030979471893713
44473,0.8954736709904931
16918,0.25746946320842934
5705,0.46639083868243486
50265,0.6418449812398279
69220,0.19387294788764428
54833,0.8938032523231331
28549,0.21335374753190123
106607,0.5105478424764021
82444,0.19915008083900876
61201,0.8977154387347018
33681,0.8948414307140424
10979,0.2856007289457748
17203,0.31803577199244404
75276,0.11433121841920608
46716,0.5389292253991613
27002,0.8983027620921206
875,0.5597215136358453
73244,0.8208194623009231
42973,0.8636958892661738
87462,0.5139316992906302
79246,0.7089097934834276
80060,0.7930804590515098
83791,0.7118633994945599
95066,0.1473979472387164
65369,0.8718115356286815
17234,0.8982414861905137
33597,0.5846584650972433
57641,0.8176724827372166
79712,0.22874863512146235
90671,0.8851050556860314
68092,0.5475334547480587
87841,0.8978430323742058
26092,0.3217970490293854
19324,0.8786522883419567
64133,0.2820675454143031
64722,0.15391214471473816
67293,0.46798657915111735
13110,0.3455413522945472
15704,0.8905330472809037
90272,0.8986910315863855
16320,0.3246695215872735
51605,0.5305900759927743
57816,0.425666086986222
10303,0.5099605169050754
81915,0.3317708106499673
22954,0.6506508550060888
20905,0.2789171291326719
94219,0.8861796748355413
59383,0.2577677231251544
55882,0.29727393398417534
105848,0.7062069353022766
76012,0.32662622663181706
28343,0.15390630745849188
12621,0.26900576075662985
20544,0.8810981439243222
68058,0.7173845042497796
45481,0.609421645378838
43866,0.8948189131631089
43638,0.7769570539121516
78798,0.6696876309414127
51931,0.297872530087606
81788,0.4087295983003519
39806,0.8897601793015791
104308,0.6225846694799146
23191,0.7831565922503313
58799,0.8816030188088916
74274,0.37923842781786027
97712,0.24044607659719477
62011,0.26044444254722465
97060,0.6033743697946732
6430,0.4261836759417618
42197,0.7383910384499988
33642,0.8576827598751754
34385,0.31639356465206087
56499,0.1590493563773581
103727,0.47058123692958187
22082,0.3992658987292542
5577,0.2775869482424327
18877,0.4121668681576193
72302,0.8783285430942266
48798,0.8459117841262203
95670,0.879885098054983
12360,0.6596351890931513
99919,0.8901013394012901
57548,0.8940810719507897
8498,0.8817847713777229
55369,0.8914033706408984
64135,0.11439943027345056
96186,0.09966345806506985
88968,0.8988127301337963
16581,0.5532868648412332
69477,0.6536797579938441
60073,0.7491292790093905
78470,0.8746963964680945
73934,0.6692197692106383
48728,0.4500677037658579
12948,0.7426357777719116
35801,0.2985020102525443
11714,0.7223950015675848
79286,0.8761078532175349
61682,0.33132719754381695
67216,0.4919793542396385
28124,0.8943753181106405
47487,0.20347293249537043
89951,0.8625339939758584
39746,0.5137935825169144
51772,0.14048483393053585
74373,0.20741958130528543
91542,0.14583459864092668
11693,0.5702733576174162
58395,0.8929920340719419
10213,0.5885451915182244
87308,0.5947942064251169
52212,0.871406688692643
21565,0.8364846934290738
38272,0.8970563138213554
45624,0.2509000756819191
63049,0.3726470603216543
86283,0.897797082830703
61244,0.7385925741321299
84701,0.7973817470408633
94243,0.8963482547357462
79039,0.1653173081193044
54726,0.2681162881801165
52867,0.12001662276569913
7832,0.8605206072631011
48004,0.5015800931834619
52691,0.8651494526329636
94319,0.8979423483837156
14013,0.4946253547051388
66372,0.499975636862719
22294,0.8926551648398221
14732,0.5348887170317635
105955,0.5070042841908524
57702,0.8963739791305091
89178,0.6701178331252414
31050,0.26449140349688455
40074,0.4101694833002959
23085,0.6003749218900714
8847,0.4446043622755525
43142,0.5910580164826008
24141,0.4190558265975717
75344,0.6327399244180144
44956,0.895199988929297
100259,0.18184492300189709
15289,0.30977206884594216
40766,0.8020702201807348
75727,0.44874049857330667
16710,0.3938995505012016
3858,0.737131183613033
51761,0.21847650766315702
57803,0.548436808443545
18436,0.2980264081300803
21616,0.5624981302590445
40997,0.2657313305294862
72876,0.8740346680816086
98668,0.16660831809853077
17562,0.8110448834667977
53942,0.8506299426115412
7798,0.8946835174207144
6728,0.2737192550288776
68182,0.7590211354667672
32206,0.8973497012205609
2446,0.892740025918556
30812,0.4715506659103106
29775,0.30051204038115786
4146,0.29636742091270635
10519,0.5417599184620889
66933,0.7029440830925628
94981,0.8903762515295927
95320,0.1330613139595456
47430,0.893632397477411
35069,0.14403285441980854
76488,0.13385001512063865
33904,0.8784411951620597
86619,0.8981136208546007
91955,0.7050114145120893
6389,0.21454791862507744
12914,0.6613897290484806
78123,0.11382335465654736
59570,0.7585338967027511
10892,0.8477204862268648
31139,0.4595220144582152
47002,0.679166872424819
15376,0.5325659046312456
84669,0.08999473119096243
28204,0.49621366488011437
49096,0.5018020939890178
95324,0.6452948500157639
46589,0.4739211778489581
16484,0.18886189635192846
92516,0.41264127048823457
88724,0.8563491932065438
65849,0.3443379390016098
51527,0.8945375755649351
60854,0.8980322525376931
11279,0.1147840014085759
67908,0.8979816696653917
82313,0.4647485860274597
79035,0.5905248765240398
91010,0.524886980123298
27611,0.16738942479039126
7952,0.8764976408755418
19379,0.8856110751704326
66702,0.13890867245086924
2296,0.8348732339475349
28138,0.37368424477867745
551,0.4502795384210723
67795,0.3567228731017876
39137,0.4028665831409662
25040,0.8148785960806533
47656,0.621344420542182
53154,0.5980584470307745
73026,0.18595103126433787
50163,0.7426115966245898
17664,0.8632540063167612
81237,0.26177300413078375
43288,0.25848905839268776
101830,0.3409162176626071
68661,0.2825064149213217
100832,0.8546754535241632
4191,0.5904435849689652
62424,0.8758213000027284
40305,0.10970420490878281
54860,0.1866262995937848
92588,0.509840349475
76669,0.898121302073951
46395,0.2850288552744228
44253,0.3555435838180613
22443,0.39331952753881283
84100,0.8982644665354014
42951,0.5972416150074211
51210,0.45439140396563005
18367,0.8125537493100067
12437,0.5482525290045366
57121,0.7941011957751447
5477,0.33239471376556434
81334,0.6271000740605187
102259,0.2360843963737906
56973,0.4034179489776219
55634,0.23394927356502904
50796,0.28927567518375225
64854,0.7970600637013224
17212,0.26268854291707194
95586,0.7775877055833725
96608,0.22516870453857488
8178,0.7998894969708433
69463,0.7699965841069568
25843,0.8973017491360779
89879,0.4776346247769832
64458,0.4385361736635089
1825,0.10708588145437971
104937,0.4016949162340441
76514,0.3529191050111937
67638,0.24928355951677023
32550,0.12236803131078708
2594,0.3013611375531634
104050,0.7717824350376135
15063,0.5412245438205456
7750,0.4992146924458517
78835,0.7121654426469625
62313,0.12549438926782164
79534,0.333688278227688
10735,0.43568776962449085
66647,0.8697801256892915
80698,0.89828191232517
106237,0.6835183113959296
14230,0.8326559015460048
24699,0.7323990879075892
20670,0.6986956794771059
24398,0.8965524254888663
28813,0.6971383202317624
90926,0.40961710997054673
21442,0.12926145168015693
15503,0.8982240623367204
104158,0.860114281458759
11944,0.5281187113324596
54953,0.14788805499818092
100285,0.5999673844733356
92129,0.8950949207563865
86569,0.887204791217106
51849,0.36773283245015365
59984,0.8970398581984786
84169,0.6569443612951602
85915,0.3263373656794111
26350,0.7460657346819736
81869,0.5226259437435139
101771,0.5382982731097552
71107,0.8522547242328389
8127,0.5990394514862923
67433,0.3632854335016471
103885,0.8291293456293657
14634,0.5335610061067353
35211,0.27428492642788393
78895,0.8878621663115135
78807,0.8989451463435181
14540,0.44988627251906976
34698,0.7909354413525077
103779,0.4613773965961865
9813,0.22595267085210521
7716,0.8968454608900491
70272,0.3993272230210547
98794,0.8818166199431743
5378,0.37281823593502716
75584,0.2776198722688509
65199,0.6647721665083184
69468,0.38330717688577187
53908,0.3015738204701061
97132,0.8487340628736382
84136,0.8503385225572044
65196,0.7139824340735046
101330,0.2200964073268631
45065,0.3175047984283314
101372,0.24384213121992204
40945,0.6902624757968814
36818,0.4518318965804685
16262,0.8939489171662517
71302,0.8948177802679333
56867,0.8843004087195462
31727,0.8400757148404051
22376,0.1908759949299822
93929,0.8144750201455428
18448,0.8964906676278724
29101,0.8961205897929411
76956,0.3564805476564812
52458,0.1745700371827254
42922,0.8975339883301627
16743,0.5920374346094115
29879,0.8875975817847508
54016,0.5327203088282841
44531,0.5231472210772798
3780,0.49765406498802234
18492,0.23042422377538735
43326,0.6035255334279956
97048,0.8042172221717222
102784,0.6730924134195896
78950,0.46364255336048243
69256,0.8840136473116058
71845,0.8794806859302866
23511,0.7175279733429818
41984,0.47859208987962853
73207,0.40958826425658473
100220,0.8135804519734704
55424,0.7061465734541572
61058,0.3301535857146503
61570,0.4232059724207381
85636,0.8869421035635503
91625,0.5370239686856813
37965,0.8727314301140001
71595,0.8216538751246354
40247,0.8588922040450372
84223,0.5341970584216222
104638,0.5729328731749803
70859,0.8954661402408789
12624,0.38925320066639923
100127,0.235162546395962
54697,0.3022345700713388
36640,0.4689342843683136
63935,0.8959950100056924
62422,0.2271011835298311
19138,0.8064606383522044
98037,0.692277291809589
80946,0.5874111801796229
60171,0.16445018119480304
106524,0.8911625823452511
53120,0.5975916983975234
17020,0.5401559262793714
96643,0.13674886864560837
20516,0.8808589005457188
53943,0.7948772817414517
12422,0.8427097902455887
99924,0.8354291792904387
84727,0.3718892919423544
105231,0.8026638826107513
57263,0.8972159716078438
70353,0.73775111583358
33980,0.8982223907265493
85067,0.6374696228495661
101473,0.27812728490619876
32806,0.40907132433547255
22737,0.7503555759122156
33701,0.16534294533665989
26272,0.6283086271277376
20245,0.25900130262320553
57009,0.3048738359289388
70177,0.6748354869676998
80949,0.8911050595969967
68868,0.414234854938779
3463,0.34462244196849756
22480,0.583915042456991
51061,0.28530251379445776
42467,0.8332755922686937
22644,0.1597551900504191
77987,0.20138724949562617
38066,0.21538975162489774
74817,0.2896737641141768
33548,0.20278000124034956
55282,0.8978702401589775
68474,0.804826181618689
28750,0.36075150249947713
100953,0.7107880830532447
9783,0.11678586272854077
88666,0.4965322649364826
95892,0.8932830981382565
45165,0.2617687731721595
88759,0.6577091220686656
42942,0.5429825530410085
45155,0.6707091440471358
93405,0.5729257837057453
40672,0.3456577652272783
59171,0.8957381667218146
65048,0.1490318498484563
96568,0.24888591852896036
55750,0.11192992511030658
94417,0.344655736620838
98907,0.2692688462822401
26355,0.17793343606364181
75221,0.7488284592236311
81834,0.8978097896439579
70358,0.8325063560067619
60686,0.7861510186333011
16970,0.8974512447233219
105727,0.8917541505780464
27635,0.6237338562795949
22266,0.4055689684381533
72325,0.2768874533906076
73454,0.8573906139125302
61216,0.8938740610619379
15107,0.511512831886838
20351,0.7396362205332608
7447,0.5428828430064967
27058,0.11936033140970834
52745,0.2917044006249895
97367,0.8236641448093494
80966,0.41816796696251207
76862,0.7128890324260004
101425,0.4774125814155259
41987,0.4062640463787093
41607,0.4427742744029727
24817,0.1333447090128858
18230,0.5418180897615542
24592,0.697172010305205
26735,0.6615917488941712
335,0.8966992847869337
23192,0.3589669374773114
70543,0.8915483273900375
52914,0.7549842461024403
93275,0.4450147880352812
53299,0.8172177156608542
73633,0.6739326392974794
6516,0.7104404016115413
62779,0.7649710185273234
37748,0.4551498082171733
32439,0.8910532271049513
26327,0.8686767812745382
72512,0.5430481139496874
34319,0.391048227748801
71151,0.3641397759483443
75755,0.887071876445876
95040,0.7880086054244593
14016,0.32625964723799583
64918,0.5389388695192083
54132,0.8852844316686325
15137,0.8563008268113352
16885,0.6663151402712727
73850,0.8921630605615503
27701,0.7535163507136683
45458,0.393385804492772
35206,0.5540249693693474
4690,0.14708716748895823
48327,0.26659824230280094
13359,0.47900301179745114
74847,0.22990958333473568
58263,0.8179945755947171
83921,0.48900661844304477
78541,0.5539807622620107
89353,0.11579805897813672
46859,0.7868625320883341
43017,0.8986875926011595
33143,0.580161802580611
44724,0.36495482649942745
98313,0.8701355793791113
18397,0.8625634550190597
33628,0.6660918275713875
83851,0.8906599688509713
59975,0.8948901412258147
90976,0.30676234994958707
17729,0.8452999237417171
103091,0.7379876195981288
48359,0.28160142460489185
52136,0.5552503075616946
92597,0.42616747681391376
102907,0.8952962013769954
31101,0.48013614457932496
72001,0.5057586498700839
26604,0.8981927134149629
32653,0.24389951141356359
92403,0.8876838914218727
19371,0.4542295771830019
33679,0.13201700707359001
100430,0.7128214256901096
46581,0.34144327290651516
46918,0.20291805824550457
1939,0.895624371971162
65741,0.31468579753586734
64268,0.8985950649112137
5722,0.2360047972909206
52128,0.5001326306102428
32782,0.8871043273062188
55399,0.5035044867525664
67305,0.3344545180072671
27575,0.8974139097224482
10174,0.6858627726979892
20288,0.6018995634658013
100583,0.6903049170821834
94644,0.8064393087945168
69259,0.8313248801273375
66508,0.6100665251847323
75933,0.3229543347115861
73087,0.5624503580063165
62772,0.30648584139229174
7082,0.4333198774066299
14313,0.3472176119921919
34351,0.8825454203000029
13661,0.42346851832436794
84983,0.5499356640431039
71650,0.26289512986503377
25289,0.23734074599174027
53203,0.8700032757838846
104021,0.8960098632206073
45430,0.2285174091803399
13936,0.4539511427533405
36331,0.8785884138416117
69153,0.7157061708100482
28211,0.16963686985493878
14716,0.7453453916529027
102105,0.20028859982050706
14825,0.6574234640377121
73448,0.8413596778608001
25227,0.22098082871102698
70935,0.5537012092138935
24046,0.2635497540363185
16283,0.8246681539526854
31587,0.566838598508328
21546,0.8875029772340854
79216,0.2605155814330998
59515,0.4326231894279046
21638,0.5376620277185493
106058,0.27427447646288305
83605,0.47505364252163196
36027,0.3274739750024856
97547,0.5096466288517258
35922,0.8932506708355106
730,0.3446102953189563
91023,0.4893837056842281
41874,0.8437363980191193
63479,0.6018812977421215
53948,0.8966829753851082
612,0.5719369783167856
44842,0.8926297967427939
88286,0.44955349580981324
19006,0.758525899427508
15792,0.38381097225480776
31289,0.7322919080145558
5520,0.7555589245389978
102071,0.8683082617670455
51757,0.8846830353404194
101502,0.6508267612021095
86153,0.1415019389745417
53017,0.8732226367519569
35422,0.7281973049211852
47390,0.24527663280456286
6754,0.7950354268470703
15689,0.6584231103195974
60671,0.4337464596068751
91200,0.889242013282274
52291,0.845682875715789
64996,0.7995140972004897
105948,0.4712508679811994
9304,0.513348278721323
80363,0.8691208949453475
34303,0.897439868328023
90897,0.8481854264120943
6223,0.46083174953589356
30391,0.5096440406591776
32600,0.3395580618677473
22314,0.8623099714669971
46471,0.8309909219236845
62205,0.25835838171851727
9315,0.4784743083684514
88242,0.8768433701726241
16829,0.16481794278374895
10937,0.897588873521598
75185,0.8955226659048965
2126,0.35182652455056174
66867,0.440211408387505
27698,0.8986076406367213
69135,0.20736164084869435
28872,0.8888784189575917
73182,0.715488573669171
99186,0.20719611599715215
53803,0.8973533064139403
15957,0.053165545358909064
13066,0.39645540142012914
59759,0.17326708657421105
78727,0.898314738685004
87613,0.7199222081792359
97014,0.8865239759253107
15607,0.2274289721633398
95372,0.3962530849556737
13583,0.2018762080873216
21859,0.13701470954449457
37066,0.17577467495814275
20559,0.17559823035275457
28407,0.6122188692247449
22575,0.2915373768311899
587,0.11034752545886202
34019,0.6555144142085576
44046,0.17086141531909765
88009,0.8351229354079068
28935,0.82811399389802
8002,0.4456581953990484
89504,0.879950627191524
41174,0.5919029225806038
61524,0.3297839315370824
47615,0.8381514836796891
105017,0.29155732705197257
102282,0.5495312977605071
38116,0.27273152456294536
77889,0.5422229269948383
39771,0.36793829474153783
49032,0.5256267912807084
88482,0.8823293763620516
14111,0.8985111944019969
86854,0.3295602115821316
60957,0.5823249728076005
39641,0.47895389427964424
42799,0.8649798293437391
12118,0.30385087312427994
51727,0.5357894085701923
15511,0.842267010846258
98396,0.8514039779341609
82341,0.6692694221901901
59102,0.8984643163485502
9319,0.89586650844214
76311,0.24707593036480238
88119,0.12811385443826262
88687,0.5051366728474647
2030,0.6971144916333685
93612,0.12025662611796024
11548,0.8639810197270079
12642,0.8429637713357723
99898,0.19701448287570433
105337,0.5177535177326777
71373,0.871028561233467
79240,0.43752881551968203
2341,0.2443124537210375
70902,0.4979537250556522
96103,0.6376116901835971
41700,0.6764275173981756
7147,0.8486079503870965
7007,0.8903314769897688
28257,0.4990176538865752
34787,0.15461060497943677
85535,0.8300375213172474
56441,0.33303402835084694
2699,0.406552924453893
8631,0.8976300113846731
84841,0.3125489690605665
39509,0.8816666513426752
43930,0.6911087244404055
47111,0.14116746700926508
49131,0.722431177741618
90388,0.7219146123798169
94044,0.32136834333226666
9162,0.5192968911473521
82380,0.5368936624592162
9411,0.7859770655868042
98182,0.8706839695217097
90514,0.5830124664351705
31378,0.8268379280073289
45250,0.45425525997862126
9598,0.3501384747195058
97221,0.8542384976289537
81497,0.8819577927548887
98919,0.2733777317125844
27463,0.3537968551027867
5343,0.8720994408068942
17970,0.36204537015291255
67267,0.8804950157513116
2920,0.7247965989377065
69177,0.3322570028733071
78678,0.26224647446941296
624,0.7345731416150958
93344,0.7784394644556978
46833,0.8978991100394826
6484,0.3191430020079896
34094,0.3293647470809361
68673,0.28780259892316734
102049,0.5754237655015066
78665,0.7756126681049395
30774,0.5003761320356586
71388,0.6046099195107487
18098,0.29638959127670295
61249,0.3312796812003343
37708,0.19176784271379776
64796,0.4253578663015418
31522,0.3128081986351136
15285,0.34774056961723
94412,0.23132356979411234
59543,0.654478922039054
3384,0.894445229927725
37901,0.8331077083729714
4160,0.8933417812622475
92593,0.34244273921272017
36246,0.8105139707657087
95420,0.5194620978029794
100479,0.6565308733951425
79834,0.5394610936231012
50875,0.11231030030228828
87895,0.3354880305656659
30615,0.27865923876464677
59995,0.3670103440449876
96199,0.3097760795918162
13289,0.38366444646463826
29169,0.2172148806376726
36913,0.3280235279068737
25147,0.43493314209512673
61781,0.6549484120109136
22565,0.3912556624992695
7300,0.11683819980333843
24634,0.8416262188356213
79365,0.2971929113324937
16978,0.25910140791231573
29800,0.5895817721999814
41469,0.38985020749125066
77934,0.8927285419813977
69715,0.8781491611116896
2744,0.3136323614792502
18563,0.3157471614296953
96077,0.5538731900476864
23587,0.33973563235893345
10769,0.17177947822664605
75143,0.847891840705159
38952,0.835404017584898
92487,0.1599133261771728
92852,0.8321131199087788
33741,0.43709285312306684
33902,0.8833900285971176
8387,0.7278053184219122
47210,0.45974602164106526
46410,0.5484358206953241
100548,0.3183430433070955
840,0.2560313970190088
16871,0.8597513597851106
69437,0.8804696351630978
80467,0.3046275738875686
39798,0.6316562805590453
1323,0.2948685644327707
106370,0.6882071061931413
41262,0.8915216037512596
12529,0.28135339797423214
44727,0.7648169349625837
52761,0.8498274513920804
25451,0.7097899380483126
73342,0.15525715926883066
51204,0.4742273330245845
50219,0.8878161387228736
19132,0.21427569719602446
49538,0.2817062988376383
53730,0.5537976097158956
83910,0.6188641970340009
29115,0.8971842836949202
41208,0.2998706656023042
45546,0.7121508147750376
24811,0.49998053847959034
45037,0.3903982652057248
75843,0.5161828451327242
25941,0.2570774621404135
94261,0.885242480438114
19173,0.5818191467135476
48509,0.8282726374667448
93072,0.29902664319835826
58237,0.33909120724082054
74013,0.8558095967784519
75227,0.49260922790300177
74340,0.22805273484713215
52427,0.5957106472954055
76151,0.40945881916778376
47316,0.10271516907326149
55460,0.7244423719688314
97175,0.6082998648251015
38989,0.8968024609027906
10205,0.36506466731884657
82051,0.45359010711659015
35157,0.1373445180267414
3684,0.3655335257676321
62742,0.14757227217205648
74496,0.13588721353911354
75673,0.8941692334630368
15522,0.8781022383328334
13945,0.5017974802240402
1132,0.3928705568370088
35054,0.7708724876659837
21891,0.5398107641455002
28508,0.7768996280979841
99815,0.7505386709109069
22532,0.1904896403152594
58976,0.35014573942837246
16774,0.5898736835154552
98786,0.7702297439241617
46517,0.2707118460097526
17633,0.32563765022766367
11745,0.10550226956388994
84784,0.525670061911268
71139,0.2459988991502923
104770,0.8984963384972041
89719,0.8567847727416763
5742,0.6969882813192085
37390,0.5173225272738247
45416,0.44858730611816905
30994,0.7193272366780353
104066,0.7501520118363411
13560,0.8937052444825464
94239,0.8858449689677883
39032,0.6116345278695132
95684,0.8136810653432545
64663,0.358861170401977
42612,0.5481635639192963
69293,0.12247177477018183
100463,0.8681327177653934
104864,0.6588967084850573
79177,0.8977398115253432
69146,0.46092006071325453
51569,0.5076643781868988
35303,0.8954915491299413
38169,0.5014116364243331
26110,0.4677002264659826
66133,0.41811200493729894
3140,0.19415413291514616
29193,0.7911069560574003
66040,0.8976326470627326
67577,0.29013432410475115
75311,0.18290597842128736
8345,0.8986628811355077
90116,0.8984106509918918
46161,0.8800434412878813
84368,0.759557570914209
78423,0.4119350184961126
56887,0.8965155924461048
10505,0.2237558614287147
83449,0.27888925477543824
75064,0.1782593709021703
45316,0.8081548051952387
81514,0.8557962059006151
17823,0.3781375557894427
45536,0.18325859069060613
81655,0.6535925583028926
6158,0.8927007302566288
3300,0.24527028070861684
81142,0.3789148957953927
18928,0.25845811431655
61741,0.892468312613558
81049,0.22930395995444358
45626,0.6944561247866627
64241,0.33728139452469197
25516,0.8150186671823574
72170,0.195019033308777
100821,0.7039341387111209
100960,0.8911021341990181
104637,0.7822539562111502
80263,0.8119609666457182
40346,0.2655697625638227
51405,0.6031068406687352
96165,0.2760819655976874
62043,0.3722369470629177
104120,0.5056252934054584
25968,0.8856829025374443
91802,0.7797000870152833
7133,0.40187845165766684
18262,0.36210961918811674
36397,0.21542847597993195
64608,0.17384368532080424
45205,0.3505804815185144
25746,0.8978948587988738
2804,0.8937981008975485
10138,0.43873207363280314
30962,0.3317236033390784
71016,0.5077689078829337
8465,0.5111034030418665
59750,0.7010982548309317
94078,0.8325384093789576
30547,0.41156046115842126
69169,0.6383776840916019
48894,0.3879891704025036
64141,0.4356796250732228
33295,0.8696706571873115
55670,0.24546349854936855
13345,0.8977329765608133
99022,0.8625413572198064
55163,0.21125602530703436
71695,0.8967693083896399
37627,0.6631441633572337
36532,0.6991620172916135
38401,0.1896386396742346
65083,0.8591804921109102
98493,0.8553226446622113
23491,0.5894626657337187
47409,0.5148341843648172
73059,0.5102612037616916
38282,0.3366599178540175
78331,0.5139348486462801
41343,0.4418080320055019
19089,0.34370114135633645
50730,0.1686815926317457
29709,0.1650218187951624
17481,0.578861007157495
80830,0.3398765864863639
5293,0.673064181849059
22072,0.45877729288160257
70083,0.3724155452085475
82737,0.5790143307468492
84345,0.8976214225731821
58697,0.8583869347621265
39276,0.21002449359815736
39945,0.7794400849722574
33739,0.388960875877157
3954,0.26683106586897876
16658,0.23954816601747442
57750,0.4502425078248824
20077,0.608635243706942
86803,0.7617670350699084
2956,0.11627415385010399
72623,0.5484257001996151
16102,0.7807152531760255
21732,0.8189664019590243
67154,0.20663055870577285
54507,0.8487028400013527
86594,0.5216820642961522
35692,0.32864643187141923
65734,0.7681489294912824
18208,0.6481922989869096
104960,0.4522390113397946
98614,0.8024760850311224
12300,0.24824857345520088
77125,0.13297714199990712
104456,0.5020361020723444
19143,0.36808900928505106
42960,0.8210656783253469
29258,0.6539375693746801
44894,0.23893630717355374
4672,0.8932171433926556
69189,0.7473670840558946
59597,0.18625838925304447
4210,0.6102720411125239
62642,0.3303875294888463
55902,0.8935079461141784
33596,0.13343168656645032
88952,0.7863849230353307
25537,0.6643953440960657
93630,0.8984160482664979
56945,0.24400407692412313
89831,0.7738414237599033
28455,0.5635391776712857
101881,0.3952115945147519
99064,0.8703519828348264
2793,0.8905384554842068
59290,0.8819599328030666
6529,0.6597890757881009
102926,0.613934676074258
91793,0.5057601039202271
33522,0.8961346308311989
20955,0.7443936211177979
92720,0.7262273640393477
57316,0.27898504057196705
53863,0.8979378237101361
4669,0.8978242576122284
28736,0.65873461564059
49200,0.2879198184472178
66982,0.35780594546439304
96637,0.3817557535776845
41900,0.8470266724731332
81511,0.5338825229897017
88616,0.8544997889206719
9190,0.8011847891088774
34235,0.6075669030935132
27646,0.8256471157798686
39697,0.7812916228287377
58532,0.7895281674908555
28966,0.8976692435938602
35518,0.3732868218846888
103877,0.5674198653892641
30623,0.8682225825027619
86938,0.34213346006802664
65653,0.28455282352843664
88180,0.7643386377653965
62795,0.6807024096304666
4105,0.1616988172958087
78024,0.8980494122133151
32038,0.25934915463259606
53792,0.2639367189547125
55852,0.48161419944904993
57315,0.2693654162119051
9790,0.788794005991673
17167,0.7684661142294883
3719,0.7861002553778983
75499,0.2492857086974281
47165,0.7346420840007044
73307,0.17485285622822572
41648,0.894687588338521
69039,0.34895727842404584
105121,0.6441299758084611
43914,0.2566927916779209
71009,0.2939999682782135
95183,0.8674868004266457
30480,0.4032332149576686
53988,0.5116473349090833
79258,0.42261162691155807
90968,0.6108266502435615
42384,0.8696946992938489
83707,0.5073146934509357
4101,0.31473337571237286
56912,0.8972329100295953
60741,0.30923120674207794
25120,0.3347530166177092
10721,0.8980410982080201
56580,0.8783899797691124
101869,0.6464381460315582
445,0.7511756834238303
20685,0.5109161286782617
23309,0.8785856712556769
77783,0.6901527368870096
63074,0.3269337631454067
107081,0.5917451446576332
70761,0.0979189818073684
73498,0.8974215172978057
31250,0.48423069996065476
72200,0.8972722956100876
51071,0.41692678363898217
40842,0.8973006911529773
54965,0.3370242008600123
42180,0.8105947778046425
57221,0.28475754811727505
45115,0.8895211887479013
87784,0.6296368412250826
83808,0.11867664258379143
21793,0.40856369889211297
99415,0.19879379479389248
81686,0.5439949675641401
98808,0.8840679964896342
48005,0.207261393913043
59693,0.1732332154876133
22613,0.35425134288376847
10661,0.8626889483145267
93545,0.8040695603086642
36781,0.11922012586399654
49972,0.8181229051593324
100683,0.2589935258639559
79955,0.19101398496492508
83111,0.8863496061220052
14099,0.46926900835038954
85792,0.298570491573156
27385,0.3779422683297313
33173,0.897412818635835
75895,0.7978810903765428
84183,0.8980666253338581
37174,0.32473407985248626
89403,0.4609131906659242
57812,0.301958086750027
3185,0.3113786648688473
39174,0.7088652417038699
69360,0.8848853071088708
22507,0.7676944893722272
81591,0.7910377642590558
102166,0.8072129009953632
34669,0.8962613184667898
82246,0.8873927148397779
5417,0.10274252760638626
45202,0.7919725116864441
42806,0.8979894442887124
8407,0.7335504259685925
78372,0.23461957481528747
96394,0.34436050378596106
5368,0.7703193459358023
34576,0.889746823717907
4612,0.6940934779579793
89532,0.3440431606058379
86314,0.5769363792855245
95227,0.7174776599171777
77002,0.26109148203036836
86850,0.7578813527437739
83431,0.8930973048990143
8573,0.17966550631356762
83053,0.8397194608600045
92077,0.5535393330135079
66619,0.7919390408703008
2864,0.7976872971753284
93017,0.662104636230259
83756,0.24330283062792019
6958,0.7099184469821045
106099,0.4575036521013991
92752,0.11533961084476378
26016,0.8486867137525209
9794,0.8818806374738133
55053,0.5041059588709138
32697,0.8646214616909085
23931,0.5782953915948907
40261,0.781569485631774
87744,0.291116540817667
34747,0.8910827231073665
91828,0.31836439591376076
60789,0.3626288206841686
38808,0.047379263590696226
18662,0.8950264883456693
6236,0.33746494354541795
19728,0.8824572290280774
91822,0.3998601028551163
81110,0.897029536669162
47527,0.3460408593878116
90318,0.426418621950149
44876,0.26076358447291753
71809,0.6307531303708142
13625,0.11128792833321487
43644,0.3433047246052983
83971,0.778226024692017
82581,0.897594821927489
42259,0.12848178017731288
85536,0.6026294375174834
8810,0.8973866714777652
78459,0.8917526952985152
33500,0.48846715431791976
4257,0.8222931839506811
93240,0.30442345591896447
18763,0.6884761195155082
11424,0.3844763344881682
12884,0.6677617675256533
59731,0.7693142892452591
22634,0.38857916200498976
62732,0.649631748533267
82430,0.325367709529784
97227,0.49049844280199273
5764,0.39308289485725095
50370,0.47127743889779505
89427,0.18897382031102983
8497,0.2565627681516146
26922,0.8280787433010928
40011,0.2832786197454721
22981,0.41471629502200924
10271,0.5022709690139967
37880,0.8905481193333884
83457,0.7617517241883273
29979,0.37928923623250443
22629,0.8846597732921461
90503,0.2904010176403058
15109,0.6322070477992242
86748,0.20294530690677787
17755,0.6709628382435353
93089,0.25214666738763447
4336,0.6713499046561311
54923,0.46251570096434563
20668,0.1535446242602772
102335,0.8923198968724843
79895,0.22249139688930616
88203,0.18757667246286627
57553,0.3856875919174251
61759,0.1080342783524177
40449,0.42194022804060854
37942,0.8840397393995503
52407,0.6181154299528981
97596,0.32416057799085307
15372,0.16611265632951677
71980,0.5017719458239386
8007,0.8857001558940698
5142,0.6800988224257545
76923,0.42765935078052125
32475,0.14024264241975637
29178,0.7331821671431473
43300,0.8982662859383695
105217,0.897813738145039
90316,0.3265338428966033
48026,0.8986061064852173
27332,0.7472442713996457
105230,0.6821650183217163
97829,0.37392636398657747
99198,0.1595833950541702
53937,0.3535488543878412
44244,0.893170016373004
95415,0.8709378827504288
83331,0.2617926853609064
83346,0.6228467175478716
82768,0.27120101106230987
34756,0.6316214855615152
26171,0.5224366439667885
50245,0.815669225986787
42457,0.6408720536818844
50373,0.26315900566733685
28575,0.8352491688766894
91319,0.8908034088725747
68711,0.8007412434184211
25464,0.8799789335172792
101221,0.585432533203367
12830,0.8964609635067629
88138,0.249286038086922
72978,0.8980969127475422
103836,0.11919433319877634
66988,0.5233628601972325
85081,0.21276121716166913
73508,0.1327449058536521
91178,0.7554322351270482
9724,0.3872243454966615
38974,0.38956484195127034
3592,0.5730020539663663
61440,0.3063806404241438
86583,0.3800329196420423
106458,0.4517483278487438
13015,0.4204302494276911
21510,0.1532141307882016
48484,0.8913581351206157
104183,0.44881559704757934
71906,0.8612218557916922
59569,0.257214566699258
60361,0.5779460875259002
2057,0.19860419340552646
17177,0.8988348420926584
62283,0.5970834692694216
52036,0.8793033165487831
7523,0.20476587539049534
33337,0.8893065455062239
107091,0.8974331017626112
63922,0.788895711787332
54527,0.35226198360654937
52444,0.8325634183520823
20137,0.4717105451681579
38681,0.8413626500718956
97847,0.5385992906277894
84840,0.4893280744652896
55970,0.3461533521983103
41342,0.7868918254325694
59140,0.8967220401340892
66421,0.40490383594302404
8148,0.5483109131093333
104694,0.5856819141972858
40263,0.2034526093421475
31403,0.8848600341814712
58366,0.8777522672474589
13510,0.7136030636950091
10521,0.3937583763321161
62092,0.8866751150476906
4466,0.6313830309892167
55710,0.44717469546667904
62393,0.8897637041480931
29986,0.7840664331392532
41376,0.6692838125963264
49512,0.832494635433095
74880,0.8894288725328756
100373,0.8891216437207103
88792,0.24866347710600573
102491,0.6884742091916934
42734,0.2807612143940131
51057,0.2197037048339766
83560,0.8987592140683315
48485,0.5174795612311197
52786,0.7407105582801334
20893,0.5060507964136317
30127,0.8988716064981477
107087,0.8986363300980945
76504,0.23458550090126626
41143,0.1617886723192381
6901,0.7786070905388401
22673,0.311185098834105
60889,0.2190262553611099
105169,0.8882327100602225
95140,0.19323622151312753
63297,0.7325995460194442
106392,0.23775630872642758
88395,0.8800526830805409
102557,0.2652849289024162
23934,0.8471401515101504
82077,0.8898549615670787
11249,0.8974376018704954
49965,0.8137946509486353
73811,0.2802148646740928
48603,0.6345605021466538
45876,0.8903510952316315
48268,0.36949580981964486
79541,0.7691523972585466
58721,0.11400577929993365
16201,0.26210750386363363
97864,0.22384255717023016
89613,0.7770872643951137
42372,0.40937699861715243
38734,0.8838944956086203
37127,0.8985259313832322
54144,0.29824565301847317
91637,0.8529816709628736
47504,0.6360857470610628
21559,0.3268931102120587
10931,0.8322100979412823
93217,0.88017720604761
21914,0.5720214911397437
10161,0.8851130279310051
103111,0.22254295500217214
79662,0.8978776482852069
105156,0.3849110960604957
85806,0.3604184609086336
44614,0.8788197158397615
41219,0.37198480038692266
71606,0.29358184798299447
95894,0.7955223957667551
80629,0.7403575695717005
23741,0.12047962008083368
87653,0.713072740397179
51403,0.5437368313152211
87417,0.8605372618049164
100308,0.7264976936794763
35312,0.894902328732266
25292,0.7120035993779801
74924,0.49415196028193703
32872,0.8138444654356568
30911,0.5720519038624534
101341,0.25866370631864344
104179,0.4210977245246475
63203,0.14105315028460919
50326,0.769047051714842
105499,0.8711105516816103
10766,0.8144983393809572
1285,0.8687825864147676
51132,0.48975858169693703
6558,0.3390035242865711
37407,0.39829586799377825
37418,0.7185598723735968
27612,0.5711601271545639
54642,0.33161724215425753
66683,0.3557898183435311
11716,0.11251196818266512
55668,0.15353630668813384
105308,0.80908297080061
17721,0.8808777759865151
15348,0.35694807174326193
84198,0.5065459512891476
87057,0.870557841098309
43591,0.33332276460845744
82058,0.8003069542917935
103957,0.7794108123241356
71609,0.28232009441572153
71336,0.3845199276430702
3950,0.6279887608517979
95071,0.15593923136234
7367,0.7694319881466121
67381,0.29046471402520646
94939,0.46388121174211827
27144,0.17147217642230028
65879,0.30737868610493946
28707,0.8981887740351289
103783,0.22131935103140035
1633,0.3261419865231724
3921,0.898160086130136
59606,0.29701958404424983
56268,0.8359677065814517
52884,0.8708552270328151
534,0.8031472101617764
32921,0.3231420521942452
75744,0.6630449051409697
53067,0.7890610198072274
61464,0.8981881232224307
34755,0.45643098298907053
9339,0.7650223673799371
78018,0.2785099593631229
46704,0.5249836963680586
47227,0.8212502075146735
49061,0.6593393423316556
34870,0.38362964312145575
8242,0.8429506382640215
93720,0.5700425597528069
100551,0.4290592191325505
9180,0.4044270487850472
76741,0.12758437103954756
4263,0.8816166260360265
24905,0.21336176359415013
5098,0.5183946909707382
66297,0.37350496971506564
40786,0.7165657786457583
84270,0.783013583778896
47703,0.7874082010238411
98906,0.5571915174892258
51148,0.11258320319402543
81097,0.8983173276506338
7699,0.3729643342901155
25472,0.8828243089072566
25664,0.3501937805632941
64195,0.3317917740507267
78344,0.8982492252881351
97718,0.5697001209531566
37288,0.24767258007685727
3645,0.3900788243489848
48948,0.6417896661873925
72958,0.8956107038923785
16042,0.8976361234952488
71646,0.24222945133947793
85711,0.49160438518459015
100769,0.22715033113550095
65382,0.4669105392543193
73602,0.8633040704318332
4202,0.3609407788675949
22149,0.8957853943781747
40010,0.8773533861668527
27650,0.7650444026336224
100452,0.757569464537492
80137,0.39533643096955245
28510,0.2932261384350836
7165,0.33019030912040404
101807,0.38892262908634534
39464,0.15955775529670127
75805,0.31082832343789807
91920,0.3627457912956504
39745,0.8669491978168897
82288,0.4823606423038399
102738,0.7487297318179265
45685,0.49869309005344364
41576,0.8168997952858897
62792,0.29208462982037636
55996,0.8971703214785126
47448,0.7770945717552532
75224,0.13669816880916533
9998,0.7232788889947072
66460,0.21221055738716302
11277,0.13989987403312554
106840,0.5562716059103264
13405,0.3110991196855814
56969,0.33037719710441826
9838,0.49707410669309937
35955,0.555797423948616
25532,0.30552490364721974
21441,0.8301352167162913
9503,0.8964514828037573
8880,0.7212632273154173
16314,0.880091003361896
59726,0.45979609040373265
86100,0.3400644659432298
82970,0.4056543519628615
39111,0.1757170673043323
87080,0.7904571987940207
76817,0.8886009484579372
43078,0.3836668808117788
67620,0.27711871451508757
24319,0.2881295031227027
79643,0.1841632349462382
73709,0.3617208865827239
95459,0.8977495040977249
96430,0.6827141475082759
16801,0.870941511601963
46047,0.8871429115848917
55978,0.11006642642147463
27843,0.8561636525575754
34122,0.16158901202752898
43576,0.5203275194512557
83429,0.28116157355370197
1778,0.3912071081985692
67745,0.893191227939581
21855,0.4197357816715618
61740,0.7851165494830795
103793,0.6288306098399079
15920,0.31365282062713357
67490,0.28822394330534595
15756,0.8882855085599102
916,0.11197090677315243
69333,0.8551547863283031
157,0.43316221727248005
56053,0.24592053251803617
96323,0.1901368628868947
35005,0.4570128221594058
12926,0.4160408329389029
42523,0.673760047061838
78491,0.37500196952307074
36954,0.8112177446924038
20095,0.5456579945917269
27457,0.8765843231209005
37067,0.2777969293454915
98125,0.8317636947596653
98454,0.8801779249656262
1655,0.18345480941911815
53739,0.3392363986477059
37825,0.7998175997400477
77336,0.7164698539322638
84582,0.4270659881159822
67061,0.2625626145338666
3584,0.2347630793875089
90723,0.6214523802044194
65421,0.784911605511775
84127,0.4138112881887415
75622,0.3306239559010393
42404,0.5013426116204047
79522,0.8186350731108746
72976,0.8941249976270693
14077,0.7102251219337954
93324,0.3064590779709919
62303,0.810387349789475
74728,0.2778223946608688
73053,0.8431178196645448
18672,0.7327823291550354
107162,0.6504681368037941
68611,0.423104199446384
97984,0.4769243447509431
64440,0.8639887973578417
106360,0.8455122934734357
12252,0.5075522686939632
68088,0.5583328130569807
59223,0.7588547779342364
7341,0.36499156156113755
52311,0.804128124153996
92580,0.12155204302953648
15850,0.3842857427316315
47112,0.5317999482577496
17840,0.5028080556428902
63433,0.40379329334627434
30976,0.30066030293120655
59214,0.5300756937519988
11767,0.2293642695835507
2569,0.609539924184049
34246,0.21725083970537898
68725,0.6678813252922968
38118,0.8983198496682229
28619,0.8372403606102667
28721,0.6136204412786803
56811,0.315673758567323
32609,0.4866776218390011
98733,0.8707944641173865
60450,0.8985112070903625
42416,0.6328078777777253
63694,0.11978636434184603
70553,0.13226018253784885
22850,0.8538869850553141
48756,0.5057093194454919
57246,0.21430509007114126
104854,0.3750709837584466
100932,0.898668050762661
1125,0.26522791007017144
39762,0.8281311868405588
52919,0.8370206440437078
29817,0.4285847530864739
101696,0.744475953856314
5808,0.23500750472270798
67597,0.7773482795689904
104055,0.8973030211051795
46600,0.2954366128622872
97440,0.44218836680885454
58768,0.7719417289412592
35074,0.2928785620776987
99450,0.6199882053833865
68486,0.3196644221322993
33665,0.5063108518217102
52918,0.8566002394549305
90284,0.2469715759088545
101159,0.23706881771205515
135,0.891223228398415
38045,0.5141335634644055
56648,0.1428547662973162
36159,0.15287035134758464
64225,0.3076255207759989
92833,0.2834440963373056
4591,0.8978319318091403
33095,0.712987978689132
83857,0.7551878120994115
103262,0.64004673727658
96494,0.808014833483196
28081,0.507726534987512
56014,0.36424902661897457
68780,0.7342369666080748
61532,0.8901400463296644
72605,0.18038733862590042
69316,0.880820581809942
93904,0.8589107438089882
2934,0.8527999099972974
1878,0.8800575422499757
85705,0.4783409910097577
91577,0.5726764240010889
7250,0.7224113608956
48804,0.8209862545928167
95013,0.8979860921969017
50457,0.301434760079103
46414,0.6723650871309871
3284,0.8975637964897647
71376,0.7915241004624803
44493,0.1409396439418396
81588,0.151679629870549
8994,0.5849056945807447
17124,0.6370221549771861
55422,0.46272470635604096
11562,0.8114408534022293
12086,0.8971930505725403
80526,0.24680683672557224
40115,0.4409021598778575
102586,0.6483022752845371
53343,0.20143428383862005
70382,0.10734061825676448
22615,0.6482422872086062
42924,0.42716453902068063
86601,0.16600234052235321
40393,0.8981555163162911
102281,0.7905940579314124
44481,0.10573732206974137
101276,0.8942978614161622
23296,0.897306686247243
17649,0.3460310640686647
67509,0.8925251718862244
32363,0.2654717274798032
89440,0.8933704892130667
91099,0.8948394418378701
80637,0.21531427630881
85526,0.8976647122274272
82456,0.3183851923561456
84242,0.34671499031213315
16361,0.38923067219821644
102119,0.6732971970506086
68479,0.8812751450280715
67209,0.8986308308159697
18542,0.36088460883330276
92854,0.8752050999321529
93243,0.364962237724373
91451,0.3189077780373617
5295,0.1503293920890813
60797,0.6948029961226576
38001,0.8983811075878839
94119,0.6870096654017436
57684,0.8641963851975313
73427,0.7527315230988146
65312,0.4056510170677974
79589,0.3224832580204437
56257,0.3464778806390376
103145,0.24895685053083616
56980,0.21321514041162964
15829,0.8376110083664527
6905,0.154787473202375
57594,0.43380730545166507
63118,0.6850102057516952
10383,0.8637218277381791
50890,0.33516035435871416
73451,0.8807927159376725
75946,0.8976438396461524
15132,0.8264239660214533
10636,0.7456614822684856
70920,0.8978940440737748
29213,0.3518841365004446
92386,0.2901229392903832
76339,0.29511782855185453
76246,0.47821547605026754
99785,0.18671853421734924
89465,0.8976548215809445
55918,0.898584829260365
45899,0.17948571719559192
39400,0.37878476356698654
17310,0.8879414116878964
31284,0.8895985362066442
55262,0.33421640406635467
40292,0.3051583069535021
10063,0.19217124238385824
96989,0.4242392148584622
69908,0.12019693981142583
27525,0.6757021741587528
23382,0.7022479853733294
22213,0.2678329523846093
75722,0.49165057430925785
100231,0.49845758562300085
43606,0.414457016600455
697,0.810865837714684
18823,0.8958321467563635
94353,0.6861316644171942
14417,0.553685318761309
87023,0.8938571235918481
20149,0.3016280983865992
42557,0.4997094047672314
68970,0.8981512470205735
63926,0.7275624991503327
88152,0.12777909983639713
12998,0.22731277950078704
57911,0.8950631648282688
94631,0.8911189332521221
14833,0.752453440358129
69160,0.43534743409911086
26277,0.41960829774995223
10398,0.7866231619831336
106582,0.8467542029167291
51161,0.8430618547085059
11660,0.12896462220796867
84105,0.503540302228747
44266,0.7497480908739375
20714,0.3564919684126061
40284,0.5653557795060942
29765,0.7301974206209728
21739,0.5990293776136836
57896,0.7337656960532624
98889,0.8811039646008663
21034,0.1638074035580908
93075,0.11056260755379578
39388,0.40923726330498744
34445,0.28942762376608056
89148,0.25849110634539724
100822,0.8969233986033275
87616,0.8939143966869663
43267,0.5332222415868544
77726,0.714632357371163
74819,0.5729064317639271
34091,0.1809758563287994
36160,0.8874831506854148
16567,0.7913589213386534
36427,0.8969101711751264
89343,0.7723289113795012
5236,0.6623576368920698
19656,0.6479655609301648
17120,0.2580221704800524
78119,0.8155259101223911
67326,0.43551380160472464
56988,0.10432054447472677
42774,0.2854677615728491
4252,0.5188574424120526
45036,0.4179827254533439
93503,0.33475432806466116
36503,0.8959751665859269
6668,0.894350041828573
56927,0.5503868787750769
91031,0.14701820561706025
38040,0.24996942695852126
8788,0.41658045887795575
44341,0.8905194046662178
30446,0.7001327565436977
22399,0.4320458870340222
19626,0.6219452859213986
57714,0.8674352462116335
106679,0.5396742473463209
101317,0.40339923693817
11638,0.3299031017430589
80259,0.30302949548962893
43094,0.8571677729035061
97482,0.8103538890934275
97261,0.89739642602867
56527,0.5183827027168642
66716,0.1590529217722471
75174,0.694654796714014
80517,0.17464690204682087
96147,0.8946855940632594
73544,0.24234643254888294
101381,0.8863830684366876
5786,0.12131567876934105
11843,0.5701864505775186
13605,0.8685527814614474
15923,0.6708072099573259
78457,0.19930466767688482
89640,0.5327625061023534
61076,0.43091621978910927
65399,0.8848791353864123
21070,0.23422745649175214
13288,0.585999475781227
92767,0.3296904962937475
88463,0.2469686843059839
5771,0.3944682398609807
52482,0.3135042911081377
52211,0.11949345322149031
35699,0.33064133215559394
82819,0.656039129180466
58323,0.8367627564876204
79455,0.750821256150279
101021,0.2236183085274428
101900,0.3778559899224698
100855,0.2124716515114926
48913,0.3263665341430515
8422,0.3275484478938551
21591,0.39905307080700997
68410,0.8890621459323044
82562,0.6059091709734693
20162,0.8911758209849838
35733,0.8953906713177904
83896,0.2776004283624169
79445,0.8367165609020321
87804,0.1885645467290602
17189,0.11707427303449773
23028,0.21326470033631278
14654,0.6715090390138607
43912,0.7916489560088797
105665,0.4010599029611837
81324,0.6716778396187768
37554,0.2938079996555694
65714,0.1695214937672468
80642,0.6184085704361472
24924,0.8789307732954791
104113,0.4969257597118083
97902,0.4637305539855965
32324,0.132690796526663
46628,0.3479835577380881
22477,0.13946368071185317
26253,0.21488236302481784
59764,0.10736470797742556
74929,0.5713316120063495
62838,0.7885945427409138
41245,0.851792254179115
106914,0.24106496356851032
38662,0.8974119710617469
83189,0.25415039525452293
77736,0.3503960391337274
60421,0.8927461969308719
12258,0.6369147980873885
47169,0.7938767888659743
56070,0.12198150728294811
99194,0.44316210580632487
104296,0.33704982427642927
90967,0.7511471668051982
50117,0.4777301799969386
4203,0.27558382261385916
44757,0.797642334863089
78023,0.8944058009395918
100320,0.2160596347598203
40426,0.35910875309732937
40344,0.7287262489500261
20063,0.36953004021504127
94130,0.757138475919319
34724,0.25616684370405296
100774,0.23700187200631687
2965,0.6352174712808015
71324,0.8820929937341329
46590,0.3484578593737824
17034,0.4979534640956151
14757,0.27233584671297895
72404,0.5727370980910836
26576,0.7143770323107542
17312,0.15686591722559326
95378,0.7065286029279543
77843,0.811149659704694
88236,0.12481142488905936
15364,0.4142874581830869
104748,0.7772617542831594
20900,0.2632852986359545
93581,0.8763861985857346
71,0.8494103364969746
80931,0.6840318917413863
40609,0.8717021315825337
93206,0.3045128232104458
94585,0.6028838061767503
41345,0.7910678277043681
93711,0.8894164311104297
3892,0.306271494747275
29616,0.8952423920992533
39536,0.23733050096581776
9635,0.7269879075139758
26716,0.3148329029376318
96815,0.618740372254345
37465,0.2949042492846128
64776,0.40352855665329057
55191,0.7261999721135062
49384,0.5138040258548544
98150,0.8482383270399991
5983,0.8954808140428887
55979,0.20784405444859896
54609,0.2587601490667077
32907,0.6402441027318805
90159,0.8574461731545902
81811,0.3243897085793484
7903,0.26578728344731756
82655,0.42980840832327327
28323,0.8713230885404177
100157,0.3510080145241971
14820,0.31851579418021625
68270,0.5689581506245116
29311,0.550321462018376
24196,0.3995071032473175
38767,0.8976512048104657
5309,0.2194782165573057
24604,0.8613098084898918
15359,0.5944821070736082
25016,0.35056011937234244
34009,0.8931266915465107
59027,0.8004212999265075
31696,0.7212089227672013
69253,0.8619495659101706
74784,0.10341054387522652
77584,0.8366008494424473
16787,0.24557502545422877
42800,0.11567121060204404
86632,0.6012371318439687
3360,0.25453811536966287
74757,0.41022168538589043
105540,0.610108076481055
59718,0.6467766903775171
1718,0.8732730550646537
31278,0.8982861959142643
21179,0.5658731935924577
90986,0.7894867385310936
47055,0.40508954167266364
100970,0.7657884695798269
88689,0.4467390859985182
25021,0.5478552984099395
42462,0.6305011834380139
47329,0.513477013537992
5460,0.8954745348097454
21478,0.7486777136797523
21844,0.7702940602348367
77282,0.3616754330582125
66671,0.8858478984329166
56501,0.8829527898090163
60408,0.6077861596759521
37442,0.6949206445064291
65504,0.6418649495319233
94680,0.48137209053398655
25638,0.8444049282039727
26857,0.30312319229700635
30161,0.673087025970761
19249,0.6309028783083845
19272,0.8715545248484318
101223,0.45862699053946154
25996,0.13886610551293022
74216,0.39543119734222176
7180,0.5559490909773221
68770,0.8479363019871025
6169,0.897210199136665
78728,0.21127161091560115
8912,0.400814273102001
44692,0.6996505255885901
5796,0.16843719346243546
96444,0.5410085140877037
22025,0.28147804758851
67542,0.897101074332936
39829,0.8342921530522818
63480,0.2932950907877781
24746,0.5160704958174425
8869,0.8964650782432613
28270,0.732188767479734
17620,0.6003601329133661
63764,0.3833334657259777
63645,0.15468871408727708
94642,0.719910241947705
76334,0.13520780813411343
75870,0.1920393016650606
34423,0.3472182944381657
39206,0.5649157079629668
52695,0.6607083770635976
44667,0.707882572682802
93087,0.6118230630407939
82078,0.2787150384632576
38856,0.6417570533514734
44589,0.8860604304415653
54968,0.304827514087325
53493,0.2701106662271586
94457,0.31509324022706964
20758,0.8709520120009928
76530,0.6278822838956294
97913,0.7787538475665672
107013,0.22769099456536007
82356,0.38376242598672516
21399,0.8702570723216609
58494,0.6654700158395317
37976,0.3582839387595444
61479,0.5555169122834032
2431,0.8707923904681095
62209,0.505635038841428
15426,0.2918482316434779
94139,0.4879364453760236
13017,0.8976987617343408
82215,0.8947727203089868
56462,0.11057859030575405
33241,0.21693156471896485
47577,0.3750697209275071
82529,0.7551826140272597
51906,0.7742202050006826
90797,0.5315613802191723
98464,0.6725917314861899
38836,0.8984982884447378
82556,0.1148841845625241
54209,0.896875545319754
71204,0.8193378356839899
89986,0.877274084392407
9441,0.024280885389933924
2382,0.7071666997549451
97624,0.8846642577731673
64522,0.11821097044374625
62720,0.38319440145446504
63260,0.8946462979270605
46366,0.5760019352556285
20018,0.8930535260183965
95759,0.834431704276328
41475,0.8870528330277507
22357,0.8570000339125674
27428,0.7205453600406372
27990,0.19418709518197297
54772,0.8946946813634279
24712,0.39647841801806866
7205,0.4210323818678588
12194,0.7693971962852534
100588,0.5789098389558898
66999,0.8967862946749356
47513,0.30268379218212876
103881,0.4598635051004245
92995,0.8704980786193738
63769,0.8907481457438798
36527,0.15169350802548842
93808,0.34334021152330824
13250,0.8973102137752329
74570,0.46165053201176276
76458,0.8812199787376118
79467,0.4385733026741516
60931,0.890479680888342
28392,0.48137780266634944
2066,0.5717690916521659
82596,0.882638029357429
92902,0.8610533487414511
79623,0.8861725742127258
76197,0.6809027573791524
62060,0.5842799186572838
19675,0.7501498011847479
85056,0.8952301318773226
76790,0.761978185639476
89036,0.8367375643550907
105060,0.6700872862686443
87598,0.6287564169643245
8811,0.36808363605245126
65186,0.8567762280904794
96504,0.26726356501306303
51370,0.4963157109816626
20954,0.35562852528600564
14384,0.610002985854699
75075,0.8985507093192613
105486,0.7639518175959986
58219,0.6405496969473014
90856,0.853045760741674
38246,0.46134898153584997
13794,0.18246923407001364
45460,0.2428950395713562
38350,0.8980267397335285
51286,0.3885620603156674
69129,0.14122149812622292
62307,0.875258654940875
25937,0.842005691173223
96685,0.6175684953605337
88296,0.44821101471046654
23100,0.8459131544726566
63373,0.83051213255429
30548,0.3321885558629215
57481,0.6608691161822109
75015,0.8182814930200989
28009,0.2917362239300397
65271,0.6486024638249109
30923,0.8436790828713573
38234,0.23350201261552064
98658,0.3209392412119336
36138,0.3967858592482791
71234,0.6738651400903691
36834,0.36374243853459837
18327,0.22809340698084196
73897,0.6767968571988892
98523,0.879457870504673
44093,0.5623640767570663
78230,0.4131077070646514
29537,0.8958538045385185
96994,0.5989461854722522
61463,0.25863544160070584
47503,0.8483055003751337
84628,0.1498220309502869
33697,0.32759362240237033
7664,0.8970451025199891
102577,0.8208056474056008
57598,0.49821596469665413
101337,0.5231429040763653
44242,0.8532624716029706
40509,0.8963424844837005
106230,0.711746716983638
94979,0.8811500002974082
39277,0.8190401183479527
1103,0.26727619053382223
52694,0.14745881611460437
98301,0.7571416396783561
45047,0.44913847825798525
92421,0.46466357608075587
63527,0.8979109048842991
99354,0.8926373497575509
24653,0.11255295922426908
3650,0.8945924849525366
92368,0.8668267689453975
31691,0.10726740154301805
99264,0.8959661874358594
70625,0.891949843501781
59442,0.33816224235190706
36904,0.8951363793826655
76594,0.3781016504349959
51094,0.4250407543140107
54796,0.3981991473294681
16359,0.8967526153725734
43475,0.6049881202292224
14904,0.661874680571888
18225,0.6317029177273326
21746,0.8957237531006037
91365,0.33712509794584794
49509,0.877467964025754
6862,0.8952381035478372
32973,0.7509111211684089
31736,0.6016832551376368
70198,0.5967621172804606
96185,0.18787713480152135
68163,0.8138078242036734
62480,0.7344151173623822
9796,0.7820963328522061
58856,0.696764327228131
98594,0.6519644220022338
48215,0.8297854163416105
41876,0.8881717946732386
55372,0.5687470204957179
53819,0.5053342112842439
40964,0.3481612835363616
39785,0.8964094623467882
84252,0.45946756859231097
24881,0.569172903211756
59551,0.8776859568336149
94934,0.8971735905452598
73316,0.31189421958272456
38688,0.6213074208702489
84428,0.8978268065955362
24959,0.17454923867841954
52262,0.260396301493131
7973,0.8909269231924087
4535,0.86684349744585
57248,0.6090847556452841
51268,0.5386447897388632
35606,0.2978430356948948
24109,0.6811416208075141
38380,0.1999590842413785
21466,0.8111861451431492
46404,0.2263570689633757
7629,0.44616499420604383
104026,0.8676172907819535
98556,0.3704748442599329
13492,0.15799593659460726
70499,0.8929998804076689
19664,0.8198853867232576
17732,0.5120520288002709
57639,0.5082891360669559
23925,0.8908914653102574
67036,0.21530796955171172
63907,0.4045722225249414
47528,0.8125285427223254
56591,0.4667872432455884
90598,0.21453996134205647
23272,0.15040527744555884
105984,0.8530931211361807
39878,0.5550357447366172
90430,0.34039218884776484
25496,0.17724745833238642
54257,0.13437373315107204
73962,0.8929858686621479
55229,0.8979424225427007
92703,0.8936347263535527
88087,0.4683382853343597
66877,0.28468963968341754
40634,0.5981962530305789
44284,0.7498494033367018
60860,0.5185046860627284
51419,0.8990290741754172
7202,0.4966644789328566
31373,0.8909394400224755
19159,0.4590611285553247
56830,0.35572807247243066
4651,0.8920638449528938
32591,0.29965767471499116
66858,0.7175096881812509
104887,0.4043875337896944
21724,0.7903677739803864
2300,0.3223786389890235
87101,0.6786428009038252
63342,0.8729172616790767
60131,0.16152988241854083
41712,0.8966702749682542
67422,0.3274819689494668
41436,0.3807375771377698
96764,0.2933607342119685
22425,0.15048216279793286
14074,0.5225346657804025
40157,0.8906731320341983
79972,0.4599105675994923
73049,0.39991480241008187
21087,0.8959365170601943
15123,0.8953754722963503
62453,0.8934976476018075
11463,0.7322532051255807
20470,0.34097517683891626
14846,0.8635398804733013
84401,0.20589190290551002
55485,0.17770791880608577
58853,0.35183142430045616
76432,0.3358046740368962
11042,0.5016251216375324
21945,0.4763445618373752
66300,0.894961757239934
99439,0.4581080829792093
103587,0.7215738235114918
25155,0.7163122532906452
55318,0.762406766495668
552,0.2710489735933006
13676,0.8961906162603923
8550,0.6499140005239535
69830,0.8945113536135277
17051,0.32612805502266234
67049,0.648622702628194
17302,0.8726377114968
60304,0.8954276061601322
37252,0.2617893881085986
68955,0.6125183700161755
22759,0.26657265192763824
101744,0.6677602782842941
88006,0.2622581445575034
84681,0.891791385750131
40573,0.8806335942227487
38144,0.7187244413318828
99086,0.8952482846745606
62729,0.8988356639920962
43599,0.26637377768055703
43628,0.19036680731147163
4299,0.7027106496592306
57146,0.8051837075985381
104464,0.2354544777510788
17001,0.7561676873591491
50131,0.7160252424134474
20091,0.40553118454807296
40732,0.8410702659056147
52880,0.3652514351305786
60414,0.7594313666728002
104612,0.21317149727581164
46476,0.11369047384189901
100335,0.41262459296521536
66799,0.2279846560371039
56503,0.8383369886887623
31616,0.7868682587589593
10889,0.8776653888975561
88749,0.29463107751132345
8157,0.8868518631931896
51234,0.3353945740600368
452,0.35770392183130434
102601,0.5609967650373509
58299,0.5202612575215181
71493,0.2997196913709239
28453,0.5000706294508398
86185,0.8895472695407042
77641,0.35155475979107614
83232,0.7328643230759782
6003,0.5761670155341307
30076,0.5806322568452252
100000,0.8281271759554911
65002,0.43536490208192674
105207,0.12949976597463772
36824,0.5206990856020866
1634,0.7380922908893089
105978,0.23790694832185813
60831,0.881785953352426
31530,0.8272994239850544
8745,0.8974633208164299
52151,0.33619602938810744
23481,0.8829227206993605
100706,0.19536401480938928
31785,0.5015675721994834
73638,0.8190299094302094
30514,0.39613365324393157
95942,0.883867031422036
101397,0.25662576890734323
29352,0.6754469927694456
78898,0.4807596230451301
72271,0.8735593577331171
21124,0.8951017139390666
73922,0.6911314229638783
17687,0.6365872254384254
20103,0.505618600712937
42805,0.40218016972336
70994,0.8233095411176345
35768,0.7752803488240521
94034,0.2679378816196171
22971,0.18410152807432864
72373,0.5563465398463683
105008,0.5227261692480263
64388,0.8696571197052669
27709,0.6843533068035932
63655,0.8976715450641769
62981,0.5921294131117658
57133,0.6585520099191339
80257,0.8823784192440964
52226,0.897399365481096
30023,0.8104372663615758
60731,0.8883386651270142
105408,0.7244013458436078
37988,0.2768539034735704
12743,0.8226440945666562
104293,0.722946311314234
86318,0.8068646303972336
13853,0.8880996301483878
71228,0.7433284861009561
61309,0.7671063326951592
2561,0.8020918172800124
88497,0.8713862011765589
47812,0.5950943587112527
49097,0.8387603155335401
56769,0.8892291798679732
1636,0.4017914397619942
43807,0.1736551510750546
71529,0.12713582850691485
17792,0.8781519690323041
29051,0.8839179718580003
16886,0.7687912771802008
93546,0.17759627563347322
100085,0.5793898693488282
57120,0.3120718644248265
9226,0.25078447567419226
40121,0.4097819944321789
39123,0.8972356220223027
5065,0.5289062080824598
39749,0.8967905605652073
44240,0.8921124649835055
15753,0.8745273994616809
102695,0.3958380719272698
96922,0.19379244563400164
84376,0.8679661846074009
6971,0.7899118037736917
69532,0.8948055585031718
21552,0.7796187154317809
96626,0.39762917631995587
68507,0.25847359579601104
91522,0.8080101554823259
58877,0.36380138060112416
12209,0.8964176178264507
14153,0.8987570593425274
87985,0.8820872012917543
12308,0.8933163067982651
80234,0.3298063523136474
89301,0.89767060804872
31424,0.7042301683188876
75706,0.8637236076652932
17126,0.7374362297541273
48742,0.8970291417419833
91497,0.606649897007151
68297,0.5751384866013741
95310,0.8870783023271234
26060,0.24617483455116704
70451,0.5396302661879082
798,0.8398052573572451
93850,0.11034356662320018
25018,0.278534230030008
22400,0.8976616161460433
22174,0.41042189682105734
13391,0.7191568768943846
54791,0.8899783704186305
2642,0.11371966068842432
67213,0.885163508678938
27889,0.2225191325782525
87372,0.8966217953851332
100776,0.6135343194264773
39723,0.3027509560000457
103809,0.5059895431096015
51725,0.8671622409867377
67129,0.6436819395541986
87060,0.8027020467703452
96530,0.5112338085935979
40302,0.8936006536757664
24038,0.2944688954517719
34258,0.4294820864275664
106629,0.8963533886351529
15543,0.10835837582693753
87383,0.253885165592829
1015,0.568062837535203
97485,0.7951666540207518
67644,0.45023232781847256
66203,0.8958134171493077
84154,0.896269654054852
24414,0.01220854884460602
56141,0.2806723202204411
75383,0.5395119881677812
53768,0.29685317359048513
28929,0.7386806522319589
23852,0.15508131980377615
1297,0.41463562692719663
73347,0.3148228478882845
52950,0.3075869973336817
10811,0.1327886702573967
58896,0.8985654531826534
68070,0.6892025432141966
64562,0.1286402950565524
102229,0.544816892688377
100812,0.581927742747434
49250,0.8203028516837055
13035,0.6808567800939183
45861,0.48539012804091886
43825,0.3497312452639896
79567,0.4462809779945718
21486,0.43617793016220757
3324,0.22953284809147406
107164,0.4321743821852997
26780,0.7807906738207792
77676,0.27005108460218685
56804,0.8977716793609456
77658,0.2906633796618682
73143,0.7465783752980053
96275,0.3201516924378943
41414,0.2961752524890049
48807,0.8984932607930284
69427,0.8503735736797935
139,0.6057180153458269
37206,0.5343204939092854
30436,0.8986967951278294
17017,0.18586226383086388
23718,0.23349142112399407
55378,0.5570544844478376
4892,0.0208922865388547
16589,0.1912206492926128
18204,0.18534349414389256
8205,0.3458559550526157
56744,0.5613286497932667
8053,0.18296711588366377
85850,0.37643161468621006
17765,0.868189076036802
65323,0.8804751274505265
38352,0.896830568175845
22841,0.5417711634874287
79699,0.8887657580751445
14831,0.4139509304736087
28240,0.4749576051933295
12536,0.8301873863961362
44152,0.6287718362133647
66864,0.5000122957443072
49004,0.8708443897572898
105381,0.8951527267373122
85548,0.8959575314955164
36613,0.8983718610717422
86481,0.7620438633811186
10075,0.33826582143630757
54197,0.7736182041678181
70970,0.45975607506103205
55435,0.6296459626396721
83324,0.29426432773801114
66816,0.4068680450989775
48267,0.42617426565744637
36636,0.8838022963775715
72138,0.8537985242112283
57278,0.3894656313749646
71659,0.5024276606865591
102210,0.8858058472872018
39170,0.5729214866447976
10423,0.8104990086867089
1630,0.4787863222399284
52409,0.29819464504961957
74633,0.23369707905597195
23859,0.18289315409919
94716,0.49962354224090216
70644,0.42032750153540116
74105,0.38364657179103284
106755,0.5625776107618247
42476,0.2872067884984444
27598,0.2063410185319703
38586,0.4605635364768571
45556,0.8941819667983941
62264,0.2622665032657551
10318,0.822367467364752
78770,0.8707317218821491
80509,0.6221702334313383
58271,0.8800714397952709
74134,0.8966384087421577
99903,0.5015061112907145
82988,0.41811788410427814
95205,0.5300428412587628
95741,0.12753966565106123
80661,0.6247706796328834
94682,0.3850136555015812
56607,0.29157396076764586
92900,0.741473196014299
96137,0.4214030260333224
94344,0.8447920975517983
27722,0.897882813068473
80310,0.8913724505692128
922,0.3041930868681859
25571,0.5508043015924124
58516,0.8982357386407158
106511,0.1848128910920333
52788,0.35138907775297706
105406,0.7375924273111815
88057,0.8822293199814661
29097,0.16343792564269155
34909,0.8973306639191523
75042,0.2984450995192782
11886,0.8868372526363764
89965,0.8841399790427821
48375,0.8348649559893089
96484,0.7375520252881607
70676,0.7759173517839282
83287,0.7278893916165053
102033,0.8977872270070418
1765,0.8379417024463552
96066,0.8980571238308475
89316,0.5891700898372642
626,0.8381754916252625
60314,0.7495155794884487
85348,0.5109868931442029
29251,0.2969898547574191
48886,0.805736300371504
57687,0.22353725005854383
31118,0.172422450984455
28689,0.30506154773626126
92961,0.5042467506651943
16310,0.42720239635042206
44436,0.17757930824917612
70378,0.8035245468328209
39568,0.5386432507553264
27441,0.8914976144137524
28939,0.27511575783671194
43110,0.5534533026356716
9082,0.7883190612270001
104837,0.49099948678343225
75890,0.6845419036792698
3688,0.5759798830927083
53825,0.20259384492947163
62324,0.8267587641106308
103507,0.3221046965004155
106541,0.44102299981816306
97431,0.40287749580426235
93525,0.8973794244542476
55075,0.8488585094054055
98795,0.5824467208520534
71928,0.8114397233340342
58959,0.7318029526043246
68242,0.11172448460063292
94908,0.4543148781544839
3244,0.12872140547881644
103068,0.5304835603260478
2925,0.5023822565082828
34196,0.7238054961394643
91161,0.16021302260493486
94596,0.8835578522512316
78960,0.7375643444923383
55380,0.31665750073467747
33881,0.461191887423995
71565,0.8892570313648779
11832,0.3105290514331802
85390,0.49563522334742227
50684,0.4894431354899733
99934,0.8127426006678613
77377,0.297821728748016
76935,0.7737501260760947
104175,0.3105792860853805
12528,0.5868977001980877
75265,0.6800301504256914
95712,0.7459281133040647
65433,0.3950014295068954
10431,0.4027804301504813
51297,0.7894998770512399
90393,0.2493930995918494
487,0.11862223910101824
104511,0.23596122347348514
89320,0.8894966615888271
46443,0.415275289648979
93423,0.67833920596046
38846,0.7159149106004808
44979,0.43769826369570486
73142,0.8498546920987662
69730,0.41348940087205405
6899,0.4726980894546118
78210,0.3248507124407009
69950,0.30704735442106934
45936,0.8593171447809621
105329,0.45530913381620314
106726,0.8447222067310477
69820,0.34144523224480794
87051,0.8895930326173852
7554,0.4736367703895581
88367,0.34521983884991714
36258,0.8984818771664637
24848,0.2943778014437605
25340,0.5156285321390542
76019,0.7407867169780482
49687,0.454897131897448
103964,0.760640938630756
24116,0.6024565955001968
89840,0.34365652054863766
55265,0.6053835978210408
21513,0.8844827487147985
14011,0.5558092621759698
74797,0.2925299872627957
106509,0.8229179961030927
31239,0.7128191907588464
77948,0.8260859649525698
31083,0.8971950108475593
71017,0.41002823971364355
58123,0.89663211663292
86986,0.29401399349572455
90834,0.8423481165959635
28049,0.8973967551246084
23547,0.8987799331332066
101750,0.29636308780462245
79995,0.6410853269138858
69207,0.8808685669797836
30465,0.5028082198915224
60786,0.7606990554953456
84190,0.11422774084917273
14807,0.4057499522859576
90045,0.39064758603620253
38429,0.8853213308042929
14622,0.49278148918686837
44434,0.6207961098879551
64333,0.5845902162200933
95306,0.6633978444200702
26137,0.43035848265122817
76680,0.8932955274353795
27861,0.6026447851143033
76113,0.87206042872421
99383,0.1069569637519985
67210,0.8832086249979421
106836,0.6949923190081624
83887,0.5228009995137982
92123,0.4117881845563383
12806,0.8905766175423252
49958,0.7784220208567763
41165,0.8982653347774339
102918,0.8600655595444411
59475,0.26978233182575806
55272,0.5383228800337784
45885,0.3289984084733225
8720,0.7245802431225892
22847,0.3540931552952564
18951,0.36664714522908015
76600,0.21032343039367823
70407,0.5123025199109418
80197,0.46751970381737545
89087,0.2945630934438752
38945,0.33068346697313816
48070,0.6777961649982018
80022,0.8978814998071252
101121,0.7604444494508027
50475,0.871511648524587
20313,0.8454660440776272
103960,0.8504809039985749
98087,0.8973608888950799
85487,0.7789775501173457
50001,0.10696437755627902
91222,0.6787347307117695
63071,0.20980390564487564
42397,0.3240933640996989
45032,0.3874418739541122
37891,0.8852489851704137
3642,0.7404803987312899
32947,0.35600710957296566
37430,0.884435481052652
76430,0.8845664201563248
39591,0.19971382192466985
66009,0.7269041287295719
45415,0.3303777105180592
70006,0.5916163215255732
57592,0.508773842215124
1712,0.4850280066578583
4496,0.4254269680478635
72693,0.6779048802626504
62701,0.258127121898325
94551,0.15138636740978137
54202,0.6957104343962377
1309,0.784472695453817
84751,0.7845413120368268
71737,0.42115305639228146
31353,0.438735606042963
27296,0.8617585871770395
32193,0.8976380531478244
72367,0.8929610898289501
13260,0.5265905184161207
75259,0.5329966502832374
1628,0.7245753092626271
35217,0.8875850431034567
5328,0.30449907015598765
10568,0.742798434830198
79074,0.568722028163888
17025,0.8836836674509427
99638,0.47706333326793976
67734,0.7898640992061006
22777,0.8011952605129882
85719,0.8297086278715867
7506,0.4963568968394623
86728,0.42318623925613
73467,0.8970819967698439
67086,0.3764575473231151
3107,0.8969918421531216
46597,0.8555805043765066
10922,0.5385429430749906
67556,0.10945580838903429
7441,0.8163994608923897
31089,0.8697972642593309
61601,0.8908779971898755
14847,0.2125218930393004
35697,0.8281247108737283
64197,0.30184660906352934
46963,0.14001493459239508
41147,0.14753850157106987
13811,0.8109817696068824
68928,0.8971179781975722
35308,0.3192545259417306
94983,0.8123763128458409
74508,0.5924362980243532
44931,0.8575116861797548
30960,0.5017567658795438
91080,0.24310213586086515
49216,0.550329511553526
34340,0.7449889105365587
75536,0.8976820162573502
76424,0.6870557106246613
105797,0.8029906668888828
76336,0.2759524666062326
34164,0.5043173710846484
91149,0.38225533795410005
7162,0.3513139077091451
18604,0.12542252472403198
83905,0.20441049390982075
44615,0.25526055183810176
92168,0.8963213637512877
5462,0.302157865341267
85219,0.10588749170328432
26937,0.8982040429034583
10670,0.8979868534566122
57,0.6593010161559979
93177,0.4520827355475776
34485,0.439939209712536
68925,0.7298744240508708
100142,0.8953842928182998
73993,0.8844791254305421
15790,0.2627977528339549
106598,0.5261099951064891
90142,0.5821552179543856
96949,0.891845885607092
40049,0.5705232614084352
98288,0.17835831004084668
43452,0.2265881034946398
22569,0.321448167326742
5611,0.8290678908764948
37750,0.8982678946789985
26421,0.8979896587826004
92422,0.5810073230567404
89352,0.5324622061935272
45761,0.5297517484509959
52232,0.3149782382553292
90421,0.8945869760434655
78709,0.8777935666047276
56320,0.8971349393243834
37763,0.8768373885089776
46567,0.7109286038095306
68911,0.7336449282815996
27099,0.2747730927219053
73795,0.8558685998118918
59380,0.3165854769463139
48205,0.804122224733069
43413,0.8892806429183103
9655,0.8711130982978281
32377,0.42392649916505365
30523,0.8611874631526328
64260,0.7763264810662692
12302,0.21163612585999775
69453,0.5035336285665579
62392,0.19658648682708194
78449,0.6596123344753337
52714,0.6414366608311505
87352,0.5446452323323112
61091,0.18447797895693918
63242,0.3634779548402512
66399,0.8593291568535995
54903,0.4834179275982295
67957,0.268805712198388
88573,0.33397660419470226
42545,0.8928959188808203
17008,0.16047346495950804
87917,0.24622656462499132
23181,0.4764790319016561
95015,0.3194651351807137
4188,0.2513447641643963
72957,0.8929161111879897
98126,0.8659700989882901
73695,0.5362196085788516
86412,0.5624317339522943
87550,0.3845655683533832
98272,0.8986965816464114
105660,0.7421622082866913
89434,0.5983637216423144
44125,0.4654873796235263
90837,0.17150016484656355
46442,0.85702188627701
75672,0.2758573476992875
31938,0.8970854935418966
49532,0.3821291098603091
65836,0.8296980823821214
85029,0.8832377342521636
71793,0.4108148123804982
28148,0.27641388180213694
18266,0.8952408407761667
68352,0.5902222583004206
27061,0.38215694325359095
22985,0.4031676680741515
91305,0.7914215020247897
8795,0.3018214211463888
50663,0.320483995768997
37397,0.15299049808268878
20058,0.4409170718872229
9312,0.8957365269655502
80532,0.5430638723068973
14830,0.11869383944145896
103737,0.2390206881090412
48438,0.18570404668766521
34089,0.8977172877184413
32605,0.3919474918297005
62126,0.29758403696384217
99398,0.4384121088804876
25307,0.8256456689189108
708,0.8827355033468088
65514,0.8915039630246309
61917,0.6611537377738577
70611,0.6932821403901379
20762,0.3144008241995463
64985,0.8662499534562341
93723,0.27860708182455596
61541,0.5037903130224589
29197,0.30335845273055
79929,0.1408678385291494
22641,0.45744260947263915
92709,0.8891620964781045
38048,0.5663686091328838
7305,0.8147778994474303
21740,0.11237280424540237
85485,0.8938521296086847
3615,0.5212962695571186
11020,0.3332133934160661
25188,0.8030727819588542
43652,0.13667716476012742
36192,0.5201925766167035
75957,0.8962116441149179
88832,0.8653895487132892
60444,0.8891130060879913
89932,0.6100063193784929
94105,0.8521016404877978
4755,0.5661311586597492
41737,0.37528266535761845
79543,0.31578221038342197
5273,0.2474728440098164
68791,0.8967320793322208
60228,0.8973988782610149
61289,0.7949709843008856
18009,0.6853444622902695
1837,0.39977913020192174
79532,0.576149897508356
55273,0.7884281060261734
21431,0.2977563901153305
64794,0.897086353718832
81887,0.8623143340450147
17964,0.8687267169734967
10972,0.3700863071878605
9294,0.2536201370601902
1983,0.406951788422135
31490,0.37554995892244714
3548,0.5620296793259856
38711,0.5990672376393696
55591,0.35757410509372456
32376,0.6288313006392782
23684,0.12776942429105803
57874,0.8507616429341625
48713,0.13943775123909014
5106,0.24708000518479015
56224,0.8952746517621912
43354,0.8962536353925972
25836,0.8639433167524765
55845,0.4147027338457118
2588,0.8117120457389675
1845,0.853464265818358
11254,0.23024581426017804
49014,0.873055650086309
59168,0.8981438604167944
32158,0.8968339116581604
106482,0.8842391439137454
103536,0.8907730392659543
18105,0.4180032231659492
89530,0.2143898406809171
20602,0.8885194937909525
28623,0.614705022886458
44630,0.14992821009937551
8252,0.8667167277359284
32280,0.8638742718295923
54952,0.8734580975121662
11378,0.8930087597489859
57914,0.39949859314481456
31376,0.828089158602552
26646,0.6107548812944286
55328,0.6537746926348778
5958,0.1950992269042402
63839,0.1505262074534725
69304,0.12320880677244708
3100,0.6672863389039847
37173,0.8937925056868493
100453,0.684661266373674
12253,0.8309440802382856
74226,0.41702522722293317
28495,0.7868041138320379
12372,0.749098507850408
73968,0.3489851756004264
56212,0.47094501835159563
12655,0.27584409183353276
69853,0.45354458855542906
67111,0.8871670164779599
8325,0.7886780158062662
91304,0.6756062656613908
93245,0.33231874250193894
17300,0.11462591444189732
17331,0.5494684022165788
6291,0.19433241564763004
14892,0.4221318698260726
103278,0.7133695449534163
97196,0.811650045051344
26858,0.5222272526436442
34982,0.8808811252557597
74003,0.19035987208755767
29347,0.21123662374685076
21220,0.22722699572824837
82090,0.8987043313810326
41613,0.48573492910612587
64303,0.6307094999796028
22182,0.7851799211797951
13504,0.8705959795870098
106774,0.371284120612838
97978,0.7350767880276411
39162,0.6486429808137288
90912,0.3304439427670717
103240,0.8870831322904312
103157,0.7747666249398926
48423,0.3871094104767966
53055,0.6240274317086048
87595,0.6225759476172003
80780,0.11360527243349847
78794,0.21570827632404171
67805,0.871917717251173
60188,0.8894673150946977
67146,0.5736929598441617
52978,0.83814893031464
61623,0.33559992826300133
76558,0.47564215623428674
48118,0.3846043450725539
48547,0.3624008361810099
21302,0.8477295445731945
29500,0.12779310937642158
21585,0.8982314342579416
103436,0.3183052792568757
78681,0.4170051952735115
84602,0.21391863741361816
81342,0.8875324230623219
67363,0.5329404986415069
63318,0.8977977691827006
18802,0.7047630831444094
26594,0.1749221985121334
106701,0.7011305287679473
63187,0.40716215650806
25393,0.5397163177230889
70867,0.14082175484761666
96689,0.8473230543714401
94172,0.8894884194521896
4913,0.8304487094258907
29337,0.33648618406537234
18759,0.8511628554147507
86816,0.8932141643175726
84442,0.8633541923129884
28896,0.8958479113456804
25659,0.759355985023965
2345,0.6971670935333406
22781,0.11452286270793981
93530,0.1838157747159829
58435,0.8940041542431276
16096,0.16509974033869856
76360,0.8891762295297114
92650,0.36053385226353996
94136,0.7949346522330776
12855,0.5311793588977253
48613,0.8452631190342463
98930,0.545610885939319
17850,0.3267839326707389
68426,0.3794457998224861
8807,0.8970310179619452
77682,0.25897835340669806
70262,0.8827540515223291
101688,0.8362491667674049
34538,0.5107291245373485
13445,0.8389352174567332
69689,0.8957996067341455
87006,0.7507381447929761
51615,0.5852950669888708
69533,0.6326775860488527
15420,0.8849453416557002
25501,0.8788308893070976
75037,0.8976402523979249
82250,0.27800306121461726
34582,0.8985217166413648
34900,0.6240399615483704
106606,0.8000444829784592
68574,0.5496076597277177
78879,0.317804232047518
72523,0.4235142390404
74109,0.3136858839905736
102780,0.8517851828242325
41350,0.3712009033197077
6776,0.8068685841249009
4752,0.8254170973585171
79710,0.45592295022572965
94872,0.8328333813363193
87768,0.10167736718315754
84545,0.2504554072972046
47364,0.3479410973642715
29565,0.8773126776736868
38176,0.40807131911216654
1523,0.7493554386933002
71965,0.5990940160860335
46011,0.6855881923224841
101166,0.8959615604301484
96157,0.8960773384368899
4599,0.20560455981627007
57139,0.22058244618072795
46502,0.23920095318425452
32147,0.8972054490584797
8727,0.8832274265774496
64,0.4865070888061461
87977,0.8960531712608428
81911,0.8946395597336656
62494,0.37381081355372614
98355,0.35230477804419014
13701,0.8290018196056359
60982,0.32948629292074705
92575,0.5900986796322979
48249,0.8942435765043412
34171,0.7672303751068706
89055,0.3688841391032941
20920,0.8905766398486182
44323,0.8811926988409308
93856,0.8074585525821532
29936,0.5112928852061627
84606,0.8764908850786299
14714,0.8939422189796148
98673,0.6246172561401171
103736,0.3318192158419751
82642,0.5307158116699352
12030,0.8842684101861011
51674,0.6593813942135884
12718,0.26098416847933903
106852,0.4727685799261648
16294,0.8952930349790102
66475,0.3031083424112233
41485,0.7161311566047648
30323,0.42727810561054463
83992,0.8922340860708712
54682,0.4559251620956666
92127,0.8162570868004784
35902,0.16534172053823037
28139,0.14843393260093676
90412,0.668575624012937
74418,0.4913284456130057
78510,0.7870375169727215
100330,0.7326069846925125
29036,0.8872614954723469
44485,0.47894753648424687
16848,0.6739447169338638
10544,0.8981061299798293
94780,0.8980685972953837
21582,0.49516528777461255
87225,0.1924151656664269
93669,0.8832578165189633
87901,0.5548133064864083
49697,0.24661449845874556
5036,0.6253352974689191
67043,0.3368945995438762
85540,0.3550482547621026
43921,0.19501687193169778
12644,0.8903423960672643
2676,0.6826714107847809
58412,0.49948186237699876
12909,0.37701033086583924
95061,0.3117314376772432
61837,0.8984437761926759
93884,0.5524677374559104
8939,0.5513432990556784
84360,0.8980323388045031
75469,0.13101832476209974
16441,0.8726855988119365
26500,0.1172337331393122
26617,0.8635076099481813
70080,0.7942270189460023
4320,0.5278493306215558
87274,0.20016821940007112
77249,0.8174663550297239
49626,0.897701570058504
6237,0.8914355197466594
35626,0.8741748682620598
102000,0.8508965934977488
83002,0.8975314821412033
104492,0.2672642734074534
18532,0.6224915124661232
87016,0.7429389228847101
90720,0.3496700206118067
93144,0.6567034032311695
47367,0.8971869503614214
98201,0.3689806285595532
97722,0.681991909428824
41849,0.491347313772023
26633,0.8697403961632473
77169,0.2849365030280316
57349,0.8799326659058752
91177,0.4424577380809693
22794,0.6260870351082398
14637,0.8839437305801757
104038,0.8920550320447225
49505,0.8744654873300793
39769,0.28241722666177416
75395,0.11958843736792879
84177,0.42221649722382704
90804,0.19683040237923927
17129,0.5019430584602544
24386,0.41640119608986714
73235,0.45228653351407533
40321,0.7209257306811352
93445,0.3681251339758643
101488,0.849015335047371
62,0.6934693354369349
150,0.3853791108454625
26870,0.3531832076388346
85644,0.2750670453192853
16864,0.4648290958778509
9800,0.8969770093919924
60156,0.5673058016531703
100967,0.3927220000455467
91352,0.6968488489132576
84613,0.21618479681807906
46913,0.44013101335595045
58417,0.8148686557527192
45651,0.41222081298502666
42020,0.8024303872887835
34497,0.760428488318045
92156,0.4975211457403444
96062,0.3951524631533917
15862,0.8958571766786341
19527,0.14764973732554745
51620,0.5791687831978162
83964,0.2812087619505853
11283,0.6182819006461121
56397,0.27964103876150687
70095,0.4576852965361984
5355,0.31866875252806864
3853,0.41980650022209015
82993,0.7130713504411703
82541,0.861108694212031
8571,0.1129538528646956
59954,0.6810447104817271
32906,0.27446211517058694
80732,0.12058414237885545
25197,0.3828849698332656
19175,0.8976088186937642
65975,0.7524113254858733
35001,0.23211446268178096
7468,0.7921591747130247
81927,0.8228456651099638
100585,0.5864588111992248
41885,0.3395605320552817
19845,0.6709814686921769
14709,0.7843334143582159
86121,0.21437112039706097
50416,0.8954635112134438
39496,0.1282456246247644
92117,0.8249823475901028
41500,0.666709602365922
90525,0.8398393321696414
55859,0.30781348200190234
59665,0.13922955729558856
62490,0.7922442510982723
15347,0.4452255301929272
104307,0.6883618706831744
74223,0.8652707984608624
11063,0.8974614175971279
83506,0.627281370989645
6916,0.18864432045217133
79549,0.4255816240822864
80961,0.8984963719513234
55185,0.6462977287139543
86688,0.8700783627059506
38336,0.3035841465870402
75289,0.33448334213848285
31850,0.15683429152383077
67058,0.3440323913358433
3142,0.8648593791813334
20576,0.29209144384306407
58998,0.765567107883638
74310,0.5715577204344594
20310,0.8982996638423906
79457,0.8971745695072337
54490,0.32046931075303964
5551,0.7885548746735737
26589,0.881227453360694
30949,0.7202302366783941
80634,0.3563717770661496
24053,0.2806565798537454
105705,0.6875112099200569
71481,0.4407014171199533
76219,0.8148707953294347
13259,0.884995467574471
10688,0.8657123660636081
53517,0.3389318697057133
43806,0.8732010173414593
21306,0.14676156068214588
58650,0.4627519876755462
42221,0.6936195972457283
28489,0.3330487749556652
105906,0.8957607444672939
44764,0.8957492078223128
51940,0.8952423685659511
53776,0.22735802725806198
74872,0.10707536045362608
86885,0.8491776633680295
14008,0.6280409794614736
80154,0.25140932170482444
30459,0.21387404681727812
36850,0.4517464174933517
19357,0.6682101962776938
103820,0.7588869604159533
77806,0.7939669309795123
43592,0.8968685082085074
91314,0.3285000032308215
102915,0.8955882182443061
83656,0.8891891642723848
34066,0.35111896051453023
65063,0.40504523631797973
105304,0.67708824168223
94799,0.893517977296937
81931,0.5348986872946268
102755,0.8614176839744763
91521,0.7774070434498983
105307,0.5187365831630002
4994,0.3573783771278699
55303,0.8986658362692387
13462,0.32726487392371023
48714,0.39391118574010264
18107,0.22925913781217347
47219,0.36359505703139305
69705,0.8782250467899124
49115,0.6409531931209733
24789,0.5034215212437183
54685,0.8417561883605483
13191,0.3001514292764858
70514,0.18434960142997528
97653,0.1398746779683453
49100,0.7855580352163403
66241,0.8010143574985962
75096,0.5885182155690175
51437,0.6936263650326089
3485,0.806041411570666
73283,0.24546353175130314
78073,0.5491321986732252
60245,0.32289427208795124
91386,0.1391282460683155
84247,0.433477756272727
46800,0.2644177090396727
89578,0.5622982792240376
102579,0.46787182554644113
60142,0.31873115149300224
12605,0.2502674974828927
94193,0.2801767859741555
3262,0.6225004657438453
89167,0.7735211234670902
89102,0.13389532261694678
98102,0.320737140635318
92864,0.4881145318505907
4026,0.8957451984793307
78523,0.1916629913027892
66934,0.12096417657173256
30775,0.10577672383928961
77984,0.8974047489895847
61830,0.6781542508319667
86793,0.3483681604814666
3088,0.19384465430582848
92361,0.34371291869485476
70055,0.8973901119351626
7589,0.8098074449129323
7321,0.30728717060023725
53376,0.7527877631878382
61157,0.3140579701903208
19255,0.7287413075318014
52728,0.7524368922403988
92812,0.8774348990957268
7334,0.2948999333438922
77022,0.8975116534220525
1514,0.7790524139522159
3021,0.33261558585098305
72,0.8976283066234941
51949,0.3279312511733123
39748,0.29717362614499104
24668,0.2907673982288234
69159,0.8474484822574306
299,0.5137653060403505
88560,0.6287104747087677
53647,0.8727261721221184
37116,0.33374741583786516
88047,0.46404592928082816
104297,0.7721866987376534
18150,0.18350316539174416
41495,0.7727329563084615
87072,0.8884339066317887
84509,0.15939453911600263
66345,0.2239827414368273
85910,0.7439825341774534
93319,0.5303123934429518
99571,0.18900260563498103
69020,0.3276606578922054
45649,0.754314407430333
19278,0.6576191638508758
39419,0.897815266631174
90724,0.13655410036279858
29701,0.15401599551061146
95971,0.8149756119377152
88105,0.7495567440122534
34031,0.574150303205873
6197,0.5818136330300175
80768,0.3217528056731321
101621,0.8707826612791275
50213,0.713608102170187
29831,0.8977117098426557
97230,0.5875204285199171
6515,0.297910668994904
44625,0.25310705281245083
80198,0.4690070211815919
31448,0.217721895113802
92797,0.5081742280539611
81488,0.32602621661715775
82624,0.5187810655046147
101000,0.7110287968930674
68204,0.8980269179263185
106980,0.8334887535449091
46656,0.35700072817457434
29895,0.8133570086498033
48271,0.5626519558101777
59674,0.5013548085529892
17209,0.8060609628285313
70143,0.742212195610424
22053,0.2638906836981353
29008,0.2999548673276084
2770,0.15725954838279219
101525,0.8199062888931143
87696,0.11780798380901406
39562,0.37544875603814487
49435,0.5761634181892029
40823,0.7883496029080956
63705,0.3939760283874735
56819,0.7180059733048523
97881,0.6563157394766737
6760,0.8967188508768047
28540,0.10571797597235938
78209,0.388090591125253
91063,0.3604266457227968
102830,0.8845309440550054
18571,0.8959095711533921
40967,0.11976161425281735
64391,0.22946265246546593
71605,0.8728343590190981
8656,0.24317912891300947
23453,0.2141650455122205
8292,0.6283342411290983
68623,0.30093326890228433
70141,0.7736877477236693
93759,0.2189846182567941
47030,0.8977378518483887
56920,0.69323508019007
58010,0.6946333764219041
71866,0.5710885205474313
7377,0.8333716300464642
6387,0.8980077254292055
73694,0.14794223031620876
34839,0.714569914721854
8274,0.5489141062374454
10859,0.4477415075855591
98069,0.3439963735573405
50225,0.8982320597803243
33496,0.6105419440615194
97355,0.8979086577876161
77204,0.251649737652575
51034,0.8972514606545816
98613,0.5620196934633823
102538,0.8131376023005799
26262,0.836553311278589
27246,0.11149804833178187
61517,0.8928053391982179
48877,0.41372868845575217
97466,0.8487614982058942
20765,0.3456962413856185
50907,0.47129085480298744
20357,0.7873764514475845
89118,0.2681551377577017
88826,0.494666452108818
79998,0.1557289207079937
23686,0.6930638850813919
44738,0.8412878267604057
47441,0.4713533823268647
26675,0.363620749555894
89018,0.8983930324706428
54426,0.26457386843130026
26917,0.8942707081057834
39330,0.8932890450094433
72454,0.8769163941346573
512,0.8944926837708429
27000,0.8305698708679101
16916,0.3844049943972282
82601,0.11750659262402254
50585,0.46895067561817516
90157,0.34085216539696617
99011,0.8984488248436798
11090,0.2996417177053657
56882,0.34667618593272626
46807,0.18010047169526333
26274,0.4952810420356009
21057,0.5816485514605906
107016,0.40960990825121435
29285,0.3580677498863264
26994,0.6910178074146089
54882,0.2893868131728891
97151,0.39054985079469307
101908,0.6635325425569418
58321,0.2632214638489449
72935,0.3682344019204806
35038,0.3250101610617292
31558,0.49407404371873115
30229,0.16609896378895164
66387,0.8974806621715231
106184,0.5698785511330167
32157,0.3202823499715357
37322,0.3346049468412112
97778,0.35746392058934007
100556,0.2671065941166967
21107,0.8159130019237113
14565,0.8969896928088087
106771,0.8976670733477046
31702,0.27630486919894753
28968,0.6594249193884695
15262,0.8972163801633174
106853,0.21829090974924525
84107,0.33516563552403994
36081,0.3220017555826616
99310,0.6546528968437652
85288,0.4449569629151757
31700,0.7413219702590593
69457,0.8944691769397168
65445,0.6721368011060009
51328,0.17917543959164292
23469,0.8090067321995124
41656,0.5947007964925124
68236,0.8969100863498933
4543,0.2698837558356143
105551,0.5534904330757111
106499,0.8982866915026273
33682,0.278485798889136
82662,0.8285690648873734
96711,0.8985316383608887
8946,0.6932501875501922
52833,0.8443706804159878
100177,0.7076758881945119
75365,0.3026835370543567
56614,0.6143733101475953
93146,0.897186895462491
15623,0.5326735291727467
61031,0.5532781575676474
40030,0.7130602186728205
63009,0.5010591084747873
50512,0.8913364241238936
33745,0.7540981093611661
77126,0.4219374616969258
58831,0.8159036037007
85528,0.7581347644335832
86769,0.27707928174292823
12353,0.604922837951182
5033,0.13539003810021907
43805,0.7378123230191204
8236,0.8979247333984665
1005,0.3770643484946292
44333,0.14044020959027992
38577,0.8891508973074761
62334,0.8493962004392634
27401,0.3772667363352282
78839,0.8045533184111869
3940,0.8929784710923236
23793,0.8649779417957091
100263,0.8953924627221729
102002,0.8738938177604353
51731,0.5867183236008625
65989,0.8902046986341771
59878,0.8912263261020379
28048,0.3029761786540776
77972,0.22828410253520043
105413,0.8087523524711382
10633,0.8972817846504633
84009,0.24010558680968888
69394,0.3635869602526014
68091,0.8982082157735476
12153,0.8916644328273491
83996,0.514636454945241
94985,0.836882818320224
84160,0.8980883538722945
102031,0.6499089795004815
88072,0.6238867485861296
54589,0.20184859298963825
6543,0.19310184391149265
1951,0.7165549944971048
80496,0.5786914363116118
28686,0.8661155496794537
46858,0.8253909844526908
24178,0.8970892131511949
15417,0.7224049824089284
61325,0.789769205814267
96179,0.3890386296139828
19755,0.8890859022712574
80528,0.7970392794280956
35917,0.3935256627664812
85424,0.3701222390956664
21490,0.7915550061506509
55313,0.19535126726063867
13235,0.502990555406498
17378,0.5812364480927538
3754,0.2422751926760907
7603,0.4852339608669417
38664,0.4972829504024665
75116,0.2916587446092669
65638,0.3875883581511727
53353,0.7661484612661683
100516,0.2750424853945299
18288,0.23914828589091125
85445,0.8972097588110169
67231,0.8995144667813086
72174,0.3008553253799768
34922,0.889770500971298
71299,0.8966924801062438
105802,0.4356110669865608
87938,0.4051962450565865
35328,0.7662893400024353
15184,0.8100974740123829
62637,0.324552114025915
14237,0.8864849298270904
95613,0.7166180756255736
9311,0.5396321493846795
6338,0.4259131823685251
66264,0.3182810418273848
72899,0.5144533440834678
100726,0.5027132729448025
86966,0.5758583321451346
75358,0.11509256844659216
65405,0.4427369616054574
16911,0.28891022735805727
8692,0.4413806983823227
100578,0.13795558748089784
84090,0.25275728100210926
45411,0.854839844120282
90547,0.5328139095106046
62081,0.6180772506596527
89570,0.8332346673227455
105449,0.6190391374245101
66998,0.8218186659532212
69996,0.8600510041278104
56064,0.232489131157687
103577,0.2438330891321629
35449,0.33176991302042885
35385,0.7803578360805239
39853,0.6391533502703768
101610,0.6453925307666921
40619,0.1911377691937412
17788,0.837898535850713
81583,0.7258761870323616
35278,0.4891862671699529
15496,0.8883578968305905
46000,0.3349704490779537
1795,0.8974109088206753
43415,0.8970690103051534
291,0.2590498410627797
38181,0.3040107009906506
55029,0.896491358516202
34803,0.4188687571306337
55045,0.8401292148489546
46367,0.7981544255125903
62574,0.5296690912049776
94354,0.450736781137831
96625,0.36012934506237404
21468,0.8090121398850483
76612,0.8978205240211352
19753,0.708124121976387
34261,0.2781419911636913
56113,0.6670986445159649
15452,0.2886731314628799
27416,0.2406135113832779
48539,0.8933278058108886
85145,0.6046196849619769
18354,0.5945671929196503
18244,0.27159045523791775
55640,0.6828316440419395
47570,0.22515352881996886
74054,0.42797576667080756
5058,0.3442084904845727
17045,0.8463879650575591
105717,0.5720625311345291
29187,0.8984337729755545
37420,0.4051360802613662
38161,0.731605840693456
106344,0.6222418524964015
70853,0.3229299844874886
46322,0.583661706055906
6538,0.32039543392529946
72697,0.8565911610195953
97920,0.8332993431947124
56360,0.3339729196613506
40525,0.67318281360057
46536,0.5316721525716916
74034,0.7607963532936028
43594,0.21600007633568385
100866,0.6580810915056234
38073,0.8416827057814591
59899,0.40172030627688093
3724,0.5905444758295881
79957,0.4407786564418047
13422,0.897653610187324
26786,0.8106920844182716
39319,0.7869444149116015
18657,0.7890968117081001
15823,0.1889035971241792
102599,0.32416891959360306
66427,0.8935314897865301
52079,0.1856687638581063
37002,0.8964625475652478
49086,0.44055304699359804
28115,0.8789860877591674
98844,0.5264991154660017
27917,0.813297894808608
64994,0.3654364767774375
72140,0.538120056272121
35277,0.13708115067217552
53684,0.7928837864515351
93054,0.8944687767296011
44188,0.1649427991575233
49190,0.8977091253297802
15979,0.10703997267806918
50195,0.46466263022582155
5878,0.43846635666564393
43508,0.2848914593038606
62207,0.8599819631932163
76999,0.7229813913399019
30839,0.1645703861926009
40160,0.8959572730493809
86895,0.898718506457139
104572,0.3797254527963133
20661,0.7511316754462082
94376,0.8974946142334348
549,0.6541752191504566
33591,0.26920382721982156
32334,0.37838329631310735
80680,0.26590324946062693
66911,0.39469525931913335
101640,0.8951964704198337
55786,0.19116701588598234
50889,0.40083649556319606
47434,0.8820722352154741
80157,0.8542880444259174
73354,0.2750394240493289
30185,0.11640653575648925
21137,0.1861252914087115
36235,0.8933289838468257
65221,0.4882975944639646
100973,0.7897358508191632
41736,0.36362792967272756
60659,0.5902002829947427
55254,0.44619551040308997
97165,0.5624499979582479
45498,0.8833712992739502
36819,0.15922030107735263
2263,0.888586821358291
19482,0.426303413778993
481,0.3944624131140725
83893,0.8336378532163703
81124,0.7750734928136404
99520,0.864115983074004
57905,0.26964048618588615
11179,0.762012334872879
88133,0.40203077913813023
84405,0.32947766137339995
55684,0.8298113638822688
90310,0.3396166997325851
39133,0.5297299340712374
10350,0.44226655341341586
27036,0.2542298305493834
29858,0.8968299416436317
68022,0.4122242652250688
89283,0.35438603644713995
70631,0.8362444741722269
28055,0.4257575362177011
62587,0.3282883659278939
102721,0.8273293931561382
105913,0.8975853349072145
94589,0.8174358930660139
56437,0.7497646235311474
40514,0.28596477041644885
102125,0.8924440154540004
40771,0.47263253234489266
44858,0.8944326263882478
98624,0.7637943972657563
92222,0.5117669850769906
11344,0.6551233628698243
14991,0.22797967612381953
101078,0.6569202430260133
96328,0.38264264617109833
19565,0.6325174360609221
84603,0.7549459703682946
70089,0.13921025504356072
87015,0.7525836678421647
75449,0.7087833156919633
51372,0.8930311818350428
32632,0.28815711011578665
22313,0.4258571296268838
39923,0.44419548552800914
12179,0.8899865695114368
59346,0.6943775039510616
26935,0.8899496506261563
55296,0.29658458542920424
106127,0.2422278667864874
43033,0.34182165449651314
7375,0.12362892662377459
738,0.8671984111418677
83984,0.5448757637787934
71556,0.45138123937202684
24649,0.4961146835109738
46866,0.25095872567900623
1177,0.4217722931948074
55964,0.5321598864439843
70811,0.8978439914128669
3101,0.2577343399035963
56164,0.32431192983261714
99319,0.6553781603614829
63891,0.8875332590398582
42324,0.37509098876564945
19250,0.7888184286249376
3836,0.36638535169818537
66176,0.7299605773416299
21763,0.5391556712966887
97198,0.8806451331359171
65280,0.8927966061160578
22078,0.5396135007739546
34758,0.7876452755538088
28904,0.36794977891137975
98450,0.8958401732585137
22911,0.8382943154138787
66745,0.6165719240997266
22343,0.5564409848690517
16396,0.3693922978216104
35882,0.7339614557566518
75364,0.8892836854220656
6319,0.8900614638216896
7977,0.34778253058303366
56091,0.8976839009939225
21635,0.4126503014482746
57416,0.8672421491827571
31734,0.7692207099680214
24139,0.3089128920627499
30143,0.7914437896034028
27508,0.2804949858352841
7109,0.8436551163596873
28644,0.8980951032011291
41673,0.33014326288908213
49619,0.1895415494414372
18491,0.5142050934845073
95292,0.8984640888754448
9760,0.8720724706457417
10222,0.3510953520067136
80480,0.46540839348996055
53545,0.8979419060199729
20625,0.6608267169268164
77596,0.8130652313045237
22175,0.8939331597784499
33721,0.856260824759763
105986,0.504740324886616
16798,0.8967760806714127
89143,0.4702665476539886
63701,0.28505965839719827
44219,0.7748067047043334
54963,0.3081300217619012
39620,0.6461945570453151
56293,0.5051309919085785
54135,0.3462235505614007
95599,0.7222185373678452
17022,0.5781898318777983
49880,0.893096325472318
28119,0.243945723197348
71651,0.8987957116701508
47348,0.8847495190178071
81945,0.8703950950311197
50920,0.15369712966318017
90637,0.47755997593844157
55655,0.7844020859872818
62941,0.44669796982896737
64372,0.6268681513805242
7304,0.5862785587064027
32520,0.8979706777382725
71344,0.3572435933232848
58410,0.28541593854498015
13184,0.77235885923632
44331,0.8881702488948388
43791,0.38486782657255986
17232,0.8938977486195329
54897,0.8024817158462463
765,0.2537531051507921
37380,0.5282490648112689
81060,0.3491853125699178
68905,0.8770668027893437
83301,0.16881970680573816
42923,0.28143190649669764
23076,0.8669689550852713
10281,0.7257315920443463
31748,0.5579111966435322
67737,0.8847148531068674
65211,0.24789847798441608
70362,0.8983524918553613
26257,0.897296199993839
56940,0.4745042274637058
65813,0.24726378606772206
92988,0.34382274895683096
16122,0.17592646733138811
84680,0.11292288681400127
27274,0.26633161457761545
16499,0.6193714523508146
55898,0.2702684932351069
24751,0.8946361971619219
89006,0.22575211366143125
6031,0.8766604326967922
1205,0.8830954090809786
51698,0.6520876668003672
67654,0.5755101792613934
25205,0.47409595110811487
80702,0.7752297378078765
52308,0.3643162188067526
87803,0.39844717020284975
94807,0.8023756685734031
93477,0.28076399058102885
53829,0.6879352364284508
84772,0.8786331715732086
228,0.5296305181372912
37489,0.825144739487687
20495,0.7377670820378435
90411,0.8841478475711081
19363,0.5963664379094111
4982,0.8488580891231949
79133,0.7477795475598236
97768,0.6881778410918892
89516,0.2454052126722035
42386,0.49148449163004626
83318,0.6438098861761193
16592,0.47146966115470884
98504,0.5125261607803456
26521,0.44305000664724214
33722,0.898552036029202
19597,0.7932732936508697
16796,0.8977657243255706
32394,0.8834534506258501
9792,0.8500427694703331
80507,0.8294291795881925
66828,0.29098870301765367
36837,0.5561487155942284
89000,0.887882509643668
90354,0.208133615863023
24923,0.7577718986136374
78251,0.28486838557004
71058,0.7455224649314911
4675,0.8983572558888079
78882,0.8969574091349775
66181,0.26696775461327693
106231,0.26709260453285294
44901,0.11676126518791714
104733,0.6230274538731084
52939,0.8890565385486567
54295,0.35653284513675265
47718,0.897843540004743
96189,0.8933779545859023
71678,0.2726746508638944
21975,0.8576357189346256
23230,0.8405413951873687
74979,0.2190832502808683
31343,0.5951180368328396
37690,0.2273295420475403
64014,0.8238569923835652
79553,0.584733881742217
17285,0.32971600345133284
18395,0.8499715484565695
102935,0.8978829752971227
44006,0.8967910506949233
53481,0.8813225689569764
80909,0.22808135910056637
86409,0.8963375905739721
83439,0.5250129953836171
66298,0.16929108270335683
102980,0.35783074591101993
36916,0.23488202896387805
83407,0.8939813020289276
102149,0.613735114595392
57269,0.28405064315614276
72800,0.301056774845198
93810,0.6162081404498044
89535,0.8885022057515758
79225,0.5019328748629776
74314,0.5519433733734864
89169,0.185452722346794
96248,0.5716881982902362
95740,0.13447836745849823
64451,0.8872374706193698
58200,0.8966664583770514
63294,0.2710219786682105
99139,0.17251806515027956
43370,0.8982885837492934
89845,0.3115319146279754
3479,0.7848987649561112
23489,0.3987779166445472
70085,0.6665915642246154
54886,0.8974728404868727
94038,0.16366916992097208
91086,0.7519203264404166
47252,0.20316751322149096
69541,0.8969042989205196
95949,0.13463635828118703
17451,0.5181584386417863
30838,0.8071795230339732
58315,0.6992828643455729
73213,0.7889212743543994
30924,0.8116195398134418
32505,0.43549809909925585
103443,0.26911887295973363
79900,0.7432372499535029
64862,0.7233183479731756
30456,0.8031243209444222
99152,0.6762883603336591
1901,0.7744552308654906
17049,0.8973418280405749
5894,0.8270191106585015
10665,0.4593424303675469
30536,0.28298666945724954
50878,0.4395971223910193
92809,0.46598825578505654
39864,0.2993571350615546
101957,0.8846424310381601
57285,0.19747706702463794
14329,0.7431372271469815
66872,0.540617801809914
94020,0.38555500086754235
48685,0.897904034596935
27119,0.3872622535847787
46397,0.2423053415779241
10133,0.8515635122877059
36017,0.1324718084476277
37527,0.3768920586567826
76263,0.15472404699309492
2560,0.5101274239769157
2662,0.8984532099632396
106427,0.25593112298482956
40163,0.1671701246239553
100345,0.7358927732691751
98682,0.898257862521301
25789,0.26785624984565337
67820,0.8872286545937462
59591,0.8655009329222855
2269,0.24027198767317973
19494,0.19662097818772972
79641,0.2937318714440059
14432,0.6784400051808863
94686,0.6046575998878861
46365,0.7976514782054698
52584,0.5444508792826762
89365,0.8980589504764732
81199,0.8896336215214735
70712,0.871740801003819
63089,0.6444839929387406
52567,0.5105993369571973
41571,0.16468114076966808
47361,0.12904995211737832
73083,0.2559893707202715
90557,0.39203395527465046
64735,0.43169714013070426
71108,0.3387225280073066
87464,0.4219762778303896
70003,0.32628599973305517
17270,0.14627285427753672
20924,0.8837439524138899
27207,0.12217829721987214
93294,0.8835828612393403
19858,0.5801382024060054
22,0.5842706545080839
49371,0.8913247894587755
85587,0.7695770776897007
65258,0.8495110548253278
81090,0.29475090599108994
28146,0.33486343342754243
68187,0.4418449266485782
39921,0.16183243447238818
26644,0.3428001275560656
43284,0.5993508440468962
94367,0.7263786617618241
72801,0.24010950197957126
14197,0.44265547783454995
26273,0.45669273625546414
61001,0.32822318078690754
47789,0.8902135641455703
67460,0.3259448474333977
57393,0.42063035442898866
36379,0.4443880425579782
94624,0.716706577967404
615,0.4636699360429658
72048,0.8909416473041938
66036,0.679601167361801
14899,0.3829674458457617
105042,0.14914358140208664
99430,0.44972753393894715
18239,0.8960443449362433
15965,0.19447582713538514
72704,0.4035314895630888
13018,0.6845558809387364
23958,0.6870686654683306
41950,0.6285796656021608
105425,0.8787550196878451
87752,0.8909948100376056
7327,0.1034790476966789
16772,0.198602840424861
13973,0.8534026664295193
27322,0.5889197806945928
55624,0.8970589277713293
83263,0.6167860561066849
29260,0.7267529813330351
8978,0.29778779379559345
17217,0.5932765065660537
35489,0.11739064916205194
43040,0.2181947382667243
90491,0.3731946695568002
34960,0.649313721856479
99779,0.8837262323973286
9631,0.7716316797407353
82917,0.6212350407326883
28657,0.6399764291283708
72365,0.8865555464111589
24415,0.7565886321766494
84084,0.897824931643483
4944,0.3790382662226408
81767,0.6695850167183891
100930,0.5656018765049681
30692,0.8671707013232461
56344,0.6299455226276225
98782,0.8959171799525041
2164,0.32927588457320406
24949,0.1524302858904194
103937,0.8964706240273974
93064,0.3650780567035277
37866,0.27479124200895155
23562,0.8970503867954838
105861,0.27246100143917684
20541,0.8255853514327256
88399,0.23847763904756308
37955,0.8707901065997465
31536,0.15091598226575714
46676,0.8667020360512244
35175,0.745131374833184
100936,0.411975858198489
101447,0.5166788287822364
11041,0.8878097565829205
42194,0.8580371381500886
99532,0.17332628117027582
46596,0.2676963705277662
21233,0.3923401113038038
27154,0.8978803063111845
53112,0.21124376587021834
5790,0.8452673358711013
64198,0.19522111669519132
70538,0.8638617198281674
26779,0.5365740568792018
1691,0.6491812991677435
81757,0.8835289326725088
15392,0.49949743172129973
1332,0.43082456594565877
53535,0.8946189106408766
102852,0.7853903481851661
105946,0.2686475306262899
10256,0.44430454619661497
82927,0.899263908803201
30371,0.8859692173140864
46489,0.8837443439715543
58019,0.11132239545202695
71955,0.8338761423763101
37356,0.446513924637881
42292,0.7439209011198296
20087,0.10423774529641086
24074,0.5524315734486863
64692,0.13864300861798806
96112,0.24849283450420193
55120,0.5330209639848749
51971,0.17945284540479584
27252,0.668285161652254
77781,0.3579385459301354
13135,0.39478027625068024
33840,0.292401710399933
78330,0.8977247752295296
84185,0.7759819481517756
42654,0.5293737595494844
17109,0.3956764254170828
60530,0.16710093399311474
32772,0.5060813534250322
49208,0.401561133794226
94561,0.4002722866518419
16723,0.891695665157696
79821,0.6204646525902783
6106,0.6872177300790592
78275,0.3123823152144007
7689,0.8979890015983532
2328,0.14130916059637938
66480,0.30884686755970864
37355,0.41256140363926463
80884,0.8561234360049848
103705,0.8321021241098896
59714,0.32072343960714966
100837,0.4706679281793936
56301,0.4569920257017419
5411,0.2652319291459529
9658,0.13467626778950764
39760,0.7335522944512203
23202,0.29687905335707293
48343,0.8973545518646897
91294,0.46911514661009607
74660,0.7846496120811871
6399,0.7995974645582058
9119,0.6869399302095961
58061,0.7480252349838785
28351,0.8774024868459994
105514,0.16311616208842708
53114,0.6713496490293267
20750,0.784570949463052
46578,0.4320509529463131
52358,0.6955183185068219
98343,0.8731298990812217
89694,0.3405104834722458
12697,0.6550586435277622
73166,0.4600296749865793
80002,0.5382543917851073
41069,0.3870519438463898
2034,0.8463482310363328
8928,0.10292318569143505
68185,0.8979626125613176
83161,0.8761712690059993
12405,0.12866190909750083
3471,0.4074887178728698
66568,0.6598971830035953
105055,0.24014007897473616
67896,0.3013800163336582
15905,0.8905831302205753
65908,0.43664383459007383
54125,0.7309609870654353
4385,0.8975844461266771
41533,0.898178263998354
4209,0.8165303167219649
6676,0.27414903922144973
54989,0.895735132003406
46181,0.8902690004590375
61799,0.13564546146752457
22469,0.6593260697291928
107157,0.7804961326223767
20637,0.8640794702484329
57612,0.3343234796016248
83711,0.599199968825865
39352,0.8830731645813644
7947,0.497019552394993
7607,0.8017959163051785
68904,0.7926177466209531
37781,0.28540576213827445
79615,0.19994022637378273
18733,0.8873376853270791
12398,0.3649863523615068
66207,0.28851884003876443
56608,0.21862108195693353
102448,0.8965704556303066
12244,0.8949603259368647
4832,0.3309700017050001
42673,0.7610950501066478
903,0.861764457236729
37244,0.1674735013144396
69436,0.8601470818409861
25689,0.8965030266153954
39049,0.5018560505000526
102646,0.5776961441524602
68325,0.17602558400435617
57463,0.5697217146061235
48178,0.12490499912377727
23014,0.7069668729911357
80092,0.5393871002592665
103270,0.6086178365586029
23921,0.8920400470645137
64591,0.4637886554391031
91253,0.8175662525571982
31515,0.5613346068121656
26218,0.2814421738901012
15596,0.5000456592449077
13413,0.3434864742344802
11049,0.336610616605216
82461,0.7559140514885339
11982,0.8961497422918573
65915,0.381592019825424
40511,0.23908798921688718
22433,0.6597825965156285
58141,0.3755297592660464
2750,0.3571633118419245
25979,0.8962451571255424
10155,0.8701401938510676
99776,0.897746047148423
40215,0.33244465597995365
105401,0.4145368475272906
2384,0.8864067260869739
69519,0.20754871908624045
83363,0.566489545758185
37895,0.8979475611678427
98191,0.8786255803722297
98740,0.7230672355422796
88686,0.8959310216013997
106492,0.5345779416464439
74955,0.46449708449507576
39688,0.7058597911784504
86780,0.491756690494627
28423,0.32215293723694266
54109,0.8874483731999515
72700,0.12505506900365604
60079,0.33726147657559835
68108,0.5838255745363922
72120,0.16466714260092827
40885,0.11689155501964413
101144,0.8960493796845437
68920,0.46184470250771564
8266,0.7708284731623201
29163,0.896083896424017
57837,0.8383489256232719
26281,0.31294325988147825
81402,0.16872136440670304
39021,0.11739262043744834
61529,0.4433470451244438
52587,0.3014407260177603
56985,0.8911503081595684
63064,0.8700689732140044
94357,0.1107414957362019
91353,0.17094291617387522
85931,0.8947958030955527
4918,0.8786361024690307
50729,0.3551430381042668
57826,0.7524414970996564
71191,0.33129624277515024
105774,0.8596550374361672
10023,0.6356806991354922
41218,0.5284313095048105
98238,0.22000319720423228
37995,0.32936244065598175
83325,0.2510228566954426
51447,0.18174944734938286
94497,0.333162293927143
30670,0.3171802772124403
13858,0.37597439779573416
34727,0.8346388825075677
52123,0.32782582578449393
52200,0.7758456668082747
21611,0.7833489086909815
65726,0.26366287164103525
36502,0.6814256126692695
102741,0.7591546307944461
92910,0.609407079036197
66329,0.8540556343636821
46266,0.6436829993830101
93789,0.456733403232909
74483,0.6836232072876505
82877,0.8968714698804399
19578,0.7245812739467073
3150,0.6933342504185794
7795,0.11750288761582645
100091,0.5921021230189204
83204,0.2435809973957569
80606,0.8983552325366263
44874,0.5379673857308082
93047,0.8936410775748309
93488,0.5326912489959702
1805,0.3685374173223729
62917,0.8908573405878931
17899,0.4324981575523986
3849,0.7718710003496577
7118,0.45664864067396094
88547,0.14011869949927858
97092,0.7393044354973279
44105,0.33752101063087336
37481,0.8740764093881619
33563,0.4375273398395688
61042,0.705745767302811
41714,0.29988793592532365
70454,0.26611944379781305
59857,0.5727320782053764
51036,0.5469217953491967
69184,0.10772336241423118
3234,0.29750320381982764
74841,0.5524565422535435
23186,0.8220772942104873
27181,0.8009926343325412
100045,0.10820813531488122
28886,0.5624577106468289
73093,0.7507216086667079
900,0.8298345189627881
19020,0.6932540021974152
88602,0.4131782087460844
22700,0.8408822458274869
7526,0.15671412861546305
33457,0.8939386030533851
76909,0.5988035977471617
35423,0.8861677753625893
81166,0.30250580525477067
13660,0.8946434270905275
14412,0.8969019919353837
15714,0.8967163650205152
22063,0.36746325588092793
61727,0.8763842726902868
106614,0.7955317817212845
87164,0.890151548824185
46710,0.5135288764563515
19162,0.8106351871999306
3254,0.8960113035965921
9038,0.28818316025085855
95150,0.2320975893907133
95704,0.3419060037500073
83830,0.35113139203963356
71414,0.46131206837895206
38616,0.5201613483011814
103614,0.22480903194063664
88630,0.8087169184072025
52521,0.36094840839411424
93076,0.8975098419104705
89485,0.8978539706263264
40660,0.5046327677263733
62817,0.16335321855125123
34049,0.4628692265962818
43571,0.707215118109862
60077,0.8934454849220272
40460,0.8943518693976107
22185,0.898626950412806
15237,0.3097850465253388
66961,0.17753051419834953
67110,0.6423084439032841
40897,0.7389904605740176
80317,0.2805884261972211
83200,0.22908198187330564
25955,0.5283054953938793
60010,0.8976812765432027
912,0.4425674591603418
21643,0.46591657673981235
30001,0.19147492618447415
71796,0.5269367063684903
74445,0.8873337345983486
14690,0.7621970257902633
45915,0.30980366029139506
71040,0.8962544421931856
19444,0.8806538380929738
101898,0.7307335295669669
19483,0.8653651837544829
45070,0.7349011499153558
96007,0.7724350339616795
8226,0.7909589820039916
14087,0.5361390156576852
19621,0.7165425543394991
68803,0.10161745406082923
28496,0.3052245486618385
15223,0.6573154636470759
71389,0.5648501861394953
18222,0.20953353455767174
63426,0.2712161963518782
2400,0.4815684574593202
90638,0.8873423624193666
93030,0.8441110861084391
47044,0.6126812990280629
95745,0.7456539812582568
93733,0.17413974573454982
9250,0.16440988777684148
12306,0.18943747941227534
64916,0.8780492881530589
97639,0.665300716536154
93987,0.3874381113487259
69833,0.5444074148972967
65147,0.7551932208309104
1571,0.8656614069642439
52732,0.4696293632070102
24727,0.35263288274917987
36305,0.7052893712500938
33909,0.8920201081635375
36684,0.8494518109059244
88787,0.5279065747124304
5125,0.8981872706242424
96456,0.5560606979557436
100451,0.874716408810451
672,0.8744476639008242
2769,0.6473169186269274
9242,0.11489937574878217
36840,0.7990234084776033
92915,0.8849353137059175
53862,0.1265530449883355
92411,0.43062213145142186
2898,0.861822248211305
19531,0.7385280861657086
47770,0.8508181093844752
94350,0.6661497719776275
89205,0.15700765224059063
59271,0.3316652925696704
73559,0.8525365738783073
35876,0.30282126209017907
1124,0.7664295957979816
55758,0.42928471012463987
27800,0.8760115736577916
95921,0.34529067513847134
90850,0.8924521092926077
67816,0.7288326599714561
70511,0.26525775608038904
12435,0.8776191817327748
82454,0.44816395527736713
78358,0.8974979730281605
46740,0.36711868244656176
100956,0.24473592167998823
92319,0.3179311578341206
18044,0.47609964156192713
23905,0.19157483198047542
5811,0.8205713668333218
81252,0.5541666660506798
62867,0.23647730950774692
41210,0.892247802875831
43549,0.3283152331841867
103807,0.6872911985111372
60885,0.3849764783067019
7522,0.49244546992460575
85303,0.8982004394711777
106575,0.36900318157851036
20611,0.3786436497603353
71692,0.8811410142241856
2623,0.3700137740913513
35836,0.5493854999988979
20442,0.2990698039922786
61523,0.301598204039778
77677,0.22658703255909912
80546,0.4831760149043573
36731,0.2857735665548463
406,0.8981558878881994
76807,0.8523042259951196
30786,0.35541421663425576
33955,0.3970084140886135
97280,0.40081278297182943
59464,0.3449124952937465
67539,0.8824568692011345
24006,0.36428342991785273
10504,0.8964562103298179
4761,0.8982628388760938
17116,0.4865789565290207
45348,0.47287871745333737
27158,0.5593967868583856
95018,0.6827487123666206
52617,0.7126692899983746
92514,0.5773176289331405
16579,0.2856102675871084
88082,0.590133432582536
63377,0.8946079907230996
100532,0.22313090505245678
57329,0.1152823283087932
16635,0.8539683667520876
6974,0.10723484046324244
17773,0.28886020441169635
8296,0.6019403333798329
99140,0.892205030388894
55910,0.8136716859067714
18845,0.8767272822549594
75295,0.8826177240859003
21725,0.29044271781285097
22226,0.7189121594882165
96840,0.3861827182977871
70051,0.3282187823418964
34100,0.631463024895072
57844,0.5467258307499545
70993,0.13091306582928522
66414,0.8418654811451907
46674,0.28228173363405884
93752,0.3645739169222836
92435,0.8802208023549418
37500,0.49869336031533285
56853,0.526598788549406
9443,0.8974906037730623
99816,0.8330108784123529
8717,0.6173295235384412
75599,0.5801550902600041
81971,0.6634548287275543
85158,0.25311576487663867
39350,0.3171266631065488
52049,0.6061141021743733
82140,0.2053894418873363
6755,0.384793001028704
20683,0.4886597100724695
83701,0.8861519855899138
75241,0.8928497673719882
95970,0.22774459924914348
101659,0.12733377322034067
47233,0.8272230730074022
86028,0.5502398009397389
41131,0.4373693164403981
54595,0.48491215613425187
77569,0.11636612897708157
11808,0.24788338182500375
92335,0.8322450763984565
77221,0.8813902875069433
58213,0.2791334986002167
81687,0.13859159464927243
88983,0.2009321768689576
103781,0.22318160500993567
5839,0.8887996892863099
50704,0.35328981398754006
41307,0.42475933806285854
66524,0.8972004422755868
66762,0.32974002899466054
37291,0.31716578712002386
35582,0.12734111407175183
95763,0.8936773084401418
57070,0.802756849999923
98262,0.8533813784357127
102454,0.21270820917860134
77409,0.6922465125127393
96948,0.2306136697498485
63730,0.16370035662467106
96065,0.351398346943969
19142,0.7620583200436509
80975,0.8861571008440312
45052,0.8982229478049752
72532,0.48576120438660564
35240,0.15978670135062745
4074,0.8969062674768321
3116,0.10005088164554862
40238,0.48275672927308705
83980,0.8957123532359632
71077,0.3758364590276513
36494,0.8722002401712916
102186,0.8979724793701963
8686,0.6630460479926887
33403,0.866604378429535
94903,0.5715811341206647
98535,0.4178166805494861
21363,0.8838937204249083
27301,0.5762950232183865
62190,0.29865471196330956
194,0.6601902840469758
59599,0.7983045121442446
41074,0.8978469495744688
27736,0.8985830022567617
68224,0.30173079640625483
2846,0.6859139657403308
73329,0.435803562564882
5316,0.4057017726452655
2706,0.19273371853077192
18783,0.6880051846890952
7565,0.4258774646493379
71519,0.13961289990555886
51119,0.7883782099918536
73556,0.27149838243350355
3629,0.6594941765921875
96197,0.885291390419748
76831,0.8529619788955038
41283,0.8668205642088919
57436,0.3011175010445123
55158,0.8899288662269715
13294,0.10288487026067751
36363,0.8017209487867765
92465,0.6348892655327487
12609,0.8889817004002318
73237,0.13524610999906528
106084,0.8982301604710885
425,0.564564947108086
16773,0.8954311662768513
102694,0.8874877385803854
75930,0.4525102192234093
76772,0.8856415302591282
73463,0.35585546273343555
35492,0.52927732556621
100962,0.35646312056572704
58898,0.38014320533027424
18809,0.5123121679645803
76369,0.537161454860491
103775,0.7163741040942735
50947,0.33477435538853656
107105,0.27060778306033484
52820,0.6592370231039772
35491,0.8965514134972784
23943,0.8431423948388835
28067,0.41893585187166593
2091,0.7420695158546322
19327,0.8758256110602411
45743,0.8391135409548742
11684,0.35897794327354315
37212,0.8696326259790439
98860,0.8977504335414781
70244,0.5654755987396545
87254,0.6029228761172885
81809,0.6597017475176532
39662,0.8981521015352465
18993,0.8902772749225346
102329,0.259178055956282
71104,0.849915294961167
103136,0.8508646019339573
62301,0.5085186268407674
97951,0.6332159995328692
12261,0.6027708994156866
29607,0.5795950585994247
64961,0.715556512180998
105560,0.16706415327581392
14058,0.580741131485051
25224,0.6072323554670453
97216,0.49362861905439037
66479,0.8961033155832834
43400,0.7015899061705475
103361,0.8973259310584197
71857,0.3484774590531562
102951,0.804456861649463
70474,0.8225614646377386
1561,0.8976866428928085
1056,0.3858179550190504
5929,0.3422491983795916
3326,0.35347192012818646
472,0.5459228121976867
105328,0.897104301457718
18584,0.8940004321731934
14336,0.7851042689572102
38718,0.726523650925578
81705,0.11099248642203946
90578,0.8987439725993932
21136,0.8026911813998308
96526,0.7924385295773375
70688,0.7906693389657811
32076,0.4613192155632048
79227,0.7097305712938997
70403,0.8000731929742811
36172,0.33963056032306166
69145,0.7467905072751704
79692,0.28111825478319896
92917,0.18383874282805146
85506,0.8594237277502765
15441,0.8955965515534212
102805,0.39577286915822213
53322,0.32594323332994624
53628,0.3664585687796948
67053,0.3329549805475248
49664,0.32729041181963076
52379,0.29003231407683844
89927,0.4173342086189248
79306,0.8881642517075455
61848,0.8313514286618642
59894,0.8518494377306178
6343,0.22483550199305904
49379,0.5014525119211755
43932,0.36535173327774584
51891,0.2849532727963833
47684,0.5719200718748618
42368,0.6638668972432508
94677,0.8799813512551103
81349,0.5893156745481616
101549,0.46143759949411717
102583,0.46599719727249667
102751,0.7129350583524248
73545,0.6084007625524206
87746,0.8817068181259351
91360,0.8780415905259386
50130,0.2101617625924176
86506,0.8300525189777207
43251,0.876997637124242
82991,0.824594167551494
1196,0.5891956434914375
35346,0.8815662862651256
95915,0.8264634425132867
50942,0.781604835678738
94004,0.8719605218215725
67116,0.865956647636677
85848,0.10283807059656205
92443,0.8725085627338253
27564,0.3626020045221607
1052,0.15881876568403927
56865,0.6447571870823071
71213,0.6017610176017981
97167,0.23562266751559066
31611,0.5376800172501763
97081,0.6948006023140636
85914,0.3485465749037646
77780,0.7115332917497176
79735,0.295287114071011
38070,0.5498408865788377
104624,0.6308306729494899
85892,0.5204710199295893
61573,0.8981080793606924
106356,0.49146945205064485
32933,0.5979693847337814
68606,0.8163635050257776
26191,0.1607601492983578
72996,0.8982402973225659
14888,0.8060352101805818
15547,0.7021151829544168
82169,0.781888735277461
79334,0.896092068849256
71949,0.5190845564946607
34097,0.1442767859185229
34726,0.30665674440954144
35190,0.8080528661992183
102937,0.26524593635512517
47205,0.7572368971324805
53487,0.3748309114671358
32023,0.8496575787363018
84844,0.20140777200201682
31030,0.8498540229925384
594,0.8957420948069919
95995,0.11485444229892097
29256,0.5743820733943443
28103,0.8985937316390372
101705,0.5565172242072298
54597,0.5466586958716209
86133,0.8915646842219015
48719,0.4343650800743847
13481,0.34349050751977284
56647,0.5557128422750561
103100,0.3273352646932128
61338,0.8352595013862042
1745,0.5727056643160839
44981,0.7998176037681515
21909,0.5683484290035072
63191,0.6675662055249407
105688,0.8976488481514191
50576,0.6737885017223955
59004,0.8104575621101973
78710,0.14343193412263178
81266,0.41994425254586293
53011,0.5585135292435998
59454,0.5666698731575426
62370,0.7284327152582236
15436,0.8058144628232379
47496,0.2272321264845365
46929,0.4798359097441844
31547,0.30280453069420643
40230,0.20842980865648766
72864,0.4193441784198041
96419,0.3073775718794119
100337,0.7924718464429101
16843,0.23533113939390704
31034,0.21060466887170418
21759,0.7753785975424548
46175,0.893975978742628
30282,0.8824672866172119
38301,0.5020875100887607
29861,0.33696106236601
31215,0.29528855954994787
75124,0.13777725212910097
49611,0.2644410611171072
79184,0.7763200534876603
98827,0.887547006754769
53215,0.8981462085285699
67845,0.8962764038230848
103204,0.798101440463062
30524,0.8984135273098356
59626,0.8979625032777073
74164,0.8968136899453131
33755,0.8926139506537996
86222,0.7502142091569903
41359,0.7639809216496247
88380,0.10877663147609672
34779,0.8924765317813705
20786,0.5388675244264756
27313,0.8966175044044087
1923,0.4997469144991212
50465,0.29637995959288643
18269,0.4882591016897039
101096,0.852191933861817
51741,0.8672641766878704
2655,0.15315421180400782
51362,0.3401540090193482
28358,0.6281283926589915
89742,0.3782161665095356
79000,0.30290540521843573
20164,0.5195317270416295
27133,0.5341956342722507
22732,0.27169461536052963
56571,0.8894736661801197
67016,0.6422386620318216
75456,0.11795476175520078
17639,0.2645400272472413
72842,0.3508666382348762
12597,0.879078109316216
6071,0.6928519912101392
67489,0.43027742349884274
43846,0.7955011616514333
7860,0.38224827374166964
46167,0.43511911429640865
1043,0.30769864820504583
19831,0.28769421538363754
36952,0.726207518300407
14413,0.8954251041005388
101104,0.27288091113479823
29305,0.25629257535954064
14320,0.890474005377972
83868,0.7120109908815152
19295,0.6622443413124426
50380,0.8916360973743479
41683,0.6139733131859548
11830,0.6236398358427071
76290,0.8982251569070613
27478,0.37930717902377803
10160,0.5964384988251474
34859,0.8507144380130945
17876,0.3019387597756283
89367,0.4697393765669766
62132,0.8925094234948392
79903,0.36663897947950386
99802,0.8872934347053502
91027,0.6158427621950413
31945,0.1380592382600023
103290,0.7458509671097384
77395,0.7242207802727596
39151,0.23019433915114265
14446,0.8593934233141136
56349,0.8951551548767697
84526,0.8648927492399823
62866,0.8172968174445379
48188,0.4343893271807928
1284,0.13159536387099557
34337,0.1445180800957485
73565,0.8947481617054113
93997,0.3269314433035292
94490,0.4999867478106602
104352,0.8522345853005798
96339,0.7384076826139041
85425,0.8975671648463729
1773,0.65516872297854
81364,0.27747120844385675
7846,0.8778847755873734
67297,0.7571354988572057
4437,0.644389281106363
83380,0.25865475400286825
32965,0.3069077529367278
11367,0.5898618303253108
11935,0.8860186414474354
67673,0.7819721661156589
73183,0.19266589355289054
106947,0.22347553141070114
61526,0.3181778498203751
19961,0.8980180104309264
64622,0.12091234892558397
45930,0.8840420128142636
31971,0.34335500662495716
75761,0.48418682824166254
63725,0.5782374890667266
76687,0.3509759567344163
92060,0.7422556330718446
100387,0.22284711270569818
98217,0.29442149490517755
81871,0.3400720263160656
16317,0.33855456278989443
66790,0.7565619721469795
82663,0.8591806707966988
73834,0.5782903199823113
21347,0.777505245335399
86955,0.8536101487997811
86852,0.794735684857021
68457,0.19159603622504906
88093,0.25397434334206404
81164,0.5277077282456213
61819,0.8623318013439941
13012,0.6439366561804846
13155,0.17652764889479622
15783,0.8122105285215397
15673,0.32266407240827755
35925,0.8868972593787512
106969,0.6596795820579789
25640,0.32532270838955873
97931,0.5084327826076585
50074,0.13518072943714088
29649,0.3634112439420555
91931,0.13830567581169698
61722,0.4668098049426749
20287,0.3319636227547021
76463,0.848287951677575
62710,0.8819439027196192
35255,0.4909063761701632
85906,0.42345994716606283
11618,0.8963305429599426
94378,0.8429304824725916
100329,0.5989489404945335
17723,0.2751749985153181
39882,0.3967957195202263
11795,0.894539528390027
66789,0.8499240816477535
102765,0.5426182042860008
13650,0.8908728386451237
97337,0.34714571418246676
23806,0.5961334831167764
34279,0.35803159945860885
98949,0.439393829118896
82142,0.541039203483948
15659,0.503762148391838
63656,0.8953529970027808
40763,0.14050095433992743
80836,0.2866351149639608
104849,0.8550952641191778
86473,0.557228841584996
51194,0.3320988622791134
66403,0.09974297607042823
271,0.7376875398510052
2273,0.13249268589791682
81275,0.31558929007543235
14715,0.6368653325125754
57319,0.1770556216179559
35197,0.33706731558860115
98220,0.8919242618883552
94959,0.6261990238306484
91613,0.7574287389847012
94534,0.14173773991479585
81910,0.8838766531956909
76649,0.270269059275452
23354,0.3594460700497399
40827,0.8895060953398957
78654,0.15929996450749767
73369,0.18397757934433126
67659,0.8926874631327388
34111,0.8494128511493567
102361,0.581679590580609
37171,0.8963071962966248
27744,0.7704349824448843
53767,0.6538779406246422
42072,0.8745579390459127
53742,0.24730023396806788
46497,0.8974631456123934
35788,0.7594459666378512
88746,0.8174005034417895
4922,0.3165483948122618
41718,0.515457808331826
8802,0.09706828799328358
38604,0.4444105084553457
57098,0.895701564859123
13275,0.5342778902687126
18055,0.8928128419208672
49524,0.1050650315040107
76101,0.8011671628075143
66332,0.27621605495296064
91441,0.46234696837351213
81061,0.1093792763319636
96013,0.3503614280788755
33186,0.39837589957944775
75009,0.2817533130400066
73082,0.7503044185452034
3525,0.28318003951732756
1836,0.4756656369038298
34802,0.355807109825978
19758,0.3330763447133059
15902,0.746675152578494
23441,0.49856867022499457
57798,0.17996487438079445
68964,0.8466905154530102
68435,0.8437529646323307
26294,0.5779418228719325
45844,0.20206186556243724
60688,0.6043798946853314
95472,0.5849803941642511
39837,0.5565632618228455
46184,0.8975324273221106
64478,0.8066196595410098
55688,0.47736225266583693
89513,0.1806480745092136
34602,0.8948525180887159
25366,0.8837970433772219
44642,0.8081401909547616
66923,0.7268595574676262
83881,0.291649597897649
13996,0.8974886016577099
6535,0.498918079378627
75328,0.2506295477575545
69789,0.7445264040501599
102472,0.23933747067146938
27005,0.3151545959839967
94773,0.8914237372365258
39038,0.8955425122553837
59584,0.35841468469492344
75032,0.5890486374438537
94365,0.3831574772982775
86729,0.5618847704280231
103277,0.6119499458104137
96803,0.8876543734907604
58216,0.5021943136408414
59839,0.5763183457311565
98342,0.5418760642918091
60175,0.8314918174896595
82073,0.880212219090315
93301,0.8958725710812435
63588,0.7448624622399282
27987,0.8935834596372689
80054,0.8889481205006494
28762,0.821878646684812
92627,0.5595346751293863
37981,0.8348135662392754
103582,0.21464450076641167
26564,0.351406027484179
54394,0.3266944176549856
44332,0.6397885453221591
22138,0.5509127355478373
94855,0.7919079017413599
4632,0.19681068216763586
32784,0.28559722243489555
32830,0.8488106926441836
5631,0.16792631792562887
16808,0.19147440982362357
99344,0.5266756812964214
62996,0.4277739892393453
94028,0.39539651068049697
23890,0.8203697922434003
65380,0.8776058690593607
227,0.40583218668552823
67725,0.6046770121310391
104891,0.2946287426156521
28004,0.5597194572035948
83787,0.19468416073088332
29242,0.42316843482245864
19087,0.710279117779712
21662,0.89704772801566
80430,0.89695048136562
11521,0.28938456042844984
5769,0.3483319220609899
81749,0.7719908693177304
48697,0.8868318458543671
48172,0.8967197973174641
53034,0.19291458197292563
19406,0.8840413595933806
96433,0.3682157264019418
31600,0.8926317453352319
27238,0.1554173229125594
99691,0.873277834852052
82316,0.6725972418010571
47283,0.8981329958910762
97742,0.49587373955987635
22508,0.8935568923485667
49085,0.26972885337096303
35900,0.8974545403973798
87088,0.31751285427938336
24902,0.8858021089595569
94494,0.27595567059992754
28022,0.8973072393550328
2059,0.8346015461993498
12010,0.8960401238044343
57179,0.889907540838156
43643,0.8233850578859122
49136,0.5430885536195469
43229,0.2940250962241152
94695,0.7888389595047486
35330,0.11297722123755179
68583,0.11433659408941693
35691,0.7704381414047894
58106,0.7163647324428725
49013,0.48958621476278363
4021,0.8320735093225691
9736,0.5852802230071233
16976,0.8728559784619782
60727,0.8130438482261456
22616,0.45838120130917626
94363,0.10286139153844089
102735,0.5076538120645051
73328,0.7387114505715487
82486,0.19392710031459462
45754,0.1137569519711986
52339,0.10384615357832662
27609,0.5491863174803178
75284,0.4351910137762623
31833,0.6373931926599504
43459,0.8208875273158961
43426,0.7532051902497525
16966,0.509193433426695
67316,0.32795158638800737
90027,0.6163755668257604
21202,0.5812971285162667
60034,0.14792802507744057
100336,0.6061213535405641
104126,0.8636873593072631
10532,0.5932948044314784
19102,0.570195420069431
70178,0.35944203214168396
89262,0.281960005219284
59485,0.8748751709914454
39936,0.8125800665878693
84258,0.3390130644260942
98035,0.38804716796766786
13638,0.8473447987649093
104139,0.21984787761292968
93985,0.5277043042811921
15049,0.31853901564478704
17040,0.35461684653284287
21849,0.33114559808364913
27661,0.8867161367503505
26382,0.2291782779256824
55516,0.5008676922952635
65056,0.897942782941638
38204,0.8786831295711283
45724,0.7761695483884652
51528,0.8166911005991633
42609,0.7892148498489042
15379,0.42621396206670814
70841,0.8939346538842001
49635,0.6384019277212234
54418,0.5515507918766456
34898,0.8953453332655688
82519,0.1697738217930111
22371,0.33084990509804846
31017,0.4289056537625704
95026,0.7430658201755719
54736,0.6317215230888898
17067,0.8596259541754577
65336,0.6197575350435885
64461,0.32602394107994936
81513,0.27926573426252005
56947,0.8942657185036323
27779,0.24030051945874475
97067,0.7501526225858038
56463,0.2994254579448097
33626,0.7807030062365318
87493,0.184435327406341
45569,0.8979416217412662
20981,0.10158724308882261
145,0.35855874181592035
22884,0.46534501843925974
8896,0.46504267537314775
17763,0.17290186626380763
6716,0.4032671797583024
77738,0.8968907154156851
72793,0.2984850884796473
7354,0.8965289422367089
23390,0.7456024390460608
86826,0.28133338309836226
102897,0.6491346304214185
2390,0.8933714265878561
101532,0.8714821745075938
71510,0.24698282295973908
85733,0.5328066855651935
104850,0.8983565765145256
36937,0.6554709549548903
62521,0.535368688435532
329,0.5669428559396403
58726,0.38422069940686493
104467,0.2615642276589478
11753,0.3643944023091205
75997,0.6962670222919541
44827,0.8488063367581852
81596,0.8586275366075085
5976,0.8505404580094221
14096,0.5625893003415261
32561,0.44917830596021535
97574,0.8920609089898782
87563,0.670783244657204
4012,0.23660998330965516
44065,0.3693669869650044
7357,0.18509659237063406
32431,0.8592618450169286
97914,0.8806873992777161
10926,0.7291703812044216
25951,0.8584970533971668
16993,0.14636862752520313
83006,0.7971499518704679
65555,0.45146748431386813
47229,0.8916416835245157
24230,0.500222749624852
80478,0.2897160474023539
12794,0.1013720360361812
101427,0.2390878330676311
77338,0.2944777339778941
60261,0.8435751576321446
61243,0.36177941405928105
52749,0.6763037093734514
35153,0.7290852792943179
1847,0.8377095058800872
37515,0.89645668090085
59715,0.19749752980742036
75508,0.30874310738787614
68453,0.5747312757260149
38857,0.6237930373150102
76901,0.6973383031436365
45312,0.8962928499347296
64699,0.8986831089015229
107124,0.8041867310219908
106450,0.2635339207503533
59034,0.8083297179761452
28823,0.8848086495887093
16562,0.5226468735194228
7111,0.8955084666455592
62848,0.33291126252881026
2065,0.33293299246224095
93643,0.31780581796636026
14995,0.890629105313365
10652,0.642186497267113
96790,0.7077213296622316
13931,0.8915032535607974
105910,0.5878254812126746
105867,0.46659022756703344
47543,0.4473321612760951
52396,0.41775438083893074
11384,0.24305842342538764
58047,0.5705991683251337
27059,0.24951161759877366
62378,0.8940449480183398
91044,0.721193069855499
65285,0.6253537349123741
9793,0.20954405917230307
87140,0.32912506718005685
60724,0.8798281972125641
102439,0.44970998264125384
79462,0.3041768557325897
37993,0.896866773605997
83192,0.5368809549870184
16217,0.8180673562852633
50809,0.8495057592858695
69198,0.8400092822094012
4837,0.5570068397080185
1378,0.6802603417409512
6627,0.4549303257629359
44185,0.6303329579270406
89323,0.5709503237691053
30419,0.46710273761888
44183,0.8073211090898846
70038,0.40015173899146517
42202,0.11269934347059793
68211,0.12750608161276833
86889,0.8949741385060682
70314,0.7927491138633247
28421,0.6616240544895723
79594,0.6669534035245739
63970,0.894971479269663
66554,0.7470866244485072
73096,0.894386640035978
63901,0.557355893838313
48610,0.8975627860207083
4433,0.6880950318035064
83417,0.775778918667478
26109,0.10088379925084236
107024,0.7502991594953308
103750,0.5311517320113466
83501,0.897293570172133
29599,0.8844262796397108
7580,0.14484428476085098
90263,0.898292765121464
16027,0.7770350985247423
96145,0.5359354147794152
38150,0.8604945623737936
40057,0.5173614019498948
31590,0.2474235511000778
101651,0.8819967555538917
98893,0.7630355722647286
5608,0.8563504519698002
32223,0.6212418967287571
104466,0.7699657819874105
24293,0.7672646956842211
48837,0.10983654618747311
63309,0.2416564416449407
55433,0.2703651100477095
35375,0.2186317526075211
65396,0.6137600717366499
91489,0.8655622193734094
86721,0.6576028939624483
10224,0.24856316459577266
87346,0.7702727647826417
57170,0.8985524712965741
100290,0.130180118361402
35196,0.7353441069368978
44191,0.12401916855212046
92164,0.7313170817928228
29280,0.7820174312117394
25538,0.5055502883687748
83987,0.6127048034069842
62898,0.4727435384016085
106361,0.21743625892877932
25136,0.37413018650395136
29505,0.5621454344200603
83536,0.8776533255644411
45658,0.17781532614969991
3288,0.8973259317231594
23616,0.8909916311800135
41581,0.394433973767079
11609,0.828806656932945
90769,0.3307527495740544
94406,0.1363531524978404
6965,0.23970524292743087
51073,0.7704389832939913
51777,0.328383602256773
61494,0.4593277741326136
25372,0.4496954610599154
71318,0.7263675541063045
46254,0.8947037573050018
46722,0.7597932587544888
42554,0.8095877926218352
47197,0.42085248804201647
51552,0.18932533776352406
4582,0.4544532719738043
69685,0.8706565500013379
64327,0.6719526812124288
90833,0.2962403013481117
100852,0.715024290624099
32398,0.16393498937536688
94635,0.6250816672971697
24454,0.3404950342749662
34791,0.8488882889160958
12741,0.11221170891330721
14778,0.7799448356262644
48422,0.39781139717454694
44847,0.5017160515730298
4140,0.21294704004416443
79918,0.404855291658172
11546,0.6135293303390628
8942,0.34158401379978853
40240,0.4657185340776879
70332,0.7850034973376687
27702,0.7001370899716455
30292,0.30699267195992386
95337,0.8918528243754331
53342,0.5327657848869904
23596,0.2998161804352014
16604,0.8837548984549746
23231,0.7096810187722452
54794,0.14730661074617124
94579,0.28805548913307744
88392,0.892330859263503
25986,0.8872154244490095
102710,0.8974965693700321
55373,0.7664245437509252
20649,0.5626685991351406
48177,0.8729085292785849
76434,0.7700211953923751
70908,0.8505144736155472
102742,0.44148435234095224
25058,0.43890042912314414
78434,0.747027673719584
80726,0.32818593714110067
65248,0.6601923093311295
88275,0.8884773449709827
74074,0.8977871353319222
21876,0.7532768248089914
103450,0.6502814627451409
67928,0.8971690081665595
59256,0.8086522965395846
46298,0.8920860581466961
98195,0.6948655279227849
95110,0.8982644035435593
82195,0.28040412806606846
21832,0.8979917371336903
61503,0.4429903132409818
91959,0.4018109843589361
26200,0.3690424247893211
25686,0.5423958891981068
64370,0.7409248082238693
57104,0.2250964356667532
85740,0.4983463442196733
65082,0.3689082125084444
73465,0.8965036332200635
14815,0.873010289231351
62566,0.3021092292227258
65389,0.35299838562587144
36629,0.6020990133397142
2761,0.5496819386005413
46122,0.8941448460801272
46708,0.8946832462172779
48543,0.8943214176559805
38437,0.11658636884507664
41679,0.29505958506094027
11943,0.12739156721684114
80663,0.7357455950172546
57362,0.5565693863057761
78294,0.6528382944918231
11443,0.8960316566308852
3339,0.2056299902744932
8333,0.8980174738269029
73688,0.19489329863297306
101048,0.3780112550440205
38807,0.3312021099126754
91992,0.4337274493551729
103660,0.18414237393451954
4349,0.25179625041983095
23900,0.4035031442530307
54890,0.8984008777447132
47554,0.45115735488860104
57897,0.2783499591368871
95129,0.4300275531867995
97155,0.6346391294709481
78284,0.8116723474225683
53620,0.8518283658867797
17540,0.8913707814247223
90980,0.09879589231533302
53178,0.7010777697610691
54282,0.17663675240805451
83611,0.8949723470482566
74832,0.3349812644335623
33521,0.787137447349392
22312,0.5986430503763146
8327,0.8923466670059537
48181,0.24928993438631553
61597,0.8958317115707202
56734,0.7756863236635987
7246,0.28781126341326163
18123,0.8642401017429757
18892,0.896516879526771
48849,0.6353853865170485
47669,0.8769936799091864
94924,0.837361870835493
48512,0.888473576688545
9957,0.2911486191371479
15707,0.7045523504940118
55630,0.8883618597167915
9362,0.40294874435586503
66120,0.1501350049589524
16363,0.13970317618316258
16402,0.4682912754506993
41921,0.8820581373674307
22353,0.8975300519329297
14686,0.11069347804427453
28415,0.3397071976963078
105355,0.8858458690390909
41053,0.18838006182265848
37061,0.31869993121078743
6933,0.22101544091814046
31839,0.35809785163585106
44786,0.34145643660021413
70036,0.7575091934326692
68703,0.20496733407980064
42378,0.4289188560104861
36526,0.3321792399436809
49901,0.4638123858196823
74032,0.6849514832253261
45628,0.20125180447098875
31979,0.8971238829138338
53486,0.6300258940537592
46763,0.4757886389967587
85408,0.4309469625893039
22637,0.5202360226215985
85061,0.44917304018576204
22921,0.8835256579653052
29685,0.35885227394465136
44220,0.1459864061767512
1290,0.35238027340068356
35918,0.133426304947583
95177,0.8675347380416272
31992,0.7719655519511984
61329,0.5630641113776672
58169,0.1527154315517816
7717,0.8629582908330132
81789,0.836406267016224
12979,0.8345153499717995
43043,0.3856763752506169
75875,0.7221472353764125
42519,0.8352614292715157
78452,0.11188148899737031
52550,0.6986826487098662
106635,0.6165118893476499
95352,0.8495028202051891
7091,0.8816605899328462
101511,0.5664530579841002
61044,0.8976702514865459
63031,0.2696577549311507
86820,0.8357983960682686
70201,0.5102849461942652
92595,0.8928144025105025
45050,0.21556750788514786
28950,0.3129727072310144
25218,0.27758195451940204
49914,0.259676945728747
28318,0.34144065386035055
20136,0.8335922842790751
71667,0.8323516172497991
100422,0.5193667841056783
13447,0.2653415487515079
19832,0.8561969966171395
106236,0.21668398440727232
102494,0.8331470869509531
19099,0.8065994504110889
1374,0.46467925275783073
100798,0.883860949208745
50458,0.29864878389482363
8098,0.804096820692066
46587,0.806029690686864
97916,0.8528095711690329
15653,0.24622215718482368
41534,0.897474172851253
1648,0.726171236891726
20773,0.8604355487821033
67182,0.4574286793310253
75074,0.3595571155465197
103776,0.8863212960056108
84381,0.3930550327959593
66906,0.6082195093203739
76170,0.8206297219508232
3635,0.8979034788351888
100541,0.33470086540955213
42074,0.36340829166303223
61498,0.8558780367875474
5817,0.3852154478527882
5050,0.8890656968070436
79558,0.4959566236789593
93493,0.1483252345591428
3526,0.8970432950046905
14253,0.897638728192229
41847,0.49551081513230627
11067,0.8948473733836437
19072,0.8978174745912607
42248,0.2093670689364515
27783,0.5818989571851063
97731,0.1893965536539103
65049,0.8207548923685952
48336,0.5729000443602799
87509,0.33247146076086215
22247,0.8699004298188071
98041,0.8902652861243174
89133,0.8689042887233531
28435,0.4365121630170641
1568,0.3463488447915407
49259,0.6716911464290765
40251,0.7961846062754138
21063,0.7770528180412066
39510,0.5373493543584907
84092,0.18864357023681275
21541,0.7310629113654759
56060,0.34573279366526416
58625,0.15986061792086426
55009,0.2892568510967398
4421,0.8548845857570818
58289,0.8977225250950708
81464,0.42321898645134076
56880,0.5503009196226802
94733,0.8760008182850796
89920,0.4249218504401198
95370,0.6832270217315374
86551,0.1449381495210057
64842,0.5358459035996219
98219,0.6809547218883472
14959,0.8093988161113557
61918,0.633145133002333
30768,0.4956166045903875
84626,0.6430704404557763
87409,0.8950471210757163
71910,0.45994586963072914
76044,0.8979903272701656
93349,0.890156748745709
83169,0.12193832541450328
40924,0.7143820907879825
83906,0.898630166662034
90343,0.6862371461166015
99624,0.7020926292981599
60372,0.31450342471607584
17360,0.5027388381546133
3376,0.8958914778525433
101531,0.48352524340136827
92693,0.5196992424616899
63830,0.2976674809560269
105550,0.32443912246399725
67793,0.4513926405318808
74065,0.5878954823571859
52043,0.6898899058362813
101272,0.7801703993533764
95104,0.8930440531047097
12014,0.8532544286056798
56921,0.10153921603641672
91011,0.2476711860466281
22278,0.6678445001077521
72818,0.7363807930214362
18017,0.21331188113609867
85902,0.8081000402176055
73281,0.6892568595564545
66154,0.3236599182931023
64930,0.556365637770134
99208,0.8840920930471723
46912,0.5524133953923951
82434,0.8945978224387708
34011,0.6552055482128856
93158,0.8977579017822708
2811,0.8851818565449415
10413,0.28717555336937967
19194,0.4016964711384034
49608,0.8524681870880356
66841,0.898426617885956
58801,0.6729299739147085
102353,0.8918783100370031
48903,0.6020631708102957
59202,0.8785635832084123
88029,0.2709667887683524
77130,0.37954843143411765
40716,0.8347499016333975
51834,0.8859264570824616
2106,0.20083565489748084
43645,0.1914037663800106
103317,0.30495471727983503
90097,0.8932523746425439
67179,0.5535227424798068
75619,0.5985189483414907
91664,0.687994272110798
84404,0.37607819448421553
62415,0.344576490902711
44375,0.3436264366917654
99252,0.5125912532517422
62134,0.67378950584005
36512,0.796542903605304
39584,0.35577247146271634
49182,0.182295182262288
9209,0.2515954304438789
23385,0.8968581484041553
14286,0.7310555019562966
29787,0.3201777528938105
39647,0.8831889979555854
47671,0.7502947702549769
28786,0.7426513278428575
59678,0.8907017686579083
30071,0.3409238802002552
89480,0.4372145143435483
12125,0.22915716098330097
93053,0.3230104241405434
19649,0.8611983697847331
18321,0.880668824630745
55999,0.38008092689405626
31501,0.33245401921162177
8089,0.11045102621411487
25411,0.5812575329527807
91874,0.23824987259215497
466,0.8877867459675228
49124,0.38403638452911504
16452,0.8855601129157572
51030,0.14671102602618943
14352,0.34708852827122205
20051,0.8405659476422606
68506,0.7771157479166982
46932,0.27000714892573485
48724,0.5454410771759861
106754,0.7059998701094051
70520,0.8232739229562912
32716,0.13598050102445297
19783,0.8106957303113844
1729,0.1210933711314491
38511,0.8968543581036097
27811,0.5614818690456883
40368,0.3391661547308081
49438,0.5206224912630916
106631,0.13622281714005574
43598,0.16839225081661796
88438,0.35562948390366866
38912,0.35548366258956254
88719,0.8593324224208292
33208,0.34561820098398677
75282,0.8940367270134535
73266,0.41875996488165357
19084,0.671851439867474
5823,0.2937568172603868
34194,0.8521763893590961
36136,0.23592994203647835
55696,0.8158047316774801
27683,0.8590828621213873
49127,0.8231839987584978
58850,0.4096806313103142
19462,0.4239471376468299
25121,0.14646567692480936
32769,0.3112687478846291
67726,0.5144145826159746
30824,0.7379728814335512
104718,0.4051791122694178
93260,0.8151630167908271
72559,0.2929666975187226
34565,0.727874291195574
29042,0.7910524748823273
98338,0.7922341839836504
39563,0.29339274676402627
70885,0.2169834337720852
7911,0.47034379039705715
23393,0.29875021761686493
29608,0.6514495776870463
55788,0.3221425965339951
30151,0.8254275146391161
88907,0.8240351461032547
2054,0.12480169669738482
24459,0.8493308863217016
21357,0.5966160022651948
10902,0.8572280900019915
46706,0.750473563330159
47885,0.319354550026114
105126,0.7371580719779203
51203,0.8548822953304314
87021,0.8980095976048255
16789,0.38265808065895435
104871,0.46383834201181506
36294,0.5717855109546053
7053,0.6449423176637569
71733,0.8955354936843386
80090,0.21974491947115538
6574,0.40646169986076314
31797,0.5035332206285412
19952,0.8676060848340336
16668,0.09991711525033088
48236,0.8829541545459758
40314,0.1465289058145948
66603,0.8313423876313895
23583,0.7200466816103683
61738,0.5045360172600759
50567,0.3280223207495071
38284,0.750246278662732
3562,0.8583002894230245
42704,0.8439969922263942
21007,0.6163680257646069
56284,0.14277978987348267
72475,0.7478625949862091
24080,0.48680377515745876
50203,0.8969546981348693
86643,0.28268599169988773
35152,0.6576577830778177
44133,0.4991680514328813
40041,0.5759381769652018
82527,0.8952023013740918
35320,0.3892364810549662
100607,0.7486834427469833
91405,0.699146852858004
51837,0.12872793748723757
22239,0.20708752160541782
79207,0.896893590071263
65262,0.8325060974749969
65622,0.232543066702956
29865,0.8370277266031121
90444,0.8431915694031709
58080,0.8940832266117441
96233,0.7955774691337864
104292,0.8525074968156755
23999,0.8971821511596657
87724,0.38332312590974477
61964,0.6416398657790146
28233,0.8544417053760387
87041,0.8926611679765054
29483,0.5168823533261291
14131,0.3275133075580137
97450,0.898547769410205
65873,0.8321847784137829
44510,0.8971974636904261
35799,0.8236733686930012
91708,0.7179688920831541
93454,0.7979928085736416
8299,0.10622031585468106
35919,0.32696418100941044
628,0.5999563041517492
21766,0.6880555517699832
44458,0.8483266883327792
60983,0.88553169598754
4255,0.7140776780901169
49690,0.21001727682350968
67251,0.8762556094523565
18018,0.8914430028121558
64334,0.30273142470260034
23020,0.890063398066143
64539,0.4666397324648489
2636,0.7272682468300063
4239,0.8617931645554225
2916,0.43198610525435993
47620,0.577094513614774
95172,0.307240760159171
87497,0.27425500255001245
102911,0.2393189875435219
62964,0.5594355759139112
17161,0.31386920316562195
67138,0.8128437813743823
16931,0.40657420208006934
2191,0.6792685550081047
85278,0.2572299743828079
32044,0.5471569985724631
13297,0.3802316162795124
22001,0.33996594815450604
25536,0.29489834647462765
82091,0.8592721432992632
79109,0.8399268860423206
99901,0.4685226417457067
87478,0.42797498705017617
80502,0.8438748412358439
77107,0.6770354298391043
92705,0.8839888345471835
82783,0.6087828478931353
90183,0.3266624975974446
53221,0.4609902934750756
54010,0.31315754348725905
43465,0.25236422352291754
37604,0.870609591600765
12589,0.796436034304717
76240,0.8951346198358396
9378,0.4780056720778488
19599,0.823414773087385
58146,0.8791770084805243
15010,0.8700140301904662
61669,0.6716638437942856
389,0.6900960803720619
28590,0.307869860997322
26249,0.876594806509375
50580,0.8287002124790014
91531,0.8978197781738382
76422,0.17622447096327104
98346,0.33089219829435057
64132,0.812954362393109
2103,0.7273440580765519
52810,0.31578097680366507
99888,0.773333946980346
105511,0.4162199641040597
45949,0.5778369986412113
35279,0.5658492642487918
69937,0.20148890648323103
88281,0.566662013092549
35458,0.6326951048597744
98724,0.64183542736172
33661,0.5461197076656252
36453,0.8981865407226046
66277,0.16734129338671896
11313,0.8175502670782684
54039,0.29242753449912373
67162,0.3861099492768358
82272,0.884310497824572
11190,0.6751746120722362
51756,0.6520569472715476
87877,0.12208920528119371
65208,0.49458001938555063
938,0.8923681073461688
8843,0.32785536338983284
62361,0.8952173122077371
51842,0.5736682802105513
68472,0.2995184584994801
7764,0.33315584236611057
42727,0.5758034994441747
203,0.7440747467053538
37980,0.25306935006117964
102455,0.8675287934050822
83234,0.10848861804408305
57168,0.34249692301106266
34845,0.769730683496569
55704,0.516443923007754
43121,0.269309996298269
33031,0.3594236347418826
84017,0.8839312026135823
65439,0.48450641078268847
76588,0.24476387411100536
97248,0.20973083164582307
36473,0.8007032667240102
33423,0.4918961932652936
56678,0.1874830820380649
40269,0.6713858358440572
60140,0.3456562866470391
16164,0.8668305990527562
31227,0.5112549874693626
100102,0.44508684502494733
95294,0.14781955254518075
62010,0.3982801016390676
104912,0.7950462557575774
8993,0.7864285575068506
15518,0.897138584230479
50328,0.8986294755068811
40417,0.26861721988689424
93859,0.14926364839720851
5016,0.6605862990284515
21094,0.8903538211464436
26228,0.8515252139128183
39317,0.1871898567161499
6096,0.2987420443342198
71548,0.8395696070724238
24220,0.18809560975558487
21791,0.7323131257737328
20371,0.6972217116151385
67898,0.8497637562103992
103635,0.7163526226359822
49440,0.8764888499093696
94769,0.7552564352793418
10446,0.8068946428428042
33663,0.7211564136190761
16336,0.7858215672960353
13881,0.4574370744126839
45024,0.40412565853594984
18329,0.3521589099925214
71536,0.8647923450693267
45269,0.7038950749276214
53758,0.8734304149803347
30249,0.5970456554663153
16989,0.3316257986107325
66127,0.5494749910070734
20159,0.4025632600566387
23049,0.8290983712046234
106243,0.7899332026120807
91756,0.11785764270955339
30302,0.5384583484219474
50487,0.8892423953137186
94582,0.1860345278896248
85863,0.18361965775342892
54544,0.38906635308316984
24480,0.27351098906624527
66645,0.8859139620413949
48238,0.8980094790159339
87273,0.8976307544993687
84861,0.5271329604539163
25328,0.1242794589980438
93455,0.7584323612866909
76358,0.8747663582081142
64119,0.8857942306664273
95989,0.41892184387588693
14317,0.21393123508393935
29470,0.8833879447168307
74323,0.3026636159679845
80695,0.5377986895868134
26939,0.8278904269617601
29512,0.5751217211323558
74168,0.8435564861924556
48035,0.3032370674498688
95266,0.27136378943877765
1493,0.5071386350519829
50973,0.8745771987363674
74763,0.8009652842483606
55922,0.8972803603678141
22062,0.18158148273907487
30450,0.42580498266288824
93468,0.432410602711647
53150,0.8641433914864385
47326,0.49934410400690954
55563,0.6949492306670861
70116,0.8984679135457705
57580,0.7377306147510615
75952,0.3377963592560065
100913,0.8978402538444947
95057,0.5078658003756263
91782,0.29944638647369237
16983,0.10197950850365045
2975,0.7870401471270504
88963,0.8957797986965709
19730,0.8150734089819898
93990,0.6013007820569921
1787,0.34780358362328745
46145,0.17569522387617306
85637,0.6025325481989812
24327,0.40876386997915776
106396,0.6279778472950274
105351,0.25680352165784304
19104,0.8961263395158546
17291,0.4882872248385865
104618,0.6315567469055594
97225,0.8258592136408136
101063,0.8960223452840738
63097,0.8961999832102613
39930,0.8949776237949505
80503,0.7305773049527972
32279,0.7155426743768879
70128,0.35619547423137893
29146,0.1469884799973289
48275,0.8784083917981409
61528,0.17716619868165429
39366,0.10384749837366786
80412,0.8858586623738821
60591,0.3806890713299057
21378,0.7277853002208593
81393,0.30039359365108304
91555,0.4928264978325314
71883,0.15400208151278152
44107,0.258414590877474
79009,0.8578610853975157
93069,0.856716752796256
52996,0.895386349651998
6842,0.5295058889165214
49577,0.798547477780573
52152,0.30602006373311474
69008,0.8954184076114529
32692,0.8166340499412639
58630,0.45887222866867056
35659,0.8858709316500202
42219,0.3884072997606799
81987,0.8869602292303436
74,0.28507693166484815
78664,0.7973554695865213
22392,0.2080949624671657
10881,0.6766094955228955
24942,0.296098393811522
56862,0.5252284906295852
19427,0.3341286687322837
34266,0.7966898931230613
34763,0.8944905528150164
24096,0.8967922394379159
104578,0.5578094885026997
94951,0.6612465148902125
40265,0.520961674971044
3839,0.6876441569993181
43888,0.3930667650966146
105288,0.10177544151159432
12266,0.1790098757451783
30075,0.7562421231915482
95856,0.3585042351659067
52529,0.34850292443672043
91774,0.2935282622909391
54433,0.8240200830414766
103412,0.8986987246389574
45906,0.7794382285827393
51747,0.8795533292507046
53810,0.30415160906605593
24965,0.8860973279672771
17742,0.36447161203286804
1212,0.8975634932347429
59267,0.3279561125315769
66069,0.5946085846769471
25825,0.3576764829094543
41556,0.8871141301843779
64267,0.4437922165616506
15754,0.48457311127459446
13892,0.5773109917399788
64328,0.5822102480647904
55212,0.5951834937903777
8371,0.7035616984931045
81568,0.11479835610440677
18101,0.8978975458255476
54160,0.5905113764540724
34453,0.8597690365861062
66343,0.7611148096788856
4086,0.16042334165605943
1085,0.8911176351674315
10156,0.5405553000777351
21172,0.41470437702055146
67913,0.7069911543340871
78219,0.8985170018752222
28244,0.4075147355482833
51011,0.836876599424276
3011,0.756908061839171
8356,0.30002175077798543
63902,0.4259206258054763
49992,0.12342615922976977
26714,0.6429017245151137
106503,0.24350776718488062
78596,0.12822474272006779
7829,0.89453175867322
20002,0.8067490892548229
53668,0.6667327541227599
42773,0.7668665523541455
72273,0.8117805001947842
81964,0.8571000702910697
88213,0.8934449991879339
21519,0.8970298314985841
28541,0.4907015045965707
99540,0.7187192591724089
20708,0.7635132222692844
25251,0.8606046470044898
10159,0.4813136589906765
14546,0.818192713302397
28348,0.2077719535226245
75697,0.3465933224855951
34095,0.8608973276808104
78762,0.8148661670433309
82267,0.41741636755913003
69531,0.599073619596328
93925,0.755581030996062
57367,0.7562873093798615
94289,0.8134146288216547
73721,0.11849709511342212
44406,0.8642904910771674
79677,0.8975422873201131
99727,0.7539363991439898
90442,0.5553833196087411
103355,0.5998641301329544
65494,0.8968497030557232
38906,0.45952469935955953
73588,0.2916059042436313
45264,0.45551470652667836
99425,0.7208309689200562
20711,0.11323292607777063
52116,0.7018208962355963
101759,0.8852687372343383
78431,0.6129456363894616
52806,0.8515270493522469
22326,0.8749455295752095
19481,0.8182194191665056
29560,0.8863684935032485
45130,0.04392521713919188
59789,0.2987397067226729
40995,0.19246147251323856
48922,0.16893324919510086
63198,0.41705483661914583
63610,0.27130682133256523
75000,0.7677529873844716
36325,0.6647815204518515
15996,0.5004079040478896
52599,0.4640277535099392
1266,0.47954286313526795
92023,0.4221518774252816
86566,0.5923935886834732
61816,0.5371008514647994
4673,0.751759730172005
57549,0.8984263973251488
22904,0.789375989388328
80619,0.36012637512922147
48653,0.898480130701957
74673,0.7376345820691981
52436,0.5779010583464743
13915,0.8207829609327245
42346,0.2453941327126306
21030,0.2899343019387075
12289,0.7480884435516788
42408,0.1294033957844566
49915,0.8779637648646952
78645,0.31521305154634394
73874,0.8731364137564099
82582,0.66921886140456
16442,0.40757085019296285
11874,0.14789624429895193
61980,0.29961144550888824
23261,0.3141131984275671
82191,0.253899398281354
51689,0.5305530245766488
5899,0.8861070315868583
96499,0.7901526371213277
102987,0.26813459183240124
82598,0.18237905579137464
99762,0.6731818270685759
78500,0.3620372650195916
63759,0.7827028705571215
13717,0.3796381414501506
16463,0.25145493249726003
44868,0.6401791731890991
91073,0.878803486892968
20326,0.12073447003071366
9638,0.6793976297032667
50179,0.6045423468699974
67939,0.48977920505744327
81082,0.30921075379148233
83482,0.7603481812146886
103547,0.8979624277179683
47572,0.1493346824590025
8426,0.6636221886744936
82627,0.3933074693034436
29611,0.6030834358146941
14886,0.8054960919813188
35291,0.44481100019536185
86593,0.8536999365116006
47202,0.8927791705211816
6977,0.8697041331762243
102331,0.23681164611861957
24357,0.8525328004299703
74222,0.2888660519661475
38526,0.6574463972968847
44934,0.8979775771986791
82699,0.8451365523792108
18191,0.1421908747401754
76815,0.39414340564722117
34754,0.8967382578284877
3226,0.40163512331077533
94643,0.3510668045791916
45623,0.5486909944906144
8614,0.4702844307668207
8033,0.6480251134240549
98802,0.8974746750579062
97750,0.29166359739093095
3638,0.10499397475334822
42685,0.4720414547710576
52955,0.8805533110469265
100242,0.15327318625975306
102919,0.8489375366701304
16489,0.419784322803649
101697,0.3304400205031182
96562,0.10080424299949216
41528,0.7766674039782313
7450,0.326683412155216
88369,0.654598443034286
7919,0.6220660175177052
42515,0.8926509954227625
33567,0.3545248425728049
52062,0.8923855869882357
95469,0.7851547357761943
3189,0.6109576939295472
29365,0.10244196970842784
93701,0.5177774748958278
80260,0.8031059410470878
100649,0.1459919078652608
53246,0.5281636442801798
91012,0.3597685550083176
17185,0.8538974960415803
1118,0.7603380800212164
5891,0.7355608063203641
72853,0.8962097982373936
20340,0.3189820595194578
59057,0.8959265707597284
95083,0.8746875340619746
41544,0.30110763807351754
8584,0.31562230025748145
82913,0.6650200287203343
71575,0.6745158997224647
79719,0.0989409040114573
104129,0.18287989906057078
10317,0.6528154362299124
27663,0.8977136910126533
22832,0.23970947115458327
50048,0.6566670215929699
70974,0.34219752766003286
28207,0.884451468119141
13688,0.33856419697149004
995,0.14930386751782024
47354,0.8094910585181542
99701,0.7871240698185882
62148,0.5145162893340605
13409,0.6408929712309113
33367,0.27855776619101447
56974,0.41498957998945957
74442,0.731977417754112
61515,0.6776617868386505
53062,0.887238757680217
42478,0.20631804237080317
72667,0.861347720105848
13944,0.34019598557037944
44207,0.8987942873536353
80275,0.8833733141655139
85960,0.07041124344993431
91032,0.32525686269903115
102511,0.4048142441937348
72265,0.8520699874850715
54713,0.18943221988909825
85697,0.872188922415449
103872,0.256556382719232
90881,0.8978898910017703
23006,0.6096946321022385
33177,0.4700211219719854
38093,0.8646011802990118
14292,0.156540931154253
94164,0.12461108359119641
7505,0.822524142811612
28045,0.2393877019008332
40618,0.32697754583503574
45324,0.43226872973986097
57494,0.7200835444105579
34644,0.41097323738467506
104294,0.7034099297548759
33832,0.6254636949625978
39588,0.2966648630598066
87158,0.8155167578618026
38524,0.8974564088967363
99879,0.8980205167659656
77420,0.17636377099055367
83432,0.8388630355906852
31875,0.8289596074466424
99635,0.2192270250539835
67714,0.8929931668574436
24552,0.8958660750696363
11900,0.6956654473416387
92004,0.2948598101488955
30687,0.8924873319814162
68401,0.35348022227400766
87198,0.8967094513062382
59808,0.8906987761587801
105525,0.562990172370166
55013,0.8341573205010854
7316,0.47039048044995735
52527,0.4261911308415334
71735,0.8833883756955536
26045,0.43824628978141833
62203,0.5615776275128503
22328,0.18130889246548704
39358,0.6360517138306305
12055,0.3439366399461001
85025,0.8976502060867388
25527,0.611630654511397
25415,0.424544242904125
14621,0.17604545758913112
48629,0.44959126461411925
64113,0.49343173905196785
76973,0.6389536681915748
26713,0.6911199405746108
31372,0.357518577556696
55011,0.846055542122894
26050,0.8646712482400856
99136,0.893843418750257
106457,0.32569184065123735
47510,0.4770292402586873
61051,0.7305466226433524
79394,0.8941423793067237
83584,0.7069400892440874
16347,0.8604879216701626
56011,0.8897336916877548
98299,0.37235844097202775
69772,0.8986815382465637
104626,0.3860044990956999
90275,0.39046210659375824
35908,0.8704266992967993
48174,0.38332009111614773
22707,0.3090512500207429
45075,0.33987523890615967
78717,0.37546654150549413
92880,0.31952671345059375
99616,0.34491645983677716
40147,0.8782937530561138
67878,0.7727068978761803
5688,0.8980271595760999
29843,0.4007732901231626
93697,0.8984377989507939
77944,0.4648374690648658
10496,0.1983693261644864
35884,0.8496232195371114
14897,0.30347654257229717
97000,0.8876512958349245
74501,0.7891068586694137
35821,0.13461696987208122
4888,0.8975230487378734
3176,0.3061244766331678
42938,0.20407765957815688
68361,0.6491131872630171
85859,0.7254563110476241
47267,0.8481972159322
66499,0.3001860870867897
100083,0.6135355033206213
83134,0.7884473215425739
62253,0.26783861892810923
40822,0.8977178379257197
18377,0.38956202040684074
78837,0.34682465773364235
20140,0.5226165312313522
19794,0.15892909340609931
26676,0.8981374669560025
75027,0.891951414863984
30260,0.5946595276029976
12762,0.8326412367161662
46202,0.42182306444271567
2482,0.8401590280801324
19490,0.2954025302162124
16583,0.7080693793405628
35114,0.03145417475167574
53722,0.8983680041332932
33729,0.8981970137495547
101747,0.5139332760513575
30627,0.2627518604663712
71514,0.6795028648443734
94384,0.8482382457778647
66833,0.7187148607184306
21412,0.8624514506152116
41926,0.1841998088460985
65530,0.8144122310010653
53842,0.24752744038593116
13505,0.5924825292948714
2411,0.5942307054819997
94830,0.8851717541101876
21680,0.37334321169401674
66212,0.2628506384274636
50007,0.6375345578389443
105932,0.5228155417441581
27844,0.45234259258659626
89481,0.4673167346695407
43317,0.6837891874673339
41947,0.897173269530193
101165,0.00208649479198608
44602,0.3568529128079148
12673,0.450286137275984
60746,0.3695733225803306
67705,0.44306896824025727
16913,0.8968382130153298
15005,0.11862203928775039
13607,0.893356007627783
78049,0.39989303357317996
1253,0.3424713151959623
93833,0.7201669364175931
3236,0.8884211078590876
63170,0.8749761968491649
48337,0.6542352059170206
8170,0.649753350100448
14341,0.789495105117744
86045,0.634420348630212
14679,0.4952888315025771
27186,0.8543554381597473
95164,0.3468660540713325
98424,0.47716010364058187
54091,0.33539083420812144
101540,0.759439340774767
45523,0.8550454837168013
21227,0.8148415940221767
29555,0.8438570858798141
28851,0.5463876845737669
23068,0.5788701823197958
18148,0.8817234803305405
99684,0.6235885604484813
44819,0.16054415449996276
43191,0.5422523895932744
105945,0.3810836193540416
66889,0.8910853852218136
84551,0.682746218369964
15466,0.7414137100003672
53972,0.22069934594273227
82578,0.8724461586353858
51330,0.3361681956233185
44020,0.7131547930892799
39564,0.21486204700774242
95189,0.8197215127984581
883,0.25568102983881696
38667,0.2429174177077459
17135,0.5888519019497758
71661,0.5144859024942113
89711,0.8978549603608881
13972,0.4668775385299966
100712,0.48601452347382934
48492,0.37451019902099647
59473,0.8597105914130205
81897,0.8977159289637084
21537,0.11374985476357208
2826,0.8892629470606003
94308,0.696905424380774
3396,0.5622503298740217
2405,0.8655041545048592
89372,0.2653421884522055
33708,0.8948946334871487
9461,0.5584004504362737
19859,0.2580461541929573
63887,0.45297602035403867
73122,0.8862789540367709
82715,0.8222992282879183
67703,0.21163526466840743
24295,0.31990339439885307
32582,0.5409524512999742
85799,0.452257220262575
20195,0.8976737272087496
47550,0.8916913413340313
46895,0.1914343908046473
29497,0.6802203879393623
74348,0.7778911309215859
36210,0.6398597035543581
22446,0.8188523082104144
75233,0.7110114542787146
106445,0.6326952463210784
32445,0.7904595282078973
30797,0.11340028274634593
103642,0.786718400734104
64029,0.19676174058000057
49215,0.22959783239981255
35695,0.4086184893450242
102275,0.8927512372985984
14142,0.625618134423075
4152,0.6360994711061675
30678,0.5972856092020907
26282,0.596380235249186
76198,0.7833676082356775
106055,0.5758281140952417
106491,0.27059162469727877
39059,0.12921004310508769
11665,0.661995406425303
2387,0.18582626011729714
103031,0.43252041868977653
40496,0.5041058376025394
56135,0.2631557590974259
403,0.7330680222051451
10484,0.6115185154001571
64823,0.25203508542394465
45120,0.3594651706418587
49419,0.6533627703767019
101273,0.29403396184092767
47271,0.6065066134037094
69213,0.49552682170595186
92835,0.2841788442222421
51893,0.8950474614101844
14547,0.33316079128086074
68392,0.4807917369934838
66218,0.8702384221116248
4600,0.5504917592570241
45819,0.18778505090340075
68767,0.18318021669621748
67047,0.6584208212271097
85484,0.8869334570451687
104509,0.8937176489208467
7036,0.3603800339224965
50165,0.15981004827886786
84954,0.4911717678374725
31011,0.8867007443661911
70318,0.6735260687871791
82472,0.30264307652900174
92128,0.7039700457247109
65709,0.8629386814182258
55667,0.8980457846377987
32659,0.8711135225810184
92473,0.4572736918736399
57335,0.7243689618628255
7319,0.7685462577315754
53187,0.18040330369014151
102462,0.8815253878237677
105817,0.8354016127997844
52118,0.19130426392767236
95221,0.6611446523762764
49818,0.6367693571025305
52260,0.8966763718306398
36139,0.3804766009387929
77601,0.12847700160602216
5720,0.8019100733312088
89736,0.6248755091023878
95828,0.7444515595969652
52148,0.12951046729842983
92217,0.8819719414765442
37128,0.2744255191266291
3448,0.8015584766096502
23882,0.42050362411902303
75919,0.7001267598839548
2773,0.8984441998763822
46545,0.35818129945133054
47383,0.6408388391788626
47764,0.8832322455188146
60087,0.864031082645261
40895,0.8263602647593769
60037,0.7862829987319988
56735,0.3777266817308222
90269,0.2672565626022343
81695,0.671001596997177
28667,0.4704127391530479
41830,0.5416734712570023
12071,0.8959082112680228
64758,0.26039537725111767
95667,0.8045332030577144
15970,0.6825346867051525
8714,0.8983712199590242
73494,0.5171488805663356
58667,0.34678408981962044
103827,0.6012701226010593
36019,0.6654169013312025
104906,0.842569638178548
80456,0.1316398993594946
9779,0.8411389688694624
54446,0.3750838967243568
100246,0.7783224685562521
100011,0.846741183246565
89389,0.17103553195747484
92286,0.14710654417449293
95191,0.576590936556278
52556,0.4858336525400747
79106,0.6064907481427744
26182,0.4983090088753761
41784,0.8971753005132285
67515,0.2862338494735686
88718,0.5080468748398925
36028,0.7140827910297618
99110,0.35558608463806657
21228,0.8933647593321521
2517,0.10305019988408348
96150,0.3607344573074799
92186,0.24774667159631486
71180,0.27563545737750267
30270,0.8065707783518542
62162,0.13009730480501913
80856,0.8982148519313204
76872,0.3404455112278835
2440,0.8589160906190646
41282,0.8980374302566145
60167,0.8980857127258961
42395,0.18074078046711572
68137,0.5905719662146497
61867,0.03744732495933384
68046,0.3278637152917999
11569,0.8734434244535403
103399,0.8944131369728445
87179,0.4081738208302818
96885,0.595383937952475
14901,0.8933631759116633
25975,0.6286594289173866
54082,0.8759866656316712
48998,0.41275493967776206
55300,0.8977110131224402
101585,0.644662284086468
23064,0.890968279738312
58738,0.2822159214219855
44346,0.2846792739492916
86930,0.8708340782861503
91506,0.8982362241709176
473,0.39917828382225823
48432,0.3526013224860295
32006,0.35732887152536214
77706,0.4253081003376674
97917,0.46792918222213875
51510,0.4542490918240628
57294,0.302234706599112
15801,0.2515809916479035
65299,0.8975954684958041
96244,0.34090157253258774
70475,0.854824657300622
98757,0.893810197923363
89247,0.6823892850145334
40225,0.3187090290786089
56253,0.22332259556067025
60914,0.39666429525999813
99823,0.5233908161452847
83113,0.10276107807165323
40439,0.6349145069176478
27291,0.34132450883790055
62575,0.6552915469548959
66246,0.8605357119313656
96928,0.301175211856142
85392,0.35598944980316766
66892,0.8901537254053434
43058,0.5182721585753448
90704,0.32282650316512385
9915,0.8961351970793091
26056,0.8977991460536807
66025,0.38643960148217366
3230,0.5160544350042596
59951,0.4877698368502228
45409,0.6233907914356019
16258,0.384557469948487
96360,0.27830224758211125
91311,0.7624793550456945
30363,0.7593239355213444
84785,0.28250457390005834
87913,0.42079226810634635
16539,0.8680598435612773
60190,0.8892225805397631
57898,0.4332867903321592
72182,0.4194764342359474
95817,0.22660780327096208
63330,0.3218136508138003
90382,0.8976720241284015
106043,0.5257077101373878
61392,0.35511328046928775
83131,0.8755261777812814
98380,0.6072037371029505
51326,0.19515542686358106
17431,0.1521042939730376
105844,0.8423188571763295
47380,0.8521464608056785
64299,0.4359477969994625
62789,0.6327737524929201
87467,0.3314188415442758
28121,0.8955727665125878
37282,0.37427903778159927
82185,0.4640541797278126
17592,0.19142138907751566
45457,0.6028888758520404
17879,0.2944918819701683
47347,0.8906345052217343
88330,0.3126194045057594
3610,0.6245569721617248
76546,0.772107284220336
87496,0.4631602661746616
6181,0.381943636083934
95849,0.2054399398917135
25711,0.35257657804875386
67387,0.10849385593335548
38259,0.12414418758377553
62168,0.6916999319844352
9713,0.682505702089968
81684,0.8069947965543789
46454,0.2810577112270355
55548,0.8976144793547483
96620,0.8844186189856384
58233,0.5619315473981948
29507,0.1609119440941752
104543,0.7706670384795485
38955,0.8798704693820535
100147,0.23247789167681004
25402,0.5251567867055709
31586,0.13298187225820954
29310,0.6986192567403608
99618,0.2679615562820376
100224,0.656546021510922
99149,0.8681087311471003
74254,0.27321490789717245
14071,0.41406445771682493
99246,0.8940320011774037
21852,0.16776399168563627
62708,0.6504266188736705
94288,0.7493882778448576
29514,0.8427375551641136
87479,0.8890302794956938
84918,0.881500881560465
42449,0.25901027313677516
93629,0.18355844985785835
41948,0.7258056613166612
100684,0.7374453914979641
96099,0.7487420328021329
95464,0.7225387576102572
72015,0.6263645625189355
87554,0.6889151476980971
70392,0.5342578805768384
67226,0.25235855154671816
71672,0.2462615278718533
99298,0.48157470134128777
13317,0.5367377489703591
68304,0.23505799145336675
55505,0.22689589853387826
56260,0.7816977834140744
71880,0.6721673685996352
99580,0.8159337501198612
101003,0.8447659832808188
49593,0.8875270159249258
40638,0.6351746145141517
76115,0.344641383440683
21445,0.34658635540775024
39470,0.771404643525171
11142,0.45973914420649215
49054,0.7886533188334651
2462,0.6551748520303387
61317,0.8820673224327622
99570,0.860552842471943
92798,0.31417817657666175
82303,0.5647488713318315
43375,0.31510586748001085
74108,0.47810246346038265
94584,0.6362145062353983
4811,0.5803638230528265
13896,0.8978183788902455
91390,0.17354155012962608
49275,0.8849708547684128
23659,0.12711565864568175
106175,0.6012482683271831
73272,0.3186167660790099
96921,0.16334571410804916
51358,0.6480894091670277
16956,0.8981937245673761
99792,0.45762446768039694
94547,0.32660206213590925
15924,0.2517221575488478
81313,0.8937396919205716
15929,0.7188386142121463
53867,0.13333669277069346
37989,0.8220288710317797
82371,0.11847236740981534
96366,0.3393962269482376
26743,0.4595488304679761
21493,0.674601161710668
70163,0.8897536174424383
2806,0.8361517464046415
52672,0.3094338638859277
102997,0.8376714303817965
22913,0.3164933170181721
102036,0.732006841411047
53408,0.6602595800352874
23008,0.28078194708456344
31264,0.7920234182059602
76345,0.8108047373583878
17198,0.128481094465764
2679,0.4504574933857492
5095,0.4658395832703614
106767,0.8168506438442062
7731,0.5746795667173055
48598,0.7930133241576036
39950,0.4327060171988618
2772,0.330050397630263
89479,0.5401256728487243
27308,0.5819561075115178
66124,0.17168082946318464
29808,0.8969608076668105
36108,0.8975276199423455
61131,0.3017437160838998
100018,0.5958354113323032
70535,0.5971771591009447
32555,0.8924091712101366
51749,0.2513721771556358
74533,0.5004365649601786
14536,0.5058563172201883
45541,0.8980703261624562
44537,0.5676869664498699
62836,0.19702014472256144
68878,0.5421524502154214
8271,0.2680788650977532
51634,0.5392583647517373
69928,0.33821361357273144
35823,0.439107108071769
2028,0.8974193191878268
46987,0.7125495974952996
77389,0.3786024216090662
69142,0.36776401365555916
68128,0.3674624504633051
38330,0.8901443450264177
40839,0.12067159937105662
88762,0.8970902772596672
13202,0.5001609808618233
12164,0.31091221449211703
32314,0.6598698421875508
86213,0.4786950582882016
100193,0.6866950631793144
40830,0.37833088425566735
103382,0.6459273065941623
49266,0.6563579467589982
60873,0.8739347601325606
22141,0.1411692657916292
106176,0.2569603608218445
88056,0.8972398008920722
91514,0.8351823481721017
28593,0.32271559685982804
1527,0.8972366157357297
47087,0.5520550131795142
34354,0.8984263149233793
45978,0.5466218547558476
42767,0.5644380047246297
82442,0.748398855380586
65451,0.8885993612766736
98499,0.8409430121397505
87603,0.452160058825414
96190,0.45107164773861275
101620,0.2364377102397121
83753,0.29777604233215454
42516,0.205223066315327
165,0.7316308129560185
84135,0.1282267778923388
83673,0.39716401698646164
38979,0.8899707963559291
82212,0.32900014443789527
80142,0.81813790539296
9816,0.4725260872192232
92679,0.6397170330344721
28269,0.5678213625569285
46357,0.8146328966501333
44452,0.3024850582854444
26166,0.8518395220085977
24461,0.7500198689440714
84233,0.8940131508532562
39606,0.8677775410838743
28982,0.3276684027733841
89961,0.8980872473118344
8755,0.8957497889453834
68495,0.45081870359695275
80258,0.5327361310994678
80935,0.8819498117880151
103064,0.6157815047370973
81312,0.7379344780642022
27595,0.12658988336992827
1206,0.3078433949168554
98601,0.11653933539921091
52470,0.8857189027198373
80555,0.1390707678445853
89749,0.22902524624150686
78441,0.6009681397529578
34119,0.0461439708765353
45545,0.7170661339187124
75653,0.8255633053521153
105022,0.8983425214660544
70019,0.8967992287625978
85760,0.3761436552162578
46440,0.8752944142642578
62491,0.5780752884822509
78165,0.625866391916322
44865,0.650555360853228
32477,0.20011615047046458
66037,0.36122370851159585
8933,0.17787922044710547
20413,0.8781388752383739
59053,0.34280374658684487
80453,0.18947196835546515
73023,0.5150786935815235
76948,0.20293499905499704
79114,0.5038580917020592
6511,0.1864743348604754
22113,0.8970060416263244
65212,0.7794795069615569
52385,0.391771005117483
84622,0.6826057162037226
76885,0.5340362472007639
2346,0.513632558105258
96048,0.8689881762893259
105509,0.48545904146492724
22744,0.8205205294573817
96713,0.8921174098341037
5977,0.8985344229269168
14216,0.12807258415768516
23871,0.7009276339915325
20971,0.13664114789152554
70406,0.01274889365354652
37062,0.710232837281674
45720,0.898524322691891
36993,0.4980308278541884
60299,0.8948546373934207
105612,0.3640075845481254
56938,0.8832867741097461
62552,0.4882645002377595
89960,0.3018852535383721
28761,0.15229996757236083
72155,0.5062664935116533
5840,0.8869770559577136
59392,0.15008718030230583
44682,0.854811436836222
23326,0.8982070243529744
49234,0.8785303234320956
31127,0.2785914014751876
40377,0.4822059544627096
68034,0.8084299828378174
5458,0.45022016916079405
99973,0.3852088797374867
19165,0.009964795520122579
41857,0.8945887188891615
48813,0.6662368197694144
70203,0.31648836489871446
24496,0.16805045270618812
40711,0.8941200907616177
84113,0.43612237486217525
79538,0.1492160882726165
31122,0.276403325794625
52174,0.8836709756683219
56388,0.4174043882052572
81550,0.7216816243274801
25682,0.35378300207620533
101809,0.8240600306497624
101248,0.6140300675969077
76771,0.1925152365480528
28802,0.6834870208419795
65658,0.719333166277563
52474,0.886714877494281
86160,0.33587997876894177
45874,0.4883248562746827
106522,0.6544082815240324
67547,0.7565202241622679
60619,0.8330737028874309
62621,0.3320846012878559
17982,0.8339658337929519
65987,0.14496963326161647
59280,0.31018646136057354
45473,0.33059969530873073
69620,0.8954835812504507
12599,0.7459549463995852
105491,0.5826422304317067
34394,0.8645896801747901
96466,0.539124683421905
99079,0.8615009193382929
1406,0.898607004302444
38053,0.8924774407965962
66957,0.6849525609558419
90555,0.8945724782716675
15335,0.4928708365581894
588,0.5702795584509147
5956,0.867627316162298
50798,0.7224212648033638
62318,0.8510706145786554
13452,0.5129822826700396
73019,0.10711381758615024
57538,0.8800506370293512
72347,0.7985163581601769
10812,0.8886908298595279
57417,0.5086584928981825
52221,0.8810125608347935
104461,0.8446266938449314
57479,0.7193416339256481
83268,0.8979771592624649
71935,0.5163237040853573
21294,0.8973852813570495
63595,0.16723269256565065
80761,0.8984122796632515
94684,0.8957847450014004
99244,0.7719794184039327
34208,0.2520044451757898
105649,0.3260325836619588
31941,0.8956193809147762
88250,0.2991684931748044
101079,0.23460481419632945
37863,0.8210798753015198
53277,0.1229837086549931
20997,0.11477408870000051
15875,0.2808191244358825
32719,0.894185924276677
10485,0.22710613537775415
36855,0.14092836934947056
11755,0.39583321300569446
73214,0.5684827884420567
87506,0.5095732436153448
101739,0.8984027141006284
50208,0.17513788739477
64415,0.8425951886889587
58342,0.28798694525995167
8023,0.893380609436946
40268,0.20700500648765224
80228,0.33121697466363964
90160,0.8626275986888527
2047,0.5495502841118743
101432,0.8847617606840708
98505,0.7626568649194132
30555,0.3023866008984314
73792,0.2820833162355923
64632,0.8428649192732844
33499,0.23294590129696643
1119,0.6792659483342036
1058,0.8882610731149554
8283,0.5584952646173145
17200,0.8950240098841784
78328,0.8304745477979364
17321,0.1021682070756719
8073,0.3856805845904106
46654,0.8811131958499644
25672,0.556288596153518
1915,0.4036579306701208
44594,0.11795561122849646
35100,0.5903499730711124
65672,0.80018315474393
67775,0.7107239971873042
88131,0.8333302514568707
98134,0.2659276643476733
59219,0.10259594843199446
20236,0.848197904707692
33606,0.8598222042423108
5476,0.3142873101035509
49834,0.8973380271230902
36743,0.4203287832482845
76508,0.30506389833904024
74082,0.8215487915323594
53128,0.8211887279279808
26944,0.7571034033549463
95272,0.2623333102893091
95663,0.16795296563325368
9514,0.8702347624878903
42561,0.10420978912893723
13562,0.17403636874717077
12109,0.8938373202298976
39454,0.8943834706148841
104706,0.5805586923123282
22537,0.4501695456419646
4834,0.8982769257004544
63389,0.6013247942918457
74923,0.45784168194781794
72902,0.3000986539556756
23245,0.8966871317444747
3773,0.33281620700986064
106907,0.6478714732706045
11813,0.8976888719188438
103912,0.1408524957586499
74295,0.8645615892649318
97152,0.1258698115812284
66967,0.8711618461718069
23994,0.290810312082109
72500,0.6178716504675466
71422,0.8935426311875453
15866,0.6861902028616012
28325,0.3084577423030957
30274,0.38254668435815825
75238,0.8985771721377107
1811,0.8990386256070864
3289,0.82280175931058
63513,0.4912952059256794
91050,0.898865060020585
102644,0.2370385318355432
4881,0.4441694814625311
21117,0.8363214333151734
21420,0.1515101703015324
93509,0.3427144025084766
5744,0.8735037776049119
39540,0.8857360087015097
74210,0.25675908442786277
50049,0.6546159607250328
87468,0.8340320447566111
67275,0.7525221755634612
104410,0.6039374857041819
9216,0.2843048542217623
91600,0.21152808183216903
73326,0.33706559228100247
18060,0.8315695734151352
89128,0.833424216572054
9150,0.896182092298502
51730,0.5372947827500044
6820,0.8958669097949841
49732,0.8982816783637095
83047,0.4048413253978137
3568,0.32771046980487367
81542,0.3771819343874141
94590,0.8980659009339931
36340,0.8928032318565421
107051,0.5614240150525179
11316,0.8966852405001661
70442,0.8977986365054383
66737,0.37425747718389935
40642,0.8833219674424035
56152,0.8890993619676663
41682,0.35485879558473526
84689,0.7886266109220109
7463,0.11671358719421458
60975,0.6423097609530808
81390,0.22381988107020828
53082,0.578894280297747
80283,0.14513385589828354
3319,0.8672021381141899
24253,0.8831321113861665
31457,0.8979841334059095
80082,0.7368207645704918
77132,0.8155108518364282
8641,0.1933744474060621
66561,0.1608564329559818
96769,0.19155219667231563
95247,0.7739387334034029
20139,0.48647302518170393
13195,0.887813303117047
16834,0.7183708804297907
57606,0.8858723452233852
1841,0.8968534681397023
1977,0.8982497461263971
80231,0.4288565029503041
5467,0.862815843592041
7663,0.8926953542291705
107173,0.7501601387814463
550,0.7879320072428758
6315,0.8982144458795545
45508,0.8976074910280067
49549,0.6496160540475491
15121,0.5424811178284219
24177,0.5212029913568221
98884,0.6599803243298223
59840,0.8975956818455115
30810,0.8838020778701802
13522,0.7315714735840356
35897,0.7941004883871485
6943,0.8007355220449562
4178,0.1403422875848595
26928,0.28555212815202896
75220,0.3543924461676502
32592,0.5020669888388705
66134,0.5687975107614829
47676,0.7278127056863124
72775,0.8975037172439434
30443,0.23200836951650322
101569,0.23604553123723251
30235,0.4826816829551871
30793,0.28240572026047306
59250,0.81939270791898
94383,0.7995441146099449
20596,0.8554781143944655
34051,0.8949218198281238
23981,0.3282454219614601
74201,0.8658557315294961
51578,0.288024173219695
20305,0.8619900001956261
60703,0.8792960921996712
64082,0.1549190372354598
60147,0.8671273239367278
65815,0.4849364405592499
24922,0.3067756959329684
56182,0.6084670617775547
81076,0.5392794710603002
44501,0.7716406729418784
78868,0.8377827861578749
83613,0.6606211949559488
8586,0.8981812198049913
100730,0.5904294672670942
73251,0.48944970259938586
82495,0.7852358970872113
90026,0.3161395645720854
54625,0.8983276592626197
62333,0.45837378191683265
78707,0.10420008469229648
960,0.8980973422527314
70001,0.8634605768615677
101246,0.2254912649216477
32801,0.6485879489234213
56595,0.2734162681691793
16065,0.4650311012153762
67082,0.4869374144307217
9168,0.5654696578566223
62656,0.6767495702649831
30789,0.3658111184268651
76112,0.8975933789163978
38813,0.5772106713207567
88451,0.36417599421065083
6867,0.2741128378770275
48437,0.5188902576893899
61178,0.26982395358064987
14753,0.24876164878637896
49058,0.8947089844298979
17279,0.8987425407400155
91458,0.1326886825423804
34487,0.8629498368300218
8037,0.6582076375031035
20133,0.8965950097536788
22726,0.8902530035909043
2575,0.645342243385471
104989,0.5403580506004714
47648,0.8114716049410456
56757,0.5935378153106085
57160,0.10229527436153352
28203,0.63494774325955
91906,0.1272097070761167
4741,0.8781697009719975
8066,0.20936038307488353
3488,0.8802593012409854
35405,0.5642381364322917
40583,0.2652011382001364
29373,0.8965382888304528
71316,0.8821117084896466
6297,0.3380463377649805
106650,0.23030744348945087
48873,0.6392563294340357
56782,0.3459797049315089
48493,0.8431581702007158
6687,0.1755126337982969
96262,0.8797209709920105
65583,0.31200333130096186
23039,0.45788702501670664
46288,0.8987709715765615
101519,0.6464363831060664
50678,0.705845865357893
19338,0.3893288551967681
34333,0.7639801557260915
95157,0.39416176344985776
102009,0.8982468986355453
78600,0.3244763280130073
50120,0.5304299122942466
75303,0.49112900265848575
95981,0.5816645697060467
39346,0.44459701833676357
43176,0.84634254877288
72905,0.8843392049893953
48686,0.2747143495981033
103602,0.42997412730634116
101486,0.6737251240936599
92893,0.6797637951370542
61085,0.3884502889616869
43804,0.816669486047848
72017,0.8604807401001885
45027,0.4931363307042981
6377,0.8130068170768466
82,0.8448326629508509
94158,0.12437979105796892
74754,0.22823758070155176
51691,0.5493101348391183
84566,0.17264104116650564
46750,0.40880682531002305
78298,0.3046054761110612
19777,0.8574275517305463
93311,0.8942021645250011
54630,0.8960708906863573
88750,0.3691043160049511
86677,0.22530408589544781
96078,0.2542211184591772
10884,0.47926000120277173
73376,0.4758553455100521
62042,0.864258063372932
56531,0.544127847941007
96054,0.6694714562021353
47090,0.8189411982976321
12313,0.7228228345460692
95437,0.43702174134420246
47954,0.8977414811647455
79644,0.17330428923844687
85620,0.8872431938724624
92921,0.28920125165348376
92507,0.8597704008043037
40689,0.8156115944213269
26726,0.21672984329721756
10648,0.2128823036439279
52156,0.8937415486278981
35583,0.255052616323033
55810,0.5348587403279448
14241,0.7640729587786587
23864,0.5691297423442109
6324,0.25023102626604576
85321,0.3119068014843066
103017,0.6851303444544622
49734,0.8678928739660571
30677,0.14914720501942713
50259,0.12206417609180012
24519,0.2313392650200177
81153,0.26511607889328725
7638,0.2730780619427438
31760,0.35851433965516
21407,0.8498641750963511
73056,0.8657590106412875
5397,0.3573234102401394
52648,0.8910553869296393
79404,0.20872477347408241
87318,0.11153004577257153
50063,0.8688114884263531
62869,0.43421901881917735
9282,0.3328643496856638
33207,0.22179869821846232
36832,0.32948447425911354
39168,0.6819943248086946
39004,0.5030002166584955
42231,0.47338613990878875
71552,0.8054038070054186
32425,0.5299904978813189
39202,0.8959753991433889
64874,0.8529254699002702
38211,0.6430067428646445
92532,0.8983675420283408
56621,0.24106685961384983
52133,0.2551753832506003
45156,0.2728758107764962
72892,0.6739728510018135
35120,0.7104530744390398
76104,0.28756175238871573
13086,0.10153580540415266
44734,0.868786100540365
77203,0.39158350705043204
32919,0.8868358687302598
60903,0.3950475841391383
84000,0.7896266317801557
99303,0.804801970214232
62158,0.22251028765889388
54089,0.6463887097511116
40710,0.6431218155637821
78004,0.2570823042700856
32074,0.39159802401636284
14113,0.14420715885263302
95540,0.8880318013299361
41386,0.7988227835091319
18064,0.6096279676418344
35811,0.5569128350822463
54232,0.7761480781110282
86245,0.8876121951966514
67616,0.3458826328694624
80266,0.8667636275150189
44141,0.5941151444356333
50584,0.8931682735747595
98738,0.16461389899485232
11070,0.161148353127117
105305,0.16049718250450407
58809,0.20240942479378388
72617,0.8291294310902372
37669,0.3320176416776178
73809,0.860308563734747
49712,0.2966607079665116
85108,0.6545973400313555
32882,0.34714694694276393
37595,0.3447725667467162
79819,0.15711339703112467
65774,0.8139296724827844
32984,0.8958078720336671
92089,0.8964015864617079
83770,0.5809535602885156
57442,0.7845604161169578
38253,0.2123578408695641
54243,0.8757791770814277
15299,0.5053800169485426
32589,0.8217566708985932
16945,0.3434799515183144
51776,0.6310521237275304
59374,0.16346390370732844
65995,0.36362677251116304
26736,0.5251559158164647
84059,0.3309664023723098
17995,0.8835344827251478
63821,0.8984582404636281
63259,0.8771294209816505
6057,0.8951871822867807
85363,0.7034635262028595
86145,0.5352569839327503
17098,0.8886286265406406
73,0.1205989875685478
33560,0.701464093313545
34813,0.8883983502480273
2011,0.15618131799363585
49904,0.6391163232581487
29527,0.26151898102129156
19572,0.8553752497777114
70976,0.2269223898743279
103291,0.7227668353290134
367,0.8410467459158155
77990,0.6004044940253135
99323,0.17930846924948815
70762,0.8975728847867951
102691,0.791271578558608
30827,0.422732647576914
37704,0.23887764281296592
93738,0.7346455125087307
36077,0.8940591145639318
21236,0.7245374400950383
54913,0.8335633891650771
99433,0.27033630890548577
64038,0.8661660171877453
58228,0.6701910182430408
81187,0.15441425646925427
90101,0.871609609054246
57523,0.5319995970713551
15695,0.44528363273107263
19808,0.23629324388210704
41702,0.2986781281667188
52520,0.4447652038790631
15014,0.751655831234256
33184,0.38388973731247145
32005,0.41322280847196413
101164,0.8500298798944684
21810,0.33406598665909026
14671,0.7802178720453987
25123,0.34418837143461556
10673,0.48476907660874574
34660,0.45281372478631154
59131,0.7921948297293083
40513,0.651273299791732
91323,0.30573639526379953
6942,0.7245773745278807
6232,0.631933989880938
47970,0.5924849596846818
55360,0.598585647276339
42541,0.6602382142904897
1644,0.2921276241878964
