id,score
34566,0.490078330039978
50272,0.4863036572933197
69232,0.4867555499076843
86223,0.3763115108013153
53524,0.4869384765625
42142,0.4928708076477051
22559,0.4904169738292694
28141,0.48203420639038086
72186,0.48750409483909607
46468,0.46288564801216125
33307,0.48416075110435486
96701,0.49356237053871155
43458,0.4868815541267395
50885,0.48788976669311523
73557,0.4839779734611511
88932,0.4869844913482666
44717,0.48750168085098267
99278,0.49192118644714355
59988,0.49106350541114807
41296,0.4873148202896118
25715,0.4860958158969879
98187,0.4872807264328003
40635,0.48820796608924866
76486,0.4904198944568634
48161,0.4914766550064087
57858,0.48114344477653503
25848,0.49388259649276733
83247,0.4855671226978302
100820,0.4837709665298462
61843,0.48489847779273987
47864,0.4919981062412262
14338,0.4854067862033844
106760,0.4709656238555908
42892,0.48385992646217346
20995,0.4873996376991272
68283,0.4893384575843811
66796,0.4842056334018707
1175,0.4873204827308655
55171,0.48869937658309937
1693,0.48771509528160095
54411,0.4901571273803711
73718,0.4661528170108795
99036,0.48949363827705383
29757,0.4893167316913605
1352,0.4569854140281677
6970,0.484724760055542
75513,0.4885130822658539
103376,0.48344120383262634
11566,0.4887044429779053
85724,0.48692965507507324
26255,0.4875182807445526
83078,0.49249058961868286
22092,0.4891327917575836
31379,0.4823184013366699
20478,0.48798611760139465
70444,0.4865072965621948
41587,0.488953173160553
74822,0.49001985788345337
88815,0.48706942796707153
6351,0.4897094964981079
105177,0.4871242642402649
58297,0.486217200756073
39926,0.48920342326164246
97160,0.48808160424232483
86332,0.48929330706596375
21551,0.48956385254859924
47546,0.4896196126937866
37196,0.48525214195251465
19800,0.48988595604896545
67091,0.4891546070575714
90146,0.48745033144950867
52084,0.48745471239089966
26000,0.4865977168083191
20558,0.49432578682899475
32315,0.4927838444709778
95299,0.48699095845222473
57575,0.4860023856163025
57431,0.4870027005672455
15164,0.4897380769252777
47959,0.4878423810005188
36213,0.4914000630378723
64598,0.49059927463531494
85180,0.4720606207847595
7330,0.4886411428451538
96758,0.48914769291877747
60760,0.4890737235546112
95190,0.48996520042419434
70419,0.4884907901287079
104315,0.4933679401874542
80963,0.4858885407447815
104090,0.4926964342594147
62040,0.44781410694122314
57462,0.49009156227111816
1752,0.4905974566936493
13352,0.4843370318412781
6969,0.4901469349861145
36448,0.488774836063385
69866,0.48823070526123047
37138,0.48968592286109924
37149,0.49073347449302673
83158,0.4826386868953705
107034,0.4890594482421875
83603,0.4876667857170105
33886,0.4874451756477356
55417,0.48530346155166626
57938,0.49145010113716125
27867,0.4882780909538269
101800,0.4780901372432709
91813,0.48650607466697693
64083,0.49132823944091797
29528,0.48498818278312683
71645,0.4925954043865204
14467,0.4886552691459656
60324,0.46924954652786255
10743,0.4866306781768799
64077,0.4924711585044861
92251,0.48850512504577637
15067,0.48930251598358154
20047,0.487708181142807
54463,0.48628348112106323
8025,0.02106783166527748
27998,0.4867061376571655
91510,0.48970669507980347
49193,0.492777943611145
5404,0.48128849267959595
98897,0.4845943748950958
46045,0.48966673016548157
95008,0.4892576336860657
43419,0.4836331903934479
58059,0.490461140871048
10051,0.4846041202545166
95635,0.49053439497947693
89780,0.485563188791275
98548,0.48477181792259216
27466,0.4881480932235718
2992,0.48932066559791565
105855,0.4895718991756439
14278,0.48710203170776367
13478,0.49161529541015625
81475,0.48744863271713257
21191,0.49025648832321167
13291,0.4877642095088959
67019,0.4852229356765747
67840,0.4867006540298462
61283,0.48659178614616394
99646,0.48570966720581055
90567,0.4817855954170227
95937,0.4848776161670685
98569,0.49279582500457764
83135,0.4902029037475586
63766,0.48346593976020813
58069,0.4846433401107788
61012,0.4868886172771454
23811,0.4887845814228058
86719,0.4882347881793976
71966,0.4872550368309021
42822,0.4879343807697296
41669,0.4856633245944977
45307,0.4821990132331848
81709,0.418692946434021
7658,0.49250754714012146
12419,0.48824605345726013
50301,0.48878851532936096
54932,0.48768267035484314
40443,0.48366686701774597
89290,0.4926171600818634
18566,0.48811978101730347
25390,0.4885711371898651
86488,0.49081796407699585
29629,0.4875549376010895
11058,0.48849454522132874
54617,0.4881283640861511
41981,0.48791468143463135
87296,0.4875131845474243
17667,0.4836188554763794
5896,0.4892563819885254
75975,0.48935484886169434
27593,0.4882082939147949
40873,0.43535029888153076
70373,0.49111664295196533
43440,0.489844411611557
13967,0.48664939403533936
105002,0.4912188947200775
18683,0.48685505986213684
87657,0.48881813883781433
57708,0.4889543354511261
92606,0.4864887297153473
72712,0.49018508195877075
69218,0.4871920943260193
58810,0.48787593841552734
95425,0.48787814378738403
95904,0.49127331376075745
79487,0.4854741096496582
46830,0.4865087568759918
69561,0.4879523813724518
94968,0.4844985008239746
1988,0.47606316208839417
96273,0.48655712604522705
2418,0.4890883266925812
12473,0.48909926414489746
19291,0.48730507493019104
10962,0.48392659425735474
47640,0.48786428570747375
93483,0.4911727011203766
104092,0.4904281198978424
97169,0.4933644235134125
31477,0.4906960427761078
75670,0.4841940701007843
65370,0.4843144416809082
10836,0.48819205164909363
68685,0.4913908541202545
93012,0.4920274317264557
80205,0.49020811915397644
66783,0.483835369348526
79142,0.4895488917827606
51106,0.28236156702041626
101527,0.48449596762657166
46079,0.4845786690711975
68864,0.49130821228027344
105489,0.48535725474357605
54811,0.4890120029449463
6426,0.4876086711883545
100841,0.4918558895587921
65650,0.4892530143260956
57870,0.48791560530662537
55990,0.46971866488456726
106074,0.4842112958431244
49536,0.4880021810531616
89328,0.48432400822639465
18713,0.4901188611984253
91797,0.4923137128353119
106639,0.4879518151283264
5890,0.4891425669193268
89684,0.48522287607192993
54023,0.48976027965545654
47021,0.4911380112171173
31128,0.4924255907535553
1963,0.48960545659065247
76891,0.4922846853733063
90892,0.4918186366558075
63803,0.4837341606616974
49662,0.48535051941871643
94938,0.487631618976593
23162,0.4870395362377167
96698,0.4916285574436188
103791,0.4774107336997986
64992,0.4864031672477722
58764,0.48676997423171997
5358,0.48608872294425964
61333,0.48781895637512207
63475,0.4844033122062683
13214,0.48843082785606384
21817,0.4873886704444885
34789,0.48715367913246155
33534,0.48458054661750793
68438,0.48729777336120605
103299,0.496083527803421
106707,0.48942703008651733
37671,0.48517608642578125
36142,0.4931013286113739
75447,0.48699432611465454
31898,0.3791285455226898
65458,0.3837580680847168
20782,0.4905094504356384
93542,0.48915380239486694
28068,0.48722440004348755
13088,0.4840448796749115
91210,0.4842372238636017
73055,0.4894025921821594
2146,0.4882064759731293
45779,0.48872050642967224
53843,0.48874250054359436
6613,0.45164722204208374
85068,0.49127069115638733
34339,0.4857825040817261
1747,0.48322030901908875
100398,0.48807451128959656
77182,0.48756951093673706
16496,0.49003446102142334
50826,0.48747754096984863
54432,0.48784229159355164
106786,0.48670753836631775
60662,0.48703786730766296
25319,0.4839535057544708
57166,0.4880126714706421
93039,0.4865630567073822
57408,0.4880841076374054
98502,0.489327609539032
89627,0.4867798984050751
30063,0.49237456917762756
37625,0.4871929883956909
20751,0.4888575077056885
43244,0.4905012845993042
66830,0.45357203483581543
7174,0.4903930723667145
98246,0.47555485367774963
56972,0.4879242181777954
84719,0.48675239086151123
86073,0.48580682277679443
49249,0.48163291811943054
72494,0.48788779973983765
56350,0.4926590919494629
75617,0.4831444025039673
61192,0.48807865381240845
95727,0.4844432771205902
53226,0.48749086260795593
11746,0.48791277408599854
56780,0.4871441125869751
48037,0.4862182140350342
67699,0.4557287395000458
52046,0.49018561840057373
7373,0.48876890540122986
55155,0.48699286580085754
87577,0.48712125420570374
97264,0.49325087666511536
73458,0.4847409129142761
86325,0.4911787509918213
96463,0.4885493814945221
16633,0.49116671085357666
75069,0.4892488420009613
35487,0.47602641582489014
24768,0.4902365505695343
34822,0.4891294836997986
101479,0.4881763756275177
79766,0.48804378509521484
49768,0.4870770275592804
22731,0.4920019209384918
33574,0.49272477626800537
55252,0.49033769965171814
40683,0.4878268539905548
33771,0.49076011776924133
857,0.48767030239105225
51226,0.49376189708709717
46831,0.48611897230148315
105253,0.48937517404556274
79491,0.4867374897003174
103022,0.4891199767589569
82950,0.48028120398521423
64234,0.4930163323879242
78991,0.4868861436843872
83774,0.48906823992729187
48994,0.49154946208000183
84569,0.49156472086906433
80903,0.4810516834259033
39230,0.49096301198005676
97195,0.48715996742248535
34972,0.4851270914077759
63621,0.4873239994049072
11553,0.4834454357624054
95009,0.49248573184013367
2753,0.48561474680900574
102798,0.4876745045185089
35609,0.4881947934627533
45723,0.49265187978744507
36421,0.48776352405548096
93564,0.48321735858917236
18673,0.4875166416168213
99963,0.4886837303638458
19921,0.4878964126110077
9379,0.48743483424186707
63121,0.48961493372917175
55480,0.49058350920677185
102975,0.492095947265625
55632,0.48624661564826965
74937,0.49053147435188293
51836,0.48333412408828735
12610,0.49161168932914734
46487,0.47771501541137695
42150,0.48907479643821716
2908,0.4913024306297302
11348,0.4879903197288513
104966,0.4881022870540619
56207,0.4884248673915863
47420,0.4882357120513916
70191,0.4880455434322357
30693,0.49121183156967163
82367,0.4896969795227051
56454,0.48614826798439026
40608,0.4860590994358063
590,0.49338778853416443
64431,0.4881996214389801
14717,0.4875538647174835
14898,0.4796997904777527
5949,0.48762983083724976
80059,0.48791617155075073
24763,0.48705393075942993
46875,0.4870646297931671
26931,0.48460453748703003
72880,0.4931296706199646
104802,0.4891353249549866
39042,0.48633840680122375
986,0.4935190677642822
7537,0.4692977964878082
74147,0.4804166555404663
24786,0.4840935468673706
94019,0.48926952481269836
29377,0.48809298872947693
16134,0.4889468550682068
9499,0.4779808521270752
64513,0.488497257232666
15569,0.48045554757118225
47017,0.4886261224746704
13043,0.4830208122730255
56464,0.4850577414035797
8315,0.4873611330986023
31026,0.4891793429851532
74871,0.48836269974708557
46139,0.48982930183410645
57488,0.487059086561203
263,0.4865666627883911
3394,0.48688703775405884
22237,0.49133870005607605
17299,0.48738592863082886
43048,0.4845634996891022
91934,0.48773637413978577
15814,0.4671902358531952
92661,0.4843349754810333
48500,0.4906655251979828
101522,0.48769694566726685
58058,0.48869624733924866
48310,0.49292832612991333
93528,0.4918879568576813
48732,0.4878782629966736
56815,0.49261274933815
2861,0.49241775274276733
32056,0.48311835527420044
31686,0.4814281463623047
32212,0.4810725450515747
34433,0.4898132383823395
9154,0.49494996666908264
62686,0.4919017553329468
93196,0.48898106813430786
95261,0.4857574701309204
70962,0.491629421710968
90520,0.4860753118991852
29033,0.4915981888771057
2713,0.4899578094482422
36946,0.05181189626455307
35993,0.4841018617153168
100933,0.4863480031490326
14561,0.4819500148296356
97302,0.4926742613315582
9600,0.48875582218170166
10294,0.4903779923915863
44890,0.49157607555389404
87850,0.4878864288330078
101786,0.4909976124763489
69051,0.4904263913631439
54868,0.4881865978240967
6583,0.48792120814323425
63256,0.48466819524765015
53969,0.4892846941947937
69907,0.4900202751159668
45282,0.4880349338054657
95125,0.44817787408828735
54365,0.48835644125938416
63236,0.4860334098339081
104959,0.48605114221572876
105117,0.48877015709877014
18787,0.49026674032211304
77502,0.4815065562725067
59084,0.4897821247577667
91595,0.48810797929763794
80788,0.48768651485443115
99862,0.48853936791419983
87325,0.47470155358314514
57303,0.4906637966632843
37884,0.4878682792186737
92059,0.48966139554977417
76261,0.48701611161231995
79007,0.48877137899398804
97833,0.4898957312107086
40382,0.48542410135269165
42825,0.4917156398296356
73429,0.4868813753128052
67050,0.48785561323165894
67837,0.4817558228969574
11945,0.4843854308128357
4880,0.4887186884880066
104670,0.4899609088897705
69307,0.49071407318115234
2417,0.4887439012527466
20890,0.49024415016174316
60524,0.4921771287918091
67623,0.48679617047309875
79406,0.4883705973625183
81812,0.4874677360057831
47792,0.48704296350479126
60455,0.48911312222480774
57967,0.4900554120540619
63131,0.49020320177078247
77533,0.484999418258667
75815,0.4926547706127167
17220,0.48989665508270264
4822,0.48882395029067993
104299,0.4923546314239502
27396,0.4871451258659363
66788,0.48407286405563354
73691,0.4874320328235626
84699,0.49151477217674255
76468,0.4849018454551697
6868,0.48722559213638306
95938,0.4876598119735718
91872,0.48640578985214233
59054,0.49270448088645935
37147,0.48932814598083496
24966,0.48503047227859497
5668,0.4876810312271118
97600,0.49130821228027344
61930,0.4885920286178589
86934,0.48751384019851685
83678,0.48464342951774597
29827,0.4887976348400116
6206,0.4908234179019928
93891,0.4870331287384033
22302,0.489856481552124
53715,0.48808836936950684
74452,0.4878310561180115
98097,0.4898093342781067
94492,0.48741912841796875
52873,0.4900452792644501
39371,0.4892875552177429
33321,0.4930630624294281
105024,0.48138725757598877
70699,0.4885188937187195
63945,0.4878016412258148
92000,0.4871264100074768
4990,0.48637738823890686
45293,0.4891030788421631
89028,0.4882770776748657
78250,0.48624199628829956
27659,0.4885028600692749
67546,0.485380619764328
85206,0.4791257381439209
66829,0.48804664611816406
14360,0.486753910779953
98129,0.49083635210990906
74522,0.4867384433746338
20811,0.49118369817733765
76081,0.48838600516319275
38953,0.48446229100227356
8430,0.48860403895378113
89041,0.4892045855522156
99838,0.4859205186367035
79512,0.4863494634628296
103604,0.4878441095352173
55820,0.49138039350509644
65422,0.4892061650753021
72645,0.49026748538017273
91160,0.48976930975914
62410,0.4888775050640106
52414,0.491198867559433
5692,0.4877150356769562
77094,0.4887726902961731
55179,0.48870423436164856
49202,0.47423601150512695
8841,0.48902222514152527
8096,0.49174776673316956
75832,0.37677067518234253
39279,0.48550716042518616
100504,0.49053868651390076
37330,0.489219069480896
71467,0.4898557960987091
27577,0.48918071389198303
59870,0.4892924129962921
64403,0.49020916223526
47464,0.4900522232055664
79770,0.49556517601013184
99308,0.4884905517101288
57197,0.4790581464767456
37918,0.49095359444618225
43470,0.48585739731788635
100219,0.4917031526565552
26510,0.48651283979415894
25870,0.48871004581451416
65867,0.4885217249393463
51739,0.48691585659980774
99965,0.4862368702888489
10534,0.49214062094688416
6664,0.48699381947517395
104971,0.4870162904262543
24615,0.48349660634994507
100862,0.48664164543151855
28018,0.48991724848747253
7345,0.48767927289009094
76059,0.48764172196388245
24256,0.48777997493743896
89943,0.48764699697494507
97303,0.4864041805267334
60280,0.4889044463634491
18324,0.4871184229850769
87641,0.48808547854423523
28970,0.484666109085083
27363,0.4910941421985626
52902,0.48831266164779663
85294,0.48594895005226135
81480,0.49338796734809875
1744,0.4878029525279999
38002,0.48910632729530334
14284,0.4822719693183899
38484,0.48278769850730896
80584,0.49152570962905884
77050,0.4894273281097412
31259,0.488076388835907
79077,0.48701322078704834
58886,0.48896026611328125
60954,0.48820802569389343
70799,0.48726674914360046
52013,0.488582044839859
71904,0.48789408802986145
71844,0.48215755820274353
22734,0.4852415919303894
79724,0.48732060194015503
82508,0.4907037913799286
77802,0.4861181974411011
54576,0.48961499333381653
82046,0.4890226125717163
42787,0.4869553744792938
91919,0.48617440462112427
4764,0.49100935459136963
29079,0.4910241663455963
30254,0.48758000135421753
94013,0.46278712153434753
33643,0.49282193183898926
24238,0.4880688488483429
83026,0.48286306858062744
3164,0.4854835569858551
81900,0.495106965303421
50519,0.4899524450302124
76320,0.48881328105926514
56165,0.4892016649246216
83166,0.4860522150993347
88675,0.49269840121269226
76380,0.48830869793891907
86709,0.4890402555465698
54070,0.49471089243888855
37157,0.48678046464920044
104166,0.4826194643974304
68285,0.4779064655303955
81848,0.485284686088562
44145,0.4849705994129181
24019,0.48867079615592957
86235,0.491283118724823
80353,0.4891946315765381
45854,0.4889836311340332
4402,0.4883356988430023
41645,0.4881417155265808
31674,0.4912508726119995
28987,0.48853379487991333
18766,0.48240354657173157
10355,0.48033004999160767
32427,0.48647862672805786
91400,0.48799994587898254
55295,0.48957860469818115
106782,0.4875301718711853
1645,0.4925602376461029
2610,0.4929894506931305
53836,0.4881337583065033
63495,0.4837891757488251
53689,0.48842570185661316
99572,0.48529812693595886
4148,0.49030300974845886
93681,0.4828070402145386
82600,0.4926283061504364
63362,0.4886811673641205
58983,0.48999884724617004
66268,0.4865703582763672
83582,0.3406125009059906
104484,0.49515587091445923
39197,0.4816041588783264
70740,0.4881689250469208
75117,0.4051635265350342
56646,0.486759215593338
103460,0.4878229796886444
19134,0.4841407537460327
87447,0.48746728897094727
49659,0.4870176315307617
83556,0.49238061904907227
23993,0.48864784836769104
5813,0.48816579580307007
29916,0.48865026235580444
12340,0.36022040247917175
67255,0.4943075180053711
46508,0.4828851819038391
67248,0.490045964717865
29461,0.484809935092926
51279,0.4876653254032135
16059,0.4925353527069092
92016,0.48874664306640625
50313,0.48913735151290894
78370,0.49011144042015076
80708,0.48749539256095886
90075,0.4845002293586731
72748,0.4860808253288269
10128,0.4872475564479828
7858,0.34072840213775635
69469,0.4880612790584564
607,0.48934853076934814
31648,0.4886559545993805
65947,0.48596930503845215
65612,0.4883664548397064
29127,0.47504958510398865
71081,0.4905382990837097
28869,0.48366987705230713
13784,0.48821085691452026
98489,0.48859912157058716
38712,0.49098119139671326
1935,0.49280989170074463
81134,0.4909522831439972
97576,0.37675702571868896
100132,0.4838622808456421
41552,0.4884411692619324
104473,0.49073877930641174
10886,0.4881942570209503
4608,0.4821088910102844
19638,0.48583927750587463
103726,0.48754337430000305
14088,0.48977741599082947
44367,0.488201379776001
77775,0.48764273524284363
43133,0.49147728085517883
11750,0.48633694648742676
38773,0.49158936738967896
80328,0.4882345199584961
36364,0.4872220456600189
72222,0.4946105182170868
24497,0.4834633767604828
81796,0.4820803999900818
68276,0.487955778837204
95099,0.4899732172489166
104325,0.4894382953643799
72720,0.49470803141593933
81957,0.4893048405647278
68678,0.47872689366340637
6282,0.49158725142478943
39478,0.4870644211769104
64263,0.49055245518684387
56842,0.48517662286758423
71748,0.48677945137023926
101186,0.4919717311859131
77819,0.48368149995803833
82746,0.4909795820713043
75372,0.48617076873779297
86180,0.4888775646686554
103038,0.48745837807655334
53965,0.48905670642852783
51154,0.49253904819488525
68680,0.48206084966659546
10380,0.48968249559402466
15435,0.4880455434322357
80262,0.4914553463459015
72306,0.4911733865737915
62687,0.4849684536457062
87244,0.4892725944519043
45990,0.4892037808895111
2832,0.4892401695251465
15117,0.4878910779953003
62567,0.4874957203865051
13436,0.485649436712265
10683,0.4863731563091278
25182,0.4890817701816559
65739,0.4898914396762848
94520,0.48776859045028687
96784,0.49023377895355225
21531,0.4886747896671295
58971,0.46041810512542725
66147,0.489666610956192
101483,0.48820093274116516
79887,0.48855870962142944
29544,0.4883062243461609
69091,0.4871397018432617
11176,0.4881120026111603
60268,0.48294246196746826
71120,0.4750061631202698
31291,0.48092442750930786
43865,0.49056050181388855
40585,0.49178415536880493
37452,0.48613592982292175
52456,0.48791956901550293
90007,0.4889141023159027
16739,0.4877280294895172
91551,0.4857122600078583
23423,0.4868369698524475
1706,0.4866239130496979
7452,0.48523619771003723
8134,0.4888455271720886
58536,0.48832523822784424
105734,0.48727214336395264
1313,0.49147698283195496
84876,0.48746880888938904
100693,0.4877753257751465
57995,0.48680412769317627
79811,0.487578809261322
69139,0.48996949195861816
58534,0.48434966802597046
99375,0.4899460971355438
76796,0.48626601696014404
66626,0.4860799312591553
97721,0.4862169623374939
102488,0.48739781975746155
31116,0.49069491028785706
21065,0.48549339175224304
59272,0.4885212779045105
99469,0.48351922631263733
46333,0.493740051984787
28601,0.48899388313293457
25815,0.487166166305542
102482,0.48827069997787476
34661,0.4905327260494232
65391,0.4931902587413788
81943,0.4865698218345642
28505,0.4889010488986969
88621,0.4890422224998474
62287,0.4910239577293396
25860,0.4882048964500427
58026,0.48852741718292236
59165,0.48733702301979065
21355,0.4870602786540985
724,0.48774707317352295
61635,0.4902288615703583
10564,0.48788982629776
41782,0.4882071018218994
6229,0.4881228506565094
42952,0.4828896224498749
56235,0.48229825496673584
104947,0.48834341764450073
7746,0.4883382022380829
100978,0.4844444990158081
20646,0.4907383620738983
78149,0.48718705773353577
94746,0.4875369071960449
11466,0.4902034103870392
12787,0.4885900318622589
104608,0.4956803023815155
38068,0.4887422025203705
12230,0.46550506353378296
22667,0.4884909987449646
35855,0.4888352155685425
27932,0.4867357313632965
57277,0.48918813467025757
71908,0.4847241938114166
23047,0.4884658753871918
54288,0.4936370253562927
73157,0.4917030930519104
72434,0.4905969202518463
37676,0.48079460859298706
107058,0.48747873306274414
103029,0.48745912313461304
34947,0.49009984731674194
85834,0.49077948927879333
74743,0.4882720708847046
19940,0.4892480671405792
29136,0.4930066168308258
65700,0.4892687201499939
15352,0.49377354979515076
44799,0.48943600058555603
79640,0.48860982060432434
745,0.48407381772994995
68654,0.48877495527267456
75911,0.48457780480384827
814,0.48802515864372253
30903,0.4811873733997345
32545,0.48993468284606934
35506,0.4894808828830719
69863,0.4867613613605499
19443,0.4900550842285156
45375,0.48820120096206665
22240,0.487738698720932
86911,0.4876828193664551
68265,0.48793482780456543
91954,0.4887793958187103
99622,0.49055153131484985
47734,0.4872428774833679
53726,0.48738452792167664
94247,0.48133885860443115
154,0.4918149411678314
11650,0.48450741171836853
27561,0.48816296458244324
49806,0.4725465178489685
94011,0.4882206320762634
50140,0.4885194003582001
93185,0.48518720269203186
78438,0.4869864284992218
2264,0.4877896308898926
62528,0.4912767708301544
4665,0.49155348539352417
7685,0.48581981658935547
39824,0.455438494682312
65005,0.49054834246635437
68816,0.48677539825439453
102678,0.4878453314304352
63734,0.48951026797294617
40320,0.4879261553287506
2545,0.4852868914604187
41278,0.49256590008735657
102661,0.4839586317539215
29550,0.4896687865257263
13831,0.48805105686187744
52921,0.4859398603439331
106351,0.4853772521018982
95864,0.48751962184906006
9087,0.49107763171195984
5591,0.49097970128059387
46258,0.48109757900238037
95865,0.489318311214447
42844,0.49080732464790344
77093,0.489408016204834
84201,0.4898659884929657
70165,0.4882040321826935
32357,0.4896533489227295
101296,0.4914846122264862
67095,0.4875536262989044
85509,0.48947352170944214
50202,0.49362245202064514
12793,0.49009665846824646
94120,0.4936884641647339
16628,0.49162551760673523
88444,0.4897739887237549
48356,0.4821714162826538
57373,0.488810271024704
20724,0.475778728723526
32265,0.49097245931625366
50643,0.49407657980918884
52320,0.48911523818969727
90770,0.4869641363620758
36345,0.4884236752986908
51312,0.4850577414035797
106826,0.4895966649055481
1659,0.48977598547935486
16342,0.4872506260871887
14592,0.4884498715400696
91973,0.48945918679237366
92819,0.48685726523399353
19977,0.49137818813323975
14955,0.4801477789878845
2250,0.4911945164203644
72244,0.4898856580257416
26420,0.4900815486907959
68772,0.49033844470977783
5213,0.44296514987945557
51455,0.49003419280052185
81805,0.4873032569885254
85814,0.48742955923080444
26954,0.48220545053482056
69738,0.4912417531013489
65545,0.4875313639640808
83747,0.49116769433021545
71477,0.49179670214653015
69329,0.48928767442703247
1746,0.42811107635498047
87324,0.48989853262901306
45379,0.49041640758514404
89712,0.49103567004203796
96389,0.48765385150909424
35886,0.4894316494464874
89497,0.48726052045822144
49775,0.4864181578159332
81178,0.48863881826400757
72632,0.4890702962875366
93516,0.49352696537971497
57472,0.4898523688316345
95100,0.48429128527641296
257,0.48359888792037964
97807,0.486189067363739
42302,0.48562654852867126
103524,0.4895087778568268
89488,0.4853675961494446
76436,0.489463746547699
95621,0.48220667243003845
88434,0.4872191548347473
106829,0.4890372157096863
36065,0.4845517873764038
85803,0.48397716879844666
26046,0.48841649293899536
57695,0.4837898313999176
49956,0.4868220388889313
41088,0.4899190068244934
46736,0.4834083318710327
45144,0.490817666053772
99930,0.48444730043411255
27117,0.4901951253414154
53530,0.48775672912597656
49282,0.485734760761261
1592,0.48660901188850403
2095,0.48622530698776245
105521,0.4874100089073181
93321,0.49094462394714355
77725,0.48901280760765076
52947,0.49625176191329956
43384,0.4900691509246826
41422,0.48467525839805603
102039,0.48745596408843994
69243,0.4885962903499603
100066,0.47860392928123474
103522,0.49046623706817627
61424,0.4884256422519684
12304,0.49028486013412476
99845,0.4889114797115326
57141,0.4821754992008209
63639,0.4894734025001526
19505,0.4864157736301422
72803,0.48868510127067566
57130,0.4894197881221771
104086,0.48954522609710693
95997,0.48665642738342285
73735,0.4921189248561859
17898,0.49295294284820557
63729,0.490060418844223
62143,0.48613131046295166
76631,0.4935725927352905
24602,0.49069902300834656
69537,0.48880401253700256
57797,0.48476263880729675
95559,0.486606627702713
90322,0.48677217960357666
80472,0.485328733921051
66595,0.48304322361946106
92922,0.48760929703712463
29561,0.4840903580188751
83239,0.48424291610717773
91457,0.48927944898605347
55134,0.4875042140483856
99539,0.48775264620780945
48374,0.4927383363246918
36915,0.4840853214263916
65108,0.033480897545814514
29981,0.4883236885070801
93649,0.48757585883140564
89723,0.48825451731681824
76692,0.4876011312007904
54562,0.49053847789764404
43904,0.48672884702682495
33293,0.4905795454978943
73671,0.4944290518760681
28238,0.4875824749469757
27546,0.48843878507614136
2281,0.4946545958518982
80042,0.4664378762245178
47374,0.4876326620578766
67558,0.48529043793678284
58322,0.4864846169948578
106927,0.48967233300209045
81403,0.48821279406547546
86321,0.48694491386413574
50823,0.48961448669433594
97448,0.4531712532043457
105586,0.4874277412891388
75470,0.48469629883766174
9662,0.39923128485679626
91907,0.4899544417858124
41996,0.48949652910232544
59405,0.4882059097290039
52052,0.38343295454978943
30825,0.4861007630825043
95254,0.4880916178226471
58587,0.48942697048187256
98745,0.4926062822341919
29759,0.48940590023994446
101031,0.48450639843940735
20484,0.488395631313324
25560,0.4877006411552429
61360,0.4921319782733917
29448,0.48853129148483276
19381,0.48205915093421936
35748,0.49049636721611023
68222,0.48762816190719604
39947,0.4881575107574463
49604,0.48952287435531616
1877,0.49687474966049194
46967,0.4883144795894623
20173,0.48770251870155334
36385,0.49198293685913086
69799,0.4845559895038605
69403,0.36860519647598267
95633,0.4878721237182617
33998,0.4831624925136566
64813,0.4853988289833069
45104,0.48787614703178406
8400,0.4869937300682068
2873,0.4895458519458771
10001,0.48759910464286804
48294,0.49196094274520874
83497,0.4860827922821045
57145,0.4849529266357422
40968,0.4836072623729706
12970,0.4854404926300049
73741,0.4871923327445984
63151,0.4901171624660492
70917,0.49103331565856934
32230,0.4891326427459717
56209,0.4828338325023651
23490,0.4889048635959625
47058,0.4841325879096985
82884,0.48731210827827454
97008,0.4867539703845978
19504,0.4885545074939728
2297,0.49039462208747864
48473,0.4861110746860504
86212,0.4953809082508087
38842,0.4919871389865875
39472,0.4828368127346039
51818,0.4887380599975586
23397,0.4895784854888916
96486,0.49121543765068054
88840,0.48562318086624146
40466,0.49550288915634155
70317,0.48854905366897583
76574,0.4930747151374817
39341,0.48528599739074707
7292,0.49000027775764465
2023,0.4870666563510895
77379,0.4881901741027832
58211,0.49024420976638794
33639,0.48700591921806335
104130,0.48771896958351135
99841,0.488998681306839
106572,0.4876766502857208
76552,0.48579156398773193
101625,0.4842420220375061
66162,0.48950591683387756
41851,0.4879634976387024
101017,0.4886322617530823
92229,0.48744744062423706
82357,0.4846193492412567
15982,0.4905458092689514
23136,0.4878475069999695
97759,0.48644715547561646
92316,0.48244932293891907
91913,0.490314245223999
46431,0.48988017439842224
19270,0.4865204989910126
76264,0.4880869686603546
97433,0.49150314927101135
49813,0.48649081587791443
63267,0.48826366662979126
44030,0.48990339040756226
47029,0.4873145818710327
60911,0.47982072830200195
26852,0.4914516508579254
25495,0.4861532151699066
30724,0.4838946461677551
97366,0.4909084439277649
88283,0.4882993698120117
99771,0.48989424109458923
22333,0.4873756170272827
32269,0.49701470136642456
8079,0.4941340386867523
2779,0.4881862699985504
13370,0.486438125371933
67613,0.48354777693748474
84513,0.4877540171146393
8508,0.48656001687049866
66942,0.4861640930175781
56528,0.49202102422714233
63111,0.48764434456825256
43119,0.4890859127044678
55170,0.49335065484046936
77456,0.4548203945159912
8406,0.4901113212108612
49227,0.48619499802589417
100176,0.4741550087928772
89671,0.4944433867931366
99750,0.48738083243370056
60128,0.487657755613327
57307,0.4879015386104584
40250,0.4877984821796417
34581,0.49098774790763855
86220,0.4881938099861145
49095,0.491905152797699
63946,0.49290186166763306
10473,0.49414584040641785
41895,0.4881628453731537
76107,0.48864853382110596
79867,0.4860091805458069
63319,0.4862876534461975
96015,0.48893359303474426
79850,0.4885670244693756
106860,0.4909485876560211
3663,0.48545926809310913
100342,0.4881100058555603
8091,0.48733338713645935
103769,0.48228225111961365
34494,0.4890982508659363
28174,0.48894354701042175
14089,0.4916154742240906
14851,0.4952288269996643
101546,0.4855921268463135
70823,0.4920671880245209
51750,0.48652175068855286
85313,0.4879775941371918
15457,0.4895293414592743
14421,0.48792150616645813
98252,0.49117162823677063
64105,0.4920278787612915
85486,0.49077653884887695
40484,0.49373912811279297
21023,0.4842296242713928
14530,0.4880969524383545
43162,0.4865002930164337
6006,0.49188390374183655
6263,0.48784148693084717
42898,0.4910445213317871
74764,0.4891895055770874
53230,0.4921264350414276
102952,0.488832026720047
17252,0.4805834889411926
91186,0.48840761184692383
29131,0.48852548003196716
78947,0.48941367864608765
3032,0.4915064871311188
98841,0.4943220019340515
8866,0.4883955121040344
72495,0.4911305606365204
67709,0.4894930124282837
90098,0.4908962547779083
59516,0.48674917221069336
50248,0.4938271939754486
94359,0.4848818778991699
27240,0.48634713888168335
96264,0.48969781398773193
52858,0.49045923352241516
46162,0.48940539360046387
1134,0.487611323595047
48949,0.48740410804748535
71960,0.4886597990989685
68910,0.467367023229599
99982,0.48546454310417175
41393,0.4302167594432831
51375,0.48879995942115784
68467,0.48457255959510803
76589,0.4884137213230133
70180,0.4878825545310974
37487,0.49261796474456787
71815,0.4866795241832733
103508,0.4891315996646881
82760,0.4779165983200073
58985,0.49111053347587585
16513,0.4907645583152771
31230,0.4864925146102905
59944,0.4774210751056671
43283,0.49080148339271545
31673,0.4872426390647888
71637,0.49277758598327637
84561,0.48127633333206177
96324,0.4892771542072296
11191,0.48730772733688354
50728,0.4869956374168396
22865,0.4894140064716339
62181,0.48812058568000793
87356,0.481660395860672
77537,0.49134624004364014
22487,0.4901852011680603
45970,0.4884013533592224
20742,0.48312774300575256
64806,0.4834322929382324
98020,0.4905012249946594
49161,0.48727720975875854
1783,0.4867338240146637
64058,0.4883389174938202
1330,0.4932125210762024
86753,0.4827633500099182
85567,0.48892879486083984
92385,0.48950648307800293
63583,0.49087291955947876
41872,0.4897420406341553
4448,0.48713868856430054
10400,0.43631353974342346
54480,0.4819062054157257
897,0.48093336820602417
75005,0.4904664158821106
104744,0.4857582747936249
78050,0.48755329847335815
24984,0.4881756901741028
106112,0.4921797811985016
19932,0.4884093999862671
102896,0.48095327615737915
73105,0.48919522762298584
91330,0.4842969477176666
34731,0.4876164495944977
52739,0.4903949201107025
26932,0.4897182881832123
31165,0.4887676537036896
58551,0.4860322177410126
21939,0.4886278212070465
91487,0.4955029785633087
97906,0.4897272288799286
44807,0.4205876886844635
39583,0.48835450410842896
93137,0.48989585041999817
34927,0.4920782744884491
45200,0.48430952429771423
14810,0.49253037571907043
97368,0.48961392045021057
49243,0.4874562919139862
22782,0.48934513330459595
23667,0.4877103269100189
71900,0.4882267713546753
25489,0.48969724774360657
27382,0.4583969712257385
46444,0.4870205819606781
78907,0.48442384600639343
54487,0.4859395921230316
4456,0.4923422038555145
39826,0.48394322395324707
66223,0.49125227332115173
56061,0.4904644787311554
62113,0.492752343416214
29214,0.4891948699951172
66149,0.4910283088684082
88109,0.4912867844104767
22342,0.486848384141922
101632,0.48573920130729675
35544,0.48927783966064453
77028,0.48848453164100647
43616,0.46496590971946716
58907,0.4875108003616333
30899,0.48767733573913574
87933,0.481995165348053
18929,0.4895952641963959
50190,0.4871349334716797
76597,0.48924538493156433
89900,0.48145344853401184
83765,0.4858766496181488
13518,0.48637664318084717
45429,0.48843446373939514
50083,0.4830089807510376
66000,0.48803800344467163
94851,0.48729318380355835
10556,0.4922167658805847
63987,0.490176260471344
3997,0.48586422204971313
9047,0.4898029863834381
85872,0.4887101948261261
24822,0.4874100685119629
27379,0.4883687198162079
21940,0.48712149262428284
48077,0.4841906726360321
96284,0.4911482036113739
79651,0.32862627506256104
103427,0.48636090755462646
12807,0.48802220821380615
83175,0.48269733786582947
15840,0.4907768964767456
3484,0.48765867948532104
70845,0.48704105615615845
101606,0.4877125322818756
23783,0.4868473708629608
64445,0.48930981755256653
104412,0.4818159341812134
70411,0.4820779263973236
19819,0.48753684759140015
65009,0.4883965849876404
92342,0.48502835631370544
19108,0.4872489273548126
6746,0.4875795245170593
94206,0.4889688193798065
94143,0.486678808927536
99106,0.4911527931690216
69631,0.4869634807109833
53596,0.49180087447166443
101047,0.494058758020401
56697,0.48830878734588623
55742,0.4873431324958801
70944,0.4864056408405304
92980,0.48715612292289734
34131,0.4912055432796478
44222,0.4883137345314026
43819,0.4856193959712982
19874,0.4482668340206146
49225,0.48416993021965027
5038,0.48660603165626526
29429,0.4783603847026825
86940,0.47881948947906494
21797,0.48519039154052734
54871,0.48811468482017517
44711,0.48856669664382935
9775,0.48469024896621704
98608,0.4891337752342224
33277,0.4894656836986542
47216,0.4912828207015991
6745,0.4835559129714966
42361,0.48906591534614563
27101,0.49217700958251953
72144,0.4881155788898468
87482,0.4863654673099518
52060,0.4913860261440277
26520,0.4886978566646576
16,0.48595401644706726
97049,0.4918851852416992
65365,0.4752127230167389
26077,0.48002731800079346
18424,0.4928562045097351
80684,0.48378971219062805
51997,0.4876105487346649
11295,0.4856652319431305
255,0.4913305342197418
95708,0.4907993972301483
102388,0.47692444920539856
82724,0.49001288414001465
72032,0.48681798577308655
82147,0.4875260889530182
50404,0.4896838068962097
11290,0.48684075474739075
34522,0.48942261934280396
92537,0.4869532883167267
105140,0.4894973337650299
23560,0.48702991008758545
172,0.48607298731803894
95703,0.4901086688041687
93174,0.48904943466186523
52405,0.48618417978286743
28051,0.48919543623924255
4946,0.48135724663734436
43674,0.4871295094490051
50110,0.48940202593803406
1179,0.4905392527580261
60536,0.49368664622306824
79473,0.4885016977787018
104865,0.48466792702674866
74070,0.48538780212402344
97397,0.49217379093170166
76386,0.4820021986961365
41379,0.1208115816116333
10449,0.4918166697025299
33692,0.487434983253479
38931,0.4904365837574005
40541,0.4926137924194336
95816,0.4870942234992981
47147,0.4863295555114746
39952,0.4824066460132599
10941,0.47859078645706177
5613,0.4938684105873108
29689,0.48790016770362854
21013,0.48844754695892334
12465,0.4899202287197113
7029,0.4963422417640686
100032,0.482069730758667
33975,0.47937992215156555
102570,0.4935283660888672
75071,0.4871588349342346
31504,0.48573610186576843
58867,0.4877406656742096
51215,0.49188679456710815
103693,0.4904470443725586
95082,0.48922351002693176
24245,0.4877903163433075
51808,0.4920180141925812
26899,0.482767790555954
83788,0.4911653399467468
15455,0.4871602952480316
6864,0.4894586205482483
43346,0.4864230155944824
45131,0.4837223291397095
59236,0.48643407225608826
60069,0.4890696704387665
97287,0.4895170032978058
73100,0.4886919856071472
2015,0.48858603835105896
67988,0.4911916255950928
15584,0.4869452714920044
104063,0.4882637858390808
15460,0.4821475148200989
95640,0.48636457324028015
77076,0.4875182807445526
4555,0.48825469613075256
74424,0.462980180978775
88710,0.48471903800964355
6054,0.4582415223121643
65620,0.48973122239112854
10605,0.49036848545074463
59261,0.4880640208721161
25733,0.4888625144958496
58112,0.4884185492992401
81844,0.4874356687068939
49036,0.4902591109275818
26258,0.4909500479698181
3535,0.4887314438819885
101998,0.48879683017730713
66520,0.4855011999607086
87362,0.48707911372184753
99528,0.48372623324394226
12377,0.49100130796432495
51345,0.4915447235107422
96938,0.4867078363895416
15312,0.48291632533073425
16353,0.4876880943775177
91008,0.4563904404640198
90835,0.48789289593696594
41820,0.4876474440097809
16151,0.4855422079563141
86348,0.4906195402145386
105669,0.48842814564704895
101601,0.4881054759025574
83311,0.48748937249183655
104640,0.4838489890098572
84406,0.48861023783683777
8453,0.4872100353240967
60994,0.4877283573150635
51636,0.48819148540496826
4373,0.48859336972236633
49091,0.4887232482433319
68042,0.4744437634944916
82902,0.49169379472732544
49391,0.48849862813949585
30984,0.4895813465118408
34967,0.48832187056541443
40341,0.4866006076335907
45873,0.48851069808006287
17905,0.4878520369529724
16839,0.48916953802108765
44541,0.4837111532688141
68437,0.4890304207801819
21404,0.4867381155490875
73479,0.4888354539871216
30359,0.48540326952934265
73351,0.4861905872821808
84959,0.4906465709209442
56513,0.49146121740341187
103756,0.4837556779384613
67520,0.48827940225601196
100986,0.4943609833717346
27260,0.4880146086215973
731,0.48771578073501587
87687,0.48761066794395447
28660,0.4774864614009857
94391,0.4873011112213135
17446,0.4915313720703125
81498,0.48832181096076965
12219,0.4910786747932434
78778,0.49011921882629395
96356,0.48798733949661255
81985,0.48792654275894165
55448,0.4828038513660431
48604,0.48720285296440125
5094,0.48637157678604126
81185,0.4854264557361603
71771,0.479080468416214
69712,0.491243451833725
46044,0.4884287714958191
88764,0.4915681779384613
88216,0.48808160424232483
77232,0.48724156618118286
32466,0.4880971908569336
56837,0.49039897322654724
40092,0.4876233637332916
99835,0.4936855435371399
7863,0.41784849762916565
84264,0.4778614938259125
59001,0.48698291182518005
65318,0.48644569516181946
85921,0.4873034358024597
6507,0.48816823959350586
94886,0.48733842372894287
14161,0.4901517629623413
2774,0.4863456189632416
18113,0.49261391162872314
39735,0.48899045586586
78002,0.4884572923183441
28895,0.48557785153388977
70029,0.4853401780128479
74120,0.48714059591293335
5053,0.4874046742916107
72518,0.4916081726551056
46275,0.49013903737068176
96136,0.49377888441085815
14146,0.4885730743408203
48782,0.4875045716762543
71094,0.48088356852531433
4072,0.49488040804862976
22234,0.4901593029499054
40492,0.4873823821544647
79690,0.4907953143119812
23079,0.49182409048080444
17333,0.49392279982566833
87119,0.4849720299243927
5834,0.48768097162246704
13551,0.47926998138427734
103021,0.4889277517795563
41991,0.44662556052207947
97997,0.4831963777542114
106143,0.49169212579727173
101996,0.4879152476787567
101236,0.051941726356744766
36530,0.48913702368736267
17414,0.4883841276168823
33019,0.48539459705352783
85006,0.4929581582546234
76140,0.49063026905059814
11309,0.4871772825717926
34063,0.49250054359436035
86991,0.48635217547416687
32286,0.48607969284057617
2524,0.4854857325553894
6279,0.4901004433631897
57030,0.4829576909542084
37289,0.490678608417511
54436,0.4836261570453644
67667,0.4795541763305664
51861,0.48781153559684753
48301,0.4873506724834442
92372,0.48268935084342957
66076,0.48526981472969055
104068,0.48711085319519043
31387,0.48749369382858276
103070,0.48610788583755493
102925,0.48845160007476807
99006,0.49074485898017883
34843,0.4822773039340973
38428,0.4909677505493164
50298,0.4934689402580261
51515,0.48660287261009216
32828,0.4878571331501007
104127,0.2785015106201172
2186,0.48911216855049133
20434,0.47831085324287415
96378,0.4879723787307739
13398,0.48968392610549927
6188,0.4766940772533417
85871,0.4849954843521118
62571,0.4908151924610138
11099,0.48390212655067444
94810,0.4816926419734955
23998,0.48746082186698914
49636,0.4876343607902527
20494,0.49282106757164
33693,0.4877018928527832
91076,0.48583984375
74944,0.485998272895813
74179,0.4854522943496704
8337,0.48197227716445923
38300,0.48924052715301514
33038,0.4827220141887665
42301,0.4917849600315094
98406,0.4922468960285187
21120,0.4874776005744934
103069,0.48816967010498047
95270,0.48858705163002014
29415,0.4867718815803528
8936,0.31361040472984314
3064,0.48762041330337524
9208,0.4850665032863617
3003,0.4902670681476593
19534,0.489196240901947
38292,0.4900048077106476
83724,0.4855441749095917
38364,0.4904254078865051
13128,0.48816195130348206
89959,0.4875887632369995
16895,0.4920901656150818
11341,0.48762381076812744
65488,0.4853849411010742
82592,0.48269152641296387
56114,0.4799267053604126
26861,0.48805686831474304
41746,0.48709636926651
96149,0.48431551456451416
11061,0.48196861147880554
53212,0.3949876129627228
70589,0.48277702927589417
78186,0.49004003405570984
54618,0.49165651202201843
23535,0.49290451407432556
76071,0.4857707619667053
6762,0.48836734890937805
21563,0.48900872468948364
8277,0.4922933578491211
68692,0.48896047472953796
16750,0.4892804026603699
106149,0.48467782139778137
32532,0.48733973503112793
32779,0.48818570375442505
102453,0.49464479088783264
30666,0.4785802364349365
61647,0.4872418940067291
27147,0.4923643171787262
95403,0.48797303438186646
100710,0.48565274477005005
36015,0.48910731077194214
106331,0.4908868372440338
87580,0.48608821630477905
41501,0.4934150278568268
98388,0.4884968101978302
30343,0.4858734607696533
100663,0.4876568019390106
48171,0.49055394530296326
56787,0.48124685883522034
14226,0.4872431457042694
21243,0.48717907071113586
106770,0.4888686239719391
14458,0.4868655800819397
67170,0.4840160608291626
73977,0.4903431236743927
61569,0.48810330033302307
6221,0.4903566539287567
1656,0.4861503541469574
70599,0.4946557581424713
33838,0.4948711395263672
59864,0.4851934313774109
74466,0.4790974259376526
11592,0.48609480261802673
15088,0.4847322702407837
97597,0.48428037762641907
18431,0.4882422983646393
42600,0.4886503517627716
81817,0.48837417364120483
80331,0.48770666122436523
98567,0.4889749586582184
4097,0.4927961230278015
63923,0.48762795329093933
28027,0.4913684129714966
27503,0.4856935739517212
9715,0.48813319206237793
40488,0.4838283360004425
40166,0.4838860034942627
48582,0.488761842250824
6797,0.48416534066200256
65019,0.4903148114681244
30617,0.49076518416404724
51701,0.30423566699028015
5761,0.48549342155456543
105934,0.4886985421180725
40390,0.493786096572876
58403,0.48467278480529785
39690,0.48757392168045044
69613,0.486240416765213
17650,0.4878199100494385
26592,0.48857203125953674
70322,0.4871966242790222
63130,0.48879170417785645
49616,0.4782048463821411
102088,0.49007707834243774
15405,0.4898199737071991
68466,0.48743826150894165
92294,0.4881429076194763
22524,0.48974403738975525
102550,0.48375681042671204
79178,0.48857057094573975
78481,0.48664820194244385
25017,0.4907594919204712
4939,0.48748597502708435
28702,0.4858533442020416
50712,0.48304814100265503
42190,0.4868117570877075
85508,0.4894959628582001
36452,0.4887940287590027
9538,0.4884197413921356
35066,0.4842163026332855
38543,0.48850035667419434
11794,0.4873097240924835
66006,0.4878697395324707
21198,0.485959529876709
80627,0.48443740606307983
72178,0.4732714593410492
52478,0.4500504732131958
54875,0.49478378891944885
93762,0.4904625117778778
86519,0.49026116728782654
78128,0.486532062292099
82240,0.48507025837898254
100403,0.48710542917251587
46299,0.49026232957839966
105428,0.48530030250549316
76655,0.4903164207935333
87723,0.4891550540924072
39172,0.48497530817985535
105399,0.4863715171813965
35620,0.47820019721984863
4285,0.4876595735549927
104852,0.4842405915260315
45967,0.49237242341041565
73419,0.49326398968696594
88642,0.4892579913139343
66205,0.48545747995376587
48234,0.03215261548757553
6612,0.4843935966491699
18880,0.4901261031627655
69298,0.48840126395225525
87659,0.48226842284202576
81104,0.4872211813926697
77462,0.48970550298690796
86422,0.4807108938694
82575,0.4887436330318451
29597,0.49063578248023987
45809,0.48531636595726013
82953,0.48959699273109436
60684,0.48702940344810486
18764,0.48187339305877686
103360,0.4805709421634674
36723,0.4920307695865631
29224,0.4883563220500946
48812,0.48788028955459595
43786,0.4635217487812042
37907,0.48685720562934875
66750,0.4920394718647003
74666,0.48326796293258667
32708,0.487250953912735
98157,0.4908110797405243
85100,0.49355512857437134
10959,0.489734411239624
25471,0.48607778549194336
74863,0.48583704233169556
87242,0.49097055196762085
104648,0.4896964430809021
97052,0.4903891682624817
86805,0.48396819829940796
16681,0.4848842918872833
9645,0.4863889515399933
38003,0.48886463046073914
98423,0.4876832365989685
43855,0.4857216477394104
80998,0.48825421929359436
51599,0.4872940480709076
86393,0.4928036332130432
97657,0.4878142476081848
68503,0.4898989796638489
62199,0.4883514940738678
22810,0.48715996742248535
25809,0.4819334149360657
31763,0.4930974841117859
56585,0.489885538816452
82026,0.4890071153640747
31013,0.4860800504684448
88505,0.48834723234176636
67862,0.4846179187297821
1083,0.48639801144599915
32019,0.486346572637558
45514,0.49115055799484253
45705,0.48556143045425415
24442,0.489071786403656
2150,0.4847842752933502
44853,0.4849942624568939
87629,0.4856816530227661
99796,0.4877120852470398
15349,0.48594433069229126
34765,0.49029842019081116
25818,0.48508793115615845
2666,0.48895785212516785
76793,0.487758994102478
105647,0.4869268238544464
81361,0.48838287591934204
90799,0.4858054518699646
35745,0.29317599534988403
160,0.48788779973983765
69303,0.4881478548049927
14700,0.49338215589523315
69746,0.4923402965068817
961,0.4922468960285187
3962,0.4857867956161499
24511,0.4909822642803192
61817,0.4951273500919342
19533,0.48918232321739197
43332,0.4830778241157532
52787,0.48984354734420776
79254,0.48946911096572876
63398,0.4881260395050049
46236,0.48891425132751465
103175,0.4876616299152374
79229,0.48923343420028687
2444,0.49044954776763916
77714,0.49314793944358826
80153,0.4807814359664917
98530,0.4864867627620697
93242,0.4888777434825897
39888,0.49026358127593994
9964,0.49290359020233154
31540,0.48591291904449463
47142,0.48802119493484497
35348,0.48612478375434875
74182,0.4878954589366913
5001,0.4897764027118683
37864,0.48759105801582336
14092,0.4905664622783661
16748,0.4889476001262665
104285,0.48719707131385803
41214,0.490248441696167
27064,0.4892719089984894
1903,0.48268601298332214
9954,0.4832572937011719
86039,0.48852095007896423
54745,0.48312869668006897
9210,0.48684704303741455
103898,0.18903690576553345
21972,0.48948556184768677
67669,0.48677968978881836
484,0.4882614016532898
47825,0.4866458773612976
47939,0.485879123210907
100475,0.48935046792030334
77167,0.48838579654693604
88023,0.4904877543449402
75237,0.48676279187202454
60778,0.49146246910095215
33347,0.48753437399864197
72757,0.49007683992385864
45691,0.48769745230674744
23169,0.4868422746658325
49808,0.4888903796672821
87952,0.49074989557266235
104831,0.48666077852249146
88511,0.49010562896728516
106076,0.4857543110847473
1970,0.4674072265625
61596,0.48210403323173523
99009,0.48761388659477234
36950,0.490863561630249
4566,0.48579439520835876
40783,0.49114876985549927
72599,0.48189908266067505
8221,0.4877226948738098
19699,0.4886073172092438
37292,0.49189913272857666
11863,0.4873596131801605
79578,0.4848419725894928
25995,0.48805832862854004
37913,0.48980534076690674
7465,0.489376962184906
77555,0.4880284070968628
87837,0.38896647095680237
32407,0.49217528104782104
3374,0.48600131273269653
23096,0.488025963306427
21436,0.48916006088256836
67879,0.487228661775589
105851,0.4880143702030182
84088,0.49163076281547546
33309,0.49106839299201965
58284,0.48771780729293823
67380,0.48440685868263245
51248,0.4875589609146118
7690,0.4892970323562622
66797,0.4905470609664917
3928,0.49325719475746155
98699,0.4855695366859436
37209,0.49317750334739685
39834,0.4867437481880188
100208,0.4852856993675232
92868,0.4829019606113434
7592,0.4800928235054016
93101,0.4891204833984375
82473,0.4863407611846924
54104,0.4862256348133087
8772,0.46805307269096375
49171,0.4884031414985657
1186,0.48924875259399414
20672,0.49255502223968506
9230,0.4866698682308197
97020,0.48623353242874146
2270,0.4924405813217163
21016,0.4878292381763458
42750,0.4893490970134735
12134,0.4868464767932892
85442,0.4883173108100891
4196,0.4915515184402466
45003,0.49217793345451355
173,0.48958203196525574
93374,0.4904903769493103
88695,0.48218992352485657
24428,0.49223315715789795
21794,0.4872828722000122
83160,0.4739745259284973
61147,0.49037593603134155
84498,0.48800909519195557
12837,0.47948306798934937
55334,0.4858827292919159
23071,0.48899805545806885
86142,0.49249500036239624
82082,0.4946450889110565
40099,0.4839041531085968
90999,0.483187198638916
60262,0.4900972247123718
13806,0.4873564839363098
84354,0.48604443669319153
93197,0.48847338557243347
31336,0.4885531961917877
61346,0.49491995573043823
64873,0.4844084084033966
32682,0.4909505546092987
91281,0.48083749413490295
18862,0.4857356548309326
69521,0.4883301854133606
89560,0.48741409182548523
35183,0.48644885420799255
101367,0.48498862981796265
80005,0.48937883973121643
28355,0.4896024763584137
81694,0.48440420627593994
67871,0.48833370208740234
40178,0.49205219745635986
18070,0.4934365451335907
30680,0.4868360757827759
56137,0.48734068870544434
84815,0.4835372865200043
86707,0.4903024435043335
55089,0.4873734712600708
59361,0.4813092052936554
64490,0.4921000003814697
57093,0.48743635416030884
15676,0.486458957195282
39525,0.4842859208583832
47923,0.48554423451423645
45403,0.48648202419281006
83152,0.4826630651950836
98655,0.48750296235084534
50859,0.48692038655281067
65784,0.4925258755683899
70212,0.48936381936073303
21058,0.4898844063282013
74241,0.4848880469799042
62610,0.4907141923904419
7566,0.4867061376571655
97972,0.49312496185302734
67144,0.49373748898506165
87606,0.49345171451568604
46796,0.48813262581825256
4010,0.4906140863895416
76090,0.4869464039802551
12992,0.48567041754722595
96829,0.48986563086509705
84814,0.48641273379325867
57267,0.4866327941417694
6047,0.4842790365219116
69361,0.4878901243209839
17613,0.4872503876686096
51751,0.4879758358001709
42632,0.4901903569698334
36140,0.48743414878845215
85388,0.4865720868110657
71239,0.48993808031082153
15500,0.4898092746734619
61416,0.48943862318992615
31746,0.49294033646583557
50329,0.48643648624420166
73952,0.4907871186733246
32538,0.48759546875953674
13418,0.4919508397579193
12540,0.4880755841732025
43800,0.48766371607780457
14460,0.48653993010520935
55856,0.48706328868865967
62352,0.4898342788219452
94871,0.48988914489746094
91572,0.4916516840457916
26053,0.49146559834480286
50065,0.48678159713745117
5865,0.4888668954372406
10612,0.486362099647522
42136,0.4882345497608185
98225,0.49222230911254883
67911,0.48861175775527954
58526,0.49297311902046204
60638,0.492227166891098
17491,0.4872327744960785
65807,0.49036285281181335
65190,0.4853609502315521
46855,0.48828428983688354
31550,0.491851270198822
46678,0.4862503409385681
52586,0.49184343218803406
77083,0.49196040630340576
15946,0.48784172534942627
47152,0.4825649559497833
82477,0.4824223518371582
89509,0.48539236187934875
67809,0.4852130711078644
66336,0.485350638628006
104012,0.4883335828781128
5903,0.49059343338012695
71203,0.48784080147743225
53679,0.4823586642742157
4649,0.48623859882354736
45837,0.4878780245780945
47135,0.493447482585907
100954,0.4904731810092926
91716,0.4853288233280182
85728,0.48930051922798157
1170,0.4935901463031769
31247,0.4932214617729187
7679,0.48979127407073975
28796,0.48127689957618713
44977,0.48685047030448914
39422,0.49104854464530945
61607,0.4924260675907135
106078,0.4806976318359375
9024,0.4863792359828949
87278,0.49153372645378113
69203,0.48818740248680115
1615,0.4861590266227722
18592,0.49177318811416626
102546,0.4882657527923584
92573,0.4832899272441864
99103,0.4902864992618561
64001,0.49085110425949097
10045,0.4892767071723938
85073,0.49270424246788025
63138,0.47632721066474915
33289,0.4858438968658447
25657,0.46027320623397827
105677,0.4897202253341675
67163,0.483870267868042
13647,0.48801523447036743
76642,0.48649731278419495
51007,0.48117098212242126
68266,0.48165515065193176
44275,0.46026360988616943
20998,0.4872642159461975
37144,0.48812955617904663
22529,0.4876806139945984
107135,0.487508088350296
10453,0.4882582128047943
44915,0.4855424463748932
71397,0.4864603579044342
87754,0.4880700409412384
94874,0.48638758063316345
48273,0.4741630256175995
83799,0.48706215620040894
59725,0.4831590950489044
17919,0.4916703402996063
38410,0.48725026845932007
96210,0.48924577236175537
52102,0.4913341999053955
71858,0.48867490887641907
35019,0.48952168226242065
100257,0.4906233847141266
92012,0.488203763961792
62039,0.48598721623420715
62999,0.4810887575149536
71724,0.4852997362613678
45444,0.4869570732116699
92009,0.49187222123146057
19636,0.49016067385673523
55464,0.4877018332481384
71250,0.48482948541641235
7439,0.48914194107055664
49016,0.48967117071151733
23337,0.48823636770248413
60876,0.47644928097724915
49078,0.4878564774990082
74833,0.48858335614204407
29020,0.3574691414833069
26583,0.48494893312454224
29303,0.4881976246833801
42586,0.4854767918586731
71875,0.4886806607246399
34508,0.4886816143989563
6165,0.48592066764831543
58493,0.4910399317741394
94887,0.4877084493637085
102986,0.48410823941230774
28098,0.491912305355072
25087,0.4878650903701782
8009,0.4867929518222809
89579,0.48365771770477295
54770,0.4865986108779907
51653,0.4861474931240082
45760,0.4897918403148651
4476,0.4858647882938385
54421,0.48813989758491516
59509,0.4844438135623932
98689,0.483993262052536
60921,0.48970988392829895
39461,0.4802798926830292
70274,0.48975980281829834
37090,0.4888397753238678
37016,0.4838032126426697
13411,0.494830846786499
51088,0.4869314730167389
56925,0.49146905541419983
98002,0.4840913414955139
35495,0.49043649435043335
93475,0.49178892374038696
68261,0.4888022840023041
98947,0.4870462417602539
50552,0.48771554231643677
59028,0.4852767288684845
88386,0.48134714365005493
96380,0.4878970980644226
45376,0.48271000385284424
43984,0.4892246425151825
24711,0.48478448390960693
97312,0.48919549584388733
26141,0.4868159592151642
16602,0.48761898279190063
23781,0.4877704679965973
28258,0.4885106384754181
64800,0.486298143863678
37795,0.4862488806247711
62740,0.48578786849975586
41201,0.4868868589401245
1954,0.48756173253059387
81573,0.4880938231945038
21215,0.48617324233055115
70981,0.48802363872528076
67761,0.490090936422348
104537,0.48280879855155945
52595,0.4907670319080353
28616,0.48441416025161743
17775,0.4874837100505829
35248,0.4837988018989563
34106,0.48663759231567383
13399,0.4845241904258728
62348,0.47583404183387756
22348,0.48804476857185364
78412,0.4879477322101593
79202,0.48910632729530334
28300,0.48927247524261475
57415,0.4865933656692505
24325,0.4896366596221924
104667,0.48842400312423706
102884,0.4907280206680298
75881,0.4880479872226715
89545,0.48899850249290466
53802,0.488262802362442
8428,0.48518237471580505
1947,0.4873467981815338
39582,0.4886474013328552
98781,0.48601973056793213
10914,0.48751381039619446
68116,0.4884946644306183
89336,0.4906647205352783
23088,0.4774608910083771
24498,0.48509761691093445
20680,0.4876735806465149
72863,0.48838555812835693
9853,0.48052722215652466
34780,0.48752161860466003
47982,0.4852403402328491
23029,0.49265405535697937
99217,0.4913936257362366
65189,0.4869914650917053
32702,0.48598170280456543
29196,0.4903687536716461
92311,0.49296116828918457
78556,0.48833534121513367
790,0.4875968396663666
61109,0.4888294041156769
27468,0.48839569091796875
59155,0.48363196849823
77199,0.4911707937717438
5278,0.48566246032714844
74444,0.4832480847835541
82691,0.4890998303890228
16226,0.4876175820827484
52549,0.4889260530471802
44851,0.4908892512321472
59450,0.48409536480903625
94386,0.48662662506103516
17225,0.4922575354576111
36121,0.48671314120292664
70641,0.4877999424934387
23081,0.49063968658447266
26293,0.4832311272621155
19672,0.48695600032806396
75867,0.49110347032546997
12380,0.4904400408267975
58603,0.49048683047294617
75965,0.45101913809776306
89363,0.4909384250640869
93676,0.4886303246021271
14307,0.486526757478714
91126,0.462260901927948
25779,0.4873439073562622
6628,0.488516628742218
4388,0.4894733428955078
93791,0.4881815016269684
31487,0.4917490780353546
90708,0.487698495388031
30088,0.4891287088394165
83553,0.4903143644332886
74383,0.4874979853630066
25927,0.48800426721572876
7414,0.48780107498168945
20334,0.4844489097595215
21744,0.4900552034378052
21251,0.488351434469223
60748,0.4897521436214447
43515,0.4890292286872864
74308,0.48842674493789673
106088,0.48919785022735596
34656,0.48713183403015137
50547,0.48930856585502625
95637,0.4907956123352051
30704,0.4855484068393707
15030,0.48710304498672485
24654,0.49149370193481445
9002,0.4873649775981903
39090,0.4886855483055115
50634,0.48556312918663025
97316,0.4871123135089874
84069,0.4895072877407074
15263,0.4713192582130432
17371,0.48903515934944153
92665,0.487738698720932
68592,0.4893842041492462
34934,0.49125421047210693
60754,0.4881839156150818
11212,0.48903870582580566
57395,0.49274301528930664
87247,0.4929676651954651
10163,0.48651397228240967
19818,0.48635926842689514
86469,0.49280431866645813
5163,0.4908011257648468
89755,0.4885251522064209
15091,0.4908764958381653
54328,0.489464670419693
26074,0.48909395933151245
70959,0.48775559663772583
84334,0.4891095757484436
65282,0.4918912947177887
33477,0.4879060685634613
6641,0.4896687865257263
23339,0.48842132091522217
224,0.4895021915435791
16607,0.4881085455417633
106110,0.4876227378845215
75941,0.4833334684371948
45252,0.4888041317462921
832,0.4899023175239563
55056,0.4875240623950958
89743,0.4902479946613312
60890,0.48933494091033936
55078,0.4894239008426666
48751,0.48108258843421936
64538,0.48662063479423523
40381,0.47981569170951843
80868,0.4820553660392761
39323,0.4881264865398407
87561,0.49168890714645386
16654,0.4873339533805847
41696,0.48428624868392944
13283,0.48711615800857544
24227,0.4903334379196167
9617,0.4899941682815552
56613,0.4896220862865448
87591,0.49114975333213806
51253,0.4969542622566223
79479,0.4914384186267853
90168,0.4829573631286621
63042,0.48967668414115906
37035,0.48914432525634766
52909,0.48302266001701355
69625,0.48341211676597595
10939,0.4882197976112366
43090,0.4919186532497406
23167,0.4882226288318634
16387,0.48232367634773254
40661,0.48497894406318665
71384,0.491618812084198
19426,0.4869001507759094
45384,0.48925095796585083
60704,0.48959144949913025
14812,0.4905853867530823
42412,0.48848241567611694
70876,0.4700653851032257
63689,0.4860669672489166
33546,0.48472437262535095
15735,0.4700529873371124
40798,0.4924749732017517
13733,0.48425930738449097
67133,0.4908837378025055
18911,0.48299872875213623
31669,0.4819450378417969
80993,0.4876320958137512
48559,0.4823421537876129
6089,0.487856924533844
75724,0.48415103554725647
76026,0.48796147108078003
31984,0.48335662484169006
10651,0.49212804436683655
31300,0.4853600561618805
28564,0.4880199432373047
18914,0.48836758732795715
58189,0.4859004020690918
79828,0.4806877672672272
66402,0.4851008355617523
40202,0.4881944954395294
95576,0.48382246494293213
94270,0.4914382994174957
29226,0.4850616753101349
53270,0.48818114399909973
35383,0.48812147974967957
29566,0.48831596970558167
2547,0.48906323313713074
70342,0.4888521432876587
1061,0.4952835142612457
78036,0.4917290210723877
72994,0.4881334900856018
34506,0.4950233995914459
102711,0.4958106279373169
41440,0.4894406199455261
39328,0.4878232181072235
82236,0.4882812201976776
54557,0.4807591736316681
8590,0.48759105801582336
49268,0.4766806662082672
53084,0.4875294864177704
32658,0.3805931508541107
40205,0.48932579159736633
16606,0.4871935248374939
21653,0.48555341362953186
38824,0.483686625957489
72356,0.48890969157218933
58357,0.4887852668762207
5784,0.4883389174938202
10202,0.4926970601081848
9417,0.4826680123806
33193,0.48455241322517395
107160,0.4883035719394684
70310,0.49196088314056396
18909,0.49106109142303467
60021,0.4879324436187744
20427,0.4897196590900421
104311,0.4892628788948059
86023,0.48790663480758667
31203,0.4881190061569214
63103,0.48773467540740967
98109,0.4868001341819763
21297,0.4906791150569916
52144,0.48734742403030396
88901,0.48844173550605774
38225,0.4884362816810608
84696,0.4933842122554779
20497,0.4900893270969391
29476,0.48737961053848267
24075,0.4840644896030426
22804,0.4816967248916626
91118,0.4844791889190674
80940,0.49305495619773865
43319,0.24933530390262604
29975,0.487714022397995
87083,0.48610055446624756
52097,0.487312376499176
40409,0.4855934977531433
38669,0.4882752001285553
3473,0.4876880943775177
42303,0.48468366265296936
55987,0.48833444714546204
29956,0.48642200231552124
85955,0.48926493525505066
25404,0.48938512802124023
10515,0.4844401478767395
94826,0.4917016327381134
24313,0.48955607414245605
7440,0.4899071753025055
37739,0.4885770380496979
65222,0.4889638423919678
21842,0.4877018928527832
13616,0.4879864454269409
62725,0.48813989758491516
82094,0.4880753755569458
28784,0.4896090626716614
90341,0.48550260066986084
90871,0.48847776651382446
97153,0.4902637004852295
34477,0.4863080680370331
27288,0.4845457375049591
6645,0.48563721776008606
106487,0.4913632273674011
103799,0.48724812269210815
100795,0.48867884278297424
50441,0.48350346088409424
25656,0.4903743267059326
42091,0.48424068093299866
31393,0.4908447861671448
105245,0.48993784189224243
30771,0.48913416266441345
63295,0.4899020791053772
92846,0.4775376617908478
76532,0.4884466528892517
55699,0.48656487464904785
51532,0.49079710245132446
81462,0.49346598982810974
55743,0.49170976877212524
5471,0.48585885763168335
50734,0.48793625831604004
77357,0.48879820108413696
42814,0.48326218128204346
56981,0.4837739169597626
15870,0.48504120111465454
62263,0.4847368597984314
32459,0.4872400760650635
69113,0.4904404878616333
41655,0.48256149888038635
73181,0.49109891057014465
106893,0.47976425290107727
95135,0.4871857464313507
250,0.4913100302219391
46233,0.4925782084465027
61352,0.4914560317993164
78753,0.4886375069618225
36900,0.48671025037765503
20266,0.48593780398368835
100210,0.48458319902420044
12736,0.4887468218803406
72307,0.47905096411705017
88205,0.488998681306839
8442,0.4906206429004669
5266,0.47997838258743286
68454,0.486968457698822
42471,0.489956259727478
88656,0.48598068952560425
39599,0.48933157324790955
52067,0.4899313747882843
36330,0.48839840292930603
64700,0.47792378067970276
45548,0.484939306974411
25933,0.4884359538555145
15386,0.4913267195224762
5678,0.48537275195121765
64586,0.4838370382785797
42264,0.4892961084842682
82239,0.48756033182144165
12472,0.48538774251937866
80615,0.4884144365787506
90894,0.49247023463249207
33993,0.48888856172561646
68985,0.48897871375083923
48858,0.4804326593875885
2365,0.4881397783756256
61432,0.4903062880039215
55956,0.49160775542259216
72981,0.4649357497692108
3931,0.48798668384552
102498,0.48866328597068787
65577,0.4910757541656494
104607,0.49321043491363525
3574,0.48949575424194336
48736,0.48373889923095703
17630,0.4894821345806122
92273,0.48082953691482544
88264,0.4841766357421875
46131,0.4888012707233429
65601,0.4894825518131256
11263,0.48830321431159973
56695,0.48422887921333313
52600,0.489341676235199
5653,0.4889082610607147
23233,0.48888257145881653
102262,0.488311767578125
19938,0.48838087916374207
43484,0.4837377071380615
85166,0.49049824476242065
3085,0.48318496346473694
18921,0.488156259059906
24771,0.4817662239074707
58897,0.3546246290206909
94516,0.4865807890892029
78453,0.488801509141922
91211,0.4923742711544037
105987,0.487834095954895
43111,0.4849367141723633
28487,0.4896068871021271
8124,0.4885174036026001
82311,0.48371753096580505
98877,0.4912990927696228
74159,0.4864409565925598
33511,0.49034392833709717
95473,0.4855242967605591
19725,0.4870421886444092
41003,0.4871075749397278
16427,0.4859139323234558
100963,0.49209097027778625
52106,0.48836326599121094
39236,0.4922511875629425
44120,0.4878016412258148
105658,0.4878597557544708
13655,0.48494771122932434
26906,0.4903174638748169
88670,0.48752644658088684
10846,0.4838555157184601
61451,0.49006733298301697
22909,0.4873752295970917
5603,0.48802778124809265
71995,0.4878842234611511
13659,0.48984938859939575
33676,0.48825401067733765
99479,0.4871823191642761
87944,0.4882272779941559
98866,0.4908466637134552
101832,0.48522496223449707
41896,0.48808753490448
3179,0.49167293310165405
51753,0.48652592301368713
27493,0.49165257811546326
49726,0.48636388778686523
12631,0.4856637716293335
72865,0.48777997493743896
80074,0.49233323335647583
25077,0.48993119597435
2911,0.4905073642730713
6033,0.49047422409057617
11734,0.48861292004585266
49339,0.48751023411750793
3717,0.4893898665904999
81240,0.4844699501991272
94153,0.49434059858322144
78852,0.48779478669166565
54176,0.48136913776397705
65079,0.48751941323280334
42937,0.48659050464630127
37077,0.4870658218860626
90291,0.48640280961990356
64253,0.4904046058654785
56721,0.4836035668849945
14315,0.49052515625953674
71554,0.4866861402988434
83088,0.4880322217941284
14641,0.48674291372299194
48788,0.4833839237689972
37948,0.48628178238868713
80385,0.4910731613636017
33468,0.4900878369808197
18095,0.4875544309616089
33431,0.48741957545280457
92258,0.4849478304386139
78347,0.48751816153526306
56274,0.4359939992427826
53441,0.48996502161026
9495,0.49140575528144836
80729,0.4901822805404663
12433,0.48874419927597046
86376,0.48837384581565857
52615,0.487571656703949
64847,0.4891277849674225
19409,0.4876331090927124
207,0.4933083653450012
68122,0.4840063452720642
92545,0.49497660994529724
95519,0.4880984425544739
50682,0.4874480068683624
55649,0.4718080759048462
81728,0.48701661825180054
11486,0.48847827315330505
57854,0.4899851083755493
1370,0.4934435784816742
30096,0.49070489406585693
37053,0.4863743782043457
54074,0.48360130190849304
33195,0.4890034794807434
102230,0.46030816435813904
45171,0.4855455756187439
46872,0.48892924189567566
9345,0.49557599425315857
82785,0.3898221552371979
48943,0.4880965054035187
106349,0.4884657561779022
21593,0.48974764347076416
78571,0.4897991716861725
91788,0.48867830634117126
86361,0.49230891466140747
52065,0.48776698112487793
84555,0.4855663776397705
3855,0.4889616370201111
43401,0.4922572374343872
69390,0.48803046345710754
56654,0.4862968921661377
28773,0.4902465045452118
100080,0.4842873215675354
89691,0.48662877082824707
80744,0.48638758063316345
27515,0.48390883207321167
101721,0.4896247684955597
23643,0.48599472641944885
47182,0.4897325932979584
56109,0.48813489079475403
81489,0.48877763748168945
72660,0.4707629680633545
25454,0.4872828423976898
89294,0.4896109998226166
74774,0.4939064681529999
30573,0.4891786575317383
55258,0.4865766763687134
5170,0.48609310388565063
88336,0.48766377568244934
5643,0.48788052797317505
62813,0.48855188488960266
72060,0.48748528957366943
36505,0.4840143620967865
30556,0.4886089265346527
80742,0.48809972405433655
81442,0.490194708108902
84357,0.4750652313232422
8437,0.489046573638916
89498,0.4851745069026947
52323,0.48440617322921753
6105,0.4903733432292938
28306,0.4875001311302185
817,0.4876537322998047
21262,0.4888085722923279
101935,0.4884544312953949
84337,0.488005131483078
14451,0.48714524507522583
16999,0.4881252348423004
106000,0.4886637330055237
54478,0.4919899106025696
74663,0.4920547306537628
45704,0.48833996057510376
19643,0.4921419620513916
61567,0.4884585738182068
15631,0.4884195625782013
41554,0.4847072958946228
83039,0.4932670593261719
103446,0.48826757073402405
98345,0.4878878593444824
58781,0.4842369556427002
36507,0.4883440434932709
93968,0.46430543065071106
69970,0.48569780588150024
29264,0.4911121428012848
72447,0.49171286821365356
49490,0.48907041549682617
78217,0.48609188199043274
102159,0.47621893882751465
70273,0.4836381673812866
26338,0.48089393973350525
56176,0.48687562346458435
48531,0.4889633357524872
87778,0.491921991109848
31072,0.48412269353866577
102437,0.48380985856056213
74391,0.4873010516166687
99487,0.4870348274707794
1181,0.48956018686294556
98967,0.48719266057014465
40784,0.48666027188301086
13252,0.48854881525039673
35927,0.48454657196998596
10450,0.43983325362205505
26024,0.485460489988327
85777,0.48587802052497864
79959,0.48881950974464417
42224,0.486817866563797
79732,0.48983266949653625
13077,0.4873904585838318
45919,0.488924115896225
48481,0.4891030788421631
23051,0.48750704526901245
53396,0.48465725779533386
25990,0.49590370059013367
65930,0.490481436252594
84275,0.4914766550064087
55555,0.4897541403770447
13571,0.48509612679481506
19734,0.4943099617958069
99263,0.48912277817726135
40884,0.49092090129852295
76709,0.4906908869743347
91081,0.4891096353530884
99608,0.49241936206817627
101938,0.4881404638290405
31299,0.48955240845680237
54312,0.4870655834674835
75331,0.4898969829082489
26718,0.49099451303482056
39625,0.48886069655418396
10154,0.48859336972236633
52480,0.4916512072086334
86492,0.4880279004573822
67218,0.48952192068099976
90249,0.48958921432495117
107061,0.4869005084037781
31114,0.48582252860069275
22242,0.4877471923828125
103709,0.487830251455307
25534,0.48820382356643677
11076,0.4853823482990265
59426,0.48859521746635437
40405,0.4903079569339752
44754,0.4923049211502075
22684,0.4856543242931366
5801,0.48917022347450256
36924,0.48855456709861755
53384,0.4727824926376343
92712,0.4914001226425171
96901,0.49128028750419617
66228,0.4701361358165741
6751,0.4877535402774811
16380,0.49479541182518005
67691,0.4860147535800934
69021,0.48679956793785095
96902,0.48827990889549255
47769,0.4910488426685333
31218,0.4924972951412201
38635,0.4868229627609253
84440,0.4902423918247223
80700,0.4852069914340973
83305,0.48440247774124146
77004,0.459372878074646
35493,0.49136775732040405
57640,0.48694276809692383
22467,0.4915953278541565
37776,0.4907362461090088
69920,0.48680707812309265
27536,0.4895109534263611
52622,0.48740634322166443
99130,0.4872429072856903
34826,0.4884798526763916
13530,0.4885062575340271
54219,0.4477016031742096
75359,0.48453229665756226
27285,0.4863177537918091
22077,0.4892827570438385
90788,0.48626601696014404
104322,0.4835158884525299
32897,0.4920445680618286
55677,0.4865495264530182
42319,0.48308584094047546
92559,0.49143433570861816
29282,0.4898354113101959
65013,0.4878304898738861
4817,0.4891030192375183
37540,0.48614245653152466
68712,0.48290419578552246
56007,0.49133750796318054
47616,0.06898419559001923
79058,0.488743394613266
81738,0.4925324022769928
100015,0.481205552816391
54572,0.4782567322254181
49533,0.48792195320129395
101178,0.48808178305625916
95017,0.4883671998977661
105751,0.4893637001514435
78944,0.49273809790611267
2093,0.491595596075058
105969,0.4827879071235657
104250,0.4933934211730957
83042,0.486457884311676
1065,0.4885433614253998
37529,0.4860982894897461
13780,0.4893600344657898
46453,0.4867115020751953
64631,0.4840286076068878
20384,0.4861034154891968
47912,0.4764166474342346
18,0.48606473207473755
77554,0.4797053933143616
15582,0.48757052421569824
99666,0.47361305356025696
79962,0.4833853244781494
57979,0.487627774477005
781,0.4912462830543518
65466,0.4828449487686157
95252,0.4869578182697296
32661,0.486807256937027
51127,0.4867928922176361
17798,0.4341215491294861
39908,0.4905156195163727
25867,0.48918119072914124
21529,0.48348501324653625
28279,0.4867176115512848
11637,0.4868036210536957
64726,0.48928263783454895
74392,0.48545268177986145
15857,0.48282337188720703
97309,0.48746874928474426
37463,0.49082857370376587
32071,0.4909206032752991
21323,0.4857649505138397
26312,0.48867711424827576
71930,0.48839932680130005
3492,0.4877642095088959
65456,0.48961541056632996
96936,0.4856947660446167
76724,0.4869319200515747
10868,0.4861584007740021
82591,0.48693791031837463
35387,0.4857288897037506
38546,0.492005318403244
89839,0.4894447922706604
14754,0.48966559767723083
48921,0.4879166781902313
5482,0.4892875552177429
105128,0.4300706088542938
31526,0.4904523193836212
93278,0.48726364970207214
37389,0.4885866045951843
85513,0.4896916449069977
71873,0.4852065443992615
14912,0.4869694709777832
81004,0.4827916920185089
43896,0.4902001619338989
14272,0.48736533522605896
10717,0.48789799213409424
64257,0.4909813106060028
11434,0.4859413802623749
66130,0.48801448941230774
35204,0.48826467990875244
54695,0.4868617355823517
14350,0.4897731840610504
100672,0.48857352137565613
3169,0.4878323972225189
82931,0.4867314398288727
92433,0.48928651213645935
24263,0.4860001802444458
14767,0.488237589597702
10604,0.49207112193107605
100318,0.48213595151901245
75663,0.48662877082824707
43684,0.4890352189540863
30373,0.488954097032547
17867,0.48648422956466675
33900,0.48450806736946106
29003,0.48822638392448425
33694,0.4867638647556305
84087,0.4832216501235962
29852,0.4913008213043213
63545,0.4916488528251648
62292,0.4878411889076233
57258,0.4865996539592743
95073,0.48579493165016174
50685,0.49310746788978577
104221,0.4910287857055664
51911,0.48732659220695496
48975,0.48645833134651184
58430,0.4944250285625458
63383,0.48883214592933655
35526,0.4887174963951111
64270,0.4891642928123474
23285,0.477947860956192
89158,0.48194360733032227
77528,0.49169668555259705
38446,0.4892559349536896
19382,0.49220359325408936
17453,0.492459237575531
39175,0.48894447088241577
102238,0.49177607893943787
85718,0.4901101589202881
24010,0.48722729086875916
54821,0.4897153079509735
13440,0.48093870282173157
11394,0.4835682213306427
23805,0.4895309507846832
43147,0.3615396022796631
1333,0.48839107155799866
1639,0.49118104577064514
37376,0.48803117871284485
63387,0.49159353971481323
23614,0.49401313066482544
32136,0.4827148914337158
49294,0.48622870445251465
13594,0.48905831575393677
42326,0.48648542165756226
82587,0.4830792248249054
62487,0.48414140939712524
61281,0.4902704060077667
1204,0.48709094524383545
85035,0.48930197954177856
63270,0.48984527587890625
54681,0.4895816743373871
38823,0.48545223474502563
88510,0.4875931441783905
73301,0.4831230342388153
97118,0.4887178838253021
56486,0.4825844466686249
70896,0.4876607060432434
9348,0.48908135294914246
103274,0.4852314293384552
33539,0.48898306488990784
91382,0.4809143841266632
42087,0.4857194423675537
38095,0.4751541018486023
37681,0.4853116571903229
8143,0.49239248037338257
19535,0.48589619994163513
100274,0.4875282347202301
47783,0.4849094748497009
63781,0.48846858739852905
96617,0.49315059185028076
75551,0.48581069707870483
17255,0.4913471043109894
53787,0.4877914488315582
635,0.49127575755119324
85183,0.4891960620880127
103397,0.4862332046031952
82756,0.4864177107810974
100666,0.48754581809043884
50949,0.4886494576931
28357,0.4889310598373413
45721,0.48675426840782166
56031,0.4876618981361389
28691,0.48507681488990784
16837,0.48317599296569824
5685,0.4902269244194031
92766,0.47777146100997925
46208,0.48610955476760864
39047,0.4891500174999237
6910,0.4828150272369385
70669,0.48857757449150085
49926,0.4884202480316162
67684,0.4881230294704437
22819,0.48761406540870667
64125,0.4868068993091583
15652,0.48485055565834045
23464,0.4433589577674866
29177,0.4823710322380066
35062,0.491517037153244
68536,0.48918139934539795
51118,0.4873649775981903
90260,0.49017781019210815
60622,0.4876522719860077
72104,0.4927756190299988
7291,0.4821552336215973
68799,0.48748207092285156
26509,0.4829960763454437
96133,0.4886471629142761
64710,0.48907041549682617
34161,0.48999708890914917
4172,0.4904162883758545
26504,0.486198753118515
42383,0.48531895875930786
48827,0.48830175399780273
62023,0.4926705062389374
53381,0.4866650104522705
42672,0.4871774911880493
40352,0.4589170515537262
98188,0.4826882481575012
55579,0.4874410629272461
95699,0.4900943636894226
22073,0.4868609309196472
7510,0.49216288328170776
61926,0.4910995066165924
12524,0.48806479573249817
30272,0.48754650354385376
84597,0.4871562719345093
82478,0.4910128116607666
64991,0.48835429549217224
33087,0.48932328820228577
102366,0.48136305809020996
83565,0.48608827590942383
83122,0.48823171854019165
52131,0.4911935329437256
910,0.4814871549606323
5111,0.49009940028190613
54693,0.48830270767211914
98190,0.4889691472053528
10111,0.48236772418022156
37371,0.48917490243911743
34857,0.4873028099536896
14501,0.48686668276786804
36005,0.4872577488422394
25749,0.4867609143257141
78921,0.49307000637054443
44951,0.4918806254863739
14333,0.45914486050605774
83840,0.4894595742225647
27079,0.48729580640792847
13278,0.4632877707481384
23037,0.4834795594215393
67764,0.4859994947910309
15310,0.4892463982105255
94802,0.4771445691585541
87951,0.48779571056365967
78943,0.4861926734447479
97872,0.4867117702960968
81410,0.48757731914520264
50882,0.48856520652770996
27223,0.4901373088359833
65094,0.48314350843429565
78051,0.4872569441795349
70230,0.48663610219955444
14759,0.4875800609588623
59979,0.4856754541397095
43844,0.4901530146598816
79018,0.48980435729026794
27232,0.4911686182022095
26744,0.4883197247982025
42401,0.4906158149242401
78332,0.4856484830379486
76194,0.4879133403301239
384,0.48919418454170227
63682,0.4894556403160095
49119,0.4941055178642273
54063,0.48885443806648254
64585,0.4853969216346741
79519,0.49264028668403625
51401,0.48714274168014526
30357,0.4910828173160553
13880,0.4885922968387604
58055,0.49148374795913696
45641,0.4924028813838959
21988,0.48725926876068115
54004,0.4909016489982605
24290,0.4878443777561188
77273,0.4831230342388153
76128,0.4867948293685913
65644,0.4652674198150635
79017,0.48908695578575134
101808,0.4840954840183258
99951,0.4536634385585785
60253,0.48460647463798523
94900,0.48954397439956665
48007,0.48969095945358276
98057,0.485824316740036
47744,0.4898543059825897
98823,0.48567354679107666
101068,0.4890596866607666
102961,0.48100799322128296
74087,0.48917365074157715
7420,0.4860202670097351
70975,0.48607081174850464
105748,0.48834553360939026
42214,0.48941919207572937
13477,0.4919261932373047
104778,0.49217694997787476
43685,0.4873475432395935
100408,0.4860803186893463
51947,0.4872920513153076
75354,0.48457321524620056
15888,0.49306049942970276
33178,0.48539286851882935
101604,0.48771044611930847
11544,0.482865571975708
58903,0.49034324288368225
41792,0.48761802911758423
93189,0.4892566204071045
41555,0.4886111915111542
79590,0.4898870885372162
3426,0.49058836698532104
25278,0.4892476499080658
25008,0.49128207564353943
81536,0.4850434958934784
95607,0.4675605297088623
98558,0.4833782911300659
48761,0.48795896768569946
11198,0.4933675527572632
2451,0.49181804060935974
46648,0.4918966591358185
51384,0.48523297905921936
62978,0.49325865507125854
27721,0.4663638472557068
64172,0.48788881301879883
77418,0.4869227707386017
72441,0.487020343542099
29063,0.48394468426704407
18090,0.4831029176712036
2491,0.48090100288391113
70301,0.4869805872440338
52348,0.4910429120063782
82167,0.4864180386066437
32365,0.47495028376579285
6896,0.49443966150283813
54908,0.48931261897087097
50459,0.4854155480861664
60554,0.4864576458930969
17023,0.487015038728714
65066,0.49049171805381775
66344,0.48500972986221313
37911,0.4843132793903351
22161,0.4860803782939911
30356,0.4850752353668213
60676,0.47930312156677246
31531,0.4915585517883301
4843,0.4893118739128113
99733,0.48991164565086365
83507,0.48737698793411255
82773,0.48830971121788025
74473,0.48941102623939514
88188,0.4439908564090729
88215,0.48931363224983215
63735,0.49125030636787415
70619,0.4913938641548157
61200,0.48776790499687195
30655,0.4914356470108032
65913,0.48725536465644836
54326,0.4883189797401428
56131,0.4931219518184662
58175,0.49208468198776245
98975,0.3613153398036957
94819,0.4889262914657593
90301,0.48510515689849854
25780,0.48999810218811035
60452,0.487042635679245
50411,0.48746615648269653
35018,0.4892679750919342
73380,0.49497532844543457
17467,0.48589375615119934
3094,0.4812420904636383
9738,0.49259719252586365
44418,0.4900810718536377
84598,0.49046996235847473
93058,0.48547613620758057
101249,0.4817168712615967
3313,0.4872935712337494
98711,0.49096590280532837
27602,0.4886891841888428
49587,0.4943890869617462
80445,0.4891888201236725
39073,0.48721036314964294
77240,0.4826904535293579
64521,0.4899085462093353
14191,0.48838499188423157
84975,0.49423947930336
41952,0.4865395724773407
26320,0.49040481448173523
4556,0.49059927463531494
15168,0.48883458971977234
26457,0.48763054609298706
59345,0.48850443959236145
29189,0.4860612154006958
71307,0.4930168688297272
71078,0.48912686109542847
3900,0.48996004462242126
22304,0.49093228578567505
38231,0.4912276566028595
81720,0.48226022720336914
81431,0.49009969830513
583,0.4876132607460022
53552,0.4255616366863251
84043,0.489703893661499
16175,0.4883405268192291
34979,0.4786549508571625
64150,0.49173733592033386
75806,0.48695915937423706
93116,0.4879690706729889
29562,0.4916922450065613
28371,0.4827691316604614
69331,0.13248318433761597
44586,0.4823555052280426
91778,0.4881440997123718
99087,0.4875467121601105
36336,0.49002277851104736
76742,0.490203320980072
103873,0.48971086740493774
41887,0.4925172030925751
36456,0.4888192117214203
8347,0.48776137828826904
105701,0.48976901173591614
18727,0.49061134457588196
48456,0.4862053692340851
67345,0.487105131149292
18115,0.4890872836112976
88646,0.49044427275657654
16889,0.4869256019592285
12294,0.4196398854255676
83601,0.4904226064682007
73687,0.48727115988731384
51259,0.48537421226501465
69885,0.48936352133750916
45997,0.48900219798088074
65402,0.4917438328266144
24272,0.48897770047187805
26111,0.4873238801956177
14340,0.48588651418685913
106932,0.48717206716537476
10072,0.48798826336860657
42275,0.48700225353240967
12585,0.4814218282699585
19345,0.4948078989982605
51382,0.48898521065711975
17188,0.4910764992237091
61288,0.49069201946258545
83262,0.4890015423297882
86120,0.486823171377182
71597,0.48711881041526794
56009,0.4911901354789734
23672,0.48068174719810486
87182,0.4885636866092682
30917,0.49191057682037354
45016,0.48681244254112244
27513,0.48780402541160583
23688,0.4831414818763733
91552,0.48732343316078186
36671,0.4879191219806671
61761,0.4861643314361572
85490,0.4885362982749939
102143,0.4880334138870239
4545,0.48754650354385376
25878,0.48797371983528137
40704,0.4855825901031494
88727,0.48603442311286926
21689,0.48508119583129883
53724,0.4863928258419037
23022,0.48266756534576416
77592,0.4872819781303406
77918,0.491449236869812
94200,0.48728060722351074
37600,0.4832645058631897
43202,0.4804912209510803
75128,0.008146787993609905
47481,0.4911918044090271
80803,0.48701655864715576
97638,0.488126665353775
67851,0.4905830919742584
69733,0.49553555250167847
96141,0.4829016327857971
72491,0.4776184558868408
77467,0.4869990944862366
61997,0.4839193820953369
34472,0.48000380396842957
69452,0.4871669113636017
105256,0.4892244338989258
38288,0.4897750914096832
61579,0.49157872796058655
81861,0.49038809537887573
91388,0.4834864139556885
66355,0.48331475257873535
9772,0.48723047971725464
91345,0.4891817569732666
89020,0.4880797564983368
47843,0.4846443831920624
40239,0.4887927174568176
7984,0.4848518371582031
12457,0.48243939876556396
48634,0.48947376012802124
54494,0.4904909133911133
36007,0.4892106056213379
13859,0.4876920282840729
104132,0.48904359340667725
106444,0.48633208870887756
77743,0.48690009117126465
12930,0.491096168756485
75523,0.4961923360824585
74575,0.48439234495162964
87066,0.48718541860580444
72953,0.4917606711387634
75330,0.4949912130832672
35634,0.4909176230430603
32681,0.4893054664134979
54719,0.49004730582237244
11158,0.49019768834114075
59927,0.48445478081703186
104545,0.47888994216918945
40117,0.48870688676834106
61413,0.4893052875995636
21715,0.4860140383243561
32714,0.4890420138835907
24981,0.49197208881378174
35347,0.4918001592159271
93329,0.4878541827201843
62636,0.48828616738319397
81546,0.4865207374095917
98273,0.4872649908065796
7217,0.48723313212394714
93418,0.4863961637020111
37177,0.478418231010437
64677,0.49006423354148865
17229,0.48977890610694885
97054,0.49027469754219055
79937,0.4905296266078949
54263,0.48895546793937683
71751,0.48502805829048157
82528,0.4919526278972626
72064,0.4893754720687866
79587,0.4866032600402832
28466,0.4872823655605316
78377,0.49005967378616333
46316,0.4885447323322296
36085,0.4844898283481598
17461,0.4880242645740509
68795,0.4917166829109192
92838,0.48703357577323914
7155,0.49191927909851074
18487,0.48767873644828796
66346,0.4870269000530243
99,0.4876627027988434
101572,0.49444782733917236
89347,0.4907655119895935
68407,0.4912467896938324
49849,0.48781096935272217
33062,0.4878998100757599
57697,0.49254703521728516
43349,0.4876151382923126
83428,0.48814502358436584
105864,0.4860686659812927
15474,0.48751986026763916
27327,0.4877158999443054
81606,0.48811644315719604
46310,0.4869600236415863
7460,0.4874051511287689
13550,0.487906813621521
101547,0.48943039774894714
37085,0.4873761832714081
90070,0.49303072690963745
21549,0.48924800753593445
20421,0.4870651364326477
85729,0.48749199509620667
94349,0.49441227316856384
97059,0.4885425567626953
74765,0.4894355535507202
13726,0.48854860663414
337,0.48741087317466736
51845,0.46703702211380005
58858,0.49490827322006226
46319,0.48541128635406494
55111,0.48053064942359924
11656,0.4874076843261719
78676,0.48873043060302734
60093,0.4904496669769287
91884,0.48845869302749634
51111,0.49390655755996704
17141,0.48925089836120605
58149,0.4938780665397644
61320,0.4873955547809601
1131,0.48512765765190125
22772,0.48496541380882263
43664,0.49298417568206787
43501,0.4922272562980652
81414,0.48545902967453003
52958,0.458950936794281
89750,0.4872370958328247
83877,0.4897361397743225
65308,0.48063698410987854
9200,0.4895572066307068
23749,0.48814573884010315
13672,0.4848059415817261
74683,0.4891732931137085
53904,0.4861529469490051
105146,0.49384841322898865
40098,0.48745912313461304
54660,0.4872625172138214
93339,0.4857337474822998
106801,0.4931625425815582
26778,0.48733043670654297
72106,0.48397940397262573
20868,0.48909950256347656
75989,0.48911798000335693
105541,0.4856681525707245
13843,0.48719581961631775
98710,0.48678404092788696
48313,0.4863932132720947
31664,0.4958919882774353
19568,0.48781391978263855
47754,0.48689156770706177
96276,0.48795947432518005
95056,0.48962533473968506
92257,0.4799903929233551
85089,0.04946540668606758
20080,0.48746228218078613
52366,0.49006035923957825
43572,0.48732513189315796
29109,0.4897814989089966
52191,0.49099916219711304
62260,0.4834097921848297
47485,0.48786434531211853
52129,0.4890548884868622
59497,0.48745429515838623
73830,0.483735591173172
27949,0.487292617559433
16537,0.4883471131324768
84391,0.4887758791446686
54134,0.4905494749546051
13467,0.4901224672794342
86868,0.4913691580295563
95993,0.48540225625038147
60827,0.48917651176452637
68151,0.48249584436416626
57843,0.4868225157260895
2809,0.483868807554245
46015,0.48879244923591614
20238,0.4885091483592987
106281,0.4880182445049286
50264,0.46405935287475586
73468,0.49055367708206177
15834,0.48791229724884033
72045,0.4904865026473999
56366,0.4879395663738251
9996,0.48631224036216736
100234,0.4868306517601013
36929,0.4877481162548065
68444,0.48149678111076355
563,0.4812470078468323
80583,0.49378225207328796
103138,0.48737359046936035
65733,0.492732435464859
32278,0.47950854897499084
88389,0.49037960171699524
56450,0.4928765594959259
29640,0.48798438906669617
101098,0.48750269412994385
89131,0.49195581674575806
102285,0.487239807844162
1174,0.48565566539764404
86355,0.4812690317630768
68228,0.48824864625930786
49846,0.48868587613105774
107146,0.4906978905200958
7072,0.4880124032497406
56520,0.48649269342422485
73045,0.49124374985694885
28365,0.490458220243454
68322,0.49033716320991516
102037,0.4929707944393158
18716,0.48664864897727966
67893,0.4830614924430847
81841,0.4882114827632904
38298,0.48724982142448425
90742,0.4865241050720215
72516,0.4875042140483856
37424,0.4904422163963318
40673,0.48721688985824585
105362,0.4861142933368683
64238,0.48395657539367676
35480,0.4810488522052765
84378,0.4900473952293396
2635,0.4875238239765167
63605,0.484742134809494
45588,0.4340245723724365
46577,0.4860548675060272
99481,0.4888474643230438
808,0.4882999360561371
36596,0.49227002263069153
60836,0.4909095764160156
27095,0.4835514426231384
78127,0.48524630069732666
32525,0.4911743700504303
102468,0.4906370937824249
8884,0.4882122874259949
16939,0.48917946219444275
88921,0.4903660714626312
67854,0.4875742197036743
88238,0.4898024797439575
39425,0.48649269342422485
23801,0.4913615584373474
4572,0.4889613389968872
56382,0.48159873485565186
11124,0.48694097995758057
45994,0.48690265417099
85602,0.48798298835754395
104776,0.4858810603618622
49788,0.49205854535102844
29069,0.4869460463523865
75167,0.4882011413574219
64727,0.4828880727291107
36990,0.4905835688114166
8472,0.4868994653224945
21020,0.4923912584781647
22816,0.49016717076301575
15066,0.4859546720981598
13058,0.48154309391975403
38179,0.4907534122467041
42100,0.48694244027137756
89612,0.48883920907974243
64576,0.4877859354019165
106162,0.4894087016582489
20322,0.48996058106422424
2401,0.4872584342956543
9479,0.4901224374771118
12406,0.4911752939224243
26699,0.4903540313243866
56948,0.48805028200149536
9085,0.48912128806114197
84168,0.48995959758758545
102128,0.4890599250793457
453,0.44334936141967773
66887,0.4915328621864319
88581,0.48455753922462463
11297,0.4918721616268158
23061,0.4900839924812317
35290,0.4903472661972046
79126,0.4917612373828888
100424,0.4909851551055908
99590,0.49119311571121216
79363,0.43603387475013733
14879,0.48912355303764343
63376,0.48529502749443054
28444,0.48589932918548584
1687,0.4852546155452728
2805,0.47982966899871826
86217,0.48659220337867737
91622,0.4896301329135895
74692,0.4885817766189575
22137,0.48983532190322876
55905,0.4812345802783966
16878,0.4895000755786896
104755,0.49030256271362305
53967,0.4921763837337494
10164,0.48381227254867554
75949,0.4814441204071045
58759,0.48640015721321106
52757,0.48566702008247375
50056,0.4897478520870209
24815,0.49380016326904297
103539,0.4905066192150116
102891,0.4909837245941162
105114,0.07557275146245956
4702,0.4870065450668335
1300,0.4882686734199524
58992,0.48847270011901855
70748,0.4880830943584442
21924,0.489448219537735
62586,0.4879734516143799
69942,0.4927530288696289
64693,0.49019426107406616
72381,0.48493078351020813
44443,0.48858439922332764
61988,0.48560652136802673
69769,0.4871126115322113
83105,0.4872443974018097
70937,0.48731720447540283
102976,0.4925119876861572
34980,0.4872291088104248
102923,0.48766446113586426
67750,0.4856158494949341
89720,0.48349258303642273
50254,0.48822763562202454
61340,0.4924669861793518
105000,0.4899985194206238
78651,0.4933197796344757
37221,0.4757075011730194
74552,0.4718618392944336
20119,0.487205445766449
49309,0.48786503076553345
53555,0.48314812779426575
69286,0.4880768954753876
20397,0.4822167158126831
42406,0.4874601364135742
27295,0.48638656735420227
89123,0.4857946038246155
8632,0.49099740386009216
56707,0.48066383600234985
14260,0.4885418117046356
23663,0.4890158474445343
30928,0.4881613254547119
78074,0.48313191533088684
6546,0.48770830035209656
6852,0.48909640312194824
73970,0.4884170591831207
44144,0.48409080505371094
19404,0.4828476011753082
60135,0.486986368894577
59957,0.4898238778114319
88442,0.46105822920799255
44843,0.4883975088596344
96970,0.4872746169567108
31533,0.4881526827812195
23234,0.4883175492286682
29494,0.4908955693244934
58974,0.48759591579437256
85477,0.46621042490005493
13687,0.4893421232700348
3528,0.48834916949272156
86408,0.4872187077999115
12633,0.49096912145614624
53912,0.4880353808403015
23436,0.48835325241088867
36474,0.48690593242645264
9368,0.49353939294815063
10622,0.4914560317993164
60229,0.4893410801887512
57535,0.4884599447250366
18260,0.491651326417923
100375,0.48910224437713623
6719,0.49108368158340454
84698,0.4925721287727356
77211,0.49147090315818787
76173,0.48871129751205444
98124,0.4868435263633728
64226,0.4899137020111084
42597,0.48813262581825256
20593,0.4817342460155487
91129,0.4921475648880005
28266,0.48875606060028076
64792,0.4872643053531647
64536,0.48819398880004883
23351,0.4868084490299225
34599,0.4870641231536865
60849,0.489513099193573
75638,0.48894134163856506
8952,0.48401862382888794
17746,0.48902571201324463
90900,0.48756882548332214
3670,0.49060410261154175
101865,0.4852915406227112
4530,0.4867640435695648
65170,0.49196168780326843
9744,0.34623920917510986
39873,0.4910445213317871
91786,0.49015748500823975
57820,0.4923475682735443
91877,0.4861592650413513
40613,0.49030426144599915
84749,0.48787882924079895
25907,0.4856424629688263
37232,0.4845903515815735
6210,0.4839266538619995
7938,0.48684877157211304
95412,0.4816429615020752
44476,0.488103985786438
31793,0.4885701537132263
84765,0.48479926586151123
64213,0.48719802498817444
28955,0.4877549707889557
18364,0.4870550036430359
38157,0.48727214336395264
106432,0.37899544835090637
32546,0.39720863103866577
35523,0.4904097616672516
24024,0.4940083622932434
96602,0.48341864347457886
45276,0.48729997873306274
8780,0.4879545271396637
3428,0.4910935163497925
88887,0.4887709617614746
85306,0.48855018615722656
51200,0.48708415031433105
9741,0.4882504642009735
105941,0.4872661232948303
101835,0.49043574929237366
80754,0.4867312014102936
51816,0.4884583055973053
13724,0.49121084809303284
28720,0.489083856344223
64272,0.4808303117752075
105788,0.425833135843277
67220,0.48946741223335266
60928,0.49202761054039
58158,0.48923835158348083
16293,0.48767369985580444
13608,0.4471313953399658
37565,0.4824383854866028
2344,0.48786044120788574
44877,0.48708879947662354
62709,0.4872407019138336
16477,0.4866352081298828
64979,0.48827865719795227
42339,0.4881592094898224
90112,0.48978132009506226
106386,0.47818607091903687
42538,0.49095427989959717
77626,0.44328171014785767
21935,0.49468645453453064
24877,0.48910820484161377
88325,0.4885401129722595
82182,0.48511889576911926
58608,0.49207907915115356
78682,0.48530054092407227
106195,0.48866766691207886
8743,0.48962414264678955
59128,0.4874078631401062
55870,0.4918138384819031
12945,0.487740159034729
65772,0.4879947304725647
38756,0.4882567822933197
58762,0.4863564968109131
59866,0.48388952016830444
79358,0.4880206286907196
97545,0.49099665880203247
98879,0.4861771762371063
75144,0.486049622297287
15726,0.4849536418914795
83258,0.4783081114292145
29722,0.49213752150535583
21225,0.4896235167980194
37385,0.4879623055458069
7776,0.48594605922698975
85049,0.4874500632286072
5438,0.48826825618743896
45836,0.48604005575180054
93302,0.48863738775253296
103757,0.48933494091033936
31211,0.4884336590766907
41452,0.4903161823749542
101536,0.4880056381225586
13279,0.48528364300727844
33464,0.4891694188117981
56130,0.4891221821308136
16350,0.48732420802116394
104573,0.4900197982788086
61257,0.49296703934669495
83150,0.4873752295970917
51218,0.4855916202068329
10030,0.48297157883644104
75294,0.487916499376297
72392,0.4869838356971741
106535,0.4881202280521393
39072,0.4860793650150299
71774,0.4878052771091461
3813,0.4896298050880432
79029,0.48797836899757385
47657,0.4937458634376526
40796,0.4884922504425049
62226,0.4788667559623718
44770,0.40325742959976196
20967,0.48902958631515503
19530,0.49337196350097656
64597,0.48592135310173035
6049,0.4872806668281555
39893,0.4861568808555603
69451,0.49009883403778076
79504,0.48671218752861023
42596,0.49006515741348267
69849,0.4559800326824188
38319,0.4863211512565613
28744,0.48339539766311646
6512,0.4841707646846771
85429,0.44950684905052185
22398,0.48765918612480164
73177,0.46907752752304077
67313,0.48704105615615845
69839,0.48948928713798523
11597,0.4816425144672394
76130,0.48850318789482117
18004,0.48843345046043396
91777,0.4921416640281677
37778,0.48335662484169006
42533,0.48642808198928833
14180,0.48635831475257874
31629,0.4905911386013031
38402,0.48530256748199463
60267,0.48874714970588684
89185,0.4860905110836029
8790,0.4815712869167328
92276,0.4873805046081543
37313,0.49040696024894714
89912,0.4871000349521637
32844,0.48675036430358887
51184,0.4736615717411041
79150,0.4873030483722687
25238,0.4796898663043976
25505,0.48596030473709106
39320,0.489386647939682
92590,0.48790889978408813
35742,0.4737125635147095
54874,0.4915109872817993
51835,0.4893118739128113
101025,0.49180352687835693
32035,0.49181365966796875
104832,0.4879114627838135
96308,0.4885266423225403
89594,0.45267367362976074
51113,0.490122526884079
97964,0.48514634370803833
73407,0.48497074842453003
18136,0.492329478263855
20781,0.4845656156539917
86581,0.4876519441604614
1141,0.49041467905044556
67867,0.4869704842567444
91354,0.4906091094017029
65023,0.4878249764442444
47815,0.48885852098464966
78565,0.4868772625923157
60513,0.4880554974079132
103024,0.49410682916641235
100646,0.49090775847435
17208,0.4894818663597107
57658,0.4890803396701813
26741,0.488385945558548
26804,0.47447994351387024
50177,0.48761048913002014
41831,0.4865754246711731
30193,0.4877149760723114
25632,0.48311811685562134
65114,0.4869306683540344
75884,0.4890983998775482
91701,0.48655956983566284
63329,0.49275001883506775
78493,0.4821608364582062
50302,0.4897459149360657
39297,0.4881380796432495
86271,0.4903539717197418
93965,0.4833157956600189
93018,0.48874956369400024
89674,0.48914918303489685
32657,0.48636671900749207
69309,0.4899011552333832
739,0.47881898283958435
52481,0.48932504653930664
99104,0.491321325302124
69591,0.4911154806613922
47162,0.48797407746315
43009,0.49107125401496887
38346,0.4870206415653229
10816,0.4875478446483612
72013,0.4875490963459015
78283,0.4846941828727722
41660,0.48476454615592957
1166,0.4853559136390686
39181,0.49496200680732727
59263,0.48443442583084106
104487,0.48353663086891174
91734,0.4883255064487457
86175,0.480815052986145
76412,0.4872790277004242
20616,0.49239376187324524
7844,0.4855114221572876
4995,0.48824116587638855
27159,0.4878477156162262
78130,0.4946214556694031
104326,0.49122315645217896
44435,0.4835997223854065
84988,0.4870469868183136
13069,0.49362918734550476
15486,0.48877882957458496
76480,0.48859891295433044
94250,0.49302423000335693
1856,0.49013400077819824
37078,0.48734551668167114
32927,0.47277459502220154
101015,0.4886593520641327
14773,0.4909275770187378
89981,0.4926731586456299
52854,0.49457848072052
41491,0.48800766468048096
63546,0.48992466926574707
23877,0.4871050715446472
2149,0.4909568130970001
9083,0.48770490288734436
78774,0.4877450466156006
99819,0.4879370629787445
61787,0.48949745297431946
66605,0.4933535158634186
8298,0.4910387694835663
42299,0.48938414454460144
4249,0.4877428412437439
25742,0.487297385931015
16651,0.4874943494796753
84877,0.48652976751327515
37553,0.48721110820770264
18573,0.48831555247306824
80133,0.48959413170814514
84558,0.4873225688934326
50562,0.48687008023262024
11790,0.48826342821121216
66033,0.4839285910129547
11819,0.47834980487823486
6828,0.48715972900390625
46362,0.48511260747909546
1047,0.48455867171287537
34500,0.49149075150489807
47127,0.4908157289028168
23736,0.4886331558227539
60737,0.48744508624076843
4594,0.481586217880249
29273,0.48885244131088257
46532,0.4877333641052246
6737,0.4881158173084259
23304,0.4880279004573822
29593,0.4880028963088989
61846,0.4871579110622406
104922,0.48936954140663147
87475,0.48303359746932983
7027,0.48834729194641113
87211,0.48523271083831787
18614,0.47341495752334595
94606,0.49132177233695984
106394,0.4884224534034729
17033,0.49021288752555847
46062,0.48400795459747314
83179,0.4914918541908264
44306,0.4890176057815552
3022,0.48790106177330017
39701,0.48945221304893494
86774,0.48606619238853455
35156,0.48332640528678894
81341,0.48917466402053833
83819,0.4908563792705536
70455,0.489737331867218
53485,0.49417588114738464
23025,0.4842081069946289
4129,0.4884824752807617
95738,0.4875980019569397
19184,0.40778598189353943
15154,0.4865894913673401
61594,0.48755136132240295
103597,0.4865419566631317
64491,0.48736482858657837
23899,0.49299195408821106
31417,0.4829912781715393
61755,0.48784130811691284
34455,0.48816779255867004
94925,0.48590952157974243
91768,0.4877547323703766
12323,0.4870207607746124
72970,0.48830312490463257
27442,0.4876141846179962
30731,0.4855351448059082
102947,0.4906867444515228
10048,0.485337495803833
7261,0.49230411648750305
37831,0.4878406226634979
61159,0.49031034111976624
100500,0.4882667362689972
66747,0.48532208800315857
22855,0.48629263043403625
29650,0.4873644709587097
96881,0.4876934289932251
47013,0.492190420627594
19585,0.4886645972728729
30273,0.48752927780151367
91628,0.48919716477394104
79418,0.4900408685207367
72730,0.4909147620201111
84753,0.487536758184433
97421,0.4874054193496704
45767,0.4898202121257782
9679,0.4877462387084961
88797,0.4886402189731598
1492,0.486061692237854
55280,0.487044095993042
9098,0.4875734746456146
101671,0.4883788526058197
89413,0.49095451831817627
84730,0.48932603001594543
79999,0.4841950833797455
30862,0.4917631447315216
35416,0.49201154708862305
46917,0.4871365427970886
92930,0.4892510175704956
58243,0.4861108064651489
100799,0.4882596731185913
60694,0.48649850487709045
71555,0.49322912096977234
19179,0.25382325053215027
50184,0.4897499680519104
5008,0.49257734417915344
17878,0.49376702308654785
81669,0.49006253480911255
77718,0.48803743720054626
39440,0.48365259170532227
4895,0.4894229769706726
71071,0.36333170533180237
21702,0.48618778586387634
87491,0.48588937520980835
65486,0.4881366491317749
25309,0.4876371920108795
42323,0.48622366786003113
48639,0.48942697048187256
73967,0.490905225276947
65998,0.48979514837265015
23198,0.48624661564826965
82664,0.4922715127468109
26094,0.49104705452919006
37411,0.4878208339214325
65951,0.43264225125312805
35218,0.48099178075790405
35957,0.48793286085128784
84554,0.4861840605735779
61197,0.4782160222530365
61094,0.49187204241752625
26711,0.492435097694397
59195,0.4859318137168884
49121,0.4859934151172638
40914,0.4879208207130432
47302,0.4869016706943512
98853,0.48678159713745117
103900,0.4839182198047638
64853,0.48735523223876953
2554,0.48655015230178833
92599,0.48980647325515747
25802,0.47407472133636475
99452,0.08698964864015579
55109,0.4865531325340271
21922,0.4839172065258026
93639,0.49072974920272827
99499,0.4811570942401886
75518,0.018854966387152672
30710,0.49037525057792664
70028,0.48291119933128357
101769,0.48346126079559326
37794,0.48955532908439636
96543,0.48265179991722107
47526,0.4846101701259613
23159,0.4919585585594177
40146,0.4870132803916931
94847,0.4911167323589325
53362,0.4880439043045044
14037,0.4895385801792145
37453,0.48708754777908325
5647,0.4886575937271118
14673,0.48807230591773987
106600,0.487397164106369
73748,0.48515549302101135
80308,0.48702624440193176
19383,0.485499769449234
55496,0.4875389635562897
9225,0.48697274923324585
106906,0.4877950847148895
75394,0.4863874614238739
88551,0.4918298125267029
37699,0.4851306676864624
39763,0.4963891804218292
70482,0.48936524987220764
25050,0.4859083592891693
17857,0.48835575580596924
58429,0.48361891508102417
49416,0.4894505739212036
61552,0.4908827543258667
49623,0.49166664481163025
44617,0.48355963826179504
27909,0.49039387702941895
24871,0.491484135389328
20942,0.4877583086490631
103516,0.4887285828590393
69077,0.4866569936275482
15187,0.48828354477882385
3968,0.4890469014644623
46406,0.49069973826408386
95105,0.48629048466682434
49338,0.48924896121025085
64276,0.488447904586792
4821,0.11783548444509506
40021,0.4889689087867737
83326,0.4879491925239563
42177,0.4920048415660858
70199,0.48825716972351074
48119,0.48844727873802185
13343,0.4878753125667572
11053,0.48913314938545227
11870,0.4925418794155121
35640,0.4875648617744446
43612,0.49216610193252563
81628,0.4908963143825531
37574,0.4824424088001251
33387,0.4882826507091522
3627,0.4899550676345825
83186,0.4881424009799957
99491,0.4861351549625397
59700,0.49015918374061584
16223,0.49111759662628174
64126,0.48787951469421387
42160,0.4887429475784302
69097,0.491474986076355
102364,0.48784494400024414
68107,0.4865431487560272
8108,0.48893359303474426
22927,0.4850982427597046
59791,0.4896683394908905
100302,0.48353368043899536
61388,0.47762712836265564
57499,0.4865785241127014
106814,0.48271578550338745
46493,0.4891676604747772
101988,0.4880761504173279
3718,0.486993670463562
97345,0.4835764169692993
44816,0.48729419708251953
15636,0.4871353507041931
14332,0.4897082448005676
20814,0.4787266254425049
9395,0.48846763372421265
29142,0.4863721430301666
44552,0.48683539032936096
49858,0.4889778196811676
23478,0.48765328526496887
101156,0.48776885867118835
17780,0.48766276240348816
40135,0.48800596594810486
90279,0.4875651001930237
9595,0.4877297282218933
11287,0.4899000823497772
52334,0.48925158381462097
45378,0.4858967959880829
60285,0.48353517055511475
104931,0.48609232902526855
20338,0.4892648756504059
14294,0.4880938231945038
81500,0.4902273714542389
26366,0.4926871657371521
15562,0.48818495869636536
77960,0.4863484501838684
61174,0.48483648896217346
12765,0.05414525792002678
93396,0.43621930480003357
32026,0.4877637028694153
77586,0.4882895350456238
10668,0.4904453158378601
84486,0.4886581599712372
98561,0.48654523491859436
15057,0.48345646262168884
62129,0.4852708876132965
46701,0.48908790946006775
35331,0.4842436611652374
3820,0.48810428380966187
21476,0.4868542551994324
81388,0.48883676528930664
65518,0.4826953411102295
25936,0.4896564483642578
58641,0.4767475128173828
39010,0.4870888292789459
10723,0.4875051975250244
28862,0.4907154440879822
59404,0.49093830585479736
51779,0.4876267611980438
60999,0.48789265751838684
55446,0.48872095346450806
82958,0.4739580452442169
103671,0.4902258813381195
70579,0.48722660541534424
21621,0.4838486611843109
40399,0.48847270011901855
66405,0.48207420110702515
40122,0.4846862256526947
105767,0.4908789098262787
67391,0.4850766360759735
31052,0.48551124334335327
6398,0.48972344398498535
66954,0.489864706993103
99686,0.4904431402683258
14802,0.4907819926738739
96257,0.48714569211006165
28401,0.48774176836013794
44017,0.4880193769931793
27168,0.48596081137657166
79508,0.4923079311847687
76641,0.4871591031551361
101422,0.48735231161117554
57776,0.483888179063797
24347,0.4882313311100006
58970,0.4883064031600952
4306,0.48610320687294006
87525,0.48713743686676025
50287,0.49054989218711853
35911,0.4879177510738373
40403,0.4898379445075989
94371,0.48960763216018677
88677,0.4920297861099243
102789,0.4768102169036865
82807,0.48744967579841614
101560,0.46371135115623474
102214,0.48880213499069214
92213,0.4954868257045746
78847,0.48796311020851135
87625,0.49151870608329773
59098,0.487722247838974
95200,0.4917793571949005
13169,0.48978519439697266
52736,0.4881364405155182
31036,0.49057793617248535
32733,0.48493829369544983
39585,0.49399593472480774
65224,0.4820132553577423
34555,0.48846280574798584
35503,0.490108460187912
91563,0.49058619141578674
64642,0.4886583387851715
25351,0.48687586188316345
60263,0.48993635177612305
6918,0.4880398213863373
49218,0.4850696325302124
99645,0.4524288475513458
96340,0.45991143584251404
22938,0.49114251136779785
7914,0.4895869493484497
47223,0.4896203577518463
46877,0.49046590924263
102108,0.4891866445541382
67497,0.4876445531845093
2800,0.48903897404670715
77619,0.49101531505584717
82667,0.4875789284706116
47138,0.4903136193752289
78393,0.48556458950042725
7564,0.4872850477695465
33316,0.48678362369537354
67518,0.4870714247226715
76570,0.4871247708797455
5453,0.48338255286216736
105472,0.45960482954978943
9,0.49058160185813904
65582,0.4898177981376648
104768,0.4885347783565521
44236,0.48780494928359985
30578,0.4827219545841217
28938,0.48771482706069946
38579,0.49301305413246155
95781,0.4894878566265106
44215,0.48530879616737366
41530,0.491128534078598
5456,0.4852312505245209
75529,0.4934157729148865
82386,0.4724113345146179
54766,0.4879690706729889
2689,0.4813287556171417
90046,0.4863770306110382
72503,0.48641058802604675
96582,0.49167829751968384
37143,0.4883943200111389
49719,0.4912928342819214
11305,0.4953216016292572
38853,0.48285073041915894
30018,0.48747265338897705
89997,0.4868707060813904
76441,0.4885950982570648
63974,0.4898393750190735
5818,0.49257493019104004
93750,0.46525561809539795
103189,0.4863968789577484
16117,0.4865197241306305
101288,0.4825456440448761
78644,0.48937615752220154
85356,0.48774412274360657
6264,0.484276682138443
7677,0.4858250617980957
62883,0.4897930324077606
78514,0.49013856053352356
73040,0.48106056451797485
31444,0.42874714732170105
17921,0.4875258803367615
58623,0.48244810104370117
83516,0.4868088364601135
15353,0.48832255601882935
100110,0.48870211839675903
19879,0.4876520335674286
81914,0.4784780442714691
54921,0.4869592785835266
11156,0.46868422627449036
47710,0.4902377426624298
75545,0.48695170879364014
86014,0.48348546028137207
15013,0.4854491651058197
7602,0.4879821240901947
9536,0.4908839464187622
9037,0.48634183406829834
67680,0.48825395107269287
40930,0.4884588122367859
22323,0.48612675070762634
26556,0.44900721311569214
95977,0.4866147041320801
70938,0.49249574542045593
71118,0.48515647649765015
65686,0.4914141595363617
13752,0.4866180419921875
74760,0.4839491546154022
4314,0.4883897602558136
59908,0.4844234585762024
43180,0.4764024615287781
36161,0.4889226257801056
77291,0.48800626397132874
74333,0.4862396717071533
32013,0.4895949363708496
50705,0.49006956815719604
82354,0.4874952733516693
60823,0.48719221353530884
81132,0.49049532413482666
49721,0.4853048622608185
81135,0.4866458773612976
68556,0.48779410123825073
51109,0.4886511564254761
29436,0.4861931800842285
70014,0.4895809292793274
89999,0.4917168617248535
55129,0.4898984730243683
57625,0.48784953355789185
72056,0.4854816198348999
30958,0.48932355642318726
28837,0.49120521545410156
78812,0.48723483085632324
69050,0.48746755719184875
78026,0.48640576004981995
74753,0.48996680974960327
84865,0.4893456697463989
10850,0.48904669284820557
103364,0.41548529267311096
20843,0.4874145984649658
95753,0.4879678785800934
49437,0.4876388907432556
96961,0.4793151617050171
96265,0.4853249490261078
90957,0.4900569021701813
9510,0.49000704288482666
62612,0.4857857823371887
46685,0.4885944724082947
73471,0.4882493317127228
96293,0.4869428873062134
27856,0.4856565594673157
86010,0.48184481263160706
85800,0.4861145317554474
100478,0.4765474200248718
84480,0.4872331917285919
39977,0.48787206411361694
42904,0.48532766103744507
97388,0.4900010824203491
73786,0.4927038252353668
32342,0.4851354956626892
19969,0.4907119572162628
35477,0.37433287501335144
60115,0.3654383420944214
29585,0.4863232970237732
36206,0.4882473945617676
65018,0.48520469665527344
84906,0.4883824288845062
67728,0.49239474534988403
53915,0.48712238669395447
28542,0.49122780561447144
19447,0.48755964636802673
87416,0.48817726969718933
7078,0.4891229271888733
64687,0.487848699092865
26446,0.4843854308128357
5907,0.4858463704586029
69202,0.4921308159828186
67936,0.48884159326553345
94444,0.48541274666786194
52945,0.48898887634277344
33725,0.4883929491043091
17587,0.4133940637111664
41915,0.4916192889213562
73767,0.48695284128189087
15216,0.487352192401886
106363,0.48671403527259827
101703,0.48726555705070496
75411,0.4913536608219147
57804,0.4859280586242676
25148,0.4861408472061157
9571,0.4881128668785095
57022,0.4892905056476593
99972,0.48905301094055176
51158,0.49192267656326294
35954,0.48822546005249023
97826,0.487840861082077
99843,0.48218294978141785
90377,0.4876520335674286
63783,0.4876804053783417
88725,0.49199873208999634
104039,0.48710179328918457
31961,0.4845777153968811
104009,0.4867759644985199
47318,0.48745888471603394
86974,0.4860338568687439
9421,0.48725244402885437
84516,0.4901208281517029
44731,0.48285895586013794
76057,0.489367812871933
87073,0.48788654804229736
43289,0.489166796207428
100878,0.48235511779785156
4386,0.48358914256095886
38237,0.49221548438072205
75202,0.49064773321151733
101400,0.4884922504425049
107136,0.4901907742023468
30179,0.4875795841217041
36766,0.49097728729248047
56597,0.49033093452453613
37426,0.4912182092666626
67271,0.49071431159973145
37507,0.49107351899147034
33863,0.4936348795890808
102791,0.48930302262306213
61814,0.4889277517795563
66968,0.4847062826156616
15746,0.4913686215877533
69405,0.49087798595428467
81775,0.48956796526908875
10874,0.4882522523403168
80486,0.4868411421775818
80102,0.4866656959056854
31570,0.4898856580257416
58348,0.4875001311302185
93731,0.49165523052215576
87697,0.4892250597476959
71238,0.48507019877433777
19955,0.4862423837184906
63568,0.49027618765830994
29279,0.4889834523200989
63613,0.48874202370643616
50050,0.48600074648857117
49381,0.487655907869339
42724,0.4898358881473541
3748,0.4828905165195465
103567,0.4915306866168976
14418,0.49008411169052124
92431,0.4859989285469055
89830,0.48448446393013
69665,0.48560473322868347
82270,0.4885003864765167
28942,0.4861263632774353
52103,0.48528212308883667
49028,0.4866372346878052
73933,0.48912879824638367
50783,0.4879213869571686
78350,0.4941234290599823
4902,0.4908917248249054
53013,0.48738470673561096
76554,0.49189454317092896
23980,0.488731324672699
41145,0.48957550525665283
42225,0.49008598923683167
89264,0.48750069737434387
62543,0.48796191811561584
64809,0.48985031247138977
11702,0.488345742225647
55003,0.4851042926311493
94451,0.49096211791038513
56327,0.4896547198295593
81325,0.49009647965431213
39310,0.4882429242134094
58708,0.49159854650497437
97817,0.4930810332298279
53379,0.4893451929092407
79932,0.4849199056625366
63512,0.4908115863800049
20779,0.49050644040107727
95212,0.4885178208351135
59462,0.48740798234939575
87290,0.4900396168231964
11427,0.4870193302631378
62734,0.4915919601917267
32888,0.4888838827610016
28020,0.4900428354740143
107166,0.48515772819519043
34403,0.48820921778678894
39879,0.4620848000049591
42599,0.48229706287384033
65668,0.48615938425064087
70872,0.48715147376060486
58351,0.4876598119735718
57847,0.4888932406902313
24231,0.48579201102256775
73322,0.487314373254776
87567,0.48387110233306885
83106,0.4882667362689972
62857,0.4940442144870758
6190,0.48655030131340027
76216,0.4919930696487427
68017,0.48471659421920776
87105,0.48873263597488403
106867,0.36176005005836487
55927,0.488192617893219
103438,0.4905482232570648
51124,0.48696520924568176
12368,0.48656079173088074
86766,0.48605549335479736
105444,0.48455989360809326
87040,0.48770081996917725
22916,0.49108660221099854
50027,0.4889295995235443
81159,0.4851670265197754
58672,0.49082446098327637
30619,0.4890972673892975
33627,0.4946408271789551
50283,0.4875882565975189
52216,0.4872943162918091
59067,0.4856887459754944
14396,0.4890507757663727
11892,0.4879712760448456
16812,0.47816002368927
5522,0.48856332898139954
1553,0.48758503794670105
68393,0.48966100811958313
56743,0.4814348816871643
96945,0.4886733591556549
46038,0.48198845982551575
57272,0.4881608188152313
90756,0.4918322265148163
52367,0.4855983257293701
106160,0.4852088987827301
90017,0.48869073390960693
3398,0.4841359555721283
9373,0.48820897936820984
105247,0.4889497756958008
90087,0.48963889479637146
69444,0.4889410436153412
17257,0.4848746061325073
35505,0.48757824301719666
81005,0.48679324984550476
44186,0.48375657200813293
13463,0.4898488223552704
46564,0.48903515934944153
79444,0.4885784089565277
99670,0.48808717727661133
11219,0.4875704050064087
57773,0.4890482723712921
8456,0.48724767565727234
68047,0.48189210891723633
36885,0.4814230501651764
85280,0.48754921555519104
35496,0.4892676770687103
8287,0.4871075749397278
99197,0.48881256580352783
84028,0.4868253171443939
57813,0.48851194977760315
24111,0.4886898696422577
32341,0.4956497251987457
11617,0.4893408715724945
51488,0.49033671617507935
54632,0.4904199540615082
92675,0.485347718000412
25288,0.4819974899291992
60316,0.49022141098976135
74303,0.4887678325176239
100457,0.490948885679245
39057,0.48941919207572937
106818,0.4841451644897461
87856,0.49140214920043945
48380,0.14302799105644226
88962,0.4877348244190216
30684,0.4879819452762604
34006,0.4830727279186249
39375,0.48907849192619324
38271,0.4887895882129669
103594,0.48586758971214294
65919,0.48927441239356995
32465,0.487331360578537
95680,0.4874262809753418
21927,0.4913315176963806
82834,0.4906954765319824
86607,0.4865996539592743
23273,0.48659834265708923
86094,0.48893222212791443
39379,0.48806560039520264
59333,0.48868805170059204
89309,0.4892643690109253
36521,0.48736491799354553
20234,0.48773178458213806
42743,0.4844626188278198
50713,0.4833564758300781
50917,0.4912157952785492
56471,0.4557323157787323
50938,0.49106672406196594
98079,0.4649132788181305
45607,0.48703980445861816
99068,0.49296748638153076
32866,0.4913366436958313
86916,0.48871856927871704
21587,0.49028605222702026
92191,0.4917205572128296
103849,0.4886907935142517
38587,0.483398973941803
72196,0.4892997145652771
6939,0.4884401559829712
27786,0.4852595925331116
34537,0.48893699049949646
58057,0.488779217004776
70154,0.48775967955589294
91928,0.48479658365249634
40528,0.485522598028183
12496,0.489788293838501
24646,0.4889470338821411
11256,0.48985978960990906
21388,0.4843054413795471
85853,0.4905625581741333
44259,0.201567143201828
36591,0.48532435297966003
59439,0.4884888529777527
74647,0.49016791582107544
4875,0.49215167760849
6490,0.48981213569641113
28346,0.4846900999546051
651,0.4865112602710724
1618,0.4899263381958008
13410,0.49342164397239685
106091,0.4823457598686218
57915,0.4876839220523834
28113,0.48654645681381226
71395,0.488285094499588
96316,0.48786666989326477
13993,0.4851103723049164
49317,0.4867725074291229
45502,0.4871774911880493
93262,0.489117294549942
17644,0.4876539707183838
52028,0.48789215087890625
103808,0.49286332726478577
20253,0.4843411147594452
22006,0.49199342727661133
80743,0.4893454909324646
93485,0.4891306459903717
44777,0.4868513345718384
6100,0.48333969712257385
79220,0.48896095156669617
56337,0.4918164312839508
11203,0.4895586371421814
21197,0.490211546421051
84879,0.4876306653022766
27735,0.48866552114486694
40048,0.482621967792511
21142,0.4889203608036041
17502,0.4905596971511841
74085,0.4886154234409332
104674,0.48764196038246155
43454,0.4874494969844818
55533,0.4906425476074219
10115,0.49097177386283875
4005,0.4893062710762024
38690,0.48735132813453674
76350,0.4874579906463623
33946,0.4966259300708771
88651,0.49012836813926697
6441,0.48770710825920105
29013,0.484840989112854
58126,0.4871840178966522
1579,0.4877655804157257
45737,0.49487054347991943
20715,0.4851070046424866
35446,0.4874507486820221
24700,0.4819968640804291
40662,0.48778417706489563
2825,0.47595715522766113
70461,0.49033334851264954
24568,0.4873579144477844
90464,0.48404833674430847
28517,0.4891178011894226
1466,0.4838302433490753
17097,0.48805129528045654
30017,0.4854671359062195
55539,0.489028662443161
59782,0.4833778142929077
71033,0.4888531267642975
64496,0.48764365911483765
40937,0.4859105348587036
94343,0.48887044191360474
10785,0.4921812415122986
57477,0.49314960837364197
88509,0.49121659994125366
13448,0.4924772381782532
28448,0.48968610167503357
15736,0.4866853952407837
93766,0.48840829730033875
28790,0.4879506826400757
104620,0.42381373047828674
102286,0.48749175667762756
40916,0.48363152146339417
27594,0.479324609041214
52570,0.4879729747772217
57700,0.48759207129478455
56086,0.4891612231731415
15381,0.4881988763809204
46128,0.4692283868789673
76957,0.4879102110862732
27584,0.4880702495574951
47349,0.4863376021385193
13242,0.4924423098564148
21958,0.488486111164093
82887,0.49114134907722473
106452,0.48738181591033936
8805,0.4855496883392334
39780,0.49660664796829224
98329,0.4921819865703583
50527,0.48804721236228943
82425,0.4897805154323578
23328,0.48832857608795166
43312,0.4889897406101227
62595,0.48750343918800354
85134,0.4822550117969513
47366,0.4945228099822998
23299,0.4918181598186493
106554,0.48920193314552307
30402,0.48487594723701477
82605,0.48756441473960876
91467,0.48754286766052246
87186,0.48608681559562683
16903,0.48723849654197693
1913,0.4884278178215027
24210,0.49252748489379883
72558,0.48819035291671753
63823,0.49091824889183044
37579,0.47596704959869385
23677,0.4880163073539734
43647,0.4922713339328766
74682,0.49414241313934326
61036,0.48709025979042053
68754,0.48888275027275085
4629,0.4887583255767822
45675,0.48812201619148254
87890,0.48376986384391785
69007,0.4877609312534332
107046,0.4911903738975525
57177,0.48508182168006897
58179,0.490105003118515
59861,0.48804372549057007
52378,0.486540824174881
77012,0.4850744605064392
36232,0.4885967969894409
68330,0.48845961689949036
12004,0.48813048005104065
11504,0.486680269241333
45682,0.4806707501411438
23369,0.4896548390388489
9711,0.4918358623981476
87557,0.48999330401420593
42759,0.48840928077697754
1961,0.49155452847480774
79192,0.4867619276046753
65297,0.49073153734207153
90391,0.48808422684669495
31179,0.490299791097641
85934,0.48789215087890625
2233,0.4898241460323334
104465,0.4822603464126587
97156,0.4877606928348541
21082,0.4878246784210205
43222,0.49197080731391907
101903,0.48898082971572876
91631,0.4905933141708374
104772,0.48676392436027527
69306,0.48845118284225464
2246,0.4899044930934906
55523,0.4893369972705841
35636,0.486549973487854
58346,0.4827096164226532
97733,0.4868864119052887
54318,0.3659750819206238
10406,0.4883296489715576
73686,0.48960134387016296
23697,0.48376303911209106
28920,0.4853135645389557
74967,0.4861377477645874
22282,0.48854950070381165
46359,0.48629915714263916
100017,0.4846699833869934
66476,0.49231845140457153
95495,0.49403083324432373
39500,0.49141988158226013
13256,0.4916309714317322
87733,0.4864664375782013
50150,0.49022096395492554
101746,0.49107006192207336
43926,0.4894118905067444
62829,0.4908231794834137
16572,0.4918203055858612
19011,0.4907020330429077
34704,0.4864960312843323
52519,0.4891912341117859
29435,0.49176207184791565
14187,0.48472410440444946
25743,0.4861868619918823
21024,0.4873647093772888
91627,0.48811057209968567
24278,0.4912179708480835
51417,0.4893755316734314
59575,0.4905150532722473
38791,0.4860703647136688
43295,0.482115775346756
76291,0.48777419328689575
61760,0.49109315872192383
3559,0.4882076382637024
59749,0.49509426951408386
8520,0.48881927132606506
99593,0.48791617155075073
19907,0.4885128140449524
55802,0.48701950907707214
49581,0.48698440194129944
63636,0.4873940348625183
68309,0.4871499836444855
32757,0.17422214150428772
69987,0.4898655116558075
40061,0.48824542760849
56151,0.4874282479286194
104281,0.4873298704624176
37146,0.4880780279636383
52784,0.487552285194397
22973,0.4840715825557709
52110,0.49035218358039856
48457,0.4901669919490814
83878,0.48703262209892273
41602,0.48822012543678284
12922,0.48693880438804626
106228,0.4827898144721985
32284,0.48800137639045715
71166,0.4865812361240387
61893,0.48090803623199463
82610,0.4909397065639496
9468,0.4908563196659088
7366,0.4869460463523865
130,0.49190905690193176
93873,0.4863027036190033
104680,0.48103100061416626
13871,0.49083834886550903
92467,0.4887487590312958
43810,0.4882827699184418
88262,0.4907296895980835
78513,0.4894740879535675
33147,0.49112772941589355
39542,0.48790720105171204
86068,0.4882288873195648
17818,0.48987993597984314
49539,0.48470455408096313
80464,0.4845751225948334
4168,0.48117363452911377
43550,0.48781630396842957
24085,0.4916641116142273
102374,0.49103832244873047
23041,0.4881291091442108
73095,0.4876236915588379
74551,0.4857783913612366
58922,0.48491260409355164
54757,0.4232434034347534
86390,0.49177029728889465
49045,0.4811236262321472
63062,0.4890756607055664
45963,0.49117085337638855
3268,0.488102525472641
94045,0.4865669012069702
93471,0.48436275124549866
47014,0.4837002158164978
25463,0.484015554189682
59914,0.4872850477695465
70929,0.48719435930252075
105229,0.4816930294036865
55727,0.4916357696056366
68877,0.48995649814605713
36240,0.491748571395874
12342,0.4835338294506073
45781,0.4891369044780731
64221,0.4901731610298157
25152,0.4881899952888489
19946,0.48853152990341187
35848,0.487934947013855
50988,0.48796936869621277
81228,0.4796202480792999
70634,0.49232029914855957
62087,0.49084076285362244
83705,0.4895773231983185
28135,0.48920392990112305
72269,0.4880107343196869
57765,0.4877261519432068
48237,0.4857622981071472
60935,0.49028077721595764
96395,0.4869019687175751
17552,0.49059468507766724
6012,0.4803294539451599
32339,0.48641419410705566
100348,0.4858604371547699
18042,0.48808854818344116
96315,0.48406776785850525
29764,0.48734721541404724
23929,0.49483785033226013
77311,0.4919901490211487
70607,0.4848901927471161
30780,0.4876731336116791
80346,0.4877549111843109
98674,0.4823298752307892
81392,0.48848846554756165
97354,0.4884370267391205
81018,0.48515257239341736
67914,0.48907724022865295
73740,0.4939716160297394
17349,0.4843721091747284
92248,0.486869752407074
7410,0.49226054549217224
38801,0.48238879442214966
2980,0.4890586733818054
8343,0.486811101436615
4978,0.48810866475105286
17304,0.48804596066474915
97200,0.48387885093688965
29661,0.4896268844604492
90326,0.48885902762413025
46507,0.48471322655677795
29043,0.4878270626068115
10362,0.4872295558452606
98378,0.48236894607543945
106758,0.4796037971973419
51017,0.49130600690841675
79812,0.4885350465774536
13356,0.4856402575969696
55569,0.4843847453594208
65657,0.48805174231529236
51044,0.48960933089256287
66567,0.49118512868881226
46552,0.4938795864582062
46891,0.48608219623565674
63607,0.4881160855293274
38370,0.4902869760990143
57361,0.4967012107372284
36803,0.4896570146083832
39652,0.4865533411502838
98980,0.4933995306491852
39367,0.4844668209552765
42936,0.4942559599876404
103002,0.4708676040172577
53733,0.48951104283332825
64932,0.4875294864177704
14694,0.4870263338088989
22051,0.4809841513633728
86459,0.4921896159648895
6391,0.49107277393341064
66928,0.4845687448978424
49982,0.49250903725624084
100643,0.4871502220630646
56457,0.48634448647499084
30800,0.4739082455635071
33516,0.4881536364555359
10149,0.48623669147491455
59814,0.4873088002204895
95253,0.48572731018066406
53569,0.487311989068985
98810,0.48787689208984375
37667,0.4802262783050537
28177,0.4895756244659424
38991,0.4875921308994293
16662,0.48532646894454956
84074,0.4888962507247925
74835,0.4869357645511627
64707,0.48480677604675293
92839,0.4889051914215088
7848,0.48165324330329895
14932,0.49098554253578186
95426,0.4657939374446869
10705,0.48307839035987854
36497,0.48808398842811584
45194,0.4856266677379608
91760,0.4909125864505768
42730,0.4860980212688446
73723,0.490157812833786
106197,0.49169254302978516
68082,0.4891992211341858
18144,0.49236997961997986
80046,0.48841241002082825
11278,0.49007198214530945
80340,0.4870922863483429
13789,0.47546735405921936
70923,0.4718385338783264
102287,0.49055400490760803
91972,0.48826390504837036
34636,0.4902060031890869
15424,0.4889512062072754
27169,0.45859968662261963
44400,0.4720486104488373
61822,0.4875558912754059
72751,0.4905257225036621
13516,0.4877097010612488
106505,0.48694875836372375
76387,0.48722487688064575
15239,0.48715224862098694
103844,0.49100279808044434
53314,0.4934770166873932
39223,0.4883198142051697
9030,0.48843058943748474
14079,0.4900363087654114
105615,0.4857032597064972
12812,0.4858037233352661
75439,0.48231813311576843
39088,0.4865123927593231
43363,0.48736312985420227
32020,0.48510071635246277
64754,0.4908033013343811
3089,0.4846382439136505
23362,0.488298237323761
84010,0.49307429790496826
28153,0.4814327657222748
38509,0.319455623626709
11368,0.4890337884426117
38142,0.48744598031044006
97444,0.485291987657547
41034,0.48769769072532654
8873,0.48842304944992065
30735,0.4850592017173767
61272,0.4927278459072113
56414,0.4922129511833191
89014,0.49055975675582886
24736,0.4873252213001251
36720,0.4856409430503845
83888,0.4834820628166199
55059,0.4710979759693146
50353,0.4830274283885956
1263,0.48859071731567383
9747,0.4823571741580963
100121,0.49140122532844543
101541,0.4900975227355957
107110,0.47867637872695923
13870,0.48857954144477844
53841,0.48727479577064514
99366,0.4858057498931885
97714,0.4910878837108612
105818,0.4913772642612457
50824,0.45908597111701965
79245,0.4894566833972931
20566,0.4837685227394104
31568,0.48592934012413025
61681,0.4881734848022461
61035,0.4930296242237091
82910,0.4874015748500824
104534,0.4905032515525818
30508,0.4901989996433258
36852,0.4911552667617798
78740,0.4887341856956482
93787,0.18080919981002808
99385,0.4850986897945404
8541,0.48889756202697754
40986,0.4902738928794861
59356,0.48724472522735596
24418,0.48159512877464294
73614,0.4816961884498596
27415,0.48990511894226074
11105,0.4874294400215149
38620,0.48602327704429626
73791,0.487885981798172
84218,0.4811267852783203
57917,0.488624632358551
26115,0.4893493056297302
39220,0.4857005476951599
86510,0.48586562275886536
2620,0.4813234508037567
80769,0.48871925473213196
63158,0.488811194896698
68262,0.4890391528606415
75959,0.4825007915496826
11908,0.48442989587783813
82650,0.48807424306869507
67201,0.4814945161342621
38281,0.4905804693698883
94080,0.49085041880607605
26958,0.4869415760040283
12229,0.4875412881374359
7322,0.4872804582118988
101820,0.4897820055484772
58402,0.4845699667930603
53298,0.4866327941417694
55864,0.4876260757446289
80201,0.48408955335617065
27368,0.438154399394989
51937,0.4854206144809723
75944,0.4878964126110077
17981,0.48856374621391296
36458,0.49114710092544556
19330,0.4913608133792877
70747,0.4844397008419037
52093,0.48869386315345764
48248,0.49041739106178284
30444,0.4868503510951996
100114,0.48911604285240173
75809,0.49131569266319275
83567,0.48938482999801636
22666,0.4900652766227722
49879,0.48880958557128906
63185,0.48885539174079895
71537,0.4885518252849579
84881,0.48405274748802185
11039,0.49262258410453796
2226,0.4902243912220001
9498,0.4899124801158905
103461,0.49015986919403076
8026,0.4911060035228729
67743,0.48751670122146606
80470,0.4841037094593048
3702,0.27567818760871887
60275,0.48783978819847107
32622,0.48996371030807495
30739,0.48742371797561646
87448,0.4620938003063202
98899,0.3240860402584076
89514,0.4883042573928833
10765,0.11280643939971924
76915,0.48994046449661255
22471,0.4874975383281708
104758,0.4899025857448578
106834,0.4914591312408447
21256,0.49047231674194336
72448,0.491806298494339
76560,0.485678493976593
72417,0.4903852045536041
76712,0.48982134461402893
81087,0.4851248860359192
106580,0.4911528527736664
29575,0.48747482895851135
93875,0.4880959391593933
57554,0.4869813323020935
60491,0.49413031339645386
93238,0.4910597801208496
3821,0.49028846621513367
28650,0.4869193732738495
66585,0.4898482859134674
3771,0.487101286649704
21931,0.48776477575302124
6465,0.48995599150657654
12104,0.48782265186309814
100297,0.4870295822620392
12303,0.4856927990913391
63834,0.49019017815589905
72813,0.49014756083488464
24228,0.4834759831428528
62072,0.4897595942020416
87548,0.48899662494659424
34142,0.4887375831604004
102479,0.458716481924057
81878,0.4894557595252991
5322,0.48832687735557556
8225,0.4887343943119049
87700,0.4868302345275879
34160,0.4842586815357208
84726,0.4871475100517273
18698,0.481613427400589
21961,0.4881070554256439
98296,0.4908568561077118
35011,0.4886972904205322
72197,0.49476897716522217
52751,0.483296275138855
2665,0.487760066986084
13552,0.4885103702545166
74433,0.48822125792503357
55838,0.48473596572875977
3623,0.48275241255760193
18897,0.49327540397644043
97971,0.4900207221508026
54183,0.477365642786026
36709,0.48567962646484375
45328,0.49025803804397583
45544,0.4899022579193115
88069,0.46900948882102966
38880,0.48397383093833923
29390,0.48839694261550903
17213,0.4886852204799652
103211,0.48330217599868774
103784,0.485296368598938
21672,0.4867977499961853
12667,0.4872492551803589
42330,0.48828020691871643
64762,0.4913841784000397
38996,0.4893554747104645
81858,0.4905477464199066
63013,0.48705241084098816
97541,0.4893898665904999
94335,0.48867905139923096
27705,0.4826104938983917
27775,0.48988965153694153
90297,0.48856863379478455
17894,0.4848853647708893
89326,0.4961269795894623
14532,0.48335060477256775
29304,0.48701074719429016
60991,0.4886755347251892
26862,0.49178507924079895
36231,0.4839279353618622
68918,0.48916947841644287
87020,0.48717162013053894
68071,0.4601268172264099
74517,0.4862282872200012
68399,0.4906938672065735
4125,0.48485228419303894
87538,0.48803091049194336
90505,0.48821109533309937
26154,0.4862450957298279
94063,0.48847633600234985
4801,0.4869924783706665
79421,0.48770591616630554
22506,0.48727643489837646
90383,0.4881442189216614
31996,0.48591578006744385
94098,0.48552951216697693
23918,0.4839668571949005
14872,0.495484858751297
52194,0.48516127467155457
79112,0.48912879824638367
79767,0.48867154121398926
88807,0.4879671335220337
80213,0.4897509515285492
97386,0.4858185648918152
18855,0.48873189091682434
14420,0.4916558265686035
20050,0.4882057011127472
12401,0.4884665608406067
78505,0.48665735125541687
39219,0.4889608323574066
23939,0.489079087972641
16295,0.48962831497192383
38830,0.4908941984176636
63612,0.4826975166797638
13290,0.4962979257106781
53494,0.48847901821136475
5746,0.48713669180870056
30513,0.48881062865257263
96344,0.49199286103248596
76550,0.4907878041267395
15269,0.48924845457077026
47320,0.49179378151893616
51950,0.4889083802700043
9128,0.4833492338657379
34285,0.4904398024082184
93842,0.4874793589115143
8487,0.48929399251937866
98151,0.4869292080402374
5934,0.48859959840774536
68794,0.48506054282188416
11126,0.4912686049938202
77657,0.4864974319934845
470,0.48944011330604553
29040,0.48958978056907654
92265,0.48575854301452637
29171,0.4914771616458893
53105,0.4892213046550751
22797,0.49278753995895386
100238,0.48262909054756165
76873,0.4854969084262848
51495,0.4886694848537445
60063,0.48851069808006287
97666,0.4897525906562805
71208,0.4855586290359497
25864,0.48925352096557617
37431,0.4884912371635437
52917,0.4875949025154114
97589,0.49035197496414185
33482,0.4902106523513794
20425,0.4855297803878784
66723,0.48705020546913147
38765,0.056787844747304916
34844,0.48629263043403625
23794,0.48363447189331055
71459,0.4893186092376709
104091,0.48946285247802734
891,0.48841747641563416
72288,0.4883681535720825
42364,0.4866502285003662
30967,0.4836582839488983
16582,0.4881676137447357
42961,0.48742586374282837
22874,0.48116469383239746
64063,0.48757773637771606
89992,0.49076035618782043
37817,0.4839679002761841
21008,0.4907345175743103
65846,0.48566243052482605
30491,0.4897489547729492
10225,0.48696792125701904
946,0.4874027669429779
57835,0.4870888888835907
68530,0.4873172640800476
89954,0.48413538932800293
55861,0.4853522479534149
26313,0.48957139253616333
79078,0.4907742440700531
45288,0.4887416958808899
41449,0.4882376194000244
105992,0.4872550368309021
22657,0.48966991901397705
59879,0.4877595007419586
61469,0.4902077317237854
34052,0.49009642004966736
75633,0.48609659075737
99091,0.49016252160072327
25249,0.49004557728767395
89585,0.4879966676235199
25639,0.48578503727912903
47314,0.48686283826828003
27762,0.4915810227394104
52628,0.4912804663181305
84293,0.4706331193447113
68901,0.4889563322067261
90319,0.48760929703712463
55559,0.4841020703315735
16705,0.48815035820007324
79054,0.48816490173339844
8171,0.4834677278995514
59206,0.4879942834377289
52753,0.48770660161972046
99521,0.48834630846977234
59828,0.486526221036911
66975,0.4897865056991577
33055,0.48623597621917725
11361,0.4880792796611786
10272,0.4879451096057892
15838,0.490151971578598
52127,0.49048131704330444
17172,0.4882078468799591
61054,0.4873909652233124
92688,0.4867497384548187
25633,0.489803284406662
13746,0.49485093355178833
49271,0.48706158995628357
74219,0.48816797137260437
95641,0.4871564507484436
31442,0.4877745509147644
61505,0.4869327247142792
4848,0.48651859164237976
35411,0.4832674264907837
41728,0.4878304898738861
11289,0.4847196042537689
54303,0.4916354715824127
87207,0.4905085861682892
50770,0.49676474928855896
19455,0.48670777678489685
79660,0.48611998558044434
45640,0.4912833273410797
19680,0.48625051975250244
80064,0.4882284104824066
45921,0.4853861927986145
102330,0.4940527081489563
104779,0.4895044267177582
41647,0.4896529018878937
62255,0.48554110527038574
69850,0.488596111536026
59083,0.4905915856361389
29617,0.48849961161613464
68036,0.4868714511394501
34081,0.49119704961776733
7571,0.4880775213241577
27687,0.4864833652973175
9248,0.4884028434753418
70304,0.4888646900653839
68494,0.4915120005607605
34488,0.4878685474395752
91948,0.48845919966697693
83596,0.4807986915111542
6539,0.4895264208316803
50333,0.48820364475250244
103218,0.49406498670578003
10795,0.48300886154174805
64519,0.48950889706611633
55023,0.4893493056297302
79698,0.4890461266040802
12137,0.49012288451194763
26981,0.4899958372116089
16418,0.4866941571235657
19562,0.4888729453086853
54980,0.4888148307800293
8983,0.4950970709323883
44060,0.48820921778678894
40837,0.4891567528247833
50598,0.48538893461227417
96359,0.4921390116214752
106537,0.4374041259288788
25890,0.48433536291122437
82625,0.48858603835105896
6701,0.48578837513923645
8350,0.48777222633361816
82763,0.4876757860183716
101464,0.47787269949913025
21356,0.4893311560153961
39215,0.4884510636329651
67377,0.48606234788894653
28181,0.4901549518108368
41563,0.4881177544593811
26345,0.4911206066608429
16648,0.05808621272444725
31584,0.48447269201278687
1960,0.4868309795856476
9044,0.48421844840049744
91655,0.4844798743724823
46682,0.4940899610519409
50998,0.4916105270385742
67563,0.4893566370010376
21973,0.4881581962108612
66386,0.4890543222427368
67164,0.4895349442958832
48558,0.4870127737522125
12620,0.4864913821220398
64680,0.48556801676750183
63616,0.48815080523490906
107035,0.4555860757827759
59071,0.4906871020793915
102880,0.48232772946357727
35126,0.4835445284843445
41487,0.4910346567630768
31091,0.48555558919906616
59940,0.48905932903289795
46433,0.49060186743736267
31705,0.49148011207580566
80481,0.48817479610443115
12116,0.4874907433986664
35783,0.4901939034461975
2593,0.4874120056629181
47474,0.49261483550071716
52930,0.48643168807029724
44350,0.4833032190799713
77265,0.4911465346813202
55073,0.48309630155563354
41302,0.48137399554252625
94253,0.48917266726493835
21658,0.4875521659851074
38103,0.49045321345329285
73971,0.4874161183834076
39871,0.49066826701164246
78320,0.48462507128715515
11438,0.4893442392349243
59470,0.4854715168476105
55759,0.4809168577194214
104592,0.48318785429000854
96295,0.01087227277457714
56214,0.48721349239349365
89317,0.48657938838005066
99372,0.48829036951065063
47947,0.48768487572669983
92170,0.48388829827308655
1522,0.4841060936450958
49519,0.4876764714717865
83847,0.4861975312232971
25956,0.4885959327220917
54284,0.48959940671920776
75756,0.48810938000679016
46005,0.48582717776298523
95327,0.48604005575180054
67211,0.4882238805294037
57848,0.4859028160572052
62669,0.49434712529182434
103424,0.4873114824295044
6568,0.48386451601982117
20985,0.48777294158935547
2606,0.48877233266830444
51468,0.48482534289360046
58979,0.487551212310791
44348,0.48728322982788086
97129,0.48898038268089294
106323,0.490661084651947
83866,0.49298152327537537
59690,0.48480936884880066
77224,0.4882937967777252
55814,0.48672249913215637
423,0.4909151494503021
51386,0.4909375011920929
54584,0.4899761974811554
20650,0.4873955249786377
67619,0.4877314269542694
80649,0.4812253713607788
98240,0.48717620968818665
51543,0.48895564675331116
3995,0.48795244097709656
68167,0.4903402626514435
6440,0.4865975081920624
42990,0.48863232135772705
27893,0.48981940746307373
292,0.48223334550857544
60869,0.48970216512680054
83757,0.48764675855636597
71190,0.48937660455703735
43134,0.48708516359329224
26387,0.48692989349365234
41140,0.48689666390419006
41330,0.49202749133110046
59444,0.4876309633255005
30220,0.48916110396385193
57850,0.48716652393341064
68720,0.48741504549980164
83784,0.4898909330368042
75058,0.4899104833602905
9990,0.4897156059741974
70601,0.4899998903274536
496,0.4911632239818573
4219,0.4916110336780548
20921,0.48807865381240845
63436,0.4925121068954468
102995,0.4914171099662781
46697,0.4917885363101959
105445,0.4862833321094513
17416,0.4814608097076416
100999,0.4885998070240021
89296,0.4886358380317688
74224,0.4868117570877075
88876,0.48664095997810364
76981,0.48645803332328796
16408,0.4880671799182892
54241,0.48789742588996887
12554,0.488396018743515
90727,0.4893396198749542
28056,0.4834805428981781
5562,0.41582056879997253
80195,0.4883846342563629
87069,0.4908330738544464
43216,0.48612910509109497
79579,0.48540961742401123
9937,0.48841002583503723
42856,0.49024662375450134
56247,0.48748716711997986
89203,0.48965248465538025
75302,0.4884398281574249
9324,0.4876224398612976
88477,0.491614431142807
65720,0.48598772287368774
83822,0.48724573850631714
106308,0.4867643117904663
88320,0.48597580194473267
3472,0.49023711681365967
43027,0.48858773708343506
77392,0.4852405786514282
41026,0.4880855977535248
34970,0.4849173128604889
85811,0.4826711416244507
51037,0.4824078679084778
39911,0.48655596375465393
54621,0.4874492585659027
63702,0.48845556378364563
88917,0.4926280379295349
15936,0.49482792615890503
68562,0.48615485429763794
82320,0.4879004955291748
95565,0.4915136396884918
98754,0.4850207269191742
61204,0.44897300004959106
94434,0.48009753227233887
62405,0.48851582407951355
65452,0.48807206749916077
35549,0.48682498931884766
105446,0.48892536759376526
29245,0.4874630868434906
40566,0.4929823875427246
77668,0.4841974079608917
65167,0.4867648780345917
25913,0.4851215183734894
67005,0.48700135946273804
65537,0.4847516119480133
76894,0.4869215786457062
79304,0.48973289132118225
47879,0.49079710245132446
71762,0.4879828095436096
94313,0.48711469769477844
23432,0.48189952969551086
96020,0.4877857565879822
95380,0.49574053287506104
76613,0.48724591732025146
90665,0.4867733418941498
77768,0.4919208288192749
83357,0.4875682592391968
70714,0.491262286901474
89872,0.48888012766838074
41797,0.48510420322418213
13868,0.48823320865631104
106550,0.4851630628108978
39844,0.48751044273376465
42075,0.49127471446990967
62095,0.48714888095855713
70425,0.4866199195384979
78138,0.4894843101501465
25349,0.47656914591789246
86030,0.48760828375816345
11281,0.4911547601222992
92556,0.49122339487075806
32183,0.4807237386703491
95511,0.49092257022857666
14000,0.4874601364135742
8192,0.4892573058605194
46625,0.4837959110736847
80759,0.49293532967567444
53529,0.48582133650779724
39661,0.48505449295043945
18735,0.4849247634410858
43096,0.49037158489227295
35406,0.4892655313014984
19563,0.4926654100418091
44955,0.4897386431694031
51195,0.48511508107185364
104716,0.4618866443634033
78032,0.4879973530769348
54763,0.4735102951526642
54472,0.48782917857170105
63165,0.4850667715072632
59237,0.4868226647377014
80008,0.49030858278274536
41274,0.4907432496547699
69397,0.4879203140735626
58538,0.4858013689517975
12556,0.49002495408058167
22194,0.4879094660282135
13877,0.49173036217689514
28486,0.4843045473098755
40470,0.4864387512207031
3803,0.4896163046360016
27605,0.48983892798423767
12596,0.4884757697582245
51958,0.4913291037082672
100371,0.4805617928504944
35292,0.4853057563304901
106651,0.4896507263183594
67973,0.4897996187210083
24261,0.4892584979534149
42465,0.4845145642757416
13861,0.4862106442451477
15827,0.48565104603767395
96979,0.4865890145301819
21464,0.4872475564479828
33217,0.48757317662239075
31921,0.4881739914417267
87306,0.4876951277256012
82440,0.4858526885509491
100467,0.48714423179626465
101153,0.4866493344306946
59418,0.4885106384754181
34456,0.49252575635910034
78306,0.48701176047325134
60321,0.4890116751194
106857,0.48982250690460205
35073,0.4872133731842041
61217,0.48621702194213867
40071,0.4891500174999237
82248,0.4889339208602905
74965,0.48700767755508423
71583,0.48923447728157043
83997,0.48828741908073425
80322,0.48850131034851074
1386,0.48677515983581543
30888,0.49034979939460754
46174,0.4900326430797577
68484,0.4899436831474304
17329,0.4858344495296478
93726,0.4931647479534149
14464,0.4892719089984894
67944,0.4918113648891449
95240,0.4928555190563202
43653,0.47642773389816284
74712,0.4941869378089905
89456,0.4867600202560425
8122,0.49184831976890564
80123,0.4884217381477356
100955,0.48968610167503357
19190,0.4859744906425476
17483,0.48978325724601746
21509,0.4900326430797577
67611,0.48866015672683716
91018,0.48958808183670044
11502,0.4648471772670746
41634,0.4877207577228546
58647,0.49434876441955566
397,0.4881470501422882
94236,0.4909493923187256
34471,0.4886767864227295
95449,0.4888468384742737
45263,0.4882142245769501
1312,0.4887634515762329
1701,0.48823389410972595
10211,0.48721757531166077
19877,0.47933444380760193
10820,0.48832523822784424
48605,0.48839664459228516
105197,0.49230530858039856
101055,0.4844099283218384
72026,0.48770999908447266
40241,0.4884777069091797
21775,0.49224528670310974
2675,0.4912792444229126
44002,0.484671950340271
42988,0.4884395897388458
1719,0.48798832297325134
44005,0.49147364497184753
293,0.48769569396972656
67526,0.4872630834579468
20436,0.48677200078964233
47583,0.48844054341316223
54329,0.48812228441238403
44312,0.4898843467235565
46747,0.48557963967323303
42297,0.49025052785873413
36740,0.4905446469783783
15115,0.483994722366333
54215,0.49060237407684326
50632,0.4888724982738495
67796,0.48593631386756897
24974,0.48813414573669434
17987,0.4878707528114319
57932,0.49065321683883667
58445,0.48486417531967163
71758,0.4866303503513336
27568,0.4874054789543152
77343,0.4875320494174957
74960,0.488849937915802
71199,0.4878641963005066
63696,0.48800528049468994
7032,0.48587092757225037
23824,0.48673075437545776
30498,0.4892575144767761
71626,0.488201379776001
45937,0.48511767387390137
58185,0.4890017509460449
63250,0.48795032501220703
93821,0.488415002822876
75253,0.4897950291633606
105476,0.4875948429107666
94786,0.4851313531398773
64336,0.48903632164001465
71947,0.48236992955207825
92182,0.47718414664268494
20086,0.43729203939437866
76618,0.4902889132499695
14910,0.4855925738811493
37519,0.4891558587551117
18587,0.489838182926178
72152,0.4858175218105316
104014,0.48984241485595703
40614,0.4829922914505005
88400,0.4847062826156616
31994,0.4848056733608246
87528,0.4909406006336212
63934,0.49018415808677673
49409,0.48666101694107056
774,0.49668699502944946
32495,0.4910886287689209
88382,0.4904700219631195
15155,0.48659953474998474
93745,0.48841580748558044
27703,0.48768913745880127
75787,0.4889022409915924
90254,0.4858804941177368
13614,0.48500895500183105
28304,0.48712465167045593
41678,0.4878287613391876
98764,0.48827752470970154
82284,0.4921102523803711
31660,0.4909432530403137
67449,0.489596426486969
32695,0.49051332473754883
73704,0.4750424921512604
13185,0.48719391226768494
41481,0.48629114031791687
71990,0.48387935757637024
64342,0.488529771566391
52716,0.485258549451828
23590,0.4896903932094574
19738,0.48787781596183777
81722,0.4881363809108734
43441,0.4880126714706421
56076,0.48563846945762634
36062,0.48706650733947754
93470,0.4872645437717438
57631,0.4922228753566742
104065,0.48873889446258545
542,0.4889974892139435
22750,0.48700711131095886
65825,0.49049532413482666
63929,0.4883480370044708
71150,0.4895535111427307
82911,0.486129492521286
65991,0.48843008279800415
17471,0.48866865038871765
96142,0.489184707403183
20569,0.49277371168136597
38497,0.49220404028892517
2685,0.4893225431442261
38408,0.49304312467575073
100635,0.4883100390434265
29619,0.48787200450897217
63490,0.4861433804035187
83339,0.4831656515598297
36539,0.4858567416667938
79339,0.4944205582141876
72290,0.48826655745506287
3220,0.48999565839767456
81270,0.4890880286693573
35843,0.48917683959007263
44327,0.4861060082912445
30665,0.49220404028892517
1548,0.4905882775783539
75171,0.4897877871990204
99712,0.4979648292064667
33884,0.4883352816104889
65379,0.4876716732978821
62016,0.491179496049881
35402,0.48543596267700195
42879,0.4902576208114624
74818,0.4884246289730072
12495,0.48723986744880676
20003,0.489384263753891
22125,0.10642498731613159
70889,0.49006471037864685
2024,0.4914344847202301
95385,0.48473066091537476
80643,0.48841553926467896
86163,0.4881667196750641
67694,0.4882924258708954
26798,0.4887441396713257
81103,0.48964923620224
19085,0.4901287853717804
4898,0.49330320954322815
6355,0.48821309208869934
14518,0.4876221716403961
14647,0.489291787147522
42001,0.4866372346878052
77785,0.4892836809158325
35657,0.4872294068336487
56488,0.48853984475135803
21443,0.4900549650192261
84978,0.4930572509765625
89651,0.48779818415641785
79791,0.48806947469711304
97990,0.4886898100376129
71970,0.4849352538585663
92259,0.4792613983154297
63637,0.4857664704322815
85746,0.4882352352142334
72226,0.48067420721054077
8706,0.48110949993133545
53923,0.48101139068603516
21760,0.4924028813838959
52327,0.4385569989681244
13615,0.48447489738464355
3156,0.4898816645145416
17888,0.4843788146972656
27794,0.48800596594810486
17951,0.49310049414634705
106260,0.49354642629623413
86128,0.4847285747528076
78519,0.4883524179458618
103081,0.41282522678375244
8118,0.49341896176338196
83982,0.4917519688606262
29893,0.4855101704597473
49405,0.48527494072914124
52266,0.4872949421405792
36470,0.4918328821659088
1846,0.48967745900154114
3349,0.49287545680999756
93690,0.49047064781188965
50314,0.48718270659446716
186,0.48540398478507996
65432,0.48859891295433044
37728,0.4877049922943115
19567,0.48951515555381775
30657,0.4874076247215271
82531,0.48661091923713684
22826,0.4016670882701874
22919,0.48987478017807007
87442,0.4897018373012543
104588,0.4863834083080292
64949,0.48935040831565857
63321,0.4879146218299866
44202,0.4887203872203827
85518,0.49073177576065063
70363,0.4865189790725708
38760,0.48732319474220276
99477,0.4871346056461334
41258,0.48756712675094604
88460,0.48494693636894226
49151,0.4878358542919159
96318,0.49041318893432617
15268,0.4917272925376892
39971,0.4876151382923126
68688,0.4774223268032074
106285,0.48934730887413025
3186,0.467742919921875
39622,0.49012041091918945
77353,0.48665401339530945
88812,0.4899640679359436
6527,0.4858657419681549
59187,0.48198944330215454
61590,0.48398488759994507
56408,0.4842604696750641
94523,0.4839748442173004
35641,0.4923325479030609
74177,0.485844224691391
103345,0.483172208070755
43538,0.49118679761886597
28070,0.4835817217826843
18799,0.4877578616142273
49071,0.025793686509132385
95746,0.4891987442970276
32734,0.4894036650657654
94400,0.48754915595054626
85387,0.48604702949523926
73483,0.4906321167945862
14503,0.4858153164386749
49355,0.48682624101638794
104699,0.4854309558868408
34977,0.49214208126068115
105745,0.08722010999917984
46195,0.48307371139526367
21807,0.49033039808273315
38567,0.48738402128219604
22107,0.48899582028388977
29812,0.4891335964202881
11423,0.4873546361923218
17429,0.4905261993408203
33210,0.4880986511707306
24307,0.49024489521980286
25930,0.48704105615615845
83021,0.49076300859451294
102384,0.4860561490058899
16069,0.4910244047641754
89177,0.4832810163497925
14322,0.4920412302017212
47929,0.4917008876800537
95274,0.4916747212409973
91895,0.4857824444770813
30333,0.4862147271633148
63018,0.4893453121185303
13130,0.48585402965545654
48136,0.4888729453086853
65112,0.48763731122016907
96303,0.48849761486053467
32221,0.48854610323905945
9939,0.48844340443611145
58276,0.48852479457855225
95046,0.48509925603866577
95608,0.4913457930088043
5449,0.48636603355407715
60819,0.4871266782283783
106929,0.48854386806488037
70887,0.4871918261051178
107168,0.49108269810676575
1665,0.48714423179626465
62485,0.4878370463848114
26165,0.49083951115608215
54830,0.4858643412590027
98131,0.48360875248908997
11417,0.48363441228866577
54957,0.4903193414211273
16542,0.4564504623413086
46696,0.4859144389629364
23398,0.49343860149383545
82966,0.4859851896762848
98212,0.48691558837890625
47665,0.48688647150993347
71236,0.48517006635665894
23789,0.48431873321533203
52331,0.49217689037323
42,0.4886258840560913
44162,0.49050214886665344
89991,0.488954097032547
86732,0.4901714622974396
97084,0.4877423644065857
96648,0.49237850308418274
43358,0.48934176564216614
33225,0.4870532155036926
100947,0.48088234663009644
30048,0.4888957440853119
13538,0.4926562011241913
61920,0.48076528310775757
90739,0.4894394278526306
33099,0.4910857677459717
5687,0.4885404706001282
37971,0.4902539551258087
104107,0.48704591393470764
15261,0.4814528822898865
79583,0.49244746565818787
12417,0.489989697933197
42928,0.4861791431903839
81291,0.4935098886489868
44398,0.48559293150901794
64245,0.49362418055534363
62296,0.4887765645980835
89490,0.49157941341400146
27804,0.4877079427242279
86896,0.4889538586139679
31142,0.48951464891433716
100499,0.4926208555698395
41462,0.4898291230201721
11490,0.4889039397239685
41182,0.4903864860534668
88788,0.48869842290878296
85936,0.48925936222076416
25717,0.4856417179107666
39604,0.48719945549964905
2113,0.4866529405117035
19841,0.4877588152885437
85276,0.49100780487060547
38085,0.48749321699142456
33856,0.48714739084243774
16285,0.44261500239372253
102958,0.48875394463539124
32690,0.49147918820381165
65286,0.4920061230659485
87828,0.4865001440048218
72944,0.4867634177207947
47478,0.4889269769191742
94238,0.4886607229709625
25276,0.4896954298019409
51125,0.4893253445625305
59341,0.482115775346756
37015,0.4931066334247589
48326,0.48889869451522827
55339,0.4915720522403717
54809,0.495339035987854
95448,0.48869386315345764
92455,0.49054718017578125
41479,0.49084189534187317
50990,0.48897188901901245
97606,0.48538151383399963
64386,0.4897546172142029
59016,0.4470689296722412
34793,0.48908695578575134
35103,0.487623929977417
62419,0.48978766798973083
44749,0.49056243896484375
51217,0.48929405212402344
76088,0.48808082938194275
50731,0.48820722103118896
21634,0.4873264729976654
99187,0.4895975589752197
74983,0.4899093508720398
74636,0.38906994462013245
70918,0.4898199737071991
48025,0.4885638356208801
1202,0.48719140887260437
29773,0.4915819466114044
104392,0.48646149039268494
36134,0.49187999963760376
56611,0.48519769310951233
98347,0.48996978998184204
76408,0.49329808354377747
43641,0.4908234179019928
75570,0.4731979966163635
7090,0.4878312647342682
82189,0.4861883223056793
48190,0.4866003096103668
4985,0.49018022418022156
1702,0.4891667366027832
97091,0.48803699016571045
67132,0.48405951261520386
52003,0.48911410570144653
60130,0.4839708209037781
52734,0.4893823266029358
54975,0.48933538794517517
79908,0.48471349477767944
75883,0.48970359563827515
7708,0.48900482058525085
20788,0.4693504571914673
29713,0.4877125918865204
2168,0.48488885164260864
19624,0.48938047885894775
15339,0.485056608915329
63973,0.49116435647010803
104124,0.48224037885665894
82919,0.4860963225364685
57759,0.49138733744621277
30517,0.485493540763855
67562,0.49126550555229187
60871,0.4833446145057678
73670,0.4847891926765442
12046,0.4883652627468109
29703,0.488409161567688
57997,0.4703209102153778
104071,0.4849867820739746
23798,0.49030646681785583
63304,0.49103474617004395
29328,0.49211061000823975
54042,0.48890817165374756
43085,0.4873826503753662
41458,0.49013686180114746
65632,0.48705556988716125
61938,0.49340033531188965
43481,0.4867531359195709
23810,0.48674115538597107
74207,0.4944344162940979
40078,0.4839681386947632
67888,0.4914524555206299
54635,0.4836445748806
37281,0.482622355222702
92696,0.4830470085144043
40103,0.4853690564632416
12388,0.48779183626174927
65827,0.47929683327674866
13632,0.4930904805660248
55474,0.4874703288078308
5448,0.4903847575187683
39340,0.4900233745574951
1321,0.4906924366950989
53096,0.4896482527256012
93846,0.490626722574234
84889,0.4875229299068451
53938,0.48601144552230835
104973,0.4955522418022156
74968,0.4792296290397644
26581,0.48667508363723755
84369,0.48803335428237915
51684,0.4947124719619751
24583,0.4884431064128876
93592,0.4900151193141937
80678,0.4869481027126312
34799,0.4887721538543701
50595,0.48586687445640564
107043,0.34744173288345337
81783,0.49017277359962463
8163,0.4842844009399414
65011,0.49461400508880615
88170,0.488503634929657
18337,0.4911370575428009
72949,0.48398298025131226
70736,0.487038791179657
96312,0.46477773785591125
83629,0.4811307489871979
85060,0.48860278725624084
65661,0.4847325384616852
66651,0.484422892332077
74786,0.488978773355484
57298,0.4853302836418152
42230,0.4861092269420624
20537,0.4884307086467743
97674,0.49349692463874817
65960,0.4869326055049896
55108,0.48163214325904846
49101,0.4909898042678833
19384,0.48801130056381226
29553,0.49067583680152893
40469,0.4882117211818695
63625,0.4909631311893463
32081,0.4858234226703644
37229,0.48193517327308655
92189,0.48642775416374207
14893,0.4848474860191345
44609,0.48186132311820984
63754,0.48653721809387207
56244,0.48663848638534546
13791,0.48703211545944214
97514,0.491117388010025
62715,0.48923543095588684
80723,0.49005845189094543
31649,0.48700666427612305
35868,0.4869261682033539
26020,0.4930003583431244
94291,0.49004626274108887
63036,0.4889698326587677
71036,0.48691293597221375
49693,0.48713454604148865
7862,0.490000456571579
106251,0.4871028661727905
6411,0.48190030455589294
2227,0.48610398173332214
12739,0.4895895719528198
13897,0.4903442859649658
51843,0.4883200526237488
68337,0.4879196286201477
62399,0.4891091287136078
83642,0.4808011054992676
62576,0.4867308735847473
76355,0.49137163162231445
88532,0.49322208762168884
870,0.4898175299167633
26067,0.4832686483860016
45412,0.4929618835449219
93632,0.4891141653060913
34710,0.4871256649494171
49010,0.48581790924072266
20800,0.15739521384239197
91234,0.48609107732772827
106720,0.4831802248954773
39399,0.4839317798614502
30906,0.49206316471099854
55880,0.48689088225364685
86772,0.49006572365760803
50257,0.48659393191337585
89524,0.49162861704826355
53238,0.4935225546360016
8234,0.4900776445865631
106696,0.48830220103263855
29446,0.490291029214859
23987,0.48831290006637573
64819,0.48594173789024353
35094,0.4888441562652588
45865,0.4875789284706116
8562,0.4931028187274933
75593,0.48548129200935364
8341,0.49248629808425903
59981,0.49057310819625854
87038,0.4867783188819885
60298,0.4867863953113556
660,0.49151062965393066
6334,0.4872282147407532
40173,0.48906344175338745
60604,0.49007877707481384
77550,0.4815840721130371
34391,0.49626290798187256
65498,0.48795613646507263
12883,0.47170016169548035
28396,0.489326149225235
20072,0.4848296642303467
29955,0.4910432696342468
93410,0.48582515120506287
19195,0.49293071031570435
86600,0.4885897934436798
11096,0.49193093180656433
100641,0.4879366159439087
2876,0.49149900674819946
98508,0.012893960811197758
8183,0.484551340341568
61746,0.4877433478832245
65016,0.4908200800418854
98667,0.46750444173812866
26907,0.48966336250305176
118,0.48702171444892883
17226,0.48390552401542664
101387,0.4902455806732178
2477,0.49176400899887085
42711,0.48792752623558044
45007,0.48821598291397095
16318,0.24298058450222015
86150,0.48797178268432617
8105,0.48424097895622253
29329,0.48395785689353943
24199,0.4846401810646057
28490,0.4913496971130371
15922,0.48830878734588623
59384,0.4840426445007324
11373,0.4919057786464691
101542,0.488878458738327
106469,0.48742637038230896
90450,0.4940142035484314
57117,0.49102142453193665
46768,0.4884224236011505
101203,0.48311328887939453
73606,0.487906277179718
107050,0.48680630326271057
92108,0.4845648407936096
20429,0.488573282957077
91152,0.48701605200767517
78479,0.4856014549732208
104962,0.486650288105011
65927,0.48811444640159607
29567,0.4862183630466461
3521,0.4913686215877533
77782,0.4926958382129669
74900,0.49049875140190125
20583,0.4905163049697876
51369,0.4636634290218353
33036,0.48752468824386597
1020,0.48397886753082275
81918,0.48979321122169495
71786,0.4864197373390198
29021,0.49038824439048767
42473,0.4906404912471771
76563,0.48826196789741516
76009,0.4896681010723114
75090,0.49035850167274475
91847,0.4719983637332916
78056,0.48881790041923523
22275,0.4859795570373535
64351,0.4891858696937561
101193,0.4866221249103546
49286,0.48608651757240295
89043,0.48961740732192993
41575,0.48742660880088806
105212,0.48228883743286133
796,0.4884461760520935
89918,0.49234792590141296
26836,0.49369868636131287
15916,0.48687052726745605
66393,0.48745253682136536
74777,0.48762086033821106
215,0.49019426107406616
70103,0.4832248091697693
106169,0.4938398003578186
81879,0.48588070273399353
25104,0.4839111268520355
37041,0.48757392168045044
91290,0.4903620481491089
7967,0.48762404918670654
61699,0.48803067207336426
11430,0.4694443345069885
99907,0.48755544424057007
15587,0.4893711805343628
17770,0.48949134349823
51183,0.491533100605011
10924,0.49154871702194214
5241,0.4891694188117981
79879,0.4875752329826355
57849,0.48746785521507263
10135,0.49051931500434875
28930,0.49044325947761536
84980,0.48976245522499084
35035,0.4816206395626068
1544,0.48204949498176575
57299,0.48895323276519775
53790,0.4872106611728668
27413,0.48353517055511475
38165,0.4865613579750061
48208,0.48225468397140503
56627,0.4903099536895752
65033,0.4887271225452423
62849,0.4881237745285034
53653,0.4886089265346527
49325,0.48739534616470337
72723,0.4858326315879822
90690,0.48680612444877625
106400,0.4870127737522125
33103,0.4878208339214325
25088,0.49688857793807983
101515,0.47952690720558167
97145,0.4890168011188507
55520,0.48735421895980835
77374,0.4858982264995575
30393,0.3615552484989166
51247,0.48610663414001465
102444,0.4886668622493744
73823,0.4575795829296112
77961,0.49210259318351746
92334,0.48925843834877014
20875,0.49035874009132385
8968,0.4876853823661804
46253,0.48815205693244934
65138,0.42358458042144775
103803,0.4853244423866272
48240,0.48792174458503723
37216,0.4900131821632385
37070,0.46064141392707825
100791,0.4866098165512085
65296,0.48753663897514343
55217,0.4881489872932434
61439,0.4902976155281067
28910,0.4855126440525055
68977,0.4893871247768402
73799,0.48535147309303284
87205,0.4886325001716614
24133,0.4908396005630493
5545,0.4820988178253174
54239,0.495211660861969
58376,0.4871906340122223
102502,0.4853234887123108
4217,0.47967246174812317
24943,0.49089515209198
76677,0.4882736802101135
30672,0.4873218238353729
103813,0.487409383058548
19301,0.4914616346359253
66545,0.4926832318305969
6418,0.4895789921283722
105393,0.49293071031570435
26256,0.4856627583503723
73036,0.4880869686603546
90905,0.4922889769077301
53703,0.006408298388123512
19896,0.4870767891407013
38549,0.4898566007614136
50747,0.4916154742240906
7384,0.4887000620365143
38634,0.4868220090866089
2243,0.49058234691619873
34358,0.4877830445766449
9905,0.48737892508506775
2600,0.484261155128479
30934,0.4868287742137909
11956,0.49224165081977844
65971,0.488662987947464
41054,0.4915556311607361
86656,0.4854002892971039
96579,0.48528429865837097
468,0.4925624132156372
95086,0.48618337512016296
36410,0.48945382237434387
61026,0.48230525851249695
49759,0.48531514406204224
18786,0.4932501018047333
81012,0.48730820417404175
19445,0.4918910562992096
50756,0.48928743600845337
85673,0.4871084690093994
66960,0.48703646659851074
31365,0.4842104911804199
37640,0.49143120646476746
101325,0.48779985308647156
104267,0.4857705235481262
64787,0.48553940653800964
54097,0.4898988604545593
90089,0.4853705167770386
79611,0.48717445135116577
3872,0.4873184859752655
90845,0.48309585452079773
75838,0.4854741096496582
16157,0.4834452271461487
21349,0.489378422498703
34130,0.4859599769115448
83045,0.4854562282562256
83033,0.4893806576728821
18190,0.4900863468647003
98007,0.48679736256599426
95308,0.4922129511833191
7197,0.48973092436790466
79403,0.48878583312034607
7653,0.48842746019363403
59611,0.49131476879119873
93070,0.48815324902534485
33837,0.4885222017765045
86990,0.4547061324119568
38486,0.4888187050819397
49647,0.4925263226032257
49217,0.48716652393341064
89090,0.4855932593345642
6634,0.48750150203704834
106711,0.4854893386363983
98643,0.489490270614624
64122,0.31968453526496887
95757,0.487309992313385
52941,0.48466047644615173
73928,0.4897777736186981
96735,0.49490395188331604
76375,0.4876556694507599
26187,0.482994943857193
61250,0.48887452483177185
101730,0.4885435998439789
96681,0.4872388541698456
81672,0.4852710962295532
941,0.4885038137435913
73571,0.4911361336708069
102835,0.48632892966270447
84015,0.4864094853401184
15822,0.48768335580825806
26528,0.48845136165618896
34458,0.48647379875183105
22406,0.4906649887561798
77570,0.4827086925506592
60677,0.4815883934497833
16163,0.482074111700058
58610,0.4893072843551636
87762,0.48841461539268494
48705,0.486327588558197
78339,0.47908464074134827
27015,0.48479166626930237
63869,0.4892060458660126
32867,0.49107298254966736
18094,0.4889809489250183
31953,0.4900006949901581
3489,0.48372316360473633
8990,0.4867454469203949
89863,0.4916173219680786
18547,0.4902336299419403
75256,0.48801612854003906
93963,0.49536195397377014
71978,0.48235884308815
30679,0.4888443350791931
102609,0.4911245107650757
83019,0.48800939321517944
48135,0.4879026710987091
61409,0.480062872171402
58564,0.49142464995384216
3946,0.4873047471046448
106020,0.4880351722240448
3723,0.488089919090271
22108,0.4935669004917145
4674,0.4914621412754059
4358,0.4885144531726837
31186,0.48775696754455566
136,0.49151352047920227
46915,0.4908488094806671
95526,0.4894169270992279
12145,0.48452475666999817
18631,0.4840109050273895
95178,0.47896382212638855
6569,0.488656610250473
74472,0.4894278943538666
53618,0.4874805510044098
82117,0.4890270233154297
33139,0.48779019713401794
101127,0.4847390055656433
78109,0.4887767732143402
71560,0.4883694648742676
4873,0.38721317052841187
38063,0.4906013011932373
1060,0.49126917123794556
45447,0.49409496784210205
14151,0.48461034893989563
79580,0.48673754930496216
37219,0.48989734053611755
84736,0.49071040749549866
15780,0.48592236638069153
82921,0.48479658365249634
40348,0.4866754710674286
74895,0.489424467086792
93609,0.48846495151519775
60230,0.48360675573349
65745,0.48945608735084534
16278,0.48825275897979736
66171,0.4843372106552124
76515,0.4817560017108917
87170,0.4886859953403473
104704,0.4879770278930664
95572,0.49000561237335205
41881,0.476981520652771
30757,0.49013009667396545
83846,0.4854710102081299
72285,0.4928281903266907
29064,0.48702916502952576
5381,0.4915880560874939
83070,0.48548972606658936
7175,0.4912467300891876
49176,0.4945985972881317
51188,0.4899963438510895
60730,0.021362032741308212
89396,0.490585058927536
50581,0.48792654275894165
9406,0.48625123500823975
16599,0.4747945964336395
69783,0.4861297905445099
27796,0.490888386964798
592,0.48838818073272705
18133,0.484937846660614
105112,0.482988178730011
51799,0.4872909188270569
75583,0.492034912109375
22160,0.493224173784256
28229,0.48443925380706787
59965,0.489219069480896
25798,0.49128955602645874
1799,0.48799699544906616
37007,0.48983266949653625
99962,0.4879080057144165
106489,0.4894642233848572
39063,0.48861175775527954
46435,0.4893825352191925
45589,0.4907054007053375
6956,0.4866980016231537
106021,0.4880947470664978
92285,0.48724234104156494
40437,0.487383097410202
7039,0.4919084906578064
94842,0.48613277077674866
105806,0.4924026429653168
19957,0.48904407024383545
91743,0.4912705719470978
71819,0.4903179109096527
71859,0.4923950731754303
77846,0.4873322546482086
75254,0.4872960150241852
86699,0.4848180413246155
41680,0.4855214059352875
40684,0.48650121688842773
102752,0.49094411730766296
59996,0.48654600977897644
75002,0.49259835481643677
83944,0.48088616132736206
71542,0.4867475926876068
102795,0.49083879590034485
13533,0.48840877413749695
86443,0.4861741364002228
72601,0.48702284693717957
48252,0.48914864659309387
59918,0.49341699481010437
70105,0.3934347927570343
36420,0.48834937810897827
72545,0.49002188444137573
66628,0.48763349652290344
87076,0.4912658929824829
56017,0.4879816770553589
36830,0.48445114493370056
61259,0.48834228515625
106785,0.4865357577800751
102001,0.48690128326416016
41694,0.48420146107673645
59274,0.4592558741569519
69342,0.4900069236755371
52666,0.48928093910217285
78739,0.48671555519104004
103615,0.48435744643211365
96522,0.48861831426620483
33713,0.4536188840866089
94194,0.4910895526409149
56624,0.4861454665660858
14026,0.48681798577308655
37800,0.4884035289287567
101163,0.48947277665138245
50282,0.4894712269306183
24359,0.4894092082977295
37213,0.48747724294662476
27574,0.4886017441749573
18777,0.48871129751205444
32485,0.4919968843460083
95455,0.4883413314819336
56526,0.48863670229911804
9732,0.48430532217025757
63133,0.4881580173969269
6017,0.48380178213119507
56227,0.4875789284706116
81330,0.48430800437927246
14674,0.48626938462257385
83842,0.4874284267425537
59121,0.4904126226902008
4795,0.4899931848049164
8699,0.4656645655632019
62846,0.48620185256004333
3664,0.48880013823509216
79101,0.4871455729007721
97114,0.48806434869766235
61736,0.4867207109928131
71338,0.4839642643928528
75649,0.4888061583042145
47207,0.48970502614974976
69617,0.4826098084449768
92019,0.48899444937705994
33803,0.4869000315666199
102709,0.4928510785102844
60644,0.4877893924713135
35921,0.48555177450180054
53503,0.49057528376579285
39017,0.4879891574382782
21033,0.48394864797592163
7356,0.48859140276908875
63010,0.48796510696411133
105483,0.47721895575523376
48414,0.49211442470550537
34491,0.4876817464828491
98515,0.49133652448654175
44473,0.48699891567230225
16918,0.48745402693748474
5705,0.4878333806991577
50265,0.4890437126159668
69220,0.48717930912971497
54833,0.47035160660743713
28549,0.4881404638290405
106607,0.48793599009513855
82444,0.4840318560600281
61201,0.4885775148868561
33681,0.48278892040252686
10979,0.4906633198261261
17203,0.48816096782684326
75276,0.4882347881793976
46716,0.48974356055259705
27002,0.4916098415851593
875,0.48073551058769226
73244,0.48658886551856995
42973,0.4922041594982147
87462,0.48882758617401123
79246,0.4860168397426605
80060,0.48920515179634094
83791,0.486543744802475
95066,0.4875011742115021
65369,0.49021103978157043
17234,0.49165189266204834
33597,0.4901692867279053
57641,0.4868713319301605
79712,0.48830118775367737
90671,0.4874304533004761
68092,0.4883696436882019
87841,0.4892197549343109
26092,0.4878985583782196
19324,0.4885023832321167
64133,0.48741215467453003
64722,0.4885885417461395
67293,0.48935627937316895
13110,0.46328669786453247
15704,0.47080904245376587
90272,0.4938473105430603
16320,0.49038922786712646
51605,0.4919735789299011
57816,0.4866557717323303
10303,0.4902741312980652
81915,0.4882272779941559
22954,0.4912949502468109
20905,0.4901180565357208
94219,0.4901546835899353
59383,0.48821449279785156
55882,0.48872095346450806
105848,0.4898086488246918
76012,0.48807424306869507
28343,0.4821820557117462
12621,0.4925917088985443
20544,0.48724913597106934
68058,0.485773503780365
45481,0.48405441641807556
43866,0.4913376569747925
43638,0.4900261163711548
78798,0.481875479221344
51931,0.48727676272392273
81788,0.48585301637649536
39806,0.48674386739730835
104308,0.4890039265155792
23191,0.48674121499061584
58799,0.4890997111797333
74274,0.488362580537796
97712,0.4874299466609955
62011,0.48427462577819824
97060,0.4834347367286682
6430,0.4880243241786957
42197,0.4781118333339691
33642,0.48721304535865784
34385,0.4851764738559723
56499,0.49261459708213806
103727,0.48979446291923523
22082,0.4891390800476074
5577,0.48833075165748596
18877,0.4888942539691925
72302,0.4848712384700775
48798,0.4920802414417267
95670,0.49373888969421387
12360,0.483654260635376
99919,0.4879216253757477
57548,0.49108022451400757
8498,0.49308398365974426
55369,0.4810883104801178
64135,0.1392269879579544
96186,0.4832763373851776
88968,0.4940735399723053
16581,0.48824796080589294
69477,0.48312798142433167
60073,0.4897398054599762
78470,0.48802006244659424
73934,0.48844173550605774
48728,0.48841211199760437
12948,0.4896478056907654
35801,0.49248412251472473
11714,0.49068737030029297
79286,0.4897868037223816
61682,0.48228180408477783
67216,0.4869445860385895
28124,0.473222553730011
47487,0.4869760274887085
89951,0.49133744835853577
39746,0.48836302757263184
51772,0.4881680905818939
74373,0.48414063453674316
91542,0.48182931542396545
11693,0.4909919798374176
58395,0.4675493538379669
10213,0.4838756024837494
87308,0.4877017140388489
52212,0.48552894592285156
21565,0.490082323551178
38272,0.4862196743488312
45624,0.4879993796348572
63049,0.48839664459228516
86283,0.48898550868034363
61244,0.4899577498435974
84701,0.4887712597846985
94243,0.48607298731803894
79039,0.48704013228416443
54726,0.4877645671367645
52867,0.4855510890483856
7832,0.49183720350265503
48004,0.4884759783744812
52691,0.4849075675010681
94319,0.48975619673728943
14013,0.4836631417274475
66372,0.48752331733703613
22294,0.4637891352176666
14732,0.4875044524669647
105955,0.48775649070739746
57702,0.4876856207847595
89178,0.4891985356807709
31050,0.4850412607192993
40074,0.47632676362991333
23085,0.4900578260421753
8847,0.490559458732605
43142,0.48818033933639526
24141,0.4882468283176422
75344,0.48629137873649597
44956,0.4881499111652374
100259,0.48413002490997314
15289,0.4894579350948334
40766,0.48078590631484985
75727,0.4885072708129883
16710,0.4877685308456421
3858,0.48182764649391174
51761,0.49087420105934143
57803,0.4922633171081543
18436,0.48773181438446045
21616,0.4823329746723175
40997,0.48199599981307983
72876,0.4867250621318817
98668,0.4872598350048065
17562,0.49039530754089355
53942,0.48816683888435364
7798,0.4932492971420288
6728,0.4866343140602112
68182,0.48674511909484863
32206,0.48674893379211426
2446,0.4903447926044464
30812,0.48707079887390137
29775,0.4875999987125397
4146,0.4872097671031952
10519,0.4862612783908844
66933,0.48979687690734863
94981,0.4950413405895233
95320,0.48646092414855957
47430,0.486722856760025
35069,0.4878552258014679
76488,0.4865110218524933
33904,0.4904400408267975
86619,0.4927777647972107
91955,0.4884178638458252
6389,0.48749640583992004
12914,0.4919266104698181
78123,0.48797497153282166
59570,0.48523247241973877
10892,0.48523855209350586
31139,0.4870055317878723
47002,0.49029579758644104
15376,0.4908895790576935
84669,0.06448816508054733
28204,0.48660269379615784
49096,0.48888257145881653
95324,0.49296408891677856
46589,0.4907507598400116
16484,0.48321864008903503
92516,0.48754727840423584
88724,0.4775935709476471
65849,0.49113544821739197
51527,0.49113985896110535
60854,0.4902106523513794
11279,0.48680001497268677
67908,0.49188748002052307
82313,0.48416194319725037
79035,0.4870544970035553
91010,0.4844045639038086
27611,0.48770609498023987
7952,0.495837926864624
19379,0.48833075165748596
66702,0.4882633090019226
2296,0.486226886510849
28138,0.4874788522720337
551,0.48699185252189636
67795,0.4863676130771637
39137,0.48830321431159973
25040,0.49044886231422424
47656,0.4832247793674469
53154,0.48523831367492676
73026,0.48814040422439575
50163,0.4877963662147522
17664,0.49078452587127686
81237,0.4886888563632965
43288,0.4886687994003296
101830,0.49032971262931824
68661,0.4873507022857666
100832,0.4901246130466461
4191,0.4864006042480469
62424,0.4873589873313904
40305,0.4840009808540344
54860,0.4888124465942383
92588,0.48827308416366577
76669,0.4906068444252014
46395,0.4908736050128937
44253,0.4887475073337555
22443,0.48912686109542847
84100,0.4926808476448059
42951,0.490975946187973
51210,0.4809829294681549
18367,0.4867039918899536
12437,0.48621928691864014
57121,0.4903113842010498
5477,0.4881194531917572
81334,0.48948487639427185
102259,0.4864369332790375
56973,0.4851818084716797
55634,0.4878647029399872
50796,0.4881943166255951
64854,0.4832972586154938
17212,0.48749345541000366
95586,0.48214900493621826
96608,0.48857778310775757
8178,0.4805007576942444
69463,0.4908505380153656
25843,0.4869917333126068
89879,0.48864251375198364
64458,0.48681268095970154
1825,0.4871019124984741
104937,0.4881457984447479
76514,0.4864455759525299
67638,0.47977468371391296
32550,0.48806753754615784
2594,0.4880048930644989
104050,0.48824769258499146
15063,0.48936694860458374
7750,0.48810717463493347
78835,0.22404931485652924
62313,0.48737961053848267
79534,0.4889267385005951
10735,0.48692360520362854
66647,0.49436670541763306
80698,0.49145615100860596
106237,0.49037376046180725
14230,0.4870576858520508
24699,0.46973496675491333
20670,0.47750791907310486
24398,0.4910983443260193
28813,0.48685601353645325
90926,0.48882007598876953
21442,0.4865890145301819
15503,0.4954463839530945
104158,0.4325881004333496
11944,0.48886051774024963
54953,0.48500221967697144
100285,0.48654651641845703
92129,0.4879592955112457
86569,0.49150532484054565
51849,0.48383012413978577
59984,0.48532435297966003
84169,0.4875277280807495
85915,0.4878581762313843
26350,0.48916178941726685
81869,0.4926554560661316
101771,0.4873464107513428
71107,0.48357686400413513
8127,0.48615217208862305
67433,0.48818352818489075
103885,0.4834021031856537
14634,0.4847623109817505
35211,0.4904046058654785
78895,0.4909592866897583
78807,0.4947257339954376
14540,0.48284754157066345
34698,0.490028977394104
103779,0.4782399535179138
9813,0.4887063801288605
7716,0.4880092740058899
70272,0.48634257912635803
98794,0.41248461604118347
5378,0.4844380021095276
75584,0.48891687393188477
65199,0.48596885800361633
69468,0.48687708377838135
53908,0.48745232820510864
97132,0.4880329370498657
84136,0.4855409860610962
65196,0.48949190974235535
101330,0.48808467388153076
45065,0.48571741580963135
101372,0.4873092770576477
40945,0.48802608251571655
36818,0.4857743978500366
16262,0.47429022192955017
71302,0.4889279901981354
56867,0.48935073614120483
31727,0.48552191257476807
22376,0.48607757687568665
93929,0.49115124344825745
18448,0.4824979901313782
29101,0.48971399664878845
76956,0.49324941635131836
52458,0.4870784878730774
42922,0.49221640825271606
16743,0.49215853214263916
29879,0.49168625473976135
54016,0.44359493255615234
44531,0.4898134469985962
3780,0.48383262753486633
18492,0.487183153629303
43326,0.48820289969444275
97048,0.4908068776130676
102784,0.4880554974079132
78950,0.4867224097251892
69256,0.48607879877090454
71845,0.48959848284721375
23511,0.48752275109291077
41984,0.48983198404312134
73207,0.48821622133255005
100220,0.4925837218761444
55424,0.4882495701313019
61058,0.4860153794288635
61570,0.4876115620136261
85636,0.4886758625507355
91625,0.49038395285606384
37965,0.4906286597251892
71595,0.48564639687538147
40247,0.4873107373714447
84223,0.4872593879699707
104638,0.49124255776405334
70859,0.49420616030693054
12624,0.4875001907348633
100127,0.4869702458381653
54697,0.4876086115837097
36640,0.48977604508399963
63935,0.4929492473602295
62422,0.4868225157260895
19138,0.48936763405799866
98037,0.48293212056159973
80946,0.4880203902721405
60171,0.48891204595565796
106524,0.48960110545158386
53120,0.48640066385269165
17020,0.48798543214797974
96643,0.4880250096321106
20516,0.49009940028190613
53943,0.48005467653274536
12422,0.48720234632492065
99924,0.4806171953678131
84727,0.4843766987323761
105231,0.4903140068054199
57263,0.49166664481163025
70353,0.49315881729125977
33980,0.4931352734565735
85067,0.48874762654304504
101473,0.4883970320224762
32806,0.4857637882232666
22737,0.4913293123245239
33701,0.48654478788375854
26272,0.4876151978969574
20245,0.48852014541625977
57009,0.4884451627731323
70177,0.48698222637176514
80949,0.49432918429374695
68868,0.4843924641609192
3463,0.4837639331817627
22480,0.4818406105041504
51061,0.48996034264564514
42467,0.4913899302482605
22644,0.4842910170555115
77987,0.48900192975997925
38066,0.48304906487464905
74817,0.4883216321468353
33548,0.48848122358322144
55282,0.49017763137817383
68474,0.49262502789497375
28750,0.4888402819633484
100953,0.4806859493255615
9783,0.48204928636550903
88666,0.4878948926925659
95892,0.49082571268081665
45165,0.487002432346344
88759,0.4877970516681671
42942,0.4886898696422577
45155,0.4919810891151428
93405,0.4840970039367676
40672,0.49169620871543884
59171,0.4892166256904602
65048,0.4818224608898163
96568,0.4848029911518097
55750,0.48850467801094055
94417,0.48781323432922363
98907,0.4882924258708954
26355,0.4911910593509674
75221,0.4890376627445221
81834,0.4890507459640503
70358,0.4891459345817566
60686,0.49190929532051086
16970,0.48985275626182556
105727,0.492223858833313
27635,0.48969006538391113
22266,0.47784775495529175
72325,0.48779064416885376
73454,0.49328741431236267
61216,0.4882107973098755
15107,0.4876900911331177
20351,0.48692479729652405
7447,0.4886021614074707
27058,0.48725390434265137
52745,0.4820551574230194
97367,0.4876980781555176
80966,0.4886378347873688
76862,0.49045631289482117
101425,0.4880862236022949
41987,0.48388850688934326
41607,0.48911887407302856
24817,0.48041296005249023
18230,0.4896466135978699
24592,0.49166855216026306
26735,0.4889097511768341
335,0.49039220809936523
23192,0.4879686236381531
70543,0.4857631027698517
52914,0.4888957440853119
93275,0.4868563115596771
53299,0.4883899986743927
73633,0.4916014075279236
6516,0.49024736881256104
62779,0.4885162115097046
37748,0.48752450942993164
32439,0.48823580145835876
26327,0.4827325642108917
72512,0.48006632924079895
34319,0.48392680287361145
71151,0.4853063225746155
75755,0.48707836866378784
95040,0.4872520864009857
14016,0.48962563276290894
64918,0.48952704668045044
54132,0.48993802070617676
15137,0.48629093170166016
16885,0.4843577742576599
73850,0.49121659994125366
27701,0.48019322752952576
45458,0.4884098470211029
35206,0.48884159326553345
4690,0.48680487275123596
48327,0.4882167875766754
13359,0.48584288358688354
74847,0.4896288216114044
58263,0.4897512197494507
83921,0.4911149740219116
78541,0.4901684820652008
89353,0.48820945620536804
46859,0.48890694975852966
43017,0.49446427822113037
33143,0.4900672137737274
44724,0.4816267192363739
98313,0.48817312717437744
18397,0.4902926981449127
33628,0.4850032329559326
83851,0.4947018623352051
59975,0.49169719219207764
90976,0.4895205497741699
17729,0.4906027317047119
103091,0.485059529542923
48359,0.4885416626930237
52136,0.49284324049949646
92597,0.4879354238510132
102907,0.48467883467674255
31101,0.4876704216003418
72001,0.48670342564582825
26604,0.490986704826355
32653,0.48859333992004395
92403,0.4894700348377228
19371,0.486484557390213
33679,0.4880516231060028
100430,0.47997596859931946
46581,0.48993465304374695
46918,0.4869135022163391
1939,0.4931667149066925
65741,0.48906755447387695
64268,0.49298030138015747
5722,0.486544668674469
52128,0.4875158965587616
32782,0.4906275272369385
55399,0.48371630907058716
67305,0.48258644342422485
27575,0.48706966638565063
10174,0.4892261326313019
20288,0.48958727717399597
100583,0.49024176597595215
94644,0.48658427596092224
69259,0.48871031403541565
66508,0.48621878027915955
75933,0.4861571192741394
73087,0.49035435914993286
62772,0.49170446395874023
7082,0.4922012686729431
14313,0.4851287603378296
34351,0.49138376116752625
13661,0.48906925320625305
84983,0.49109408259391785
71650,0.4858507812023163
25289,0.48951196670532227
53203,0.4899410605430603
104021,0.48630666732788086
45430,0.4886617064476013
13936,0.48845869302749634
36331,0.4869183599948883
69153,0.4915364384651184
28211,0.48439648747444153
14716,0.48735377192497253
102105,0.4921542704105377
14825,0.4911113381385803
73448,0.48935672640800476
25227,0.4858302175998688
70935,0.48830753564834595
24046,0.4884481132030487
16283,0.4023299217224121
31587,0.4885339140892029
21546,0.48700860142707825
79216,0.4891532361507416
59515,0.4058299958705902
21638,0.486314058303833
106058,0.48282814025878906
83605,0.48634928464889526
36027,0.4881421625614166
97547,0.4880524277687073
35922,0.48835480213165283
730,0.4879993796348572
91023,0.4876173436641693
41874,0.46590757369995117
63479,0.48939305543899536
53948,0.4904242753982544
612,0.4835536777973175
44842,0.47256210446357727
88286,0.4892849326133728
19006,0.46806779503822327
15792,0.48520246148109436
31289,0.4923873245716095
5520,0.49248838424682617
102071,0.4905852675437927
51757,0.48270708322525024
101502,0.48807865381240845
86153,0.48471489548683167
53017,0.4856768846511841
35422,0.488871693611145
47390,0.4842437207698822
6754,0.49040162563323975
15689,0.49152594804763794
60671,0.4866584241390228
91200,0.49180904030799866
52291,0.466025173664093
64996,0.49199768900871277
105948,0.48892173171043396
9304,0.4882046580314636
80363,0.4924508035182953
34303,0.48921826481819153
90897,0.49210378527641296
6223,0.49197474122047424
30391,0.4857725501060486
32600,0.48829391598701477
22314,0.48080021142959595
46471,0.49156755208969116
62205,0.48405325412750244
9315,0.4896325469017029
88242,0.4843985140323639
16829,0.48611611127853394
10937,0.4913597106933594
75185,0.49139419198036194
2126,0.4888177812099457
66867,0.4896511733531952
27698,0.4931051433086395
69135,0.48855894804000854
28872,0.4867143929004669
73182,0.48420581221580505
99186,0.48132914304733276
53803,0.4897160530090332
15957,0.21625010669231415
13066,0.48039305210113525
59759,0.48829373717308044
78727,0.4915737807750702
87613,0.4892312288284302
97014,0.4902816414833069
15607,0.48499566316604614
95372,0.4888719618320465
13583,0.4879266023635864
21859,0.48796719312667847
37066,0.4868197441101074
20559,0.4826136529445648
28407,0.4808772802352905
22575,0.4882272779941559
587,0.4879991114139557
34019,0.49005451798439026
44046,0.4869909882545471
88009,0.4372066855430603
28935,0.48088163137435913
8002,0.4830947518348694
89504,0.4743337333202362
41174,0.4910353422164917
61524,0.482820600271225
47615,0.48819613456726074
105017,0.4801070988178253
102282,0.49046939611434937
38116,0.4882330894470215
77889,0.4882027506828308
39771,0.489286869764328
49032,0.48739150166511536
88482,0.48556846380233765
14111,0.4940118193626404
86854,0.4888681471347809
60957,0.48711010813713074
39641,0.4871010184288025
42799,0.48792150616645813
12118,0.4875754117965698
51727,0.4854172468185425
15511,0.48818570375442505
98396,0.48491474986076355
82341,0.4917911887168884
59102,0.49357718229293823
9319,0.48693135380744934
76311,0.48674002289772034
88119,0.487762451171875
88687,0.490349143743515
2030,0.4895590543746948
93612,0.48863375186920166
11548,0.49112117290496826
12642,0.49319082498550415
99898,0.4861984848976135
105337,0.48584598302841187
71373,0.48627954721450806
79240,0.4879501760005951
2341,0.4835081994533539
70902,0.48712214827537537
96103,0.4915119409561157
41700,0.49037277698516846
7147,0.4916030466556549
7007,0.4945976138114929
28257,0.48836851119995117
34787,0.49082180857658386
85535,0.49178287386894226
56441,0.48850688338279724
2699,0.4899309277534485
8631,0.4881563186645508
84841,0.4809499680995941
39509,0.4898029863834381
43930,0.48765829205513
47111,0.4890810251235962
49131,0.48693880438804626
90388,0.48768550157546997
94044,0.489898145198822
9162,0.4895167052745819
82380,0.4874762296676636
9411,0.48795464634895325
98182,0.4914112389087677
90514,0.48455676436424255
31378,0.4877018332481384
45250,0.4876927435398102
9598,0.48790243268013
97221,0.48904019594192505
81497,0.43973231315612793
98919,0.48197272419929504
27463,0.4891678988933563
5343,0.48954498767852783
17970,0.4865928590297699
67267,0.4946815073490143
2920,0.49375876784324646
69177,0.4881995618343353
78678,0.4850592017173767
624,0.4917079210281372
93344,0.4868205785751343
46833,0.4911421537399292
6484,0.4898874759674072
34094,0.4882669448852539
68673,0.48033708333969116
102049,0.48696261644363403
78665,0.48583123087882996
30774,0.49286454916000366
71388,0.4876132607460022
18098,0.4877169728279114
61249,0.4844245910644531
37708,0.4828560948371887
64796,0.49012747406959534
31522,0.4888094663619995
15285,0.4861842691898346
94412,0.4879150390625
59543,0.48613667488098145
3384,0.48671504855155945
37901,0.48189252614974976
4160,0.4957364797592163
92593,0.4822312891483307
36246,0.4863140881061554
95420,0.4868609309196472
100479,0.49245983362197876
79834,0.4825949966907501
50875,0.027917275205254555
87895,0.4913478493690491
30615,0.4887535274028778
59995,0.4885026216506958
96199,0.4883292615413666
13289,0.48389795422554016
29169,0.48825082182884216
36913,0.4882200062274933
25147,0.48839470744132996
61781,0.48984161019325256
22565,0.48888295888900757
7300,0.4845064580440521
24634,0.49144473671913147
79365,0.48446252942085266
16978,0.49195945262908936
29800,0.48962652683258057
41469,0.48726657032966614
77934,0.47258931398391724
69715,0.4932287633419037
2744,0.4879814386367798
18563,0.4883509874343872
96077,0.48714423179626465
23587,0.48737791180610657
10769,0.4882042109966278
75143,0.472619891166687
38952,0.48976388573646545
92487,0.485440731048584
92852,0.47533103823661804
33741,0.4874613881111145
33902,0.43415215611457825
8387,0.4865218698978424
47210,0.48628613352775574
46410,0.48634764552116394
100548,0.484504371881485
840,0.4882100224494934
16871,0.49116677045822144
69437,0.44474726915359497
80467,0.02550586313009262
39798,0.4844612777233124
1323,0.48416993021965027
106370,0.48668038845062256
41262,0.4887427091598511
12529,0.48554086685180664
44727,0.47424012422561646
52761,0.4847065508365631
25451,0.48516085743904114
73342,0.48845237493515015
51204,0.48798611760139465
50219,0.4894024133682251
19132,0.4861609935760498
49538,0.4868096709251404
53730,0.4892447590827942
83910,0.4894009232521057
29115,0.4859609305858612
41208,0.4884836673736572
45546,0.487408310174942
24811,0.4851783812046051
45037,0.48983341455459595
75843,0.4863901734352112
25941,0.48969143629074097
94261,0.48914045095443726
19173,0.49269920587539673
48509,0.4899052381515503
93072,0.4730147421360016
58237,0.48878225684165955
74013,0.4873427748680115
75227,0.49224135279655457
74340,0.4836738407611847
52427,0.485745370388031
76151,0.4899195432662964
47316,0.49106016755104065
55460,0.4915533661842346
97175,0.4824996590614319
38989,0.48893824219703674
10205,0.4913323223590851
82051,0.4900865852832794
35157,0.48328647017478943
3684,0.4856713116168976
62742,0.48730847239494324
74496,0.4879780411720276
75673,0.4903341829776764
15522,0.49302908778190613
13945,0.4894087016582489
1132,0.49222391843795776
35054,0.48514246940612793
21891,0.4894023537635803
28508,0.48110243678092957
99815,0.4895624816417694
22532,0.4908647835254669
58976,0.4898901879787445
16774,0.49308982491493225
98786,0.4889400899410248
46517,0.4864788055419922
17633,0.48828354477882385
11745,0.48803776502609253
84784,0.4887641370296478
71139,0.4883154034614563
104770,0.49248191714286804
89719,0.48668524622917175
5742,0.4871874153614044
37390,0.4868882894515991
45416,0.4828740060329437
30994,0.48349103331565857
104066,0.4893356263637543
13560,0.49110719561576843
94239,0.4895022511482239
39032,0.4874130189418793
95684,0.4901515245437622
64663,0.4918093979358673
42612,0.48470190167427063
69293,0.48848485946655273
100463,0.45502904057502747
104864,0.4873253405094147
79177,0.489862322807312
69146,0.4900321662425995
51569,0.48414796590805054
35303,0.4841691255569458
38169,0.4890364706516266
26110,0.4895980656147003
66133,0.4872182309627533
3140,0.48813092708587646
29193,0.4942414462566376
66040,0.49442988634109497
67577,0.4888889491558075
75311,0.4887774586677551
8345,0.49418705701828003
90116,0.4935181438922882
46161,0.4908647835254669
84368,0.4871702492237091
78423,0.4826944172382355
56887,0.4877796471118927
10505,0.49203360080718994
83449,0.48748835921287537
75064,0.487612247467041
45316,0.47515302896499634
81514,0.4882354736328125
17823,0.49033287167549133
45536,0.4897620975971222
81655,0.48857739567756653
6158,0.4915495812892914
3300,0.4900541603565216
81142,0.48899024724960327
18928,0.4883421063423157
61741,0.46773916482925415
81049,0.4908975064754486
45626,0.4925733506679535
64241,0.49208807945251465
25516,0.49390244483947754
72170,0.4858935475349426
100821,0.4822145998477936
100960,0.4770776927471161
104637,0.4856097996234894
80263,0.4902718961238861
40346,0.4804718494415283
51405,0.490068256855011
96165,0.49063676595687866
62043,0.49012574553489685
104120,0.48981785774230957
25968,0.4897126853466034
91802,0.48678675293922424
7133,0.4879135489463806
18262,0.48821115493774414
36397,0.4876476228237152
64608,0.48267662525177
45205,0.48901018500328064
25746,0.49039947986602783
2804,0.488910049200058
10138,0.4860214591026306
30962,0.48908090591430664
71016,0.48808753490448
8465,0.486763060092926
59750,0.4859654903411865
94078,0.4881725013256073
30547,0.48352134227752686
69169,0.4904143512248993
48894,0.48930054903030396
64141,0.4874891936779022
33295,0.4932865500450134
55670,0.48882678151130676
13345,0.4949658513069153
99022,0.4878772795200348
55163,0.49091607332229614
71695,0.48524898290634155
37627,0.4906213879585266
36532,0.4911736249923706
38401,0.4879598319530487
65083,0.48529481887817383
98493,0.4931527376174927
23491,0.48678192496299744
47409,0.48871731758117676
73059,0.4879964292049408
38282,0.4880158603191376
78331,0.4871422350406647
41343,0.4879986047744751
19089,0.48973122239112854
50730,0.48639005422592163
29709,0.4776817262172699
17481,0.48769956827163696
80830,0.48876696825027466
5293,0.4883348345756531
22072,0.4893438220024109
70083,0.490239679813385
82737,0.4879404604434967
84345,0.4882161617279053
58697,0.49084651470184326
39276,0.48659852147102356
39945,0.3291930854320526
33739,0.48247790336608887
3954,0.487411767244339
16658,0.48679131269454956
57750,0.48799416422843933
20077,0.4849833846092224
86803,0.46958068013191223
2956,0.48868903517723083
72623,0.4914608597755432
16102,0.48612093925476074
21732,0.4847871661186218
67154,0.48715847730636597
54507,0.4896518588066101
86594,0.4852430522441864
35692,0.4880800247192383
65734,0.47860634326934814
18208,0.4897924065589905
104960,0.4863470196723938
98614,0.4902814030647278
12300,0.48657819628715515
77125,0.2769400179386139
104456,0.4870452284812927
19143,0.4896952509880066
42960,0.48929885029792786
29258,0.49105408787727356
44894,0.48373493552207947
4672,0.4786893129348755
69189,0.48727279901504517
59597,0.48476657271385193
4210,0.49063992500305176
62642,0.4867342710494995
55902,0.4841919541358948
33596,0.4865994155406952
88952,0.4404359459877014
25537,0.4885914921760559
93630,0.4920802414417267
56945,0.4858950078487396
89831,0.48631832003593445
28455,0.475979208946228
101881,0.4863603413105011
99064,0.4904015064239502
2793,0.48929786682128906
59290,0.48591673374176025
6529,0.48999646306037903
102926,0.484663724899292
91793,0.4902098476886749
33522,0.4881080985069275
20955,0.4852522015571594
92720,0.48838362097740173
57316,0.48822832107543945
53863,0.4896892011165619
4669,0.48912128806114197
28736,0.4913386404514313
49200,0.4870040714740753
66982,0.3569737672805786
96637,0.48779571056365967
41900,0.4919939339160919
81511,0.488591730594635
88616,0.48513251543045044
9190,0.4904640018939972
34235,0.48136985301971436
27646,0.4873172640800476
39697,0.48945188522338867
58532,0.48500198125839233
28966,0.4883462190628052
35518,0.4890325367450714
103877,0.49004751443862915
30623,0.4864160716533661
86938,0.4872553050518036
65653,0.48508813977241516
88180,0.1777462661266327
62795,0.49125826358795166
4105,0.48772597312927246
78024,0.4904531240463257
32038,0.4857393503189087
53792,0.48951420187950134
55852,0.4895929992198944
57315,0.4861893951892853
9790,0.4906197190284729
17167,0.4900684654712677
3719,0.49087202548980713
75499,0.4870816469192505
47165,0.48726868629455566
73307,0.4868532419204712
41648,0.4851360023021698
69039,0.4850282371044159
105121,0.4860829710960388
43914,0.4880824089050293
71009,0.48788732290267944
95183,0.49227285385131836
30480,0.48841843008995056
53988,0.48767873644828796
79258,0.48947763442993164
90968,0.4870876669883728
42384,0.492249459028244
83707,0.48838305473327637
4101,0.4866068661212921
56912,0.4861881136894226
60741,0.4848058819770813
25120,0.487858384847641
10721,0.49149617552757263
56580,0.4873881936073303
101869,0.4883938729763031
445,0.49083536863327026
20685,0.48792240023612976
23309,0.48734161257743835
77783,0.4920397102832794
63074,0.4904237389564514
107081,0.48948827385902405
70761,0.4844748377799988
73498,0.4927559196949005
31250,0.48628687858581543
72200,0.4872448444366455
51071,0.4877088665962219
40842,0.486632376909256
54965,0.48418936133384705
42180,0.49046996235847473
57221,0.49248966574668884
45115,0.49111756682395935
87784,0.4927738904953003
83808,0.488373339176178
21793,0.4861478805541992
99415,0.48570629954338074
81686,0.4875541925430298
98808,0.4829972982406616
48005,0.4857708215713501
59693,0.4834398627281189
22613,0.48998087644577026
10661,0.48667123913764954
93545,0.48771020770072937
36781,0.48533350229263306
49972,0.49092262983322144
100683,0.4881610870361328
79955,0.4881238341331482
83111,0.44433993101119995
14099,0.48335880041122437
85792,0.48901087045669556
27385,0.4898355305194855
33173,0.4880070984363556
75895,0.48677679896354675
84183,0.4911171495914459
37174,0.4849364459514618
89403,0.48877400159835815
57812,0.48671799898147583
3185,0.486345499753952
39174,0.49188023805618286
69360,0.49131083488464355
22507,0.4891491234302521
81591,0.48703962564468384
102166,0.48656588792800903
34669,0.482042521238327
82246,0.4871836006641388
5417,0.4831366539001465
45202,0.49039897322654724
42806,0.4903120696544647
8407,0.4865524470806122
78372,0.48745253682136536
96394,0.49032261967658997
5368,0.4872564971446991
34576,0.48182180523872375
4612,0.4860268831253052
89532,0.48661455512046814
86314,0.48654693365097046
95227,0.4871952533721924
77002,0.4859832227230072
86850,0.49142181873321533
83431,0.4899336099624634
8573,0.4880826473236084
83053,0.48576095700263977
92077,0.4761618375778198
66619,0.4904954433441162
2864,0.29883357882499695
93017,0.4867723286151886
83756,0.48700225353240967
6958,0.482978880405426
106099,0.489502876996994
92752,0.4866003096103668
26016,0.4876570403575897
9794,0.48750123381614685
55053,0.47926992177963257
32697,0.4918779134750366
23931,0.4834826588630676
40261,0.48714524507522583
87744,0.4893241822719574
34747,0.4829326570034027
91828,0.4887596368789673
60789,0.49081921577453613
38808,0.2205086350440979
18662,0.4876948595046997
6236,0.4879165589809418
19728,0.4807344675064087
91822,0.4783998429775238
81110,0.492179274559021
47527,0.4874439537525177
90318,0.4851342737674713
44876,0.48818910121917725
71809,0.4887911379337311
13625,0.48136791586875916
43644,0.48893359303474426
83971,0.4886905550956726
82581,0.494278222322464
42259,0.4933706820011139
85536,0.4860629141330719
8810,0.49379563331604004
78459,0.4911801218986511
33500,0.48829856514930725
4257,0.4846493899822235
93240,0.48882484436035156
18763,0.492828369140625
11424,0.4843323826789856
12884,0.48795050382614136
59731,0.48888149857521057
22634,0.4901421368122101
62732,0.4852251410484314
82430,0.48806843161582947
97227,0.4830843508243561
5764,0.4873485565185547
50370,0.488753080368042
89427,0.486789733171463
8497,0.4876232445240021
26922,0.48448994755744934
40011,0.48843419551849365
22981,0.31319162249565125
10271,0.48434022068977356
37880,0.49104371666908264
83457,0.4855886399745941
29979,0.48881638050079346
22629,0.4876500070095062
90503,0.4872530996799469
15109,0.48830628395080566
86748,0.48915767669677734
17755,0.4895966947078705
93089,0.4880383312702179
4336,0.48558899760246277
54923,0.4863389730453491
20668,0.48468369245529175
102335,0.4853779077529907
79895,0.4885302782058716
88203,0.4852679669857025
57553,0.4889129400253296
61759,0.48396092653274536
40449,0.4881509244441986
37942,0.4913061261177063
52407,0.4916846454143524
97596,0.48777663707733154
15372,0.48831266164779663
71980,0.4861992597579956
8007,0.4864617586135864
5142,0.414748877286911
76923,0.4867912530899048
32475,0.4881528615951538
29178,0.4855007529258728
43300,0.4921601414680481
105217,0.4894278943538666
90316,0.48820024728775024
48026,0.49337345361709595
27332,0.4801243543624878
105230,0.4814174175262451
97829,0.48856937885284424
99198,0.480371356010437
53937,0.48688217997550964
44244,0.4658791124820709
95415,0.4855780303478241
83331,0.48240065574645996
83346,0.4877866804599762
82768,0.4884971082210541
34756,0.4872163236141205
26171,0.4869123101234436
50245,0.49299901723861694
42457,0.48973315954208374
50373,0.48896297812461853
28575,0.4912339746952057
91319,0.4930412769317627
68711,0.48396968841552734
25464,0.48992881178855896
101221,0.48621004819869995
12830,0.4866369664669037
88138,0.4882483184337616
72978,0.4915553331375122
103836,0.48614275455474854
66988,0.48497405648231506
85081,0.481008380651474
73508,0.48728135228157043
91178,0.48528575897216797
9724,0.48838767409324646
38974,0.48816195130348206
3592,0.492350697517395
61440,0.488650918006897
86583,0.487900048494339
106458,0.49172765016555786
13015,0.4864988923072815
21510,0.4863118529319763
48484,0.4909125864505768
104183,0.48686110973358154
71906,0.4895324110984802
59569,0.4840969443321228
60361,0.48752984404563904
2057,0.4891159236431122
17177,0.494210809469223
62283,0.4858969748020172
52036,0.4887396991252899
7523,0.48119351267814636
33337,0.48830708861351013
107091,0.4871691167354584
63922,0.48882919549942017
54527,0.4888862669467926
52444,0.4890648126602173
20137,0.49037718772888184
38681,0.49295011162757874
97847,0.4909101724624634
84840,0.4858018159866333
55970,0.48986464738845825
41342,0.4910839796066284
59140,0.4847550094127655
66421,0.48866134881973267
8148,0.4850800037384033
104694,0.4915928840637207
40263,0.4877300560474396
31403,0.48780393600463867
58366,0.49140894412994385
13510,0.4879456162452698
10521,0.4901410937309265
62092,0.49440813064575195
4466,0.49082744121551514
55710,0.4888642728328705
62393,0.4877169132232666
29986,0.4931625425815582
41376,0.48863863945007324
49512,0.485601007938385
74880,0.4819669723510742
100373,0.4909983277320862
88792,0.4879864454269409
102491,0.4924068748950958
42734,0.4847477972507477
51057,0.4873994290828705
83560,0.4937974810600281
48485,0.48576879501342773
52786,0.49134066700935364
20893,0.4876548647880554
30127,0.49435803294181824
107087,0.4931943118572235
76504,0.48399102687835693
41143,0.485800176858902
6901,0.48345792293548584
22673,0.487128883600235
60889,0.4804381728172302
105169,0.45428499579429626
95140,0.48863881826400757
63297,0.4780575633049011
106392,0.487116277217865
88395,0.4912600815296173
102557,0.41070231795310974
23934,0.49170854687690735
82077,0.4917035400867462
11249,0.4925599992275238
49965,0.48495611548423767
73811,0.48719027638435364
48603,0.47925543785095215
45876,0.48974859714508057
48268,0.49055153131484985
79541,0.490622341632843
58721,0.48317205905914307
16201,0.49182599782943726
97864,0.4880460798740387
89613,0.4836416244506836
42372,0.4860229194164276
38734,0.4907461106777191
37127,0.49265405535697937
54144,0.48760986328125
91637,0.48663660883903503
47504,0.4822932779788971
21559,0.4893939793109894
10931,0.4907263219356537
93217,0.49021247029304504
21914,0.48868224024772644
10161,0.4860629141330719
103111,0.4885217249393463
79662,0.48954030871391296
105156,0.48161599040031433
85806,0.49072039127349854
44614,0.4917599856853485
41219,0.4854133129119873
71606,0.4876250624656677
95894,0.48990803956985474
80629,0.48960310220718384
23741,0.48800405859947205
87653,0.4880882501602173
51403,0.48780399560928345
87417,0.455290824174881
100308,0.4529891908168793
35312,0.4859911799430847
25292,0.4891490042209625
74924,0.4897547662258148
32872,0.4910281002521515
30911,0.40720149874687195
101341,0.4878966510295868
104179,0.4870723783969879
63203,0.487528920173645
50326,0.48496443033218384
105499,0.485715389251709
10766,0.49025407433509827
1285,0.4918102025985718
51132,0.4806261658668518
6558,0.4871222674846649
37407,0.49169179797172546
37418,0.48767513036727905
27612,0.4865577518939972
54642,0.4872738718986511
66683,0.4882505238056183
11716,0.4870431423187256
55668,0.4872901737689972
105308,0.4927316904067993
17721,0.4858258366584778
15348,0.4879705607891083
84198,0.4870903789997101
87057,0.4878060817718506
43591,0.4876045286655426
82058,0.48758968710899353
103957,0.4863080084323883
71609,0.4884142279624939
71336,0.4845421016216278
3950,0.49194714426994324
95071,0.48820462822914124
7367,0.4786749482154846
67381,0.4890235960483551
94939,0.4866507351398468
27144,0.48844754695892334
65879,0.48753324151039124
28707,0.4914105534553528
103783,0.4839824140071869
1633,0.4913807213306427
3921,0.49098119139671326
59606,0.48528313636779785
56268,0.19001241028308868
52884,0.4898921847343445
534,0.48847100138664246
32921,0.4866686463356018
75744,0.4898495078086853
53067,0.4911298155784607
61464,0.4948596954345703
34755,0.48521047830581665
9339,0.4843069016933441
78018,0.4875720143318176
46704,0.4880390167236328
47227,0.48886165022850037
49061,0.48527976870536804
34870,0.4874939024448395
8242,0.4907192885875702
93720,0.4728248417377472
100551,0.49356111884117126
9180,0.4829550087451935
76741,0.4877760112285614
4263,0.48973986506462097
24905,0.48739132285118103
5098,0.4891362190246582
66297,0.491633802652359
40786,0.4913996160030365
84270,0.48342448472976685
47703,0.4903729557991028
98906,0.4866449236869812
51148,0.48660144209861755
81097,0.49339139461517334
7699,0.4875696301460266
25472,0.49255040287971497
25664,0.4881204664707184
64195,0.4880196452140808
78344,0.49493756890296936
97718,0.32388997077941895
37288,0.48747125267982483
3645,0.4860658049583435
48948,0.48684900999069214
72958,0.4912883937358856
16042,0.48818114399909973
71646,0.4852457344532013
85711,0.4879409074783325
100769,0.4895525276660919
65382,0.4880751371383667
73602,0.40540650486946106
4202,0.48800086975097656
22149,0.48770806193351746
40010,0.4893040359020233
27650,0.489522248506546
100452,0.4305630326271057
80137,0.49045759439468384
28510,0.48877644538879395
7165,0.48741385340690613
101807,0.4898349642753601
39464,0.4890362024307251
75805,0.4881837069988251
91920,0.4936782121658325
39745,0.4922255873680115
82288,0.4874321520328522
102738,0.4864811301231384
45685,0.4866328239440918
41576,0.4906008839607239
62792,0.4907376766204834
55996,0.48839834332466125
47448,0.4862785339355469
75224,0.4840712547302246
9998,0.48630401492118835
66460,0.4885362982749939
11277,0.48389706015586853
106840,0.4825606644153595
13405,0.48865458369255066
56969,0.4883253276348114
9838,0.49016961455345154
35955,0.4888933300971985
25532,0.4880463480949402
21441,0.48896151781082153
9503,0.4874725043773651
8880,0.49240756034851074
16314,0.49331897497177124
59726,0.49017226696014404
86100,0.48664775490760803
82970,0.48867449164390564
39111,0.48073849081993103
87080,0.4934391677379608
76817,0.4914677143096924
43078,0.48549917340278625
67620,0.49085742235183716
24319,0.4902827739715576
79643,0.4897017180919647
73709,0.4880336821079254
95459,0.48875752091407776
96430,0.4912031292915344
16801,0.49032077193260193
46047,0.46785226464271545
55978,0.48750048875808716
27843,0.48600468039512634
34122,0.48796316981315613
43576,0.486684113740921
83429,0.48799440264701843
1778,0.4862779676914215
67745,0.48524078726768494
21855,0.48232877254486084
61740,0.49152854084968567
103793,0.48814165592193604
15920,0.4880867302417755
67490,0.4896022081375122
15756,0.4832957088947296
916,0.4873208701610565
69333,0.4862758219242096
157,0.4895702004432678
56053,0.4862477481365204
96323,0.48721665143966675
35005,0.48446759581565857
12926,0.4890897274017334
42523,0.49187925457954407
78491,0.4871003329753876
36954,0.48972904682159424
20095,0.4877912700176239
27457,0.46583327651023865
37067,0.4896039664745331
98125,0.48706966638565063
98454,0.49370530247688293
1655,0.20685046911239624
53739,0.48763763904571533
37825,0.4881172776222229
77336,0.4386730194091797
84582,0.4865376651287079
67061,0.48712605237960815
3584,0.49292925000190735
90723,0.4859754145145416
65421,0.48633548617362976
84127,0.484110027551651
75622,0.47104209661483765
42404,0.48867279291152954
79522,0.48754796385765076
72976,0.49368613958358765
14077,0.4884940981864929
93324,0.48948898911476135
62303,0.4924643337726593
74728,0.4862992763519287
73053,0.4881857931613922
18672,0.4912601411342621
107162,0.4879210591316223
68611,0.4866895377635956
97984,0.4916270077228546
64440,0.49109920859336853
106360,0.4914131462574005
12252,0.48721936345100403
68088,0.48735806345939636
59223,0.4884236752986908
7341,0.4884489178657532
52311,0.49145084619522095
92580,0.48569053411483765
15850,0.48940253257751465
47112,0.48911482095718384
17840,0.4881570637226105
63433,0.4830736219882965
30976,0.48845210671424866
59214,0.48779037594795227
11767,0.48879125714302063
2569,0.48184171319007874
34246,0.4836328625679016
68725,0.48556578159332275
38118,0.4924689531326294
28619,0.4904531240463257
28721,0.484380841255188
56811,0.4893600344657898
32609,0.48723798990249634
98733,0.490270733833313
60450,0.4927029013633728
42416,0.48773959279060364
63694,0.48431456089019775
70553,0.48337942361831665
22850,0.4836996793746948
48756,0.4921571612358093
57246,0.48440229892730713
104854,0.4863779842853546
100932,0.49375492334365845
1125,0.4881851375102997
39762,0.49338391423225403
52919,0.4917215406894684
29817,0.4848287105560303
101696,0.48882028460502625
5808,0.48822155594825745
67597,0.4933859407901764
104055,0.4865226447582245
46600,0.4867708683013916
97440,0.48591065406799316
58768,0.48968788981437683
35074,0.4877374470233917
99450,0.4916440546512604
68486,0.48757606744766235
33665,0.4913506805896759
52918,0.490818589925766
90284,0.4805978834629059
101159,0.48643913865089417
135,0.49508222937583923
38045,0.4894621670246124
56648,0.4880030155181885
36159,0.48791810870170593
64225,0.4847872257232666
92833,0.483291357755661
4591,0.49013084173202515
33095,0.4887624680995941
83857,0.48740917444229126
103262,0.48935040831565857
96494,0.48994848132133484
28081,0.48661842942237854
56014,0.4861220717430115
68780,0.4904564321041107
61532,0.488675981760025
72605,0.4878905713558197
69316,0.4909726679325104
93904,0.4853517413139343
2934,0.4927057921886444
1878,0.48957163095474243
85705,0.4798015356063843
91577,0.48781538009643555
7250,0.4877312183380127
48804,0.48713889718055725
95013,0.49129074811935425
50457,0.4876819849014282
46414,0.4835801124572754
3284,0.4878688454627991
71376,0.49064478278160095
44493,0.48810485005378723
81588,0.4814562201499939
8994,0.49186766147613525
17124,0.3164951503276825
55422,0.48746156692504883
11562,0.48635345697402954
12086,0.49104028940200806
80526,0.488349050283432
40115,0.48832961916923523
102586,0.4828224778175354
53343,0.4858836233615875
70382,0.48117595911026
22615,0.48766496777534485
42924,0.4893140494823456
86601,0.4838722050189972
40393,0.4907775819301605
102281,0.48308563232421875
44481,0.48797282576560974
101276,0.485232949256897
23296,0.4868096113204956
17649,0.4855441749095917
67509,0.492895245552063
32363,0.48843616247177124
89440,0.47040441632270813
91099,0.4882548451423645
80637,0.48360559344291687
85526,0.4883871376514435
82456,0.48903241753578186
84242,0.4888806939125061
16361,0.49372273683547974
102119,0.48294132947921753
68479,0.4852844774723053
67209,0.4931729733943939
18542,0.4864790737628937
92854,0.489431768655777
93243,0.48812931776046753
91451,0.4849899411201477
5295,0.487275630235672
60797,0.4877128303050995
38001,0.49211546778678894
94119,0.48637381196022034
57684,0.4863576889038086
73427,0.48107418417930603
65312,0.4870419502258301
79589,0.4886471629142761
56257,0.4893585741519928
103145,0.4883725941181183
56980,0.4849315583705902
15829,0.4922354817390442
6905,0.48580169677734375
57594,0.4860024154186249
63118,0.49036818742752075
10383,0.49279263615608215
50890,0.4866788685321808
73451,0.4906340539455414
75946,0.48836463689804077
15132,0.49266576766967773
10636,0.4891964793205261
70920,0.4896396994590759
29213,0.48838725686073303
92386,0.4896963834762573
76339,0.4878586232662201
76246,0.484596848487854
99785,0.48749810457229614
89465,0.48917797207832336
55918,0.4937937557697296
45899,0.4920663833618164
39400,0.48700642585754395
17310,0.49001798033714294
31284,0.4879622459411621
55262,0.48721033334732056
40292,0.4843020737171173
10063,0.48212552070617676
96989,0.48943930864334106
69908,0.4875606596469879
27525,0.4862785339355469
23382,0.49094533920288086
22213,0.4875023066997528
75722,0.4912319481372833
100231,0.4884355962276459
43606,0.4880131185054779
697,0.4931420087814331
18823,0.48692309856414795
94353,0.48854687809944153
14417,0.488575279712677
87023,0.493294894695282
20149,0.4777068495750427
42557,0.4871579110622406
68970,0.4912859797477722
63926,0.4906019866466522
88152,0.48854860663414
12998,0.4893916845321655
57911,0.48499369621276855
94631,0.45593273639678955
14833,0.4884253740310669
69160,0.488406777381897
26277,0.4869251251220703
10398,0.49405258893966675
106582,0.4895274043083191
51161,0.48775535821914673
11660,0.48088014125823975
84105,0.4878291189670563
44266,0.48971623182296753
20714,0.48677870631217957
40284,0.4880734384059906
29765,0.4900655150413513
21739,0.48402246832847595
57896,0.4876309633255005
98889,0.49164891242980957
21034,0.4867311120033264
93075,0.4873364567756653
39388,0.48840802907943726
34445,0.4889765679836273
89148,0.47143495082855225
100822,0.4923449754714966
87616,0.4803718626499176
43267,0.4844242334365845
77726,0.4700871407985687
74819,0.48801955580711365
34091,0.48842713236808777
36160,0.492725133895874
16567,0.4919036328792572
36427,0.48475244641304016
89343,0.486807644367218
5236,0.4820106029510498
19656,0.48725730180740356
17120,0.4873073399066925
78119,0.48787903785705566
67326,0.49039119482040405
56988,0.48322999477386475
42774,0.4863547682762146
4252,0.49146386981010437
45036,0.48800063133239746
93503,0.490022212266922
36503,0.49292710423469543
6668,0.4938914477825165
56927,0.47374454140663147
91031,0.4812009036540985
38040,0.48793065547943115
8788,0.4828891158103943
44341,0.48795101046562195
30446,0.4903167188167572
22399,0.48774272203445435
19626,0.48835116624832153
57714,0.49326634407043457
106679,0.488670289516449
101317,0.4882865250110626
11638,0.4882170557975769
80259,0.485857754945755
43094,0.4871179759502411
97482,0.48724472522735596
97261,0.49149641394615173
56527,0.4881073534488678
66716,0.48427411913871765
75174,0.4719669222831726
80517,0.48163720965385437
96147,0.4913552701473236
73544,0.48753267526626587
101381,0.48518994450569153
5786,0.48740917444229126
11843,0.4901372492313385
13605,0.4899488389492035
15923,0.49199122190475464
78457,0.4879646301269531
89640,0.4897274374961853
61076,0.48836326599121094
65399,0.4928472340106964
21070,0.48901093006134033
13288,0.4883790612220764
92767,0.4868171811103821
88463,0.4826625883579254
5771,0.4800117313861847
52482,0.48729047179222107
52211,0.48682814836502075
35699,0.48582151532173157
82819,0.4879847466945648
58323,0.493785560131073
79455,0.4912862777709961
101021,0.4884122908115387
101900,0.4898599088191986
100855,0.4843970537185669
48913,0.4828508198261261
8422,0.4884626865386963
21591,0.48728787899017334
68410,0.4914146363735199
82562,0.4870154857635498
20162,0.48939386010169983
35733,0.4832172095775604
83896,0.4894690215587616
79445,0.4729437530040741
87804,0.4846228361129761
17189,0.48565229773521423
23028,0.48210522532463074
14654,0.4932760000228882
43912,0.48419713973999023
105665,0.47064462304115295
81324,0.4854000508785248
37554,0.48569953441619873
65714,0.4842512011528015
80642,0.48614415526390076
24924,0.39665892720222473
104113,0.48817625641822815
97902,0.4886035621166229
32324,0.48682183027267456
46628,0.4883282482624054
22477,0.48783332109451294
26253,0.4850815236568451
59764,0.48609885573387146
74929,0.48604387044906616
62838,0.4873116910457611
41245,0.4910596013069153
106914,0.4887707531452179
38662,0.48712339997291565
83189,0.48806628584861755
77736,0.48765894770622253
60421,0.4878770709037781
12258,0.4902517795562744
47169,0.4890640079975128
56070,0.4877946078777313
99194,0.4877792000770569
104296,0.48978176712989807
90967,0.4845206141471863
50117,0.48789504170417786
4203,0.4857732355594635
44757,0.48620039224624634
78023,0.48107627034187317
100320,0.48780789971351624
40426,0.4875614643096924
40344,0.4813910126686096
20063,0.48749491572380066
94130,0.48463594913482666
34724,0.48700350522994995
100774,0.48697173595428467
2965,0.4886435270309448
71324,0.4908294975757599
46590,0.48793846368789673
17034,0.48678746819496155
14757,0.48624491691589355
72404,0.47961148619651794
26576,0.48764756321907043
17312,0.48700156807899475
95378,0.48869967460632324
77843,0.49114125967025757
88236,0.48942822217941284
15364,0.48891544342041016
104748,0.4875637888908386
20900,0.4888751804828644
93581,0.4847201704978943
71,0.4496985375881195
80931,0.4855935871601105
40609,0.4863782227039337
93206,0.48762935400009155
94585,0.4894897937774658
41345,0.49011313915252686
93711,0.4916256368160248
3892,0.4884381592273712
29616,0.4915478527545929
39536,0.4879285395145416
9635,0.4866907298564911
26716,0.4878774583339691
96815,0.49109214544296265
37465,0.18184316158294678
64776,0.48905593156814575
55191,0.48950082063674927
49384,0.4871327877044678
98150,0.48581406474113464
5983,0.48498913645744324
55979,0.4871509075164795
54609,0.48862406611442566
32907,0.2315126210451126
90159,0.48242196440696716
81811,0.4868021607398987
7903,0.48905181884765625
82655,0.48896172642707825
28323,0.4892297387123108
100157,0.4854537546634674
14820,0.4870033860206604
68270,0.48713597655296326
29311,0.48401346802711487
24196,0.48930519819259644
38767,0.48825615644454956
5309,0.48809003829956055
24604,0.4893287718296051
15359,0.4851238429546356
25016,0.4908970594406128
34009,0.4938529431819916
59027,0.463910311460495
31696,0.4884354770183563
69253,0.4862210750579834
74784,0.482455313205719
77584,0.4893415570259094
16787,0.42657649517059326
42800,0.4877091944217682
86632,0.3321421444416046
3360,0.48877665400505066
74757,0.4732256531715393
105540,0.4837745428085327
59718,0.4936612546443939
1718,0.4911174476146698
31278,0.4919353723526001
21179,0.4889852702617645
90986,0.4827931821346283
47055,0.4870924651622772
100970,0.48919206857681274
88689,0.48906031250953674
25021,0.48580339550971985
42462,0.4882693588733673
47329,0.4863726496696472
5460,0.487335205078125
21478,0.4890674352645874
21844,0.49241676926612854
77282,0.4874345362186432
66671,0.4292633533477783
56501,0.4831291437149048
60408,0.4933844804763794
37442,0.490220844745636
65504,0.4835573732852936
94680,0.48688286542892456
25638,0.4883061945438385
26857,0.48862746357917786
30161,0.48874568939208984
19249,0.48988890647888184
19272,0.4831719994544983
101223,0.48973023891448975
25996,0.48179927468299866
74216,0.4870574474334717
7180,0.4846828579902649
68770,0.4918332099914551
6169,0.48658841848373413
78728,0.4886211156845093
8912,0.47828978300094604
44692,0.4865192770957947
5796,0.4882897436618805
96444,0.4867916703224182
22025,0.48983290791511536
67542,0.485819935798645
39829,0.4488668143749237
63480,0.48667359352111816
24746,0.4883762300014496
8869,0.4931831955909729
28270,0.48888036608695984
17620,0.4895809292793274
63764,0.4900425970554352
63645,0.4890773594379425
94642,0.4845518469810486
76334,0.4869593381881714
75870,0.48800167441368103
34423,0.48676082491874695
39206,0.4877769649028778
52695,0.48589736223220825
44667,0.4869357645511627
93087,0.48938825726509094
82078,0.49067947268486023
38856,0.485416054725647
44589,0.49076759815216064
54968,0.4875209927558899
53493,0.45062461495399475
94457,0.4890623688697815
20758,0.48918265104293823
76530,0.07247019559144974
97913,0.4852840304374695
107013,0.4879685044288635
82356,0.487527459859848
21399,0.487552672624588
58494,0.4850275218486786
37976,0.4889407157897949
61479,0.488403856754303
2431,0.4869397282600403
62209,0.4885706603527069
15426,0.48849475383758545
94139,0.4912263751029968
13017,0.48850035667419434
82215,0.49121060967445374
56462,0.487685889005661
33241,0.490988552570343
47577,0.4925360381603241
82529,0.491625040769577
51906,0.49090659618377686
90797,0.48867449164390564
98464,0.48362961411476135
38836,0.4924914538860321
82556,0.4875893294811249
54209,0.48688337206840515
71204,0.4346429109573364
89986,0.4114474952220917
9441,0.1023893728852272
2382,0.49275124073028564
97624,0.48937466740608215
64522,0.017801571637392044
62720,0.4876701831817627
63260,0.49043717980384827
46366,0.4920278787612915
20018,0.48929235339164734
95759,0.4911261796951294
41475,0.48910805583000183
22357,0.48861461877822876
27428,0.4902799725532532
27990,0.48794499039649963
54772,0.49693018198013306
24712,0.48396623134613037
7205,0.48856931924819946
12194,0.48850375413894653
100588,0.4893288314342499
66999,0.4911644756793976
47513,0.48859140276908875
103881,0.40240979194641113
92995,0.4897167980670929
63769,0.47796446084976196
36527,0.4834643304347992
93808,0.4875313639640808
13250,0.48659050464630127
74570,0.4877079427242279
76458,0.4899475872516632
79467,0.4877679646015167
60931,0.48812466859817505
28392,0.4881956875324249
2066,0.4866153299808502
82596,0.4890301525592804
92902,0.48712384700775146
79623,0.49082744121551514
76197,0.4865143597126007
62060,0.48909446597099304
19675,0.4810044467449188
85056,0.4858017563819885
76790,0.4899403750896454
89036,0.4908750057220459
105060,0.47782397270202637
87598,0.4894097149372101
8811,0.48864245414733887
65186,0.48808836936950684
96504,0.4892193078994751
51370,0.4885522425174713
20954,0.48813536763191223
14384,0.47720661759376526
75075,0.49297967553138733
105486,0.4927643835544586
58219,0.4884670078754425
90856,0.4933815896511078
38246,0.4743116796016693
13794,0.4878702461719513
45460,0.4922017455101013
38350,0.4901338815689087
51286,0.48711299896240234
69129,0.4879971742630005
62307,0.48553571105003357
25937,0.48789578676223755
96685,0.4895051121711731
88296,0.48973384499549866
23100,0.48851338028907776
63373,0.47834402322769165
30548,0.4905320405960083
57481,0.29047533869743347
75015,0.48996028304100037
28009,0.4888193905353546
65271,0.4892229437828064
30923,0.4900680184364319
38234,0.4883441627025604
98658,0.4914824664592743
36138,0.49037158489227295
71234,0.4860250651836395
36834,0.48974061012268066
18327,0.48846182227134705
73897,0.4847364127635956
98523,0.4895320236682892
44093,0.4875171482563019
78230,0.4876214861869812
29537,0.49000242352485657
96994,0.49003365635871887
61463,0.4888347089290619
47503,0.49306344985961914
84628,0.4844154715538025
33697,0.48787903785705566
7664,0.4854746162891388
102577,0.486452579498291
57598,0.48711588978767395
101337,0.49201685190200806
44242,0.4878152012825012
40509,0.48681849241256714
106230,0.48543208837509155
94979,0.48781707882881165
39277,0.482389897108078
1103,0.48853799700737
52694,0.4873417615890503
98301,0.49218782782554626
45047,0.4892592430114746
92421,0.49009665846824646
63527,0.4895545244216919
99354,0.49272581934928894
24653,0.4883776605129242
3650,0.49095866084098816
92368,0.47227925062179565
31691,0.4898540675640106
99264,0.4925086796283722
70625,0.4902830719947815
59442,0.4882666766643524
36904,0.4905247986316681
76594,0.49007248878479004
51094,0.489296555519104
54796,0.48785749077796936
16359,0.48668286204338074
43475,0.4898834824562073
14904,0.48684725165367126
18225,0.49213677644729614
21746,0.4870412051677704
91365,0.4888666868209839
49509,0.4902030825614929
6862,0.4893490970134735
32973,0.48960235714912415
31736,0.48657694458961487
70198,0.48940834403038025
96185,0.4855552613735199
68163,0.48599544167518616
62480,0.491278737783432
9796,0.4603656530380249
58856,0.4884564280509949
98594,0.48035794496536255
48215,0.4741571545600891
41876,0.49686336517333984
55372,0.48759862780570984
53819,0.4852482080459595
40964,0.488630086183548
39785,0.4851070046424866
84252,0.4877331256866455
24881,0.48440051078796387
59551,0.4914133548736572
94934,0.48640432953834534
73316,0.4820369780063629
38688,0.49119138717651367
84428,0.4893648326396942
24959,0.48618635535240173
52262,0.4827408492565155
7973,0.4895884096622467
4535,0.4904172122478485
57248,0.4880734980106354
51268,0.4916609525680542
35606,0.4863750636577606
24109,0.4905993938446045
38380,0.4871070086956024
21466,0.4878979027271271
46404,0.48803988099098206
7629,0.4849228262901306
104026,0.4896979331970215
98556,0.4877031743526459
13492,0.48303455114364624
70499,0.4878990352153778
19664,0.49160897731781006
17732,0.4892891049385071
57639,0.488396018743515
23925,0.49068835377693176
67036,0.4872899651527405
63907,0.4834086000919342
47528,0.4915218651294708
56591,0.4875928461551666
90598,0.4879394471645355
23272,0.487588107585907
105984,0.4577277600765228
39878,0.49219533801078796
90430,0.48951414227485657
25496,0.48740196228027344
54257,0.48147666454315186
73962,0.4669255018234253
55229,0.4920997619628906
92703,0.4907952845096588
88087,0.4873593747615814
66877,0.48618438839912415
40634,0.4805670380592346
44284,0.4872836768627167
60860,0.49018359184265137
51419,0.49724826216697693
7202,0.48792245984077454
31373,0.49242478609085083
19159,0.48580461740493774
56830,0.4885334074497223
4651,0.48487332463264465
32591,0.48765140771865845
66858,0.49405354261398315
104887,0.48434871435165405
21724,0.49267929792404175
2300,0.48847678303718567
87101,0.4902147650718689
63342,0.46640846133232117
60131,0.4880329966545105
41712,0.48818767070770264
67422,0.4871208071708679
41436,0.4887268841266632
96764,0.4828888475894928
22425,0.487113893032074
14074,0.4914073348045349
40157,0.48874431848526
79972,0.4866912364959717
73049,0.48497310280799866
21087,0.48973122239112854
15123,0.4791199266910553
62453,0.4850420355796814
11463,0.48425835371017456
20470,0.4884137511253357
14846,0.3436626195907593
84401,0.4897635877132416
55485,0.48843809962272644
58853,0.4860500693321228
76432,0.48868292570114136
11042,0.4891302287578583
21945,0.48987752199172974
66300,0.47493940591812134
99439,0.4847460389137268
103587,0.49182000756263733
25155,0.4851965010166168
55318,0.48916736245155334
552,0.4882012605667114
13676,0.4919012188911438
8550,0.4894256591796875
69830,0.4856124818325043
17051,0.4836919605731964
67049,0.4874935746192932
17302,0.4919453561306
60304,0.4908163547515869
37252,0.48732689023017883
68955,0.48738208413124084
22759,0.4869847297668457
101744,0.4896448850631714
88006,0.4852841794490814
84681,0.49251407384872437
40573,0.49424248933792114
38144,0.4909636080265045
99086,0.4887179434299469
62729,0.4943685233592987
43599,0.4870924651622772
43628,0.4892382323741913
4299,0.491629034280777
57146,0.4860118329524994
104464,0.48659732937812805
17001,0.49103647470474243
50131,0.4912000298500061
20091,0.49161696434020996
40732,0.48943406343460083
52880,0.4883975684642792
60414,0.4916074275970459
104612,0.4873371720314026
46476,0.4869999885559082
100335,0.4898127615451813
66799,0.4851296544075012
56503,0.4899134039878845
31616,0.4894694685935974
10889,0.49413198232650757
88749,0.48644641041755676
8157,0.48513439297676086
51234,0.4898633360862732
452,0.4876704216003418
102601,0.48893311619758606
58299,0.4754643440246582
71493,0.48739296197891235
28453,0.48739272356033325
86185,0.4913068115711212
77641,0.48874932527542114
83232,0.4897819459438324
6003,0.48614755272865295
30076,0.48545628786087036
100000,0.4854193925857544
65002,0.48562610149383545
105207,0.48768889904022217
36824,0.4877878725528717
1634,0.48230114579200745
105978,0.4867519438266754
60831,0.49105730652809143
31530,0.48041781783103943
8745,0.48738333582878113
52151,0.4891890585422516
23481,0.49105700850486755
100706,0.48943713307380676
31785,0.49080008268356323
73638,0.492623507976532
30514,0.49204039573669434
95942,0.48779451847076416
101397,0.4874969720840454
29352,0.4880744516849518
78898,0.4883608818054199
72271,0.4924094080924988
21124,0.4900583326816559
73922,0.489603728055954
17687,0.4871315658092499
20103,0.48967245221138
42805,0.49002623558044434
70994,0.49144378304481506
35768,0.4924459457397461
94034,0.48986607789993286
22971,0.4850085973739624
72373,0.4878316819667816
105008,0.4885314702987671
64388,0.4843771457672119
27709,0.4872763752937317
63655,0.48839715123176575
62981,0.4816640019416809
57133,0.4907621443271637
80257,0.4783268868923187
52226,0.48916223645210266
30023,0.4902617633342743
60731,0.48892879486083984
105408,0.4813646972179413
37988,0.492640882730484
12743,0.45554283261299133
104293,0.48809343576431274
86318,0.15318308770656586
13853,0.48817795515060425
71228,0.4895796775817871
61309,0.48747774958610535
2561,0.48947975039482117
88497,0.4884348511695862
47812,0.49103981256484985
49097,0.4669487774372101
56769,0.4916641116142273
1636,0.487251877784729
43807,0.4856252074241638
71529,0.4867965281009674
17792,0.4801919758319855
29051,0.480369508266449
16886,0.48558908700942993
93546,0.4876863360404968
100085,0.4877977967262268
57120,0.48891061544418335
9226,0.4903380274772644
40121,0.4874134659767151
39123,0.48619723320007324
5065,0.48851364850997925
39749,0.4849559962749481
44240,0.4947742223739624
15753,0.4947890043258667
102695,0.4811217486858368
96922,0.48314332962036133
84376,0.4904228448867798
6971,0.4913773834705353
69532,0.49279773235321045
21552,0.4901309609413147
96626,0.4876445531845093
68507,0.489677369594574
91522,0.48614561557769775
58877,0.48894891142845154
12209,0.48901909589767456
14153,0.49378567934036255
87985,0.47384098172187805
12308,0.48969200253486633
80234,0.49124041199684143
89301,0.4901638329029083
31424,0.4849900007247925
75706,0.49161744117736816
17126,0.47700250148773193
48742,0.49607232213020325
91497,0.4889526069164276
68297,0.47756534814834595
95310,0.4435262382030487
26060,0.06059381738305092
70451,0.49029654264450073
798,0.49325940012931824
93850,0.4865596294403076
25018,0.4873858392238617
22400,0.4928528070449829
22174,0.48544377088546753
13391,0.49263080954551697
54791,0.4770250618457794
2642,0.4825460612773895
67213,0.48493582010269165
27889,0.47996971011161804
87372,0.486409068107605
100776,0.4769090414047241
39723,0.4879836142063141
103809,0.49001774191856384
51725,0.4869527220726013
67129,0.48741641640663147
87060,0.48935776948928833
96530,0.48681607842445374
40302,0.49420931935310364
24038,0.4809136688709259
34258,0.48824360966682434
106629,0.482051283121109
15543,0.48605290055274963
87383,0.4883210062980652
1015,0.48043474555015564
97485,0.489792138338089
67644,0.4876026213169098
66203,0.49120867252349854
84154,0.48848578333854675
24414,0.025563716888427734
56141,0.48792287707328796
75383,0.48045656085014343
53768,0.4873570501804352
28929,0.48800042271614075
23852,0.48746931552886963
1297,0.4902738928794861
73347,0.4883854389190674
52950,0.48658111691474915
10811,0.4874241054058075
58896,0.49282726645469666
68070,0.494972288608551
64562,0.48299360275268555
102229,0.4902040958404541
100812,0.48172029852867126
49250,0.4686736464500427
13035,0.4832248091697693
45861,0.4918663799762726
43825,0.49021315574645996
79567,0.48878684639930725
21486,0.4818556606769562
3324,0.48716437816619873
107164,0.49091124534606934
26780,0.4868360161781311
77676,0.4873679280281067
56804,0.4893611967563629
77658,0.48773637413978577
73143,0.488722562789917
96275,0.4870900809764862
41414,0.4876177906990051
48807,0.49320220947265625
69427,0.4795568585395813
139,0.4868999421596527
37206,0.4897172749042511
30436,0.49359363317489624
17017,0.48693519830703735
23718,0.48126235604286194
55378,0.48937004804611206
4892,0.014373031444847584
16589,0.4881410300731659
18204,0.48348936438560486
8205,0.4885242283344269
56744,0.48972514271736145
8053,0.4880194365978241
85850,0.48606202006340027
17765,0.49308207631111145
65323,0.49187740683555603
38352,0.4905005395412445
22841,0.48309385776519775
79699,0.4903196394443512
14831,0.4878721237182617
28240,0.4868839979171753
12536,0.4893626868724823
44152,0.48984527587890625
66864,0.4913138449192047
49004,0.48945677280426025
105381,0.4952165484428406
85548,0.4921186864376068
36613,0.4918593466281891
86481,0.48696109652519226
10075,0.48768582940101624
54197,0.48926204442977905
70970,0.49181699752807617
55435,0.31822672486305237
83324,0.48846182227134705
66816,0.4893519878387451
48267,0.4884735345840454
36636,0.48963984847068787
72138,0.4890196621417999
57278,0.49087849259376526
71659,0.49069124460220337
102210,0.48642289638519287
39170,0.4891689717769623
10423,0.4860125780105591
1630,0.491033136844635
52409,0.4886106252670288
74633,0.4889126121997833
23859,0.4874734580516815
94716,0.4875182807445526
70644,0.48784708976745605
74105,0.48506829142570496
106755,0.48558977246284485
42476,0.4876890778541565
27598,0.4875108003616333
38586,0.4877520799636841
45556,0.49043142795562744
62264,0.48943451046943665
10318,0.4899296164512634
78770,0.49139633774757385
80509,0.48682719469070435
58271,0.4877435564994812
74134,0.48814454674720764
99903,0.4874080419540405
82988,0.4866544008255005
95205,0.4884597361087799
95741,0.4873335063457489
80661,0.48760735988616943
94682,0.4884399175643921
56607,0.4879854917526245
92900,0.4926397204399109
96137,0.49030473828315735
94344,0.4873640835285187
27722,0.49246758222579956
80310,0.48145365715026855
922,0.4917334020137787
25571,0.48911237716674805
58516,0.49177712202072144
106511,0.4913201630115509
52788,0.48848605155944824
105406,0.4934859573841095
88057,0.4912572205066681
29097,0.4866071045398712
34909,0.48667529225349426
75042,0.4874871075153351
11886,0.4866609573364258
89965,0.4884290099143982
48375,0.49180471897125244
96484,0.4876781105995178
70676,0.48812365531921387
83287,0.4931461811065674
102033,0.4894615411758423
1765,0.49625223875045776
96066,0.49141475558280945
89316,0.48314905166625977
626,0.4904956817626953
60314,0.4872888922691345
85348,0.48801881074905396
29251,0.48749130964279175
48886,0.4471306800842285
57687,0.4852074384689331
31118,0.48657965660095215
28689,0.48305001854896545
92961,0.4884403944015503
16310,0.4827249050140381
44436,0.48721495270729065
70378,0.48777782917022705
39568,0.48550280928611755
27441,0.4909961223602295
28939,0.48829367756843567
43110,0.4877321124076843
9082,0.4858386218547821
104837,0.4853312075138092
75890,0.4902200400829315
3688,0.4877014756202698
53825,0.48574554920196533
62324,0.49056145548820496
103507,0.48050564527511597
106541,0.4826335906982422
97431,0.4872869551181793
93525,0.4869050085544586
55075,0.48522821068763733
98795,0.4903066158294678
71928,0.48980453610420227
58959,0.487183153629303
68242,0.48899969458580017
94908,0.4869018495082855
3244,0.488241046667099
103068,0.48695239424705505
2925,0.48725855350494385
34196,0.4895157814025879
91161,0.4830169677734375
94596,0.49232062697410583
78960,0.49220138788223267
55380,0.4879506826400757
33881,0.4873465895652771
71565,0.49133214354515076
11832,0.4819546639919281
85390,0.48855826258659363
50684,0.4880122244358063
99934,0.4913381338119507
77377,0.4882250130176544
76935,0.48648935556411743
104175,0.48637473583221436
12528,0.4898674488067627
75265,0.4905518889427185
95712,0.49000686407089233
65433,0.4738065302371979
10431,0.4915972650051117
51297,0.4900391697883606
90393,0.48738378286361694
487,0.4854786992073059
104511,0.4848826825618744
89320,0.4921168386936188
46443,0.4818059504032135
93423,0.4891650974750519
38846,0.48927396535873413
44979,0.48704829812049866
73142,0.4904172122478485
69730,0.48633548617362976
6899,0.48847144842147827
78210,0.4813454747200012
69950,0.48950761556625366
45936,0.4843382239341736
105329,0.4917285740375519
106726,0.48773109912872314
69820,0.48782917857170105
87051,0.4885253310203552
7554,0.4878847301006317
88367,0.49137282371520996
36258,0.49242526292800903
24848,0.4886319637298584
25340,0.48561716079711914
76019,0.48801472783088684
49687,0.4924817979335785
103964,0.488598108291626
24116,0.49274811148643494
89840,0.48879557847976685
55265,0.487648069858551
21513,0.47396329045295715
14011,0.4902588725090027
74797,0.4879796802997589
106509,0.4919704496860504
31239,0.4907589852809906
77948,0.4930344223976135
31083,0.485975056886673
71017,0.4876309037208557
58123,0.48809292912483215
86986,0.48790687322616577
90834,0.48976388573646545
28049,0.49432846903800964
23547,0.4940184950828552
101750,0.023140111938118935
79995,0.48899388313293457
69207,0.48600783944129944
30465,0.48844560980796814
60786,0.4924437403678894
84190,0.48340699076652527
14807,0.48841598629951477
90045,0.48801732063293457
38429,0.48641228675842285
14622,0.4867056906223297
44434,0.4868132472038269
64333,0.48930907249450684
95306,0.4914712905883789
26137,0.4904410243034363
76680,0.4917510449886322
27861,0.485495001077652
76113,0.4834980368614197
99383,0.487398624420166
67210,0.4893600344657898
106836,0.4891071319580078
83887,0.48764553666114807
92123,0.4866521954536438
12806,0.4823358654975891
49958,0.4885903596878052
41165,0.49133071303367615
102918,0.4866982400417328
59475,0.4894880950450897
55272,0.4927177131175995
45885,0.48851776123046875
8720,0.4874034821987152
22847,0.4889730215072632
18951,0.4864679276943207
76600,0.4876287877559662
70407,0.48748043179512024
80197,0.4857526421546936
89087,0.4890683591365814
38945,0.48973309993743896
48070,0.4870230555534363
80022,0.48941805958747864
101121,0.4868890345096588
50475,0.48734623193740845
20313,0.49051597714424133
103960,0.49381253123283386
98087,0.4876287877559662
85487,0.49211516976356506
50001,0.4875829815864563
91222,0.4902132749557495
63071,0.48657289147377014
42397,0.4864588975906372
45032,0.4838160574436188
37891,0.48670804500579834
3642,0.48921796679496765
32947,0.4883454740047455
37430,0.49075955152511597
76430,0.491999089717865
39591,0.48644015192985535
66009,0.4820106029510498
45415,0.4883720278739929
70006,0.48806849122047424
57592,0.4868830740451813
1712,0.49106302857398987
4496,0.4454994201660156
72693,0.48997247219085693
62701,0.4889205992221832
94551,0.4875682592391968
54202,0.49277907609939575
1309,0.4823606610298157
84751,0.4888993203639984
71737,0.4861975908279419
31353,0.48833370208740234
27296,0.4871983230113983
32193,0.4883715808391571
72367,0.4959781765937805
13260,0.487931489944458
75259,0.4886649250984192
1628,0.4605327248573303
35217,0.49294403195381165
5328,0.4886094927787781
10568,0.492666095495224
79074,0.48687222599983215
17025,0.48728814721107483
99638,0.4889194369316101
67734,0.0032380279153585434
22777,0.49027183651924133
85719,0.4859444797039032
7506,0.48337796330451965
86728,0.4878830313682556
73467,0.4954984188079834
67086,0.4848828911781311
3107,0.4856646656990051
46597,0.489599347114563
10922,0.4901726543903351
67556,0.4865756034851074
7441,0.4916227459907532
31089,0.4883536994457245
61601,0.49298059940338135
14847,0.4867669641971588
35697,0.48715418577194214
64197,0.48812490701675415
46963,0.48170244693756104
41147,0.4817832112312317
13811,0.4898442327976227
68928,0.4855898916721344
35308,0.10385497659444809
94983,0.49240052700042725
74508,0.48367804288864136
44931,0.48703867197036743
30960,0.49009114503860474
91080,0.4885384738445282
49216,0.48615047335624695
34340,0.48201626539230347
75536,0.4886215627193451
76424,0.4867992401123047
105797,0.4836668074131012
76336,0.487470805644989
34164,0.4864252507686615
91149,0.48698750138282776
7162,0.487394779920578
18604,0.48722174763679504
83905,0.4885522425174713
44615,0.4869474172592163
92168,0.48754751682281494
5462,0.4889206886291504
85219,0.4870489537715912
26937,0.492882639169693
10670,0.49027860164642334
57,0.4870406985282898
93177,0.4889938235282898
34485,0.4895673990249634
68925,0.4887169897556305
100142,0.4894621670246124
73993,0.4899318814277649
15790,0.4816751480102539
106598,0.4883168637752533
90142,0.4828166961669922
96949,0.49015048146247864
40049,0.48669421672821045
98288,0.48435157537460327
43452,0.4861621856689453
22569,0.4854314625263214
5611,0.4920632541179657
37750,0.4920278787612915
26421,0.4901648163795471
92422,0.4833378195762634
89352,0.4879833161830902
45761,0.486624151468277
52232,0.4840295612812042
90421,0.48623794317245483
78709,0.48489758372306824
56320,0.49129518866539
37763,0.48970869183540344
46567,0.4937572479248047
68911,0.4864988327026367
27099,0.4880221486091614
73795,0.4908781051635742
59380,0.48930251598358154
48205,0.48165857791900635
43413,0.4883471131324768
9655,0.4873459041118622
32377,0.48809683322906494
30523,0.4793875515460968
64260,0.48792389035224915
12302,0.48827922344207764
69453,0.4806731641292572
62392,0.48760777711868286
78449,0.49000605940818787
52714,0.4867395758628845
87352,0.49059319496154785
61091,0.48770201206207275
63242,0.4878753125667572
66399,0.4874318242073059
54903,0.48589521646499634
67957,0.48614302277565
88573,0.4900202751159668
42545,0.4885905385017395
17008,0.4851275384426117
87917,0.4888913035392761
23181,0.4901534616947174
95015,0.48751986026763916
4188,0.49012070894241333
72957,0.4864360988140106
98126,0.49360641837120056
73695,0.4899929165840149
86412,0.4887705147266388
87550,0.4800233542919159
98272,0.49348539113998413
105660,0.4891199767589569
89434,0.4908964931964874
44125,0.4837527275085449
90837,0.4888235926628113
46442,0.4852682948112488
75672,0.4874773621559143
31938,0.48766031861305237
49532,0.48698732256889343
65836,0.4869849383831024
85029,0.4845157861709595
71793,0.49028319120407104
28148,0.4872562885284424
18266,0.4878699779510498
68352,0.48865970969200134
27061,0.49006950855255127
22985,0.4884767234325409
91305,0.4887499511241913
8795,0.4878704249858856
50663,0.4846074879169464
37397,0.4872070252895355
20058,0.48458150029182434
9312,0.4862368106842041
80532,0.48645320534706116
14830,0.48721644282341003
103737,0.486904501914978
48438,0.48572614789009094
34089,0.4923553168773651
32605,0.48633119463920593
62126,0.48957768082618713
99398,0.4860583543777466
25307,0.49062302708625793
708,0.49157220125198364
65514,0.4911901354789734
61917,0.4921707212924957
70611,0.4844629764556885
20762,0.48708415031433105
64985,0.4879765510559082
93723,0.48917046189308167
61541,0.487639844417572
29197,0.4887451231479645
79929,0.48750874400138855
22641,0.4839024543762207
92709,0.49436694383621216
38048,0.4859844744205475
7305,0.487067848443985
21740,0.4881384074687958
85485,0.48819369077682495
3615,0.48611563444137573
11020,0.48555660247802734
25188,0.4898044168949127
43652,0.4839005768299103
36192,0.4917772114276886
75957,0.4901866316795349
88832,0.4914218783378601
60444,0.48732173442840576
89932,0.49066758155822754
94105,0.4905679523944855
4755,0.4883194863796234
41737,0.48880288004875183
79543,0.4862425625324249
5273,0.4875781238079071
68791,0.4854034185409546
60228,0.4906380772590637
61289,0.4893666207790375
18009,0.4904229938983917
1837,0.489635169506073
79532,0.490084171295166
55273,0.4885413646697998
21431,0.4885011315345764
64794,0.48721110820770264
81887,0.4919409155845642
17964,0.462154746055603
10972,0.4830613136291504
9294,0.48913004994392395
1983,0.4835965037345886
31490,0.48669931292533875
3548,0.48815155029296875
38711,0.49097418785095215
55591,0.4893072843551636
32376,0.4892702102661133
23684,0.48768991231918335
57874,0.491065114736557
48713,0.29023295640945435
5106,0.4869289696216583
56224,0.49086833000183105
43354,0.49239957332611084
25836,0.4859086275100708
55845,0.48941749334335327
2588,0.48555368185043335
1845,0.47424453496932983
11254,0.48799699544906616
49014,0.4778512120246887
59168,0.4907362461090088
32158,0.4884752035140991
106482,0.4855269193649292
103536,0.4834281802177429
18105,0.4888748824596405
89530,0.48945194482803345
20602,0.4824586510658264
28623,0.4929177165031433
44630,0.48830050230026245
8252,0.49168384075164795
32280,0.4693506360054016
54952,0.48877209424972534
11378,0.49132317304611206
57914,0.48795565962791443
31376,0.4866586923599243
26646,0.49033039808273315
55328,0.48606398701667786
5958,0.4913102090358734
63839,0.4874691367149353
69304,0.48326998949050903
3100,0.4847274422645569
37173,0.4690408408641815
100453,0.47610336542129517
12253,0.487996906042099
74226,0.17239367961883545
28495,0.48226919770240784
12372,0.4903273284435272
73968,0.4902203679084778
56212,0.49131664633750916
12655,0.48312637209892273
69853,0.4888055920600891
67111,0.49092140793800354
8325,0.4899286925792694
91304,0.4858596622943878
93245,0.4880322217941284
17300,0.4867103099822998
17331,0.48888707160949707
6291,0.48489198088645935
14892,0.4875968396663666
103278,0.4911665618419647
97196,0.48748308420181274
26858,0.4892232418060303
34982,0.49283477663993835
74003,0.4867120087146759
29347,0.4873613715171814
21220,0.48850056529045105
82090,0.4935223162174225
41613,0.49136415123939514
64303,0.48701125383377075
22182,0.4877226948738098
13504,0.48610618710517883
106774,0.4916146695613861
97978,0.48850762844085693
39162,0.48903632164001465
90912,0.48899412155151367
103240,0.48549652099609375
103157,0.4885479211807251
48423,0.4921022355556488
53055,0.4883900582790375
87595,0.48833414912223816
80780,0.4874396324157715
78794,0.48409581184387207
67805,0.4912027418613434
60188,0.49092864990234375
67146,0.48578616976737976
52978,0.48189297318458557
61623,0.488614946603775
76558,0.48616883158683777
48118,0.4882749319076538
48547,0.4836524724960327
21302,0.4888603091239929
29500,0.488668292760849
21585,0.49124374985694885
103436,0.4863552749156952
78681,0.4853842258453369
84602,0.48699095845222473
81342,0.48647767305374146
67363,0.49027368426322937
63318,0.4895821213722229
18802,0.48700734972953796
26594,0.48122885823249817
106701,0.48724132776260376
63187,0.4870043992996216
25393,0.4814569354057312
70867,0.48767557740211487
96689,0.4860006272792816
94172,0.48446032404899597
4913,0.49223455786705017
29337,0.4835367202758789
18759,0.4853738844394684
86816,0.4928448796272278
84442,0.46811968088150024
28896,0.4888255298137665
25659,0.49040746688842773
2345,0.47938090562820435
22781,0.487024188041687
93530,0.48704081773757935
58435,0.4930751621723175
16096,0.4815489649772644
76360,0.4665657579898834
92650,0.48861801624298096
94136,0.48090794682502747
12855,0.48974037170410156
48613,0.47131532430648804
98930,0.4867395758628845
17850,0.4891478717327118
68426,0.4908900558948517
8807,0.48515626788139343
77682,0.49067917466163635
70262,0.4787936806678772
101688,0.48636388778686523
34538,0.49155107140541077
13445,0.4914344847202301
69689,0.48806366324424744
87006,0.485518217086792
51615,0.4874708950519562
69533,0.4921375811100006
15420,0.48895445466041565
25501,0.40343600511550903
75037,0.4909602105617523
82250,0.48710325360298157
34582,0.4926089346408844
34900,0.4886220097541809
106606,0.48519057035446167
68574,0.4866759777069092
78879,0.4888259470462799
72523,0.48713767528533936
74109,0.4816223978996277
102780,0.49305203557014465
41350,0.48980844020843506
6776,0.4936997890472412
4752,0.4685593247413635
79710,0.48844242095947266
94872,0.49319976568222046
87768,0.48477569222450256
84545,0.4844483733177185
47364,0.4884626865386963
29565,0.4915192723274231
38176,0.4898919463157654
1523,0.4901282787322998
71965,0.4885442554950714
46011,0.4873162806034088
101166,0.48796817660331726
96157,0.4808290898799896
4599,0.4872019588947296
57139,0.4876019358634949
46502,0.26861244440078735
32147,0.48922455310821533
8727,0.492946058511734
64,0.49116402864456177
87977,0.4803260266780853
81911,0.49262166023254395
62494,0.4869181215763092
98355,0.4907928705215454
13701,0.48680418729782104
60982,0.4894033968448639
92575,0.4892551302909851
48249,0.48312512040138245
34171,0.4875631630420685
89055,0.4867941439151764
20920,0.49227309226989746
44323,0.49235865473747253
93856,0.4909224510192871
29936,0.4791776239871979
84606,0.4869377315044403
14714,0.48941588401794434
98673,0.4876287877559662
103736,0.4891003966331482
82642,0.4893857538700104
12030,0.49120619893074036
51674,0.4889116883277893
12718,0.48764002323150635
106852,0.48422038555145264
16294,0.4934530556201935
66475,0.48809900879859924
41485,0.4889838993549347
30323,0.4877476394176483
83992,0.48572731018066406
54682,0.4866968095302582
92127,0.4864925146102905
35902,0.48905274271965027
28139,0.40962687134742737
90412,0.49008816480636597
74418,0.49087172746658325
78510,0.4857447147369385
100330,0.49037694931030273
29036,0.4889901280403137
44485,0.4911426305770874
16848,0.4911200702190399
10544,0.49384668469429016
94780,0.4910118877887726
21582,0.47880762815475464
87225,0.4879915118217468
93669,0.4891293942928314
87901,0.4877612590789795
49697,0.4830338954925537
5036,0.4887380599975586
67043,0.48942211270332336
85540,0.4874570369720459
43921,0.48392224311828613
12644,0.4874260425567627
2676,0.48020175099372864
58412,0.48849597573280334
12909,0.4867454469203949
95061,0.4879886507987976
61837,0.49243322014808655
93884,0.4902106523513794
8939,0.4864403307437897
84360,0.4903290271759033
75469,0.483632355928421
16441,0.4873203635215759
26500,0.4871513545513153
26617,0.48055189847946167
70080,0.4885943531990051
4320,0.4888625741004944
87274,0.48814329504966736
77249,0.4888092577457428
49626,0.4905656576156616
6237,0.4847048223018646
35626,0.4346246123313904
102000,0.48628902435302734
83002,0.49061208963394165
104492,0.48831549286842346
18532,0.4899831712245941
87016,0.49342986941337585
90720,0.48676469922065735
93144,0.48789453506469727
47367,0.485935777425766
98201,0.48593395948410034
97722,0.4874224066734314
41849,0.4846518933773041
26633,0.49042075872421265
77169,0.4880715012550354
57349,0.49065932631492615
91177,0.48857614398002625
22794,0.4881414771080017
14637,0.49528777599334717
104038,0.47578126192092896
49505,0.4820307791233063
39769,0.4873053729534149
75395,0.4847433567047119
84177,0.4789943993091583
90804,0.4874444007873535
17129,0.48856714367866516
24386,0.4919933080673218
73235,0.4878712296485901
40321,0.48727336525917053
93445,0.48835211992263794
101488,0.4909033179283142
62,0.4867311120033264
150,0.48806390166282654
26870,0.4870121479034424
85644,0.488188773393631
16864,0.49191632866859436
9800,0.487474262714386
60156,0.49045225977897644
100967,0.48781436681747437
91352,0.48661139607429504
84613,0.48721519112586975
46913,0.488243043422699
58417,0.48941200971603394
45651,0.48886406421661377
42020,0.4899979531764984
34497,0.4852369725704193
92156,0.4926479458808899
96062,0.48705846071243286
15862,0.49112191796302795
19527,0.489190936088562
51620,0.4866887331008911
83964,0.4884780943393707
11283,0.49100539088249207
56397,0.48770907521247864
70095,0.4903736412525177
5355,0.48431476950645447
3853,0.48902928829193115
82993,0.49232640862464905
82541,0.4915944039821625
8571,0.48604416847229004
59954,0.4875144362449646
32906,0.4890116751194
80732,0.4866923391819
25197,0.4883650839328766
19175,0.48843082785606384
65975,0.48977547883987427
35001,0.4829346239566803
7468,0.48351097106933594
81927,0.4911731779575348
100585,0.48251014947891235
41885,0.48950204253196716
19845,0.4884551763534546
14709,0.4919050335884094
86121,0.48750582337379456
50416,0.48590895533561707
39496,0.48809388279914856
92117,0.49135521054267883
41500,0.4912433922290802
90525,0.4892689287662506
55859,0.4843708872795105
59665,0.48561787605285645
62490,0.49227261543273926
15347,0.48563238978385925
104307,0.49308833479881287
74223,0.4888269007205963
11063,0.4885568916797638
83506,0.4837653338909149
6916,0.4901639521121979
79549,0.4889012575149536
80961,0.49605703353881836
55185,0.48453763127326965
86688,0.48903870582580566
38336,0.10406512022018433
75289,0.4715127646923065
31850,0.48702487349510193
67058,0.48873019218444824
3142,0.4855427145957947
20576,0.48734188079833984
58998,0.49228769540786743
74310,0.4901881217956543
20310,0.4916380047798157
79457,0.4884151220321655
54490,0.4880260229110718
5551,0.49254757165908813
26589,0.4905628561973572
30949,0.48957014083862305
80634,0.48940303921699524
24053,0.48799166083335876
105705,0.48938116431236267
71481,0.48754751682281494
76219,0.49192291498184204
13259,0.42568981647491455
10688,0.49396806955337524
53517,0.48844459652900696
43806,0.397736132144928
21306,0.4869653880596161
58650,0.48741868138313293
42221,0.47506555914878845
28489,0.4872083365917206
105906,0.4841945171356201
44764,0.48866742849349976
51940,0.4892204999923706
53776,0.4845779240131378
74872,0.48666322231292725
86885,0.4865732192993164
14008,0.4888131320476532
80154,0.48722684383392334
30459,0.48793601989746094
36850,0.4851849377155304
19357,0.49032387137413025
103820,0.4850335717201233
77806,0.48450928926467896
43592,0.48764511942863464
91314,0.48631608486175537
102915,0.48007577657699585
83656,0.4892065227031708
34066,0.4881022274494171
65063,0.48642581701278687
105304,0.4890606999397278
94799,0.48215001821517944
81931,0.4890254735946655
102755,0.4893699288368225
91521,0.48477306962013245
105307,0.4832795560359955
4994,0.4863645136356354
55303,0.4934791028499603
13462,0.4880218803882599
48714,0.4886012375354767
18107,0.48665428161621094
47219,0.4860852360725403
69705,0.4896024763584137
49115,0.48982900381088257
24789,0.4855770766735077
54685,0.4055952727794647
13191,0.4887119233608246
70514,0.48062965273857117
97653,0.48751747608184814
49100,0.4904610216617584
66241,0.48165568709373474
75096,0.49124807119369507
51437,0.48933127522468567
3485,0.48664391040802
73283,0.4932425618171692
78073,0.4838161766529083
60245,0.4896644353866577
91386,0.4881215989589691
84247,0.4875730276107788
46800,0.48942285776138306
89578,0.48881882429122925
102579,0.48104286193847656
60142,0.4908319115638733
12605,0.4909461438655853
94193,0.4873453974723816
3262,0.490430623292923
89167,0.4845666289329529
89102,0.48205098509788513
98102,0.48308852314949036
92864,0.4868661165237427
4026,0.4892725944519043
78523,0.48794108629226685
66934,0.4888792037963867
30775,0.4868850111961365
77984,0.49031785130500793
61830,0.4905112683773041
86793,0.48915955424308777
3088,0.4867058992385864
92361,0.4884931743144989
70055,0.49096399545669556
7589,0.4879363179206848
7321,0.4889339804649353
53376,0.4925941228866577
61157,0.48611459136009216
19255,0.4921945035457611
52728,0.4900963008403778
92812,0.4862859547138214
7334,0.48790156841278076
77022,0.49617069959640503
1514,0.49048030376434326
3021,0.4883359670639038
72,0.48814302682876587
51949,0.4865795969963074
39748,0.48808956146240234
24668,0.48728248476982117
69159,0.4891311526298523
299,0.4835506081581116
88560,0.4731992781162262
53647,0.4918454885482788
37116,0.4885976016521454
88047,0.48893803358078003
104297,0.4926193058490753
18150,0.4826216995716095
41495,0.48641905188560486
87072,0.4789893627166748
84509,0.48725542426109314
66345,0.4864240288734436
85910,0.489595502614975
93319,0.2865835726261139
99571,0.48797816038131714
69020,0.4816538691520691
45649,0.48794373869895935
19278,0.48799756169319153
39419,0.4936455190181732
90724,0.48101112246513367
29701,0.48542994260787964
95971,0.48753732442855835
88105,0.4816250503063202
34031,0.48083603382110596
6197,0.48532894253730774
80768,0.4849022924900055
101621,0.47902438044548035
50213,0.4879864454269409
29831,0.48872363567352295
97230,0.4869716167449951
6515,0.48932647705078125
44625,0.49038779735565186
80198,0.48984473943710327
31448,0.4871721863746643
92797,0.4861887991428375
81488,0.4887717664241791
82624,0.4864772856235504
101000,0.48821523785591125
68204,0.4967907667160034
106980,0.4877914488315582
46656,0.4885934293270111
29895,0.487676203250885
48271,0.490430623292923
59674,0.4859136939048767
17209,0.4903719127178192
70143,0.49108603596687317
22053,0.49252817034721375
29008,0.4875870645046234
2770,0.48218032717704773
101525,0.4875410497188568
87696,0.48423102498054504
39562,0.4893520474433899
49435,0.48291248083114624
40823,0.4882260859012604
63705,0.4833177626132965
56819,0.4900721311569214
97881,0.4921554625034332
6760,0.4914834499359131
28540,0.4823549687862396
78209,0.48468729853630066
91063,0.48361629247665405
102830,0.48560798168182373
18571,0.48315274715423584
40967,0.4863089621067047
64391,0.48891398310661316
71605,0.4876372516155243
8656,0.4884631931781769
23453,0.4835474491119385
8292,0.49019724130630493
68623,0.4880472719669342
70141,0.4868902564048767
93759,0.4812127351760864
47030,0.48932498693466187
56920,0.4873005449771881
58010,0.4877530336380005
71866,0.4923647344112396
7377,0.49084708094596863
6387,0.49004030227661133
73694,0.4829534590244293
34839,0.48959264159202576
8274,0.48378297686576843
10859,0.48936688899993896
98069,0.48896583914756775
50225,0.49118030071258545
33496,0.48847678303718567
97355,0.48954328894615173
77204,0.48900654911994934
51034,0.4862819015979767
98613,0.4915700852870941
102538,0.4925946891307831
26262,0.490094929933548
27246,0.4873557686805725
61517,0.49064508080482483
48877,0.4872295558452606
97466,0.49130532145500183
20765,0.4894905984401703
50907,0.4870591461658478
20357,0.48637115955352783
89118,0.4860624670982361
88826,0.48445478081703186
79998,0.4874330759048462
23686,0.4914571940898895
44738,0.49078091979026794
47441,0.48895716667175293
26675,0.4873523712158203
89018,0.4928198456764221
54426,0.48857489228248596
26917,0.49021682143211365
39330,0.46737217903137207
72454,0.48915985226631165
512,0.4932340979576111
27000,0.4708248972892761
16916,0.4865022301673889
82601,0.4875308573246002
50585,0.4879237711429596
90157,0.4880768358707428
99011,0.49224552512168884
11090,0.48752933740615845
56882,0.4892764091491699
46807,0.4873543381690979
26274,0.4869488775730133
21057,0.48846888542175293
107016,0.4833989143371582
29285,0.4851800501346588
26994,0.48782259225845337
54882,0.4868215024471283
97151,0.48791223764419556
101908,0.4874474108219147
58321,0.48572152853012085
72935,0.4896725118160248
35038,0.48806333541870117
31558,0.47032228112220764
30229,0.48692625761032104
66387,0.49355825781822205
106184,0.4866546392440796
32157,0.4856804609298706
37322,0.4878561198711395
97778,0.4829026460647583
100556,0.4883437156677246
21107,0.48701414465904236
14565,0.4890943467617035
106771,0.48901060223579407
31702,0.48519542813301086
28968,0.48766112327575684
15262,0.4922274947166443
106853,0.48820891976356506
84107,0.48814329504966736
36081,0.48882701992988586
99310,0.49278637766838074
85288,0.48888126015663147
31700,0.49101290106773376
69457,0.4952130615711212
65445,0.48514577746391296
51328,0.4851022958755493
23469,0.4881975054740906
41656,0.4897300601005554
68236,0.49242791533470154
4543,0.48923298716545105
105551,0.13814300298690796
106499,0.49143874645233154
33682,0.4883776009082794
82662,0.48932620882987976
96711,0.49267905950546265
8946,0.48392558097839355
52833,0.49362391233444214
100177,0.49132558703422546
75365,0.48813357949256897
56614,0.4905723035335541
93146,0.48593732714653015
15623,0.49254199862480164
61031,0.48121917247772217
40030,0.4824431836605072
63009,0.48192763328552246
50512,0.49283161759376526
33745,0.4862882196903229
77126,0.4885767102241516
58831,0.4832506477832794
85528,0.49116218090057373
86769,0.48792779445648193
12353,0.48715779185295105
5033,0.4780862331390381
43805,0.4808798134326935
8236,0.48962464928627014
1005,0.48824062943458557
44333,0.487640917301178
38577,0.48562395572662354
62334,0.48995593190193176
27401,0.48845794796943665
78839,0.4886319041252136
3940,0.49199292063713074
23793,0.490164577960968
100263,0.49048271775245667
102002,0.4363721013069153
51731,0.4911261796951294
65989,0.4879515767097473
59878,0.4915420114994049
28048,0.48883458971977234
77972,0.4846332371234894
105413,0.4882265627384186
10633,0.4869360029697418
84009,0.4844052195549011
69394,0.48882919549942017
68091,0.4914506673812866
12153,0.4855841398239136
83996,0.4874500632286072
94985,0.48537781834602356
84160,0.49044176936149597
102031,0.4879913330078125
88072,0.48478561639785767
54589,0.4884624481201172
6543,0.487722247838974
1951,0.4865935444831848
80496,0.4871708154678345
28686,0.48829755187034607
46858,0.48960864543914795
24178,0.48592501878738403
15417,0.4890193045139313
61325,0.4933129549026489
96179,0.48825088143348694
19755,0.4559902250766754
80528,0.49048396944999695
35917,0.4879131019115448
85424,0.4890762269496918
21490,0.44309887290000916
55313,0.48183342814445496
13235,0.4832342267036438
17378,0.4868071377277374
3754,0.4843054413795471
7603,0.48615801334381104
38664,0.4868223965167999
75116,0.48783162236213684
65638,0.4841315746307373
53353,0.4889454245567322
100516,0.4925726652145386
18288,0.48781079053878784
85445,0.4874817728996277
67231,0.49762436747550964
72174,0.4898233115673065
34922,0.4874694347381592
71299,0.4888771176338196
105802,0.49027884006500244
87938,0.4857518970966339
35328,0.4924052059650421
15184,0.4922400414943695
62637,0.4884691536426544
14237,0.48972177505493164
95613,0.48694199323654175
9311,0.4903477132320404
6338,0.4884544909000397
66264,0.48618361353874207
72899,0.4878578186035156
100726,0.48402532935142517
86966,0.38136062026023865
75358,0.48555588722229004
65405,0.48729783296585083
16911,0.48996490240097046
8692,0.4875050187110901
100578,0.48366764187812805
84090,0.4873639643192291
45411,0.4877942204475403
90547,0.4885202646255493
62081,0.4891834557056427
89570,0.4884323179721832
105449,0.48745641112327576
66998,0.4900044798851013
69996,0.4932931661605835
56064,0.4860208034515381
103577,0.487944096326828
35449,0.4789774417877197
35385,0.4916858375072479
39853,0.482218861579895
101610,0.48572102189064026
40619,0.48271945118904114
17788,0.48995283246040344
81583,0.49154311418533325
35278,0.48451757431030273
15496,0.48947861790657043
46000,0.489799439907074
1795,0.4874979853630066
43415,0.4857812225818634
291,0.48658955097198486
38181,0.4887285530567169
55029,0.4827596843242645
34803,0.48686036467552185
55045,0.485998272895813
46367,0.48946496844291687
62574,0.4917420446872711
94354,0.4825337529182434
96625,0.4898611605167389
21468,0.4903866946697235
76612,0.4895712733268738
19753,0.491020143032074
34261,0.4866237938404083
56113,0.48634427785873413
15452,0.48838067054748535
27416,0.4884425401687622
48539,0.4909301698207855
85145,0.4905521273612976
18354,0.4871637523174286
18244,0.48976656794548035
55640,0.471079558134079
47570,0.4880279004573822
74054,0.4876563549041748
5058,0.48253536224365234
17045,0.4862739145755768
105717,0.4836617410182953
29187,0.4921697974205017
37420,0.48829084634780884
38161,0.49053719639778137
106344,0.48855382204055786
70853,0.4867042005062103
46322,0.48920172452926636
6538,0.4887520670890808
72697,0.4876938462257385
97920,0.4880707263946533
56360,0.4876616895198822
40525,0.4891842007637024
46536,0.4835284352302551
74034,0.4877305328845978
43594,0.48886731266975403
100866,0.48895853757858276
38073,0.4926643669605255
59899,0.48934176564216614
3724,0.4886188209056854
79957,0.4881952404975891
13422,0.4887111783027649
26786,0.48336905241012573
39319,0.11091601103544235
18657,0.4907166063785553
15823,0.48459869623184204
102599,0.4879613518714905
66427,0.4908009469509125
52079,0.4830133020877838
37002,0.48325154185295105
49086,0.4835379123687744
28115,0.45650991797447205
98844,0.48678839206695557
27917,0.4904172122478485
64994,0.48746660351753235
72140,0.4926312565803528
35277,0.48034849762916565
53684,0.4852985143661499
93054,0.4910896122455597
44188,0.4826931357383728
49190,0.4891400933265686
15979,0.4876759648323059
50195,0.49053260684013367
5878,0.48891156911849976
43508,0.4879254698753357
62207,0.49064916372299194
76999,0.4872918725013733
30839,0.4818878769874573
40160,0.48810866475105286
86895,0.4937853515148163
104572,0.4808814823627472
20661,0.4906124770641327
94376,0.4902378022670746
549,0.48775428533554077
33591,0.4850185811519623
32334,0.48694074153900146
80680,0.48618659377098083
66911,0.48275652527809143
101640,0.49082261323928833
55786,0.48580461740493774
50889,0.4890078008174896
47434,0.49099358916282654
80157,0.4817236363887787
73354,0.4867873191833496
30185,0.4811531603336334
21137,0.48347318172454834
36235,0.48795896768569946
65221,0.4876767694950104
100973,0.49158212542533875
41736,0.4879201352596283
60659,0.48583534359931946
55254,0.4889327883720398
97165,0.490346223115921
45498,0.48832711577415466
36819,0.48469457030296326
2263,0.47773972153663635
19482,0.4906136393547058
481,0.48068174719810486
83893,0.48903316259384155
81124,0.4913773834705353
99520,0.4928244352340698
57905,0.48313602805137634
11179,0.4906480014324188
88133,0.4917607307434082
84405,0.4882560968399048
55684,0.4815075993537903
90310,0.48633018136024475
39133,0.48384329676628113
10350,0.4897509515285492
27036,0.48686060309410095
29858,0.49040380120277405
68022,0.48825183510780334
89283,0.48879969120025635
70631,0.21392922103405
28055,0.48657411336898804
62587,0.48816829919815063
102721,0.4890483319759369
105913,0.48805662989616394
94589,0.48889631032943726
56437,0.49062132835388184
40514,0.4880918264389038
102125,0.48779281973838806
40771,0.49345704913139343
44858,0.4898854196071625
98624,0.4878239035606384
92222,0.48807668685913086
11344,0.48721110820770264
14991,0.48766690492630005
101078,0.49078264832496643
96328,0.48886406421661377
19565,0.49016910791397095
84603,0.4882451295852661
70089,0.4887610673904419
87015,0.48838794231414795
75449,0.48989686369895935
51372,0.4866664409637451
32632,0.48937004804611206
22313,0.4919654428958893
39923,0.47510263323783875
12179,0.49256566166877747
59346,0.49132040143013
26935,0.48807311058044434
55296,0.48726794123649597
106127,0.4881676733493805
43033,0.4880297780036926
7375,0.4878382384777069
738,0.4892500042915344
83984,0.486402690410614
71556,0.4291429817676544
24649,0.48695793747901917
46866,0.48790696263313293
1177,0.49218395352363586
55964,0.49181067943573
70811,0.4894971251487732
3101,0.4881066083908081
56164,0.4879503846168518
99319,0.48625484108924866
63891,0.49234896898269653
42324,0.488101601600647
19250,0.488651841878891
3836,0.49270743131637573
66176,0.4875851571559906
21763,0.48698991537094116
97198,0.49015936255455017
65280,0.4675135016441345
22078,0.4878847301006317
34758,0.4912557303905487
28904,0.48762696981430054
98450,0.49193260073661804
22911,0.49164557456970215
66745,0.48705562949180603
22343,0.4877036511898041
16396,0.4910500645637512
35882,0.48890793323516846
75364,0.46587973833084106
6319,0.4876035153865814
7977,0.48714229464530945
56091,0.4936216473579407
21635,0.4872886538505554
57416,0.4907229244709015
31734,0.4905296266078949
24139,0.4890526235103607
30143,0.4852968156337738
27508,0.4890744090080261
7109,0.48754608631134033
28644,0.49047696590423584
41673,0.4868614971637726
49619,0.4857012927532196
18491,0.4859984815120697
95292,0.4923853576183319
9760,0.48794546723365784
10222,0.48942410945892334
80480,0.48953768610954285
53545,0.4908280670642853
20625,0.4884670078754425
77596,0.4859224855899811
22175,0.48815181851387024
33721,0.4858526885509491
105986,0.48887357115745544
16798,0.48723727464675903
89143,0.488787442445755
63701,0.48776161670684814
44219,0.4880083501338959
54963,0.48841798305511475
39620,0.4912165403366089
56293,0.4907397925853729
54135,0.4880295395851135
95599,0.49135372042655945
17022,0.4886570870876312
49880,0.4829981327056885
28119,0.48952922224998474
71651,0.49398288130760193
47348,0.48906606435775757
81945,0.4878743290901184
50920,0.4888216555118561
90637,0.48829367756843567
55655,0.48851922154426575
62941,0.4896821677684784
64372,0.4908704161643982
7304,0.4923608601093292
32520,0.489865243434906
71344,0.4888238310813904
58410,0.48793551325798035
13184,0.49298882484436035
44331,0.48422929644584656
43791,0.4879710078239441
17232,0.49533259868621826
54897,0.4881698489189148
765,0.48636338114738464
37380,0.4873264729976654
81060,0.48892515897750854
68905,0.49206581711769104
83301,0.4875898063182831
42923,0.49010878801345825
23076,0.34003832936286926
10281,0.48587778210639954
31748,0.4882979989051819
67737,0.49115458130836487
65211,0.48775628209114075
70362,0.4917624592781067
26257,0.49250471591949463
56940,0.48798683285713196
65813,0.4873815178871155
92988,0.4884081780910492
16122,0.48720550537109375
84680,0.48833370208740234
27274,0.4841374456882477
16499,0.4890042543411255
55898,0.4859086871147156
24751,0.48922207951545715
89006,0.4848569929599762
6031,0.4887329936027527
1205,0.48583826422691345
51698,0.4855952858924866
67654,0.48919999599456787
25205,0.4824666976928711
80702,0.48509901762008667
52308,0.4842210114002228
87803,0.482776403427124
94807,0.49074357748031616
93477,0.4860163927078247
53829,0.4856356084346771
84772,0.4888548254966736
228,0.4874383807182312
37489,0.488217294216156
20495,0.4900759160518646
90411,0.48970702290534973
19363,0.4913458526134491
4982,0.4234738051891327
79133,0.4855246841907501
97768,0.48767879605293274
89516,0.48764002323150635
42386,0.4874594509601593
83318,0.4887467622756958
16592,0.4905405342578888
98504,0.4882422387599945
26521,0.48681628704071045
33722,0.49287348985671997
19597,0.48739755153656006
16796,0.48911193013191223
32394,0.49290481209754944
9792,0.48703765869140625
80507,0.4462054967880249
66828,0.48236098885536194
36837,0.491323858499527
89000,0.48912572860717773
90354,0.48566776514053345
24923,0.48339441418647766
78251,0.49016135931015015
71058,0.4905623197555542
4675,0.49444106221199036
78882,0.49102044105529785
66181,0.4905177056789398
106231,0.49259480834007263
44901,0.4891646206378937
104733,0.4081677496433258
52939,0.4865913987159729
54295,0.48869580030441284
47718,0.49001333117485046
96189,0.4890061914920807
71678,0.48333969712257385
21975,0.4903075397014618
23230,0.48707351088523865
74979,0.49206361174583435
31343,0.48728084564208984
37690,0.49123454093933105
64014,0.4895801842212677
79553,0.4930870532989502
17285,0.4854814112186432
18395,0.4911573529243469
102935,0.4895118474960327
44006,0.4899154603481293
53481,0.49133092164993286
80909,0.4875442385673523
86409,0.4838718771934509
83439,0.4863864481449127
66298,0.4830455780029297
102980,0.4900110065937042
36916,0.48637473583221436
83407,0.48486748337745667
102149,0.4865652024745941
57269,0.4888555705547333
72800,0.4879341125488281
93810,0.4860423505306244
89535,0.4907311797142029
79225,0.4880870580673218
74314,0.4882614314556122
89169,0.4873175323009491
96248,0.48612961173057556
95740,0.48362141847610474
64451,0.4835908114910126
58200,0.4908444285392761
63294,0.4865918457508087
99139,0.4874556064605713
43370,0.4914429187774658
89845,0.4840525686740875
3479,0.48933514952659607
23489,0.4890013039112091
70085,0.4897473454475403
54886,0.4873642027378082
94038,0.48781323432922363
91086,0.490382581949234
47252,0.48758289217948914
69541,0.48526281118392944
95949,0.4878959059715271
17451,0.48890119791030884
30838,0.48577648401260376
58315,0.48704150319099426
73213,0.48755839467048645
30924,0.48782894015312195
32505,0.48720070719718933
103443,0.48887863755226135
79900,0.4818473756313324
64862,0.49048832058906555
30456,0.49417170882225037
99152,0.48942285776138306
1901,0.48912572860717773
17049,0.48731839656829834
5894,0.4843301475048065
10665,0.48714643716812134
30536,0.48765817284584045
50878,0.4871915280818939
92809,0.4924972951412201
39864,0.4890331029891968
101957,0.4856456518173218
57285,0.48428547382354736
14329,0.4886321425437927
66872,0.4878598749637604
94020,0.4878556728363037
48685,0.49034354090690613
27119,0.4893972873687744
46397,0.48683735728263855
10133,0.45335251092910767
36017,0.4865235984325409
37527,0.4900895655155182
76263,0.49057602882385254
2560,0.4835360646247864
2662,0.49237045645713806
106427,0.48793306946754456
40163,0.4881444573402405
100345,0.48697629570961
98682,0.4919915199279785
25789,0.4869299530982971
67820,0.4897744655609131
59591,0.482056587934494
2269,0.4882148504257202
19494,0.48686718940734863
79641,0.4879794120788574
14432,0.48555147647857666
94686,0.4907929599285126
46365,0.4894044101238251
52584,0.49263057112693787
89365,0.49051615595817566
81199,0.4881054759025574
70712,0.4866637885570526
63089,0.48575595021247864
52567,0.48727259039878845
41571,0.48727649450302124
47361,0.4877832233905792
73083,0.484425812959671
90557,0.4871441721916199
64735,0.48900118470191956
71108,0.4905121922492981
87464,0.4904063045978546
70003,0.4882405996322632
17270,0.48876357078552246
20924,0.4861510396003723
27207,0.4830161929130554
93294,0.4911177158355713
19858,0.4849071204662323
22,0.48556166887283325
49371,0.49056267738342285
85587,0.4847898781299591
65258,0.4915657043457031
81090,0.4880049526691437
28146,0.48291048407554626
68187,0.48448771238327026
39921,0.48809489607810974
26644,0.48904097080230713
43284,0.48659709095954895
94367,0.49157169461250305
72801,0.48392757773399353
14197,0.48976701498031616
26273,0.48051518201828003
61001,0.4886183738708496
47789,0.49381348490715027
67460,0.4840220808982849
57393,0.48611220717430115
36379,0.4880777597427368
94624,0.47500306367874146
615,0.4897325336933136
72048,0.4853629767894745
66036,0.49164268374443054
14899,0.482699453830719
105042,0.4922206401824951
99430,0.48823001980781555
18239,0.4897308647632599
15965,0.48225003480911255
72704,0.49159979820251465
13018,0.4917958378791809
23958,0.49066901206970215
41950,0.48568400740623474
105425,0.48632532358169556
87752,0.4924744665622711
7327,0.48123475909233093
16772,0.48194846510887146
13973,0.48842355608940125
27322,0.48673635721206665
55624,0.49050554633140564
83263,0.48836883902549744
29260,0.49337148666381836
8978,0.4891463816165924
17217,0.39949896931648254
35489,0.4823945164680481
43040,0.4868011474609375
90491,0.4878673553466797
34960,0.4779013395309448
99779,0.4946337044239044
9631,0.48998087644577026
82917,0.48947402834892273
28657,0.4845693111419678
72365,0.48726874589920044
24415,0.4862852394580841
84084,0.489483118057251
4944,0.4872221350669861
81767,0.48870912194252014
100930,0.4881613850593567
30692,0.4873763620853424
56344,0.4918045401573181
98782,0.4838711619377136
2164,0.4873700737953186
24949,0.4884299039840698
103937,0.4879678189754486
93064,0.48785465955734253
37866,0.4852798581123352
23562,0.48541444540023804
105861,0.4881094992160797
20541,0.47961971163749695
88399,0.4846670627593994
37955,0.4857114553451538
31536,0.4830787181854248
46676,0.4893629550933838
35175,0.4895401895046234
100936,0.49241507053375244
101447,0.2789709270000458
11041,0.4895142614841461
42194,0.480115681886673
99532,0.491232693195343
46596,0.4880021810531616
21233,0.48221397399902344
27154,0.48940202593803406
53112,0.48746830224990845
5790,0.47991517186164856
64198,0.48653584718704224
70538,0.49214836955070496
26779,0.4863736033439636
1691,0.4877144694328308
81757,0.4532199501991272
15392,0.4863382875919342
1332,0.48954248428344727
53535,0.48598384857177734
102852,0.48717841506004333
105946,0.48801887035369873
10256,0.4852713942527771
82927,0.49632129073143005
30371,0.48865070939064026
46489,0.49181434512138367
58019,0.4863612949848175
71955,0.48945483565330505
37356,0.4800654649734497
42292,0.489091157913208
20087,0.48254889249801636
24074,0.48671749234199524
64692,0.4830004572868347
96112,0.4868105351924896
55120,0.48979583382606506
51971,0.483950138092041
27252,0.48978978395462036
77781,0.48870882391929626
13135,0.49144041538238525
33840,0.4874412715435028
78330,0.4888506531715393
84185,0.4904307425022125
42654,0.49012401700019836
17109,0.49006178975105286
60530,0.48644423484802246
32772,0.4890352785587311
49208,0.48290830850601196
94561,0.47708025574684143
16723,0.49095165729522705
79821,0.2466360479593277
6106,0.4903932511806488
78275,0.48227953910827637
7689,0.4901987910270691
2328,0.48603713512420654
66480,0.485682874917984
37355,0.48788982629776
80884,0.48653849959373474
103705,0.4231344759464264
59714,0.48593780398368835
100837,0.4668474495410919
56301,0.4858531355857849
5411,0.4885158836841583
9658,0.4847274422645569
39760,0.4883122742176056
23202,0.488253653049469
48343,0.4947036802768707
91294,0.48842594027519226
74660,0.4899364709854126
6399,0.48951277136802673
9119,0.48496654629707336
58061,0.49413350224494934
28351,0.486967533826828
105514,0.4871627986431122
53114,0.4865455627441406
20750,0.4893694221973419
46578,0.4936774671077728
52358,0.49131378531455994
98343,0.48477888107299805
89694,0.4889770746231079
12697,0.48727309703826904
73166,0.48523080348968506
80002,0.4878143072128296
41069,0.4837312400341034
2034,0.48803186416625977
8928,0.4880681037902832
68185,0.48989617824554443
83161,0.487673819065094
12405,0.48611170053482056
3471,0.48821064829826355
66568,0.4914807975292206
105055,0.4886544644832611
67896,0.48875388503074646
15905,0.49075818061828613
65908,0.48838987946510315
54125,0.48704829812049866
4385,0.4907839000225067
41533,0.4927307963371277
4209,0.48957526683807373
6676,0.47281697392463684
54989,0.48786237835884094
46181,0.4570213556289673
61799,0.48766791820526123
22469,0.4857534170150757
107157,0.4889897406101227
20637,0.4823841452598572
57612,0.4844944179058075
83711,0.48787564039230347
39352,0.4885835349559784
7947,0.4890157878398895
7607,0.49098819494247437
68904,0.4878721833229065
37781,0.48821479082107544
79615,0.4836941361427307
18733,0.4916054606437683
12398,0.4873342514038086
66207,0.4884342551231384
56608,0.4922386407852173
102448,0.4881193935871124
12244,0.474801629781723
4832,0.48793286085128784
42673,0.4874032735824585
903,0.48927339911460876
37244,0.4904462397098541
69436,0.48976701498031616
25689,0.4933169484138489
39049,0.4876481890678406
102646,0.26209813356399536
68325,0.4874315857887268
57463,0.49032822251319885
48178,0.4830373227596283
23014,0.49038785696029663
80092,0.4890015423297882
103270,0.48238691687583923
23921,0.48549872636795044
64591,0.48855987191200256
91253,0.4856691062450409
31515,0.48879414796829224
26218,0.4843180775642395
15596,0.4848921000957489
13413,0.48637324571609497
11049,0.4894897937774658
82461,0.48998787999153137
11982,0.4922650456428528
65915,0.48761871457099915
40511,0.4863585829734802
22433,0.4911963939666748
58141,0.4875723421573639
2750,0.4875825345516205
25979,0.49084511399269104
10155,0.4841759502887726
99776,0.4916718900203705
40215,0.4881571829319
105401,0.49071529507637024
2384,0.4889184832572937
69519,0.48648157715797424
83363,0.488696813583374
37895,0.4902738928794861
98191,0.4908091723918915
98740,0.49026402831077576
88686,0.49102750420570374
106492,0.48817557096481323
74955,0.49023574590682983
39688,0.48583984375
86780,0.4838905334472656
28423,0.487559974193573
54109,0.4842468500137329
72700,0.4876316785812378
60079,0.48604917526245117
68108,0.48653754591941833
72120,0.4839862883090973
40885,0.487224817276001
101144,0.48886269330978394
68920,0.486221581697464
8266,0.48819437623023987
29163,0.49549737572669983
57837,0.48892223834991455
26281,0.4906519651412964
81402,0.48709240555763245
39021,0.48527857661247253
61529,0.4852629005908966
52587,0.4854070246219635
56985,0.4808545708656311
63064,0.4862334728240967
94357,0.4880034625530243
91353,0.4874982237815857
85931,0.49210771918296814
4918,0.4471083879470825
50729,0.48473238945007324
57826,0.4897303581237793
71191,0.4880073368549347
105774,0.49112480878829956
10023,0.48806169629096985
41218,0.46109041571617126
98238,0.4858356714248657
37995,0.488494873046875
83325,0.48924463987350464
51447,0.48333847522735596
94497,0.48702624440193176
30670,0.48119428753852844
13858,0.4842296242713928
34727,0.48857828974723816
52123,0.4873823821544647
52200,0.49070674180984497
21611,0.48867666721343994
65726,0.4889065623283386
36502,0.4887383282184601
102741,0.4849269688129425
92910,0.4918346107006073
66329,0.49036893248558044
46266,0.47594982385635376
93789,0.4886780381202698
74483,0.48826825618743896
82877,0.4917794167995453
19578,0.48333436250686646
3150,0.48558926582336426
7795,0.4877623915672302
100091,0.4879520535469055
83204,0.4869937598705292
80606,0.4917868971824646
44874,0.4886971712112427
93047,0.48452648520469666
93488,0.4906102418899536
1805,0.4880356192588806
62917,0.49226534366607666
17899,0.48875075578689575
3849,0.48652490973472595
7118,0.486596018075943
88547,0.487613707780838
97092,0.48582369089126587
44105,0.48879802227020264
37481,0.49382591247558594
33563,0.4859551787376404
61042,0.49023768305778503
41714,0.4840650260448456
70454,0.4882538914680481
59857,0.4893900752067566
51036,0.4879774749279022
69184,0.48641839623451233
3234,0.48892468214035034
74841,0.48658856749534607
23186,0.48687806725502014
27181,0.49050334095954895
100045,0.4864122271537781
28886,0.48760783672332764
73093,0.49029120802879333
900,0.4735700190067291
19020,0.48882025480270386
88602,0.486818790435791
22700,0.4859239459037781
7526,0.4873153865337372
33457,0.48740050196647644
76909,0.4887026250362396
35423,0.4880867302417755
81166,0.48815545439720154
13660,0.4870639443397522
14412,0.48942452669143677
15714,0.48979365825653076
22063,0.4880378842353821
61727,0.48990803956985474
106614,0.48899030685424805
87164,0.485714316368103
46710,0.48834455013275146
19162,0.48824524879455566
3254,0.49085524678230286
9038,0.4884440302848816
95150,0.4864850640296936
95704,0.49091359972953796
83830,0.48575326800346375
71414,0.4887206256389618
38616,0.48571911454200745
103614,0.48727938532829285
88630,0.485709547996521
52521,0.48757466673851013
93076,0.4875505864620209
89485,0.48935389518737793
40660,0.48796698451042175
62817,0.48694661259651184
34049,0.4898417294025421
43571,0.49191588163375854
60077,0.48962923884391785
40460,0.490121454000473
22185,0.49317628145217896
15237,0.4879574775695801
66961,0.48419344425201416
67110,0.4888182580471039
40897,0.48639535903930664
80317,0.48726919293403625
83200,0.48562827706336975
25955,0.48503363132476807
60010,0.4884064793586731
912,0.48338258266448975
21643,0.4897412955760956
30001,0.48320284485816956
71796,0.4891207218170166
74445,0.4854998290538788
14690,0.4121837019920349
45915,0.48850926756858826
71040,0.4812946617603302
19444,0.4862363636493683
101898,0.4753989279270172
19483,0.49207180738449097
45070,0.48669832944869995
96007,0.4888503849506378
8226,0.4972466230392456
14087,0.48850005865097046
19621,0.4902576804161072
68803,0.48469245433807373
28496,0.4887683391571045
15223,0.4913686215877533
71389,0.4882963001728058
18222,0.4875483214855194
63426,0.4878729283809662
2400,0.487291544675827
90638,0.4895319640636444
93030,0.4893195629119873
47044,0.49130773544311523
95745,0.45964154601097107
93733,0.4851679503917694
9250,0.4883010685443878
12306,0.48343363404273987
64916,0.4913191795349121
97639,0.4905063509941101
93987,0.4865218698978424
69833,0.48732513189315796
65147,0.4902383089065552
1571,0.4927191138267517
52732,0.48537448048591614
24727,0.48962488770484924
36305,0.4863595962524414
33909,0.48763254284858704
36684,0.479498952627182
88787,0.48984652757644653
5125,0.4909455478191376
96456,0.4908808469772339
100451,0.4916132986545563
672,0.49070149660110474
2769,0.4874515235424042
9242,0.4845724403858185
36840,0.4932076632976532
92915,0.49104028940200806
53862,0.48764297366142273
92411,0.48643046617507935
2898,0.4791828691959381
19531,0.4775467813014984
47770,0.48461320996284485
94350,0.4869172275066376
89205,0.4881952404975891
59271,0.4866023361682892
73559,0.4874010682106018
35876,0.48812320828437805
1124,0.4899692237377167
55758,0.4888593256473541
27800,0.4874130189418793
95921,0.4869925379753113
90850,0.49155256152153015
67816,0.4869418740272522
70511,0.48933619260787964
12435,0.48795565962791443
82454,0.48540881276130676
78358,0.4890958368778229
46740,0.4886845350265503
100956,0.48631471395492554
92319,0.4886220097541809
18044,0.48328685760498047
23905,0.485414981842041
5811,0.47862038016319275
81252,0.4833887219429016
62867,0.4887422025203705
41210,0.48913347721099854
43549,0.4896707236766815
103807,0.4486986994743347
60885,0.4738619923591614
7522,0.48945352435112
85303,0.4926309287548065
106575,0.48981207609176636
20611,0.49030232429504395
71692,0.4899987578392029
2623,0.4888056516647339
35836,0.4845128357410431
20442,0.48916247487068176
61523,0.49023333191871643
77677,0.487539142370224
80546,0.4875979721546173
36731,0.4908105432987213
406,0.4909436106681824
76807,0.4869377911090851
30786,0.4889205992221832
33955,0.01658468320965767
97280,0.4843657314777374
59464,0.48757144808769226
67539,0.4923113286495209
24006,0.4905199408531189
10504,0.48261958360671997
4761,0.49175992608070374
17116,0.4866698086261749
45348,0.4886772334575653
27158,0.48603126406669617
95018,0.48942434787750244
52617,0.49284496903419495
92514,0.48868611454963684
16579,0.48564913868904114
88082,0.4877862334251404
63377,0.4757775366306305
100532,0.48533809185028076
57329,0.4876194894313812
16635,0.4893835783004761
6974,0.48538583517074585
17773,0.48866790533065796
8296,0.49113768339157104
99140,0.48229315876960754
55910,0.4867284893989563
18845,0.48464730381965637
75295,0.48032867908477783
21725,0.4884865880012512
22226,0.48315685987472534
96840,0.4875527322292328
70051,0.4879981279373169
34100,0.4890672266483307
57844,0.4872601330280304
70993,0.4879915416240692
66414,0.48868948221206665
46674,0.483902245759964
93752,0.488261342048645
92435,0.47737711668014526
37500,0.4853406250476837
56853,0.48688191175460815
9443,0.48755183815956116
99816,0.49321287870407104
8717,0.05575830861926079
75599,0.48652908205986023
81971,0.4908252954483032
85158,0.4882033169269562
39350,0.4903161823749542
52049,0.48476800322532654
82140,0.48991793394088745
6755,0.48733967542648315
20683,0.487116277217865
83701,0.4754214584827423
75241,0.4859142005443573
95970,0.4858417510986328
101659,0.4871657192707062
47233,0.48883846402168274
86028,0.48492035269737244
41131,0.4881434738636017
54595,0.48592865467071533
77569,0.48712772130966187
11808,0.4890381395816803
92335,0.4859142005443573
77221,0.4885006844997406
58213,0.4862271845340729
81687,0.4841092824935913
88983,0.48271358013153076
103781,0.481241375207901
5839,0.4829918444156647
50704,0.4887407720088959
41307,0.486331582069397
66524,0.486074298620224
66762,0.4884437918663025
37291,0.4883548617362976
35582,0.4882183074951172
95763,0.4861140549182892
57070,0.4890754222869873
98262,0.47817134857177734
102454,0.4871676564216614
77409,0.48698315024375916
96948,0.4877723753452301
63730,0.4880262613296509
96065,0.4880475401878357
19142,0.4838026762008667
80975,0.4390726685523987
45052,0.4949636459350586
72532,0.48810598254203796
35240,0.48819392919540405
4074,0.489734411239624
3116,0.48741430044174194
40238,0.4914774000644684
83980,0.491628497838974
71077,0.4596972167491913
36494,0.48846155405044556
102186,0.49594980478286743
8686,0.49009665846824646
33403,0.4896765649318695
94903,0.48935869336128235
98535,0.48862406611442566
21363,0.4925325810909271
27301,0.48863500356674194
62190,0.4879787266254425
194,0.4877147674560547
59599,0.48988234996795654
41074,0.4897553622722626
27736,0.4951576292514801
68224,0.49041905999183655
2846,0.48320338129997253
73329,0.4906735420227051
5316,0.49095985293388367
2706,0.4847642183303833
18783,0.4877167344093323
7565,0.4895428717136383
71519,0.4867101311683655
51119,0.4863439202308655
73556,0.4884035885334015
3629,0.4871503412723541
96197,0.48683029413223267
76831,0.4853454530239105
41283,0.4926782548427582
57436,0.48880907893180847
55158,0.4862358570098877
13294,0.4855378270149231
36363,0.49188414216041565
92465,0.488008588552475
12609,0.4807247817516327
73237,0.4878143072128296
106084,0.4914594888687134
425,0.48844584822654724
16773,0.48923105001449585
102694,0.46520406007766724
75930,0.4875831604003906
76772,0.4784472584724426
73463,0.48707878589630127
35492,0.484505832195282
100962,0.493082195520401
58898,0.48448097705841064
18809,0.49229303002357483
76369,0.4906720519065857
103775,0.4901202917098999
50947,0.4876808524131775
107105,0.4881754219532013
52820,0.4927261769771576
35491,0.4921112358570099
23943,0.48973140120506287
28067,0.4879065155982971
2091,0.49029454588890076
19327,0.48836851119995117
45743,0.49098750948905945
11684,0.48859766125679016
37212,0.4908026158809662
98860,0.4894658029079437
70244,0.4935484528541565
87254,0.48753392696380615
81809,0.48514020442962646
39662,0.49093860387802124
18993,0.4949083924293518
102329,0.48839637637138367
71104,0.3356616795063019
103136,0.48536416888237
62301,0.4843623638153076
97951,0.48819074034690857
12261,0.4871402680873871
29607,0.4866459369659424
64961,0.4893438220024109
105560,0.4907451272010803
14058,0.48993200063705444
25224,0.48984000086784363
97216,0.47150611877441406
66479,0.493412584066391
43400,0.49082180857658386
103361,0.48665571212768555
71857,0.49000126123428345
102951,0.48573485016822815
70474,0.48546016216278076
1561,0.48849061131477356
1056,0.48757404088974
5929,0.48810648918151855
3326,0.488427072763443
472,0.4945063591003418
105328,0.48987066745758057
18584,0.48958608508110046
14336,0.48642221093177795
38718,0.4888172745704651
81705,0.4873926341533661
90578,0.49439606070518494
21136,0.4857371151447296
96526,0.48992589116096497
70688,0.48521891236305237
32076,0.48311078548431396
79227,0.49090245366096497
70403,0.4936106503009796
36172,0.48768872022628784
69145,0.48394903540611267
79692,0.48713335394859314
92917,0.48804470896720886
85506,0.48828229308128357
15441,0.4891310930252075
102805,0.4872627258300781
53322,0.05144299939274788
53628,0.4877239465713501
67053,0.4870884418487549
49664,0.48825588822364807
52379,0.4909423291683197
89927,0.48742151260375977
79306,0.48864832520484924
61848,0.4865981638431549
59894,0.4908648729324341
6343,0.48735761642456055
49379,0.4871009588241577
43932,0.4924094080924988
51891,0.484841525554657
47684,0.48937100172042847
42368,0.48658621311187744
94677,0.4897463023662567
81349,0.4874376952648163
101549,0.4900313913822174
102583,0.4918884038925171
102751,0.48966357111930847
73545,0.48354586958885193
87746,0.48703426122665405
91360,0.49375540018081665
50130,0.48843732476234436
86506,0.48720359802246094
43251,0.49067962169647217
82991,0.4740079641342163
1196,0.49161750078201294
35346,0.4846605658531189
95915,0.4874601364135742
50942,0.4903121888637543
94004,0.4908057153224945
67116,0.3564891517162323
85848,0.488755464553833
92443,0.49160245060920715
27564,0.48397043347358704
1052,0.4853828549385071
56865,0.4860996901988983
71213,0.4881369471549988
97167,0.4809395968914032
31611,0.4893835783004761
97081,0.488981693983078
85914,0.4886082410812378
77780,0.4863792359828949
79735,0.4889724552631378
38070,0.48909932374954224
104624,0.4899043142795563
85892,0.48170801997184753
61573,0.49054065346717834
106356,0.4856872856616974
32933,0.4909253716468811
68606,0.4887778162956238
26191,0.4867626130580902
72996,0.49128207564353943
14888,0.49274295568466187
15547,0.4890883266925812
82169,0.4902763068675995
79334,0.4917827546596527
71949,0.4875454306602478
34097,0.4883977174758911
34726,0.4869493246078491
35190,0.48904359340667725
102937,0.48479366302490234
47205,0.4718768298625946
53487,0.49135759472846985
32023,0.4900677800178528
84844,0.4851996600627899
31030,0.48799434304237366
594,0.48131251335144043
95995,0.4812059998512268
29256,0.4842950403690338
28103,0.49334409832954407
101705,0.48977479338645935
54597,0.488277405500412
86133,0.49048271775245667
48719,0.4874114394187927
13481,0.48839327692985535
56647,0.4886494576931
103100,0.4832197427749634
61338,0.4863947629928589
1745,0.48672735691070557
44981,0.3543446362018585
21909,0.48606619238853455
63191,0.48565223813056946
105688,0.48841387033462524
50576,0.48791366815567017
59004,0.1618979275226593
78710,0.4869394302368164
81266,0.4892536401748657
53011,0.49143126606941223
59454,0.4877602458000183
62370,0.48973870277404785
15436,0.4856249690055847
47496,0.4867998957633972
46929,0.48451054096221924
31547,0.48018690943717957
40230,0.4842628836631775
72864,0.4895053505897522
96419,0.48772189021110535
100337,0.48166823387145996
16843,0.48943793773651123
31034,0.4866148829460144
21759,0.4883662164211273
46175,0.47101709246635437
30282,0.41583487391471863
38301,0.48849305510520935
29861,0.4863103926181793
31215,0.48762834072113037
75124,0.4839690327644348
49611,0.490142822265625
79184,0.4930325150489807
98827,0.4890713095664978
53215,0.49077001214027405
67845,0.4878239035606384
103204,0.4890904128551483
30524,0.4954318106174469
59626,0.4927980899810791
74164,0.4842275083065033
33755,0.49063462018966675
86222,0.49117034673690796
41359,0.4437885284423828
88380,0.4874975383281708
34779,0.4859851896762848
20786,0.4863661527633667
27313,0.49270060658454895
1923,0.4885667562484741
50465,0.4881361424922943
18269,0.4909636676311493
101096,0.33167991042137146
51741,0.4940759837627411
2655,0.4873148202896118
51362,0.48979651927948
28358,0.491914838552475
89742,0.4864209294319153
79000,0.4896836578845978
20164,0.48244139552116394
27133,0.48790833353996277
22732,0.49268868565559387
56571,0.49107030034065247
67016,0.4915328621864319
75456,0.4870443344116211
17639,0.4878804683685303
72842,0.4846195876598358
12597,0.48881596326828003
6071,0.4858487546443939
67489,0.4917508065700531
43846,0.4881743788719177
7860,0.4867704212665558
46167,0.4898744523525238
1043,0.4890068769454956
19831,0.4883595108985901
36952,0.48804333806037903
14413,0.49243682622909546
101104,0.48872774839401245
29305,0.4883582592010498
14320,0.4913225769996643
83868,0.490098774433136
19295,0.47514861822128296
50380,0.49086901545524597
41683,0.4886927306652069
11830,0.4879520833492279
76290,0.49116161465644836
27478,0.48654794692993164
10160,0.48735490441322327
34859,0.4894040822982788
17876,0.48745131492614746
89367,0.4880416989326477
62132,0.4895946979522705
79903,0.48765692114830017
99802,0.48702090978622437
91027,0.4917137920856476
31945,0.48725637793540955
103290,0.4848226010799408
77395,0.4889533519744873
39151,0.483321875333786
14446,0.49201148748397827
56349,0.4866410195827484
84526,0.48390939831733704
62866,0.49272850155830383
48188,0.4893241822719574
1284,0.4876401424407959
34337,0.4879351854324341
73565,0.48984846472740173
93997,0.4886043667793274
94490,0.4845843017101288
104352,0.47459107637405396
96339,0.48697444796562195
85425,0.4878358244895935
1773,0.4849834740161896
81364,0.4884696900844574
7846,0.48622193932533264
67297,0.49243026971817017
4437,0.485792875289917
83380,0.48545488715171814
32965,0.48822376132011414
11367,0.49000126123428345
11935,0.4814828634262085
67673,0.4848685562610626
73183,0.4842948019504547
106947,0.4879721403121948
61526,0.4840523600578308
19961,0.4905073642730713
64622,0.4890277683734894
45930,0.48846063017845154
31971,0.48718124628067017
75761,0.4899998903274536
63725,0.48767879605293274
76687,0.48982900381088257
92060,0.4891304075717926
100387,0.48793914914131165
98217,0.4907359480857849
81871,0.4876061677932739
16317,0.48838043212890625
66790,0.49036917090415955
82663,0.48980000615119934
73834,0.48836979269981384
21347,0.4868983328342438
86955,0.48907455801963806
86852,0.487226665019989
68457,0.487361878156662
88093,0.49017831683158875
81164,0.48642367124557495
61819,0.4869488775730133
13012,0.4885944724082947
13155,0.486742228269577
15783,0.48696866631507874
15673,0.49275240302085876
35925,0.49436861276626587
106969,0.4940241575241089
25640,0.48563265800476074
97931,0.48760169744491577
50074,0.4873311221599579
29649,0.48618265986442566
91931,0.4880400598049164
61722,0.4871731996536255
20287,0.4900258779525757
76463,0.4879777133464813
62710,0.4856470227241516
35255,0.4824519455432892
85906,0.48889413475990295
11618,0.4857025146484375
94378,0.4518846571445465
100329,0.49148839712142944
17723,0.4866742789745331
39882,0.44020119309425354
11795,0.49208763241767883
66789,0.3374815583229065
102765,0.4871073365211487
13650,0.4879712164402008
97337,0.48869818449020386
23806,0.4886970520019531
34279,0.48686647415161133
98949,0.4869926869869232
82142,0.4864851236343384
15659,0.4880545735359192
63656,0.49183887243270874
40763,0.4848140776157379
80836,0.4874032735824585
104849,0.45994699001312256
86473,0.48988455533981323
51194,0.48871344327926636
66403,0.4867382049560547
271,0.48971521854400635
2273,0.48775792121887207
81275,0.48775798082351685
14715,0.4900595545768738
57319,0.48816046118736267
35197,0.4878576099872589
98220,0.4881540536880493
94959,0.48665520548820496
91613,0.4908715486526489
94534,0.48497551679611206
81910,0.4861501157283783
76649,0.4841691851615906
23354,0.4877515137195587
40827,0.488452672958374
78654,0.48692208528518677
73369,0.48357972502708435
67659,0.48919400572776794
34111,0.491375207901001
102361,0.49102482199668884
37171,0.48750627040863037
27744,0.4924320876598358
53767,0.493412584066391
42072,0.4854162335395813
53742,0.48907211422920227
46497,0.49027159810066223
35788,0.48877882957458496
88746,0.4900044798851013
4922,0.4880965054035187
41718,0.49065345525741577
8802,0.4819774329662323
38604,0.4887656569480896
57098,0.49402520060539246
13275,0.49139395356178284
18055,0.49177446961402893
49524,0.4867664575576782
76101,0.4844745397567749
66332,0.4887610673904419
91441,0.4868808388710022
81061,0.27003684639930725
96013,0.488313227891922
33186,0.485718309879303
75009,0.4896772503852844
73082,0.48974162340164185
3525,0.4875112473964691
1836,0.4835890233516693
34802,0.48798951506614685
19758,0.4895075261592865
15902,0.48812592029571533
23441,0.4875362813472748
57798,0.4836895167827606
68964,0.49116867780685425
68435,0.48571527004241943
26294,0.48614048957824707
45844,0.4877498149871826
60688,0.4894464910030365
95472,0.48450806736946106
39837,0.48129963874816895
46184,0.49086734652519226
64478,0.4867437481880188
55688,0.49145999550819397
89513,0.48571011424064636
34602,0.48977306485176086
25366,0.4838410019874573
44642,0.49336209893226624
66923,0.48748767375946045
83881,0.4865749180316925
13996,0.48755669593811035
6535,0.48690760135650635
75328,0.4874458611011505
69789,0.4922807514667511
102472,0.48959407210350037
27005,0.48829367756843567
94773,0.4931351840496063
39038,0.4915236532688141
59584,0.4894852936267853
75032,0.4884377121925354
94365,0.4892924129962921
86729,0.4897603690624237
103277,0.48593732714653015
96803,0.486376017332077
58216,0.48740628361701965
59839,0.4876677989959717
98342,0.31515973806381226
60175,0.4892067313194275
82073,0.4916839897632599
93301,0.4932337701320648
63588,0.4891110062599182
27987,0.4679347276687622
80054,0.48568785190582275
28762,0.4910568296909332
92627,0.4883444011211395
37981,0.49064725637435913
103582,0.4870629906654358
26564,0.4797641932964325
54394,0.4881528615951538
44332,0.4896353483200073
22138,0.4888990521430969
94855,0.49045833945274353
4632,0.48794692754745483
32784,0.48775002360343933
32830,0.4908985495567322
5631,0.4854632616043091
16808,0.4867956042289734
99344,0.48879194259643555
62996,0.48914000391960144
94028,0.4884907305240631
23890,0.4843694269657135
65380,0.4838402271270752
227,0.4871963858604431
67725,0.48942047357559204
104891,0.4848685562610626
28004,0.4914340376853943
83787,0.4885174036026001
29242,0.48744621872901917
19087,0.48584896326065063
21662,0.4852697551250458
80430,0.48767828941345215
11521,0.4905891716480255
5769,0.4907166063785553
81749,0.4930683970451355
48697,0.4955775737762451
48172,0.4837855398654938
53034,0.4864634573459625
19406,0.487013041973114
96433,0.4828626215457916
31600,0.4895201325416565
27238,0.04047262296080589
99691,0.49157559871673584
82316,0.4884379804134369
47283,0.49136438965797424
97742,0.48684149980545044
22508,0.48825520277023315
49085,0.23614443838596344
35900,0.487272709608078
87088,0.49042820930480957
24902,0.4910934567451477
94494,0.48934417963027954
28022,0.48654019832611084
2059,0.48882219195365906
12010,0.49171778559684753
57179,0.49299386143684387
43643,0.4816505014896393
49136,0.48461616039276123
43229,0.489167720079422
94695,0.49118271470069885
35330,0.48748546838760376
68583,0.487750768661499
35691,0.4953675866127014
58106,0.49034205079078674
49013,0.4846274256706238
4021,0.4915288984775543
9736,0.4883771538734436
16976,0.49248677492141724
60727,0.4868023991584778
22616,0.48903003334999084
94363,0.485729455947876
102735,0.48192110657691956
73328,0.48878389596939087
82486,0.48815658688545227
45754,0.48375535011291504
52339,0.4879484176635742
27609,0.48781222105026245
75284,0.48967278003692627
31833,0.4890558123588562
43459,0.49262535572052
43426,0.4556970000267029
16966,0.4822637736797333
67316,0.4844355583190918
90027,0.4912187159061432
21202,0.49055591225624084
60034,0.4835050702095032
100336,0.4728223383426666
104126,0.4853875935077667
10532,0.48533084988594055
19102,0.48760905861854553
70178,0.48285505175590515
89262,0.48542094230651855
59485,0.45456185936927795
39936,0.49232444167137146
84258,0.4899185597896576
98035,0.48924678564071655
13638,0.4864097535610199
104139,0.4871479570865631
93985,0.48656803369522095
15049,0.4892851412296295
17040,0.4896940588951111
21849,0.4882529675960541
27661,0.4915648400783539
26382,0.48510655760765076
55516,0.4876115024089813
65056,0.4897864758968353
38204,0.4892706573009491
45724,0.4825384020805359
51528,0.4892079830169678
42609,0.4848700165748596
15379,0.4870557487010956
70841,0.4913038909435272
49635,0.48508507013320923
54418,0.4537014663219452
34898,0.4878327548503876
82519,0.4876900315284729
22371,0.4894905984401703
31017,0.48934879899024963
95026,0.4854692816734314
54736,0.48994287848472595
17067,0.4871703088283539
65336,0.48827606439590454
64461,0.48851343989372253
81513,0.48831915855407715
56947,0.48601314425468445
27779,0.4888048470020294
97067,0.48759955167770386
56463,0.4834032654762268
33626,0.48854994773864746
87493,0.4835985004901886
45569,0.4931803345680237
20981,0.48731282353401184
145,0.48990824818611145
22884,0.4895366430282593
8896,0.4926777780056
17763,0.4841315746307373
6716,0.488158643245697
77738,0.4865425229072571
72793,0.48848986625671387
7354,0.4876236319541931
23390,0.4887896478176117
86826,0.4892694056034088
102897,0.4887772798538208
2390,0.4815676510334015
101532,0.48517513275146484
71510,0.48827865719795227
85733,0.48733100295066833
104850,0.4917842447757721
36937,0.4804382920265198
62521,0.489974707365036
329,0.48296546936035156
58726,0.4908398985862732
104467,0.48880571126937866
11753,0.4884055256843567
75997,0.4899290204048157
44827,0.48104768991470337
81596,0.48541122674942017
5976,0.48388224840164185
14096,0.48872050642967224
32561,0.4831759035587311
97574,0.4871003329753876
87563,0.49107661843299866
4012,0.48894646763801575
44065,0.4880146086215973
7357,0.4826123118400574
32431,0.4867401421070099
97914,0.4864096939563751
10926,0.49005967378616333
25951,0.44125914573669434
16993,0.4858901798725128
83006,0.4904300570487976
65555,0.4868222177028656
47229,0.48578941822052
24230,0.4872191548347473
80478,0.4869570732116699
12794,0.48554423451423645
101427,0.4874999225139618
77338,0.4877588748931885
60261,0.4912460446357727
61243,0.4893587827682495
52749,0.48815762996673584
35153,0.48196840286254883
1847,0.48444247245788574
37515,0.4837649464607239
59715,0.4871574640274048
75508,0.4823359251022339
68453,0.4906899631023407
38857,0.4630837142467499
76901,0.4891641139984131
45312,0.49291008710861206
64699,0.4957025647163391
107124,0.48754802346229553
106450,0.4889713227748871
59034,0.19669976830482483
28823,0.48526090383529663
16562,0.47291260957717896
7111,0.49126100540161133
62848,0.48797282576560974
2065,0.48785579204559326
93643,0.4830237627029419
14995,0.4914551079273224
10652,0.49084827303886414
96790,0.4895114004611969
13931,0.49009618163108826
105910,0.48898762464523315
105867,0.4878135621547699
47543,0.4879998564720154
52396,0.48891112208366394
11384,0.487450510263443
58047,0.4872344434261322
27059,0.48790380358695984
62378,0.4865175783634186
91044,0.48897209763526917
65285,0.49199342727661133
9793,0.4855615496635437
87140,0.49095648527145386
60724,0.48944970965385437
102439,0.4908675253391266
79462,0.488659143447876
37993,0.4843800365924835
83192,0.4877411723136902
16217,0.48900604248046875
50809,0.4883081018924713
69198,0.4869813323020935
4837,0.47524121403694153
1378,0.4898100793361664
6627,0.482932984828949
44185,0.4891449511051178
89323,0.48417842388153076
30419,0.4887103736400604
44183,0.4888414442539215
70038,0.4891875684261322
42202,0.48601019382476807
68211,0.4881339967250824
86889,0.4917830526828766
70314,0.4892842471599579
28421,0.48818784952163696
79594,0.48262420296669006
63970,0.48856326937675476
66554,0.49025556445121765
73096,0.4891546070575714
63901,0.4888167083263397
48610,0.49337172508239746
4433,0.4854576885700226
83417,0.4862353503704071
26109,0.4871746003627777
107024,0.48816239833831787
103750,0.491071492433548
83501,0.4864870011806488
29599,0.4813176393508911
7580,0.4854085445404053
90263,0.4917186498641968
16027,0.4826446771621704
96145,0.48658040165901184
38150,0.48392581939697266
40057,0.45681241154670715
31590,0.4884398579597473
101651,0.48445603251457214
98893,0.4874427020549774
5608,0.49357888102531433
32223,0.48667609691619873
104466,0.4937644600868225
24293,0.49238258600234985
48837,0.4879297912120819
63309,0.4910571277141571
55433,0.48790669441223145
35375,0.4818815290927887
65396,0.48387718200683594
91489,0.48242563009262085
86721,0.4876430928707123
10224,0.487652450799942
87346,0.49243682622909546
57170,0.49276235699653625
100290,0.4865208566188812
35196,0.48931488394737244
44191,0.48783671855926514
92164,0.47449883818626404
29280,0.4904736578464508
25538,0.48870375752449036
83987,0.48729249835014343
62898,0.48469430208206177
106361,0.48871687054634094
25136,0.48569583892822266
29505,0.48663395643234253
83536,0.48745888471603394
45658,0.48890599608421326
3288,0.4874347746372223
23616,0.4894808828830719
41581,0.48590582609176636
11609,0.39617919921875
90769,0.48778045177459717
94406,0.48279285430908203
6965,0.4879116117954254
51073,0.4869023561477661
51777,0.48556238412857056
61494,0.48778486251831055
25372,0.4837833046913147
71318,0.47423794865608215
46254,0.489557683467865
46722,0.4903661906719208
42554,0.48688021302223206
47197,0.49077194929122925
51552,0.48804622888565063
4582,0.48976266384124756
69685,0.4922035336494446
64327,0.4885033071041107
90833,0.4878135621547699
100852,0.49196791648864746
32398,0.48813602328300476
94635,0.4911264181137085
24454,0.48879626393318176
34791,0.48504164814949036
12741,0.4814828932285309
14778,0.4918522536754608
48422,0.4921761453151703
44847,0.4896255135536194
4140,0.4881437122821808
79918,0.48258399963378906
11546,0.4915102422237396
8942,0.48839959502220154
40240,0.48639434576034546
70332,0.20332495868206024
27702,0.48876652121543884
30292,0.4893037676811218
95337,0.4891856908798218
53342,0.4890419542789459
23596,0.4876977503299713
16604,0.485649436712265
23231,0.4840618669986725
54794,0.48622485995292664
94579,0.48783785104751587
88392,0.49039575457572937
25986,0.4791915714740753
102710,0.4874943494796753
55373,0.4909036159515381
20649,0.48777464032173157
48177,0.4732770621776581
76434,0.48875126242637634
70908,0.49181342124938965
102742,0.48719459772109985
25058,0.4917733073234558
78434,0.3382441997528076
80726,0.48848235607147217
65248,0.49006447196006775
88275,0.49352219700813293
74074,0.4904600977897644
21876,0.4870695471763611
103450,0.487969309091568
67928,0.48910611867904663
59256,0.48798689246177673
46298,0.48640790581703186
98195,0.4904607832431793
95110,0.4935641288757324
82195,0.4889087975025177
21832,0.49127596616744995
61503,0.48291292786598206
91959,0.48790696263313293
26200,0.491524338722229
25686,0.4909742772579193
64370,0.4875234365463257
57104,0.48304489254951477
85740,0.4864371120929718
65082,0.48509863018989563
73465,0.4907688498497009
14815,0.4904341995716095
62566,0.48827269673347473
65389,0.4919261336326599
36629,0.4858836233615875
2761,0.4859974682331085
46122,0.48855963349342346
46708,0.48826998472213745
48543,0.49436408281326294
38437,0.48719221353530884
41679,0.4880892336368561
11943,0.4873567223548889
80663,0.49297747015953064
57362,0.4886836111545563
78294,0.49139639735221863
11443,0.48852184414863586
3339,0.4885247051715851
8333,0.49012288451194763
73688,0.4885651469230652
101048,0.4850318133831024
38807,0.490099161863327
91992,0.49259239435195923
103660,0.2007426619529724
4349,0.4864268898963928
23900,0.49008291959762573
54890,0.4950103163719177
47554,0.4888245165348053
57897,0.4880485534667969
95129,0.4881424009799957
97155,0.48490622639656067
78284,0.4888327717781067
53620,0.48757943511009216
17540,0.4789462685585022
90980,0.4846118092536926
53178,0.4894259572029114
54282,0.48921576142311096
83611,0.48747605085372925
74832,0.48824912309646606
33521,0.48550906777381897
22312,0.48792946338653564
8327,0.49216049909591675
48181,0.489179402589798
61597,0.4885989725589752
56734,0.4889622926712036
7246,0.48871567845344543
18123,0.4881874620914459
18892,0.4931199848651886
48849,0.4926067292690277
47669,0.48615729808807373
94924,0.48654115200042725
48512,0.4874342679977417
9957,0.48834559321403503
15707,0.4857472777366638
55630,0.4729951024055481
9362,0.48794159293174744
66120,0.48438072204589844
16363,0.48672014474868774
16402,0.48106420040130615
41921,0.49588707089424133
22353,0.4886152446269989
14686,0.486326664686203
28415,0.48465093970298767
105355,0.494582861661911
41053,0.4877564013004303
37061,0.4879920184612274
6933,0.4883957803249359
31839,0.48799052834510803
44786,0.48956459760665894
70036,0.09423134475946426
68703,0.4855037033557892
42378,0.4906447231769562
36526,0.488278329372406
49901,0.4902106821537018
74032,0.4834592640399933
45628,0.4917280972003937
31979,0.48751917481422424
53486,0.4906199276447296
46763,0.49251359701156616
85408,0.48660337924957275
22637,0.48407357931137085
85061,0.4896078407764435
22921,0.48569953441619873
29685,0.48731765151023865
44220,0.4890224039554596
1290,0.4784338176250458
35918,0.485074907541275
95177,0.4080178141593933
31992,0.4868225157260895
61329,0.4911056458950043
58169,0.487332820892334
7717,0.48991185426712036
81789,0.490274578332901
12979,0.48868462443351746
43043,0.48013991117477417
75875,0.49139562249183655
42519,0.38046687841415405
78452,0.48703646659851074
52550,0.4865126609802246
106635,0.49136582016944885
95352,0.4899292588233948
7091,0.44905298948287964
101511,0.4884577989578247
61044,0.48835280537605286
63031,0.4884037971496582
86820,0.26897475123405457
70201,0.48681116104125977
92595,0.48925158381462097
45050,0.03677361086010933
28950,0.48746728897094727
25218,0.487639456987381
49914,0.48514705896377563
28318,0.48721858859062195
20136,0.4794192612171173
71667,0.4821159839630127
100422,0.4846934378147125
13447,0.4710950553417206
19832,0.48866039514541626
106236,0.48813068866729736
102494,0.49026724696159363
19099,0.46272170543670654
1374,0.4893166124820709
100798,0.48454490303993225
50458,0.4865432381629944
8098,0.49048110842704773
46587,0.48184892535209656
97916,0.4887576401233673
15653,0.4854581356048584
41534,0.48843833804130554
1648,0.48551928997039795
20773,0.4919211268424988
67182,0.4853622019290924
75074,0.4832826852798462
103776,0.4841732680797577
84381,0.009726808406412601
66906,0.49069294333457947
76170,0.44937828183174133
3635,0.49375271797180176
100541,0.48705512285232544
42074,0.48792433738708496
61498,0.48733893036842346
5817,0.4860629141330719
5050,0.4886401295661926
79558,0.4897330403327942
93493,0.4840361475944519
3526,0.4861055016517639
14253,0.4929752051830292
41847,0.4866907596588135
11067,0.4903498888015747
19072,0.49052584171295166
42248,0.48814308643341064
27783,0.4879721999168396
97731,0.4866121709346771
65049,0.4894447922706604
48336,0.48186054825782776
87509,0.48798325657844543
22247,0.48196762800216675
98041,0.4854861795902252
89133,0.4897233247756958
28435,0.48849567770957947
1568,0.4874550998210907
49259,0.4854365587234497
40251,0.4918926954269409
21063,0.48925280570983887
39510,0.48064103722572327
84092,0.48794659972190857
21541,0.49130624532699585
56060,0.49114009737968445
58625,0.48368293046951294
55009,0.48721036314964294
4421,0.48703280091285706
58289,0.4951323866844177
81464,0.48783332109451294
56880,0.4899040758609772
94733,0.49033647775650024
89920,0.474807471036911
95370,0.4878869950771332
86551,0.48383626341819763
64842,0.4870206415653229
98219,0.4881836473941803
14959,0.4903390109539032
61918,0.4921317994594574
30768,0.48679983615875244
84626,0.48974230885505676
87409,0.4761626124382019
71910,0.488825261592865
76044,0.4901197850704193
93349,0.48489680886268616
83169,0.48696357011795044
40924,0.4890393912792206
83906,0.49323734641075134
90343,0.4869896471500397
99624,0.4856605529785156
60372,0.4874853491783142
17360,0.4914705455303192
3376,0.4865833818912506
101531,0.487486869096756
92693,0.48533546924591064
63830,0.48644840717315674
105550,0.4860396087169647
67793,0.48129162192344666
74065,0.4903908967971802
52043,0.48838087916374207
101272,0.48821625113487244
95104,0.48977896571159363
12014,0.48528963327407837
56921,0.4870878756046295
91011,0.48657965660095215
22278,0.4863174259662628
72818,0.4844774007797241
18017,0.4866124987602234
85902,0.48823025822639465
73281,0.4859929084777832
66154,0.4870382845401764
64930,0.48181381821632385
99208,0.48920080065727234
46912,0.4873608946800232
82434,0.48445942997932434
34011,0.4873771071434021
93158,0.4887961447238922
2811,0.4854266345500946
10413,0.4867052435874939
19194,0.4872802793979645
49608,0.48677754402160645
66841,0.49243807792663574
58801,0.48837703466415405
102353,0.4876221716403961
48903,0.49162936210632324
59202,0.49163898825645447
88029,0.490815132856369
77130,0.48875734210014343
40716,0.49078384041786194
51834,0.4938945770263672
2106,0.48746126890182495
43645,0.48554670810699463
103317,0.48914745450019836
90097,0.48649680614471436
67179,0.4892389178276062
75619,0.4908722937107086
91664,0.4867386817932129
84404,0.4877682328224182
62415,0.4869578182697296
44375,0.4888351261615753
99252,0.4883823096752167
62134,0.4822213649749756
36512,0.48922866582870483
39584,0.4866885244846344
49182,0.48304957151412964
9209,0.4881882965564728
23385,0.4916687309741974
14286,0.490317165851593
29787,0.4683721959590912
39647,0.48671913146972656
47671,0.48561379313468933
28786,0.48114416003227234
59678,0.48574042320251465
30071,0.48905330896377563
89480,0.48910439014434814
12125,0.4880942404270172
93053,0.48872050642967224
19649,0.486310213804245
18321,0.48839181661605835
55999,0.4890395998954773
31501,0.4880094826221466
8089,0.4882659316062927
25411,0.49085214734077454
91874,0.4870893955230713
466,0.48501500487327576
49124,0.4892576336860657
16452,0.48511675000190735
51030,0.488068163394928
14352,0.4871283769607544
20051,0.48496711254119873
68506,0.4871290624141693
46932,0.48940858244895935
48724,0.483427494764328
106754,0.48731741309165955
70520,0.4921122193336487
32716,0.48521891236305237
19783,0.49031001329421997
1729,0.4869667589664459
38511,0.4851658046245575
27811,0.4876822531223297
40368,0.4906260371208191
49438,0.4858352243900299
106631,0.48291313648223877
43598,0.48693299293518066
88438,0.48959264159202576
38912,0.48942995071411133
88719,0.49081283807754517
33208,0.48864513635635376
75282,0.4866963028907776
73266,0.48872727155685425
19084,0.4869443476200104
5823,0.4873320758342743
34194,0.4913807809352875
36136,0.488188773393631
55696,0.4843953251838684
27683,0.4848508834838867
49127,0.4900980293750763
58850,0.48705506324768066
19462,0.4382861852645874
25121,0.4857643246650696
32769,0.4888649582862854
67726,0.4836854934692383
30824,0.49103957414627075
104718,0.4892279803752899
93260,0.4919208288192749
72559,0.48929256200790405
34565,0.48633670806884766
29042,0.4911019206047058
98338,0.4874078035354614
39563,0.48327693343162537
70885,0.4827668070793152
7911,0.4903583228588104
23393,0.48594701290130615
29608,0.4888067841529846
55788,0.4875427484512329
30151,0.4930920898914337
88907,0.4677579402923584
2054,0.4814993739128113
24459,0.48912060260772705
21357,0.47814083099365234
10902,0.48767563700675964
46706,0.4907631278038025
47885,0.4879957437515259
105126,0.48830026388168335
51203,0.49163350462913513
87021,0.49004799127578735
16789,0.48777681589126587
104871,0.49044376611709595
36294,0.49140995740890503
7053,0.488839328289032
71733,0.4924719035625458
80090,0.4833991527557373
6574,0.4846876263618469
31797,0.4919038712978363
19952,0.48793303966522217
16668,0.48464903235435486
48236,0.48627135157585144
40314,0.48615193367004395
66603,0.4885769486427307
23583,0.4892953634262085
61738,0.48819535970687866
50567,0.4876886010169983
38284,0.48484596610069275
3562,0.4839324951171875
42704,0.48893648386001587
21007,0.48960721492767334
56284,0.4889012575149536
72475,0.48898589611053467
24080,0.49159887433052063
50203,0.48898521065711975
86643,0.48356348276138306
35152,0.48912104964256287
44133,0.48677200078964233
40041,0.4854491651058197
82527,0.4930941164493561
35320,0.48749086260795593
100607,0.4902332127094269
91405,0.47775861620903015
51837,0.487397164106369
22239,0.48810985684394836
79207,0.4937549829483032
65262,0.487072616815567
65622,0.4857141077518463
29865,0.43103450536727905
90444,0.4865909516811371
58080,0.4849405884742737
96233,0.48756304383277893
104292,0.4894255995750427
23999,0.4914570748806
87724,0.48921826481819153
61964,0.4807722866535187
28233,0.4910528063774109
87041,0.4923897683620453
29483,0.48881232738494873
14131,0.48811325430870056
97450,0.4928215742111206
65873,0.4837820827960968
44510,0.48975619673728943
35799,0.48898714780807495
91708,0.4869537353515625
93454,0.49085283279418945
8299,0.48403850197792053
35919,0.4877336919307709
628,0.48903989791870117
21766,0.48693451285362244
44458,0.4910152852535248
60983,0.4862932860851288
4255,0.4881930351257324
49690,0.48662638664245605
67251,0.4862188994884491
18018,0.485442191362381
64334,0.4881918430328369
23020,0.49115321040153503
64539,0.4861157536506653
2636,0.48732098937034607
4239,0.4872206151485443
2916,0.4872097671031952
47620,0.490262895822525
95172,0.4865940511226654
87497,0.4864664375782013
102911,0.48601359128952026
62964,0.4759373962879181
17161,0.4850180745124817
67138,0.4875452518463135
16931,0.48735931515693665
2191,0.48836997151374817
85278,0.48884281516075134
32044,0.4883294403553009
13297,0.4899563193321228
22001,0.4913088381290436
25536,0.4872296154499054
82091,0.48990705609321594
79109,0.48389822244644165
99901,0.49085959792137146
87478,0.4863750636577606
80502,0.4828556180000305
77107,0.4798455536365509
92705,0.4873131215572357
82783,0.48871082067489624
90183,0.4880279004573822
53221,0.48452261090278625
54010,0.48239457607269287
43465,0.4870219826698303
37604,0.4813968539237976
12589,0.4828224182128906
76240,0.4916430711746216
9378,0.48885470628738403
19599,0.47785234451293945
58146,0.4740586280822754
15010,0.49079933762550354
61669,0.48819318413734436
389,0.48797112703323364
28590,0.4884491562843323
26249,0.4901239573955536
50580,0.48687246441841125
91531,0.4893076419830322
76422,0.4871286153793335
98346,0.4893497824668884
64132,0.48421430587768555
2103,0.486678808927536
52810,0.4910363554954529
99888,0.4906976521015167
105511,0.48798099160194397
45949,0.48856645822525024
35279,0.4835493266582489
69937,0.4859166145324707
88281,0.4883473515510559
35458,0.48271235823631287
98724,0.49233728647232056
33661,0.49151667952537537
36453,0.49122223258018494
66277,0.4838103652000427
11313,0.48698580265045166
54039,0.4880959391593933
67162,0.4877650737762451
82272,0.48706796765327454
11190,0.485553115606308
51756,0.4865197241306305
87877,0.4840686619281769
65208,0.4845455586910248
938,0.4900529682636261
8843,0.48857471346855164
62361,0.4761100709438324
51842,0.4899459183216095
68472,0.4874534606933594
7764,0.4884778559207916
42727,0.4873858392238617
203,0.4933711886405945
37980,0.4890454411506653
102455,0.4859358072280884
83234,0.4875517189502716
57168,0.48510611057281494
34845,0.49269503355026245
55704,0.48601821064949036
43121,0.48729047179222107
33031,0.4879700243473053
84017,0.48890724778175354
65439,0.4852792024612427
76588,0.4877026081085205
97248,0.48875662684440613
36473,0.49023470282554626
33423,0.4834047555923462
56678,0.4843939244747162
40269,0.4908972978591919
60140,0.4878338873386383
16164,0.4830315411090851
31227,0.4891129434108734
100102,0.48122596740722656
95294,0.48731011152267456
62010,0.4913341999053955
104912,0.4893058240413666
8993,0.4919247627258301
15518,0.48966991901397705
50328,0.4942020773887634
40417,0.48784738779067993
93859,0.48669081926345825
5016,0.4898141920566559
21094,0.49261239171028137
26228,0.49092522263526917
39317,0.48715174198150635
6096,0.4891558587551117
71548,0.4857310950756073
24220,0.4862964451313019
21791,0.48282960057258606
20371,0.48383650183677673
67898,0.4888647496700287
103635,0.48274940252304077
49440,0.44945046305656433
94769,0.49021729826927185
10446,0.49276670813560486
33663,0.48790618777275085
16336,0.4769485890865326
13881,0.48816990852355957
45024,0.48628270626068115
18329,0.4890402853488922
71536,0.4890768527984619
45269,0.4914284646511078
53758,0.48882046341896057
30249,0.4887158274650574
16989,0.48348644375801086
66127,0.4908684492111206
20159,0.48707816004753113
23049,0.4752454161643982
106243,0.49167004227638245
91756,0.48886314034461975
30302,0.4880867898464203
50487,0.49115389585494995
94582,0.48724082112312317
85863,0.4875011146068573
54544,0.4875810742378235
24480,0.48346617817878723
66645,0.4894770085811615
48238,0.4900473952293396
87273,0.4882466197013855
84861,0.4862440228462219
25328,0.48761433362960815
93455,0.49217990040779114
76358,0.48764485120773315
64119,0.48538944125175476
95989,0.4928837716579437
14317,0.48847633600234985
29470,0.4857513904571533
74323,0.4885936677455902
80695,0.48295095562934875
26939,0.4897945821285248
29512,0.48918893933296204
74168,0.48102355003356934
48035,0.4894789457321167
95266,0.49216189980506897
1493,0.48824068903923035
50973,0.48737382888793945
74763,0.4837804138660431
55922,0.4944906234741211
22062,0.48517417907714844
30450,0.4880220890045166
93468,0.4815995991230011
53150,0.4798714518547058
47326,0.4879257082939148
55563,0.48539409041404724
70116,0.4923902153968811
57580,0.48649314045906067
75952,0.4887446463108063
100913,0.4907779395580292
95057,0.48908478021621704
91782,0.4887673258781433
16983,0.4877990484237671
2975,0.48846131563186646
88963,0.4929908514022827
19730,0.4905731678009033
93990,0.4852628707885742
1787,0.4884948134422302
46145,0.4875565767288208
85637,0.48274824023246765
24327,0.48622453212738037
106396,0.4889184236526489
105351,0.4881148040294647
19104,0.4876125752925873
17291,0.48731672763824463
104618,0.48899194598197937
97225,0.48637816309928894
101063,0.48752111196517944
63097,0.48150306940078735
39930,0.4906908869743347
80503,0.4878583252429962
32279,0.37098240852355957
70128,0.49097785353660583
29146,0.48770472407341003
48275,0.4901532530784607
61528,0.4836859405040741
39366,0.4876912236213684
80412,0.48820820450782776
60591,0.48807424306869507
21378,0.48843446373939514
81393,0.48799553513526917
91555,0.4860522747039795
71883,0.4855085015296936
44107,0.48883044719696045
79009,0.4870023727416992
93069,0.4848920404911041
52996,0.48914214968681335
6842,0.4912448525428772
49577,0.4886752963066101
52152,0.48904258012771606
69008,0.49040770530700684
32692,0.48892298340797424
58630,0.48186352849006653
35659,0.4856913387775421
42219,0.48768386244773865
81987,0.48960259556770325
74,0.48858359456062317
78664,0.49149301648139954
22392,0.4882376790046692
10881,0.4921879768371582
24942,0.486711323261261
56862,0.48833200335502625
19427,0.4889622926712036
34266,0.49080750346183777
34763,0.4903651475906372
24096,0.4889480471611023
104578,0.4866136312484741
94951,0.49065449833869934
40265,0.48931819200515747
3839,0.48589521646499634
43888,0.4931621849536896
105288,0.4861984848976135
12266,0.4882112741470337
30075,0.4898954927921295
95856,0.48907309770584106
52529,0.4852466881275177
91774,0.48440176248550415
54433,0.48920878767967224
103412,0.4935174882411957
45906,0.4929432272911072
51747,0.49078378081321716
53810,0.4849749505519867
24965,0.49304521083831787
17742,0.4820738732814789
1212,0.48783472180366516
59267,0.4884379506111145
66069,0.4933238625526428
25825,0.48554569482803345
41556,0.4868853986263275
64267,0.4895070493221283
15754,0.4823797047138214
13892,0.49087613821029663
64328,0.48922955989837646
55212,0.48843929171562195
8371,0.48450011014938354
81568,0.4864177107810974
18101,0.49296343326568604
54160,0.4921368360519409
34453,0.4857739508152008
66343,0.48834484815597534
4086,0.48326218128204346
1085,0.4923946261405945
10156,0.4883768558502197
21172,0.4866921901702881
67913,0.48909857869148254
78219,0.4926334619522095
28244,0.48273158073425293
51011,0.4840404689311981
3011,0.49035361409187317
8356,0.4883998930454254
63902,0.48619362711906433
49992,0.4868493378162384
26714,0.48819291591644287
106503,0.4885946214199066
78596,0.48715028166770935
7829,0.4923754930496216
20002,0.4645339548587799
53668,0.4870457947254181
42773,0.48902052640914917
72273,0.4863903522491455
81964,0.4898776412010193
88213,0.4774948060512543
21519,0.4858430027961731
28541,0.487887442111969
99540,0.4876861870288849
20708,0.17627881467342377
25251,0.48479777574539185
10159,0.4885084331035614
14546,0.4900476336479187
28348,0.48732081055641174
75697,0.48232632875442505
34095,0.4902278184890747
78762,0.4480021893978119
82267,0.48229727149009705
69531,0.48857682943344116
93925,0.48433372378349304
57367,0.48871731758117676
94289,0.4908354878425598
73721,0.4841073453426361
44406,0.48723483085632324
79677,0.4884237051010132
99727,0.4891950488090515
90442,0.4877777099609375
103355,0.48816466331481934
65494,0.48915231227874756
38906,0.4879720211029053
73588,0.48729363083839417
45264,0.48622599244117737
99425,0.48563170433044434
20711,0.48670217394828796
52116,0.488300085067749
101759,0.4861035943031311
78431,0.4875042140483856
52806,0.48530200123786926
22326,0.49354368448257446
19481,0.48832130432128906
29560,0.48786020278930664
45130,0.029595276340842247
59789,0.48505347967147827
40995,0.4887676537036896
48922,0.49116459488868713
63198,0.491698294878006
63610,0.4880107343196869
75000,0.4842619299888611
36325,0.4900943636894226
15996,0.4860508143901825
52599,0.48278507590293884
1266,0.48593541979789734
92023,0.4863758981227875
86566,0.48918551206588745
61816,0.4887533187866211
4673,0.49139752984046936
57549,0.4921676516532898
22904,0.48853665590286255
80619,0.48703527450561523
48653,0.49246007204055786
74673,0.45698004961013794
52436,0.4881085455417633
13915,0.43626534938812256
42346,0.4884280860424042
21030,0.48775944113731384
12289,0.486956924200058
42408,0.4864772856235504
49915,0.48836225271224976
78645,0.4874381721019745
73874,0.48658692836761475
82582,0.49035608768463135
16442,0.48713788390159607
11874,0.48752540349960327
61980,0.4871552586555481
23261,0.48827195167541504
82191,0.4882480800151825
51689,0.49327927827835083
5899,0.4920923709869385
96499,0.4926839768886566
102987,0.48664039373397827
82598,0.4858623147010803
99762,0.48995015025138855
78500,0.48791366815567017
63759,0.4874243438243866
13717,0.4755114018917084
16463,0.484512597322464
44868,0.4868680536746979
91073,0.4860180914402008
20326,0.4875752925872803
9638,0.4781467318534851
50179,0.4832915961742401
67939,0.4849701225757599
81082,0.4885657727718353
83482,0.48400455713272095
103547,0.49230897426605225
47572,0.4886821210384369
8426,0.49045535922050476
82627,0.48740354180336
29611,0.487793892621994
14886,0.46483367681503296
35291,0.48335954546928406
86593,0.49045470356941223
47202,0.49157631397247314
6977,0.4933793842792511
102331,0.4885210394859314
24357,0.4894872307777405
74222,0.4896260201931
38526,0.49110886454582214
44934,0.4898976683616638
82699,0.4855749309062958
18191,0.4871698021888733
76815,0.48625507950782776
34754,0.48601606488227844
3226,0.48831072449684143
94643,0.48837339878082275
45623,0.48457950353622437
8614,0.48545601963996887
8033,0.4891425669193268
98802,0.48747873306274414
97750,0.4833824932575226
3638,0.4886245131492615
42685,0.4885646402835846
52955,0.48608309030532837
100242,0.48858126997947693
102919,0.49044129252433777
16489,0.48788949847221375
101697,0.48784172534942627
96562,0.48663419485092163
41528,0.48781129717826843
7450,0.48787814378738403
88369,0.48117342591285706
7919,0.4894852340221405
42515,0.4866141974925995
33567,0.48883339762687683
52062,0.49490219354629517
95469,0.48575112223625183
3189,0.49271807074546814
29365,0.4874376058578491
93701,0.48731696605682373
80260,0.49076735973358154
100649,0.4881513714790344
53246,0.48780983686447144
91012,0.48692062497138977
17185,0.49283942580223083
1118,0.48484864830970764
5891,0.48839327692985535
72853,0.49181169271469116
20340,0.48838523030281067
59057,0.4882271885871887
95083,0.48661619424819946
41544,0.48129743337631226
8584,0.48734810948371887
82913,0.4908255934715271
71575,0.4861413538455963
79719,0.2743885815143585
104129,0.4825828969478607
10317,0.4872644245624542
27663,0.48875200748443604
22832,0.48633497953414917
50048,0.4900501072406769
70974,0.48683595657348633
28207,0.492021769285202
13688,0.4901667535305023
995,0.48775026202201843
47354,0.48380357027053833
99701,0.4892597496509552
62148,0.4850885272026062
13409,0.4848674237728119
33367,0.4866288900375366
56974,0.4858165383338928
74442,0.49184393882751465
61515,0.48725181818008423
53062,0.4894760847091675
42478,0.487504780292511
72667,0.4844956398010254
13944,0.48659637570381165
44207,0.4939718246459961
80275,0.48708245158195496
85960,0.01399854477494955
91032,0.4876037538051605
102511,0.4897739291191101
72265,0.48738276958465576
54713,0.4870935380458832
85697,0.486240416765213
103872,0.49159958958625793
90881,0.4895764887332916
23006,0.4906669557094574
33177,0.4858948886394501
38093,0.48805561661720276
14292,0.48129361867904663
94164,0.4830370545387268
7505,0.28151935338974
28045,0.4809270203113556
40618,0.4882736802101135
45324,0.4908560514450073
57494,0.49079951643943787
34644,0.48899543285369873
104294,0.490048885345459
33832,0.48554614186286926
39588,0.4876571595668793
87158,0.4889538586139679
38524,0.4875032603740692
99879,0.490102618932724
77420,0.487415611743927
83432,0.48155874013900757
31875,0.49255189299583435
99635,0.48817187547683716
67714,0.4926084578037262
24552,0.4891873300075531
11900,0.4898442327976227
92004,0.4887096881866455
30687,0.496106892824173
68401,0.4866662621498108
87198,0.4844280481338501
59808,0.4934585690498352
105525,0.4911290109157562
55013,0.48349884152412415
7316,0.48940184712409973
52527,0.4919513165950775
71735,0.4875769317150116
26045,0.4893053472042084
62203,0.4870561957359314
22328,0.4831678867340088
39358,0.49059808254241943
12055,0.4858783483505249
85025,0.4882510304450989
25527,0.4867779314517975
25415,0.49108046293258667
14621,0.4880430996417999
48629,0.487758994102478
64113,0.48626014590263367
76973,0.49127909541130066
26713,0.49288228154182434
31372,0.48793625831604004
55011,0.48654940724372864
26050,0.4546413719654083
99136,0.4902040958404541
106457,0.48949459195137024
47510,0.484419047832489
61051,0.4904063045978546
79394,0.48704060912132263
83584,0.4886716604232788
16347,0.48750853538513184
56011,0.486235111951828
98299,0.4295797348022461
69772,0.4934076964855194
104626,0.48912471532821655
90275,0.4891166090965271
35908,0.4901973605155945
48174,0.490678608417511
22707,0.487087607383728
45075,0.49419429898262024
78717,0.4888898730278015
92880,0.487591952085495
99616,0.4861254394054413
40147,0.49491003155708313
67878,0.48946860432624817
5688,0.4934788942337036
29843,0.4818006455898285
93697,0.4921988546848297
77944,0.4902726411819458
10496,0.4870014190673828
35884,0.4878627061843872
14897,0.48476889729499817
97000,0.482448548078537
74501,0.4929935038089752
35821,0.48653632402420044
4888,0.48761531710624695
3176,0.4844769537448883
42938,0.4887346923351288
68361,0.4849684536457062
85859,0.48673680424690247
47267,0.4855248034000397
66499,0.48895764350891113
100083,0.4888755679130554
83134,0.49058619141578674
62253,0.48829469084739685
40822,0.4933655261993408
18377,0.48530980944633484
78837,0.4889194369316101
20140,0.48903095722198486
19794,0.4846141040325165
26676,0.4906873404979706
75027,0.4883003830909729
30260,0.4859766364097595
12762,0.4897078275680542
46202,0.4866624176502228
2482,0.4859367907047272
19490,0.4855906665325165
16583,0.49253448843955994
35114,0.13786108791828156
53722,0.49184608459472656
33729,0.4909898638725281
101747,0.49147123098373413
30627,0.4871193468570709
71514,0.48673397302627563
94384,0.4699050188064575
66833,0.48136812448501587
21412,0.4865814745426178
41926,0.4866297245025635
65530,0.4958476722240448
53842,0.4853808283805847
13505,0.4919143319129944
2411,0.48372969031333923
94830,0.4890362024307251
21680,0.48908185958862305
66212,0.488467812538147
50007,0.48984915018081665
105932,0.4883759915828705
27844,0.4880642890930176
89481,0.48849567770957947
43317,0.4900539815425873
41947,0.4860673248767853
101165,0.006265370175242424
44602,0.487798810005188
12673,0.48497775197029114
60746,0.4828384816646576
67705,0.49141594767570496
16913,0.490523099899292
15005,0.4845786988735199
13607,0.48810240626335144
78049,0.4930078685283661
1253,0.4883953332901001
93833,0.4878266751766205
3236,0.4909113049507141
63170,0.4934901297092438
48337,0.489376962184906
8170,0.4873400032520294
14341,0.48636412620544434
86045,0.48142704367637634
14679,0.4154520630836487
27186,0.48503822088241577
95164,0.4897734224796295
98424,0.47354578971862793
54091,0.4890168011188507
101540,0.4859045743942261
45523,0.4900361895561218
21227,0.4866352081298828
29555,0.4941907823085785
28851,0.4901011288166046
23068,0.49009162187576294
18148,0.4860588610172272
99684,0.4912266135215759
44819,0.49173444509506226
43191,0.4914873540401459
105945,0.484845906496048
66889,0.48488110303878784
84551,0.4911248981952667
15466,0.48621436953544617
53972,0.4854705035686493
82578,0.4936234951019287
51330,0.4878924489021301
44020,0.4894036054611206
39564,0.48788371682167053
95189,0.48612692952156067
883,0.48820772767066956
38667,0.48777398467063904
17135,0.4931201636791229
71661,0.49193698167800903
89711,0.4892764687538147
13972,0.48584434390068054
100712,0.4933208227157593
48492,0.48717692494392395
59473,0.48554733395576477
81897,0.488729327917099
21537,0.3802521824836731
2826,0.4877166748046875
94308,0.4891412556171417
3396,0.48672759532928467
2405,0.4830073118209839
89372,0.4874171018600464
33708,0.49783390760421753
9461,0.48430922627449036
19859,0.4873184263706207
63887,0.46856412291526794
73122,0.4861092269420624
82715,0.1129397600889206
67703,0.48525476455688477
24295,0.4840512275695801
32582,0.4879986643791199
85799,0.48775535821914673
20195,0.48839083313941956
47550,0.4854928255081177
46895,0.48250189423561096
29497,0.48997700214385986
74348,0.4924493730068207
36210,0.4848031997680664
22446,0.48377299308776855
75233,0.48382994532585144
106445,0.4866032600402832
32445,0.49055740237236023
30797,0.48751384019851685
103642,0.49180883169174194
64029,0.4866669476032257
49215,0.48781242966651917
35695,0.4912482500076294
102275,0.4823002517223358
14142,0.4893472492694855
4152,0.48861536383628845
30678,0.4822963774204254
26282,0.493794709444046
76198,0.48699048161506653
106055,0.484599769115448
106491,0.4876824915409088
39059,0.4891270399093628
11665,0.484244704246521
2387,0.49028339982032776
103031,0.48470133543014526
40496,0.4866529405117035
56135,0.48699653148651123
403,0.48789823055267334
10484,0.490766316652298
64823,0.4880557060241699
45120,0.4885949194431305
49419,0.492392361164093
101273,0.4849039912223816
47271,0.491537868976593
69213,0.4921804368495941
92835,0.48822978138923645
51893,0.4918358027935028
14547,0.4895212948322296
68392,0.4883233606815338
66218,0.49160972237586975
4600,0.48678866028785706
45819,0.487373411655426
68767,0.4878515303134918
67047,0.49102821946144104
85484,0.48470616340637207
104509,0.48591741919517517
7036,0.49025586247444153
50165,0.48667287826538086
84954,0.48763763904571533
31011,0.47902750968933105
70318,0.4873403012752533
82472,0.4884689450263977
92128,0.4861356019973755
65709,0.4886898696422577
55667,0.4902289807796478
32659,0.49142828583717346
92473,0.48422715067863464
57335,0.491096168756485
7319,0.485979288816452
53187,0.4874393939971924
102462,0.48472023010253906
105817,0.4898150563240051
52118,0.4872288703918457
95221,0.48541656136512756
49818,0.47803837060928345
52260,0.48346805572509766
36139,0.494062215089798
77601,0.48405128717422485
5720,0.4871687889099121
89736,0.486651748418808
95828,0.48149800300598145
52148,0.4861887991428375
92217,0.4901237487792969
37128,0.4832178056240082
3448,0.4872523844242096
23882,0.4881235361099243
75919,0.49217668175697327
2773,0.4922432601451874
46545,0.48770907521247864
47383,0.4918115437030792
47764,0.48161566257476807
60087,0.47735151648521423
40895,0.4909861981868744
60037,0.48779138922691345
56735,0.4895409345626831
90269,0.4881443381309509
81695,0.49203822016716003
28667,0.48138701915740967
41830,0.4888087213039398
12071,0.489092081785202
64758,0.48793575167655945
95667,0.4904834032058716
15970,0.4828300476074219
8714,0.493230402469635
73494,0.48831960558891296
58667,0.48734408617019653
103827,0.49058860540390015
36019,0.49092158675193787
104906,0.48502957820892334
80456,0.4867286682128906
9779,0.49277201294898987
54446,0.4881097972393036
100246,0.4900834262371063
100011,0.4895608723163605
89389,0.48744553327560425
92286,0.48487237095832825
95191,0.48762890696525574
52556,0.49395951628685
79106,0.48983851075172424
26182,0.48819786310195923
41784,0.48695650696754456
67515,0.48807400465011597
88718,0.48802846670150757
36028,0.4816771447658539
99110,0.48921409249305725
21228,0.48542627692222595
2517,0.4883340895175934
96150,0.4878818988800049
92186,0.4881584644317627
71180,0.4932742416858673
30270,0.4885837733745575
62162,0.4819481372833252
80856,0.49158990383148193
76872,0.48673975467681885
2440,0.4665510356426239
41282,0.4902174472808838
60167,0.4904288649559021
42395,0.48689737915992737
68137,0.48853549361228943
61867,0.016446324065327644
68046,0.4883239269256592
11569,0.48761701583862305
103399,0.4890119135379791
87179,0.4879011809825897
96885,0.488663911819458
14901,0.4910576343536377
25975,0.49059826135635376
54082,0.4913402497768402
48998,0.4906856119632721
55300,0.49016574025154114
101585,0.48765069246292114
23064,0.4856620132923126
58738,0.4888651967048645
44346,0.48710551857948303
86930,0.48108357191085815
91506,0.49150094389915466
473,0.4895137846469879
48432,0.48857808113098145
32006,0.48860466480255127
77706,0.4888423979282379
97917,0.48996633291244507
51510,0.4863561689853668
57294,0.48852846026420593
15801,0.4880580008029938
65299,0.4881622791290283
96244,0.48953527212142944
70475,0.4869321584701538
98757,0.4914734959602356
89247,0.48274117708206177
40225,0.48894423246383667
56253,0.48486608266830444
60914,0.49059516191482544
99823,0.4882502555847168
83113,0.48684990406036377
40439,0.4889267385005951
27291,0.4831044375896454
62575,0.4820753037929535
66246,0.48856839537620544
96928,0.489674836397171
85392,0.48619306087493896
66892,0.486296683549881
43058,0.48784172534942627
90704,0.48674771189689636
9915,0.48121532797813416
26056,0.4915294051170349
66025,0.4897734224796295
3230,0.4872850477695465
59951,0.4867289960384369
45409,0.4884573817253113
16258,0.4892003536224365
96360,0.48754027485847473
91311,0.4927279055118561
30363,0.48649030923843384
84785,0.4879917800426483
87913,0.4869866371154785
16539,0.48754557967185974
60190,0.49192020297050476
57898,0.48687058687210083
72182,0.48984795808792114
95817,0.48407548666000366
63330,0.488269567489624
90382,0.4883604645729065
106043,0.48290976881980896
61392,0.4882800281047821
83131,0.4929341673851013
98380,0.4862135946750641
51326,0.4875450134277344
17431,0.4875684976577759
105844,0.48688358068466187
47380,0.49410802125930786
64299,0.49026748538017273
62789,0.4863715171813965
87467,0.4886977970600128
28121,0.49265405535697937
37282,0.48532310128211975
82185,0.49044278264045715
17592,0.48675376176834106
45457,0.48672929406166077
17879,0.4809584617614746
47347,0.4590264856815338
88330,0.48792558908462524
3610,0.4874958395957947
76546,0.06450825184583664
87496,0.4852221608161926
6181,0.48818454146385193
95849,0.4837709665298462
25711,0.4877931475639343
67387,0.4880455434322357
38259,0.4848273694515228
62168,0.48935365676879883
9713,0.48698052763938904
81684,0.4882567226886749
46454,0.49284377694129944
55548,0.4944431781768799
96620,0.4887561500072479
58233,0.48748666048049927
29507,0.48500895500183105
104543,0.48880982398986816
38955,0.4897191524505615
100147,0.48502039909362793
25402,0.48712193965911865
31586,0.488147497177124
29310,0.48628032207489014
99618,0.48106440901756287
100224,0.4887810945510864
99149,0.4925472140312195
74254,0.48851287364959717
14071,0.4891846477985382
99246,0.47153353691101074
21852,0.48512232303619385
62708,0.4843716025352478
94288,0.47611114382743835
29514,0.4921344518661499
87479,0.4867154061794281
84918,0.48345157504081726
42449,0.4873131811618805
93629,0.4870845377445221
41948,0.4845343828201294
100684,0.49294114112854004
96099,0.4885678291320801
95464,0.4912835657596588
72015,0.4863719642162323
87554,0.4925989806652069
70392,0.4904768466949463
67226,0.48782798647880554
71672,0.489192932844162
99298,0.48868268728256226
13317,0.48418423533439636
68304,0.4880048334598541
55505,0.13357357680797577
56260,0.4902289807796478
71880,0.48801079392433167
99580,0.48901668190956116
101003,0.48529717326164246
49593,0.4908750057220459
40638,0.48806899785995483
76115,0.4868136942386627
21445,0.4899653196334839
39470,0.48802438378334045
11142,0.48642536997795105
49054,0.4870821237564087
2462,0.4901466369628906
61317,0.48729759454727173
99570,0.4480929374694824
92798,0.48858216404914856
82303,0.4881247878074646
43375,0.47852182388305664
74108,0.49116966128349304
94584,0.48427557945251465
4811,0.49201345443725586
13896,0.4890919625759125
91390,0.48470640182495117
49275,0.4932204782962799
23659,0.48413851857185364
106175,0.48789334297180176
73272,0.4880443513393402
96921,0.4859955608844757
51358,0.4879925847053528
16956,0.49099451303482056
99792,0.48783472180366516
94547,0.48562124371528625
15924,0.4879242181777954
81313,0.4837745428085327
15929,0.4877851605415344
53867,0.4861575663089752
37989,0.4896951913833618
82371,0.48796266317367554
96366,0.48870912194252014
26743,0.4903784394264221
21493,0.48555323481559753
70163,0.4905005991458893
2806,0.48861387372016907
52672,0.48871657252311707
102997,0.48281365633010864
22913,0.48894935846328735
102036,0.4891560673713684
53408,0.4898681640625
23008,0.4884866774082184
31264,0.48530974984169006
76345,0.4895968735218048
17198,0.48627758026123047
2679,0.492127001285553
5095,0.4871680438518524
106767,0.47941991686820984
7731,0.48613423109054565
48598,0.4909994602203369
39950,0.48202064633369446
2772,0.48898088932037354
89479,0.483097642660141
27308,0.48952406644821167
66124,0.48673510551452637
29808,0.48665887117385864
36108,0.48765215277671814
61131,0.49138739705085754
100018,0.48892149329185486
70535,0.4870101809501648
32555,0.48509225249290466
51749,0.48845231533050537
74533,0.4851491451263428
14536,0.4797447621822357
45541,0.49035167694091797
44537,0.48714718222618103
62836,0.4888898730278015
68878,0.4888639450073242
8271,0.48722073435783386
51634,0.48674702644348145
69928,0.48795193433761597
35823,0.48464858531951904
2028,0.490261971950531
46987,0.4889110028743744
77389,0.4878001809120178
69142,0.4896731376647949
68128,0.4829030930995941
38330,0.48878544569015503
40839,0.4876363277435303
88762,0.4854700565338135
13202,0.4881443381309509
12164,0.4873369038105011
32314,0.48595288395881653
86213,0.4921714663505554
100193,0.488557368516922
40830,0.4903375208377838
103382,0.4899260699748993
49266,0.4908558130264282
60873,0.489861398935318
22141,0.4854671359062195
106176,0.4879925847053528
88056,0.4862355589866638
91514,0.4894545078277588
28593,0.48794737458229065
1527,0.4865821301937103
47087,0.4883752167224884
34354,0.4921789765357971
45978,0.48709404468536377
42767,0.4854552149772644
82442,0.4886392056941986
65451,0.4861438274383545
98499,0.4916186034679413
87603,0.48718711733818054
96190,0.4817703664302826
101620,0.4862068295478821
83753,0.4842360019683838
42516,0.48546454310417175
165,0.49151280522346497
84135,0.4859880805015564
83673,0.48990270495414734
38979,0.4894876182079315
82212,0.48895034193992615
80142,0.4928203821182251
9816,0.4820607006549835
92679,0.4883362054824829
28269,0.47773489356040955
46357,0.4937713146209717
44452,0.48614782094955444
26166,0.48567062616348267
24461,0.4865190386772156
84233,0.4887723922729492
39606,0.49296802282333374
28982,0.4897761046886444
89961,0.4934661090373993
8755,0.48627355694770813
68495,0.48085832595825195
80258,0.48957356810569763
80935,0.49112439155578613
103064,0.48340633511543274
81312,0.48602423071861267
27595,0.487382709980011
1206,0.488812655210495
98601,0.48682859539985657
52470,0.4863235652446747
80555,0.48600220680236816
89749,0.48729223012924194
78441,0.4916570782661438
34119,0.22595377266407013
45545,0.4914056956768036
75653,0.4870934784412384
105022,0.49180760979652405
70019,0.48924702405929565
85760,0.48642832040786743
46440,0.4115879535675049
62491,0.48702889680862427
78165,0.48351308703422546
44865,0.4862637519836426
32477,0.48441651463508606
66037,0.4908646047115326
8933,0.4858737289905548
20413,0.4928593933582306
59053,0.4916650354862213
80453,0.4843883216381073
73023,0.48606374859809875
76948,0.4878472685813904
79114,0.4840218722820282
6511,0.4849094748497009
22113,0.48503372073173523
65212,0.48012709617614746
52385,0.48723843693733215
84622,0.4902741312980652
76885,0.48951780796051025
2346,0.4887182414531708
96048,0.4918806850910187
105509,0.48411497473716736
22744,0.48765134811401367
96713,0.47716042399406433
5977,0.49269968271255493
14216,0.4884504973888397
23871,0.4878806471824646
20971,0.4888576865196228
70406,0.051787976175546646
37062,0.4869215190410614
45720,0.49267008900642395
36993,0.48654985427856445
60299,0.49177446961402893
105612,0.4870525896549225
56938,0.4922953248023987
62552,0.4893074035644531
89960,0.4883503019809723
28761,0.4858025908470154
72155,0.48737722635269165
5840,0.49068760871887207
59392,0.48808759450912476
44682,0.4862538278102875
23326,0.49354270100593567
49234,0.48540768027305603
31127,0.49077633023262024
40377,0.48848527669906616
68034,0.48628750443458557
5458,0.48854881525039673
99973,0.48917120695114136
19165,0.005862127989530563
41857,0.483212411403656
48813,0.4896613657474518
70203,0.49008944630622864
24496,0.4843427836894989
40711,0.4898192286491394
84113,0.48176801204681396
79538,0.4857040345668793
31122,0.485351026058197
52174,0.48730337619781494
56388,0.4884461760520935
81550,0.49018073081970215
25682,0.4358573853969574
101809,0.4868278205394745
101248,0.483579158782959
76771,0.48741912841796875
28802,0.49280688166618347
65658,0.48342928290367126
52474,0.48427948355674744
86160,0.4894145727157593
45874,0.4903443455696106
106522,0.4904888868331909
67547,0.4919445514678955
60619,0.4908631145954132
62621,0.48836439847946167
17982,0.4901716709136963
65987,0.487098753452301
59280,0.4889170527458191
45473,0.4834044277667999
69620,0.4879348874092102
12599,0.4868176579475403
105491,0.490293949842453
34394,0.49460363388061523
96466,0.49105843901634216
99079,0.4924955666065216
1406,0.4958457946777344
38053,0.49157825112342834
66957,0.48662063479423523
90555,0.47765201330184937
15335,0.4813080430030823
588,0.48681673407554626
5956,0.491574227809906
50798,0.48699048161506653
62318,0.4920331835746765
13452,0.4887493848800659
73019,0.48702847957611084
57538,0.4883931875228882
72347,0.4909399151802063
10812,0.4968326687812805
57417,0.49179187417030334
52221,0.48649516701698303
104461,0.49580147862434387
57479,0.48979079723358154
83268,0.492760568857193
71935,0.48897016048431396
21294,0.4898046553134918
63595,0.48856088519096375
80761,0.49206143617630005
94684,0.4875687062740326
99244,0.48385757207870483
34208,0.4860270321369171
105649,0.4901156723499298
31941,0.49030381441116333
88250,0.4884403347969055
101079,0.4872591197490692
37863,0.48552781343460083
53277,0.4884869158267975
20997,0.4874187409877777
15875,0.48876070976257324
32719,0.4925647974014282
10485,0.4872722327709198
36855,0.4891176223754883
11755,0.49012768268585205
73214,0.485702246427536
87506,0.48129311203956604
101739,0.4922713041305542
50208,0.3593432307243347
64415,0.48593318462371826
58342,0.4903982877731323
8023,0.48682543635368347
40268,0.49102669954299927
80228,0.4870508909225464
90160,0.49183332920074463
2047,0.4910498261451721
101432,0.4754911959171295
98505,0.48813551664352417
30555,0.48108378052711487
73792,0.4878195822238922
64632,0.48712900280952454
33499,0.49032118916511536
1119,0.48947450518608093
1058,0.4932219386100769
8283,0.48905932903289795
17200,0.49221271276474
78328,0.48840808868408203
17321,0.483590692281723
8073,0.4872177243232727
46654,0.4881865978240967
25672,0.484416127204895
1915,0.4882991313934326
44594,0.4866976737976074
35100,0.4878445565700531
65672,0.4905954897403717
67775,0.4894876778125763
88131,0.4759330749511719
98134,0.49073877930641174
59219,0.48690372705459595
20236,0.48649510741233826
33606,0.4794802665710449
5476,0.4866274297237396
49834,0.48790493607521057
36743,0.48912596702575684
76508,0.48791712522506714
74082,0.4894305169582367
53128,0.4927148222923279
26944,0.49042627215385437
95272,0.486503928899765
95663,0.48785021901130676
9514,0.49177756905555725
42561,0.4882780909538269
13562,0.49186235666275024
12109,0.48657840490341187
39454,0.4876191020011902
104706,0.49029624462127686
22537,0.48807674646377563
4834,0.4916163980960846
63389,0.48789551854133606
74923,0.48722967505455017
72902,0.48849737644195557
23245,0.4861569404602051
3773,0.4887946546077728
106907,0.48859497904777527
11813,0.4887428879737854
103912,0.47694239020347595
74295,0.4862901270389557
97152,0.48809537291526794
66967,0.489780068397522
23994,0.4857493042945862
72500,0.48238125443458557
71422,0.49026525020599365
15866,0.48869454860687256
28325,0.4885551929473877
30274,0.4910445213317871
75238,0.4934188425540924
1811,0.4951958656311035
3289,0.4902482330799103
63513,0.4890155494213104
91050,0.49541381001472473
102644,0.48578941822052
4881,0.48770830035209656
21117,0.48855119943618774
21420,0.48706620931625366
93509,0.4880208671092987
5744,0.48953309655189514
39540,0.4862401783466339
74210,0.4888012707233429
50049,0.48571208119392395
87468,0.4919290244579315
67275,0.4873821437358856
104410,0.4887503385543823
9216,0.4868631958961487
91600,0.4864215552806854
73326,0.48890942335128784
18060,0.48857295513153076
89128,0.4901712238788605
9150,0.489524245262146
51730,0.4903889000415802
6820,0.49420446157455444
49732,0.4914103150367737
83047,0.4879351258277893
3568,0.4889323115348816
81542,0.4847349524497986
94590,0.4904751479625702
36340,0.4886590242385864
107051,0.4872906506061554
11316,0.4915839731693268
70442,0.4927590489387512
66737,0.49004191160202026
40642,0.4863731563091278
56152,0.4913293719291687
41682,0.4889203608036041
84689,0.4845465123653412
7463,0.48761826753616333
60975,0.49045610427856445
81390,0.4864087402820587
53082,0.4910498857498169
80283,0.4900306761264801
3319,0.48685482144355774
24253,0.4897078275680542
31457,0.4902338981628418
80082,0.48952168226242065
77132,0.49144473671913147
8641,0.4874080419540405
66561,0.48215821385383606
96769,0.41154131293296814
95247,0.48910194635391235
20139,0.488582044839859
13195,0.4664967358112335
16834,0.48628342151641846
57606,0.48630276322364807
1841,0.4896232783794403
1977,0.49213162064552307
80231,0.4884710907936096
5467,0.4853469133377075
7663,0.4843704402446747
107173,0.49144887924194336
550,0.49010124802589417
6315,0.4911196231842041
45508,0.4884912371635437
49549,0.4918474555015564
15121,0.4853571951389313
24177,0.48771044611930847
98884,0.4909959137439728
59840,0.49493607878685
30810,0.48665836453437805
13522,0.4834076762199402
35897,0.49193474650382996
6943,0.49228158593177795
4178,0.48751628398895264
26928,0.48676905035972595
75220,0.4871092736721039
32592,0.4888575077056885
66134,0.4866633415222168
47676,0.49064210057258606
72775,0.48932135105133057
30443,0.48769411444664
101569,0.4862551987171173
30235,0.4891483783721924
30793,0.4879838228225708
59250,0.4907686114311218
94383,0.48605406284332275
20596,0.49140697717666626
34051,0.49325811862945557
23981,0.4877448081970215
74201,0.4904247224330902
51578,0.4888913631439209
20305,0.48829764127731323
60703,0.48763662576675415
64082,0.4884224534034729
60147,0.49217504262924194
65815,0.48908916115760803
24922,0.48478102684020996
56182,0.4895125925540924
81076,0.4886400103569031
44501,0.4902413487434387
78868,0.49121981859207153
83613,0.48476117849349976
8586,0.49090635776519775
100730,0.48529019951820374
73251,0.4920985996723175
82495,0.49117380380630493
90026,0.4858230650424957
54625,0.4916459023952484
62333,0.48872894048690796
78707,0.48982250690460205
960,0.4904867112636566
70001,0.4899752736091614
101246,0.4886319041252136
32801,0.48968708515167236
56595,0.487867534160614
16065,0.4871520400047302
67082,0.4882088899612427
9168,0.49218887090682983
62656,0.48956453800201416
30789,0.4894106388092041
76112,0.4880550503730774
38813,0.48560309410095215
88451,0.4869787395000458
6867,0.4839823842048645
48437,0.49249476194381714
61178,0.4860226511955261
14753,0.48809123039245605
49058,0.490601122379303
17279,0.4955962002277374
91458,0.46482059359550476
34487,0.49219810962677
8037,0.48305612802505493
20133,0.49064382910728455
22726,0.4916110336780548
2575,0.4880501627922058
104989,0.4886668026447296
47648,0.49239131808280945
56757,0.483943909406662
57160,0.48259347677230835
28203,0.4904210567474365
91906,0.4828939139842987
4741,0.48989182710647583
8066,0.4340097904205322
3488,0.4930199384689331
35405,0.48879432678222656
40583,0.4901362359523773
29373,0.4911282956600189
71316,0.49251922965049744
6297,0.10197332501411438
106650,0.4855419397354126
48873,0.48810818791389465
56782,0.48759961128234863
48493,0.48683369159698486
6687,0.48386886715888977
96262,0.48774152994155884
65583,0.48744893074035645
23039,0.48935309052467346
46288,0.49395641684532166
101519,0.48916199803352356
50678,0.49093958735466003
19338,0.49285227060317993
34333,0.4859004020690918
95157,0.48497194051742554
102009,0.49124258756637573
78600,0.4874330759048462
50120,0.48549625277519226
75303,0.48930320143699646
95981,0.490904301404953
39346,0.48839208483695984
43176,0.48983633518218994
72905,0.49512138962745667
48686,0.48805004358291626
103602,0.4849277436733246
101486,0.4897559881210327
92893,0.49068883061408997
61085,0.48669174313545227
43804,0.49425408244132996
72017,0.49443361163139343
45027,0.47805342078208923
6377,0.4906400442123413
82,0.4926588237285614
94158,0.48699694871902466
74754,0.48856931924819946
51691,0.49129536747932434
84566,0.4848582446575165
46750,0.49020490050315857
78298,0.4878268539905548
19777,0.48709818720817566
93311,0.4908362925052643
54630,0.494425505399704
88750,0.48937585949897766
86677,0.48778361082077026
96078,0.4878043830394745
10884,0.4893434941768646
73376,0.4897248148918152
62042,0.4937015771865845
56531,0.4826458990573883
96054,0.4890362024307251
47090,0.49022531509399414
12313,0.49149203300476074
95437,0.4870269000530243
47954,0.4895503520965576
79644,0.4865831434726715
85620,0.4924134612083435
92921,0.4858644902706146
92507,0.48638200759887695
40689,0.4876530170440674
26726,0.487485408782959
10648,0.4880346655845642
52156,0.487735390663147
35583,0.4858625829219818
55810,0.4867527186870575
14241,0.4874011278152466
23864,0.48878589272499084
6324,0.4876914620399475
85321,0.48869168758392334
103017,0.48932361602783203
49734,0.4902225136756897
30677,0.4880797863006592
50259,0.48762306571006775
24519,0.48753902316093445
81153,0.48885926604270935
7638,0.4873507022857666
31760,0.48702147603034973
21407,0.48809969425201416
73056,0.49045103788375854
5397,0.48429861664772034
52648,0.4827077388763428
79404,0.4875054657459259
87318,0.4872523248195648
50063,0.38312453031539917
62869,0.4895303547382355
9282,0.4876536428928375
33207,0.48707905411720276
36832,0.48708635568618774
39168,0.4866192936897278
39004,0.48680296540260315
42231,0.48285478353500366
71552,0.4929727017879486
32425,0.48805367946624756
39202,0.49448612332344055
64874,0.49101522564888
38211,0.48848599195480347
92532,0.4918377101421356
56621,0.4886808693408966
52133,0.48996496200561523
45156,0.48413538932800293
72892,0.4829699695110321
35120,0.49109557271003723
76104,0.48908859491348267
13086,0.48763278126716614
44734,0.48600703477859497
77203,0.48800143599510193
32919,0.4867895543575287
60903,0.48786264657974243
84000,0.4863204061985016
99303,0.4910018742084503
62158,0.4870113730430603
54089,0.4902243912220001
40710,0.48466455936431885
78004,0.4838159382343292
32074,0.4866757392883301
14113,0.48327386379241943
95540,0.48488232493400574
41386,0.4838256537914276
18064,0.4927096962928772
35811,0.4819074869155884
54232,0.48563453555107117
86245,0.48892897367477417
67616,0.4886634647846222
80266,0.4889995753765106
44141,0.47872838377952576
50584,0.49192026257514954
98738,0.4813186526298523
11070,0.4878847301006317
105305,0.0599246546626091
58809,0.48816001415252686
72617,0.4907984435558319
37669,0.48809003829956055
73809,0.49183389544487
49712,0.4903264045715332
85108,0.4927286207675934
32882,0.49093174934387207
37595,0.4896782636642456
79819,0.4850916266441345
65774,0.4873722195625305
32984,0.48903584480285645
92089,0.48425689339637756
83770,0.48696789145469666
57442,0.4889819025993347
38253,0.484516978263855
54243,0.4869779944419861
15299,0.4882202446460724
32589,0.4913409948348999
16945,0.48810797929763794
51776,0.48854154348373413
59374,0.48358702659606934
65995,0.49365219473838806
26736,0.4874769151210785
84059,0.48759207129478455
17995,0.48767080903053284
63821,0.49251192808151245
63259,0.48575320839881897
6057,0.4896901547908783
85363,0.488973468542099
86145,0.4862914979457855
17098,0.49318861961364746
73,0.48430466651916504
33560,0.4883514940738678
34813,0.49282458424568176
2011,0.48100247979164124
49904,0.49193260073661804
29527,0.4874923825263977
19572,0.4839024543762207
70976,0.4882490038871765
103291,0.3595951497554779
367,0.48993486166000366
77990,0.4908801019191742
99323,0.4866199195384979
70762,0.4908539652824402
102691,0.48762738704681396
30827,0.4886528551578522
37704,0.4932750463485718
93738,0.4805125296115875
36077,0.47274208068847656
21236,0.48221710324287415
54913,0.4791649281978607
99433,0.4861157536506653
64038,0.48792001605033875
58228,0.4821849465370178
81187,0.4836481213569641
90101,0.4856812059879303
57523,0.4888235926628113
15695,0.488577663898468
19808,0.48816314339637756
41702,0.48883840441703796
52520,0.4856046140193939
15014,0.4885062575340271
33184,0.48774129152297974
32005,0.4869020879268646
101164,0.48876357078552246
21810,0.48784205317497253
14671,0.47878333926200867
25123,0.48909035325050354
10673,0.4815482497215271
34660,0.4900069236755371
59131,0.4887421429157257
40513,0.4894961416721344
91323,0.4890289604663849
6942,0.48488950729370117
6232,0.4871920347213745
47970,0.4888598322868347
55360,0.4891221225261688
42541,0.49003949761390686
1644,0.4817584156990051
