id,score
34566,0.31963674850700924
50272,0.2487347717123373
69232,0.9482131512291709
86223,0.13895904681286755
53524,0.3232691682409668
42142,0.6536261333974287
22559,0.8871655606557403
28141,0.5876231267450438
72186,0.5871196828477638
46468,0.7733574797471992
33307,0.709534077573437
96701,0.862567025520208
43458,0.9962497570099179
50885,0.1959063027347625
73557,0.8180821731104647
88932,0.3904445108101295
44717,0.42722737706624714
99278,0.8363579644754362
59988,0.76568038008192
41296,0.5919219989321255
25715,0.937178136789128
98187,0.47341807064853847
40635,0.5067817334268865
76486,0.5416078604042692
48161,0.6459643619176364
57858,0.13260443382724316
25848,0.9809601198260693
83247,0.8852600277435904
100820,0.6261591640523291
61843,0.993927218718919
47864,0.90255835818624
14338,0.9495608647543662
106760,0.6999861268820362
42892,0.43337243041578466
20995,0.28596139425392386
68283,0.7569218427837396
66796,0.16055876323216256
1175,0.8667910692281013
55171,0.2029520480187671
1693,0.10948898010384245
54411,0.2866785778674351
73718,0.9836611195495708
99036,0.9101947653674562
29757,0.6357615187784775
1352,0.9997852393912907
6970,0.36656267245100527
75513,0.8078218904769479
103376,0.5756905584710041
11566,0.7741251036187449
85724,0.20945725943856658
26255,0.6760165928708748
83078,0.7973925013923718
22092,0.932139240004439
31379,0.10233197882298564
20478,0.18098559675388184
70444,0.9722829156117041
41587,0.9786930505800736
74822,0.3609598014824186
88815,0.8036924621850892
6351,0.4597251453945933
105177,0.24706956897811033
58297,0.19255987567236882
39926,0.4644996200795575
97160,0.1658598657610804
86332,0.44531139605853187
21551,0.43827350972155094
47546,0.26599776165108524
37196,0.8020423603764686
19800,0.23200554608917
67091,0.2699907451434844
90146,0.19442310861627937
52084,0.31991563122408306
26000,0.4550170960762582
20558,0.9989999999892848
32315,0.7218709131088229
95299,0.2693392089860598
57575,0.9165559914550017
57431,0.27656240798594567
15164,0.8352417394516412
47959,0.3992841966056767
36213,0.8412802036233434
64598,0.04168412606550955
85180,0.9651659015504288
7330,0.1768947513506165
96758,0.2327944932478046
60760,0.704667377871717
95190,0.48654384591021294
70419,0.2560783347754588
104315,0.8775576528496588
80963,0.9366908181565967
104090,0.9859953283748868
62040,0.8909208796084416
57462,0.6779062493190966
1752,0.9961782891666637
13352,0.4128258737947038
6969,0.3063456428845466
36448,0.2951968119839261
69866,0.9177208264403183
37138,0.21849198387011196
37149,0.9781812950371274
83158,0.6141635378139889
107034,0.6292540349825508
83603,0.5229140817441789
33886,0.0519742556264784
55417,0.2491532589996776
57938,0.9848210555899846
27867,0.05057672932777745
101800,0.8872442292542451
91813,0.7761977351222726
64083,0.5290987623496071
29528,0.8373578314620409
71645,0.9526777633429786
14467,0.6922206817950249
60324,0.9957142604490391
10743,0.968375132891351
64077,0.9681904096213054
92251,0.24334464191872374
15067,0.24583635448302735
20047,0.0302365533354975
54463,0.2054575740688893
8025,0.0520018891328358
27998,0.7233905420960355
91510,0.5519446282229399
49193,0.9692389656209754
5404,0.7326690505166307
98897,0.841262293984229
46045,0.7332209078021182
95008,0.2109017158616192
43419,0.47642831388038354
58059,0.23533827296527055
10051,0.7341426647830706
95635,0.7769633230843713
89780,0.029854826144922048
98548,0.38026213739044606
27466,0.8948017810346437
2992,0.24369415350147605
105855,0.9057570571794133
14278,0.5984605891947903
13478,0.7572515805739597
81475,0.38255634677187955
21191,0.3670591272966517
13291,0.05540989291993695
67019,0.46589050535577076
67840,0.5666600636993446
61283,0.7661809712160901
99646,0.05392903757478895
90567,0.9837095246564114
95937,0.21944548878247333
98569,0.862662959624758
83135,0.37565039328502003
63766,0.5021155468986105
58069,0.22239918984697196
61012,0.02200766144990695
23811,0.14078670267953058
86719,0.23328583917509874
71966,0.5729448079651024
42822,0.3544954851784624
41669,0.9364504557821821
45307,0.8756226396001264
81709,0.08481847591709266
7658,0.7201975388113171
12419,0.5413038008458788
50301,0.5531036312035529
54932,0.18308454843676045
40443,0.6780886609567925
89290,0.7685225173294925
18566,0.5689407475915788
25390,0.7705515334906907
86488,0.9335186090575948
29629,0.2146509993651191
11058,0.14351267618697036
54617,0.6946526394055734
41981,0.48646869942496845
87296,0.4570440322259671
17667,0.15254133450253393
5896,0.5602648905185745
75975,0.5459514397560876
27593,0.06465041693135465
40873,0.9976629978616023
70373,0.8150708692942927
43440,0.6796706208458517
13967,0.07647205132836596
105002,0.4052387051726488
18683,0.739109301454627
87657,0.8241675948513141
57708,0.33132675482571916
92606,0.8099886531719892
72712,0.8528362581770168
69218,0.6871109763882682
58810,0.9148738930652458
95425,0.9818542508718902
95904,0.9287067294080095
79487,0.9300319191329915
46830,0.9623039255541044
69561,0.2887728605325959
94968,0.7685593668532122
1988,0.9089665852225429
96273,0.8137961807248546
2418,0.9968928253699362
12473,0.41641360195225063
19291,0.1200905296674597
10962,0.171714921886342
47640,0.2553289213478387
93483,0.8676194882626744
104092,0.28235478173020656
97169,0.9534440058846698
31477,0.7543002934839105
75670,0.1922302408131576
65370,0.8467470954967442
10836,0.2460039740286184
68685,0.5202060618285437
93012,0.9836909666857208
80205,0.8054794598555763
66783,0.3145561470892389
79142,0.8185297522046113
51106,0.13122432903078074
101527,0.9973528857083223
46079,0.9207280206907216
68864,0.29815801812780685
105489,0.46045215753107155
54811,0.0552301162011163
6426,0.24298261990842684
100841,0.9944284484227045
65650,0.9676494763996863
57870,0.21456461149631056
55990,0.935165017163022
106074,0.7617768732883303
49536,0.08494037911017555
89328,0.8997776578211276
18713,0.2599797869721763
91797,0.6490803292068962
106639,0.1578070720792541
5890,0.3421522844831827
89684,0.30541574695818496
54023,0.37184959387468086
47021,0.38991823207150533
31128,0.7940039398495173
1963,0.9015453940073308
76891,0.39287968572578014
90892,0.3578894997344674
63803,0.1085647875896162
49662,0.9081050496578342
94938,0.3639853261153434
23162,0.1148979480909412
96698,0.8246799391661402
103791,0.628253165995666
64992,0.5762036613316119
58764,0.1452030793380051
5358,0.9916707280828683
61333,0.9818976497550056
63475,0.6811598497579018
13214,0.7324165047832769
21817,0.19400171583074785
34789,0.911978622071506
33534,0.6668618234753211
68438,0.48607440404052144
103299,0.9733550623497004
106707,0.15279178047558845
37671,0.07152281078896665
36142,0.9974641284288077
75447,0.0915771397179678
31898,0.24232513731296193
65458,0.9671475618308893
20782,0.6650894896706108
93542,0.24769504274328205
28068,0.1257409370215633
13088,0.2999716987463946
91210,0.3099423908828963
73055,0.9432397159796441
2146,0.9040801903696102
45779,0.6245171774344754
53843,0.8567804126257215
6613,0.8025795527642126
85068,0.36918984087955564
34339,0.7000338115645792
1747,0.8058523746213695
100398,0.30573108408813404
77182,0.1382443574659391
16496,0.9069928589427755
50826,0.31703506951205707
54432,0.644013987850697
106786,0.8766197647222487
60662,0.5745555611457571
25319,0.7778196013808583
57166,0.5730671670725541
93039,0.748221406260138
57408,0.15600048300071684
98502,0.6380442133612296
89627,0.16099638856581283
30063,0.9191938407745824
37625,0.42210659256503474
20751,0.27227541510136194
43244,0.9578328579508251
66830,0.9701531068696352
7174,0.6453581828915815
98246,0.8564417826100896
56972,0.2348747983987115
84719,0.07901221978200235
86073,0.6614851160337522
49249,0.9969285665030856
72494,0.5752934866578143
56350,0.7598470695911264
75617,0.39174126843271906
61192,0.8894057985419785
95727,0.011047413654326151
53226,0.42982098718353845
11746,0.19684864431372934
56780,0.0855895566522573
48037,0.038954666176942446
67699,0.7663589343045043
52046,0.9977142838218189
7373,0.7051898981911267
55155,0.4135594473927055
87577,0.4953562066012708
97264,0.9242470293935813
73458,0.9528017950040789
86325,0.5783839216971091
96463,0.6489841156502703
16633,0.9558732508053971
75069,0.4492875251777948
35487,0.973763457522281
24768,0.3395500089969624
34822,0.44755254241373277
101479,0.1274385606062552
79766,0.17634453486909302
49768,0.04899617505089495
22731,0.9328076051298657
33574,0.7305380539131121
55252,0.3255242905291381
40683,0.4077705843213495
33771,0.7798394840233596
857,0.6383612095453625
51226,0.5233487246114248
46831,0.47216467480950164
105253,0.4309413075205216
79491,0.9973214220515139
103022,0.8750226183809383
82950,0.4712675077900318
64234,0.8977293838373973
78991,0.747293223189109
83774,0.6784729134945344
48994,0.5651191314492173
84569,0.9579834069151537
80903,0.46661447218464785
39230,0.8406718086981875
97195,0.6469069823530375
34972,0.8371552166018361
63621,0.5814719395967293
11553,0.7570563618368608
95009,0.3647894646476919
2753,0.544757416008333
102798,0.856969098999687
35609,0.2203809640456852
45723,0.7336402728139173
36421,0.656646811379846
93564,0.1118717099224516
18673,0.6893862892691304
99963,0.45063553343474017
19921,0.23071224803430984
9379,0.9340265051553359
63121,0.44329406551879125
55480,0.34034770639325385
102975,0.9959999840307208
55632,0.30626101356171204
74937,0.7251078055720215
51836,0.7181733923568883
12610,0.8721090472671187
46487,0.7232742984158289
42150,0.18940150514748974
2908,0.8041877521615288
11348,0.3166264992745043
104966,0.1208185449838455
56207,0.745997613186165
47420,0.5167554519505877
70191,0.44188963207225773
30693,0.7415122782529774
82367,0.42768751777287506
56454,0.0185685716038499
40608,0.3484380638973339
590,0.9253855714031507
64431,0.14038815298965915
14717,0.1277818010131014
14898,0.6747987715445003
5949,0.4089459259061373
80059,0.235055109868937
24763,0.41826137482193204
46875,0.026262137526921102
26931,0.12068493399824279
72880,0.5387297545058509
104802,0.8910519247369673
39042,0.21310342492147977
986,0.46408242278879586
7537,0.8075508370278996
74147,0.8612342831325612
24786,0.07848206871885804
94019,0.8566915081683192
29377,0.3666106288023963
16134,0.672820527147973
9499,0.9725323290321644
64513,0.6458869163557803
15569,0.46626058441813223
47017,0.225132889610137
13043,0.38353774143311514
56464,0.2139411808376259
8315,0.762660660494543
31026,0.8307078955051965
74871,0.5131644591660576
46139,0.48414286891908276
57488,0.20054249914134625
263,0.8821594282372489
3394,0.20684852740011184
22237,0.47530099756972005
17299,0.4584061174131685
43048,0.3329823203520166
91934,0.027668596849712748
15814,0.9735655249137645
92661,0.4567363314723951
48500,0.9326397393583807
101522,0.6511671576855443
58058,0.8455360692467937
48310,0.7193404268014066
93528,0.3763004551187056
48732,0.25195137946204105
56815,0.9482353521326398
2861,0.6387174367851838
32056,0.044938718999220896
31686,0.09182079767145875
32212,0.3993421258571212
34433,0.6168788507124853
9154,0.9876860853596257
62686,0.1188308725886868
93196,0.9233047487269801
95261,0.2539840042355264
70962,0.3227531528131068
90520,0.8939852526633638
29033,0.6967185871207613
2713,0.8627774967517796
36946,0.25160262064831335
35993,0.80445393979965
100933,0.631537868896804
14561,0.17489262573048292
97302,0.5769257428953668
9600,0.6114341999703745
10294,0.7448577525767255
44890,0.8669257723965744
87850,0.2534991758939012
101786,0.8326585825699008
69051,0.32746640594305454
54868,0.059563182755905705
6583,0.1953995523376969
63256,0.3771090950598558
53969,0.2896866445993668
69907,0.9433044253135974
45282,0.5565097747024195
95125,0.04271815055706175
54365,0.5984487242201785
63236,0.9124671207335083
104959,0.9530514344247555
105117,0.6347722385661074
18787,0.8644290362018419
77502,0.9080391636557252
59084,0.8232967505373134
91595,0.33181647812035214
80788,0.3043390165156019
99862,0.33486121299018357
87325,0.6916257536464111
57303,0.38731963178329104
37884,0.4650802771991804
92059,0.7892196159302289
76261,0.9468774169913321
79007,0.42643075757633125
97833,0.41526024133249245
40382,0.9987142856243614
42825,0.2602316067406289
73429,0.5955383973519531
67050,0.20946635083412557
67837,0.2547828115963925
11945,0.2676671289902359
4880,0.08364507834444415
104670,0.6991864931054044
69307,0.9921415339361672
2417,0.8604784635628138
20890,0.18593341536562105
60524,0.9735050495465418
67623,0.1532554257350634
79406,0.9728903506233838
81812,0.5015450136326465
47792,0.5609036870794825
60455,0.9280534932098867
57967,0.5116795212909848
63131,0.8130108288923892
77533,0.8517172150584593
75815,0.8785873754390274
17220,0.2353396933507953
4822,0.20922512081695527
104299,0.4791402108358255
27396,0.049781712146670154
66788,0.2848749694432401
73691,0.9532327698230065
84699,0.7591658703933344
76468,0.070434251559986
6868,0.07728528617276655
95938,0.18963852263675116
91872,0.3511180180015667
59054,0.9536086965778551
37147,0.713101149773679
24966,0.16752425122614878
5668,0.6956215721506539
97600,0.8174740268096761
61930,0.23668193652323466
86934,0.5917912339153639
83678,0.4985322994888992
29827,0.3723859967100182
6206,0.9946881925962547
93891,0.4492200227741705
22302,0.49069056095636465
53715,0.4386988032466411
74452,0.20780930925415558
98097,0.1476198845730599
94492,0.8382485901824355
52873,0.5976479631811773
39371,0.9262309045686963
33321,0.584543350744077
105024,0.6175103086327681
70699,0.18970833800811504
63945,0.7546162038051258
92000,0.6581606083324453
4990,0.8159606452676484
45293,0.48566364719552535
89028,0.9647557737962797
78250,0.9923915136144683
27659,0.6295682716826954
67546,0.0229576929220787
85206,0.10749171950597745
66829,0.6522256797882022
14360,0.1693177631304199
98129,0.7467615512372434
74522,0.8000312737596963
20811,0.7950684824346093
76081,0.2440585537475269
38953,0.7871791208195383
8430,0.43579161583823955
89041,0.747118064709721
99838,0.9525183324743958
79512,0.1391431520398462
103604,0.3223531979630375
55820,0.7525324642451973
65422,0.425760304058159
72645,0.871199043007179
91160,0.3569389927049529
62410,0.33408722716516037
52414,0.890635676865702
5692,0.18965129804835315
77094,0.1146738209169671
55179,0.096257719948047
49202,0.7511534081504132
8841,0.36454788113640013
8096,0.6514567759282335
75832,0.7483306707456372
39279,0.2969142226960561
100504,0.48745259638829247
37330,0.9307838294068016
71467,0.42617668473626535
27577,0.25100292816232433
59870,0.8393732929493845
64403,0.48541771361542935
47464,0.5168465026640967
79770,0.9371177434043374
99308,0.5089733002988847
57197,0.6540802502019794
37918,0.7975282851952491
43470,0.8395946518445677
100219,0.231053959013569
26510,0.7205730971047959
25870,0.28151877631625394
65867,0.8735251537661108
51739,0.0577070249432933
99965,0.9919819431340341
10534,0.934974514433002
6664,0.8410124511821688
104971,0.24043939552277016
24615,0.16671567332676995
100862,0.4267420342251095
28018,0.5242453800432822
7345,0.73840045467592
76059,0.642854077927109
24256,0.998
89943,0.8870772811502601
97303,0.28305411678365233
60280,0.0982615915895236
18324,0.987999535748044
87641,0.1945952518636585
28970,0.758894224858429
27363,0.2934393676374555
52902,0.2490476691912838
85294,0.18810452804553057
81480,0.8613148524846872
1744,0.7926339554626151
38002,0.6066631821619375
14284,0.7821245240964088
38484,0.3130354638999646
80584,0.9802856939132221
77050,0.5495585606803947
31259,0.2312844351431168
79077,0.036519342138477545
58886,0.9112119753416886
60954,0.2978174214413925
70799,0.5867855908159052
52013,0.631154063785446
71904,0.1984428122741275
71844,0.791587231798707
22734,0.02360243460963335
79724,0.12152064487876141
82508,0.516545678002789
77802,0.6981654824711082
54576,0.2856310890603106
82046,0.9293566571987322
42787,0.6333968989519497
91919,0.7849654889808566
4764,0.8193128239401544
29079,0.6488025610876501
30254,0.4026919041962934
94013,0.4884948546092885
33643,0.7811102063145321
24238,0.5566661574996049
83026,0.5759816627325547
3164,0.3392422685854074
81900,0.7279386678082929
50519,0.49659845695499566
76320,0.6793976366269276
56165,0.985418705131219
83166,0.020152251518959198
88675,0.8250572420520507
76380,0.22195961520409144
86709,0.8057196460186896
54070,0.8638080667054928
37157,0.050314492416257295
104166,0.4637619640432977
68285,0.4729051873847886
81848,0.2606199259908907
44145,0.8977278293689035
24019,0.9535624119815308
86235,0.41393246919235815
80353,0.8534527293190837
45854,0.7423113047238576
4402,0.17387545605890253
41645,0.7021797536558828
31674,0.4336341129222738
28987,0.2993064296837939
18766,0.6408740496262099
10355,0.8405940485918348
32427,0.4523776218408576
91400,0.46963412012441197
55295,0.6063702651389475
106782,0.6145387356941625
1645,0.4653362659795451
2610,0.8001641289837071
53836,0.21880247400600905
63495,0.9006372425850178
53689,0.13492221778712318
99572,0.091228163612683
4148,0.9983368431846593
93681,0.4463139340796852
82600,0.32013387956826833
63362,0.6782170997562033
58983,0.30684221754150476
66268,0.4298120824375332
83582,0.6395722031292072
104484,0.39912165677481837
39197,0.01026403993078895
70740,0.04620247738396635
75117,0.8425192391296107
56646,0.7858737443633306
103460,0.4340618544138604
19134,0.9504224892595627
87447,0.2316522324400229
49659,0.09764664821963365
83556,0.6478310480969454
23993,0.41404878594586497
5813,0.13727224903307994
29916,0.2847517023296056
12340,0.3668538785792644
67255,0.8721942616630395
46508,0.0810091333807073
67248,0.41762271962181285
29461,0.96049043535197
51279,0.0202444952054409
16059,0.5639323462089153
92016,0.750766231323768
50313,0.24921831380679638
78370,0.6954943651106543
80708,0.3575375256024683
90075,0.7494084800532408
72748,0.8142319448348099
10128,0.02361326555207685
7858,0.8150780904761438
69469,0.24086471780013105
607,0.6973052294704336
31648,0.7872297411611584
65947,0.1726741435700509
65612,0.3152370056632863
29127,0.9543786926776788
71081,0.39759781559249424
28869,0.0926767025861059
13784,0.28954311840660973
98489,0.3003044877818847
38712,0.8980607653148109
1935,0.8727726975067034
81134,0.9391005712189737
97576,0.2341444255490721
100132,0.6363549545368035
41552,0.9110838607544215
104473,0.723495158783156
10886,0.840441736649437
4608,0.6213162251768265
19638,0.0748474423924542
103726,0.8242194097659175
14088,0.35016453911221457
44367,0.5194167209731451
77775,0.2017372986313886
43133,0.24192489629568684
11750,0.2407592915896885
38773,0.9107243210569607
80328,0.13050163542886128
36364,0.8572555069607215
72222,0.9881487144119786
24497,0.781426257160883
81796,0.9895693923806235
68276,0.2198346446393261
95099,0.4373580551906894
104325,0.8301201285217731
72720,0.523410717071836
81957,0.191906093601793
68678,0.9072491584372138
6282,0.5725684602327228
39478,0.21994442666573635
64263,0.8728249346849031
56842,0.3578062332402066
71748,0.48244532458931333
101186,0.339730822450088
77819,0.9668371468398008
82746,0.6382795082343518
75372,0.9850628450594174
86180,0.28635468473328163
103038,0.1840129597924701
53965,0.8778794329943711
51154,0.474836819184011
68680,0.06493350307370435
10380,0.9232811769092566
15435,0.5168298499406232
80262,0.5345546187649278
72306,0.7275291347583092
62687,0.413776132486237
87244,0.4007583061167552
45990,0.43487192349884735
2832,0.21241964759018767
15117,0.5092993578825734
62567,0.16888697148426718
13436,0.19037802249417718
10683,0.3230092942970548
25182,0.9351547064645416
65739,0.31202396506621344
94520,0.06966672753334086
96784,0.7658594772939671
21531,0.1756808875425977
58971,0.871296327341978
66147,0.5269217002361023
101483,0.5918641316736502
79887,0.723472039405011
29544,0.2476840478421568
69091,0.6659049317596799
11176,0.6993292698613937
60268,0.05278650301797019
71120,0.6442939618873794
31291,0.8517046305479906
43865,0.7151351766097525
40585,0.4314124530777306
37452,0.5115180253069609
52456,0.9759126738686736
90007,0.8243535278368799
16739,0.20442367146250462
91551,0.7814427133075165
23423,0.13961731314484505
1706,0.9196471253686557
7452,0.2757814638245366
8134,0.7952604837637376
58536,0.29269732553930694
105734,0.655300323128088
1313,0.2781640549916211
84876,0.9668878992494723
100693,0.6529673127177584
57995,0.40995983195250596
79811,0.431629539065851
69139,0.5030097333830021
58534,0.9959834910032666
99375,0.4014719207050136
76796,0.2304550842595997
66626,0.927025825954864
97721,0.9326344637508776
102488,0.5700676293341553
31116,0.2161983406527676
21065,0.4127951190251224
59272,0.9164112594871738
99469,0.6830834239185481
46333,0.9122691659337148
28601,0.6653994644020989
25815,0.14149803101608416
102482,0.10794857030882045
34661,0.8727186259030508
65391,0.8166631408208822
81943,0.6523827638668156
28505,0.8390361424626335
88621,0.25878770980383814
62287,0.7909107957871522
25860,0.24599703090794728
58026,0.6795629109902993
59165,0.16901173874989556
21355,0.9204059331895885
724,0.946297189116724
61635,0.6799987327336448
10564,0.062467509682348155
41782,0.5377912508691791
6229,0.2203942925213896
42952,0.3588019511206195
56235,0.5593009307245977
104947,0.9467359101478934
7746,0.21492593174763502
100978,0.7114602646273319
20646,0.7093124443945571
78149,0.2644876253870806
94746,0.19958284611463584
11466,0.7176926215596511
12787,0.6465208294872631
104608,0.5513674264615872
38068,0.7681628458381944
12230,0.39301786280021794
22667,0.14135184717849314
35855,0.23259553391305784
27932,0.29554481165771346
57277,0.40399223572441095
71908,0.6578609555636907
23047,0.4898975335968746
54288,0.6087593988028897
73157,0.9292953830730413
72434,0.7246158414633602
37676,0.4205907186302258
107058,0.1049073924398784
103029,0.1276970369557161
34947,0.41262437109933175
85834,0.9444050062480416
74743,0.7096504693301817
19940,0.8665071928821926
29136,0.7504407325278168
65700,0.9045453799982047
15352,0.9774743078285635
44799,0.36873839588352353
79640,0.17633841484470805
745,0.9573608400682706
68654,0.24474742441044234
75911,0.8909250402535052
814,0.6764061415320912
30903,0.7372699827909289
32545,0.2999282154658759
35506,0.7689878019102132
69863,0.2330898683869677
19443,0.9237061545245677
45375,0.6257266261640193
22240,0.14370108953375477
86911,0.37792824442188433
68265,0.6148549566330519
91954,0.49476727593459935
99622,0.8753289264491219
47734,0.32241044098553784
53726,0.11735651423766091
94247,0.6029975489101327
154,0.9686287440811894
11650,0.6694081749357867
27561,0.19667967622453636
49806,0.9149772526335249
94011,0.2059821843192663
50140,0.7956228483215111
93185,0.46980486551996953
78438,0.8879809236532676
2264,0.18252888246161164
62528,0.7219924440713738
4665,0.5497285615565521
7685,0.08254003008068356
39824,0.7273500023571187
65005,0.9630953338789334
68816,0.33426987305518296
102678,0.27873337197537973
63734,0.576372285122223
40320,0.5695119827803643
2545,0.678669375660429
41278,0.8858141052153654
102661,0.6797145060504295
29550,0.0502248884486537
13831,0.8020316005194663
52921,0.5614763180996287
106351,0.11564071682892325
95864,0.34418030724407395
9087,0.9409203189471124
5591,0.8682640946643441
46258,0.08356801189520649
95865,0.8566369526715157
42844,0.8064496065483328
77093,0.0716915440797212
84201,0.9914639040466298
70165,0.6597851843255548
32357,0.6224197776071737
101296,0.3953520599682821
67095,0.6436322878518639
85509,0.8976874210988801
50202,0.6542408394974195
12793,0.6222577894355339
94120,0.9366008922648372
16628,0.9225288668385463
88444,0.3795917475165692
48356,0.3308995652810288
57373,0.3247601616027923
20724,0.7103107165349947
32265,0.9178204809998072
50643,0.8024108917037434
52320,0.7620083253117977
90770,0.5249297054176321
36345,0.2523673482698824
51312,0.7529861742556013
106826,0.5092085488249773
1659,0.9412558096022569
16342,0.7548247577051754
14592,0.47933953368845506
91973,0.5044793701760364
92819,0.7072846365364449
19977,0.9984876320198415
14955,0.589843043038712
2250,0.9340779249637317
72244,0.31399615631001543
26420,0.9743884416333681
68772,0.898908580177358
5213,0.9973212970753338
51455,0.7299938633693831
81805,0.3355924167868207
85814,0.16610370273478586
26954,0.5238877114595585
69738,0.9575067376896225
65545,0.9919999991554851
83747,0.6285993483362116
71477,0.4879346136904591
69329,0.26875576776154836
1746,0.928492460733015
87324,0.1742720153691471
45379,0.6553458733338017
89712,0.9931757275579838
96389,0.0723735763483844
35886,0.7019593712132953
89497,0.9967142857142595
49775,0.7631931236019962
81178,0.2739991250806155
72632,0.3768709586704499
93516,0.9896785707630912
57472,0.9499674259751953
95100,0.9838071117643414
257,0.5575772576928628
97807,0.3895875332151508
42302,0.7377685107417565
103524,0.7455402249352775
89488,0.7700784053479913
76436,0.27050532060357135
95621,0.24070867958729125
88434,0.2147989633934732
106829,0.19453888204414926
36065,0.246231674770154
85803,0.20101911264593758
26046,0.18384429045074155
57695,0.8523347756031519
49956,0.2206701626773127
41088,0.3756288073919686
46736,0.1736137085429624
45144,0.2810720879008244
99930,0.0313461640157181
27117,0.4048188574142134
53530,0.9052322195851281
49282,0.9003451520860304
1592,0.44480565046978937
2095,0.02987973530916305
105521,0.11938413618518084
93321,0.9664187878987152
77725,0.11949983907667075
52947,0.9468687993689895
43384,0.453606878828932
41422,0.2994186413671329
102039,0.7773838574406589
69243,0.5912796383895208
100066,0.8483334182875071
103522,0.487043653764933
61424,0.5516606367394838
12304,0.8530483781080607
99845,0.998285714285708
57141,0.13063441967438505
63639,0.876817920076931
19505,0.8857693074339952
72803,0.7068014914250178
57130,0.906662115124379
104086,0.6418529160659412
95997,0.1520511149867979
73735,0.5243402822475939
17898,0.6468964303928715
63729,0.7797415197934583
62143,0.4528523329727955
76631,0.6965177608772131
24602,0.858030775265922
69537,0.4742840685620664
57797,0.02766404449334975
95559,0.39289049285465955
90322,0.45650864177338624
80472,0.6073812990094984
66595,0.6348943668779491
92922,0.3121688768077054
29561,0.9609663604724016
83239,0.704610222502481
91457,0.32147270000806927
55134,0.07417277906148756
99539,0.06040128870313635
48374,0.16782528908735075
36915,0.08362514638710515
65108,0.2141423607229471
29981,0.550272454127241
93649,0.4488226288497499
89723,0.6078788296330643
76692,0.8100401530848584
54562,0.5790366129729545
43904,0.8455093458068974
33293,0.9023526090771725
73671,0.9724283547891133
28238,0.35291176979785377
27546,0.9968928557906394
2281,0.9261652651519963
80042,0.7424121680536252
47374,0.05791845884818385
67558,0.09075071157037365
58322,0.503135088349519
106927,0.9269712843330977
81403,0.9163179373762984
86321,0.8056369821555378
50823,0.3139840942640968
97448,0.6977817640850883
105586,0.1230357640467808
75470,0.2205188648835845
9662,0.9194296013433885
91907,0.8293762123183608
41996,0.9622426990348457
59405,0.8389308627756805
52052,0.9953194196234116
30825,0.906281620777275
95254,0.41390386404155577
58587,0.9154947413544783
98745,0.8136998281596927
29759,0.22344569192238678
101031,0.5718086189601599
20484,0.4781338674466452
25560,0.8650852624028642
61360,0.8217817671453773
29448,0.540263503934046
19381,0.446718856681915
35748,0.867672563457146
68222,0.6429892700153961
39947,0.9878878562537394
49604,0.8764431656515868
1877,0.9967849820410053
46967,0.08729435764150215
20173,0.03328920377627685
36385,0.7382461269206638
69799,0.2369532779119884
69403,0.432010446837179
95633,0.19267937008564762
33998,0.6584243230702939
64813,0.06629201031613925
45104,0.2418213511142111
8400,0.7055516022239265
2873,0.4717846274869981
10001,0.6498216918281279
48294,0.528156551113605
83497,0.08851146567523485
57145,0.5430833873807561
40968,0.7194144048694281
12970,0.8274961384082726
73741,0.0804394390548886
63151,0.9522405477318117
70917,0.7278906272905509
32230,0.7761911538282513
56209,0.9126679311780133
23490,0.6471580930865388
47058,0.5706777114635306
82884,0.401506325039287
97008,0.89117694912711
19504,0.16677911398099604
2297,0.8467105136554129
48473,0.2621670727503258
86212,0.7896932916118526
38842,0.9392271666365382
39472,0.00841036347697635
51818,0.5811846474103165
23397,0.34510772740527507
96486,0.8269330787007851
88840,0.17857804156784218
40466,0.5911758711926025
70317,0.9905714264485723
76574,0.3257342164530119
39341,0.8893388089889325
7292,0.39031650107026045
2023,0.1680667473771757
77379,0.272596035947304
58211,0.4739352066828477
33639,0.9884275647544816
104130,0.6997124964717993
99841,0.3357686186767822
106572,0.5645450401080938
76552,0.5522786906126689
101625,0.6634349903016858
66162,0.19704833356202278
41851,0.4122300949742172
101017,0.5489723446263995
92229,0.2328533529257563
82357,0.9744477672292293
15982,0.8372438739982405
23136,0.17024341988127925
97759,0.024564700877543352
92316,0.4110046503259765
91913,0.7529450313715285
46431,0.6873763356066266
19270,0.8526232641794274
76264,0.1243101737395563
97433,0.3654488186930464
49813,0.5391474267115779
63267,0.17728545692281167
44030,0.3027472348417549
47029,0.2918827499207407
60911,0.15431862352916045
26852,0.7099519816916153
25495,0.7532789983067332
30724,0.480462243948797
97366,0.4930153138181318
88283,0.2431918095690711
99771,0.9686973074752151
22333,0.4069029343414572
32269,0.9585423921426031
8079,0.6634695747127193
2779,0.2181983993113027
13370,0.7114432463707681
67613,0.1303210892937654
84513,0.24153080880728045
8508,0.9770086185864254
66942,0.2856453713213236
56528,0.4829237623385945
63111,0.22640817327209944
43119,0.2301627851705709
55170,0.912134233596666
77456,0.6572566158028967
8406,0.5906212390868278
49227,0.41121278325706867
100176,0.925629102461477
89671,0.9991785598930283
99750,0.681013679626421
60128,0.6903124623775351
57307,0.16046950842251825
40250,0.1667459883566889
34581,0.2835371451732893
86220,0.1862238167179029
49095,0.5385664162404233
63946,0.3992457799834754
10473,0.8684369840193128
41895,0.3616505505655382
76107,0.2608361026970047
79867,0.6483966638149534
63319,0.3168307041017626
96015,0.7576673652652741
79850,0.20175165226423764
106860,0.8474012594493139
3663,0.912781257100159
100342,0.145049309208015
8091,0.0230032394302917
103769,0.347280143184328
34494,0.9182923627536395
28174,0.3460041515836805
14089,0.8338617867429032
14851,0.8744856604533853
101546,0.10264446430312135
70823,0.8808810940079804
51750,0.6027958418396673
85313,0.08834358624829206
15457,0.2072976689260437
14421,0.5165748130264001
98252,0.9928105351306045
64105,0.6540511684595836
85486,0.6706551372322376
40484,0.9794396123456529
21023,0.5728592798943821
14530,0.08171602661946845
43162,0.2567863079259366
6006,0.9528483190563821
6263,0.3399646579048835
42898,0.8265026945408626
74764,0.16485540755495476
53230,0.38027980073644685
102952,0.8152247251106057
17252,0.0734008013387234
91186,0.24757307607482854
29131,0.7120410868028879
78947,0.8974509188512962
3032,0.6968457518323816
98841,0.8848430675625134
8866,0.7018478537153958
72495,0.38057555569521007
67709,0.6293045296549953
90098,0.4795989938505729
59516,0.0127819804898928
50248,0.9997856888757863
94359,0.1068792666715675
27240,0.40226471144938675
96264,0.6775284782281588
52858,0.17324820028901744
46162,0.7519729924877061
1134,0.27201518443055805
48949,0.4333326052148391
71960,0.06751410446526254
68910,0.30018849102436035
99982,0.9053422151484558
41393,0.9879898423911583
51375,0.051143107111173994
68467,0.8147718643748973
76589,0.4344072176715439
70180,0.1546952908539196
37487,0.8117041987534608
71815,0.3498877163020076
103508,0.16090558345343
82760,0.9855474462861318
58985,0.3705689416050252
16513,0.15651269177664165
31230,0.2102223620709484
59944,0.8575559716370201
43283,0.3753825810073025
31673,0.4851782552976709
71637,0.9262008021908195
84561,0.7180487477169197
96324,0.6163871609889917
11191,0.9261533198228434
50728,0.0502500635747548
22865,0.6151091753919864
62181,0.10921774180135169
87356,0.7233832737439698
77537,0.3459147605996856
22487,0.6791176902646001
45970,0.7325504786152224
20742,0.5983732239552555
64806,0.12359895183142475
98020,0.7733837421127085
49161,0.03574447687659265
1783,0.10251536084960619
64058,0.16726723287360454
1330,0.5229262566496425
86753,0.41995248312246203
85567,0.25754219138750395
92385,0.707811138192073
63583,0.906439533316642
41872,0.269152068355118
4448,0.0912397350982373
10400,0.48636390718923783
54480,0.40521242933844576
897,0.12240353266207551
75005,0.9999999999407042
104744,0.2843928690878743
78050,0.902950029947341
24984,0.1173715118813782
106112,0.18287916650365385
19932,0.2931642211271522
102896,0.6537685799089779
73105,0.776636155120537
91330,0.015455544767091399
34731,0.056255409050551
52739,0.7434960802634174
26932,0.3213499613699351
31165,0.26947963451720963
58551,0.9140523896145311
21939,0.7433214139043665
91487,0.6544586564551185
97906,0.7921700784496639
44807,0.9887486180198191
39583,0.7656870787859583
93137,0.7349222381394163
34927,0.9980094464526204
45200,0.4583896703067612
14810,0.23667335686905344
97368,0.8699104291167135
49243,0.43584787090571453
22782,0.7283868692885067
23667,0.6526179369219998
71900,0.20950113138251492
25489,0.5224439851241285
27382,0.08367261966695665
46444,0.23642445074256913
78907,0.6238432829124274
54487,0.43380557099934636
4456,0.9554732727267838
39826,0.9996428571428242
66223,0.5168466981225868
56061,0.822356823988575
62113,0.7788035666574059
29214,0.543207851073993
66149,0.8720795250272226
88109,0.6475750666051701
22342,0.42798784943807344
101632,0.40972594463317336
35544,0.21511506961868976
77028,0.2806375564216906
43616,0.8673061429159378
58907,0.6547899711305355
30899,0.8875796878243497
87933,0.8970326345327737
18929,0.7305461000915756
50190,0.9161054677528724
76597,0.9032005223434755
89900,0.8340687896187371
83765,0.06147283652995765
13518,0.503177569733644
45429,0.25484760206945645
50083,0.9958527576992557
66000,0.19127390816139833
94851,0.48359111405944943
10556,0.9813928571243291
63987,0.9910232997264647
3997,0.9091717542278199
9047,0.2547347192493927
85872,0.13241072362996145
24822,0.8268309593590342
27379,0.9438791577233197
21940,0.0443179700339803
48077,0.4583853547435668
96284,0.6174290090822299
79651,0.9951924519131377
103427,0.7953312319596584
12807,0.2361935809782144
83175,0.9531918159324801
15840,0.5437569601079705
3484,0.6349242360768481
70845,0.5936561604478988
101606,0.9890740355910246
23783,0.0472709624570765
64445,0.22755894964075812
104412,0.5828799682106689
70411,0.6704341333952109
19819,0.1313878191068253
65009,0.23426060691351924
92342,0.02631878368411205
19108,0.07858459040416375
6746,0.9009719477904496
94206,0.7217914414614682
94143,0.4070617369439743
99106,0.49881976599267286
69631,0.052908726512540805
53596,0.327715259937785
101047,0.9602572898190531
56697,0.7199030193108336
55742,0.12949741836171005
70944,0.14309332785002474
92980,0.346985651568652
34131,0.692550117383623
44222,0.290749149282563
43819,0.7822253427993673
19874,0.0687289993793219
49225,0.01221055228214155
5038,0.7053150148397569
29429,0.7540599611055312
86940,0.9340489450986414
21797,0.7001473261024359
54871,0.4484687911438755
44711,0.2462018981053496
9775,0.9595027622830674
98608,0.5960093722234906
33277,0.8355456620407722
47216,0.46193269843192464
6745,0.01205085101263075
42361,0.8776996098593083
27101,0.6458361602893399
72144,0.11851773746465005
87482,0.2721333900077288
52060,0.49289757497045267
26520,0.38957743739911443
16,0.06751429110355339
97049,0.7377689602518354
65365,0.8077720505722908
26077,0.09344674338748366
18424,0.3932037939338695
80684,0.42828591349582545
51997,0.7071380789335933
11295,0.3506088748510021
255,0.5921726192278289
95708,0.5154126209175003
102388,0.5019283210293565
82724,0.258936062595516
72032,0.2134396708206598
82147,0.3065252750903355
50404,0.4622441480092938
11290,0.1247100848927809
34522,0.7830460139195256
92537,0.32620848672801633
105140,0.6386530352301629
23560,0.1031666561483662
172,0.6818112581062089
95703,0.7694601751637855
93174,0.6256049673460837
52405,0.2912005028608257
28051,0.7408137887623893
4946,0.9949138628644043
43674,0.06948800433640555
50110,0.6328956717695862
1179,0.40623302327451133
60536,0.977916164933323
79473,0.2782672479151225
104865,0.7930685307398074
74070,0.7322197598731641
97397,0.8119868334797189
76386,0.99674515629864
41379,0.8288070906683247
10449,0.9774985572824302
33692,0.18785578596371855
38931,0.7653973994466752
40541,0.4627882775080382
95816,0.22624422758777452
47147,0.3966324960422868
39952,0.054175200921441305
10941,0.9571122223545256
5613,0.8978744810061671
29689,0.29998998067591726
21013,0.1400448101771457
12465,0.44353136651975655
7029,0.9419584226653394
100032,0.35891616063172066
33975,0.7980116243824369
102570,0.41226903774846724
75071,0.22014416968505815
31504,0.45254873373526355
58867,0.47927037918254567
51215,0.6788147338977759
103693,0.5179212253757999
95082,0.3595341212375278
24245,0.9967856953149804
51808,0.7616203045724709
26899,0.6081309942805166
83788,0.9802325975670407
15455,0.9091702660516034
6864,0.7678006899938482
43346,0.1120082173137458
45131,0.5409915320275502
59236,0.9587825586429646
60069,0.4133669684284264
97287,0.8664817704335273
73100,0.581748426548656
2015,0.48452701455581215
67988,0.685328697022462
15584,0.014066367470834201
104063,0.1033001449607365
15460,0.9694282944667691
95640,0.7079856048082542
77076,0.5111705139486126
4555,0.4288511636106712
74424,0.8810455657818093
88710,0.7530677756504601
6054,0.6921308264938468
65620,0.24449380644172725
10605,0.4376988941660237
59261,0.9951064455222112
25733,0.5835825948206335
58112,0.6483310522053899
81844,0.997247910296261
49036,0.918511591764
26258,0.8840611291720928
3535,0.630782641654148
101998,0.6588739253006403
66520,0.6044447086321868
87362,0.0531910682316013
99528,0.5143335182116858
12377,0.8566787467623218
51345,0.5362694094958306
96938,0.4255655431339143
15312,0.14772422650186073
16353,0.37129355006905546
91008,0.47332030135279957
90835,0.0827513210852106
41820,0.1385125331056531
16151,0.13435064954804493
86348,0.9425648441831506
105669,0.6691686736625428
101601,0.9590437199492864
83311,0.436264293127659
104640,0.8743267092380937
84406,0.14196031628868774
8453,0.3918101635283975
60994,0.23110536297138434
51636,0.18432588051673476
4373,0.13832482860770634
49091,0.1344500888492571
68042,0.9910327878986693
82902,0.9126805429978422
49391,0.13559957239374365
30984,0.8603014107263455
34967,0.5753417397940835
40341,0.44972471375920176
45873,0.7874460058175035
17905,0.5014033061257945
16839,0.7146176416757596
44541,0.9146215560536819
68437,0.9006791230773337
21404,0.5711526629427777
73479,0.42966316688109696
30359,0.8352014069048368
73351,0.949057715444596
84959,0.8639228722500092
56513,0.8767670548631554
103756,0.8183532276210264
67520,0.3127744687506019
100986,0.999642856604514
27260,0.523200131942923
731,0.0941977483950607
87687,0.38118181632247505
28660,0.7683471886930141
94391,0.2905954187555494
17446,0.443794350468004
81498,0.33951033954033705
12219,0.9731711011178681
78778,0.3476469047612978
96356,0.18177775898914067
81985,0.19087756994177296
55448,0.9275141475643716
48604,0.16337215629125756
5094,0.2932276956514229
81185,0.7853747841366633
71771,0.838176058019225
69712,0.2887478671945794
46044,0.37129023789075416
88764,0.5137626685509389
88216,0.6687941881731774
77232,0.4272013072099617
32466,0.12431839182473316
56837,0.8572800193733254
40092,0.740160299758541
99835,0.9517010258890393
7863,0.6575631259783024
84264,0.7941778127960388
59001,0.5566203419149462
65318,0.7356077347551204
85921,0.6705270832181538
6507,0.0551672467643696
94886,0.6673785577494936
14161,0.9464671407234148
2774,0.9501549704518921
18113,0.9674925913795602
39735,0.1883980129623146
78002,0.9407304008473227
28895,0.9853590810871296
70029,0.14847904673706303
74120,0.7824984414213862
5053,0.022454480292649348
72518,0.351650478136007
46275,0.1929043148817235
96136,0.9136028788837782
14146,0.9608770580231487
48782,0.21686808366639782
71094,0.017776420267132602
4072,0.8821923017563279
22234,0.2328054508280605
40492,0.0978440499125727
79690,0.9981123617078858
23079,0.981581659769585
17333,0.8696809091813293
87119,0.5334976274064682
5834,0.3716272638620281
13551,0.7557219499557187
103021,0.7614167064695985
41991,0.8809255554054356
97997,0.98330964684589
106143,0.5472011810586941
101996,0.6695077876279766
101236,0.35332516243805445
36530,0.2528954713340458
17414,0.43734595778255214
33019,0.7547128702150363
85006,0.9521593315043471
76140,0.44065888902293004
11309,0.5158956269078204
34063,0.8479369865665847
86991,0.8901284565288066
32286,0.0309400655690068
2524,0.7276394730571099
6279,0.2733793933042858
57030,0.42384641286816555
37289,0.493600340990093
54436,0.923267870515416
67667,0.061865310361737945
51861,0.24190581485053234
48301,0.38586889676151215
92372,0.020694926132202
66076,0.051068254368952196
104068,0.9429243918101949
31387,0.05989178556522665
103070,0.3625022996997296
102925,0.515503454107232
99006,0.895968693591474
34843,0.3828099794624946
38428,0.21241566673752846
50298,0.6880853427237705
51515,0.7180912408639308
32828,0.9055623164908554
104127,0.14465263324617603
2186,0.11721843757887046
20434,0.956035122555108
96378,0.22306724770978695
13398,0.6149219878976726
6188,0.6260221064795126
85871,0.29914811980241884
62571,0.9846194971479065
11099,0.46186088449841456
94810,0.699481228322095
23998,0.49571764480814684
49636,0.30037804189750816
20494,0.6249251186865876
33693,0.9642324352767555
91076,0.10953425077579765
74944,0.0392169284294865
74179,0.9754556142707542
8337,0.6377393527831337
38300,0.8590996277629489
33038,0.0115976888520767
42301,0.5900214640083157
98406,0.9428064493221116
21120,0.07355387477813441
103069,0.09514228413435685
95270,0.5706667089407731
29415,0.903868830230518
8936,0.9963768740472396
3064,0.25252598654141545
9208,0.9921584450242443
3003,0.9630785131371571
19534,0.36186946694334243
38292,0.944501256826753
83724,0.13811229789791074
38364,0.9600688606986174
13128,0.0590730269892951
89959,0.9036601100317645
16895,0.28059547513375815
11341,0.020346283533898148
65488,0.8098981780960647
82592,0.37628591211901236
56114,0.0209145719184097
26861,0.3279879960172454
41746,0.23153726223705018
96149,0.41075072117836
11061,0.6409748444051762
53212,0.9724716344755869
70589,0.37282690117139755
78186,0.9729896381611138
54618,0.9999634867784069
23535,0.7426087698977871
76071,0.8799506857624236
6762,0.5570951746423682
21563,0.2827479805021884
8277,0.13372651401567104
68692,0.35939764521405393
16750,0.21907152015475062
106149,0.5278984120697059
32532,0.8621564257047305
32779,0.7026561747805751
102453,0.7217885606847496
30666,0.7356579270022691
61647,0.0870740470608655
27147,0.9049160132302014
95403,0.0207070546053521
100710,0.6412789283225231
36015,0.20791488762451105
106331,0.6006198554630309
87580,0.7815782884618725
41501,0.9062640781739018
98388,0.6548793152968513
30343,0.5381003149840238
100663,0.7493879638000045
48171,0.5498532425927579
56787,0.0323655338440218
14226,0.9885357061774347
21243,0.7823038849888073
106770,0.6676279668205747
14458,0.20110458498125333
67170,0.1943295395913877
73977,0.9694295376243258
61569,0.1698655647503391
6221,0.3742621323116728
1656,0.32332929128615145
70599,0.8556821839873151
33838,0.9857499779950865
59864,0.5401630789073033
74466,0.5200781370916541
11592,0.1119327692736891
15088,0.7821713166151559
97597,0.01738833949470905
18431,0.8639457224306204
42600,0.20661080354435496
81817,0.2794359232187315
80331,0.8286571432446584
98567,0.9691146033331592
4097,0.4175562762576125
63923,0.5807890120697292
28027,0.5370911027485572
27503,0.5194065658055533
9715,0.2079847185239476
40488,0.2086359271628555
40166,0.08555341124807045
48582,0.6880175682191374
6797,0.9803985149928282
65019,0.10495458657223006
30617,0.918726548883298
51701,0.5080993959101792
5761,0.583694118856603
105934,0.8905758605466296
40390,0.8789082098603067
58403,0.9955779591597909
39690,0.46134903813461514
69613,0.5928972996939129
17650,0.2360927340427278
26592,0.09481322126565095
70322,0.2415873471393572
63130,0.4409321588447032
49616,0.7792455339858089
102088,0.1206769455567196
15405,0.25361459745867954
68466,0.22692310233198784
92294,0.15806958452731523
22524,0.3825995323546517
102550,0.41284087870661085
79178,0.8328822735672594
78481,0.04539968489454055
25017,0.5431892214888884
4939,0.42377317287590255
28702,0.1134218584689943
50712,0.22666909496254334
42190,0.42510821191732506
85508,0.2452432877376441
36452,0.33210792950596185
9538,0.9303211925515745
35066,0.1380617215483504
38543,0.8071026110775843
11794,0.5702735839478227
66006,0.525654454673153
21198,0.708203420334065
80627,0.5502224510683504
72178,0.8082842368447675
52478,0.9998033621521873
54875,0.7814482193189459
93762,0.826026914253084
86519,0.7489655792094543
78128,0.4353208594365797
82240,0.4229458041238263
100403,0.03048056369589345
46299,0.8129675347728695
105428,0.5705512080610893
76655,0.7649751551989341
87723,0.15243979989041156
39172,0.3412538102465254
105399,0.9504999991370544
35620,0.9993913715735422
4285,0.08089636081953575
104852,0.28312245231220157
45967,0.7973087115004943
73419,0.739253533401032
88642,0.6759453335736436
66205,0.5931072287078756
48234,0.402273970476385
6612,0.037928937380224396
18880,0.2650161432236804
69298,0.5893839478433991
87659,0.6927417202290599
81104,0.7954511841898975
77462,0.8490881731326527
86422,0.36221436082376823
82575,0.505301704999066
29597,0.9183761372693918
45809,0.2466987470493069
82953,0.3052864640455642
60684,0.1318496775621623
18764,0.07984375050344744
103360,0.7502251099369941
36723,0.7938049794066855
29224,0.4670325793028425
48812,0.6388872298091303
43786,0.8732594708670296
37907,0.502298266266701
66750,0.265999397069587
74666,0.23103221539650814
32708,0.1085470157082893
98157,0.9208032841547991
85100,0.9593938125188889
10959,0.4306762950851548
25471,0.7497607337195434
74863,0.3289764087571406
87242,0.3686788566077781
104648,0.6507499144663236
97052,0.7477021237492016
86805,0.34548126438495935
16681,0.08995222835170066
9645,0.3013076342847868
38003,0.20667438391693335
98423,0.6519678110730569
43855,0.873712312505202
80998,0.32784826627114494
51599,0.8036287293907841
86393,0.8014883422825251
97657,0.43775343773110215
68503,0.44124243390350315
62199,0.9558528723753784
22810,0.7684992138093333
25809,0.18007310120997416
31763,0.8523192587330086
56585,0.2482610463028943
82026,0.604389054535159
31013,0.8852241422226347
88505,0.7877923369343629
67862,0.07889988026796335
1083,0.7051830222415547
32019,0.0939376354360011
45514,0.7192783869542224
45705,0.8867761998642214
24442,0.663519630416321
2150,0.6104364581432087
44853,0.8229789570877464
87629,0.8129917012082878
99796,0.23558791401387874
15349,0.0169907060081567
34765,0.9352974651750918
25818,0.03792476621012045
2666,0.8488509137757592
76793,0.0204950148774005
105647,0.3866962224981342
81361,0.3555446140386171
90799,0.9921420949490423
35745,0.860459797119399
160,0.3028988270858302
69303,0.13322435802417606
14700,0.6302957549984539
69746,0.7219465779754655
961,0.8338506365652594
3962,0.06405579930559305
24511,0.8146365927930946
61817,0.5878496038825296
19533,0.9971785714256779
43332,0.24392095281119464
52787,0.4784569330891736
79254,0.3700133836023068
63398,0.172661938576891
46236,0.6210199461982799
103175,0.846222273668796
79229,0.33321081523580276
2444,0.8505792309418296
77714,0.8947670850432664
80153,0.6891203110712028
98530,0.8341032279051426
93242,0.9146451538642985
39888,0.9950352857664724
9964,0.9721949894308277
31540,0.9424967063956469
47142,0.41623424701883593
35348,0.8036984867432772
74182,0.2760405214910458
5001,0.1964021905435655
37864,0.6383083153937439
14092,0.6929911863894762
16748,0.8867593249975173
104285,0.2335459869672061
41214,0.36851740718761905
27064,0.35898307421955933
1903,0.2642784147622619
9954,0.1398750425136575
86039,0.20796224275208658
54745,0.21644184052850673
9210,0.18993997764088694
103898,0.020600044723027698
21972,0.7866678582259349
67669,0.07828845195390499
484,0.7331919500354143
47825,0.5542021960711527
47939,0.7101312442845567
100475,0.3334070468981274
77167,0.37866067728840047
88023,0.9943137768851298
75237,0.8061008697729598
60778,0.37978471519350554
33347,0.4811517800984515
72757,0.7116402582863426
45691,0.28335764715669376
23169,0.8604791590099314
49808,0.7170400484352022
87952,0.6002225457444146
104831,0.7073063613331431
88511,0.7773516908584193
106076,0.3319254559046003
1970,0.9147568409551117
61596,0.14593745103225936
99009,0.967123965234503
36950,0.9903161954863191
4566,0.5133263595985695
40783,0.6878452643705966
72599,0.5024533760038749
8221,0.25733194441377183
19699,0.8421873412428403
37292,0.8031676003178694
11863,0.546803381654291
79578,0.8429234352700498
25995,0.4282284032382747
37913,0.6404936789495912
7465,0.9519348889538102
77555,0.1392833845721039
87837,0.0246324122952623
32407,0.7502694609025784
3374,0.9696129871097872
23096,0.5813086738953704
21436,0.611840388463046
67879,0.6382104369753774
105851,0.7350479455899319
84088,0.32587244745384103
33309,0.35760447028651493
58284,0.4387936538025029
67380,0.4023051278853823
51248,0.2776643260709723
7690,0.9648573219849816
66797,0.6248097416931047
3928,0.6438148569810878
98699,0.8676277664065681
37209,0.9702421751668961
39834,0.1471261742022694
100208,0.5538736232125573
92868,0.054383270145357196
7592,0.5653283476292219
93101,0.1590860437754426
82473,0.5163999024445634
54104,0.1519131851369434
8772,0.9920728961286608
49171,0.3981563640514292
1186,0.3672069739381878
20672,0.8756556018007154
9230,0.6665502380840715
97020,0.09093601837235504
2270,0.9013658919234626
21016,0.1233256030506897
42750,0.8684733387580841
12134,0.0627947639707219
85442,0.6902283620404698
4196,0.5894703838448209
45003,0.9115794390561577
173,0.7122848108926092
93374,0.8128247098017307
88695,0.0701462849057091
24428,0.5663680680145899
21794,0.992308651470457
83160,0.6894736240593416
61147,0.9891725860027276
84498,0.2681100416353988
12837,0.8904843068458834
55334,0.8728710503863397
23071,0.8514202917212792
86142,0.9570125801304592
82082,0.7811152747849437
40099,0.5704808991442261
90999,0.4581557209085271
60262,0.6992644833726435
13806,0.17405051376290434
84354,0.8913105450734511
93197,0.2511950067431417
31336,0.20998942272523513
61346,0.9458235809945109
64873,0.04007860194370195
32682,0.7680927774682875
91281,0.5942545015637964
18862,0.4508314310634013
69521,0.19628188608585195
89560,0.1311216138753675
35183,0.0796168884126314
101367,0.18574647411740214
80005,0.3576987138133828
28355,0.7685679450493268
81694,0.5554182013602539
67871,0.2819549492614677
40178,0.8897746277027959
18070,0.5398184317792241
30680,0.29491959106179777
56137,0.22666801470109582
84815,0.3837733435985513
86707,0.6286016944824377
55089,0.1355541846641562
59361,0.27446200349880856
64490,0.7355036976405231
57093,0.8633937227449244
15676,0.5016509631846299
39525,0.5608422428137073
47923,0.9682532650851804
45403,0.6603170317749887
83152,0.09494866397443595
98655,0.306906956087414
50859,0.6395206334461885
65784,0.45315595299919775
70212,0.9842611092236744
21058,0.6822359987086972
74241,0.43479426386597897
62610,0.791026849999284
7566,0.2234500843551941
97972,0.9746939292812403
67144,0.7735700272027071
87606,0.9531803087037138
46796,0.23345411012300185
4010,0.9929265681315065
76090,0.2331050841443999
12992,0.45078289945684547
96829,0.23329770229767416
84814,0.6255806368694705
57267,0.3447248287746557
6047,0.503296901627462
69361,0.20152163810757515
17613,0.38807366543272737
51751,0.6638600929287072
42632,0.3978582124532057
36140,0.8925394486724898
85388,0.4004469731120327
71239,0.9671925773598067
15500,0.35248611499754295
61416,0.5474598264917732
31746,0.5550128069341583
50329,0.3502540110518806
73952,0.9114037931057839
32538,0.6525658691300705
13418,0.39801321844418247
12540,0.25122369622552876
43800,0.0405431509157637
14460,0.8692930947985376
55856,0.5423932988240425
62352,0.5135388235965059
94871,0.543754139822543
91572,0.28179989007895456
26053,0.5567991964289045
50065,0.9573659958460059
5865,0.8591765063604282
10612,0.4735266942844054
42136,0.07829860750780124
98225,0.9634185907194801
67911,0.8574654670720527
58526,0.4831883002858489
60638,0.5359064066128375
17491,0.26565935749035086
65807,0.5166083368520745
65190,0.9452819787380514
46855,0.1754668802241679
31550,0.40363174622432507
46678,0.7374002755798115
52586,0.5401891713299318
77083,0.5690916144610022
15946,0.0506280160999708
47152,0.25531337719738123
82477,0.23848767236852403
89509,0.2631379301419794
67809,0.0561290497045103
66336,0.3259284058351958
104012,0.0975829449251155
5903,0.4467083381998673
71203,0.08367376841709565
53679,0.505560066589062
4649,0.36034916892262253
45837,0.7043235797079639
47135,0.8677182595182393
100954,0.5319304018416419
91716,0.12923218819471555
85728,0.4978499267244003
1170,0.8420605896062865
31247,0.7675982678216294
7679,0.8867035426413323
28796,0.9587412712856749
44977,0.9123834574828513
39422,0.2992712899743269
61607,0.2520141107442882
106078,0.24574028413391213
9024,0.22777561152106496
87278,0.48665160772092475
69203,0.9083140318405862
1615,0.6974588846903028
18592,0.25896717677786885
102546,0.674366540502497
92573,0.5523338415232149
99103,0.9673231408562066
64001,0.4084523161009497
10045,0.38565934485227527
85073,0.5058314322709256
63138,0.912706681958364
33289,0.43334896923297234
25657,0.4932478622972138
105677,0.154958505545644
67163,0.06285192193753825
13647,0.20030181500181865
76642,0.0532956721354697
51007,0.6717157033482717
68266,0.8164981135664311
44275,0.7185290041851566
20998,0.9223180657566253
37144,0.4542868635346385
22529,0.8160489810061766
107135,0.29063769324293315
10453,0.2286160413029455
44915,0.2202115559338681
71397,0.6891228961793205
87754,0.5870567340662822
94874,0.9127322565979656
48273,0.8199583269050035
83799,0.4038426501831692
59725,0.8344763835491841
17919,0.3041626410349082
38410,0.43026623195934144
96210,0.274824855873645
52102,0.7179906707444565
71858,0.4037955721878621
35019,0.8487895753455057
100257,0.6200830588419468
92012,0.5529534648710227
62039,0.5916148766264259
62999,0.41403632867848017
71724,0.0331928134856022
45444,0.8030531024246021
92009,0.5928575899900695
19636,0.883828379055932
55464,0.09649932050802179
71250,0.054931249127512655
7439,0.18805990219498006
49016,0.7102369914837534
23337,0.1918562977529082
60876,0.7621241671214884
49078,0.39111871314878877
74833,0.05024093488772805
29020,0.38975547091028684
26583,0.4516095784220552
29303,0.07246187671878435
42586,0.7726702427752159
71875,0.8381228365585188
34508,0.6466455162876282
6165,0.7665726048082598
58493,0.7046284565041844
94887,0.23981200235906086
102986,0.9894984310499921
28098,0.9693533323719716
25087,0.18038709074351775
8009,0.18671951162195166
89579,0.4095501037556412
54770,0.968210147333407
51653,0.9078634991043527
45760,0.2208335521411213
4476,0.9551638017034262
54421,0.47970093021867255
59509,0.916886241288952
98689,0.9936967300701314
60921,0.06149012177763795
39461,0.6370670998802366
70274,0.28001147157187917
37090,0.407799042358005
37016,0.030797920675080803
13411,0.8393139289369573
51088,0.9291518451315792
56925,0.876002199473872
98002,0.42365537716129337
35495,0.35716260892092033
93475,0.8894594685712022
68261,0.3653065528087933
98947,0.7690896719357465
50552,0.5621600626598233
59028,0.9034005986256692
88386,0.5948342756272355
96380,0.48339185945280894
45376,0.823155623289509
43984,0.6964398139351449
24711,0.5563530820288201
97312,0.6129172997800576
26141,0.5886168856322562
16602,0.09557122530508505
23781,0.3796315322616822
28258,0.06977152085296685
64800,0.44096279451791115
37795,0.9880440413696858
62740,0.09833793880190106
41201,0.049591615535325595
1954,0.287654109268633
81573,0.19320937061062937
21215,0.01805457878160505
70981,0.21019978038385423
67761,0.2020808051647123
104537,0.4510047711289621
52595,0.8671438112265458
28616,0.06268743679172985
17775,0.995025834735286
35248,0.061447979849805046
34106,0.44218981779802546
13399,0.49320034984563244
62348,0.9824153843779789
22348,0.4510383983241968
78412,0.2321070170628223
79202,0.0785449803190422
28300,0.7879066071056836
57415,0.45054503128213536
24325,0.6858921612906221
104667,0.47518614904743683
102884,0.776654403380479
75881,0.52586232035107
89545,0.2567654437616391
53802,0.1465111716821961
8428,0.8283499801612422
1947,0.23236910784986853
39582,0.8235654241633619
98781,0.45326181369922786
10914,0.7498292387157575
68116,0.23708439784867075
89336,0.5319048113182661
23088,0.8791811055377627
24498,0.6332897292555606
20680,0.33016117115937654
72863,0.2333895389852107
9853,0.6932574422542226
34780,0.1305228284130972
47982,0.3556536155365705
23029,0.2844815442859514
99217,0.9703350984252312
65189,0.1523908079779268
32702,0.3032493584922331
29196,0.5398044719155168
92311,0.7334678721958326
78556,0.7315179805891155
790,0.18938196655064116
61109,0.2630422705251695
27468,0.43648542450901134
59155,0.591454726261749
77199,0.6992336274319653
5278,0.8492749476103777
74444,0.06343558636623856
82691,0.0763714261211243
16226,0.2986805080568826
52549,0.5877745978959887
44851,0.856134755904002
59450,0.7675813570020735
94386,0.5875763907525036
17225,0.34326503521463625
36121,0.7318748632015226
70641,0.5212164096790964
23081,0.9753836967320519
26293,0.3124258143010584
19672,0.36693574833283865
75867,0.6313763696678945
12380,0.6703467321158267
58603,0.5520320093483112
75965,0.5254516425853706
89363,0.7807745793502727
93676,0.9599105989323313
14307,0.3238775472486817
91126,0.9996422291892952
25779,0.33754035579862973
6628,0.835412839391733
4388,0.15449697491597655
93791,0.62121234036989
31487,0.9247022298227301
90708,0.388714685497787
30088,0.8989129208692161
83553,0.6433129490650242
74383,0.1611009737490584
25927,0.7178129851332796
7414,0.02576865801445055
20334,0.19835993205899316
21744,0.7457136581245579
21251,0.300322590695727
60748,0.5370608647561174
43515,0.29535701691679245
74308,0.23672414593462482
106088,0.5953171204033163
34656,0.2504455360611299
50547,0.4058275902884171
95637,0.870002897222249
30704,0.4089251518113296
15030,0.28542081199679403
24654,0.2631755894884251
9002,0.6034034354033027
39090,0.6020473952411164
50634,0.5014209514215727
97316,0.4823326097233117
84069,0.6364274866173327
15263,0.44333984866677323
17371,0.5093784354314745
92665,0.5609618657548654
68592,0.3732736123209113
34934,0.3937905347141769
60754,0.06979773991043235
11212,0.22955039964002855
57395,0.8595072542339242
87247,0.4586086787500867
10163,0.3707698103709499
19818,0.0124544661711793
86469,0.9087699426464881
5163,0.4649494537772122
89755,0.4049957216440887
15091,0.2705680165430505
54328,0.2508761141351069
26074,0.9995357142857143
70959,0.3669210396201972
84334,0.9457408501977067
65282,0.5476132735720034
33477,0.7620454265617045
6641,0.15229970152150765
23339,0.8204624373571145
224,0.883771704564507
16607,0.04658960500135975
106110,0.1226986635603732
75941,0.11541421182924125
45252,0.6603808677748411
832,0.43223085591556387
55056,0.16931086993236155
89743,0.9732468576034168
60890,0.31280202671747204
55078,0.6783326533744114
48751,0.5966204967985526
64538,0.2854613341111225
40381,0.125776404544467
80868,0.36272369041859076
39323,0.8617370881317812
87561,0.9869444826811138
16654,0.825313819792975
41696,0.48774016480926435
13283,0.9706257863846248
24227,0.9040434249488554
9617,0.9670632435345063
56613,0.8982594541706304
87591,0.2931738136586024
51253,0.9752554764486239
79479,0.2568887962922841
90168,0.01394014928858655
63042,0.6506295223680281
37035,0.2543404178689761
52909,0.8183187266461253
69625,0.7194422068429792
10939,0.1687588244158846
43090,0.8921073223144862
23167,0.6772905496646464
16387,0.7719352532552441
40661,0.9455631506115889
71384,0.4269326641249034
19426,0.3660946962037701
45384,0.8716063650012504
60704,0.4519297877207406
14812,0.5389076038595038
42412,0.1686286131792066
70876,0.45987479759092875
63689,0.7957883634116036
33546,0.8378092622989821
15735,0.9597871630730992
40798,0.45573796122312116
13733,0.32306129728764843
67133,0.0899978062067723
18911,0.02579596120997255
31669,0.488038955645589
80993,0.41778946698554437
48559,0.6723450084852809
6089,0.3603895838461551
75724,0.118755361650385
76026,0.48482063314601953
31984,0.6241988164961912
10651,0.8309059460519694
31300,0.26255929912381176
28564,0.13684527467978913
18914,0.3617843514372936
58189,0.7103925109410452
79828,0.5681104428341802
66402,0.6921031056517808
40202,0.38191166583429237
95576,0.07809001894386736
94270,0.8665086453398332
29226,0.8625743254154074
53270,0.5451056499431959
35383,0.2297257616526639
29566,0.788045311802326
2547,0.5834015975130789
70342,0.9225500662514476
1061,0.935507514547905
78036,0.6913201888509064
72994,0.8934611703315495
34506,0.9533178849721784
102711,0.9008986904395955
41440,0.6021388470047397
39328,0.5225204970501099
82236,0.7977372969639771
54557,0.38758441407463273
8590,0.2453865645766004
49268,0.9218341085701048
53084,0.46962958780780073
32658,0.8250062072048763
40205,0.3159797940465896
16606,0.19190378528305763
21653,0.06584664019613984
38824,0.059782257423998245
72356,0.9776410233809324
58357,0.913675724437482
5784,0.5119238175697389
10202,0.7297588780809321
9417,0.42284757432991915
33193,0.8473017382496177
107160,0.03332707052050435
70310,0.9498153359243596
18909,0.5782656124814964
60021,0.3913291167246787
20427,0.8193299536669911
104311,0.6824621513312226
86023,0.5106472582074865
31203,0.17153191369553542
63103,0.1412048562297208
98109,0.0158780585503283
21297,0.9765355366963717
52144,0.6750341592857271
88901,0.75356470275492
38225,0.3655267536507455
84696,0.8852592685595679
20497,0.6728503973200527
29476,0.8072643966476316
24075,0.8529423028192213
22804,0.9727933833268538
91118,0.2994466700441114
80940,0.9346202664665335
43319,0.23891646267218625
29975,0.1782278675138294
87083,0.5996546863256675
52097,0.5480426337214575
40409,0.4683737823255613
38669,0.8633229706327503
3473,0.30413623305796805
42303,0.27563545428960967
55987,0.7375836535200562
29956,0.432277981714042
85955,0.7780599744253615
25404,0.8672654155294293
10515,0.9338221305214202
94826,0.8049102161279701
24313,0.20057604780470956
7440,0.8629794455302983
37739,0.9762080264394016
65222,0.5025426838627034
21842,0.23136230150081466
13616,0.0533400878742665
62725,0.2015070315633285
82094,0.7418936740067272
28784,0.86323315473806
90341,0.12873587558956223
90871,0.18302870915550976
97153,0.7994773599934832
34477,0.08087653619837135
27288,0.7838823575634423
6645,0.20656488197289435
106487,0.16794637658917333
103799,0.1101306766482401
100795,0.2812281035780977
50441,0.9534398346598062
25656,0.9809792160642662
42091,0.5764180660713244
31393,0.9927013805743548
105245,0.8508511426424239
30771,0.7228830825577466
63295,0.967677525306331
92846,0.8137977096531552
76532,0.2720655318380509
55699,0.21579412454062516
51532,0.7729326893715998
81462,0.7347113867972307
55743,0.9168475162412453
5471,0.968935720678396
50734,0.6445609730820294
77357,0.18640170940819534
42814,0.8610541216743774
56981,0.5274055453152531
15870,0.5729050191121452
62263,0.8635214657913373
32459,0.14628653838063385
69113,0.9253212329635022
41655,0.16049718782552805
73181,0.7318796052275793
106893,0.5820049611883953
95135,0.1270311722598738
250,0.9091946769211491
46233,0.9367406109588108
61352,0.7828172123741737
78753,0.33655307565452186
36900,0.44450961227746255
20266,0.28727250544861
100210,0.5656508076472128
12736,0.6874183983845481
72307,0.9179588029323751
88205,0.9135282403816891
8442,0.7458418611520186
5266,0.8543031114558165
68454,0.14499740120238186
42471,0.2503918229231302
88656,0.34739573665959966
39599,0.7085170511617833
52067,0.37672302171300454
36330,0.19486343402073053
64700,0.3445450826832416
45548,0.14171482701670984
25933,0.25219950034434646
15386,0.9309426512339941
5678,0.5820056652857497
64586,0.9518887622828892
42264,0.5574827650660787
82239,0.041202306056107155
12472,0.6543160911478423
80615,0.47031331085087547
90894,0.5774203493885757
33993,0.5156251094211317
68985,0.46474718516908087
48858,0.987961223862263
2365,0.17586705505836375
61432,0.734834892873343
55956,0.5769065427466097
72981,0.9402136934928549
3931,0.1704874518725565
102498,0.3501967313335299
65577,0.5408770204566539
104607,0.9552636868235287
3574,0.033282873185739706
48736,0.34789947908136787
17630,0.6964385322860731
92273,0.4509566265572186
88264,0.8911768196006178
46131,0.18903464365531858
65601,0.269401113874725
11263,0.2427039251211181
56695,0.01443288392284515
52600,0.4841827917379479
5653,0.8971777413227131
23233,0.6117857715501448
102262,0.9628693627617173
19938,0.1440988033676201
43484,0.6262045705398489
85166,0.644567282472636
3085,0.0931345435368427
18921,0.08702227099528334
24771,0.7662981035189473
58897,0.15278317102922528
94516,0.5008797555624702
78453,0.6420802401881308
91211,0.5829339096052678
105987,0.6558025040999558
43111,0.36676127969938566
28487,0.35946322411006404
8124,0.249462092862907
82311,0.371282607562172
98877,0.8180288857681757
74159,0.5316705916725346
33511,0.6306795621294907
95473,0.186424497196154
19725,0.3273170807502077
41003,0.34388954183985676
16427,0.950473510130823
100963,0.9583587723584053
52106,0.4512429304070621
39236,0.9764278215571832
44120,0.955583239671294
105658,0.6695280275550092
13655,0.47828220566353896
26906,0.6261486407601274
88670,0.6709239325443894
10846,0.8850964121104441
61451,0.8009654558918177
22909,0.47418684874061906
5603,0.3683492974354306
71995,0.7653138880298231
13659,0.982632980634634
33676,0.08082818367590146
99479,0.9961623602108118
87944,0.35257612289811346
98866,0.858104625400352
101832,0.10073934884977535
41896,0.9242220410344487
3179,0.6440281983907534
51753,0.3294163711439819
27493,0.8330758879211305
49726,0.2888288873011078
12631,0.6579293965295518
72865,0.5065129596149488
80074,0.9907994492613525
25077,0.4664352004255453
2911,0.23627893550408857
6033,0.5132330676438408
11734,0.4435510453658805
49339,0.11052138565571336
3717,0.5212494255943545
81240,0.9853013742191209
94153,0.934180483290326
78852,0.8845885422444533
54176,0.34970530673797484
65079,0.52766654157985
42937,0.7275318705455405
37077,0.3582264000713206
90291,0.522672679921777
64253,0.9249978336066667
56721,0.429793569650278
14315,0.2174075226639498
71554,0.0248043965312882
83088,0.13081017978152956
14641,0.928007376858426
48788,0.02114199862042465
37948,0.8555228237335802
80385,0.9342170911174328
33468,0.5393532261076668
18095,0.2056910622160087
33431,0.09139100529735986
92258,0.0146425198653426
78347,0.17765985905955295
56274,0.994426615396053
53441,0.45320636696371974
9495,0.9545306458368609
80729,0.30002581876395606
12433,0.6904256113107463
86376,0.29376424501832565
52615,0.9405383994741374
64847,0.05042341321303605
19409,0.19774226293380123
207,0.9020948896813601
68122,0.32509566219888664
92545,0.8499481972227144
95519,0.9541019217774496
50682,0.7221942591454145
55649,0.6088934975515844
81728,0.0739740775436542
11486,0.7143766268026417
57854,0.9688767689962277
1370,0.9568533995642394
30096,0.853296806587881
37053,0.6525487668092476
54074,0.048445531361365396
33195,0.6329090551408887
102230,0.9561308548073525
45171,0.49699469692645387
46872,0.8307033909624271
9345,0.9952768087306402
82785,0.1769854619730041
48943,0.19463364580476178
106349,0.10555853400656859
21593,0.6913772696272398
78571,0.585630535746764
91788,0.2947910842106119
86361,0.9862115065061643
52065,0.948557356462433
84555,0.4485262974753714
3855,0.37145663719421473
43401,0.2251253742325388
69390,0.18294605386162624
56654,0.5112836442315734
28773,0.3852074664308637
100080,0.9501165461432788
89691,0.5031303019277266
80744,0.27856939775297784
27515,0.019418058433679948
101721,0.5373702068267292
23643,0.5248988965654412
47182,0.7246836057635833
56109,0.7257073957328068
81489,0.2125356179569385
72660,0.9250401543240689
25454,0.2650950918869854
89294,0.5865370117265886
74774,0.925369440529307
30573,0.4096179913234623
55258,0.07882578783455829
5170,0.0319066129953498
88336,0.6285329434191982
5643,0.34284335073620953
62813,0.579496398976623
72060,0.5700803887067356
36505,0.20541972462324806
30556,0.1629062175758271
80742,0.4639504368503378
81442,0.8884690952200704
84357,0.2826825860103547
8437,0.804669790423695
89498,0.9849522009450402
52323,0.24975395892446256
6105,0.7850783124834492
28306,0.8678440543618893
817,0.3361999059095825
21262,0.3512076339476043
101935,0.26145467509136405
84337,0.04749338887624835
14451,0.12340047433713054
16999,0.8319019646867523
106000,0.7482678585499988
54478,0.9502888023156001
74663,0.9494189112769502
45704,0.9138923070236182
19643,0.39824126670557203
61567,0.9704754851885702
15631,0.7475543620074474
41554,0.8684687188846926
83039,0.9308927561033686
103446,0.10200287461992025
98345,0.22629199748538387
58781,0.06465888478259779
36507,0.7458997240572863
93968,0.3875083766985238
69970,0.25686960075960213
29264,0.5847299846987666
72447,0.7771260684951056
49490,0.4563208932894043
78217,0.6828510478656165
102159,0.8784771945060893
70273,0.015600621844598199
26338,0.6464584828895521
56176,0.7563430763653791
48531,0.6665539237438731
87778,0.7695780802135641
31072,0.7872220907357617
102437,0.8100910573777991
74391,0.16101289999847074
99487,0.18843348234639062
1181,0.5386081493988145
98967,0.10255543200321565
40784,0.08921084203348875
13252,0.33576526238048915
35927,0.9872854626172296
10450,0.8971726825613969
26024,0.9443950966534762
85777,0.8760026193317748
79959,0.2785148368050969
42224,0.2488027898563631
79732,0.8346117348752977
13077,0.18512436840531826
45919,0.9943791063425366
48481,0.2864095072722001
23051,0.29870872198147985
53396,0.6526181309355051
25990,0.9958173254995604
65930,0.15124179230162643
84275,0.7004154070505229
55555,0.7810470925502542
13571,0.27838595880235745
19734,0.6506700869458468
99263,0.6841781073849705
40884,0.9986015644341568
76709,0.39313419854588183
91081,0.3603677185904269
99608,0.9686774919313865
101938,0.13217328664026123
31299,0.39049547150901104
54312,0.457320341537286
75331,0.34837478351273565
26718,0.9528269861817515
39625,0.6499601603276485
10154,0.48251901986069673
52480,0.6438489663078827
86492,0.0541103268404252
67218,0.3753935317761178
90249,0.39748923334924147
107061,0.6702626978599867
31114,0.4097034579276126
22242,0.4486451865477401
103709,0.0928853286883437
25534,0.042902097285478655
11076,0.4076703027285348
59426,0.5431750242659051
40405,0.678384507447668
44754,0.9097609923977428
22684,0.9095147645611528
5801,0.682216541378839
36924,0.21807219060182986
53384,0.9700487630922972
92712,0.9541024213053826
96901,0.8431337714472701
66228,0.9870699151267803
6751,0.5822518148278576
16380,0.9995714285714286
67691,0.1169754838518286
69021,0.6781112720566995
96902,0.07377093713437699
47769,0.8054132684458624
31218,0.7875836869990097
38635,0.4952469256864235
84440,0.7945669783188807
80700,0.9916782081647995
83305,0.44004662248414117
77004,0.6312664510615262
35493,0.970538296887167
57640,0.06991386236035535
22467,0.8231699365403817
37776,0.9213058540322447
69920,0.33252531511231964
27536,0.6120688880256545
52622,0.1752388709036352
99130,0.21531818767786184
34826,0.42041733064626124
13530,0.873528441160172
54219,0.8743362511149501
75359,0.0778187232720927
27285,0.2315785068281743
22077,0.8069699946302469
90788,0.3691511446773519
104322,0.817447402765117
32897,0.9987142857142848
55677,0.11807200611098856
42319,0.1955673745722488
92559,0.4003901305847653
29282,0.9566166951150685
65013,0.19031654151270133
4817,0.8205092599747317
37540,0.6896936732308561
68712,0.013832445870885
56007,0.09094792324302481
47616,0.0074148196301425
79058,0.9221407508157125
81738,0.3285139007433118
100015,0.9891880921303787
54572,0.25261854780241866
49533,0.0650742644373646
101178,0.6118401799614304
95017,0.9434580453805093
105751,0.736289830572507
78944,0.93731495806213
2093,0.6258784154864465
105969,0.7620361711535794
104250,0.5777683878456827
83042,0.16815881483745343
1065,0.8877314666274292
37529,0.5150870507600925
13780,0.974499985839829
46453,0.7744971410336832
64631,0.9829080183420198
20384,0.20783802200155224
47912,0.9701876497419475
18,0.1439435441014555
77554,0.838670148798444
15582,0.6507393516703684
99666,0.9000775506724875
79962,0.9291028836305613
57979,0.1461671983389886
781,0.9217996491280425
65466,0.15302555298129744
95252,0.5751883553998564
32661,0.3009584674937573
51127,0.25268304060451274
17798,0.6515274250713186
39908,0.6775485832785644
25867,0.4987307926551373
21529,0.021639254964373453
28279,0.5121427650874424
11637,0.2833984999493925
64726,0.9597138890911968
74392,0.5328319968497939
15857,0.160353347900562
97309,0.2869170302091333
37463,0.8810331607691937
32071,0.5426907918685917
21323,0.2615191644182372
26312,0.824994674868763
71930,0.6904412973386762
3492,0.26492309311031437
65456,0.09072769752834875
96936,0.25210309528674496
76724,0.6288094437572707
10868,0.7377940995287744
82591,0.3335609844533932
35387,0.0387241795291003
38546,0.9791524474934488
89839,0.5700470466881815
14754,0.7317736192199875
48921,0.25216379109006126
5482,0.5146695209918531
105128,0.2915995612167315
31526,0.43526950064308245
93278,0.6826021804483382
37389,0.24002636118882098
85513,0.4504930003943285
71873,0.9051361606232844
14912,0.1808605190905206
81004,0.09485434630654024
43896,0.331003300580095
14272,0.2898120361916906
10717,0.1962342426143041
64257,0.8180355205516298
11434,0.2440751049223182
66130,0.6812321545091191
35204,0.7947296830339536
54695,0.32517309025412255
14350,0.8110412690775737
100672,0.1240370706061116
3169,0.01550140621830905
82931,0.9327545417018672
92433,0.698113520989381
24263,0.9892653803799119
14767,0.6684516101338335
10604,0.985309947528747
100318,0.4439924957746656
75663,0.9253747080237757
43684,0.8036156851027971
30373,0.9727696314861389
17867,0.7665707868711484
33900,0.33250995403292866
29003,0.5636062787128668
33694,0.12394879332421495
84087,0.918325618583467
29852,0.6106382492374675
63545,0.6899059226669648
62292,0.05514891470052525
57258,0.2779492359162129
95073,0.9511111850758802
50685,0.6094732252464687
104221,0.8327881130357411
51911,0.5412579033975593
48975,0.5470536526918272
58430,0.8505841299140069
63383,0.23336633488588954
35526,0.3587850895258359
64270,0.23926990974008638
23285,0.8543878833206138
89158,0.4308089146139912
77528,0.2892056573472358
38446,0.19190772159786146
19382,0.6725957261071489
17453,0.6514629171783735
39175,0.14741543932414014
102238,0.4210029603449749
85718,0.7285795057139814
24010,0.9977519121336401
54821,0.4042064689993974
13440,0.18097374383705725
11394,0.029828155089325948
23805,0.8607982029701455
43147,0.45718700875318896
1333,0.7181199740855133
1639,0.5227250816390427
37376,0.2481788264520049
63387,0.6981225376848905
23614,0.9778567520039281
32136,0.6880277355322661
49294,0.4484389886428809
13594,0.9447451393202123
42326,0.19506414523496157
82587,0.03263364822411685
62487,0.6905932555267692
61281,0.46297067255615515
1204,0.1869796907808155
85035,0.6008153610951983
63270,0.4392533507716206
54681,0.7706291314566389
38823,0.3880007904342807
88510,0.35710699343287144
73301,0.8864778448431933
97118,0.1708254220154084
56486,0.05274497882555185
70896,0.22401100437781563
9348,0.3107314046555434
103274,0.8642197985533069
33539,0.48997317326408074
91382,0.9867714022670608
42087,0.18732908782756996
38095,0.6642834776378412
37681,0.8393153516741009
8143,0.22652764869102265
19535,0.9381498564346635
100274,0.565059582354988
47783,0.6446296449185226
63781,0.40344318817073577
96617,0.512545015978078
75551,0.5959082922658101
17255,0.9967499980820167
53787,0.18422704832556686
635,0.814809093809201
85183,0.3287828286979836
103397,0.4431962420935426
82756,0.9182949453414617
100666,0.13656823130305204
50949,0.2172857246789684
28357,0.5160539285221927
45721,0.7941976035412454
56031,0.9306912286534135
28691,0.06464783483301034
16837,0.6203807893383229
5685,0.6575137646294668
92766,0.9457484409416341
46208,0.35411233211634496
39047,0.9538984986847376
6910,0.3421232265309877
70669,0.8723240114986321
49926,0.8646500408551111
67684,0.05647440525344695
22819,0.1243167786384006
64125,0.3855738494969616
15652,0.0964047897653965
23464,0.8821290753859108
29177,0.2084795297947879
35062,0.8735067228657378
68536,0.7105949064146954
51118,0.272629439043822
90260,0.7825635362175283
60622,0.1311363736100048
72104,0.9855786580795869
7291,0.3831834166148461
68799,0.02400865451267135
26509,0.7854383170051249
96133,0.09773732794355114
64710,0.777025801299229
34161,0.8992780455759721
4172,0.6224757573655144
26504,0.12089022660004
42383,0.28673597273677004
48827,0.5830724922633831
62023,0.9849263531945354
53381,0.6295080867271255
42672,0.7582205976869237
40352,0.9551218278823657
98188,0.877072422096097
55579,0.29742384150443923
95699,0.8885965728636227
22073,0.7018061376588147
7510,0.6438244638257424
61926,0.7509182661985405
12524,0.04184415058910375
30272,0.16724704337602025
84597,0.8060670369499021
82478,0.96070150656457
64991,0.734720129860027
33087,0.3730165729365267
102366,0.1367598944207138
83565,0.0952496135758541
83122,0.0686827937768914
52131,0.2717054740024091
910,0.404002704375908
5111,0.46058247790029705
54693,0.25321191200624554
98190,0.890186028401925
10111,0.956048474973384
37371,0.09977657538364881
34857,0.173279355446793
14501,0.5800714644919134
36005,0.3643441024147049
25749,0.2712841725773546
78921,0.8752041183336341
44951,0.9962140926738463
14333,0.8572396501614914
83840,0.5105305989020738
27079,0.1604752003861245
13278,0.7447216114938542
23037,0.2818847191742794
67764,0.7126750073054182
15310,0.313628969033971
94802,0.9488000632101944
87951,0.2347839413627398
78943,0.057701421997679844
97872,0.0704946578023962
81410,0.5486555025671369
50882,0.9099949097867355
27223,0.5701633888522514
65094,0.175773149973753
78051,0.9758668713643072
70230,0.3672963739501569
14759,0.2368852524682184
59979,0.42142925056665614
43844,0.9592543946228385
79018,0.33210484061048207
27232,0.8864742830085397
26744,0.21285269464979117
42401,0.8542014490470028
78332,0.12746994738049675
76194,0.8743893555203643
384,0.30211239869503376
63682,0.2583251591613376
49119,0.9230291490442857
54063,0.45861685157202303
64585,0.591339276084571
79519,0.9404360323099543
51401,0.4256751409695112
30357,0.6184791744896148
13880,0.8293979583413713
58055,0.97741959583161
45641,0.8998498486688347
21988,0.24076787351742596
54004,0.27357587225394253
24290,0.3915215770980841
77273,0.23658194709003164
76128,0.4594772755527825
65644,0.9997639116172317
79017,0.22526417916942243
101808,0.08636334357921616
99951,0.7798365692327331
60253,0.6875790568253979
94900,0.6070720037217172
48007,0.4198262450957009
98057,0.4788503293996039
47744,0.47198519386479953
98823,0.6981329615406116
101068,0.6310825506732851
102961,0.7501256095641602
74087,0.1968817543084298
7420,0.9967659543381109
70975,0.6210001343399063
105748,0.1520418401298557
42214,0.8360522040576475
13477,0.6754274423505515
104778,0.8998705639009332
43685,0.24007113306873504
100408,0.0965243489941354
51947,0.0103207564326058
75354,0.9397829112195472
15888,0.31753442968460943
33178,0.7577911206191177
101604,0.1038030294776482
11544,0.5729102297729072
58903,0.9227484865104751
41792,0.06645351385947845
93189,0.0865095229894991
41555,0.5202979754427992
79590,0.6978145255756912
3426,0.7038791159052076
25278,0.9247486409405644
25008,0.8356261214505731
81536,0.7505943828661745
95607,0.9298159592931505
98558,0.29787321201221484
48761,0.1893535638964322
11198,0.9512196312785668
2451,0.955345697436564
46648,0.8961424552230515
51384,0.6286823368216143
62978,0.8972230366245986
27721,0.7928352865068673
64172,0.22509284156157205
77418,0.6435762376036372
72441,0.7435345445498076
29063,0.8053267046719929
18090,0.9008127677933593
2491,0.4261910694874006
70301,0.38208075789486506
52348,0.7909394960829899
82167,0.9345243862115875
32365,0.942979523294109
6896,0.8521003563282129
54908,0.41907228104860084
50459,0.8594904727266652
60554,0.5409985755164126
17023,0.428306245159072
65066,0.7482053474913918
66344,0.29836623672350493
37911,0.4780245466637689
22161,0.7940758017053993
30356,0.33904241758654924
60676,0.15140545674255068
31531,0.548669830686906
4843,0.03331614905381095
99733,0.7609365951212358
83507,0.5507944096946058
82773,0.5007753884038121
74473,0.1827270697192194
88188,0.8056450871637327
88215,0.2618934752161905
63735,0.5269353377823989
70619,0.8748843416588223
61200,0.1036758559181266
30655,0.44747073255998693
65913,0.0915019881521778
54326,0.2929997310623267
56131,0.9532009394553264
58175,0.9589576447206819
98975,0.9889329345495639
94819,0.5260951128178192
90301,0.1126594825381756
25780,0.49613314107662276
60452,0.9459940220203122
50411,0.20297292223521823
35018,0.5167849046220989
73380,0.9594519835715543
17467,0.10324536443101606
3094,0.9056461469046269
9738,0.40936784020113803
44418,0.879697054919577
84598,0.9980448762911547
93058,0.8252060278574677
101249,0.3069877835732468
3313,0.0639017778241246
98711,0.5636319621149959
27602,0.26593814603065585
49587,0.5828037288480067
80445,0.1927100058552494
39073,0.2808073037988654
77240,0.0709335694842837
64521,0.7342522505922104
14191,0.2674281344249
84975,0.8534378798614324
41952,0.8766336833590904
26320,0.9845337140211952
4556,0.7001223158544891
15168,0.09059713784064966
26457,0.9773785923697575
59345,0.6354329349504826
29189,0.11290575770867275
71307,0.8570949923110035
71078,0.3205580790769297
3900,0.9247979942189255
22304,0.6842702019876032
38231,0.4358545486870531
81720,0.9087528717273716
81431,0.7793521496623323
583,0.4342585180195905
53552,0.9859355178449727
84043,0.5226076308844163
16175,0.09784125283036205
34979,0.6423304470004595
64150,0.6968456501687119
75806,0.41931451000092135
93116,0.042859680899553304
29562,0.8540335789238824
28371,0.7872081490836689
69331,0.1270455709037872
44586,0.9042641410443366
91778,0.22789744335265422
99087,0.6436774029427239
36336,0.8707354823223286
76742,0.21725715204800924
103873,0.9201632674277666
41887,0.20913712300639492
36456,0.4139988545954265
8347,0.37279819411750137
105701,0.8629113628392827
18727,0.7423867279834675
48456,0.8124523754968884
67345,0.6314463201819893
18115,0.21119810713770684
88646,0.7718844745593572
16889,0.9630295020980659
12294,0.8226240008902155
83601,0.9152215124405708
73687,0.1814382926491724
51259,0.05556344854444425
69885,0.07168307592078885
45997,0.7978702972212757
65402,0.9877130844034687
24272,0.5783875981331859
26111,0.351592823162884
14340,0.39174605753408714
106932,0.9933776119374774
10072,0.4910296817156453
42275,0.20106133598765125
12585,0.4999992130689668
19345,0.9442189041452699
51382,0.8318752973540073
17188,0.9869725426210436
61288,0.8120013847540071
83262,0.692393408093191
86120,0.9997892463239391
71597,0.12116342617920445
56009,0.532878488883607
23672,0.9828328861221992
87182,0.25907277583890237
30917,0.8427484977363029
45016,0.3476104912481236
27513,0.903812876333649
23688,0.17632149660468655
91552,0.935801668543499
36671,0.37203532092726954
61761,0.0454256119379514
85490,0.5285977942331842
102143,0.7786062468004488
4545,0.029695627598921498
25878,0.7584523023516019
40704,0.8041019468164363
88727,0.24014336687209195
21689,0.6933487872823973
53724,0.39213607219957786
23022,0.42263697411688145
77592,0.6252192130503721
77918,0.5426823778101135
94200,0.6869788501506493
37600,0.22404203450662108
43202,0.3517544233660276
75128,0.331454920951067
47481,0.9132717922817408
80803,0.7212145590788026
97638,0.43987843511054003
67851,0.7887147697847396
69733,0.9869378101533541
96141,0.20291314960530699
72491,0.9373030662959656
77467,0.5093047527858449
61997,0.9142257981609325
34472,0.2528638276659819
69452,0.9784125239950892
105256,0.6584404646397521
38288,0.6706447787736951
61579,0.8201183228667956
81861,0.9286545027449531
91388,0.26497175476297796
66355,0.41991953913304236
9772,0.5177304073337311
91345,0.5244349003228144
89020,0.9744280139882802
47843,0.29831937956720644
40239,0.6696380631990541
7984,0.4814979896523851
12457,0.0296989704452911
48634,0.9370240281604516
54494,0.5130178840152552
36007,0.5354169594575173
13859,0.15706864393589776
104132,0.8983626290552684
106444,0.669860053902827
77743,0.8685708301751869
12930,0.8115000479448515
75523,0.8417991053060652
74575,0.45752753734666096
87066,0.2581276014019543
72953,0.8110856716968528
75330,0.8196002410709163
35634,0.1949064271348803
32681,0.9224343167044882
54719,0.8126654693535655
11158,0.49338690860695256
59927,0.6602942629440787
104545,0.9851785458039982
40117,0.31243209285362294
61413,0.36375180599360185
21715,0.6861574253883165
32714,0.4849428301459866
24981,0.7903319601273506
35347,0.37150381651228737
93329,0.4009777999473941
62636,0.20581547474640877
81546,0.5374036015697852
98273,0.6032062861080627
7217,0.0569834009714646
93418,0.4688366279942342
37177,0.6860752227569038
64677,0.7949011012576339
17229,0.6259912518327952
97054,0.9911855412224425
79937,0.7865507620191776
54263,0.6976804466293767
71751,0.41425582354833546
82528,0.8229066624453741
72064,0.9575808810023885
79587,0.3497274856468887
28466,0.9790710914073454
78377,0.7065824900099692
46316,0.9360315152316455
36085,0.989323353428069
17461,0.8897564356455447
68795,0.9061493106589866
92838,0.39484999652613256
7155,0.8309912747910064
18487,0.20418879300467824
66346,0.27269334234410914
99,0.0589262151088702
101572,0.9951912527363781
89347,0.5737322148606608
68407,0.7789949820661429
49849,0.9600711842498353
33062,0.4813654426832712
57697,0.8403395182160136
43349,0.09517901268888965
83428,0.5904010101612092
105864,0.9420222896025278
15474,0.4828135605614237
27327,0.38439239035228845
81606,0.9636743901177133
46310,0.8093624874474168
7460,0.9724193974026932
13550,0.36607302131496333
101547,0.6597056040555747
37085,0.6166440944794385
90070,0.6995551308257526
21549,0.7504664226903746
20421,0.9906210362512212
85729,0.9230514965974966
94349,0.9054721362838227
97059,0.7365387323348858
74765,0.8994352896790297
13726,0.6200218720630977
337,0.7692393571198717
51845,0.7695992121374498
58858,0.9715528812741419
46319,0.6706079609347831
55111,0.10661788496496186
11656,0.8985856550569307
78676,0.8632271654840031
60093,0.862994582719359
91884,0.6982107007809011
51111,0.7229051292076629
17141,0.7982365349799583
58149,0.9765996980948213
61320,0.4794550307468769
1131,0.8372192545782928
22772,0.198162196288392
43664,0.9611982918159594
43501,0.9931243711819358
81414,0.29965862647275615
52958,0.936979150392089
89750,0.45171983644367575
83877,0.5848094300509183
65308,0.8645023548818379
9200,0.8507257354370066
23749,0.9969215215127087
13672,0.211717984115034
74683,0.7771112469036914
53904,0.7493248183154848
105146,0.9953182600662058
40098,0.18913710778792303
54660,0.2090292185870237
93339,0.1541427773495198
106801,0.5260703219948688
26778,0.31225252740308007
72106,0.8115124094134227
20868,0.24155223767039596
75989,0.4611051935891489
105541,0.9927051038966082
13843,0.6147583084015504
98710,0.8878345731075098
48313,0.3542654721632838
31664,0.9860830267857751
19568,0.7993572571792629
47754,0.14004105701524014
96276,0.892453004671838
95056,0.8717976576632702
92257,0.8949698049590536
85089,0.3961458543957262
20080,0.8983086888258909
52366,0.9064639724931319
43572,0.3020376712407446
29109,0.9021123455167785
52191,0.7273830120126428
62260,0.6000870993925052
47485,0.5801190037700638
52129,0.7395613375175287
59497,0.07903927460690274
73830,0.2296913402936841
27949,0.19807802572077882
16537,0.744315329122134
84391,0.15719573053851324
54134,0.8993788312789615
13467,0.8279103867659858
86868,0.7022453737745047
95993,0.8194629895685597
60827,0.9270749817230899
68151,0.5995249221834318
57843,0.7156234539851258
2809,0.9540144589319381
46015,0.19812265317700983
20238,0.39469104157973756
106281,0.9158870948683199
50264,0.03625190422965015
73468,0.20620041741091094
15834,0.5154624566536361
72045,0.7196081066036579
56366,0.7473471248194687
9996,0.9666636599511841
100234,0.7908982684212769
36929,0.16510446860492944
68444,0.7148617284320928
563,0.39055028292274385
80583,0.8184374972359068
103138,0.5067187168633795
65733,0.20497379276975752
32278,0.9260019695296352
88389,0.6065893820087724
56450,0.8326082740056291
29640,0.6644958868423946
101098,0.7874776046468169
89131,0.9097821811984641
102285,0.47823499482447296
1174,0.31648057559284276
86355,0.17674591319127902
68228,0.9494177059182434
49846,0.8588474821168175
107146,0.6958315942565358
7072,0.3910622646937073
56520,0.40328216657782745
73045,0.8219411995698951
28365,0.207996189525819
68322,0.7674563929191831
102037,0.9957672329044488
18716,0.32954214125679027
67893,0.1106010283426255
81841,0.980935651485539
38298,0.06146367520638775
90742,0.6079975789957286
72516,0.6957079525260744
37424,0.6895065388837449
40673,0.02216774016059015
105362,0.8960679847079189
64238,0.6923890850764644
35480,0.07692682399195415
84378,0.24760700805967578
2635,0.4789945390399283
63605,0.5038589852343919
45588,0.9929597458661694
46577,0.8306505275036948
99481,0.20487011679696404
808,0.18613091912472873
36596,0.6016267315286511
60836,0.3052287899225804
27095,0.04160739491266625
78127,0.517587605403123
32525,0.8903437491848017
102468,0.34958206674376036
8884,0.6265948037170757
16939,0.20762192780322639
88921,0.6531709701546178
67854,0.9806758818223575
88238,0.9190612064291448
39425,0.10335674216206571
23801,0.8202660688690675
4572,0.5194090293636322
56382,0.023902834677047798
11124,0.6970296212490658
45994,0.9210370315489634
85602,0.12291675849596403
104776,0.3415693153547902
49788,0.8393027693562041
29069,0.24954379742514804
75167,0.9711022087947825
64727,0.28553887685284185
36990,0.9042508949624757
8472,0.2749837315098199
21020,0.3757603684673052
22816,0.2169785055762815
15066,0.9910316081665846
13058,0.8623433732998678
38179,0.9000019965618982
42100,0.8369982821312507
89612,0.08228706202909569
64576,0.13241638169714146
106162,0.4269349539538745
20322,0.5487992916865767
2401,0.514333735898554
9479,0.1516202039465318
12406,0.5739301954693069
26699,0.2856451680972648
56948,0.1982814913801163
9085,0.6510566367596127
84168,0.6705162937567968
102128,0.6737006248882061
453,0.9659708647473302
66887,0.7707405036235804
88581,0.03213758101217025
11297,0.16523957574880993
23061,0.27595090409364575
35290,0.865512797213253
79126,0.9265658630313289
100424,0.6995122972449161
99590,0.9969999997038212
79363,0.7199274607150812
14879,0.7492515037404298
63376,0.12574132435854424
28444,0.9102498137132868
1687,0.520034632904667
2805,0.15500843211628315
86217,0.20428781956128178
91622,0.35501266426693223
74692,0.2166480671208453
22137,0.15582858219129436
55905,0.6389064811357641
16878,0.8837268984458648
104755,0.7491553832574478
53967,0.38516118906835006
10164,0.9106301301958706
75949,0.08883174460266266
58759,0.40647735278343655
52757,0.2840108460859936
50056,0.906811200328921
24815,0.8789670105859596
103539,0.417259078408986
102891,0.36024307921222554
105114,0.37127125433027414
4702,0.733315737770069
1300,0.19582806262567348
58992,0.9409275058512179
70748,0.5929446212032399
21924,0.9882494948815652
62586,0.8774793863748396
69942,0.2938647456148744
64693,0.676883432289295
72381,0.2276001419073387
44443,0.3094719459966106
61988,0.8037128344137314
69769,0.6891282248104728
83105,0.5188242573632578
70937,0.9247180963809498
102976,0.8999279971048181
34980,0.91442937050667
102923,0.11253657089838595
67750,0.7431387143500358
89720,0.050105887284822445
50254,0.10019055220822795
61340,0.8784995302733055
105000,0.7439980021905317
78651,0.9006924069477908
37221,0.8328339884080458
74552,0.7413223895843187
20119,0.02401494061138575
49309,0.886279808222342
53555,0.08624434677724965
69286,0.6259977013316993
20397,0.5212508435438311
42406,0.5597514703109412
27295,0.11459928919456705
89123,0.8701194625361349
8632,0.7716250412211989
56707,0.3438804084200431
14260,0.2101000326995962
23663,0.9072225325388008
30928,0.1926103446471385
78074,0.04317722626081555
6546,0.0584141463230992
6852,0.5578220064216316
73970,0.20086593216974458
44144,0.08662799584774035
19404,0.0897706847871283
60135,0.5072426938604938
59957,0.9495308976139758
88442,0.7070931219659708
44843,0.19718240178160845
96970,0.3996731909656881
31533,0.4461366736136285
23234,0.12031019139918131
29494,0.9311872064148567
58974,0.20345169519643874
85477,0.9063881940946175
13687,0.5338512925689343
3528,0.5702142230689735
86408,0.8796695176282152
12633,0.847920772539016
53912,0.17713267122218246
23436,0.5095863096822174
36474,0.8475787640613568
9368,0.8909171290577443
10622,0.8689658813735466
60229,0.7007749661160623
57535,0.09095436768101255
18260,0.6519930049354834
100375,0.4932821679457624
6719,0.4049535478450529
84698,0.9006269207389452
77211,0.8913565053758524
76173,0.6795628829457225
98124,0.12027508365763535
64226,0.28939276314000656
42597,0.2008250870081945
20593,0.37742163565589515
91129,0.9959955901553219
28266,0.6452825749779665
64792,0.0499810167026599
64536,0.999892856413526
23351,0.07632859908220135
34599,0.30897073320208646
60849,0.11204806483528196
75638,0.3948205075972579
8952,0.7735913689376794
17746,0.8859872888324608
90900,0.7989379172233286
3670,0.545441161538321
101865,0.7176408568861672
4530,0.3183033951811774
65170,0.9642553806787502
9744,0.18213807728630407
39873,0.8372263824102126
91786,0.8260876958380885
57820,0.36394819584815774
91877,0.7057909869349432
40613,0.7441679373498209
84749,0.4509893309163092
25907,0.529656236562895
37232,0.8860279415097032
6210,0.3103947722086299
7938,0.23307623530498545
95412,0.6697006804701541
44476,0.5883500242461775
31793,0.26603129276494936
84765,0.20473854162452904
64213,0.555784373899055
28955,0.8727796463023433
18364,0.7402687207750545
38157,0.2822975289159393
106432,0.8984947324810294
32546,0.24527319434682285
35523,0.2177888337037652
24024,0.25806784385746945
96602,0.02470103996745825
45276,0.4990234933160179
8780,0.9711708008937593
3428,0.7684393174804947
88887,0.6908735476501157
85306,0.6357483188257588
51200,0.5548351634611828
9741,0.6053082067148635
105941,0.9026487144378395
101835,0.24547653653879487
80754,0.9245884486076144
51816,0.5681944595597336
13724,0.9189222508116623
28720,0.7502754253038526
64272,0.46991839591574686
105788,0.9921681093618525
67220,0.4059156987410584
60928,0.7672676916493957
58158,0.48201443556988854
16293,0.7950545363285498
13608,0.9929866915599856
37565,0.8903108529183791
2344,0.066729760897767
44877,0.812061280288252
62709,0.598257853297259
16477,0.8991212367358992
64979,0.5697267691266161
42339,0.19070495477955096
90112,0.6351946976761691
106386,0.9682711008305582
42538,0.9125941320966392
77626,0.9995714106871589
21935,0.9735716333278822
24877,0.5395676501874753
88325,0.8105074476907802
82182,0.6001543623138668
58608,0.7988433826879155
78682,0.9584710912619607
106195,0.5682992014365013
8743,0.4793416568892405
59128,0.1228730113912625
55870,0.9413890757820628
12945,0.24635976461662662
65772,0.6808612468350986
38756,0.2751186585088037
58762,0.5598899854187817
59866,0.6203388731858372
79358,0.888307736501176
97545,0.4937458017547287
98879,0.6720005426195946
75144,0.5998097145926067
15726,0.8532496960291622
83258,0.8070412713090775
29722,0.2369447941493492
21225,0.8429423079099574
37385,0.18192654132170333
7776,0.2166215240557455
85049,0.04106075231470005
5438,0.3524074973684168
45836,0.21827503529249753
93302,0.23131380466930174
103757,0.2528321259967457
31211,0.2768961790547604
41452,0.730053621566625
101536,0.17683080146983954
13279,0.34438217722814624
33464,0.6507233449363942
56130,0.7667657544396016
16350,0.5417121463732153
104573,0.36738854190278747
61257,0.8854561460502901
83150,0.9582595373152244
51218,0.3893288770830977
10030,0.8397177784638106
75294,0.38522570705784
72392,0.5645389067947288
106535,0.1057023784010769
39072,0.37804574428758986
71774,0.6478366129703343
3813,0.22319911559525304
79029,0.16670904276464715
47657,0.8516458399062301
40796,0.2120400284768592
62226,0.5394432007990078
44770,0.8798179594616733
20967,0.6555144272795579
19530,0.6187425415764417
64597,0.0855878901364745
6049,0.3469841896770872
39893,0.04705788818107725
69451,0.45516883135397446
79504,0.11736788868904485
42596,0.5472802919811136
69849,0.6201658152156813
38319,0.9221617982411341
28744,0.9816975497551501
6512,0.07119609998592219
85429,0.9125048617136469
22398,0.2759229774927475
73177,0.2632772199735816
67313,0.0111887103059769
69839,0.19212377592028723
11597,0.1118667595600749
76130,0.8102473781438619
18004,0.8806789736372109
91777,0.8901366907234209
37778,0.008078371539168
42533,0.086888554306191
14180,0.9014767664028177
31629,0.33965314754936393
38402,0.9254609219934491
60267,0.5979392182868986
89185,0.46733443936476726
8790,0.6389182687018171
92276,0.5659815745855763
37313,0.9788890618336616
89912,0.6348609035624917
32844,0.2087698450991429
51184,0.8543511077542331
79150,0.1948505883829149
25238,0.5500648220378511
25505,0.5917585620334685
39320,0.5309955381043717
92590,0.3634307978765807
35742,0.2537610614433572
54874,0.6207302585477117
51835,0.28233948923852326
101025,0.7618124757998936
32035,0.2844150623056529
104832,0.9904766849223505
96308,0.13934947524428185
89594,0.8295819775014721
51113,0.8102531450107774
97964,0.673459552572798
73407,0.9675280645602559
18136,0.4427315590746999
20781,0.011307324414707099
86581,0.5687837627536548
1141,0.6767463781285186
67867,0.9743485463887038
91354,0.816954360422142
65023,0.7744606525233855
47815,0.5240100616126648
78565,0.058796282910180256
60513,0.23588208393755222
103024,0.9494341108170758
100646,0.8579975206136792
17208,0.6044989602524053
57658,0.9283269007996386
26741,0.9616923063724017
26804,0.9946434634844861
50177,0.0338445171559244
41831,0.22111691372246195
30193,0.9517859783103666
25632,0.1105955161640341
65114,0.976480606373758
75884,0.9379429780893859
91701,0.16084417414594804
63329,0.7138544739134557
78493,0.6837039514287555
50302,0.5338145912393171
39297,0.24096800719772282
86271,0.8593242881107228
93965,0.4795874727923879
93018,0.2973937273015257
89674,0.24598743935340467
32657,0.11547008605613579
69309,0.2760211082824286
739,0.09543997616748925
52481,0.8556067360072741
99104,0.48701827622888155
69591,0.5154990815345883
47162,0.46097191688458516
43009,0.9633031778329133
38346,0.5030354400117226
10816,0.1990894570432867
72013,0.3630604934435341
78283,0.3259797236252501
41660,0.6030222829592125
1166,0.5725878360611036
39181,0.7705198375218247
59263,0.0300325889628375
104487,0.0856834263007481
91734,0.4762969731935991
86175,0.8246755328737758
76412,0.8908565216871942
20616,0.6184710774297965
7844,0.560158556682935
4995,0.3358583224296795
27159,0.26125917635410634
78130,0.9879856703964656
104326,0.6311639876659472
44435,0.13980980876163318
84988,0.707886247781814
13069,0.5346436426411212
15486,0.3091973797874419
76480,0.1343484561173727
94250,0.8626538484739483
1856,0.9897138664242044
37078,0.0483429160443632
32927,0.9033578466484053
101015,0.8656264574800996
14773,0.178090518949543
89981,0.7795068155910374
52854,0.593025191573545
41491,0.612354527383187
63546,0.31676622884051386
23877,0.14284986802072158
2149,0.9320064347227338
9083,0.20003530717986256
78774,0.5693803801472522
99819,0.9341969436698405
61787,0.9987068379505333
66605,0.9859283812437334
8298,0.6602156462073001
42299,0.2654285420532747
4249,0.7060187504474601
25742,0.02067160231303675
16651,0.7621753951399752
84877,0.04165912163750895
37553,0.939557904263598
18573,0.23454510995672845
80133,0.6931630168694889
84558,0.1599415168890368
50562,0.16432604324305836
11790,0.34312991426247863
66033,0.9884486922318569
11819,0.5427841181677945
6828,0.6784344238483424
46362,0.6138986428226094
1047,0.7160478414135525
34500,0.8164309216428918
47127,0.9838311873647232
23736,0.9096168708653627
60737,0.5803537630322436
4594,0.71205340971021
29273,0.32369283150721606
46532,0.45825125657454824
6737,0.1964360719031117
23304,0.9301903082583213
29593,0.8692117634216845
61846,0.20657848819365776
104922,0.804314851401936
87475,0.14938914480989163
7027,0.08888537965242904
87211,0.2409179293112949
18614,0.43149680034742277
94606,0.8000322982782127
106394,0.8241577761951718
17033,0.6557003704794178
46062,0.18118872954336
83179,0.38334386390047737
44306,0.755836553471446
3022,0.5041165722962172
39701,0.3770960510533
86774,0.6991917744369727
35156,0.10173579966667975
81341,0.6542418557577662
83819,0.7068016590226058
70455,0.5441098600088589
53485,0.8671536194931557
23025,0.47939834286493377
4129,0.5570002579344216
95738,0.8202074264546835
19184,0.8592886866242806
15154,0.5777166500047292
61594,0.6148943320546294
103597,0.8829036924209943
64491,0.9848201369801695
23899,0.2504748701248097
31417,0.0526233486995425
61755,0.3632504998083589
34455,0.9785627499858014
94925,0.8398565335664481
91768,0.16195766548149787
12323,0.5842306767959149
72970,0.07627481171446016
27442,0.5069349201355794
30731,0.9465585706068356
102947,0.4354470900570665
10048,0.750358418607446
7261,0.6828267255363432
37831,0.13183138008740575
61159,0.9871428011640198
100500,0.13769087634886684
66747,0.8089437491082985
22855,0.2724973362217504
29650,0.6160379273422631
96881,0.36470071138272725
47013,0.8775577136639348
19585,0.5454063259482288
30273,0.3498730945337911
91628,0.726571663485698
79418,0.43549836192707725
72730,0.24896419896820926
84753,0.3368655793655267
97421,0.3540971330023437
45767,0.06343373503312305
9679,0.0599868704272772
88797,0.05899784140233075
1492,0.4117094779866962
55280,0.7702086331198367
9098,0.12888486194941914
101671,0.1396768421995419
89413,0.621209958249785
84730,0.5839743664323895
79999,0.3395842798455982
30862,0.29888571193726504
35416,0.6637292801015664
46917,0.1827891572926924
92930,0.9472448650045278
58243,0.21840399600036303
100799,0.0201733369734639
60694,0.5105510574840825
71555,0.855085515704227
19179,0.9160046102608779
50184,0.801423338311364
5008,0.3687179387936635
17878,0.8602186861450805
81669,0.9953495515896831
77718,0.24815623333479814
39440,0.8322490996338068
4895,0.32799786462137526
71071,0.8127506776244413
21702,0.1918433018029804
87491,0.8459724321915407
65486,0.9330088938614371
25309,0.8951462107164212
42323,0.809821529221751
48639,0.8880014225482991
73967,0.9495460991797875
65998,0.31961961179120885
23198,0.6859910739146677
82664,0.31399031745255535
26094,0.9951414091703747
37411,0.1775694173596557
65951,0.6083502543751432
35218,0.9534068615612118
35957,0.26995553078028045
84554,0.9011604862682654
61197,0.32453537744307664
61094,0.5994435024232432
26711,0.7397117189179836
59195,0.7260214315479385
49121,0.3810679807444443
40914,0.2744135023083678
47302,0.573888155166666
98853,0.08883715616750981
103900,0.7501546169336506
64853,0.47956269647442273
2554,0.7404565117582099
92599,0.7169477354502074
25802,0.9914294797390298
99452,0.05257637116758735
55109,0.06289812660653855
21922,0.5911935370510999
93639,0.8255389706341969
99499,0.4309619124024005
75518,0.0093347676695428
30710,0.20579038224947693
70028,0.673133937302589
101769,0.589811063613531
37794,0.6550686585974008
96543,0.9732631201385704
47526,0.0349849479249672
23159,0.6980279682173354
40146,0.019528608775908902
94847,0.4224626694787881
53362,0.8761783690890605
14037,0.35269927087843955
37453,0.5130107578984773
5647,0.15006152808391965
14673,0.08438350603672864
106600,0.0205005294005732
73748,0.8466017726955464
80308,0.5327835710831746
19383,0.9747507411816808
55496,0.10688925924577845
9225,0.9800080759437034
106906,0.0987222690070686
75394,0.8464577754191944
88551,0.41003676763644625
37699,0.7017647237738438
39763,0.9894281132953097
70482,0.9621793637651384
25050,0.7844343966615841
17857,0.33907597797282635
58429,0.13413112165396676
49416,0.34156171659570145
61552,0.9033366015512083
49623,0.4716564790034505
44617,0.13619129712719238
27909,0.17049901698245165
24871,0.9542078217491036
20942,0.2809641524760647
103516,0.6675968064088025
69077,0.8905265941090216
15187,0.2113874640623543
3968,0.09678490628221209
46406,0.2904009941264658
95105,0.4449185035309329
49338,0.21714792828298768
64276,0.6631503084518728
4821,0.15152678951854376
40021,0.17379191958082146
83326,0.0200945259607914
42177,0.488989846004018
70199,0.22233121100544817
48119,0.23248675395667817
13343,0.19823397460528344
11053,0.516405520533876
11870,0.661810536480279
35640,0.2353132194812608
43612,0.7334782407502279
81628,0.3939713895266712
37574,0.20609780197714683
33387,0.25733731893484924
3627,0.9234253751720798
83186,0.2922286125577108
99491,0.6261310016045813
59700,0.6106620393612499
16223,0.7696675016464759
64126,0.0905200368737181
42160,0.6462183408730275
69097,0.9928203846724314
102364,0.1241826758481755
68107,0.6490219610265129
8108,0.2286533959749675
22927,0.9248015416783824
59791,0.24903811054601227
100302,0.3315259688334492
61388,0.9456433160024424
57499,0.7258991410457503
106814,0.28301697745885457
46493,0.2408728715134627
101988,0.6964124956560237
3718,0.5029121556713403
97345,0.260857907943977
44816,0.5517705206033696
15636,0.9798239178126664
14332,0.8172603374731153
20814,0.03806458640496155
9395,0.2002238494850846
29142,0.6685518132358876
44552,0.3952352107149256
49858,0.405294086347481
23478,0.7411187987311336
101156,0.8223466810490461
17780,0.18178065380784955
40135,0.19248734510657012
90279,0.1673129644323647
9595,0.6703713599236649
11287,0.414931834314613
52334,0.06814018731871065
45378,0.1977245051272861
60285,0.3534332433784318
104931,0.17503435338228684
20338,0.0756698560233392
14294,0.731348129381468
81500,0.8084030812715737
26366,0.3626239731950367
15562,0.9039873981502125
77960,0.4931015863652498
61174,0.1209954571687822
12765,0.0411443186952053
93396,0.35479609838891113
32026,0.1834515668356147
77586,0.2469487431884327
10668,0.257291830650377
84486,0.152244284154811
98561,0.1264082955276553
15057,0.13039986691337804
62129,0.0194908820868374
46701,0.7039152781519388
35331,0.9004791223480657
3820,0.8124304789601844
21476,0.5468215422253558
81388,0.20992001121742865
65518,0.6146638159814067
25936,0.9976071143567447
58641,0.8758507322851732
39010,0.02463844185944405
10723,0.7343137416980687
28862,0.4050990894778944
59404,0.5518647976436615
51779,0.9817206361499369
60999,0.0938366308124049
55446,0.9737142030492502
82958,0.9895727950276163
103671,0.30492628108606235
70579,0.2876224945355334
21621,0.8224819898308093
40399,0.2540013044234686
66405,0.5179927459970375
40122,0.12371473753780773
105767,0.8925000072246312
67391,0.9472088626792844
31052,0.5171434592253187
6398,0.7779948927067113
66954,0.7648349387666153
99686,0.9947062449956399
14802,0.8401844391468849
96257,0.7037095561312021
28401,0.26055118319079773
44017,0.2789274188767111
27168,0.9641749642680857
79508,0.8274821484768087
76641,0.2695202138993279
101422,0.2587746833410228
57776,0.8708214253552331
24347,0.43743694881384343
58970,0.23308999484559823
4306,0.8129382441994477
87525,0.7850379374197366
50287,0.781390763303834
35911,0.1300422058894583
40403,0.9604607495315007
94371,0.7771461550142243
88677,0.8128229878586042
102789,0.5555513338786002
82807,0.9669846786221263
101560,0.4729456212234916
102214,0.5846140652029765
92213,0.9617304561636668
78847,0.7662678602601657
87625,0.7243602933567992
59098,0.9847970629135241
95200,0.39928361476536567
13169,0.4424156530677828
52736,0.561201782741363
31036,0.284053761179001
32733,0.1856261108691727
39585,0.9254415798226557
65224,0.8140104755104534
34555,0.28403879686953926
35503,0.8751670036281973
91563,0.9984999896800164
64642,0.23412253004719286
25351,0.19620758706832236
60263,0.11760663133578289
6918,0.1925607257193221
49218,0.7741053236572977
99645,0.9986004378906241
96340,0.8618869662840904
22938,0.4822806298413611
7914,0.6552037530785786
47223,0.4517529499916543
46877,0.9185434878818481
102108,0.8911935853135298
67497,0.5893975132037416
2800,0.22261470283177354
77619,0.9957119648572608
82667,0.7395468477740329
47138,0.8941884300164806
78393,0.6772986283405067
7564,0.5337866970926644
33316,0.032155958262818446
67518,0.20530338698804804
76570,0.8841676298771799
5453,0.9709607605717462
105472,0.8827931625406805
9,0.968044960233063
65582,0.7837121907256323
104768,0.1316078920758619
44236,0.7053937638746626
30578,0.7018504679491084
28938,0.7673428244307562
38579,0.9526000577008547
95781,0.24147488684842106
44215,0.8040573083485063
41530,0.7185069065171867
5456,0.29846146280164626
75529,0.8875576975704416
82386,0.8934237707132103
54766,0.24729995307112146
2689,0.6149648266943808
90046,0.20019936749502665
72503,0.40474369814049294
96582,0.9292989962289211
37143,0.24907595670500748
49719,0.3377289774554417
11305,0.9552565819701611
38853,0.9632420213015268
30018,0.04109897472840935
89997,0.7001943034966975
76441,0.9520656847683608
63974,0.9608144814058429
5818,0.4279342818009968
93750,0.8639671947007272
103189,0.6446407933111856
16117,0.11886577109564866
101288,0.3904070042661248
78644,0.5409233384169367
85356,0.1908892775302526
6264,0.12747556262657556
7677,0.5616530241033254
62883,0.8020525056545411
78514,0.4473140349330037
73040,0.5405307414647813
31444,0.11939252989983526
17921,0.47402455600416654
58623,0.560874138688409
83516,0.6563810428819887
15353,0.9410771940307412
100110,0.5068590480651028
19879,0.18592204781308158
81914,0.75704482877323
54921,0.8365553797241183
11156,0.5374181822240454
47710,0.7908845077498893
75545,0.2338204684517997
86014,0.8862167393766431
15013,0.18990939470374202
7602,0.5638218203739007
9536,0.779404406001154
9037,0.8237711000254424
67680,0.2860146901791511
40930,0.7671530197270651
22323,0.225223253993233
26556,0.9805608561271268
95977,0.9724373565003754
70938,0.8299012667064314
71118,0.878369478791176
65686,0.8281308930793898
13752,0.10535387852046095
74760,0.4332760716171762
4314,0.12686075178980405
59908,0.5241839411099178
43180,0.181563610074129
36161,0.7135533776780669
77291,0.25975775051421546
74333,0.1820640040436784
32013,0.21259852787887096
50705,0.2733547009672971
82354,0.4947576397400679
60823,0.5290926356444673
81132,0.35009095421222525
49721,0.7101898386853963
81135,0.13770184967108165
68556,0.22106378239450764
51109,0.8864412176106617
29436,0.49741092839010814
70014,0.9136925324123051
89999,0.9094533987068156
55129,0.8474393512797637
57625,0.1763833753953118
72056,0.2305027424778052
30958,0.713331849609306
28837,0.8758479342151054
78812,0.15840266584052531
69050,0.3668048193650404
78026,0.6003938355109866
74753,0.4965102210634341
84865,0.5884524938172458
10850,0.16885681225879484
103364,0.9595186431498408
20843,0.5482385845685213
95753,0.0613097314162029
49437,0.22701188059675484
96961,0.9075996619425187
96265,0.9902598422964685
90957,0.29878005951541825
9510,0.4656855169974816
62612,0.4231537750220099
46685,0.4921366741555566
73471,0.6294340958270542
96293,0.41220251991116486
27856,0.0914848594138935
86010,0.8919489050902096
85800,0.5003417490780804
100478,0.01816053786629325
84480,0.10747718227472544
39977,0.19286158588611696
42904,0.10493527431077485
97388,0.684215596627884
73786,0.9894285712682892
32342,0.7582385543824295
19969,0.17995593078602465
35477,0.5648212688191169
60115,0.6897475090025115
29585,0.8379331993864478
36206,0.33629514049413267
65018,0.05054625481305915
84906,0.422387854830961
67728,0.9963779378998121
53915,0.03291555715475955
28542,0.8548979713916718
19447,0.27280909072744064
87416,0.23207518008132716
7078,0.2388591630843387
64687,0.7335354744161103
26446,0.977633060958824
5907,0.22285829481972544
69202,0.9026824919600963
67936,0.0313009614244849
94444,0.5653903997172116
52945,0.5855205532397545
33725,0.7999365111341228
17587,0.5414481799594513
41915,0.49992288009834424
73767,0.35197984596397636
15216,0.4988135725818469
106363,0.01072026785852645
101703,0.12011535850062165
75411,0.6913416522112072
57804,0.7036378752097701
25148,0.8673706285728671
9571,0.2460249004738911
57022,0.2809846704462782
99972,0.5762276173078777
51158,0.47500068475962254
35954,0.5705529362093956
97826,0.5589927387277098
99843,0.3827757961016192
90377,0.9345690482477138
63783,0.804740471040536
88725,0.25298116047566394
104039,0.6057104657419239
31961,0.3102259894968189
104009,0.8052634469997946
47318,0.7163811179650408
86974,0.3643149704073865
9421,0.6521664674423957
84516,0.39712062044180924
44731,0.47764953905224194
76057,0.1933821955007326
87073,0.10892361933408755
43289,0.30100106251660536
100878,0.8611023867888165
4386,0.6835021405726369
38237,0.5975255216956666
75202,0.7850728805439551
101400,0.6718088633255013
107136,0.29639644615125504
30179,0.8658871310507686
36766,0.981963713974764
56597,0.7972716045544961
37426,0.5229169396578349
67271,0.8434340931182214
37507,0.28558267408693316
33863,0.9820440710418752
102791,0.7877726398577214
61814,0.5701665961866135
66968,0.08136994144859365
15746,0.8552841259000568
69405,0.4466332825284841
81775,0.8308686224166011
10874,0.7120277164716385
80486,0.05326279284983735
80102,0.9194191458362841
31570,0.8231186794776539
58348,0.28599796625913254
93731,0.6080828654378161
87697,0.6427654665182558
71238,0.9672531694551529
19955,0.856332709918753
63568,0.6578165676950931
29279,0.19030664004628844
63613,0.2615421233517547
50050,0.8516151527215753
49381,0.7678190320782754
42724,0.41961745794280614
3748,0.025689612360396553
103567,0.4819294825116387
14418,0.9921785702960496
92431,0.12408240671054574
89830,0.0190274019750465
69665,0.2212080469043696
82270,0.9610928265673944
28942,0.8955115579024477
52103,0.8374398458444677
49028,0.25111882611760505
73933,0.6252475794107568
50783,0.0907474001222667
78350,0.7753771202346056
4902,0.9246434873190915
53013,0.6019125475733238
76554,0.9576400460079588
23980,0.2917073459444969
41145,0.2426054961340185
42225,0.5734959550192681
89264,0.523117005656848
62543,0.2293990491179395
64809,0.15639169534093425
11702,0.8832520998419874
55003,0.2551491123944105
94451,0.3365034438689334
56327,0.7079169854788685
81325,0.8717238923116889
39310,0.8605542852200128
58708,0.8115573576942053
97817,0.7993428176017592
53379,0.7269600459389707
79932,0.6789900844822723
63512,0.41489334521316285
20779,0.5517402284296484
95212,0.5157957975860306
59462,0.6611635597651888
87290,0.792201925437757
11427,0.0180706818371986
62734,0.7140866777965312
32888,0.22522144326445806
28020,0.9668727006884896
107166,0.0528708748224163
34403,0.4991632683178676
39879,0.9440882610007977
42599,0.4553822713150999
65668,0.8146502364681609
70872,0.0684724657380199
58351,0.0260665667977563
57847,0.9362733201665663
24231,0.7436783912100973
73322,0.1779837319348975
87567,0.7529108312313424
83106,0.5313103440085261
62857,0.9145825026358287
6190,0.2074857258942675
76216,0.8290817230923564
68017,0.44673205003523225
87105,0.26696103549065575
106867,0.43672360842095737
55927,0.5186011976300808
103438,0.943222304772148
51124,0.07732468387122825
12368,0.029314691548134948
86766,0.7839866476774247
105444,0.2007563536393078
87040,0.7833518355309749
22916,0.9995357142812828
50027,0.3264961079166362
81159,0.04500197276414725
58672,0.7882001872428614
30619,0.49184335830200177
33627,0.9744283313854013
50283,0.5505629611517439
52216,0.24881762973677451
59067,0.39293222992339166
14396,0.20186608030133774
11892,0.2675099940944927
16812,0.5688204729930134
5522,0.22305066256797468
1553,0.9872649342442497
68393,0.5739425596253659
56743,0.9608967767483082
96945,0.5960380337425212
46038,0.9441568515868637
57272,0.13114459447993604
90756,0.6705713624866422
52367,0.5484379273674702
106160,0.9932856316704655
90017,0.5111112411907959
3398,0.04258881824113185
9373,0.712739646312037
105247,0.1556092000085502
90087,0.9309212458086138
69444,0.27888529157060327
17257,0.98572174694552
35505,0.5009936948530165
81005,0.9360471192200386
44186,0.00630967599512475
13463,0.18939132247225215
46564,0.32104720859240965
79444,0.2874551147686931
99670,0.36206311305140837
11219,0.589723363398627
57773,0.3207222600707983
8456,0.21537806640936175
68047,0.6854074744247851
36885,0.15520798638985
85280,0.16440590618272155
35496,0.7763735577191848
8287,0.7943619307544698
99197,0.1954917574287132
84028,0.42751052700360637
57813,0.18916654440106223
24111,0.1663589673364479
32341,0.9540295824305489
11617,0.760909005200577
51488,0.9072967099693827
54632,0.5872442048145595
92675,0.1227513658487968
25288,0.1173940256591852
60316,0.7200512245092451
74303,0.1387224224064445
100457,0.9616894405121716
39057,0.1103893421219473
106818,0.5283664747904931
87856,0.8661123385109911
48380,0.0605482165784232
88962,0.9760971858485645
30684,0.1961953313204275
34006,0.950344464510448
39375,0.5482291263334063
38271,0.6981870594458283
103594,0.7364046641836784
65919,0.7104720693821689
32465,0.20561442631237448
95680,0.45922604150924834
21927,0.891342392863506
82834,0.5679899853601886
86607,0.5036134504299727
23273,0.4291463166244941
86094,0.14463274402722706
39379,0.7089762783930724
59333,0.24446286769626518
89309,0.9304258143098572
36521,0.27671875875823165
20234,0.4834693645675212
42743,0.1747713503763716
50713,0.25073563324258397
50917,0.7742407113493234
56471,0.39729058110704496
50938,0.799292354746013
98079,0.6304627371107856
45607,0.6063712839323777
99068,0.8670509305847371
32866,0.8725535553264162
86916,0.27981577844043515
21587,0.619828291297751
92191,0.9710499326230804
103849,0.10189652042445795
38587,0.3400710389916621
72196,0.24749754540017296
6939,0.05464648299278706
27786,0.3276769536207115
34537,0.23255186205424772
58057,0.5415334149794931
70154,0.3447037592097359
91928,0.7137607624866749
40528,0.5222650459510066
12496,0.4881410057981612
24646,0.9953916950656347
11256,0.9474483496344505
21388,0.4978148051640466
85853,0.9999271703808278
44259,0.1262419533652287
36591,0.7995814718633738
59439,0.34465112744259097
74647,0.9528533993029593
4875,0.3716033194176983
6490,0.10547558639658
28346,0.7026807207347703
651,0.7429509291100665
1618,0.9228553954034606
13410,0.8176420758361665
106091,0.21354622786104388
57915,0.6794769491052777
28113,0.08119496541900664
71395,0.2638884391156959
96316,0.2313681140276178
13993,0.35983206449342287
49317,0.6990154941381437
45502,0.22696684851754378
93262,0.8124184316336012
17644,0.7207622361413439
52028,0.20787626186858899
103808,0.3285295093286822
20253,0.09544744386913309
22006,0.7471199760903171
80743,0.7367154652651319
93485,0.18701048771402415
44777,0.29371226877259365
6100,0.44628990052059847
79220,0.9377124511638886
56337,0.7820622132012258
11203,0.6822266004534286
21197,0.5848847249296423
84879,0.73813153730183
27735,0.8468419594576138
40048,0.9130191257765115
21142,0.49103663297268735
17502,0.874499505715336
74085,0.2272337747891232
104674,0.1184342117541636
43454,0.9627352058592702
55533,0.8701078742337989
10115,0.6964259280525953
4005,0.12679077436371236
38690,0.30645640919076733
76350,0.03005354152028785
33946,0.9443692051915633
88651,0.6476838150676902
6441,0.10200742940512575
29013,0.0858029665348535
58126,0.4979805839019663
1579,0.7237193521222581
45737,0.8887363875819818
20715,0.8517766820404873
35446,0.2874600456511822
24700,0.11160779359422221
40662,0.0258324171644311
2825,0.4753541872557335
70461,0.6899428683978798
24568,0.501656948253646
90464,0.3523623559546637
28517,0.30426018685339673
1466,0.3222764533980301
17097,0.6489178882317357
30017,0.6197568390380339
55539,0.9276276982688054
59782,0.5917688179160079
71033,0.26592722639207345
64496,0.12173646473981825
40937,0.009700736608989999
94343,0.589014644132196
10785,0.9004924608810202
57477,0.12040530013614635
88509,0.6029167227181491
13448,0.9993850021576112
28448,0.28076791797702505
15736,0.07715563148858125
93766,0.07467869286399065
28790,0.6169905546220423
104620,0.9490006612306365
102286,0.8260065343112548
40916,0.17212808315994177
27594,0.9148100236593383
52570,0.2763841925509109
57700,0.4516530652994296
56086,0.24132140646291705
15381,0.13917017697711181
46128,0.38089789249972206
76957,0.1933752963106151
27584,0.5231261564051565
47349,0.9161825001529674
13242,0.4684812275162693
21958,0.8790905661848525
82887,0.9177179809695701
106452,0.47144323280753564
8805,0.32577494304475574
39780,0.7914896264674105
98329,0.6966958086686709
50527,0.8404186430228333
82425,0.27730800892871793
23328,0.6002955216128552
43312,0.9978882356749261
62595,0.4508067287146716
85134,0.43258998003492394
47366,0.9768209607324088
23299,0.8943392409373214
106554,0.526606029407051
30402,0.3876771952174388
82605,0.5753594000024065
91467,0.4922670082962567
87186,0.0495901337034101
16903,0.08741648052996885
1913,0.0396438426628982
24210,0.8484201906298774
72558,0.40019422839419655
63823,0.8993157816869943
37579,0.8353169135235275
23677,0.1690297044797476
43647,0.9935356669940829
74682,0.9711412299424587
61036,0.7358309595041673
68754,0.17660616119311914
4629,0.072327567980824
45675,0.4255408707501649
87890,0.969143850210584
69007,0.23221464650607077
107046,0.8098842973468245
57177,0.5768134785306798
58179,0.9629052085703438
59861,0.23807171784642706
52378,0.9162051870625343
77012,0.7616284156266968
36232,0.3898555366638254
68330,0.7821516488296043
12004,0.22296866820261466
11504,0.6836515157238842
45682,0.4756594805871943
23369,0.633777272840647
9711,0.7665846715540046
87557,0.7879961637773911
42759,0.2498922920401085
1961,0.8625925315248665
79192,0.37011226866800706
65297,0.39886014284042876
90391,0.3534994104545106
31179,0.8905787179930155
85934,0.6815552274586182
2233,0.39953559372916936
104465,0.4935147170594013
97156,0.1618604531421636
21082,0.5088093856464704
43222,0.8207312279929193
101903,0.9784011938904268
91631,0.9735804877862053
104772,0.8542876259367396
69306,0.4630111241082703
2246,0.2602234974028247
55523,0.6900570622868666
35636,0.44473563934943905
58346,0.0906977338167432
97733,0.5465248846640531
54318,0.9532376225368192
10406,0.8892516271233977
73686,0.24056044627287204
23697,0.9816279739584354
28920,0.899572233975335
74967,0.3647146232132449
22282,0.2961045054950408
46359,0.29979338296202585
100017,0.0939529402740003
66476,0.9221251337827118
95495,0.9715605848297764
39500,0.42137373369029085
13256,0.6103896880667276
87733,0.9896785710929251
50150,0.5269169169236754
101746,0.33657073966175255
43926,0.9485965724331658
62829,0.9430713895861453
16572,0.8612969482869569
19011,0.8705688272505813
34704,0.22893289911188375
52519,0.5853221222192104
29435,0.4326484751292349
14187,0.41259297035784903
25743,0.47869119909894503
21024,0.4336769020082334
91627,0.23431925848448085
24278,0.4023778260358317
51417,0.9277970861006708
59575,0.8573813684597922
38791,0.16907981947016254
43295,0.7043775791108172
76291,0.21335192596752275
61760,0.5692739124761286
3559,0.18648803568183464
59749,0.9385834550641203
8520,0.9857127129917291
99593,0.6640066712963
19907,0.8535636094453183
55802,0.8024925029751588
49581,0.020319967400501897
63636,0.2742547213311526
68309,0.9923212858913331
32757,0.18973005773690751
69987,0.9905755865039039
40061,0.14467226417460755
56151,0.6852912756704064
104281,0.0169653660711519
37146,0.1965356973032541
52784,0.9991428538489429
22973,0.7482187723326001
52110,0.9290543152076243
48457,0.4513500665711714
83878,0.0358393241835666
41602,0.8644407448449828
12922,0.4929445356494731
106228,0.9685067992364353
32284,0.1297967524638495
71166,0.0387801799941755
61893,0.5649135873287239
82610,0.5205768468176076
9468,0.9255221575916723
7366,0.7324756972774815
130,0.3504178374070792
93873,0.8809170451464627
104680,0.7968480650907397
13871,0.5723654347083007
92467,0.48388500794641987
43810,0.8604954486591208
88262,0.9280410329480626
78513,0.44459004891716386
33147,0.9462315549798836
39542,0.9851402713692863
86068,0.9933158003357248
17818,0.7389005022433737
49539,0.8413600660281864
80464,0.051145183941289904
4168,0.3331328103966028
43550,0.6720830352690645
24085,0.8477883731779967
102374,0.8398235563033462
23041,0.24122613419480327
73095,0.05749467265716095
74551,0.1459143028378448
58922,0.35642507666224066
54757,0.6711942456478357
86390,0.46704695564583926
49045,0.4726839634454927
63062,0.7962529182200934
45963,0.9997142731748508
3268,0.10609115179026776
94045,0.35750266465774544
93471,0.911509490955873
47014,0.8048700454839175
25463,0.4158875659627388
59914,0.8476843232919072
70929,0.44390619054629865
105229,0.3548601182020286
55727,0.9786440044237067
68877,0.27079690405596096
36240,0.9858467404778137
12342,0.9696537051209801
45781,0.538393664336803
64221,0.5476732622964605
25152,0.34357468430176785
19946,0.6727016172211433
35848,0.8517400434615406
50988,0.2189554633501027
81228,0.8996158823540599
70634,0.9894356967557999
62087,0.27604067311903663
83705,0.9071139042362932
28135,0.7104783319579548
72269,0.8338354361823882
57765,0.9364180048441857
48237,0.869049467335123
60935,0.19928022981825766
96395,0.9414238702398539
17552,0.5161266485209645
6012,0.1885196500267654
32339,0.34132447622510964
100348,0.9261211941237172
18042,0.9241909814979801
96315,0.9287188475448259
29764,0.1782620515927537
23929,0.7945236890416647
77311,0.790475367379821
70607,0.3872217455764819
30780,0.8683818187991044
80346,0.5437573455116813
98674,0.0044209824379247
81392,0.9682276176915652
97354,0.24407528136748058
81018,0.08756807252362785
67914,0.10010068244375231
73740,0.9937856369659209
17349,0.13188094344783113
92248,0.6469201927511388
7410,0.961125456144327
38801,0.0242115090225457
2980,0.4133459193002803
8343,0.9062057054873067
4978,0.1679512339725956
17304,0.7926701487614535
97200,0.19383503057540094
29661,0.5706581407845304
90326,0.23219375122721814
46507,0.45177280076590653
29043,0.2747786265402544
10362,0.04309344553084795
98378,0.5818989809906252
106758,0.5563011961091653
51017,0.9069801840113318
79812,0.807346398414279
13356,0.9219598360692272
55569,0.8953200132033327
65657,0.9115664796270274
51044,0.4869826116683301
66567,0.953423427288489
46552,0.9649905405941088
46891,0.8709891008702446
63607,0.10268886620970549
38370,0.5062071163699348
57361,0.9440117064953155
36803,0.5873786151978184
39652,0.617030358212052
98980,0.36615069560381
39367,0.9954381108338716
42936,0.688200520319107
103002,0.5028348644594104
53733,0.2815067569386807
64932,0.0187410585464152
14694,0.01156350198518205
22051,0.7421987462878192
86459,0.9275774561755783
6391,0.11391720962380425
66928,0.0233447745271947
49982,0.9976070064368826
100643,0.0545041621585156
56457,0.27040624385098033
30800,0.46044308362271824
33516,0.7751404635857486
10149,0.08489491648937925
59814,0.5076308161328619
95253,0.211453839482288
53569,0.5494224245625702
98810,0.07911711369384145
37667,0.8642399213392815
28177,0.7603462686933442
38991,0.1965511662719921
16662,0.6644963139767339
84074,0.7111494096083383
74835,0.12394759669325804
64707,0.02408959041238395
92839,0.184311634513772
7848,0.040375463667766245
14932,0.7758797696016441
95426,0.9860241581868374
10705,0.9110484694322938
36497,0.9923172051889719
45194,0.05953872777123034
91760,0.6077917423369483
42730,0.8354740354804664
73723,0.6108236216284483
106197,0.4770269262469578
68082,0.2377925380445384
18144,0.9845927825350926
80046,0.5043588555479032
11278,0.34357068398407176
80340,0.25406302349291066
13789,0.9951044332066131
70923,0.9994189046141186
102287,0.8209655662757025
91972,0.3157005435578458
34636,0.27869214373820583
15424,0.2695063034255015
27169,0.8796979163872194
44400,0.47267939497168104
61822,0.5039363100711935
72751,0.9742016630917203
13516,0.5708755477681837
106505,0.9212133392813671
76387,0.581486490976836
15239,0.84227004754634
103844,0.8572876580354463
53314,0.7829550854185766
39223,0.0268311523786
9030,0.9876071206846366
14079,0.6960791108811155
105615,0.48174439277066716
12812,0.0148745808992851
75439,0.0915831351956077
39088,0.9468221584267924
43363,0.066737210164746
32020,0.010654945443153149
64754,0.9856023764461204
3089,0.8362903322212949
23362,0.2537415102816475
84010,0.7007936682983782
28153,0.1415920155543353
38509,0.11171500971382285
11368,0.9495295509584278
38142,0.1024566053385802
97444,0.251385608940986
41034,0.0552523567160854
8873,0.5382370164079737
30735,0.30058779398350405
61272,0.7527273217615986
56414,0.6909664876404467
89014,0.9464867860303174
24736,0.47397454861126853
36720,0.9813859654578946
83888,0.5905173947756653
55059,0.9089138410950902
50353,0.05017110567471795
1263,0.7740382213097468
9747,0.0373813322157135
100121,0.45116366350758474
101541,0.6389076353820347
107110,0.7469928748984109
13870,0.1450286459775856
53841,0.22581248952722435
99366,0.5267446945342238
97714,0.7777811018138037
105818,0.36769178745130904
50824,0.9774855062104573
79245,0.19974110741197215
20566,0.6929530448187283
31568,0.9578911110846924
61681,0.2164710295227501
61035,0.9087335885547312
82910,0.0370515014043807
104534,0.9700846799669612
30508,0.7598875646269607
36852,0.8496711264178196
78740,0.9737792624034729
93787,0.21672537939533731
99385,0.2549860149693757
8541,0.19462239614556415
40986,0.8450697637232448
59356,0.8633992905075956
24418,0.4365338445011375
73614,0.5937420768452522
27415,0.4642713384729602
11105,0.06053959845461665
38620,0.9543017215340768
73791,0.13438123407496605
84218,0.4315862439148139
57917,0.5730882986621006
26115,0.9560502271429288
39220,0.8173326173715414
86510,0.7501138826090255
2620,0.597617933138141
80769,0.2560155204645106
63158,0.7455509678714651
68262,0.6522902779591766
75959,0.28438008889012334
11908,0.9532938570923661
82650,0.024070744270694153
67201,0.7998150540483535
38281,0.9984999999972735
94080,0.4848010009862256
26958,0.1952858176693245
12229,0.16810544899248636
7322,0.1905111542610284
101820,0.8071209189479565
58402,0.6083462557007695
53298,0.8370956201887292
55864,0.171173532085556
80201,0.12658406752043944
27368,0.33947961584694264
51937,0.7317919959607835
75944,0.2465834895007525
17981,0.4693456550665006
36458,0.745961092230796
19330,0.9638409980004774
70747,0.0350210542115428
52093,0.29644967648967346
48248,0.2760447084943982
30444,0.5191807612640909
100114,0.9872495931863324
75809,0.9781317679001621
83567,0.5095675743859529
22666,0.8544771279519665
49879,0.0896066153384673
63185,0.8569162986570754
71537,0.2161764809336293
84881,0.8216553703353073
11039,0.6454900049934361
2226,0.8673206201795427
9498,0.7816808628692978
103461,0.8491307668578484
8026,0.9564838958652218
67743,0.5279988060268552
80470,0.14363205288862618
3702,0.772963401570919
60275,0.5666136435078125
32622,0.36333812696147405
30739,0.38861670013969496
87448,0.9969479041324045
98899,0.8940994491608869
89514,0.06021871525145005
10765,0.9279915189148913
76915,0.5836332537115659
22471,0.03576262045609475
104758,0.40818664303864965
106834,0.975664940156201
21256,0.5725303681630713
72448,0.9008600003128182
76560,0.8811331535366438
72417,0.38313561824078535
76712,0.2005201225393913
81087,0.973554855868463
106580,0.9229471733896712
29575,0.02068045236949525
93875,0.17353686743690244
57554,0.2653602148552521
60491,0.40310666435042175
93238,0.958376107619817
3821,0.3684571404391159
28650,0.0145960583928232
66585,0.5470899401010418
3771,0.30079643581966276
21931,0.23659949385376605
6465,0.32596585830487035
12104,0.18614233853190246
100297,0.6839559557477632
12303,0.9134370023950541
63834,0.9993188817937663
72813,0.5252486009511095
24228,0.0367439227121042
62072,0.2682098696413343
87548,0.20182141338105708
34142,0.2724253720010324
102479,0.5033779196168756
81878,0.4144593199241219
5322,0.23588432731709302
8225,0.8170010816251521
87700,0.4924604486199601
34160,0.9732290615979707
84726,0.6848561628804918
18698,0.7549103688403997
21961,0.15514613663751514
98296,0.43622957445815647
35011,0.14099767040718764
72197,0.9935424492427138
52751,0.1101120856398907
2665,0.07241844140358845
13552,0.30213859073668403
74433,0.0660194841986787
55838,0.0130033564311411
3623,0.1907912291866341
18897,0.9029361676812984
97971,0.6756436283898046
54183,0.941888634521227
36709,0.7494926802339262
45328,0.8258543714057062
45544,0.47692426090572965
88069,0.9923236433737069
38880,0.9915874635024612
29390,0.47778818659643973
17213,0.49792685984387913
103211,0.2097563301998464
103784,0.407340852387161
21672,0.48117987829307635
12667,0.17320927474510064
42330,0.47949943540854967
64762,0.9158236844598905
38996,0.5969873295561623
81858,0.44436438281005364
63013,0.2774202046521048
97541,0.7440970057845477
94335,0.4457201141178351
27705,0.5895290540825033
27775,0.2818655526525422
90297,0.9063559461492965
17894,0.31097050978764984
89326,0.827165014534214
14532,0.2447685827568486
29304,0.11189117623643009
60991,0.680156620494404
26862,0.9258468574908979
36231,0.5788977269068645
68918,0.31901837177866893
87020,0.5308401541763199
68071,0.33370653937009803
74517,0.8649011234923869
68399,0.9433422010937556
4125,0.08301186339155729
87538,0.5508482836949291
90505,0.6440871485118902
26154,0.1921721876439998
94063,0.3873184413146516
4801,0.14457697935317396
79421,0.5165979770044689
22506,0.3213717418042852
90383,0.7165597156177249
31996,0.08067138607172285
94098,0.03559701539458075
23918,0.03585809689465685
14872,0.9701810991603045
52194,0.45856157453852736
79112,0.7765020365124589
79767,0.7470924880956011
88807,0.9958385971507969
80213,0.9286360596143004
97386,0.4197216427675546
18855,0.23363661653676965
14420,0.8396118180925966
20050,0.0857186702854836
12401,0.2362460359826831
78505,0.9030275806850296
39219,0.6180408206256369
23939,0.9877142508812378
16295,0.6051586925409456
38830,0.6006478630566099
63612,0.3297023316970754
13290,0.8926606661882559
53494,0.3219664773969842
5746,0.952323270385358
30513,0.28299802097077775
96344,0.7676295236759614
76550,0.4792804364968073
15269,0.9598459486416075
47320,0.9908535160357194
51950,0.25449218531168527
9128,0.7076384821895616
34285,0.8999866329484327
93842,0.021382441864708952
8487,0.7448511797056518
98151,0.05476016202579295
5934,0.19743372557898003
68794,0.8665286111072423
11126,0.7705861049074112
77657,0.1336611201643052
470,0.8641195625937469
29040,0.8039884016204851
92265,0.3303093845825843
29171,0.6175492485302483
53105,0.2270573789318882
22797,0.9133215422932928
100238,0.7654135581004236
76873,0.0779845358844487
51495,0.3435689514243212
60063,0.4200910923645273
97666,0.9332292039306648
71208,0.26769625868285163
25864,0.9798418851037634
37431,0.9552487645865531
52917,0.4845296438087342
97589,0.277276765127876
33482,0.9739295578246978
20425,0.944370143221169
66723,0.7496338824619676
38765,0.4171135157115118
34844,0.8343805298569217
23794,0.6293293576803309
71459,0.4495156546065372
104091,0.8359036571872233
891,0.4040198647106374
72288,0.7732043502893184
42364,0.8786070909465516
30967,0.7395540339487467
16582,0.28559072148531717
42961,0.05926026950987895
22874,0.3115491397678839
64063,0.5698244648121096
89992,0.7291151781302514
37817,0.23140455565692855
21008,0.44445976022160344
65846,0.7073816986765367
30491,0.9819560615114774
10225,0.6951649689003503
946,0.0839946150662748
57835,0.4317285744055054
68530,0.7043478047380913
89954,0.0716081336223653
55861,0.24829780932144158
26313,0.1568105555943178
79078,0.41064239505436784
45288,0.9086502457691815
41449,0.2090175849683312
105992,0.040554955361512254
22657,0.33014222541933574
59879,0.07894418435239775
61469,0.2716592389889979
34052,0.7921840649774652
75633,0.8801038315013472
99091,0.5477312705429684
25249,0.7591305900873457
89585,0.6901235725023642
25639,0.7456203964044383
47314,0.6388528097394978
27762,0.6953682230694791
52628,0.9871380198772339
84293,0.813109539375546
68901,0.5576897837629473
90319,0.8387490208826949
55559,0.066396898567678
16705,0.23315297646175592
79054,0.06998803527173875
8171,0.635645090869416
59206,0.3206323325442464
52753,0.0335567820691627
99521,0.8604441810256671
59828,0.7005311060502191
66975,0.7074426706178446
33055,0.7390064241958556
11361,0.41174243113067244
10272,0.07950757577067
15838,0.20804510437654475
52127,0.6091999891622708
17172,0.1599359216966578
61054,0.6424200758943355
92688,0.02969290837980315
25633,0.9581724082608769
13746,0.867067221358323
49271,0.507602478747934
74219,0.9043363608503033
95641,0.3453518735317561
31442,0.12555492845155214
61505,0.9537932371222961
4848,0.07287932342950335
35411,0.01862210177300755
41728,0.13198034087009144
11289,0.718085496250241
54303,0.2513923342555049
87207,0.9743369970635862
50770,0.9957477553599264
19455,0.6430200680145413
79660,0.9866949612985516
45640,0.5587735475097961
19680,0.26392981044019237
80064,0.3480177027597857
45921,0.8461484611121146
102330,0.7000472960668802
104779,0.9391490620307401
41647,0.6159028453137886
62255,0.9294742712886344
69850,0.9208891865863803
59083,0.9980334889047343
29617,0.36185844769582287
68036,0.06148768091478215
34081,0.8000643738969258
7571,0.077353470598143
27687,0.4846596726116563
9248,0.30377997110247634
70304,0.8089159176168994
68494,0.9525588775260334
34488,0.6372859402028879
91948,0.1812287953821436
83596,0.8420114618312838
6539,0.8550152575501069
50333,0.17607088726387016
103218,0.7171033385047972
10795,0.060967786212721156
64519,0.29724973596724563
55023,0.26222671671081227
79698,0.8811756255727522
12137,0.3915835596466253
26981,0.8476494084209438
16418,0.4349260792770031
19562,0.6189350372944001
54980,0.17468135528157114
8983,0.8895986737706443
44060,0.36759663550875465
40837,0.21401610199018575
50598,0.7044607751212404
96359,0.8579424782530474
106537,0.989334175114121
25890,0.6378011773681445
82625,0.8498610812395352
6701,0.19070199801711016
8350,0.8144010018149686
82763,0.23034963004956677
101464,0.9497443327843961
21356,0.3813641467427832
39215,0.16550192894990456
67377,0.6063892446702878
28181,0.9789283295547551
41563,0.8707800926800348
26345,0.5344983509082024
16648,0.044284650826473704
31584,0.9984117686311358
1960,0.39175681479968394
9044,0.9180020141379138
91655,0.9626519986108752
46682,0.3850628670582415
50998,0.405428415682618
67563,0.7984012116763035
21973,0.5750294954962164
66386,0.4528538295346992
67164,0.5349646252101956
48558,0.9834255450127724
12620,0.0641724046758865
64680,0.5822125640345168
63616,0.8794468792088637
107035,0.9059723113477571
59071,0.4151463716961108
102880,0.7912693626670857
35126,0.009893376454264649
41487,0.6528132009833196
31091,0.1930009791018479
59940,0.9627271871937291
46433,0.609548513977553
31705,0.7798547842674917
80481,0.461693256349205
12116,0.01898622030830965
35783,0.9608894372904828
2593,0.1088041502200078
47474,0.9242746597214454
52930,0.4484237849429802
44350,0.022022578755596
77265,0.9150698160349472
55073,0.6567970658793609
41302,0.01255356420493995
94253,0.9504247260385954
21658,0.3069272619965585
38103,0.7111007496719721
73971,0.0608970411651855
39871,0.9973617578274858
78320,0.5417251323025832
11438,0.3487197613619622
59470,0.9908734671541574
55759,0.9804052061172345
104592,0.2663602751479749
96295,0.00010773676346040496
56214,0.42042701132967086
89317,0.713749308624231
99372,0.4392454805317326
47947,0.06013575528851885
92170,0.3081488608087824
1522,0.0235026624047956
49519,0.9640852152432866
83847,0.36151352816415094
25956,0.5556815417769915
54284,0.6220908931618645
75756,0.3348889219633008
46005,0.3850545243469151
95327,0.5461758082247454
67211,0.8956593132313929
57848,0.3528345159337297
62669,0.9587976549948035
103424,0.7053419367996427
6568,0.659490914710219
20985,0.8469893628868382
2606,0.4193930468240702
51468,0.08940860529908726
58979,0.7970052614450229
44348,0.21820610558159634
97129,0.8391865487581698
106323,0.7036743105940977
83866,0.834496276674521
59690,0.6441774001572419
77224,0.9128018339576864
55814,0.2509066282549386
423,0.9855677631572715
51386,0.7886178975883129
54584,0.849739219813664
20650,0.8457380634891867
67619,0.22546580900037833
80649,0.5801126321452615
98240,0.9511887155089024
51543,0.671412035611403
3995,0.6347246108015814
68167,0.8735549854294489
6440,0.8639775660800066
42990,0.4707401091989221
27893,0.42916322903704873
292,0.3958117138952446
60869,0.9518058028892384
83757,0.6864182539774806
71190,0.42605521949586433
43134,0.14340285126021984
26387,0.9742121591316936
41140,0.2819835794965667
41330,0.2846923498493821
59444,0.5750375823891061
30220,0.2079273697902713
57850,0.7943317075920362
68720,0.5184722540713782
83784,0.36623554268219455
75058,0.44762407598710047
9990,0.6284398972447005
70601,0.498729172875339
496,0.563388820144885
4219,0.6249860841568756
20921,0.8187936554624737
63436,0.9203702848324569
102995,0.8035399495609057
46697,0.8355422719145515
105445,0.8578939830711841
17416,0.5879954888960359
100999,0.8933518538375531
89296,0.5950139516829134
74224,0.23431582568389253
88876,0.18677061586283875
76981,0.9278926452040566
16408,0.1882265563650955
54241,0.7465193216959888
12554,0.4755914900584246
90727,0.2842959406835848
28056,0.7795778923330086
5562,0.9944233109177734
80195,0.8468404795592607
87069,0.9600244849145281
43216,0.2040511622795145
79579,0.10170492168213474
9937,0.1968593112020453
42856,0.9233514995775561
56247,0.045888381078753746
89203,0.995999999173588
75302,0.36337798461312054
9324,0.09073271046443804
88477,0.8985683077430862
65720,0.6207343037138953
83822,0.7878724742891795
106308,0.23796305506329646
88320,0.0683490117317932
3472,0.734124291140752
43027,0.7860892777980606
77392,0.6662881088730239
41026,0.5219604063126067
34970,0.2741662970343153
85811,0.7148631369688443
51037,0.7689848320001641
39911,0.3407311667382173
54621,0.24857440938146363
63702,0.24689794722004377
88917,0.9692299502118487
15936,0.9952499999479585
68562,0.5981167422777498
82320,0.7436943239462256
95565,0.9810744479278786
98754,0.47333350193188894
61204,0.9858845663362009
94434,0.31111663869585693
62405,0.8993795511084541
65452,0.9908505932994176
35549,0.3435053572444729
105446,0.953336979975295
29245,0.23398925882949
40566,0.9934493842362394
77668,0.40205197026976797
65167,0.562572291966458
25913,0.8325371291567376
67005,0.7601980410946524
65537,0.7943794544558227
76894,0.10248072745006515
79304,0.4850834765323335
47879,0.8739092145527299
71762,0.5836279783812315
94313,0.6930217832870689
23432,0.7128755799377452
96020,0.20440352528894962
95380,0.830983191006058
76613,0.4989200580170977
90665,0.9293512446236201
77768,0.9409879365314973
83357,0.35781331098502356
70714,0.3801667607382244
89872,0.9892491043644482
41797,0.41165138847237404
13868,0.19544851737809776
106550,0.7118547211782349
39844,0.1288016614135725
42075,0.8997579405345741
62095,0.7538609558181227
70425,0.5615696185751907
78138,0.8051784105039193
25349,0.9407307099116936
86030,0.027557228691721
11281,0.9464618646619298
92556,0.9960826170679062
32183,0.44579685293778487
95511,0.7508493059788315
14000,0.3296379518639352
8192,0.22671744846294822
46625,0.06416388988672565
80759,0.5385542604811712
53529,0.8518365318031917
39661,0.8551424985760889
18735,0.06582774700267355
43096,0.7111529363583843
35406,0.3204185368465896
19563,0.9716875364982285
44955,0.19963261423405804
51195,0.6334710322434832
104716,0.9970850349499338
78032,0.8696632269196738
54763,0.8206899800351097
54472,0.1701449846631435
63165,0.1798590950138971
59237,0.4691754543184893
80008,0.20462854671843383
41274,0.2119685142846994
69397,0.5000154701002603
58538,0.8679474815202934
12556,0.6670881503457318
22194,0.022100942259808402
13877,0.7204572471979016
28486,0.176679476317382
40470,0.6108850817570519
3803,0.9436782473791331
27605,0.8202032294418057
12596,0.5089614527468029
51958,0.5051459272362122
100371,0.8077254126758435
35292,0.5342877089833515
106651,0.40601149703425704
67973,0.9526981099436718
24261,0.31714412459739233
42465,0.05069815966504415
13861,0.7161284094327343
15827,0.2610926810537707
96979,0.7019604694143151
21464,0.4410716957685398
33217,0.4545676271114324
31921,0.4983738374251858
87306,0.2893981390804907
82440,0.4228942875587281
100467,0.11868781111732815
101153,0.7805027280200911
59418,0.21748928029735864
34456,0.9983571428570587
78306,0.0673400177466657
60321,0.6984268248055329
106857,0.3601439763658607
35073,0.31288766072836305
61217,0.9118703724426371
40071,0.9862717858039782
82248,0.5836271463934992
74965,0.5244355126553809
71583,0.5313327911989609
83997,0.2627326589264495
80322,0.2608746332518622
1386,0.9525253596178569
30888,0.31927662060003037
46174,0.873746880902624
68484,0.795653992731175
17329,0.8532331252892864
93726,0.4473834551561805
14464,0.9318078609869236
67944,0.8703274238223848
95240,0.7936882798542653
43653,0.894407781941585
74712,0.8114077320397316
89456,0.3619752549927573
8122,0.7494786649500891
80123,0.1996474052573462
100955,0.6283383023051805
19190,0.5278418048786114
17483,0.13868881982836115
21509,0.6168130237089529
67611,0.47908588338104996
91018,0.8145895660323126
11502,0.9393899997824409
41634,0.5611522484177581
58647,0.959215367285828
397,0.18852621408384418
94236,0.56905823475809
34471,0.16434224138040282
95449,0.4612135206275094
45263,0.14190470736523345
1312,0.057198986054025056
1701,0.3538641173673598
10211,0.4056336761840008
19877,0.703756341381923
10820,0.1426361155544455
48605,0.1665543109275667
105197,0.7216327496207944
101055,0.6029966192856466
72026,0.9043571363518348
40241,0.3470962457147563
21775,0.9825696296242477
2675,0.7868363641564031
44002,0.5968917762576437
42988,0.23853748446133977
1719,0.25168468230341007
44005,0.9757036929701688
293,0.24112516970919068
67526,0.5000307031970612
20436,0.024913573117859
47583,0.200437744645364
54329,0.24401736420592116
44312,0.7641301346638265
46747,0.8385510871344997
42297,0.35697742204900307
36740,0.9859285525122496
15115,0.0889924048909758
54215,0.4871735181356383
50632,0.2004636600192534
67796,0.6994475196101273
24974,0.8902122063110108
17987,0.13177327869787914
57932,0.7437016575054164
58445,0.6941478193115619
71758,0.4949125476020961
27568,0.597639421129618
77343,0.4119955785801013
74960,0.19581457772370545
71199,0.44027078896580973
63696,0.866811116256456
7032,0.3689294232349253
23824,0.3738167385308583
30498,0.7523220333541094
71626,0.7592395911545822
45937,0.7738718278098479
58185,0.6005293541126592
63250,0.1935624734871566
93821,0.5559729954182944
75253,0.36638232663008347
105476,0.6795735154790912
94786,0.44639682262778496
64336,0.16237162266172694
71947,0.384924499218096
92182,0.9344613574355564
20086,0.9876616139038459
76618,0.39739871566889534
14910,0.39187959707958214
37519,0.19869631197947896
18587,0.8396315178429796
72152,0.09309399803469925
104014,0.5292420726439947
40614,0.982806176451654
88400,0.1635885616768834
31994,0.03770592561320265
87528,0.20293873794808964
63934,0.4304854942186668
49409,0.4703517006634186
774,0.9931904795640467
32495,0.7997774726066136
88382,0.5150409948229907
15155,0.8099364451522078
93745,0.8113064432124353
27703,0.45679936699371637
75787,0.8908229741208054
90254,0.6173087087352636
13614,0.572469877667545
28304,0.7481339515292751
41678,0.22577499322894914
98764,0.19418157623919086
82284,0.8473269297145014
31660,0.9422531580846554
67449,0.3926847887699027
32695,0.1485903109390469
73704,0.8834070672114271
13185,0.8329290062545394
41481,0.8897958018019967
71990,0.8844593551021873
64342,0.20742819416096214
52716,0.0714950804974182
23590,0.8101242173648728
19738,0.7072666492041901
81722,0.04774716352070025
43441,0.0272639805384379
56076,0.3921061737813394
36062,0.14115250418879796
93470,0.0852504340037092
57631,0.951519796960708
104065,0.38268256843854775
542,0.20590957226592033
22750,0.3077575867872059
65825,0.9446711257022391
63929,0.19449400434372682
71150,0.8955511993792429
82911,0.6359179520511875
65991,0.9073302176936109
17471,0.1944846911478018
96142,0.2913974919444387
20569,0.8615746918677634
38497,0.49537206713163817
2685,0.4243204074726197
38408,0.8166976507065187
100635,0.9592707494896056
29619,0.1364926534322771
63490,0.3065449023080967
83339,0.5795320704374025
36539,0.3575641848603448
79339,0.9492647422655789
72290,0.19787340121943708
3220,0.8475662386910178
81270,0.4929060366143385
35843,0.38070195034538457
44327,0.1224537544579736
30665,0.6878316458633664
1548,0.4517752463352588
75171,0.9393622825858643
99712,0.9752551784305001
33884,0.730120259335207
65379,0.5860279470552051
62016,0.9624794441504227
35402,0.9806562048868966
42879,0.5916215777043161
74818,0.3133823399950477
12495,0.8413099689330634
20003,0.8241520184101214
22125,0.7442760017178045
70889,0.7483309407367381
2024,0.9688608409152859
95385,0.971766548921378
80643,0.1840508571465595
86163,0.2275543909787737
67694,0.5236916062244646
26798,0.878710102598568
81103,0.9881510879380946
19085,0.5636024288024732
4898,0.8389384254043851
6355,0.4310035624474098
14518,0.04517649906312615
14647,0.1640865874363843
42001,0.2981482252126557
77785,0.9765151077200089
35657,0.5990716107991371
56488,0.14003306897014295
21443,0.8684595515994741
84978,0.1513422042234418
89651,0.1069178384688318
79791,0.2558510302499152
97990,0.9018204395860536
71970,0.4080242733786442
92259,0.2253523951512749
63637,0.9546915947138289
85746,0.1979070186372977
72226,0.8951812610728066
8706,0.39497397449733873
53923,0.8443066606916003
21760,0.4010910178096522
52327,0.991159193046891
13615,0.6648210922924502
3156,0.7305582548511951
17888,0.9919479568020434
27794,0.08190022438717176
17951,0.8799052966874293
106260,0.804022551751686
86128,0.053761756916346395
78519,0.3352539380761451
103081,0.9009081960490172
8118,0.8683747336890125
83982,0.9232013556288797
29893,0.9444050466791579
49405,0.5753224166503323
52266,0.3945405529902079
36470,0.46320250020777676
1846,0.46443301829580286
3349,0.7075168970163523
93690,0.8501081040428526
50314,0.035870201043804104
186,0.38944156533722396
65432,0.5029406710763531
37728,0.8587261369119707
19567,0.28771912037568564
30657,0.39390243488230803
82531,0.19118840760080236
22826,0.722176271054676
22919,0.39563198443198033
87442,0.31828868796269155
104588,0.5483826915491148
64949,0.29984632235436515
63321,0.6867092793398065
44202,0.8436045361204494
85518,0.990956763810295
70363,0.6203709193537092
38760,0.3607581848379868
99477,0.5864505437888509
41258,0.35340946644046767
88460,0.09432364532335524
49151,0.03053949149191935
96318,0.5388816942206016
15268,0.43020842385199365
39971,0.07976739249902791
68688,0.705761180460632
106285,0.5938349691795082
3186,0.9957034548034643
39622,0.8724214160711443
77353,0.6327180471120518
88812,0.9158555765029207
6527,0.09912105646173015
59187,0.5731702122021877
61590,0.28835007314292066
56408,0.3331180779342763
94523,0.9274251538855477
35641,0.8675086694299234
74177,0.9114173475882128
103345,0.16385178568730935
43538,0.8529599018366087
28070,0.859774713869097
18799,0.9800060648678777
49071,0.0225253378008166
95746,0.8440573965090659
32734,0.5432409831941596
94400,0.9806811738884015
85387,0.4081047755944577
73483,0.5478095495032748
14503,0.2690772696113978
49355,0.3729452084157074
104699,0.5610517261027876
34977,0.2832864687320559
105745,0.46567917918882973
46195,0.05930873163601435
21807,0.7398579380743915
38567,0.4100803222785698
22107,0.20712077466534873
29812,0.20837167128067946
11423,0.0813699036162875
17429,0.5403435606717887
33210,0.6636765397871363
24307,0.6668245753047111
25930,0.02591292323169165
83021,0.7158291848054307
102384,0.11172760703145246
16069,0.29002164287161525
89177,0.9637628245755521
14322,0.7545335541553161
47929,0.4770711697195983
95274,0.9716943047553348
91895,0.5330645667410273
30333,0.5925223668406446
63018,0.5446189679121041
13130,0.0178577180573941
48136,0.9600817973244259
65112,0.34650151259500117
96303,0.9380337417392366
32221,0.8037756305852162
9939,0.2389804577020465
58276,0.20134650604320725
95046,0.4280801649811531
95608,0.8775879541598308
5449,0.5544339408045186
60819,0.7544138090516787
106929,0.12834882131699754
70887,0.1431223932263727
107168,0.4781026965151536
1665,0.2497888089749497
62485,0.3406151099550624
26165,0.8504862379594981
54830,0.0913014883867424
98131,0.8197130515883266
11417,0.225032554635464
54957,0.7185379795105322
16542,0.9386665334154878
46696,0.2137541586529595
23398,0.9708569897688394
82966,0.8567209368112685
98212,0.4406002331803406
47665,0.25398113277177237
71236,0.1125448115865253
23789,0.4573689395380958
52331,0.2274387123865568
42,0.6859278318737412
44162,0.8378320066930292
89991,0.454776464989918
86732,0.2119262568676466
97084,0.7567258945002368
96648,0.5090256502282337
43358,0.9464670755558164
33225,0.3255083416382226
100947,0.9340730475362973
30048,0.874662213281175
13538,0.7917543395260476
61920,0.7973125798216538
90739,0.3259945064879465
33099,0.35517531118948986
5687,0.9023365119302876
37971,0.9635895569911235
104107,0.8999259313671133
15261,0.33880838625748405
79583,0.9738566338764587
12417,0.9109131793960562
42928,0.03346370576979175
81291,0.41420296063382833
44398,0.688804443751784
64245,0.9428241867569751
62296,0.7421366597607941
89490,0.6354477097370341
27804,0.34881209039762795
86896,0.9262456021604473
31142,0.9049335906575302
100499,0.9358492717788724
41462,0.6991447055765212
11490,0.48921201406512405
41182,0.3965108599075821
88788,0.5219393542001479
85936,0.5409085628474813
25717,0.8019226425076706
39604,0.9483744745743896
2113,0.4399615243502093
19841,0.1368842791996022
85276,0.8888186504253763
38085,0.5077343123955693
33856,0.1652837383427943
16285,0.7889278327548687
102958,0.8721695826404043
32690,0.6481580695899554
65286,0.9973916130087304
87828,0.5467189791486133
72944,0.533068058169704
47478,0.2553273019223766
94238,0.254574486642407
25276,0.4869855941992935
51125,0.33340980175106083
59341,0.9458824135554751
37015,0.2755471086847142
48326,0.26840995432607273
55339,0.16430322584216644
54809,0.8224311253219931
95448,0.9798417086620501
92455,0.9159424419594799
41479,0.8038755948729652
50990,0.551111811056803
97606,0.3964372484255302
64386,0.1402395795192242
59016,0.9546934040904238
34793,0.7539860512218994
35103,0.5560652909782565
62419,0.924576253283638
44749,0.6759487323697824
51217,0.7730141181570493
76088,0.6881771579655548
50731,0.1748687303041876
21634,0.015405265667354201
99187,0.23064552549390122
74983,0.17053242395705476
74636,0.7772094670044665
70918,0.9863124658178681
48025,0.039407848676196705
1202,0.24054123060139104
29773,0.6490325609864542
104392,0.6331228676674874
36134,0.6228936809920631
56611,0.9204867942853165
98347,0.8976561788741206
76408,0.6259962442245759
43641,0.2983557067210725
75570,0.2159956470566262
7090,0.6333847543337294
82189,0.27640936831687246
48190,0.10130859296776776
4985,0.6015945996608496
1702,0.27061360194569634
97091,0.34838029356536676
67132,0.0927432050747809
52003,0.526795037817142
60130,0.3137754413777386
52734,0.28460887194139395
54975,0.34080960874088234
79908,0.8944319861242661
75883,0.8420755262985913
7708,0.0868679279033158
20788,0.9951776452409957
29713,0.17423536426810998
2168,0.0766953275472825
19624,0.5479099456951553
15339,0.9848640614420898
63973,0.5318317461867801
104124,0.89257153117308
82919,0.49277973796658936
57759,0.3693990209223188
30517,0.47517547712357067
67562,0.696181151961722
60871,0.1475389428854832
73670,0.8304483679679122
12046,0.7363598255519703
29703,0.20891289624187265
57997,0.957362186130811
104071,0.7064687324385309
23798,0.9871895112567002
63304,0.9523110432024455
29328,0.8827672879949681
54042,0.5225597966640915
43085,0.01875875095248765
41458,0.8098258397881739
65632,0.0558935461179382
61938,0.9021660806352352
43481,0.05536961424306425
23810,0.8777739941937679
74207,0.8858844189047226
40078,0.10933740996338345
67888,0.6485291052629223
54635,0.7365970981925645
37281,0.0168608969908826
92696,0.0338309009715791
40103,0.7571490161868448
12388,0.7777910104010564
65827,0.9441143199562079
13632,0.6587703593848235
55474,0.21955521595804528
5448,0.4752215767878589
39340,0.8464555630838011
1321,0.63032083455231
53096,0.8475939711709153
93846,0.8708184398388493
84889,0.2119870770521095
53938,0.3746277200258167
104973,0.7106509010372868
74968,0.7524813493442208
26581,0.6551399597338472
84369,0.705099803819749
51684,0.8458101605449599
24583,0.8658171831761944
93592,0.7503118923251457
80678,0.38294043757634066
34799,0.7658467093377752
50595,0.1904273497061738
107043,0.9231564016497268
81783,0.9662379221156538
8163,0.9043366041733351
65011,0.583671998362649
88170,0.19343093799931044
18337,0.9999630144801404
72949,0.9840649375513231
70736,0.5409447813194816
96312,0.9997142857142514
83629,0.9100025657780731
85060,0.5844017778200699
65661,0.8426639346599303
66651,0.8732079972613651
74786,0.7341233485391274
57298,0.051933269688852854
42230,0.02062844002754165
20537,0.1586049068840531
97674,0.8600806786736503
65960,0.09822591479653639
55108,0.5628171459377643
49101,0.9086402375456599
19384,0.31010635418159765
29553,0.4698114738811736
40469,0.23299116097307299
63625,0.3048088639236073
32081,0.4634041993523136
37229,0.8396622176270749
92189,0.6304195966728486
14893,0.08824786452916811
44609,0.6248536296357352
63754,0.26596873415623495
56244,0.4143157656813842
13791,0.10525612307465529
97514,0.284650435804242
62715,0.09307494489292839
80723,0.8713241894921941
31649,0.8646327648175758
35868,0.202082221836164
26020,0.7216725635364019
94291,0.278213573333511
63036,0.1244585769446975
71036,0.7245226187443976
49693,0.25766671733321034
7862,0.45297117872106546
106251,0.1055624487422742
6411,0.1294029259845792
2227,0.2127157641645614
12739,0.631988356737637
13897,0.9314009631079322
51843,0.7673077619326842
68337,0.5196770891359686
62399,0.29235145922570127
83642,0.25700025270307236
62576,0.5645759741550672
76355,0.7382586638187992
88532,0.9046220546758209
870,0.74259315045093
26067,0.4698959825899653
45412,0.33002719176600676
93632,0.7360863015040913
34710,0.9584524614292054
49010,0.7893667734188444
20800,0.9110511082729582
91234,0.6220102592572543
106720,0.2426905026585193
39399,0.9879666331706018
30906,0.20439218272799894
55880,0.3113760821641836
86772,0.3605124099228903
50257,0.27561337973393196
89524,0.7497457044327487
53238,0.9253483271968874
8234,0.2405480447646141
106696,0.9158722294552855
29446,0.36053039564367073
23987,0.4394468164089052
64819,0.14833637538305094
35094,0.7585093359960855
45865,0.26633500936753546
8562,0.918895946819994
75593,0.992160569566798
8341,0.5493003453684276
59981,0.5949041558592001
87038,0.4643886457994941
60298,0.45836760820217143
660,0.957680492575673
6334,0.8602425704238854
40173,0.8943627293297882
60604,0.6462939470721163
77550,0.189000172022727
34391,0.9967844503823918
65498,0.23139631061329205
12883,0.6977714855719425
28396,0.8650904464630087
20072,0.7694215058924956
29955,0.9564841617145856
93410,0.8315973779857405
19195,0.7806749223205138
86600,0.34589640842963676
11096,0.8772745317400137
100641,0.155566476907823
2876,0.9249336220834283
98508,0.1340036774250411
8183,0.8962149641449366
61746,0.4741249567232444
65016,0.4124706722050703
98667,0.7398212931469531
26907,0.5401155955652039
118,0.8890677391394042
17226,0.2755796525772152
101387,0.7388939075232789
2477,0.4518779478813854
42711,0.2114805297646615
45007,0.19380865000062875
16318,0.16531560901838044
86150,0.19047383499712411
8105,0.8597292639372098
29329,0.01296690599659785
24199,0.9794992653861855
28490,0.2579082444881657
15922,0.5122649850901297
59384,0.7669535751448335
11373,0.869634740197597
101542,0.13471430790839795
106469,0.06350715275791255
90450,0.8770398600115199
57117,0.6325672905574901
46768,0.4818372645994828
101203,0.8756804119918118
73606,0.2300777603677329
107050,0.7467052800743402
92108,0.03151249631757295
20429,0.26792360451113856
91152,0.5549499462173011
78479,0.61459689466598
104962,0.688483022107523
65927,0.01908792226826255
29567,0.9173032872937765
3521,0.9320065679248176
77782,0.5010387128129496
74900,0.5557132742056823
20583,0.3586428283820172
51369,0.4016184467934253
33036,0.08031711186603115
1020,0.0692860024739266
81918,0.31499570140311073
71786,0.8508265499182458
29021,0.22339978050989673
42473,0.5171753163296819
76563,0.8812390623618184
76009,0.6860968434369661
75090,0.8256125702472508
91847,0.7572819557617756
78056,0.41218013301605866
22275,0.18757544208394145
64351,0.23657933338712317
101193,0.1233153313767071
49286,0.9298170340751509
89043,0.8442293206455362
41575,0.10028833260458406
105212,0.36470340586682426
796,0.20082627985548235
89918,0.9144603183736737
26836,0.8644692149030031
15916,0.19497411672276466
66393,0.6601327202464828
74777,0.12432124833164225
215,0.8927518074570613
70103,0.07642112960846335
106169,0.47230741430191103
81879,0.26488546137573393
25104,0.00894512138967115
37041,0.23158825383964526
91290,0.675615682542126
7967,0.0836229598429719
61699,0.24633153840594227
11430,0.9985049143658744
99907,0.19869072322886216
15587,0.8093966145135
17770,0.8207773201549722
51183,0.9514281857569193
10924,0.9502685029469904
5241,0.2585506431946737
79879,0.8098170844314933
57849,0.12599278656399565
10135,0.9120562161056104
28930,0.9243961682174613
84980,0.9959994990242436
35035,0.6139688968760104
1544,0.2878229376897807
57299,0.07682468256433014
53790,0.9184339803561181
27413,0.02038493818849685
38165,0.04097532915441545
48208,0.9010922887974087
56627,0.4699973173571982
65033,0.27371157271971147
62849,0.04541108136109015
53653,0.46426155824448834
49325,0.22040480830556136
72723,0.7024621572752892
90690,0.9845893683952027
106400,0.919147694724825
33103,0.1429522223882496
25088,0.9551734281624931
101515,0.5841955751743844
97145,0.7687949015008051
55520,0.47122330897974163
77374,0.10077100973761145
30393,0.04248111543839769
51247,0.8452687799945766
102444,0.3537921876937856
73823,0.7704217458595519
77961,0.9394559264249979
92334,0.47328822492276235
20875,0.14557436693165005
8968,0.5183108261070865
46253,0.12746310442158454
65138,0.9854078166769208
103803,0.8079590756664683
48240,0.2382847892412725
37216,0.6551830485567133
37070,0.9653289598934951
100791,0.9728854640535587
65296,0.9760551928290357
55217,0.2853025531130297
61439,0.39083303639422495
28910,0.3603855051457522
68977,0.5664817056592755
73799,0.7395177905401897
87205,0.250750303974981
24133,0.371839299397724
5545,0.889517936593073
54239,0.9409865044813945
58376,0.3477113707868559
102502,0.6419136068976569
4217,0.8830306209420529
24943,0.9986785355486346
76677,0.0900643614418179
30672,0.94192796691282
103813,0.8860743472467025
19301,0.7004485783930867
66545,0.8642212697695171
6418,0.24033207602081008
105393,0.7719965065518912
26256,0.7037368356149057
73036,0.23421192388562495
90905,0.9754810172760942
53703,0.00431937591667295
19896,0.7617475497705967
38549,0.9765563846273958
50747,0.42444642541251454
7384,0.9135457166630567
38634,0.6689350589461003
2243,0.7283214813217993
34358,0.2487896135961714
9905,0.09552240598650835
2600,0.47189085217794147
30934,0.6997926728161138
11956,0.9900714285474836
65971,0.1956595547072405
41054,0.9889285710753616
86656,0.6936554026978692
96579,0.6555958703637355
468,0.9932427299201179
95086,0.0596365166498146
36410,0.7465344437632225
61026,0.5135775303621324
49759,0.9023172230166816
18786,0.7824380076393828
81012,0.7517975741635115
19445,0.7089891260318876
50756,0.7927655965675161
85673,0.5477800738502141
66960,0.8551631673698128
31365,0.6637508000165744
37640,0.8014850214882724
101325,0.7423910372622046
104267,0.0536432789230451
64787,0.7292787967079883
54097,0.938078051516426
90089,0.8318511600377615
79611,0.35247890926613445
3872,0.10329747800484955
90845,0.5736728392283613
75838,0.15026442146210484
16157,0.7535389062667412
21349,0.3941646640173987
34130,0.09389894762556865
83045,0.8455846034058018
83033,0.3023422920811005
18190,0.32138975688364496
98007,0.055405549479972296
95308,0.9355200154748085
7197,0.7978787673925818
79403,0.06055178078576585
7653,0.23828162238302258
59611,0.9902240827345739
93070,0.17506628534574395
33837,0.9334286563433728
86990,0.9680791887915935
38486,0.1914853730760152
49647,0.737435049979713
49217,0.0996004287696915
89090,0.846667644741534
6634,0.8574930258975036
106711,0.60588384957615
98643,0.26613516274481946
64122,0.0740406205177234
95757,0.3408021161610237
52941,0.9871005984955248
73928,0.5659675753499597
96735,0.8127267977642176
76375,0.5364859033771988
26187,0.7449156500547737
61250,0.5934381948943468
101730,0.5767889199600829
96681,0.5332265644935981
81672,0.12955844415123174
941,0.16219102548618444
73571,0.38520892292286274
102835,0.1991839965048685
84015,0.6168760793190117
15822,0.88339555925853
26528,0.25789258994418673
34458,0.41988702496745856
22406,0.9393558702456966
77570,0.04489184047804255
60677,0.9768918633068674
16163,0.2711841961005327
58610,0.6810648691075273
87762,0.08998849532537265
48705,0.35416002587661716
78339,0.9666101357989931
27015,0.9814426827664504
63869,0.2232707314467051
32867,0.8774771989978672
18094,0.7744978192284742
31953,0.35019140064413423
3489,0.06165470876117825
8990,0.9371083663009196
89863,0.8863776715909046
18547,0.6574071944937319
75256,0.6369179442895565
93963,0.9833928497825017
71978,0.28896968417214736
30679,0.7244237764700097
102609,0.5883196176431887
83019,0.235553005864304
48135,0.1931408606010232
61409,0.7141787942676
58564,0.8360040785236973
3946,0.7017014014850512
106020,0.9259812035955741
3723,0.7644722203195556
22108,0.9661172982848021
4674,0.8864974111003366
4358,0.7123999164427239
31186,0.32560974515348245
136,0.9512596662656784
46915,0.9616603427491779
95526,0.2245703393704439
12145,0.4724679645853631
18631,0.0890515746922703
95178,0.5993868934066408
6569,0.18338008131094252
74472,0.5738158327039584
53618,0.16184898367259704
82117,0.27837323506088063
33139,0.9885338422936655
101127,0.6095033597527247
78109,0.20112133524945916
71560,0.3837018808107526
4873,0.6344774064986229
38063,0.29657303255381134
1060,0.3019313117673036
45447,0.9926291377557381
14151,0.0290013490586341
79580,0.04159697309022625
37219,0.36298135402500886
84736,0.25521720240741824
15780,0.8616104660634656
82921,0.2425617693742394
40348,0.8563919472895176
74895,0.3638504397253113
93609,0.07403036159302755
60230,0.7617715305049306
65745,0.31536667070342284
16278,0.145534858726509
66171,0.2119951467292662
76515,0.9411859236095037
87170,0.9122259105027191
104704,0.93084293682484
95572,0.47750612122881075
41881,0.8414127498325858
30757,0.7700261480156795
83846,0.5980375175205401
72285,0.969103680021216
29064,0.06700109128952975
5381,0.7704422385679248
83070,0.2181428727168842
7175,0.24415129655328655
49176,0.9749183317963934
51188,0.3443054091342739
60730,0.1628620287150595
89396,0.845408149573353
50581,0.1189142516536873
9406,0.4560457340077623
16599,0.1407613818689788
69783,0.9353046034781318
27796,0.3308711853789713
592,0.17719361431370995
18133,0.6531091504000381
105112,0.7271802186399124
51799,0.648214822510288
75583,0.4562184333448789
22160,0.7259948440536295
28229,0.35735479994517944
59965,0.9264832265572303
25798,0.5678707815020049
1799,0.5129924855278349
37007,0.33843357645186295
99962,0.16732599821398106
106489,0.8179948017328305
39063,0.43891997116321413
46435,0.31352682730424214
45589,0.7953033006356846
6956,0.6401765352533761
106021,0.8155723092110156
92285,0.400867002789013
40437,0.6586584625549139
7039,0.9133437307508461
94842,0.7946650574875376
105806,0.7051822865624477
19957,0.4404827857554917
91743,0.9754710221162759
71819,0.8088660254545974
71859,0.8505175731702873
77846,0.28491421772894576
75254,0.7576790927235826
86699,0.8871611649004087
41680,0.1315276257144808
40684,0.6333398489870525
102752,0.783432152321412
59996,0.4652932377516644
75002,0.6299221973300454
83944,0.5464630469084859
71542,0.09498529818975646
102795,0.5259506688706687
13533,0.8020357401086843
86443,0.6679862211737886
72601,0.0682191726119944
48252,0.7581295873529965
59918,0.8601407742159488
70105,0.9124560457001281
36420,0.25870468958474524
72545,0.7605168076894447
66628,0.11916604689156206
87076,0.2409681162783729
56017,0.13714489429779436
36830,0.8018946697722371
61259,0.355769204445103
106785,0.9597282512005849
102001,0.11526903862714359
41694,0.0881879067835162
59274,0.9320321704526677
69342,0.7116942309974926
52666,0.4340044260271392
78739,0.215439418845913
103615,0.1556254295940377
96522,0.20546799935507454
33713,0.9927450468380756
94194,0.8402661396112318
56624,0.9105478557173423
14026,0.17385791250193622
37800,0.26771310272133353
101163,0.7211167810885197
50282,0.8712462321542289
24359,0.9989795342824253
37213,0.46300135243849894
27574,0.19251801163744736
18777,0.179829532634806
32485,0.8511207126758236
95455,0.1972814479673152
56526,0.8632661911935846
9732,0.15341461254335303
63133,0.7771874839874571
6017,0.3072740920419402
56227,0.19701939551898104
81330,0.1139146514997348
14674,0.9843207295979602
83842,0.5645470193224006
59121,0.5461060315607693
4795,0.15668799071620546
8699,0.9905135493328506
62846,0.7154220954432429
3664,0.9478170272327089
79101,0.6296132389437884
97114,0.5096178340526889
61736,0.8556853291377831
71338,0.2340150359147781
75649,0.7343187325309899
47207,0.7951933542121501
69617,0.8492157758966996
92019,0.3049575633033808
33803,0.21595314691766304
102709,0.5583675492976664
60644,0.15844258172059444
35921,0.8201804783518531
53503,0.7618269942704279
39017,0.6100249461232926
21033,0.7309768951324093
7356,0.6047148132468253
63010,0.19676624128638076
105483,0.653702858043552
48414,0.3079119495700342
34491,0.09120972981030559
98515,0.305026556138518
44473,0.9005818941957346
16918,0.1518080897095113
5705,0.3865508158748413
50265,0.5749155063407537
69220,0.0977017502171347
54833,0.9701545104474572
28549,0.1820071056573796
106607,0.45806468850014465
82444,0.10092910423116265
61201,0.9911428169911889
33681,0.9659272791459608
10979,0.23798896918427204
17203,0.22778795080263634
75276,0.02378480584672195
46716,0.45061282080540116
27002,0.9629165675380018
875,0.4702340071989418
73244,0.8707599843196843
42973,0.936177267996939
87462,0.4282467209277496
79246,0.7595665159593097
80060,0.8047389286469367
83791,0.6513466565837904
95066,0.05325749881918855
65369,0.718284401223801
17234,0.9863015851434579
33597,0.506783236987646
57641,0.8590435280766331
79712,0.12318024848170431
90671,0.9341547102840672
68092,0.5879836323279399
87841,0.9896779972956612
26092,0.26345726441751693
19324,0.8865948823097084
64133,0.1697942679781946
64722,0.06097866558558675
67293,0.3957863627620879
13110,0.3311596508081682
15704,0.9910891671009869
90272,0.9952009809236084
16320,0.26908408322294086
51605,0.4180149572721034
57816,0.4576021900427046
10303,0.401441056653414
81915,0.24222120404981717
22954,0.5745663441693826
20905,0.18805844864095483
94219,0.9639501041806142
59383,0.13982801535349004
55882,0.20209894669990314
105848,0.7800103963179792
76012,0.3205606826898702
28343,0.06838297091187485
12621,0.20787606543200415
20544,0.9593516265277462
68058,0.7351793414692809
45481,0.48084601202380006
43866,0.9370946136050939
43638,0.773416322720129
78798,0.745463191578572
51931,0.2914750216785491
81788,0.45015294331922945
39806,0.864578557210252
104308,0.6709899276104992
23191,0.8192730754254871
58799,0.8670787085723762
74274,0.3240501233903667
97712,0.12020719739776514
62011,0.21617201979831202
97060,0.6512153533163014
6430,0.34189747122697844
42197,0.7140875627216459
33642,0.9099358085378666
34385,0.25820606153268433
56499,0.09347188024343865
103727,0.39206753664465566
22082,0.31957737312840434
5577,0.17202192726576326
18877,0.353492510852363
72302,0.8537035774822748
48798,0.701327692041529
95670,0.7585679679297305
12360,0.6981009248895118
99919,0.7841088482395522
57548,0.9465227847621355
8498,0.8889799841536088
55369,0.9182410678405467
64135,0.0554891275690194
96186,0.00813011911752145
88968,0.9906059066942272
16581,0.4977732954250341
69477,0.6764088510681111
60073,0.7191668951269434
78470,0.8172541685581634
73934,0.7232071388183917
48728,0.5160622294253892
12948,0.7441913853960991
35801,0.2650389553792139
11714,0.626303811835061
79286,0.9231297720813758
61682,0.2679371300971455
67216,0.577190451716379
28124,0.9848674688886132
47487,0.09379857937351795
89951,0.7062737080472373
39746,0.518147039197921
51772,0.04874629559813385
74373,0.11344108757013906
91542,0.0528822454368692
11693,0.4758325653169222
58395,0.9723549234937892
10213,0.5742134372455644
87308,0.5695693790465562
52212,0.8352952050496882
21565,0.8602926429492739
38272,0.9656684511304575
45624,0.13631262484684226
63049,0.34999768926985536
86283,0.9651071310412892
61244,0.7717684972449885
84701,0.6229457558560236
94243,0.9719942500808008
79039,0.07051472961047325
54726,0.1936378235061915
52867,0.0273879316689423
7832,0.7418457291016063
48004,0.5379994895142821
52691,0.7917835333865402
94319,0.9628158717190896
14013,0.461718668260495
66372,0.4604015012292127
22294,0.9975072646941091
14732,0.6243673915864816
105955,0.4734081162808581
57702,0.9873444629299017
89178,0.6573524001717509
31050,0.22256982673849757
40074,0.3936365101803743
23085,0.5396556693545941
8847,0.3631649369377875
43142,0.6713530035988619
24141,0.3883433237980627
75344,0.6073546018477685
44956,0.9319812541851559
100259,0.07002968090529615
15289,0.22656815828471677
40766,0.8425170778950315
75727,0.42747083132812164
16710,0.41064472413611713
3858,0.8139428196606924
51761,0.162009970728484
57803,0.6383829477815535
18436,0.2225500282832426
21616,0.5585197095778631
40997,0.162475438747151
72876,0.8921096062130915
98668,0.06932986229312374
17562,0.730746495866994
53942,0.8015514307002405
7798,0.9851638933880501
6728,0.15617381656409351
68182,0.7123307840655877
32206,0.9894285179674076
2446,0.9397765599806844
30812,0.45601388776327784
29775,0.18922716825629904
4146,0.23697127432539916
10519,0.5891744320970879
66933,0.6912582994622903
94981,0.8972478467751621
95320,0.03135570570614605
47430,0.9680013198998073
35069,0.10878863078719685
76488,0.0325566674331232
33904,0.9092921704443662
86619,0.9755452210059026
91955,0.5451156153750418
6389,0.0978696841249691
12914,0.6061277543465731
78123,0.0332855823615965
59570,0.7923224835296092
10892,0.8973490563086737
31139,0.5218255675629004
47002,0.6918708919957781
15376,0.4589567787266025
84669,0.049399972073568804
28204,0.462843918111266
49096,0.40180170159649836
95324,0.46958162728811226
46589,0.4417497483184545
16484,0.1070649266373973
92516,0.3746716699689028
88724,0.8714833350999197
65849,0.2341407094202607
51527,0.8896577880722318
60854,0.9737795405778501
11279,0.0186399990087741
67908,0.9608954656811616
82313,0.4036619090817918
79035,0.6159105214163662
91010,0.46193236351765654
27611,0.07433370005003595
7952,0.9155455704034213
19379,0.9071084351671918
66702,0.04767786379941005
2296,0.7291959818319247
28138,0.4149035107383835
551,0.36237215851936166
67795,0.36237012976825744
39137,0.4333608555312968
25040,0.8179215861897018
47656,0.5465443082750757
53154,0.5803817401848682
73026,0.0794161297264474
50163,0.7106219878278102
17664,0.769792831071209
81237,0.15191487767918485
43288,0.1660792044275315
101830,0.2728885648176075
68661,0.2077191001115338
100832,0.8695494389646283
4191,0.5761200222174545
62424,0.9340041533709957
40305,0.0141364340326635
54860,0.14514702427897855
92588,0.511258940044274
76669,0.9972142439573549
46395,0.2643195482056168
44253,0.2706570157552831
22443,0.43761241850340094
84100,0.9477230427718822
42951,0.5305468732489986
51210,0.499443189866428
18367,0.7780080943325101
12437,0.5104875626201482
57121,0.7419886100486199
5477,0.23616033588307944
81334,0.5609662224528259
102259,0.114069559645168
56973,0.29113134919491085
55634,0.13248520811064474
50796,0.27995157884021715
64854,0.874286096772104
17212,0.14306508596834805
95586,0.8081522618011521
96608,0.163336788876711
8178,0.8321540551807107
69463,0.7544272621006416
25843,0.9802610551174014
89879,0.47608418340947367
64458,0.3966263805625875
1825,0.01446950827524945
104937,0.40536252641211257
76514,0.3389830293522155
67638,0.2096161035194565
32550,0.0666144345188293
2594,0.19349295648052184
104050,0.7650116317539559
15063,0.5919873284551251
7750,0.3770672145207192
78835,0.8130615230115711
62313,0.050690113403649595
79534,0.2439393315797306
10735,0.3616536910791389
66647,0.8541381689500316
80698,0.9923870334700127
106237,0.7199379388504443
14230,0.7569562991633181
24699,0.7562111305264505
20670,0.7398891669319102
24398,0.9720294014612176
28813,0.6204258770242235
90926,0.42022961280442406
21442,0.040821923340968194
15503,0.9738520981091705
104158,0.9657121990718414
11944,0.44960948700811315
54953,0.058054756914241654
100285,0.6567684436006704
92129,0.9809394135338358
86569,0.8106362574770516
51849,0.33121139762101565
59984,0.9929486529658773
84169,0.5256135455136671
85915,0.23262143866356605
26350,0.8333601462133609
81869,0.4031664256885725
101771,0.5955538336353935
71107,0.8890335232164359
8127,0.5038806356678548
67433,0.29663759777256093
103885,0.8821377209772896
14634,0.5798446256582764
35211,0.2576632175699569
78895,0.9589368002513333
78807,0.9967499997152691
14540,0.43825154905665703
34698,0.70454531438534
103779,0.3615094501114487
9813,0.1545964074807439
7716,0.9781343966626872
70272,0.32650097771165015
98794,0.9937176676021933
5378,0.4123495043385581
75584,0.21132638235511758
65199,0.564129353960104
69468,0.40731449293845257
53908,0.19194495391103483
97132,0.7924189578790763
84136,0.8477332390549014
65196,0.655052532578146
101330,0.10004967034409809
45065,0.26644010775578886
101372,0.1281305295231024
40945,0.6377679299157292
36818,0.4553874213458239
16262,0.9822532240591422
71302,0.9085022567498342
56867,0.9731260562892086
31727,0.8298570827034072
22376,0.14168065686463518
93929,0.8399029821599321
18448,0.9951015613581409
29101,0.8968611190394896
76956,0.2869655938128145
52458,0.08654289082649724
42922,0.9168959773890479
16743,0.4787892943987666
29879,0.8691091353444276
54016,0.5483222550195871
44531,0.4618474751556182
3780,0.46580471217565567
18492,0.1120101027988113
43326,0.6348923816449776
97048,0.7282491898699786
102784,0.6732472497826829
78950,0.5289005803489386
69256,0.9177486797233906
71845,0.8724041897790988
23511,0.813050353738464
41984,0.42481962959794906
73207,0.336251351779511
100220,0.712807674391758
55424,0.7567746978567212
61058,0.33109406864304847
61570,0.34915943036840086
85636,0.9337186176226626
91625,0.5364491291786857
37965,0.8024142756413157
71595,0.8747564437720459
40247,0.793179499642432
84223,0.45082288087441036
104638,0.5259634402995703
70859,0.9092834247550401
12624,0.4263457265746416
100127,0.1153553107677056
54697,0.2145526727037659
36640,0.35668335066612455
63935,0.9778425110478148
62422,0.14647828238324034
19138,0.7552955161414494
98037,0.7339853637393645
80946,0.548415153113961
60171,0.1100245003594375
106524,0.984276475784334
53120,0.534373299945437
17020,0.4495635606203954
96643,0.06428634527091995
20516,0.809524387805836
53943,0.7461128950932427
12422,0.8715076113271635
99924,0.8965303733498333
84727,0.34720514869385305
105231,0.753875675781042
57263,0.8661587945105915
70353,0.6156995952345801
33980,0.8729970850220217
85067,0.5431464895345267
101473,0.1702084954921361
32806,0.361699104181762
22737,0.6990917851902836
33701,0.1627355280642283
26272,0.676205277932002
20245,0.14966793881961385
57009,0.2009190735375166
70177,0.6224708296297703
80949,0.9313280856399759
68868,0.39366915488805054
3463,0.31623996315401914
22480,0.5975382537940291
51061,0.208390456862259
42467,0.8355520753154724
22644,0.0634534737924301
77987,0.1358489325719118
38066,0.11238031879908705
74817,0.18622018426729176
33548,0.1206059192558872
55282,0.9536824104628034
68474,0.6368668064533802
28750,0.23065036810246892
100953,0.721085379671154
9783,0.01748500340964935
88666,0.5311315182844452
95892,0.9246987222513082
45165,0.1329801791893067
88759,0.6178792841201093
42942,0.5275992905167767
45155,0.6488027217472099
93405,0.5679950607525663
40672,0.26314550574904766
59171,0.987219990275541
65048,0.051702812829772404
96568,0.19898903947233826
55750,0.03760740415685975
94417,0.2507903239540136
98907,0.1600779042639667
26355,0.1282380865494766
75221,0.7151737934574185
81834,0.9944283467105387
70358,0.7973518021100781
60686,0.7504628675878922
16970,0.9552111477050622
105727,0.9566040760428292
27635,0.5554081162874722
22266,0.3242853501901486
72325,0.28186654213373735
73454,0.689708206906286
61216,0.9372163670714053
15107,0.5121985442519197
20351,0.8296927524569367
7447,0.5641193638459837
27058,0.0278363262310934
52745,0.21630835571274099
97367,0.8726849735935465
80966,0.3383823928602918
76862,0.561177177582969
101425,0.48144351400584534
41987,0.38885753705409676
41607,0.37477263367130076
24817,0.02746739455506375
18230,0.4195019079726662
24592,0.5660953659921488
26735,0.5635596955903242
335,0.9228880269794129
23192,0.34917968653997905
70543,0.9650330310582562
52914,0.8560746143747897
93275,0.4437057750056625
53299,0.825998036739449
73633,0.5241505807627913
6516,0.7434229013342146
62779,0.8482923601408641
37748,0.4917423521712776
32439,0.8685216489011569
26327,0.9525814177702249
72512,0.5427896372063119
34319,0.3864500062695135
71151,0.3855669267887454
75755,0.8191065552671275
95040,0.7899560104473067
14016,0.23045907542838379
64918,0.5539316269001632
54132,0.9269533743474803
15137,0.8333302217229483
16885,0.594795098030195
73850,0.8470569807154551
27701,0.7609949943262806
45458,0.4005648969303446
35206,0.606231835269079
4690,0.0925788705866944
48327,0.23659680299216615
13359,0.5759679504964751
74847,0.14088274402564135
58263,0.6615277072780168
83921,0.4303469076313069
78541,0.436645487584178
89353,0.02824046197852155
46859,0.8662114281211069
43017,0.9623002820266549
33143,0.582092724891166
44724,0.3514291409433097
98313,0.9540630962151474
18397,0.929529857833084
33628,0.7499677023983399
83851,0.9868247477399563
59975,0.8484513320992673
90976,0.20471497142529205
17729,0.8752371108754842
103091,0.7011812496273936
48359,0.17932603968428656
52136,0.48953318002076496
92597,0.4683984593130337
102907,0.9803681286688863
31101,0.4461977162334639
72001,0.5120469422487882
26604,0.9902471077810574
32653,0.15479159857204317
92403,0.9756901063553836
19371,0.3666900589227424
33679,0.06878989081845766
100430,0.7775163949814036
46581,0.25176735679324647
46918,0.11310245576925505
1939,0.7882265359757825
65741,0.3155094648649681
64268,0.9762850921827031
5722,0.20693491472251674
52128,0.49753626420441366
32782,0.9631474779474837
55399,0.5410471941579591
67305,0.3261750540407995
27575,0.9752142709926095
10174,0.7487966806430448
20288,0.6114888175193762
100583,0.7663746381436564
94644,0.7433086763586005
69259,0.7735606893965876
66508,0.6998356592769913
75933,0.25193396214261676
73087,0.4525228931459204
62772,0.25094773573248264
7082,0.47322833622359717
14313,0.3144056267386055
34351,0.9654179175415611
13661,0.32631988158766256
84983,0.48128731541698594
71650,0.15607810851535656
25289,0.1616489704066724
53203,0.8290094147970453
104021,0.958539259668323
45430,0.18991923886033366
13936,0.3803406990209721
36331,0.8971815350802177
69153,0.6071243019481403
28211,0.06947348272503155
14716,0.6688859340067284
102105,0.15369680537221395
14825,0.6925007477562475
73448,0.877501636433428
25227,0.12127709788726534
70935,0.5371319566597831
24046,0.15551972497946082
16283,0.911412070290841
31587,0.5986716705208404
21546,0.9466704284500613
79216,0.1562137981625589
59515,0.22383931533718798
21638,0.5078923671789713
106058,0.19296088739981035
83605,0.36000772313776513
36027,0.23508203548494783
97547,0.5111654467040974
35922,0.930808747577166
730,0.2575957978342762
91023,0.48273407666604995
41874,0.8238468020494556
63479,0.6258945363018087
53948,0.9843738251909109
612,0.5585521160090405
44842,0.9566805027634417
88286,0.4971674611616045
19006,0.7958202127624145
15792,0.3461601214026895
31289,0.5854197412233604
5520,0.7219132798060204
102071,0.9210480765900007
51757,0.9700527973988916
101502,0.6721140368819103
86153,0.034813635637520296
53017,0.8181973945314321
35422,0.594192925302919
47390,0.1785174304066165
6754,0.7384183671466925
15689,0.6634665575866507
60671,0.48072351995120477
91200,0.8644786996914928
52291,0.8861200791857851
64996,0.8377323139099313
105948,0.3772737188815882
9304,0.5181028062326083
80363,0.691751351758198
34303,0.9583547774598833
90897,0.8197814897765787
6223,0.39366585795023135
30391,0.5649130995058727
32600,0.25465133488325087
22314,0.937522277166745
46471,0.9174233821910914
62205,0.1426459032367069
9315,0.3897709457961407
88242,0.9448701492467018
16829,0.06949670033002635
10937,0.9357516535429002
75185,0.9567416779073007
2126,0.2933607837642864
66867,0.36549716214446976
27698,0.9721702039129422
69135,0.1037454427397186
28872,0.951281141307365
73182,0.5830832034448277
99186,0.14293857247444636
53803,0.9295241670254406
15957,0.0077329167984931495
13066,0.34887835151779595
59759,0.08079092624796111
78727,0.9971785605098151
87613,0.6796903336513258
97014,0.883685136910763
15607,0.18641150684918875
95372,0.40929918286829026
13583,0.1391818047591277
21859,0.0467811514673314
37066,0.08336384669221865
20559,0.10577933020954385
28407,0.6757414189503399
22575,0.18621816505593847
587,0.0253601716279014
34019,0.7302968369894426
44046,0.06616451104261765
88009,0.9508009989370592
28935,0.8899610422644676
8002,0.4311852424307608
89504,0.9572131396153871
41174,0.581809908835816
61524,0.27511952503391623
47615,0.8324987319074695
105017,0.24078137062668326
102282,0.5159698151574518
38116,0.2102494952423917
77889,0.5747211283935629
39771,0.27651486120720586
49032,0.44094994969944623
88482,0.9602240879652757
14111,0.9373894476523466
86854,0.24254518527555607
60957,0.614564344487609
39641,0.5561371280497488
42799,0.9067293479261724
12118,0.3101384406566752
51727,0.5657269387897667
15511,0.7938222402381795
98396,0.8996202853333979
82341,0.5559266331364006
59102,0.9910573356455123
9319,0.8564430056932635
76311,0.14322281075864354
88119,0.062886566913144
88687,0.41027392041886884
2030,0.6994659611883042
93612,0.0441883151972178
11548,0.9181694192876875
12642,0.7341677896759553
99898,0.14296638404225634
105337,0.5222580578472292
71373,0.8607507645119605
79240,0.48989030912829834
2341,0.16904247292969343
70902,0.5802236667682179
96103,0.6005683137452338
41700,0.6425777441078565
7147,0.8575724453028355
7007,0.7998824713921688
28257,0.48048282692197275
34787,0.12781461632578925
85535,0.8818720201610903
56441,0.2372971930107154
2699,0.3460327832430735
8631,0.995892074425209
84841,0.29186721679326194
39509,0.9528877123626708
43930,0.6965570948397907
47111,0.08702311016891255
49131,0.7886521355400055
90388,0.6891288021833089
94044,0.23147508928995675
9162,0.45208525452205806
82380,0.47280258175712353
9411,0.7725984780552764
98182,0.8328582189446154
90514,0.594777481690737
31378,0.9194538329914204
45250,0.3745193731155906
9598,0.34802731404324627
97221,0.7395904650967839
81497,0.9900070813272894
98919,0.1919716346525962
27463,0.33665561850614356
5343,0.8195118841873499
17970,0.29681139182399197
67267,0.8203670535688001
2920,0.6383494569270893
69177,0.2422785387093821
78678,0.19280736061442524
624,0.6915018662380605
93344,0.7894935215343479
46833,0.9608298888428997
6484,0.3126927274733533
34094,0.2385695988149283
68673,0.19415591748094674
102049,0.6274123835258445
78665,0.6938147279914477
30774,0.4174484424487146
71388,0.5272509706723962
18098,0.2477788729444504
61249,0.2667467268671523
37708,0.178997889841475
64796,0.3833684464654785
31522,0.2119396551374103
15285,0.30620767950489647
94412,0.14962356552422196
59543,0.7392108133428574
3384,0.939653173350169
37901,0.8192414662501026
4160,0.9561929818904312
92593,0.3003549437215516
36246,0.8795319707152984
95420,0.5979133376190491
100479,0.5695957452406453
79834,0.5325530946423802
50875,0.0675614211454162
87895,0.26854725221812425
30615,0.17263926187397305
59995,0.3737114944646375
96199,0.2288188920522143
13289,0.33687446333363497
29169,0.11937080481279722
36913,0.22730863273478794
25147,0.440783875379288
61781,0.5552911276612358
22565,0.4422458477723461
7300,0.01928199619300855
24634,0.7258000803966576
79365,0.18679489626234486
16978,0.2089791626522754
29800,0.6750710060566301
41469,0.312319486962252
77934,0.9535602459189553
69715,0.8630110588484966
2744,0.22095111752350527
18563,0.22369095960711832
96077,0.6001705719481281
23587,0.22923395981999867
10769,0.06837236180278955
75143,0.8492477711877456
38952,0.7666927395592174
92487,0.07890859462251709
92852,0.8816186058776952
33741,0.339321788259456
33902,0.9899211769303048
8387,0.6709916617050362
47210,0.4165554968346963
46410,0.4684432179587178
100548,0.2922227841531776
840,0.1452433703306938
16871,0.8702344678441307
69437,0.9393786847613081
80467,0.18852542935989736
39798,0.6630846584911321
1323,0.3006287543501682
106370,0.7469015356715283
41262,0.934751020842413
12529,0.16858183680599065
44727,0.8323377116805557
52761,0.8373752668369083
25451,0.6912593183860295
73342,0.10705060624755394
51204,0.39767953272590517
50219,0.950352642173625
19132,0.1117236151219376
49538,0.2824295136221671
53730,0.5705393397585141
83910,0.6790435791683087
29115,0.9931022038432352
41208,0.2132158504368758
45546,0.759453934748245
24811,0.4853405388991683
45037,0.3111625960771106
75843,0.4972083636714083
25941,0.22099769858713003
94261,0.9410268510473738
19173,0.5779067088186856
48509,0.7755393865049145
93072,0.29122909494625937
58237,0.24079850813459108
74013,0.7915702939851739
75227,0.44795774119694964
74340,0.16239515775573804
52427,0.7045652689754103
76151,0.36020753335729205
47316,0.04927874544119405
55460,0.5827251688503474
97175,0.6416606724187237
38989,0.9914914006467572
10205,0.26921316249367916
82051,0.3504829937874589
35157,0.04100094356629325
3684,0.24449953965265786
62742,0.047961968201024496
74496,0.0399322533154425
75673,0.9307068551850456
15522,0.9550066915567113
13945,0.42016162314702976
1132,0.3171589653612429
35054,0.8248667818297595
21891,0.4237421476562043
28508,0.8325316058207666
99815,0.7210342162569527
22532,0.11669792725635375
58976,0.31142624221681825
16774,0.5682848240827929
98786,0.7605975072814014
46517,0.1896707673490606
17633,0.23430951686636536
11745,0.01814848356345535
84784,0.5361268429944079
71139,0.13235274367910774
104770,0.9902856862036082
89719,0.7675476843277583
5742,0.6688978203329012
37390,0.5249298290789762
45416,0.38936495842688057
30994,0.7692860009021718
104066,0.7076780541022438
13560,0.9654630926353347
94239,0.8560724670684825
39032,0.617737809693568
95684,0.7516031538429924
64663,0.32263348533068076
42612,0.5565502040259906
69293,0.04448425179804455
100463,0.9549543185314924
104864,0.6994304895251983
79177,0.9698188775667111
69146,0.4127495885940305
51569,0.5157003120568768
35303,0.9853039346544523
38169,0.5232884282194691
26110,0.4048985976251158
66133,0.3587748670726105
3140,0.0872942529005175
29193,0.6978045238966526
66040,0.905716668621571
67577,0.19179426249242204
75311,0.1551833398941209
8345,0.9359980614395502
90116,0.8039954603119677
46161,0.918990481435671
84368,0.697827200668417
78423,0.41576544154814804
56887,0.9815640751041146
10505,0.1744146418634765
83449,0.16758402504732517
75064,0.11899629016619055
45316,0.8180240531978282
81514,0.8608431944837829
17823,0.2876872205518224
45536,0.1448877855534171
81655,0.7234946030510407
6158,0.9504228301778028
3300,0.21657286968403455
81142,0.3041980289659201
18928,0.1514221295836257
61741,0.9604681569226742
81049,0.167809929519239
45626,0.62171340915817
64241,0.29007557593208244
25516,0.7920060042411815
72170,0.1522930595189749
100821,0.7253962974277619
100960,0.9384826937095683
104637,0.8343860691076042
80263,0.8642630457095166
40346,0.20006497756505526
51405,0.4949689575967974
96165,0.2459716327539448
62043,0.29284665943674715
104120,0.4456457190177656
25968,0.8615162998461487
91802,0.8462856388385775
7133,0.3445062672391727
18262,0.3932206890539264
36397,0.12736541606306445
64608,0.11835343945474566
45205,0.2525222421093757
25746,0.944062923194614
2804,0.9213314854823891
10138,0.317062006489816
30962,0.29540642456192134
71016,0.5640946255637735
8465,0.4483442443895508
59750,0.6718335801195411
94078,0.8309935146247189
30547,0.30571369186789377
69169,0.611327115796996
48894,0.28975923430134815
64141,0.35057790217531215
33295,0.9009547705578715
55670,0.25384705319015627
13345,0.8659623789371438
99022,0.8247108311795175
55163,0.1582776495087523
71695,0.9816461234516608
37627,0.6952445714605981
36532,0.6760438433974979
38401,0.08413631365940841
65083,0.8617545266381186
98493,0.8616468464259812
23491,0.5737449968917709
47409,0.4715388433875065
73059,0.513592270129011
38282,0.3688033232617258
78331,0.5090307867381276
41343,0.3984873372637721
19089,0.24688252483453346
50730,0.09527009575945795
29709,0.0499998495412463
17481,0.4864685405823369
80830,0.24050556695126452
5293,0.5924804021908481
22072,0.45921068744355736
70083,0.28955118435009763
82737,0.5659628277327722
84345,0.9870577974636792
58697,0.8802074484600272
39276,0.1325833504578275
39945,0.9136437745715115
33739,0.37461223807389055
3954,0.2558786595482836
16658,0.2259044039598171
57750,0.509080868290568
20077,0.5590598185264002
86803,0.8137282404736322
2956,0.07372807390201824
72623,0.4842263122956737
16102,0.876074772971028
21732,0.8020413197452767
67154,0.09032071809924085
54507,0.8189113640785906
86594,0.46503876579742887
35692,0.26007258825830365
65734,0.8262315737376686
18208,0.5987532789040875
104960,0.409177433199751
98614,0.7635480920470747
12300,0.12158308387360614
77125,0.0504217829361866
104456,0.5149276245207679
19143,0.3367722958582275
42960,0.8692179783803865
29258,0.519722077017373
44894,0.17254689647178256
4672,0.9944245505035503
69189,0.7269453276580534
59597,0.09017281455106416
4210,0.7010186064985173
62642,0.30868613633505576
55902,0.9862399006258031
33596,0.03153416287573025
88952,0.7511860836486189
25537,0.5347802963951769
93630,0.9937857142720595
56945,0.12412281495362734
89831,0.6270396712740192
28455,0.5753931563548464
101881,0.3827122039079073
99064,0.7873840866830584
2793,0.9646385870392539
59290,0.9413067948556252
6529,0.5706543287707299
102926,0.6577333497911426
91793,0.47014526256048605
33522,0.9086063462418477
20955,0.7198037737182645
92720,0.7070584356167029
57316,0.2848728245087637
53863,0.9864285611078362
4669,0.9932142857142857
28736,0.6711846618617969
49200,0.2756458061666803
66982,0.18257842357660187
96637,0.4230514535941668
41900,0.8063209999847682
81511,0.565959753401377
88616,0.8188850893608993
9190,0.8249682072420129
34235,0.61312951137741
27646,0.7954005036381262
39697,0.7995186357578945
58532,0.8462941427387713
28966,0.9946428570061692
35518,0.28988948229908224
103877,0.45188147656346145
30623,0.8829799622504125
86938,0.23596221369675546
65653,0.19256664009086383
88180,0.8622433653375436
62795,0.6512102944991192
4105,0.07013172845443565
78024,0.9782956706989598
32038,0.2394829457126518
53792,0.2605926026831862
55852,0.47884546403888373
57315,0.23886542501949426
9790,0.8761687888662365
17167,0.8217113346380931
3719,0.7009893707106748
75499,0.18463264778527194
47165,0.7337427167136208
73307,0.06431923704543925
41648,0.9492163138523757
69039,0.29407691223411947
105121,0.6914994349218547
43914,0.14574412225700045
71009,0.20258549338247706
95183,0.8841094292495245
30480,0.3114684555872991
53988,0.5622483136907125
79258,0.37448327680169663
90968,0.5609164123143937
42384,0.8699565761086965
83707,0.5070238015651753
4101,0.24788250155507152
56912,0.9984970545573192
60741,0.24909734039523496
25120,0.30434548013725593
10721,0.9986958072962088
56580,0.8575702131547789
101869,0.6635817500048289
445,0.7649160953464494
20685,0.601046566108683
23309,0.9178769143911896
77783,0.6088762110546853
63074,0.2643520631677513
107081,0.4882975383214998
70761,0.005568580335676801
73498,0.9400796726349803
31250,0.5236440419378966
72200,0.971389579201724
51071,0.32390134573555035
40842,0.9050553134283823
54965,0.3428664553707768
42180,0.7741701336902351
57221,0.20623368792638935
45115,0.8921681899715863
87784,0.4733905751680497
83808,0.0420905199321331
21793,0.47283382673829566
99415,0.10999712001754591
81686,0.4559454378025659
98808,0.9420964069545101
48005,0.1332098756420902
59693,0.11776934826731485
22613,0.26373090831806256
10661,0.814346687804373
93545,0.8200796992303239
36781,0.02663160516413295
49972,0.67196148699543
100683,0.1479222463568844
79955,0.08629683276500605
83111,0.9728545838784246
14099,0.4829089944533047
85792,0.20265876985470696
27385,0.35705590496257494
33173,0.9870606957714239
75895,0.7843285816148958
84183,0.9837234257061591
37174,0.23305602987815688
89403,0.42483113682355067
57812,0.30766976863179674
3185,0.2948184780737856
39174,0.6415200320221814
69360,0.9332466054396067
22507,0.8166654154288605
81591,0.7023757923134673
102166,0.8374373271311009
34669,0.9848722946012385
82246,0.8675439252632724
5417,0.009321998016473099
45202,0.838790091007852
42806,0.9669901082593514
8407,0.7272213889167224
78372,0.1640985242997411
96394,0.3138635588352233
5368,0.7528282433525033
34576,0.9847926105974227
4612,0.7119122061902168
89532,0.3135930131314473
86314,0.6720882989185101
95227,0.6474169879195691
77002,0.18354141628574716
86850,0.6713195466946353
83431,0.8917298286022903
8573,0.0717448962448144
83053,0.8256402576978871
92077,0.5092632820076435
66619,0.7660071129830663
2864,0.8358789348100271
93017,0.5918259994241561
83756,0.20390327316518458
6958,0.7221480978845656
106099,0.397359065795893
92752,0.02158364664811005
26016,0.8575077803363411
9794,0.814880601336972
55053,0.5079074840718669
32697,0.9500465315152954
23931,0.6100707159603518
40261,0.8435877728854555
87744,0.1744608866556186
34747,0.96073869124525
91828,0.2394185071219438
60789,0.2727906109557883
38808,0.0035484603636729
18662,0.9927868406350987
6236,0.23078316270041135
19728,0.9670868168471045
91822,0.2982911553408286
81110,0.9828353368126344
47527,0.2374521857554604
90318,0.334226997355052
44876,0.15052503121460484
71809,0.5617289570971853
13625,0.0135625371532358
43644,0.32877018232039695
83971,0.8325549460455515
82581,0.8249977002000869
42259,0.10798692021782415
85536,0.6228498198960788
8810,0.9670707869376696
78459,0.871126490752812
33500,0.5789332222336079
4257,0.7933877805071119
93240,0.20366155440430883
18763,0.6683011714117574
11424,0.3003275897916605
12884,0.6205715774395514
59731,0.7867112434563857
22634,0.29037992343730656
62732,0.628366700202238
82430,0.3176319787898506
97227,0.48110455432677235
5764,0.3242582397209625
50370,0.5395256928365452
89427,0.0741170639051036
8497,0.24068453881497315
26922,0.8716665425470733
40011,0.1785662914725369
22981,0.22319158871965644
10271,0.3756625423332405
37880,0.9705335385711611
83457,0.763860533335166
29979,0.3243822965112875
22629,0.9202418217171173
90503,0.17698685570805484
15109,0.7348054050949501
86748,0.12308896437249611
17755,0.7383307584922971
93089,0.13669401856563715
4336,0.6386450657097742
54923,0.502101370043476
20668,0.048201357177190346
102335,0.9628134113618931
79895,0.15613369542293948
88203,0.08768406727322145
57553,0.39686919887379585
61759,0.0224548795822393
40449,0.46580091982699834
37942,0.9059687142171484
52407,0.5962544201866244
97596,0.23005685303818812
15372,0.07045989892854479
71980,0.5008682729559264
8007,0.9322548776070954
5142,0.7553252972123755
76923,0.48150961617301624
32475,0.04995397238438205
29178,0.8239798317773044
43300,0.9684321253136892
105217,0.9538836709749874
90316,0.236022906613694
48026,0.9729214205654095
27332,0.6802621253294675
105230,0.7710331021174348
97829,0.29673994799214826
99198,0.053121773836123154
53937,0.38657204720974775
44244,0.9994606568871542
95415,0.8129246372112543
83331,0.15260606066797325
83346,0.7244130062670655
82768,0.1959027791005976
34756,0.7116471023098963
26171,0.4443374351423838
50245,0.8444541033726292
42457,0.5353641028941316
50373,0.1575325777050796
28575,0.6955550551396016
91319,0.9133362566431745
68711,0.8342527803702866
25464,0.9013528748318724
101221,0.646011934370124
12830,0.9489941956690781
88138,0.13527273400010606
72978,0.9778661538250248
103836,0.0415500425013202
66988,0.5289443162772667
85081,0.1474568560017518
73508,0.04644825426619335
91178,0.8044844270828841
9724,0.36303818524518616
38974,0.39810063944946583
3592,0.5874038751107331
61440,0.20397796408565633
86583,0.40521164014305544
106458,0.3838767486347701
13015,0.3884208300681824
21510,0.0767555644118432
48484,0.8652347611440626
104183,0.4096521094380394
71906,0.7697863941967833
59569,0.20481841471694945
60361,0.6779536456265541
2057,0.16834527328020785
17177,0.99442399655283
62283,0.6806900464431362
52036,0.8656863961666139
7523,0.16911519732000557
33337,0.959992490578987
107091,0.988428120438271
63922,0.6493847418582264
54527,0.25612438495717277
52444,0.7306118920303813
20137,0.41380765654970275
38681,0.840304320912916
97847,0.484332213655989
84840,0.46167624811390534
55970,0.2664341927718152
41342,0.817886179158813
59140,0.9794640417643528
66421,0.39669651457620914
8148,0.42170217736889004
104694,0.47745922872248137
40263,0.1295487666900551
31403,0.9361334579342682
58366,0.928204763299133
13510,0.6794015699215791
10521,0.3572242056340639
62092,0.9517995020026591
4466,0.5686538213591782
55710,0.39916186484827987
62393,0.8864591295110784
29986,0.7272890600321955
41376,0.5625439815128734
49512,0.8461804497248148
74880,0.9937186023605915
100373,0.9825048077875046
88792,0.13334493894145735
102491,0.6597455213829213
42734,0.251667998625629
51057,0.10224702974301941
83560,0.9962855379459179
48485,0.41841791210705703
52786,0.6390265155489142
20893,0.5075748896600129
30127,0.9908928570864721
107087,0.9863198459005847
76504,0.17275991684635394
41143,0.07314289809216105
6901,0.7775186197912679
22673,0.2991352906070005
60889,0.1250509237128256
105169,0.982609819313352
95140,0.09090707187698946
63297,0.7305103779918971
106392,0.1198867297303555
88395,0.7668397024484215
102557,0.1176081479627285
23934,0.8493204549056592
82077,0.8604821227542951
11249,0.9812927869799049
49965,0.7964664281216531
73811,0.1661997915875495
48603,0.7251933841102896
45876,0.9028222884480632
48268,0.3880445111514932
79541,0.7348210270110576
58721,0.01860710468006565
16201,0.20955322590037706
97864,0.15489583824713898
89613,0.8679743371906106
42372,0.4619291877800954
38734,0.8288050816349585
37127,0.9695683787663263
54144,0.3454880145121037
91637,0.9401411111040594
47504,0.7095169321658021
21559,0.2438125178972344
10931,0.6811119495427733
93217,0.9154770521359827
21914,0.5016424376456596
10161,0.8682592067616728
103111,0.10341698840179639
79662,0.9960881344461581
105156,0.3961174362377705
85806,0.3145286320158516
44614,0.862113752760611
41219,0.31624240755639965
71606,0.1858926650383059
95894,0.85296299240799
80629,0.6698088074921291
23741,0.047692112368444145
87653,0.7836237171924954
51403,0.5903243058351384
87417,0.9111744356062126
100308,0.7957945525547055
35312,0.9320293436790663
25292,0.7391800526550457
74924,0.5867684865408409
32872,0.7418457069371951
30911,0.6437036811421029
101341,0.1448205922133109
104179,0.343409173385424
63203,0.047038532477603645
50326,0.7501052821016818
105499,0.9657296711445428
10766,0.7359582742497823
1285,0.8861914126129796
51132,0.500377985684372
6558,0.22548691924352382
37407,0.39793772846393144
37418,0.6808905289375882
27612,0.49029821762770986
54642,0.2371729709305081
66683,0.2725516067032903
11716,0.019046730181467852
55668,0.0491917771018161
105308,0.8687282525923885
17721,0.9700703804092622
15348,0.39352479616947156
84198,0.5330977793236107
87057,0.8499086047506761
43591,0.2306975903685216
82058,0.7707074212580325
103957,0.7503789709342503
71609,0.2246482805145142
71336,0.3057214777885011
3950,0.5673567253557736
95071,0.07536501250139124
7367,0.7019534812075541
67381,0.2006982110454239
94939,0.49630870116062875
27144,0.08793559546550081
65879,0.29124145219821684
28707,0.9984416645900365
103783,0.1326125069294411
1633,0.2551304371249381
3921,0.9959774049067458
59606,0.24715541941025282
56268,0.9812996938994498
52884,0.8401194223751449
534,0.7866224168920657
32921,0.2557373446865958
75744,0.6029218772370204
53067,0.7444861961464952
61464,0.9988315436561265
34755,0.36143948315137053
9339,0.7996720454722213
78018,0.167550794239046
46704,0.5930385045681539
47227,0.8328879591323941
49061,0.7208914035833994
34870,0.4150103605738763
8242,0.9106470949844243
93720,0.6026377803425715
100551,0.34821687210269764
9180,0.39096895796893383
76741,0.035732516210432747
4263,0.8197929081394391
24905,0.14182004403280335
5098,0.584854654478629
66297,0.28970066645465686
40786,0.7288215167960765
84270,0.6917768578420176
47703,0.7485120775935843
98906,0.6011997972556078
51148,0.0177178931625101
81097,0.9969886911690351
7699,0.2509422194487831
25472,0.7988392498499282
25664,0.29110605454321903
64195,0.21379597455851546
78344,0.9366814268350704
97718,0.3190049006768669
37288,0.13068288453448623
3645,0.43271961102689394
48948,0.5765838436897124
72958,0.9691313550014651
16042,0.9959285056132143
71646,0.11798769028052354
85711,0.5549744130198629
100769,0.11313203385856944
65382,0.44216683774879656
73602,0.9753178023397845
4202,0.2717307352162318
22149,0.9867595066018124
40010,0.8850400047236728
27650,0.8383553277255529
100452,0.8082319648289727
80137,0.3292066414852062
28510,0.18491928084832798
7165,0.33537078295296063
101807,0.3466687012159744
39464,0.0954155003280262
75805,0.25206616734526166
91920,0.3180063430390524
39745,0.7792079073574117
82288,0.5098320967215078
102738,0.659181655406526
45685,0.42581836400467654
41576,0.8595229758443048
62792,0.2258892554887462
55996,0.9652888008656304
47448,0.823292147747947
75224,0.07257030580730735
9998,0.6768327323279719
66460,0.1746002753683169
11277,0.0332002887512199
106840,0.5867782420706056
13405,0.21024798398477665
56969,0.3447665108073385
9838,0.3902215434354342
35955,0.6379760094200209
25532,0.32155441412478764
21441,0.8256428921499008
9503,0.9618838279908919
8880,0.6025242863142861
16314,0.9102491480868564
59726,0.41349388027517203
86100,0.35938789327963905
82970,0.44005680137844305
39111,0.05905228428414485
87080,0.7405701389933035
76817,0.7692278427832135
43078,0.33789011811772773
67620,0.2576634473493786
24319,0.2306884498481016
79643,0.12038930707990331
73709,0.2871427724221403
95459,0.9787487499468184
96430,0.5682602367455163
16801,0.9000483482596515
46047,0.9773399295173607
55978,0.02010395541866075
27843,0.8135302692276652
34122,0.05853345057627535
43576,0.6162620425822767
83429,0.26886954028304355
1778,0.25575541094839227
67745,0.9169822761966345
21855,0.392615195548047
61740,0.7241139186778569
103793,0.6646799955882718
15920,0.2071650287545937
67490,0.20854683140579505
15756,0.9651593363809599
916,0.0499952793916596
69333,0.8870801208575203
157,0.34703011073989154
56053,0.2072765071638504
96323,0.10614774358863655
35005,0.43982456437267126
12926,0.46135359037588336
42523,0.6570794083054914
78491,0.3250601179014243
36954,0.700152102437196
20095,0.45431233786762626
27457,0.9778146138153544
37067,0.19060115646018694
98125,0.8429328866408701
98454,0.8111123260081917
1655,0.090517232962185
53739,0.28956804427410177
37825,0.8910499115633232
77336,0.743030959852946
84582,0.4281347487171146
67061,0.14503230610764417
3584,0.21486076836695467
90723,0.6536250965277302
65421,0.8184206748160128
84127,0.36372544453114986
75622,0.32804542464700914
42404,0.5683978902916689
79522,0.8243105680692331
72976,0.9163673560689698
14077,0.665150367506739
93324,0.283886514378239
62303,0.7546126233254109
74728,0.20463730140476616
73053,0.7704968417165949
18672,0.6719028666515429
107162,0.6025881673966329
68611,0.49242536100496914
97984,0.5061600537896969
64440,0.7661770258459086
106360,0.8453042544244365
12252,0.556746318930923
68088,0.4833953930853312
59223,0.748945562510847
7341,0.2395278969567775
52311,0.8871844361075591
92580,0.034151567271962696
15850,0.41725327263508033
47112,0.5999141864700168
17840,0.5005211160971943
63433,0.3769151770214558
30976,0.2528918902784373
59214,0.5076449401729337
11767,0.141432332775413
2569,0.6711608098948422
34246,0.124434809852017
68725,0.7390158198942345
38118,0.9288198583296321
28619,0.7016114420184831
28721,0.5638223134994195
56811,0.21901895193921028
32609,0.5313759077687065
98733,0.8489984126299167
60450,0.9838744989039121
42416,0.5585374745122529
63694,0.02100572903095045
70553,0.0315259004195802
22850,0.8840026200234488
48756,0.44254867949895627
57246,0.1028189653571213
104854,0.31422925967050264
100932,0.971591023451563
1125,0.21081573017649824
39762,0.7363018596391746
52919,0.7464584242268482
29817,0.44429759614525666
101696,0.7750877927274251
5808,0.1767805673867317
67597,0.5792051464175612
104055,0.9872133433102448
46600,0.2650872387869698
97440,0.39616461178274925
58768,0.668895451504347
35074,0.1882962061349234
99450,0.5433942643903518
68486,0.31002182683030066
33665,0.47531116160057363
52918,0.964165683061468
90284,0.1562824995101708
101159,0.1085059758815298
135,0.9807363819341721
38045,0.5096507062871769
56648,0.07892670913890615
36159,0.06326849171881285
64225,0.2762746901267339
92833,0.17391971191992975
4591,0.9387357450213525
33095,0.7672721781682582
83857,0.7163162357568458
103262,0.697217552615548
96494,0.8420871393332592
28081,0.5189303521179691
56014,0.3973546683832684
68780,0.6845910501170329
61532,0.8927173169503229
72605,0.13182719379313884
69316,0.950284137282507
93904,0.8954359615020901
2934,0.9219831482961589
1878,0.798839510036892
85705,0.44588078457315766
91577,0.6593386996314832
7250,0.7729692696960698
48804,0.788616904115798
95013,0.9887585355367157
50457,0.19057933407961797
46414,0.7038520939711361
3284,0.9863866242661101
71376,0.7207648220842072
44493,0.045967028349783445
81588,0.0450820268646296
8994,0.5165468871427342
17124,0.7037555244983524
55422,0.426341674178323
11562,0.7701777798260682
12086,0.9006513347183009
80526,0.2302820702394822
40115,0.491701218956078
102586,0.6454075408970723
53343,0.13005383162179618
70382,0.013869462950266701
22615,0.7124433085334607
42924,0.4735992949883465
86601,0.12951743719909609
40393,0.9881785713849832
102281,0.8426641535951768
44481,0.016946365930030002
101276,0.9893534732994178
23296,0.9795369060608935
17649,0.316647821750645
67509,0.9672163267348823
32363,0.15632959508019129
89440,0.9960917180035425
91099,0.9461356526487303
80637,0.14479929494121305
85526,0.9924206243642828
82456,0.28400455017347537
84242,0.26451535363459133
16361,0.30316097087659316
102119,0.7331573676860139
68479,0.9645649773870779
67209,0.9997119332999675
18542,0.36260013915759537
92854,0.9031813592327662
93243,0.3446566624291032
91451,0.30305076149047544
5295,0.08029641627621681
60797,0.6062163402170949
38001,0.9881523301976503
94119,0.6212271715239194
57684,0.933328029635481
73427,0.8158229289143459
65312,0.43661592760343026
79589,0.23018542661277852
56257,0.34498599648754225
103145,0.13498002874557918
56980,0.1137144465323733
15829,0.7506560164402238
6905,0.0636598157971735
57594,0.36859354969424823
63118,0.6356924980235124
10383,0.8818342056739945
50890,0.3207475057648166
73451,0.9764519050035668
75946,0.9885175344523044
15132,0.7574674720904129
10636,0.830567437931309
70920,0.989371672256582
29213,0.2752720353480434
92386,0.2933647891219573
76339,0.2810377435080601
76246,0.3764172093275783
99785,0.07926182081430624
89465,0.9710655884068712
55918,0.9387484416736547
45899,0.129063132469875
39400,0.364793245425745
17310,0.9209968490485066
31284,0.9367538043865073
55262,0.3232696751587709
40292,0.25315046834558486
10063,0.086805622115925
96989,0.3667195957061212
69908,0.0257494334976962
27525,0.6824576135358486
23382,0.5759296806008279
22213,0.1537078069029117
75722,0.4118776154261257
100231,0.44419582720020545
43606,0.35539113841924247
697,0.7578626831882841
18823,0.9541368472593514
94353,0.6407639304983161
14417,0.4688028428331621
87023,0.7922488404079948
20149,0.1383399195804584
42557,0.498102210525311
68970,0.9216837819193868
63926,0.7314727422095549
88152,0.0414719329970521
12998,0.1558250980500426
57911,0.9213974088482147
94631,0.9817077412329775
14833,0.6604087998985186
69160,0.33232701342492144
26277,0.4912824025963185
10398,0.7314543311934287
106582,0.9284947369987016
51161,0.726479953701137
11660,0.0301000140798433
84105,0.5026626204506562
44266,0.7897351706754827
20714,0.35653157054028495
40284,0.6556238966762742
29765,0.6144723413650819
21739,0.4639262667532069
57896,0.7335782610461727
98889,0.949341006678958
21034,0.0788953810805338
93075,0.0228988583384499
39388,0.4016151430735446
34445,0.1900916224272755
89148,0.14948471546944708
100822,0.975319716478857
87616,0.9730785865266856
43267,0.5096394432407823
77726,0.6233486164714415
74819,0.510421218233708
34091,0.1046636615166315
36160,0.9826934702985428
16567,0.6551470860124655
36427,0.9778676583256811
89343,0.8574617569234289
5236,0.6880793405458052
19656,0.7360713128554275
17120,0.15477901049026754
78119,0.908040242665791
67326,0.3351472266504024
56988,0.0096180195213997
42774,0.2674087192342181
4252,0.41221006063841265
45036,0.4429534102060759
93503,0.26539724993561936
36503,0.9545114482297246
6668,0.8738752023129008
56927,0.5228808744157369
91031,0.0403434084110432
38040,0.13506098848557546
8788,0.3724659330367087
44341,0.9649021801796119
30446,0.6067219544162877
22399,0.4656322677133856
19626,0.6103504793484054
57714,0.7510958787306095
106679,0.5520697612590373
101317,0.4439458503171162
11638,0.3606265923290004
80259,0.25566121531279873
43094,0.8740186824994826
97482,0.8250298757442585
97261,0.9732928573817926
56527,0.5877257700169316
66716,0.06562381121531476
75174,0.5864133826608622
80517,0.0819853768582455
96147,0.9134019446639788
73544,0.13306065022048286
101381,0.9357692461382896
5786,0.0250032952826946
11843,0.4895279468856032
13605,0.8586733121161827
15923,0.6232913177709486
78457,0.10796269567504096
89640,0.43140349376980486
61076,0.3803129434050062
65399,0.7251578410794564
21070,0.1648729369068204
13288,0.6684522897105074
92767,0.3505972696876516
88463,0.22270117557507063
5771,0.34843404063269695
52482,0.25113601582570133
52211,0.0289013182892324
35699,0.32278028603917264
82819,0.6486335052581136
58323,0.7442535277883786
79455,0.6823167860868355
101021,0.10410276362106649
101900,0.30253464795628665
100855,0.0801737219084334
48913,0.2893013027897128
8422,0.2366242298306081
21591,0.4013186129520381
68410,0.877594154518143
82562,0.5491734389951174
20162,0.9482035127457595
35733,0.9895384469478525
83896,0.1606380686030939
79445,0.8221870242954036
87804,0.0784892729058263
17189,0.02503631200108785
23028,0.16942014168747377
14654,0.5168193636665162
43912,0.841505955038051
105665,0.3356890043277385
81324,0.7493379291162057
37554,0.1677389865541346
65714,0.08513381917471474
80642,0.6605230514003186
24924,0.9951779388379677
104113,0.4844137106247445
97902,0.5317204366907057
32324,0.044150447616508603
46628,0.2613772639820757
22477,0.048221349593808346
26253,0.1199162864334055
59764,0.0124120140905856
74929,0.6533267736978352
62838,0.8136719135466366
41245,0.8943091372700109
106914,0.12817640094430954
38662,0.9634920569169774
83189,0.2550857113029996
77736,0.29775444170958754
60421,0.8944460249331083
12258,0.5779331335029405
47169,0.8874685634701163
56070,0.032121258924268994
99194,0.49468248754789235
104296,0.2560762764243881
90967,0.8130804739134221
50117,0.5548801965707787
4203,0.28294680611730044
44757,0.7716085531157927
78023,0.9741905203659393
100320,0.09498985568926954
40426,0.36035493050426215
40344,0.7420657432959044
20063,0.4109836963832114
94130,0.7639177680934353
34724,0.1708716963041465
100774,0.11825470300966245
2965,0.5320376215287757
71324,0.8250615767440059
46590,0.26190099700476976
17034,0.4548724815353892
14757,0.24942928958112515
72404,0.5840092505323625
26576,0.7194225569346948
17312,0.07541600225612144
95378,0.7648500603613239
77843,0.7655044512852229
88236,0.0659714699260926
15364,0.34010094522259227
104748,0.8519502656727627
20900,0.15755105694425633
93581,0.9392584956609902
71,0.9504548573978084
80931,0.6659635910862098
40609,0.8755879829725204
93206,0.26054541668508857
94585,0.6172947260668571
41345,0.8029746784925929
93711,0.9204677791277297
3892,0.2027577714564826
29616,0.9809401563248519
39536,0.24487620995003265
9635,0.6650668152498878
26716,0.2141787391871308
96815,0.5099333573357382
37465,0.16351333203358603
64776,0.46446621360514556
55191,0.7103659514199192
49384,0.5233430605533684
98150,0.8278150534502147
5983,0.9614090095767678
55979,0.12086581344795726
54609,0.2419327991881034
32907,0.5627134865767862
90159,0.9311011126707479
81811,0.25896472634103396
7903,0.16219986051290214
82655,0.3389028965415182
28323,0.7943160701415793
100157,0.35019828974468975
14820,0.2654469481100526
68270,0.6534925613569136
29311,0.5220920874009527
24196,0.34152878975549883
38767,0.9850714120224009
5309,0.1935912019894424
24604,0.8726882481131959
15359,0.6151251222659613
25016,0.2844165136062088
34009,0.8096154214616773
59027,0.8891673806643624
31696,0.7154868563879205
69253,0.8916908443116086
74784,0.0110389614855874
77584,0.7674221219875765
16787,0.1035551861554259
42800,0.02693800018069935
86632,0.5724340107758512
3360,0.17359638321255078
74757,0.40334248957688196
105540,0.6155600156638785
59718,0.497420631798256
1718,0.853048835606432
31278,0.9976512366166258
21179,0.496869015783994
90986,0.8510443495293907
47055,0.3314372625429872
100970,0.8271116420581475
88689,0.39775796111395323
25021,0.5866841370674972
42462,0.6407438555038735
47329,0.5223408379668248
5460,0.9517903979070395
21478,0.6767187130703431
21844,0.7102388343456497
77282,0.34665354291976663
66671,0.9984970173521005
56501,0.963704350666272
60408,0.5977647183093512
37442,0.7691192257947423
65504,0.6686852075110761
94680,0.46303291269084024
25638,0.7506433772380745
26857,0.20076641938108888
30161,0.6318718943434287
19249,0.6892924713471658
19272,0.9389679352413147
101223,0.48853273207999515
25996,0.04170926375306365
74216,0.4110480316954189
7180,0.49859711032632886
68770,0.8125167517787214
6169,0.9967185364356631
78728,0.19046711736168703
8912,0.3301512692422037
44692,0.6195738117130373
5796,0.0912370279562871
96444,0.5640670768002268
22025,0.22726609482485788
67542,0.9853892509118256
39829,0.9210385295750965
63480,0.3250466611236501
24746,0.5225684597071489
8869,0.9979642030245952
28270,0.7031865053425352
17620,0.49174175262522357
63764,0.3153280914468066
63645,0.06618863351766245
94642,0.7659820632018275
76334,0.1262778199531566
75870,0.0751314970960956
34423,0.3189520451947244
39206,0.6003859111497087
52695,0.6428127082428653
44667,0.7189524945007131
93087,0.6518944536709312
82078,0.22196910781107135
38856,0.5708140086468221
44589,0.9183346763998155
54968,0.3275056436386633
53493,0.18234823237986764
94457,0.29358619331891006
20758,0.8212686046916817
76530,0.38579622441440853
97913,0.7593106509244207
107013,0.1059893799783135
82356,0.2811605837592222
21399,0.9541451575515358
58494,0.5678974625257653
37976,0.25609558653670517
61479,0.5258618737971248
2431,0.8342349208672062
62209,0.5032719953032327
15426,0.18937901483318975
94139,0.584914124329283
13017,0.9918920386425458
82215,0.9781173382695242
56462,0.0231865971011029
33241,0.18260151602091723
47577,0.31167299938107995
82529,0.6993217179565545
51906,0.6297385893167402
90797,0.5476058368957801
98464,0.7463804161288092
38836,0.9992499985422072
82556,0.0214253777378655
54209,0.9875439371734385
71204,0.8955414977185409
89986,0.9942225086996356
9441,0.003341167472341
2382,0.5889567108269834
97624,0.8668861848253264
64522,0.0725852315012388
62720,0.3971805851541774
63260,0.9265278601575032
46366,0.44696201040389205
20018,0.896639766730399
95759,0.8909504712822424
41475,0.904769513663594
22357,0.9336196224195046
27428,0.7010915677419558
27990,0.10855238211774204
54772,0.9559250459617685
24712,0.39083894662874086
7205,0.3550740737613868
12194,0.7447388498394865
100588,0.4484739739895784
66999,0.9351315889976244
47513,0.26031773048198004
103881,0.38529203812303536
92995,0.9267752708072934
63769,0.989150604912276
36527,0.06337540121158035
93808,0.32975335456370036
13250,0.9637807848144472
74570,0.46842523252396606
76458,0.9285547525902638
79467,0.35660160431044086
60931,0.934177074123299
28392,0.5492295228677724
2066,0.4818144803207117
82596,0.7810914278499116
92902,0.8403750049445808
79623,0.8038972858738713
76197,0.675107071255038
62060,0.5267881409144283
19675,0.7691823556116384
85056,0.9725793271612924
76790,0.7393866762813239
89036,0.7703873162923902
105060,0.7310051287587209
87598,0.6032965462355515
8811,0.38082910862150754
65186,0.9309740963853612
96504,0.16449445750287284
51370,0.4871640033345695
20954,0.29485805020690736
14384,0.6003867532456806
75075,0.9852931624545436
105486,0.6639457666246202
58219,0.5463923274647758
90856,0.8850523303285864
38246,0.49269701065255467
13794,0.14688091909369316
45460,0.2423556101147635
38350,0.969535691423056
51286,0.44078359139842044
69129,0.0761209324031571
62307,0.9123804097425069
25937,0.8529808693522705
96685,0.5106135991503655
88296,0.3786651535696043
23100,0.7487386918664185
63373,0.8988127942286841
30548,0.32126562805411063
57481,0.7715552088481311
75015,0.7945023263288653
28009,0.19412557328221258
65271,0.6616879576320043
30923,0.7843266387757586
38234,0.2259671661183089
98658,0.27593743173576346
36138,0.36880185677578314
71234,0.6761982936942401
36834,0.33405001924736033
18327,0.14250065157910785
73897,0.7161559841538563
98523,0.807791094678313
44093,0.4921093330125572
78230,0.4302753454277487
29537,0.8995868963245384
96994,0.460622873161032
61463,0.25568566952716554
47503,0.8897722922162918
84628,0.05794397825684685
33697,0.23561827712649236
7664,0.9553974334674222
102577,0.8768398143340712
57598,0.49538834885480665
101337,0.4319979228456916
44242,0.9249907160201153
40509,0.9446117412507419
106230,0.6867698299250302
94979,0.81442018676085
39277,0.9136013368289606
1103,0.2056232266005748
52694,0.09070832558728215
98301,0.7101186177493506
45047,0.3815898578205207
92421,0.38893836702765583
63527,0.9967857142856896
99354,0.7928433304655225
24653,0.02676267766533835
3650,0.9520718990616404
92368,0.8664818242631489
31691,0.03056036751888495
99264,0.9604152821938656
70625,0.8834332681892654
59442,0.2596037811726121
36904,0.9927874944280646
76594,0.31341161328091655
51094,0.3329884020063687
54796,0.3606065664479571
16359,0.9301707411381501
43475,0.5919178541219523
14904,0.7713871974721497
18225,0.5382615122379566
21746,0.984947195041906
91365,0.2491305646492462
49509,0.8861063779101953
6862,0.9135694633049998
32973,0.6788334418009008
31736,0.5604799163873211
70198,0.5071217088679189
96185,0.08022880157926085
68163,0.8322376027750404
62480,0.7987067489857027
9796,0.8544073585457328
58856,0.6757777938683504
98594,0.6940401634878686
48215,0.9088819551792097
41876,0.8195351653098208
55372,0.6093742021912528
53819,0.43207071318976464
40964,0.28134347000871107
39785,0.9553318241007176
84252,0.4499148753736494
24881,0.5530401435159948
59551,0.8896627679475164
94934,0.9930758100413515
73316,0.2636078364169788
38688,0.5948110717896985
84428,0.9927925786136769
24959,0.0862485511835334
52262,0.1925836537047138
7973,0.9627022043589032
4535,0.8346536058012466
57248,0.5789902135984017
51268,0.43655251737292555
35606,0.23378358578066055
24109,0.6769600173455492
38380,0.10633605156391127
21466,0.9047898171592916
46404,0.15711104012109414
7629,0.3305949109496539
104026,0.9589771365176647
98556,0.28344102372552016
13492,0.0754752843358166
70499,0.9899589744242994
19664,0.8142272445373098
17732,0.5809785227399988
57639,0.5536669219846224
23925,0.9033282644539373
67036,0.17983480675429864
63907,0.32568156406659654
47528,0.7472115346316981
56591,0.5170786355448111
90598,0.16452361637178975
23272,0.0533047849552359
105984,0.9593600878434048
39878,0.45665863749475155
90430,0.33798442167406734
25496,0.0818901304584216
54257,0.029299000151526047
73962,0.9748933373287714
55229,0.9402015438438266
92703,0.9790294362644059
88087,0.4029700779173485
66877,0.26469369053795977
40634,0.622873206958136
44284,0.6945668460490275
60860,0.3933281940945881
51419,0.9605585671601922
7202,0.5628535632815099
31373,0.9720340517526909
19159,0.5145090567428893
56830,0.34587051222119675
4651,0.989680737516478
32591,0.1944010493034657
66858,0.7172582908579626
104887,0.3888057621817451
21724,0.7441449464972363
2300,0.22449848005992004
87101,0.6060534763594786
63342,0.9464508023114542
60131,0.0654163376440599
41712,0.9646454630166961
67422,0.33696470112562965
41436,0.2850486966238446
96764,0.24156078150522226
22425,0.06023354369112735
14074,0.6051939635478989
40157,0.898291953425002
79972,0.5223219859019719
73049,0.3592179707981584
21087,0.895208206078016
15123,0.9861125364916942
62453,0.9674486324465267
11463,0.740125958989716
20470,0.25612919520508426
14846,0.9936831692755398
84401,0.1537477051375028
55485,0.0965126868009628
58853,0.3492098100926983
76432,0.2493282698461317
11042,0.38933870814301114
21945,0.5604449466136789
66300,0.9828051011066222
99439,0.4333671541406471
103587,0.7203275673207812
25155,0.7000098813938618
55318,0.7691083087533483
552,0.1784161652106882
13676,0.9103100542299236
8550,0.6736251857871529
69830,0.9835823214936775
17051,0.29861853931751436
67049,0.7137024923152095
17302,0.9390839715977464
60304,0.9139330666489913
37252,0.18816679200338746
68955,0.7056512207437045
22759,0.19094910194820391
101744,0.7108945632947874
88006,0.167072246488733
84681,0.8492339282913127
40573,0.9415799709362636
38144,0.5999751819719708
99086,0.9688332921357142
62729,0.995369081718005
43599,0.2227756243336349
43628,0.1736816183800387
4299,0.5538833838947791
57146,0.824631195272881
104464,0.11397723956501535
17001,0.6295466738328039
50131,0.6485443442057253
20091,0.33975486980001934
40732,0.7207753725473984
52880,0.29823245089857675
60414,0.711657961435155
104612,0.08995789643631405
46476,0.024931547581698348
100335,0.43934234683868334
66799,0.113563488936538
56503,0.9024357281462765
31616,0.7652875495787212
10889,0.9145600845558732
88749,0.29633862214238255
8157,0.9373549010879341
51234,0.249531548919596
452,0.30092757701595096
102601,0.5276491957665033
58299,0.5800873858050093
71493,0.28075782971660623
28453,0.4976557672474475
86185,0.92130369201655
77641,0.2576994877814235
83232,0.794031744393793
6003,0.49426451204632144
30076,0.6102845531170855
100000,0.8901520608989627
65002,0.5145069439716177
105207,0.06958338421126364
36824,0.5957134444321951
1634,0.83712718143896
105978,0.11838356400854115
60831,0.8301626289578262
31530,0.9033670556189219
8745,0.9833488013888139
52151,0.2492238860497857
23481,0.7879088600882775
100706,0.113744296193071
31785,0.4639868651463746
73638,0.7877443263253857
30514,0.36261419809608475
95942,0.917942579829927
101397,0.1453111269137267
29352,0.706323635448856
78898,0.5466796541775288
72271,0.8382091368573501
21124,0.9586812796267097
73922,0.6156495304882867
17687,0.5552612844585738
20103,0.5873382832048774
42805,0.2954664694866873
70994,0.8020308474607768
35768,0.7883516176547072
94034,0.22351363056048335
22971,0.08858023751756719
72373,0.668309055729561
105008,0.526815993421242
64388,0.9251671280234617
27709,0.5700612698405292
63655,0.9951022146182826
62981,0.5970871686664292
57133,0.6219997381585631
80257,0.9110527940231632
52226,0.9506578952977436
30023,0.6660619996306291
60731,0.9152741377753502
105408,0.7691159682857265
37988,0.23631072218681384
12743,0.9228882764561076
104293,0.7670797651008571
86318,0.9375353651778073
13853,0.9338971673060597
71228,0.754989986972517
61309,0.7561853106647827
2561,0.7600509884292266
88497,0.8316691621962938
47812,0.5183754261953553
49097,0.944070885743097
56769,0.8169173663228477
1636,0.4206060222710124
43807,0.0846884613510315
71529,0.0419674696613437
17792,0.9757495550947632
29051,0.9627954010208013
16886,0.7285101980757325
93546,0.08150116598014435
100085,0.5611439437522392
57120,0.21460965976356505
9226,0.14373375814742634
40121,0.35900849184445094
39123,0.9854976096139301
5065,0.4491093168449328
39749,0.9870888865331717
44240,0.7931877985322313
15753,0.9304095705513886
102695,0.3610800049402425
96922,0.09397736231870585
84376,0.9038902954830639
6971,0.7512012758533119
69532,0.8655823289489024
21552,0.7231024698843416
96626,0.4228840946233373
68507,0.15955061188747086
91522,0.8093452880863843
58877,0.2860429632328604
12209,0.9840979098686082
14153,0.9629999521715342
87985,0.8986458066635403
12308,0.9431469057177717
80234,0.2926167758392816
89301,0.9629522223461577
31424,0.7169129622515629
75706,0.8071965032150659
17126,0.7807009023389345
48742,0.9251698876081784
91497,0.7091085383363445
68297,0.5819087427501727
95310,0.9987688734647853
26060,0.14767790156445515
70451,0.47383899139402286
798,0.7881494322606848
93850,0.0190019183166045
25018,0.20780352100862937
22400,0.9712176234963685
22174,0.46415464272390594
13391,0.6551084825800865
54791,0.9484297773523502
2642,0.0186851016991629
67213,0.9687887868400712
27889,0.13682824409745556
87372,0.9654803457451149
100776,0.6985238908945293
39723,0.19479282429566785
103809,0.4515983895608233
51725,0.8815715960719216
67129,0.5843741601705452
87060,0.6668047723310189
96530,0.4630262634250848
40302,0.9491528150567874
24038,0.25628599390563456
34258,0.3692172813803045
106629,0.9967501717925461
15543,0.01393165803702795
87383,0.14213810270825994
1015,0.5500920731228753
97485,0.7933622843278516
67644,0.48080202007907447
66203,0.86023230165288
84154,0.965464953724107
24414,0.0047563069882538495
56141,0.17153698336075754
75383,0.5622093510700239
53768,0.2653993165072131
28929,0.6901753548054567
23852,0.0829207318648228
1297,0.34068445879099063
73347,0.24350181435100865
52950,0.19541923371920744
10811,0.114314905735147
58896,0.9884285713608926
68070,0.6939871962899469
64562,0.03474026978054525
102229,0.4626993316644645
100812,0.5773112304724908
49250,0.8326050764960606
13035,0.7329538149839063
45861,0.5457426753856831
43825,0.33416252667882884
79567,0.3707915411609797
21486,0.4351292487667602
3324,0.15652676850068215
107164,0.3297807974832679
26780,0.7215325262585777
77676,0.30407522258713915
56804,0.9635800071489028
77658,0.1819475655211944
73143,0.8347711642125137
96275,0.25513711908019454
41414,0.29526445182539524
48807,0.9798008689544178
69427,0.8149674476609946
139,0.5502469811068995
37206,0.5325927921874147
30436,0.9583791499508885
17017,0.07622558653448165
23718,0.2468457722685671
55378,0.5281306539169915
4892,0.01193962158474965
16589,0.11949527704873725
18204,0.1047606561488751
8205,0.25555872908036714
56744,0.5669719061382643
8053,0.0969591607097047
85850,0.307476292385242
17765,0.8851614844126837
65323,0.8950622788021345
38352,0.9599208233815333
22841,0.5775773878161361
79699,0.9799743581521356
14831,0.3314496017955084
28240,0.3665237177918983
12536,0.921089637781382
44152,0.591287452434204
66864,0.44230773993957706
49004,0.9106313612834879
105381,0.9809255285126078
85548,0.877601478522854
36613,0.9789285662698866
86481,0.7147644204046929
10075,0.3554196954368509
54197,0.7567821934797353
70970,0.39447756507927834
55435,0.5285361003276278
83324,0.2662503341951957
66816,0.4753378154213035
48267,0.4561568670700411
36636,0.9330285970342891
72138,0.7909609055785782
57278,0.31787763660656077
71659,0.4266451680681097
102210,0.8136115067920663
39170,0.4966440933951639
10423,0.8033103081778732
1630,0.3964337378658044
52409,0.19640246785477644
74633,0.13119659788500954
23859,0.10183832476981924
94716,0.4960749288074947
70644,0.41761665938155085
74105,0.3770027137983253
106755,0.5919479994539991
42476,0.19511453665118675
27598,0.1393814293944201
38586,0.36241891458828945
45556,0.9514883721831142
62264,0.2698443935895602
10318,0.8525956079037049
78770,0.8879256411007536
80509,0.6335744251296769
58271,0.8914695624524662
74134,0.9870952228347334
99903,0.500193885741013
82988,0.36759902031912906
95205,0.43071930877312925
95741,0.0306170313101232
80661,0.5527093262133522
94682,0.31272140213579636
56607,0.18405696758212914
92900,0.7521979253110909
96137,0.3550887989854318
94344,0.8246459791002376
27722,0.8762254532467135
80310,0.968497503033403
922,0.2497611468980367
25571,0.4813279270637
58516,0.9989251963978572
106511,0.12330732227036265
52788,0.2610574171506796
105406,0.7009166652536176
88057,0.8660218867107972
29097,0.061179958316341154
34909,0.9946401105606406
75042,0.18716372733156056
11886,0.8395835203735391
89965,0.837783860662439
48375,0.8656721504790543
96484,0.8232602519801607
70676,0.8096828879500533
83287,0.6416447399791377
102033,0.9952557528038494
1765,0.7555391770423077
96066,0.9764660008035713
89316,0.6034448175471505
626,0.7441548649025949
60314,0.6206789827894956
85348,0.4343287425857808
29251,0.2018608169466094
48886,0.8711224241502329
57687,0.12702413719225894
31118,0.10372728907587961
28689,0.25360364358797116
92961,0.540884884151267
16310,0.4177680274494019
44436,0.0836566271387523
70378,0.8648020416956632
39568,0.49928560913274284
27441,0.9017757794278523
28939,0.16973206752331904
43110,0.6433703715249056
9082,0.7996124426778844
104837,0.4936725640147047
75890,0.6281326133606058
3688,0.4741318853375518
53825,0.13472438800210265
62324,0.67283261706169
103507,0.23378794393908445
106541,0.4473458903347859
97431,0.4181732797736058
93525,0.9549632999288831
55075,0.8468830420424238
98795,0.5000265878395642
71928,0.774531402927889
58959,0.62147895117404
68242,0.050417126766456245
94908,0.506976924800874
3244,0.05145646187658715
103068,0.5901474616371837
2925,0.44126016255813016
34196,0.8090818195546988
91161,0.08386316101354746
94596,0.8995407221423994
78960,0.6362739703938609
55380,0.2885956740577354
33881,0.36511232023005147
71565,0.8584405552313333
11832,0.27180060986103227
85390,0.5114522317688147
50684,0.3964361459124718
99934,0.763868287262348
77377,0.19143188241173176
76935,0.7642469450663302
104175,0.2796366403957645
12528,0.6210776315229595
75265,0.6400570007553601
95712,0.7047399270918931
65433,0.39754293430501697
10431,0.31993096786126896
51297,0.8282896697906228
90393,0.1648405715298109
487,0.030918347751508847
104511,0.10157971506497959
89320,0.9352065229420289
46443,0.4051427408016387
93423,0.5781377951123345
38846,0.7047875734554587
44979,0.47868037754475323
73142,0.7028213167450335
69730,0.4721389397733301
6899,0.40984166057073323
78210,0.29700636807829506
69950,0.21214471599595805
45936,0.768709508924901
105329,0.3531735654518615
106726,0.912056420387243
69820,0.32121033711725666
87051,0.9297156932940356
7554,0.476180247373752
88367,0.3029479391739398
36258,0.9631051582201815
24848,0.19294284472183226
25340,0.48320854463012614
76019,0.6770255714181335
49687,0.37050048269420766
103964,0.8329329659649121
24116,0.48708471539467574
89840,0.32054302089007053
55265,0.5894087399058316
21513,0.9259491637829865
14011,0.6095270012249272
74797,0.1851194962874917
106509,0.8438988699251051
31239,0.6714171210641551
77948,0.8151387110099402
31083,0.9984999996688904
71017,0.43870664399877735
58123,0.9341691710406852
86986,0.18612752963869994
90834,0.946997087155419
28049,0.9200461990374147
23547,0.9868065748943258
101750,0.1831558444570527
79995,0.611696951072419
69207,0.9743275887179166
30465,0.49694943620620546
60786,0.606917156424319
84190,0.027573607042060154
14807,0.33372029331985553
90045,0.378438290479224
38429,0.8604171530507374
14622,0.5395430765568586
44434,0.6218601984937793
64333,0.540455251075745
95306,0.684761170010425
26137,0.3634546379048023
76680,0.9088408240235332
27861,0.5046804012760188
76113,0.877886227630668
99383,0.0408518457210497
67210,0.9805853863154901
106836,0.750160379313922
83887,0.6207592183277661
92123,0.3506789480588631
12806,0.9643541170624689
49958,0.7981899680745095
41165,0.9864637808209724
102918,0.8650608375672019
59475,0.2589993740818911
55272,0.4247192287385544
45885,0.2871664279991608
8720,0.6540086452482075
22847,0.34307945151398445
18951,0.3135245462349564
76600,0.09785568838369596
70407,0.5643611638270913
80197,0.4850878774736658
89087,0.2675755313674922
38945,0.3179248150803172
48070,0.5940661497511251
80022,0.9996415370738756
101121,0.8226666515930443
50475,0.9230265013356908
20313,0.8646017804054869
103960,0.824823998595005
98087,0.9790755285185007
85487,0.741918001174324
50001,0.01686914898865305
91222,0.6250039758968158
63071,0.12612725816525455
42397,0.335358133220625
45032,0.2986027354694392
37891,0.8685135386772124
3642,0.6777194319291138
32947,0.31242554494679603
37430,0.8524629460029822
76430,0.7999612692401128
39591,0.11101611971168675
66009,0.6735994693728156
45415,0.23918956558953786
70006,0.6766087824080669
57592,0.46698040998594764
1712,0.5176167684465556
4496,0.3606687132234484
72693,0.6768368482831565
62701,0.19542866199796588
94551,0.06817044722621375
54202,0.6856859226995098
1309,0.7931789234584801
84751,0.692368762120374
71737,0.406803104248826
31353,0.4639180410159266
27296,0.884342183752082
32193,0.9715844784696384
72367,0.8684248376402998
13260,0.5417704949098753
75259,0.6284326479325781
1628,0.824971549110547
35217,0.9208369336597197
5328,0.20173573225014502
10568,0.6729157598319707
79074,0.6521636679238796
17025,0.9036055594697405
99638,0.37783536796172534
67734,0.493760308514393
22777,0.739534486827141
85719,0.766717689599611
7506,0.5235865293973133
86728,0.45286316347119215
73467,0.9485246599158688
67086,0.2397827485368234
3107,0.989018960990468
46597,0.9177164682745675
10922,0.46042490048022006
67556,0.024337929807508
7441,0.7360468198088994
31089,0.8526147920170806
61601,0.8016404590325352
14847,0.123623169767775
35697,0.8413265282174445
64197,0.1955313744304687
46963,0.0339750996816232
41147,0.0379172335065861
13811,0.81231164833317
68928,0.9920714284858945
35308,0.18819506378213272
94983,0.6631137010821685
74508,0.6028129309041406
44931,0.9054221127231936
30960,0.5015151569734606
91080,0.18822866853961756
49216,0.6314728498371373
34340,0.825080321625597
75536,0.9501164219637828
76424,0.6682384855549466
105797,0.7305536730217712
76336,0.1641078694947003
34164,0.43725234343896535
91149,0.2738575771198876
7162,0.25582541625671484
18604,0.0318792166407777
83905,0.14361609980752543
44615,0.1647765605985544
92168,0.94115026988456
5462,0.20166215118821945
85219,0.01465570595024665
26937,0.9034814826327355
10670,0.9927783867760083
57,0.5754687620671767
93177,0.47092748177619975
34485,0.42173036690650023
68925,0.6636176055980547
100142,0.9803252692762179
73993,0.9603436825013325
15790,0.23775348773422575
106598,0.5243862818267919
90142,0.49963778134347414
96949,0.8863491540359083
40049,0.5179188327178171
98288,0.116965711139418
43452,0.12066872004696025
22569,0.2250118860491378
5611,0.7405523821759207
37750,0.9985568064720698
26421,0.974365791834539
92422,0.5676409208920012
89352,0.6121481072052111
45761,0.5648382524197664
52232,0.31300056089228734
90421,0.9459442599877519
78709,0.9718302097339998
56320,0.9347974384945659
37763,0.8778812099101141
46567,0.6055035785332131
68911,0.8197514403738844
27099,0.16898041437504566
73795,0.8539509688798428
59380,0.23331025145064133
48205,0.8480119253611496
43413,0.95547129839667
9655,0.8202774484221598
32377,0.4509062435388111
30523,0.8389972919557048
64260,0.8073564215152442
12302,0.09330910430366744
69453,0.5451958009093701
62392,0.15266558212709086
78449,0.5753640944782029
52714,0.5826268946080371
87352,0.515329120837501
61091,0.094228842483185
63242,0.2827607362757409
66399,0.7481874592933007
54903,0.42404215983362603
67957,0.2000214065627505
88573,0.22969712894647876
42545,0.9956289891306525
17008,0.0657621161515089
87917,0.1961373328053529
23181,0.37706592651240967
95015,0.21244001266877685
4188,0.19786110327066025
72957,0.9716966285693136
98126,0.854887652428424
73695,0.5619952836459232
86412,0.5932092336650683
87550,0.41110056093437497
98272,0.9887854039222232
105660,0.6652113830843125
89434,0.669043835805457
44125,0.4471390927547072
90837,0.13837036823196505
46442,0.8188015706431537
75672,0.20879760061399394
31938,0.9559351793513395
49532,0.29470727834158156
65836,0.8224024699052237
85029,0.881173396350518
71793,0.34479528740873105
28148,0.1612802114888517
18266,0.919791778241223
68352,0.5597707334405484
27061,0.3034822581072826
22985,0.3557416306887056
91305,0.7250089805892553
8795,0.192118870807543
50663,0.27301227565171904
37397,0.057146754569059946
20058,0.4155719109644648
9312,0.9919128708750862
80532,0.4883939838091425
14830,0.024388737155128452
103737,0.1197748673287785
48438,0.1090635464078151
34089,0.9623503187857837
32605,0.3900686402065192
62126,0.24497138442769933
99398,0.48428598803880063
25307,0.9171292361171084
708,0.9017274501495434
65514,0.8787197813840941
61917,0.5603068888042418
70611,0.7293148942583036
20762,0.21350785347828213
64985,0.8048377234567292
93723,0.1773045469751408
61541,0.4993425365154117
29197,0.20207732113452676
79929,0.04846094893768765
22641,0.43737810983765757
92709,0.9120018708907174
38048,0.47130374997691243
7305,0.8591384203848601
21740,0.022394273148348402
85485,0.9892405125154675
3615,0.57465285702517
11020,0.3301352241467165
25188,0.7905520794695626
43652,0.03189994158562655
36192,0.5841839232426929
75957,0.9209660914690246
88832,0.8861193045821447
60444,0.9351375548585866
89932,0.595849073345351
94105,0.9340639598269915
4755,0.48789918122203313
41737,0.3326298772709889
79543,0.2508335611730856
5273,0.17683040488728968
68791,0.9744249794078759
60228,0.9641159678271799
61289,0.8013646090192452
18009,0.6411088432655481
1837,0.45230041733079906
79532,0.504618878816541
55273,0.7775927528254905
21431,0.1944636738088309
64794,0.9265990111197357
81887,0.8398109871872065
17964,0.972434854851485
10972,0.333921277788769
9294,0.1516213294196284
1983,0.38114530479701075
31490,0.294988453068005
3548,0.6537138915064056
38711,0.5541881071860941
55591,0.26282040513918237
32376,0.5341107866162846
23684,0.0445017939991562
57874,0.8462714589203533
48713,0.05283376068753525
5106,0.12305888203778655
56224,0.9249381161011406
43354,0.8796085754546095
25836,0.8452617088172532
55845,0.32719059341422213
2588,0.7788401040698363
1845,0.9357417421224503
11254,0.14893972376719225
49014,0.8935355226579998
59168,0.9831050248540132
32158,0.9572117943470878
106482,0.9441728857397604
103536,0.9709474841568607
18105,0.4550712255998346
89530,0.2045264430363547
20602,0.9847316379504027
28623,0.5875044961697147
44630,0.0605961399531483
8252,0.8058089033124278
32280,0.9422168761071057
54952,0.8926362277353168
11378,0.9011436496409235
57914,0.43162073469059126
31376,0.7418305304387472
26646,0.589644786762962
55328,0.6416726130911424
5958,0.1746660978285231
63839,0.06050238042619625
69304,0.03166818411789435
3100,0.6737844601033494
37173,0.9972044966605438
100453,0.7678289422344557
12253,0.788590436893666
74226,0.2413415570619788
28495,0.8596117785750799
12372,0.6863599370653498
73968,0.3211953316188496
56212,0.40778319853470146
12655,0.1775474751693069
69853,0.45468609741106053
67111,0.941685637877903
8325,0.8162898161636505
91304,0.6485928868229993
93245,0.2950880434823029
17300,0.030373836349826898
17331,0.5661282960056031
6291,0.10123911931181845
14892,0.3887042422544281
103278,0.671638716794211
97196,0.7957030354890062
26858,0.46184627053366667
34982,0.8755177847762861
74003,0.11199306182253191
29347,0.1231741469735626
21220,0.1678114445259917
82090,0.9844999175859674
41613,0.4105209546435471
64303,0.5589241736151733
22182,0.7733078281638599
13504,0.816752070996591
106774,0.3039578845449933
97978,0.8027881103907399
39162,0.6405580370892929
90912,0.24376034189262347
103240,0.9679541782712935
103157,0.8813392218684135
48423,0.30560917353211314
53055,0.5851112446758554
87595,0.7131396271918989
80780,0.03939476979039365
78794,0.1673414105077563
67805,0.8943696591207437
60188,0.8705867049821074
67146,0.6199776858245356
52978,0.8304636026557197
61623,0.24710165826747535
76558,0.49521952941236025
48118,0.4048790634676037
48547,0.3154725349796985
21302,0.8832591410034617
29500,0.1018585853365859
21585,0.9553463205362377
103436,0.29971781874251396
78681,0.3211695045295633
84602,0.16214670714841178
81342,0.9558980552822336
67363,0.46769645826089534
63318,0.9561758405676599
18802,0.6288867225347778
26594,0.06370848107673535
106701,0.7418014145096417
63187,0.36338651219079904
25393,0.5612120102226428
70867,0.04976843531878175
96689,0.7797554020008113
94172,0.9640870073657797
4913,0.8347511236578004
29337,0.30904034643494427
18759,0.9131979062221427
86816,0.8547960998879365
84442,0.9451528386568588
28896,0.934623181935758
25659,0.6474037001360674
2345,0.7483782488262408
22781,0.024663051401537198
93530,0.0751833284088633
58435,0.8832610582732721
16096,0.08931514566095711
76360,0.9947358522787628
92650,0.2637206913486255
94136,0.8579349500068307
12855,0.5377338385623514
48613,0.8614464624295215
98930,0.4680572138720709
17850,0.2518821882383371
68426,0.27429236790219735
8807,0.985678424169613
77682,0.198312288332196
70262,0.9654792149751138
101688,0.7892888146848414
34538,0.46176181891016643
13445,0.8354409146061437
69689,0.9292953677318814
87006,0.795521563359761
51615,0.49576841212940687
69533,0.5573348650703542
15420,0.8958643888451178
25501,0.9873755194632117
75037,0.9964408457141982
82250,0.2537925779873345
34582,0.9928570989278853
34900,0.657340081891316
106606,0.8194146948529435
68574,0.46245600440217427
78879,0.3099172587917709
72523,0.3385184757038683
74109,0.2567080206137979
102780,0.8029842348188772
41350,0.3433816524059058
6776,0.8534375343043008
4752,0.91470862739926
79710,0.3647179698425755
94872,0.7734423211963506
87768,0.00884425010426775
84545,0.19944286861032376
47364,0.2592982071781898
29565,0.8233090859336978
38176,0.34216522401277627
1523,0.697938257198918
71965,0.6159014424026013
46011,0.6148637994118408
101166,0.9693013817648567
96157,0.971658986002343
4599,0.1828168907376133
57139,0.13384235830858948
46502,0.11785261161863206
32147,0.9461360508087371
8727,0.8633274557255106
64,0.5602071412089854
87977,0.9873853358461232
81911,0.9001077315901873
62494,0.3955884218454687
98355,0.29455566317671134
13701,0.7950256138412948
60982,0.2552535084698589
92575,0.5599762120552416
48249,0.9579401666936118
34171,0.7567521604901071
89055,0.34809617609301885
20920,0.8897191205145063
44323,0.9760220335048262
93856,0.7656177175578633
29936,0.530803707398309
84606,0.8245467295932315
14714,0.910644044217159
98673,0.7295750437609345
103736,0.30982088889351944
82642,0.4954884487742439
12030,0.8274812672142563
51674,0.7663565531996619
12718,0.1931601023956486
106852,0.45559567140277857
16294,0.8661979434807858
66475,0.2791089093357611
41485,0.6876732711728969
30323,0.44422321822224153
83992,0.9252161043074256
54682,0.35879469654708074
92127,0.8007062577811555
35902,0.16302841106786625
28139,0.044639277528585604
90412,0.5997773158358614
74418,0.48679274114623416
78510,0.7305375016229765
100330,0.5911536753404609
29036,0.8332003829508918
44485,0.4288065243376612
16848,0.543218296449142
10544,0.9936569242220357
94780,0.9789878159074468
21582,0.47448449419693134
87225,0.1484033967066556
93669,0.8553592467520339
87901,0.5930024448834185
49697,0.19843339602871815
5036,0.6039565891326653
67043,0.2673456463412929
85540,0.27715160103337977
43921,0.1401809788532396
12644,0.9231071707938734
2676,0.7227872700091291
58412,0.5686855955904524
12909,0.43532399021181445
95061,0.2652264243412844
61837,0.9185089218876259
93884,0.45512314722316444
8939,0.635391663423968
84360,0.9805147976415407
75469,0.043289551342402546
16441,0.8651920252458347
26500,0.0207700210360128
26617,0.8615518403362521
70080,0.7488890212628043
4320,0.42779800987591055
87274,0.2036586538152646
77249,0.7862438861039309
49626,0.9682784883703216
6237,0.9569519541967861
35626,0.9763169304080779
102000,0.9266671000348218
83002,0.9607020937054378
104492,0.16071501998539117
18532,0.689345013173967
87016,0.6932295216977004
90720,0.2974124611940827
93144,0.5964170958506794
47367,0.9965355860833819
98201,0.3575140050570653
97722,0.6132099997016933
41849,0.4206534415782085
26633,0.7561065813329315
77169,0.17739780530706883
57349,0.9685897861160919
91177,0.49585692544595966
22794,0.6208938551612925
14637,0.8452324310420128
104038,0.9902045944306926
49505,0.9607156536194577
39769,0.21363330933014624
75395,0.0213998537668665
84177,0.39490386799410426
90804,0.0854455942457482
17129,0.5533935185778258
24386,0.33275158404775174
73235,0.516409465454509
40321,0.7184551253040274
93445,0.3305341937445855
101488,0.8381288125207105
62,0.6291126599333828
150,0.4069253851419893
26870,0.390577272000627
85644,0.16725044950749224
16864,0.4214215009829396
9800,0.9424620623164113
60156,0.5771881649894308
100967,0.42465302560485374
91352,0.6938826774900706
84613,0.16435645626342285
46913,0.48730150291963165
58417,0.7761164086309452
45651,0.41863714294570775
42020,0.757733533622713
34497,0.72189889791319
92156,0.40365543713831825
96062,0.3381951247389585
15862,0.9329490671073393
19527,0.0656322188173969
51620,0.6675372550038808
83964,0.27341000014098016
11283,0.5054076569006514
56397,0.1693477291100962
70095,0.40847089089284494
5355,0.3071643384274504
3853,0.37789325874517204
82993,0.5585573643762217
82541,0.8612793476704632
8571,0.035233494124255596
59954,0.5899993538061732
32906,0.20934093402026321
80732,0.0283499751604757
25197,0.3011860420827528
19175,0.9630945153444518
65975,0.757213715002258
35001,0.13802613975295658
7468,0.6741606128119735
81927,0.650203322020464
100585,0.6204015597432229
41885,0.2822161486466266
19845,0.5604850923170002
14709,0.6663273976324766
86121,0.16065086518358165
50416,0.9548546465200216
39496,0.0732846371834413
92117,0.8804445659259794
41500,0.5324309345929232
90525,0.7552052522245303
55859,0.24530135105553585
59665,0.0367090959459929
62490,0.7547257228644707
15347,0.38684762193331135
104307,0.5708401273271324
74223,0.8028337435908215
11063,0.9954866316810916
83506,0.654723047275021
6916,0.10784649198286805
79549,0.4348401435763455
80961,0.9786245318486534
55185,0.5297974479656341
86688,0.8421334241772791
38336,0.1784105230179485
75289,0.26211299325001347
31850,0.05242903730122075
67058,0.24578611341898887
3142,0.9195585583781447
20576,0.2788537030164082
58998,0.7468363376441474
74310,0.5974857743327946
20310,0.9996968250183028
79457,0.9420036442594291
54490,0.2552543520710515
5551,0.6098140644993117
26589,0.9041610870400497
30949,0.7256976303191685
80634,0.2923069807642191
24053,0.21023283337584958
105705,0.7497718606609902
71481,0.45067351752569035
76219,0.870125311279595
13259,0.9916609401746801
10688,0.7746456486670117
53517,0.28277684399994496
43806,0.9821050478917246
21306,0.0466767304903177
58650,0.42582837141003904
42221,0.6806290533849817
28489,0.24193301370189707
105906,0.995433293507249
44764,0.9334741120415437
51940,0.9499453464261017
53776,0.1152050979632179
74872,0.0140177689229718
86885,0.8732001014783182
14008,0.5471025420860358
80154,0.185620327729132
30459,0.19450070534504477
36850,0.49755053657604636
19357,0.5615908887517924
103820,0.7720322966520983
77806,0.8401299564183959
43592,0.9652657491303092
91314,0.2776301342686869
102915,0.9836617357591382
83656,0.8758781266180584
34066,0.23915085760468996
65063,0.4277429027149961
105304,0.7345118492732134
94799,0.9847156978194025
81931,0.5497192096455228
102755,0.9422862399508733
91521,0.8262113398822413
105307,0.5423361342580899
4994,0.34874449292903564
55303,0.9978741169548864
13462,0.2310020968680721
48714,0.32261933639562956
18107,0.1652408902162963
47219,0.34102197042126736
69705,0.8956189161274649
49115,0.5179742630813908
24789,0.40101274476456406
54685,0.931076780056481
13191,0.19871993859198625
70514,0.09963979430141315
97653,0.0574462749342705
49100,0.7937018585882072
66241,0.8849984411213343
75096,0.44506073297428117
51437,0.7448857830280091
3485,0.7302311077163781
73283,0.23883081568884684
78073,0.47015917351772357
60245,0.22995800848878012
91386,0.08290423963711176
84247,0.3220483977905355
46800,0.1614046395010511
89578,0.4574412143357627
102579,0.498896676081359
60142,0.2974601235947851
12605,0.20187034651503832
94193,0.1536923165497995
3262,0.5566161060354308
89167,0.7544870164074551
89102,0.0314282034983561
98102,0.2862175046462445
92864,0.5167490321268656
4026,0.911360246171665
78523,0.086189590920567
66934,0.0649212813113559
30775,0.0192855402857532
77984,0.9952668081339358
61830,0.6685682125085305
86793,0.2592994417348164
3088,0.17377895725060521
92361,0.32872321310925756
70055,0.9556411776702468
7589,0.7501376133304971
7321,0.21358059120988845
53376,0.7480609437744239
61157,0.1971290503060818
19255,0.6190104328355842
52728,0.6029395914737734
92812,0.8545753533098872
7334,0.1857890480026207
77022,0.9486020173678036
1514,0.6918834350353062
3021,0.24223560241673353
72,0.9973569561432309
51949,0.3065631537873531
39748,0.1964366068721048
24668,0.255569313296787
69159,0.8897996216178768
299,0.5066952045411693
88560,0.7390084226427371
53647,0.953830314364932
37116,0.3187674346921475
88047,0.5181971658886344
104297,0.7833964163370419
18150,0.09486176592338891
41495,0.7833700019213735
87072,0.9692546641624264
84509,0.08228608748629355
66345,0.15847192407455085
85910,0.7058253603197508
93319,0.5865865850378663
99571,0.1455936441884842
69020,0.3237240346814768
45649,0.8288463944494453
19278,0.7124765679094343
39419,0.9311074231957834
90724,0.02982706527575025
29701,0.09111696865386146
95971,0.8578104490503593
88105,0.7285912622907968
34031,0.4861680067046038
6197,0.5263602599694547
80768,0.21219700269874256
101621,0.9622182586009125
50213,0.6211139010351421
29831,0.9994793641924694
97230,0.48825738716039524
6515,0.2873140727761816
44625,0.20632200476689672
80198,0.5206130815231427
31448,0.12028680400643604
92797,0.6170495783551566
81488,0.32384848601127264
82624,0.4015356480945832
101000,0.7691160933261783
68204,0.9738108350073058
106980,0.8831351112901948
46656,0.33433699072894685
29895,0.7185314621426235
48271,0.46699650161260275
59674,0.3939646864646515
17209,0.6756344698209618
70143,0.8259254391892272
22053,0.20607994173221855
29008,0.18813055187382016
2770,0.09647896255639984
101525,0.9136773707719107
87696,0.0181725403294942
39562,0.2887364665934168
49435,0.6801309334072156
40823,0.7280116696513308
63705,0.3883917259869374
56819,0.801673288349489
97881,0.535070761502849
6760,0.9246209934131566
28540,0.0108507924558732
78209,0.3568635642791027
91063,0.29667175987430905
102830,0.8936308423241504
18571,0.9972636742908763
40967,0.0264195315018156
64391,0.20937133847401812
71605,0.8464596750778529
8656,0.22075048499478736
23453,0.10105257944900259
8292,0.6969342455423984
68623,0.19443452692520374
70141,0.8660149888481123
93759,0.11607093737062835
47030,0.9949562483241245
56920,0.5938236427109309
58010,0.7475338739160828
71866,0.5402061621121682
7377,0.8843228122322226
6387,0.9754640763229627
73694,0.04670185442671965
34839,0.6391571165021555
8274,0.4342770157187537
10859,0.5403461525445534
98069,0.2919841464370347
50225,0.9877832140593437
33496,0.7130648314445156
97355,0.9977142857132768
77204,0.1951195531071514
51034,0.9950326394950807
98613,0.5015303334680129
102538,0.8463509510108002
26262,0.9008339533074246
27246,0.01908823769372065
61517,0.8504584161839974
48877,0.34603387866133034
97466,0.8289913426253801
20765,0.26408811177527597
50907,0.4131743909811362
20357,0.7106710300676922
89118,0.1966605812827126
88826,0.4429668278230251
79998,0.07475858381153315
23686,0.6398399217717765
44738,0.7906001338943272
47441,0.45751193240603555
26675,0.38809392207045623
89018,0.975893164584599
54426,0.20435823480568044
26917,0.925713518458529
39330,0.9844198450376949
72454,0.8775706219437289
512,0.9389393793977897
27000,0.8716101999884271
16916,0.404690342727344
82601,0.0320716917958676
50585,0.5489608437256324
90157,0.25523728460354667
99011,0.9909283963156601
11090,0.18726347781865516
56882,0.27322735077859334
46807,0.06853635968125946
26274,0.4726820415756239
21057,0.6105431625565785
107016,0.4008313283648642
29285,0.22418055169783585
26994,0.6257654484589668
54882,0.31444264185573606
97151,0.43878319846973013
101908,0.6538126270310636
58321,0.24886965241075398
72935,0.3126874372232973
35038,0.2600162908791002
31558,0.49929170646964527
30229,0.1222317844525189
66387,0.98719491734421
106184,0.6310565502669112
32157,0.26650212540169027
37322,0.22639607679186458
97778,0.3383735481816713
100556,0.15857722829304124
21107,0.7906402866913679
14565,0.9295531932317209
106771,0.9746655955628412
31702,0.14268397187557294
28968,0.7283257913511809
15262,0.94037465790535
106853,0.09961998933711835
84107,0.24638918174988794
36081,0.2445405768907849
99310,0.6189169061759485
85288,0.5178093728738344
31700,0.7996996187784453
69457,0.808677317176647
65445,0.7451922785082614
51328,0.1053825770460474
23469,0.8507830908690053
41656,0.5866860260095366
68236,0.9180153145518456
4543,0.24405893828729183
105551,0.3306279310132416
106499,0.9844279103111719
33682,0.17325642419217505
82662,0.8604041751651591
96711,0.9993188201088012
8946,0.6545763838822853
52833,0.8372429719324728
100177,0.6878103031708631
75365,0.21501765607954465
56614,0.5839117809005527
93146,0.9918925009135977
15623,0.4083174916191522
61031,0.4469678804914929
40030,0.7170715244272352
63009,0.5273495600646232
50512,0.9625884557353556
33745,0.7618824337465813
77126,0.32621025335398823
58831,0.8738191356257419
85528,0.7153675265869892
86769,0.1676121482108413
12353,0.6541820497378699
5033,0.049215137527400005
43805,0.7433441537792921
8236,0.9984998772132578
1005,0.30306371055839143
44333,0.050855730616991945
38577,0.882194887779916
62334,0.9043424195010838
27401,0.29891303814190945
78839,0.7555168359913401
3940,0.9506124293530609
23793,0.7564120699486256
100263,0.9641670923394436
102002,0.9843871234369076
51731,0.4985581797886479
65989,0.9870268467004994
59878,0.9508594166620623
28048,0.2055415022295412
77972,0.15634840944406408
105413,0.872191899952159
10633,0.9988269721781791
84009,0.13208676788312146
69394,0.26888820072044833
68091,0.9894130871500921
12153,0.9689493958962467
83996,0.5937879550086282
94985,0.9198081055854586
84160,0.998999999999997
102031,0.5400870527046815
88072,0.5590095872451701
54589,0.1364547074606521
6543,0.14393765717909685
1951,0.6867369642145781
80496,0.6189643671898495
28686,0.8527135959944367
46858,0.8164897131744668
24178,0.965832988013931
15417,0.7851257009413388
61325,0.7762987771282286
96179,0.37472492618669623
19755,0.9966799107849513
80528,0.7143033391755959
35917,0.40578583006153623
85424,0.2873704424946514
21490,0.8954773768745128
55313,0.1126153635198423
13235,0.47100053307682
17378,0.6656361735562897
3754,0.22445524382154186
7603,0.3956800453024336
38664,0.494377615865513
75116,0.24216490544266756
65638,0.4045477055870693
53353,0.6746531816503352
100516,0.2446156845054781
18288,0.25702704415018535
85445,0.9801423062158607
67231,0.9584220672324506
72174,0.27998523584514357
34922,0.9597443123362199
71299,0.9597874460764606
105802,0.33761491900133234
87938,0.31288580888043016
35328,0.6987016153273202
15184,0.7473880589280859
62637,0.24982214134657932
14237,0.935837859260065
95613,0.695911405254273
9311,0.46797662921141964
6338,0.39331749904639457
66264,0.3227955565926299
72899,0.5214082555838708
100726,0.4565497722787163
86966,0.45431280862960777
75358,0.018202655090619548
65405,0.49861980045410803
16911,0.2007161364415216
8692,0.509139094864351
100578,0.069870929797938
84090,0.20230280508641463
45411,0.8857649107335195
90547,0.6010865175087913
62081,0.503578921127649
89570,0.8554319130444787
105449,0.7075388380713379
66998,0.7566003919494113
69996,0.7685130889526657
56064,0.1509459636849692
103577,0.1236526686667483
35449,0.3093054439857316
35385,0.7752986321476356
39853,0.6635863433643557
101610,0.7192623468499955
40619,0.0995497457760295
17788,0.717049623706288
81583,0.7077654419077737
35278,0.40417672019243267
15496,0.8713245725665121
46000,0.24523874354247965
1795,0.9980874269854034
43415,0.9974454786179878
291,0.22218959964988205
38181,0.20298704755849556
55029,0.9878907099606646
34803,0.43711399905077725
55045,0.8557952608829057
46367,0.8042705377471471
62574,0.4264682835600593
94354,0.4074294833820782
96625,0.29499105274224857
21468,0.6767985363087253
76612,0.9703342754902076
19753,0.6607714869276612
34261,0.20804648453297026
56113,0.5514293323758506
15452,0.18533740906014995
27416,0.22447098423631057
48539,0.9811421788327785
85145,0.6925325728953591
18354,0.5442804551065314
18244,0.18377321353051354
55640,0.7426348327594523
47570,0.113003182241022
74054,0.4206349526633757
5058,0.2517419577009728
17045,0.8852082388390272
105717,0.608617078617508
29187,0.9989998834321587
37420,0.4395308372270206
38161,0.6333293580265446
106344,0.6820105014837526
70853,0.2650289295271183
46322,0.5412454935759258
6538,0.22761742353146275
72697,0.9003720305733154
97920,0.7260889629830779
56360,0.24148964931264455
40525,0.6488769476906078
46536,0.4811040409535253
74034,0.8054242613407843
43594,0.11828449076894026
100866,0.6030022935651204
38073,0.7951472166719176
59899,0.43308604214635127
3724,0.5010843733517105
79957,0.48606939807107213
13422,0.9736946090792319
26786,0.8742971354958682
39319,0.8297971865117492
18657,0.8293459315202432
15823,0.114275625459346
102599,0.28389612004777987
66427,0.8637856341762886
52079,0.0667734575074863
37002,0.9966326494966611
49086,0.3887248438963305
28115,0.966981136531242
98844,0.5804991124435959
27917,0.7922233184386847
64994,0.3628930439747783
72140,0.4127818423832458
35277,0.04123929982360685
53684,0.889068623665012
93054,0.8673710696395914
44188,0.05314546464901255
49190,0.9649256916652915
15979,0.0538333444626121
50195,0.4297761394646932
5878,0.505927526776215
43508,0.17542362118763874
62207,0.8873361529589576
76999,0.8088447426676242
30839,0.05765622103265765
40160,0.9132454268476957
86895,0.9964044690249312
104572,0.32778965127378096
20661,0.8371307375208634
94376,0.9466901228982267
549,0.7182116548735213
33591,0.2550893550826789
32334,0.3855862532176026
80680,0.15830906383437632
66911,0.35501854284326834
101640,0.9837521102146278
55786,0.130539522038836
50889,0.29493254891052556
47434,0.9574566626500323
80157,0.8797860017890295
73354,0.236694082275769
30185,0.01818136837753015
21137,0.13064415941487614
36235,0.924514315372125
65221,0.5066549717816731
100973,0.8305657125123811
41736,0.2782774391380012
60659,0.6905743303503706
55254,0.4830770240268548
97165,0.5834522565487006
45498,0.8830304582887352
36819,0.071675866885475
2263,0.9700778695854237
19482,0.37847007154967527
481,0.2824180755108179
83893,0.7481087986502869
81124,0.7125344743604225
99520,0.9437194350169937
57905,0.2013118717883282
11179,0.7768909948307827
88133,0.3231205741898339
84405,0.24032009768195828
55684,0.8866222239357656
90310,0.26857630751997796
39133,0.43988651098445253
10350,0.4718048697994591
27036,0.2079646401351734
29858,0.9733253812340659
68022,0.30153725780576396
89283,0.31167702566514466
70631,0.9619473580140998
28055,0.4104909816792254
62587,0.2364449055908791
102721,0.859556972082737
105913,0.9783766127228456
94589,0.746285394375079
56437,0.7835609379484461
40514,0.1837522174911318
102125,0.9692319786200232
40771,0.4782132015741337
44858,0.8227132854703311
98624,0.8539649389174464
92222,0.5159519226728706
11344,0.669872141839106
14991,0.2107789344615997
101078,0.6224773208506375
96328,0.30790078868700255
19565,0.5356236876202585
84603,0.649453447424883
70089,0.0483398474069916
87015,0.6499591567549414
75449,0.6587881786308214
51372,0.9213826120978622
32632,0.21735550924517405
22313,0.34548645422624474
39923,0.44741292072884725
12179,0.9367423268074794
59346,0.6131066040763615
26935,0.8853879642473635
55296,0.27306401609583353
106127,0.12958574328716777
43033,0.2498848118098591
7375,0.04218115647300285
738,0.7700570421415112
83984,0.5354255874889906
71556,0.4710775447437028
24649,0.4925947921523383
46866,0.13678940464880868
1177,0.3874775461991573
55964,0.48858787981230956
70811,0.9611796397037308
3101,0.20249920781946806
56164,0.22845115806827923
99319,0.688115209375485
63891,0.9674860943485029
42324,0.2679548820641643
19250,0.7220728947985817
3836,0.3136524158968189
66176,0.6188843590511626
21763,0.6191699837104914
97198,0.8811332878906294
65280,0.9736301196884478
22078,0.5603799895782855
34758,0.8201213309223119
28904,0.37219381202139623
98450,0.8819085331944938
22911,0.8032282503124615
66745,0.6464754988758534
22343,0.4655983734301461
16396,0.295167499496609
35882,0.8191838467649399
75364,0.968960193240293
6319,0.9911236897509474
7977,0.2607927233551609
56091,0.9771711607728875
21635,0.4605310709595664
57416,0.9214716919660748
31734,0.6850895975468836
24139,0.21290326531470932
30143,0.8144188379764764
27508,0.2620679221639064
7109,0.8968769012216014
28644,0.9851783901912476
41673,0.22851756644591903
49619,0.1507508068067458
18491,0.5006640875245225
95292,0.9604561715591472
9760,0.8760878250350956
10222,0.2538994384646877
80480,0.40354517802467527
53545,0.9417530400223045
20625,0.6603154649519727
77596,0.7827826017237225
22175,0.9381892475472974
33721,0.825038572263126
105986,0.4387106495165959
16798,0.9820446768030737
89143,0.36024673340659485
63701,0.17354922726703575
44219,0.7579317181020429
54963,0.21038615857644175
39620,0.7000052448969601
56293,0.4917215387268328
54135,0.2629217409384505
95599,0.7206459422301548
17022,0.5310365090376701
49880,0.9815961511177018
28119,0.2475249242170944
71651,0.9997137453446797
47348,0.9790494770556954
81945,0.9120840718296135
50920,0.10049371338621985
90637,0.3661168466940429
55655,0.731972115334732
62941,0.33208310302918764
64372,0.5110766497351349
7304,0.4933432773921212
32520,0.9780342324427713
71344,0.2986742669418792
58410,0.26785730814765074
13184,0.6533149696314406
44331,0.9059348863606862
43791,0.4205103013441426
17232,0.8725909466228593
54897,0.8734941270033252
765,0.13022883950439335
37380,0.599132713525192
81060,0.26605374691258143
68905,0.9069442388893427
83301,0.11627787667808664
42923,0.2327384859158966
23076,0.9789222343293644
10281,0.6658118079787023
31748,0.6184786766104884
67737,0.9272667462425321
65211,0.15093129919315315
70362,0.9952499999998374
26257,0.9835684640776412
56940,0.5380310737719604
65813,0.1301528908421511
92988,0.25851676726520956
16122,0.07105335391073085
84680,0.02810652006925405
27274,0.1764043641142644
16499,0.6222673402123327
55898,0.19460779381117374
24751,0.8944948632867691
89006,0.14377366120411175
6031,0.8424640033780082
1205,0.9579191333615331
51698,0.5430696667279543
67654,0.5766510053961926
25205,0.4770730608023914
80702,0.7762740660702692
52308,0.32399143890062104
87803,0.36082528809124775
94807,0.6712132742447661
93477,0.2230825878818078
53829,0.618505071713447
84772,0.7949317361890283
228,0.5411249905317423
37489,0.9089025861170705
20495,0.7998449367671691
90411,0.909021884011631
19363,0.49284650640241506
4982,0.8989592229104981
79133,0.6137787745581887
97768,0.6971513011758141
89516,0.12710182644476029
42386,0.49960251875590184
83318,0.6723592621470411
16592,0.42631525715374263
98504,0.577084284928431
26521,0.5189827897030089
33722,0.998592979143304
19597,0.7514782574468665
16796,0.9475717292941354
32394,0.7865095908432483
9792,0.8877898807253894
80507,0.9075461215726887
66828,0.21617995863625616
36837,0.4352131792196662
89000,0.9771429953085381
90354,0.1050893249861084
24923,0.8398259920030708
78251,0.22473685678179195
71058,0.6670598220413091
4675,0.916275295011149
78882,0.9637922541488773
66181,0.2011829905662877
106231,0.20482281250480971
44901,0.0564730703055686
104733,0.6593354756795627
52939,0.8856578403248424
54295,0.26728176745813303
47718,0.9711505461061081
96189,0.9671997333939646
71678,0.24753990893532657
21975,0.9109124533000297
23230,0.7375970402743077
74979,0.18956193710017055
31343,0.6744315244581207
37690,0.18864093187658199
64014,0.8891059543549269
79553,0.4716442229979454
17285,0.23378018289760977
18395,0.7954089772412412
102935,0.995916450052269
44006,0.9354335455693823
53481,0.84483881182044
80909,0.2130006767597921
86409,0.9774770094595512
83439,0.4608348160966466
66298,0.0899262294392318
102980,0.2703928403701744
36916,0.16439728326625408
83407,0.940308449774469
102149,0.6752280820270815
57269,0.1844604199389618
72800,0.21763300592393092
93810,0.6396247939647997
89535,0.9452939097018881
79225,0.49844716453094573
74314,0.5346819294264774
89169,0.07742183135769899
96248,0.513967493893647
95740,0.03320344520919115
64451,0.9879317105578724
58200,0.9784538400611047
63294,0.1626004702344947
99139,0.09392755419706755
43370,0.9997857142818394
89845,0.19827230412965224
3479,0.639394834406745
23489,0.43100389205679795
70085,0.6347584523165849
54886,0.9901785713906408
94038,0.066245148338026
91086,0.7539023812816061
47252,0.17056754852670994
69541,0.9851216211416192
95949,0.0580893071078724
17451,0.5228435172694708
30838,0.904300855680372
58315,0.669707316602823
73213,0.7958809971376888
30924,0.8094978805785465
32505,0.4151433663945291
103443,0.16348232304865795
79900,0.7336137878384514
64862,0.726441498838173
30456,0.7307526655589112
99152,0.6413595108455069
1901,0.7548580889293202
17049,0.9853524143828933
5894,0.8585956757234625
10665,0.4318385714765588
30536,0.2651951110907652
50878,0.3667064033412931
92809,0.39282335511586497
39864,0.1989333572541077
101957,0.9390172414931134
57285,0.08670891123388384
14329,0.8222746062917464
66872,0.5895464989035833
94020,0.32759705929481886
48685,0.9554685075811498
27119,0.40172139042653277
46397,0.20855045454015847
10133,0.8693081313136777
36017,0.0327294304756997
37527,0.31504634097104933
76263,0.12202338291055989
2560,0.5537804890503311
2662,0.9907726634555967
106427,0.1431081753249325
40163,0.0856775564367277
100345,0.7737395177581046
98682,0.9327693669419587
25789,0.15393676915910331
67820,0.8645103866402629
59591,0.9173952952989024
2269,0.193857421706808
19494,0.15738685554855536
79641,0.1853349931426465
14432,0.5884739258210889
94686,0.5316333085102933
46365,0.8462137654700832
52584,0.4378815495893768
89365,0.9830080388387381
81199,0.886864971820244
70712,0.8600050270577553
63089,0.607833001810153
52567,0.5882869403698283
41571,0.06287329402530775
47361,0.04664760286382475
73083,0.2362258443659251
90557,0.383378200522704
64735,0.36382842163680734
71108,0.2661018416876901
87464,0.4125415284264045
70003,0.23179153202198371
17270,0.065932230432413
20924,0.9535710903086346
27207,0.026412983076859547
93294,0.8944567166522841
19858,0.5259015578740457
22,0.5441882361727339
49371,0.9684719444530925
85587,0.8719583673612467
65258,0.6923201247940456
81090,0.1878258400179311
28146,0.3236758353827707
68187,0.39541354367888115
39921,0.11502626667833599
26644,0.24558424408653828
43284,0.5537696411593664
94367,0.6772187732031486
72801,0.16300606294905423
14197,0.48247451105976846
26273,0.3903328481216658
61001,0.2392764769722467
47789,0.9160496491204447
67460,0.3295341981050165
57393,0.4645585170499017
36379,0.4845542352023229
94624,0.8066376568412135
615,0.3912557147437608
72048,0.8936324431807225
66036,0.5827239655616432
14899,0.338874364781904
105042,0.13515144406777796
99430,0.45630095623586503
18239,0.9837756432040303
15965,0.1293375661799052
72704,0.31550720620161615
13018,0.5816943744232412
23958,0.6066914322661368
41950,0.6044375043612855
105425,0.8999312218571911
87752,0.9186695908103625
7327,0.008698631352454349
16772,0.0960260742697863
13973,0.8711451505787029
27322,0.5018042468540407
55624,0.9297772079942266
83263,0.48826660875991945
29260,0.5851563203573125
8978,0.17740264484874324
17217,0.5048247311535089
35489,0.01821269831063355
43040,0.10037871084122835
90491,0.391620391911808
34960,0.6140834087189312
99779,0.941856825052485
9631,0.7377721902822383
82917,0.5351590754857435
28657,0.5240569614553429
72365,0.9777243375552884
24415,0.670903668749574
84084,0.949776621091449
4944,0.4103175780772058
81767,0.7374377094918925
100930,0.5871238568260426
30692,0.9158453573520753
56344,0.626347526979742
98782,0.9833929136566723
2164,0.342411882919552
24949,0.053536619254931944
103937,0.9954053055023351
93064,0.3668705244236084
37866,0.1970131154201242
23562,0.9848368289292905
105861,0.16177443849747555
20541,0.8527883806907663
88399,0.1246079987026591
37955,0.9091370275638402
31536,0.0820805062857772
46676,0.8377684031453423
35175,0.7247645855826621
100936,0.32525445612876513
101447,0.5194100449710348
11041,0.8896561008930928
42194,0.9373301796793998
99532,0.13606769622486165
46596,0.2556313875196372
21233,0.42254296567214233
27154,0.993107081059379
53112,0.10120095874479075
5790,0.8845884027224464
64198,0.0961247884646857
70538,0.9011807429844807
26779,0.4606692279886485
1691,0.5772382890150215
81757,0.984803089145427
15392,0.5002507517339634
1332,0.32960825746632005
53535,0.9087459809362186
102852,0.8359359514475091
105946,0.16058091927579024
10256,0.3757457028055729
82927,0.9478569245177146
30371,0.8587208507189026
46489,0.8528277075563342
58019,0.03128133528441465
71955,0.8775621630999593
37356,0.42792016263413724
42292,0.666742739889314
20087,0.009615693533719001
24074,0.6438943325769653
64692,0.047276823225388204
96112,0.2170995618089221
55120,0.4281279089765743
51971,0.09002140397363509
27252,0.5975973601811884
77781,0.2760872739307083
13135,0.35562904930530553
33840,0.19610662434273454
78330,0.9720787957291563
84185,0.6718277319249403
42654,0.6057002404505458
17109,0.31004004216679515
60530,0.0805611258182653
32772,0.574457150356518
49208,0.3693264557724254
94561,0.35489229004618883
16723,0.9061908335616566
79821,0.46724661615972224
6106,0.6175690677589738
78275,0.269346861763323
7689,0.9211825628348729
2328,0.03638501205363985
66480,0.2274975042886413
37355,0.45832893470160607
80884,0.8475098350538987
103705,0.9016005895039491
59714,0.18578135282793604
100837,0.44363295249091306
56301,0.3544598026867941
5411,0.17616975596998646
9658,0.03379602279965835
39760,0.7387525783262405
23202,0.19094627314555834
48343,0.9970086348808223
91294,0.4157151526683396
74660,0.8084496629632796
6399,0.7952378903564468
9119,0.608538066665292
58061,0.6723205126557339
28351,0.8925056125503961
105514,0.09262368004630644
53114,0.5432396210145973
20750,0.714221379925454
46578,0.3282507336315455
52358,0.6348204401881579
98343,0.9350373982202103
89694,0.24583977498512222
12697,0.6893953722179249
73166,0.40943612500182996
80002,0.4558607778926597
41069,0.3503339170425879
2034,0.8203208042340684
8928,0.018032763797647202
68185,0.9516324677129875
83161,0.9158621014598984
12405,0.05657830204765685
3471,0.3825112604904035
66568,0.5212863539718088
105055,0.12914859844165955
67896,0.19973256029397876
15905,0.9920196838105738
65908,0.5008536616856583
54125,0.7071838653651205
4385,0.9488208627549313
41533,0.9957700654568302
4209,0.6788845395964689
6676,0.2143481706299693
54989,0.9696730887787022
46181,0.9872547415475632
61799,0.03889135221297375
22469,0.6635381878824325
107157,0.8719720795984343
20637,0.9370016507477884
57612,0.23664037251278955
83711,0.6269798111814133
39352,0.8577406431367125
7947,0.46758167533831296
7607,0.7241060661800701
68904,0.7887592115798752
37781,0.1783160381980728
79615,0.09146516018005856
18733,0.9074210850346678
12398,0.39741397451475136
66207,0.1855557074195497
56608,0.1865012032677884
102448,0.9973416105705525
12244,0.9933571428449679
4832,0.34797178631635695
42673,0.8501518542617047
903,0.9400864680264867
37244,0.12897230121493586
69436,0.7872639064209339
25689,0.9927569159400338
39049,0.5001325793576241
102646,0.5127263948283596
68325,0.13880132749341745
57463,0.5019636152432487
48178,0.02961453053597865
23014,0.6488058134994228
80092,0.42020603058510375
103270,0.6346592118110754
23921,0.8981948314764701
64591,0.39061935423186767
91253,0.8294131267104758
31515,0.582734860761567
26218,0.24175445612864044
15596,0.4661670245160987
13413,0.27863239068203827
11049,0.330731125441791
82461,0.696804940038535
11982,0.9400961725127686
65915,0.4317569587838008
40511,0.16138517038886946
22433,0.7208574307192905
58141,0.3641166996287514
2750,0.40042211022510743
25979,0.9532261553829491
10155,0.8139584845136778
99776,0.9427037217866465
40215,0.24536540497812637
105401,0.3428889749628674
2384,0.8387822505400542
69519,0.13351489514129633
83363,0.5494331501152295
37895,0.9781115605485373
98191,0.8311112697550856
98740,0.6793840186750777
88686,0.9308641647608761
106492,0.5533035528727115
74955,0.4148526381424972
39688,0.7892181033034957
86780,0.42221875773537654
28423,0.22393630328460679
54109,0.9681958055696815
72700,0.0651340297332017
60079,0.34738941880908536
68108,0.5063952194167464
72120,0.09938296380122871
40885,0.02415411972777745
101144,0.9229587399248311
68920,0.5358752413551393
8266,0.8397077844119558
29163,0.9350081204420302
57837,0.8891385130065199
26281,0.24575804178326183
81402,0.1094214449166282
39021,0.04910342283970325
61529,0.4104697549146295
52587,0.23308171854049758
56985,0.984183549812955
63064,0.8830496384414549
94357,0.028034430587426697
91353,0.07583061606454519
85931,0.8341624834654209
4918,0.9891875869783302
50729,0.29322999299105046
57826,0.6772739266360985
71191,0.23148780605617347
105774,0.9121080830133528
10023,0.5879355820661686
41218,0.5294189807616995
98238,0.1811296821816798
37995,0.2686110948505578
83325,0.19819799116474923
51447,0.06896180947565905
94497,0.2893124388685086
30670,0.2799812444583163
13858,0.3063481527312669
34727,0.9147555867773964
52123,0.22382548620314344
52200,0.7494223418860839
21611,0.8718656273873262
65726,0.16014026019889038
36502,0.6720844311767002
102741,0.738855773144911
92910,0.4946858123457615
66329,0.7135600834880323
46266,0.6765224323466228
93789,0.3711950508269629
74483,0.7805166868170659
82877,0.9122865272896175
19578,0.788839358046191
3150,0.8123495339979774
7795,0.030397577242559152
100091,0.6536055344791764
83204,0.1211139033885319
80606,0.9722843724732977
44874,0.5567496125374926
93047,0.9503884342622536
93488,0.5369986075290942
1805,0.27940286199055153
62917,0.9526098127663164
17899,0.4428603611397443
3849,0.7368894757874096
7118,0.41843804101887555
88547,0.040265330857301454
97092,0.680623025110136
44105,0.2526723074319491
37481,0.8223552310938672
33563,0.355031618628954
61042,0.7244185370391766
41714,0.24513611741200725
70454,0.15972148736869854
59857,0.6199266466203728
51036,0.4546860805844031
69184,0.029096230551009003
3234,0.19943105997699134
74841,0.48803319654297495
23186,0.8315099790461056
27181,0.8693074788378946
100045,0.02268569903472135
28886,0.5936565181352806
73093,0.6759146044130933
900,0.9029860362616158
19020,0.777252648094475
88602,0.41227688880468594
22700,0.7865966246899214
7526,0.07228190706794724
33457,0.9265008498768419
76909,0.6930215633195889
35423,0.881558304035682
81166,0.23918955362743854
13660,0.9695191488891106
14412,0.9212428219803281
15714,0.9708306637128984
22063,0.38276694225330005
61727,0.8682159511994831
106614,0.8546907180761647
87164,0.9911661427548171
46710,0.4318767647329115
19162,0.8670091930434942
3254,0.974757301757225
9038,0.19052325708546208
95150,0.18682178893691265
95704,0.23846990952041947
83830,0.3446665329529094
71414,0.4685513931034033
38616,0.40406452479905886
103614,0.10052429322543269
88630,0.9044843805049364
52521,0.37096735047543616
93076,0.99732125645772
89485,0.9877037804573174
40660,0.5036853210508948
62817,0.16740600644853942
34049,0.4380630504473584
43571,0.7229842493287297
60077,0.8797354875064916
40460,0.9467404509091617
22185,0.9959233802550528
15237,0.2117281122392821
66961,0.08000381941389526
67110,0.6143762094693788
40897,0.7175339036931334
80317,0.1682805458279372
83200,0.13632984689503766
25955,0.59099030213415
60010,0.9959999879196676
912,0.46175326771358094
21643,0.4105873413725136
30001,0.08741433040088226
71796,0.43973106553889363
74445,0.9366103912065187
14690,0.8343501783699101
45915,0.2197779149503341
71040,0.9991400507935569
19444,0.9263433890662234
101898,0.7561050185599056
19483,0.8171299782092047
45070,0.6726902132302957
96007,0.8044155981072199
8226,0.6599792501583033
14087,0.6070958060261105
19621,0.6093783149816021
68803,0.01038863771004475
28496,0.204169300519011
15223,0.5880082299380962
71389,0.505887185958441
18222,0.09312206176999775
63426,0.22934743524373163
2400,0.41521169997045393
90638,0.8900403381470057
93030,0.8152259120252046
47044,0.513655202105007
95745,0.7082928307493248
93733,0.0942984901422653
9250,0.08053997486390599
12306,0.09721922037732961
64916,0.8179373362252264
97639,0.5784282253894039
93987,0.3964407287128663
69833,0.6093389928241657
65147,0.688394545834571
1571,0.8581270615528798
52732,0.44109654194364184
24727,0.29737101218370265
36305,0.6444751932140391
33909,0.9850227854604234
36684,0.7736485841663763
88787,0.4697107932482132
5125,0.9901774220913306
96456,0.44446354463589977
100451,0.9200675217461409
672,0.8967992457200198
2769,0.6295702051276005
9242,0.01766912622333295
36840,0.8555243866720097
92915,0.9595616777480902
53862,0.0454974242671747
92411,0.46815645245668236
2898,0.8437053321968591
19531,0.6503867061908806
47770,0.8968632385485128
94350,0.5648360969048303
89205,0.09189109187388475
59271,0.29510837297786496
73559,0.9011602251476168
35876,0.1962836020565289
1124,0.785665201549381
55758,0.3249098138362663
27800,0.8785806061683847
95921,0.2415754618574878
90850,0.9589813552605457
67816,0.6761883925144678
70511,0.2257976449028296
12435,0.8355889597009235
82454,0.3696763704531911
78358,0.9180135392471581
46740,0.291327895365068
100956,0.11256346894848406
92319,0.2262363652841956
18044,0.42829427591843905
23905,0.098307397257542
5811,0.892029556750427
81252,0.501287718895955
62867,0.19399125741300977
41210,0.8863703350031624
43549,0.2606667517091029
103807,0.725862518778026
60885,0.28280612132536487
7522,0.53777529958756
85303,0.9566892657179924
106575,0.3124361932608125
20611,0.3339359191347576
71692,0.8826775748745013
2623,0.37337218806328853
35836,0.5264446901745379
20442,0.21016617527919607
61523,0.2537554253207359
77677,0.16660307398173035
80546,0.40807097708161044
36731,0.2553643040415816
406,0.9446580500251732
76807,0.7627872030725998
30786,0.2758759533507798
33955,0.24705717340417624
97280,0.2956765586369619
59464,0.3196953071190586
67539,0.9451394843123762
24006,0.2894335796634466
10504,0.9984576835052962
4761,0.9158014263946135
17116,0.43549240746665174
45348,0.40803597279756876
27158,0.6516905123495825
95018,0.5750756160301643
52617,0.578598399405424
92514,0.5627377537645082
16579,0.24608598919152685
88082,0.5276101161859424
63377,0.9713363735516798
100532,0.09161098274792895
57329,0.0220990190140731
16635,0.9282358533610666
6974,0.0137771173217547
17773,0.1867398538766922
8296,0.5060347836527349
99140,0.9485200705754291
55910,0.8122394568025768
18845,0.8929093527176069
75295,0.9712021355252333
21725,0.2071087322757326
22226,0.7196397779100804
96840,0.3145986788360342
70051,0.33160125868580637
34100,0.6681381300855215
57844,0.6339032704473606
70993,0.041714580583151695
66414,0.8202583118678073
46674,0.26054544565843407
93752,0.40296888746320375
92435,0.9824658618868204
37500,0.4571229149232654
56853,0.590549718159767
9443,0.9542376475882188
99816,0.8250159034554259
8717,0.3807897350626895
75599,0.5548165104407343
81971,0.6587703917379693
85158,0.13935050986060105
39350,0.25177178450186655
52049,0.6190467420272461
82140,0.1239500880084028
6755,0.3998638805003438
20683,0.5735584984287746
83701,0.8860958801119247
75241,0.916184686682305
95970,0.13282444135767124
101659,0.0375450362110175
47233,0.7765167554840589
86028,0.48935626007159383
41131,0.3334450313994414
54595,0.45429330146435365
77569,0.023659294018396802
11808,0.25494020333577444
92335,0.8317353262524192
77221,0.823306344129372
58213,0.19850146712980485
81687,0.049713229201239204
88983,0.1218505558838
103781,0.12372618837307925
5839,0.9865186823948429
50704,0.310892108669672
41307,0.3384688528163262
66524,0.9927409890947136
66762,0.23760347270980356
37291,0.1840771163758348
35582,0.035525193572240946
95763,0.9109983466245881
57070,0.6598386034640784
98262,0.760056228665134
102454,0.08893953082677525
77409,0.7784954622542778
96948,0.15912628238978727
63730,0.07245229736707015
96065,0.239725167173644
19142,0.8123111155021734
80975,0.9890712473156125
45052,0.9199117437790842
72532,0.5508375049238738
35240,0.0693781614804309
4074,0.8902424729109242
3116,0.01003358490182155
40238,0.3741097093590494
83980,0.9565095156854624
71077,0.3403284919414903
36494,0.7816031701364659
102186,0.9851676454370856
8686,0.6274631262583281
33403,0.954846737330547
94903,0.5999969435838266
98535,0.34923598850769705
21363,0.8867955740577732
27301,0.640997871208506
62190,0.208768997006031
194,0.6015474387402101
59599,0.7288121692013011
41074,0.9521492089142959
27736,0.9746839584683268
68224,0.2596365081120725
2846,0.7510458059252101
73329,0.3792930338502131
5316,0.35547934057226976
2706,0.08236304679043455
18783,0.6797172200580893
7565,0.3292305564416314
71519,0.0363121531877857
51119,0.788514819787479
73556,0.1731717547399788
3629,0.5848614962825014
96197,0.8463819036743848
76831,0.7443259123245582
41283,0.7617137850609268
57436,0.2172401604292013
55158,0.9666046306941927
13294,0.01057510125034375
36363,0.6888757895073976
92465,0.5246618602460514
12609,0.8930943936026194
73237,0.09862345891924065
106084,0.9969971284715554
425,0.6227259323428067
16773,0.9126691690997915
102694,0.9728150433887468
75930,0.5314067062502963
76772,0.8672557633886141
73463,0.2931319588285024
35492,0.5799136708830424
100962,0.309118461627815
58898,0.32442223834197714
18809,0.4589799047963444
76369,0.5060347599423409
103775,0.745933064309469
50947,0.24352386556618816
107105,0.1593222223828448
52820,0.625289510174984
35491,0.9757235860965299
23943,0.7279261430522408
28067,0.43845373582714686
2091,0.7893994863158896
19327,0.9118449430126567
45743,0.8546439529820926
11684,0.31082222117458
37212,0.933348635680353
98860,0.9894107955999307
70244,0.5283001211769429
87254,0.6495993424171151
81809,0.5750639237876871
39662,0.9555848808319193
18993,0.8729526049157723
102329,0.1498653093548247
71104,0.9703822065552988
103136,0.885619855098427
62301,0.508885989155709
97951,0.6208075857361083
12261,0.4908035643381664
29607,0.5151304552181833
64961,0.6370905566485368
105560,0.14328624061153436
14058,0.4761859928128108
25224,0.51843307920128
97216,0.33447247920504936
66479,0.9745665706598245
43400,0.6264266795702335
103361,0.9870681714669802
71857,0.2700125399682229
102951,0.7710329679741715
70474,0.8769898236996676
1561,0.9848142539650873
1056,0.42279660963283183
5929,0.2576424378395549
3326,0.25529513741325754
472,0.4188884627360115
105328,0.9949920692645905
18584,0.9610520094731083
14336,0.7718516774460698
38718,0.7701536939357495
81705,0.0296962247446039
90578,0.971094046715044
21136,0.6478577061246601
96526,0.6932119160192867
70688,0.6716588299510888
32076,0.4472570901128923
79227,0.7126830860653524
70403,0.7106658428927317
36172,0.25005801017362755
69145,0.7961432947640745
79692,0.16066438285306806
92917,0.0859650542180596
85506,0.9007116860659052
15441,0.9361778866641659
102805,0.3878073453522719
53322,0.19867700304998
53628,0.2878568264516047
67053,0.29928223618253724
49664,0.2365245213593132
52379,0.28436669086626976
89927,0.425656191311358
79306,0.8874501880951813
61848,0.7733413010046992
59894,0.8697263608936532
6343,0.17731677240687754
49379,0.5018059143834291
43932,0.2820436572870288
51891,0.2307048905176931
47684,0.649278669706735
42368,0.5999506769951899
94677,0.9599486281672331
81349,0.6862497275416417
101549,0.36718029004676034
102583,0.38847648352303144
102751,0.6074478936517804
73545,0.5284858143252278
87746,0.9652231929610919
91360,0.9135565690561095
50130,0.10622500745353936
86506,0.8363823746082678
43251,0.9387528562048779
82991,0.9045846449171924
1196,0.527330803870111
35346,0.8814677867554921
95915,0.8629285630905359
50942,0.7428925701198132
94004,0.9589460402945996
67116,0.9743403322369655
85848,0.02335793248219355
92443,0.9569032596682041
27564,0.3138799486421521
1052,0.06344601454235399
56865,0.6814607806515796
71213,0.6453692318924632
97167,0.1435038604429616
31611,0.5541627777795151
97081,0.7099848075555478
85914,0.3267655791796982
77780,0.662196617131426
79735,0.2100400322436325
38070,0.5734059957859379
104624,0.5084239884513438
85892,0.4650094563880838
61573,0.9841785393456068
106356,0.4943146396810837
32933,0.543722336859896
68606,0.8089156778898723
26191,0.07305833810778375
72996,0.9981684977997327
14888,0.696071994045138
15547,0.6862216627956521
82169,0.6441102069042488
79334,0.9952989844126141
71949,0.5886632404052035
34097,0.0600161336574475
34726,0.2031846568228394
35190,0.8416525921986768
102937,0.2378223594866976
47205,0.881038456974976
53487,0.31420676318304397
32023,0.7698489427793855
84844,0.17937275713626888
31030,0.7399451857757541
594,0.993567602228297
95995,0.0309547050268508
29256,0.4857376301110502
28103,0.9716316414117766
101705,0.49945855881335405
54597,0.5768412949464972
86133,0.9705604450624885
48719,0.4724088879762841
13481,0.27341812186934034
56647,0.5657750584959869
103100,0.2720749297292447
61338,0.8552378429922702
1745,0.5333501205837142
44981,0.9135929228298623
21909,0.6656737797929109
63191,0.6567723486867667
105688,0.9894787963028088
50576,0.6340571764856098
59004,0.9080130210928266
78710,0.0411703871898999
81266,0.45555845281930607
53011,0.4783206189471447
59454,0.6020914971413189
62370,0.6133745377610623
15436,0.8132166324245398
47496,0.1979558063681249
46929,0.37872648311269497
31547,0.17287232514708864
40230,0.09930719852383615
72864,0.33636622840294417
96419,0.25107431757681564
100337,0.8674078033643149
16843,0.18154507704698508
31034,0.1293010576765633
21759,0.824280132125679
46175,0.9967864215844195
30282,0.9951341234678461
38301,0.4378859190601815
29861,0.23041900775862664
31215,0.26049466427143325
75124,0.08111465348513375
49611,0.19122209612927454
79184,0.7388209690486651
98827,0.9351186798116327
53215,0.9813165573842505
67845,0.9194090501586338
103204,0.8074628129682344
30524,0.966043763955752
59626,0.8826982318723607
74164,0.998408689106079
33755,0.944875820206345
86222,0.6575233016667197
41359,0.8692645099757175
88380,0.02236963095296765
34779,0.9204782550823924
20786,0.49760357652826925
27313,0.8941555072868297
1923,0.4648066913166057
50465,0.2539347426483029
18269,0.39243433724502835
101096,0.9594456841466785
51741,0.7997091838881478
2655,0.0620570298413034
51362,0.24422883358430048
28358,0.5579123191642388
89742,0.31908248788947036
79000,0.26296256388309047
20164,0.55379501210373
27133,0.5522051582990899
22732,0.2054730488933818
56571,0.9222872538199932
67016,0.6000646988537274
75456,0.02530547000983355
17639,0.16545960134060236
72842,0.26732134329646096
12597,0.8547146800569572
6071,0.6473728287472162
67489,0.35549025315123434
43846,0.8972378572445846
7860,0.29698743985879544
46167,0.4862151398911899
1043,0.20797150979568096
19831,0.1874425171810211
36952,0.6621957102516356
14413,0.956478943927057
101104,0.16638817233856873
29305,0.14553093434243874
14320,0.8403809312362744
83868,0.5587088082110907
19295,0.7318662788997591
50380,0.9605210767842045
41683,0.6806467294080709
11830,0.5989594584116098
76290,0.9755312355205714
27478,0.3496770649521912
10160,0.48339041299977853
34859,0.8043781563280421
17876,0.31006602477971346
89367,0.567653326559208
62132,0.9370476238688121
79903,0.41137081845972384
99802,0.9148950686818516
91027,0.6062946452183378
31945,0.0409514052420038
103290,0.8476254578800224
77395,0.7451616758165209
39151,0.1826705132670266
14446,0.839155167921538
56349,0.9304275586358517
84526,0.916712150628179
62866,0.7661123053509054
48188,0.3605778067040008
1284,0.06422065604284415
34337,0.0496533304522171
73565,0.8501651144035283
93997,0.23779232050300406
94490,0.3960258225250394
104352,0.9304298741232484
96339,0.7808472813522731
85425,0.9707857142534981
1773,0.5837860890381352
81364,0.24078936544542467
7846,0.8865430994692989
67297,0.7682273316424109
4437,0.5874120484230942
83380,0.207370217500685
32965,0.2219322325632977
11367,0.6728063434418909
11935,0.927826292976371
67673,0.8426240342896539
73183,0.11573647608389259
106947,0.10317568959266385
61526,0.2737474682733627
19961,0.9736978359851951
64622,0.0466917470318038
45930,0.932432964950894
31971,0.3508420804983716
75761,0.4773310670743931
63725,0.6632600097315161
76687,0.29755991891122124
92060,0.7857684697234287
100387,0.10153705179839739
98217,0.24156429794787
81871,0.2374513883305246
16317,0.23801333344185643
66790,0.7198408005145565
82663,0.8107986327647511
73834,0.6125280830443249
21347,0.8460427724446296
86955,0.9140505946759798
86852,0.635127898479568
68457,0.13886300215678715
88093,0.2339973892705557
81164,0.5109429426763878
61819,0.9080887661433696
13012,0.7074932439189089
13155,0.08452271631126476
15783,0.8091533541794347
15673,0.273428137734709
35925,0.9713718533730791
106969,0.5012967190957232
25640,0.20372975335002197
97931,0.5122845626634578
50074,0.05535727991393255
29649,0.32393062355216
91931,0.07357889704955314
61722,0.3883951924181829
20287,0.285366886620474
76463,0.9044684699158885
62710,0.9220804899306716
35255,0.4365099919134408
85906,0.3566935572766585
11618,0.9980294893046238
94378,0.9360959694023014
100329,0.4974784667403333
17723,0.16000723205740003
39882,0.40879360413478827
11795,0.9764691083344141
66789,0.9809102133823397
102765,0.5429265320421783
13650,0.9683348363838914
97337,0.2605573697313376
23806,0.6195677240191696
34279,0.29244715467839333
98949,0.515925628754516
82142,0.6208031474374609
15659,0.5023802353386231
63656,0.8310800497869351
40763,0.040425622474773104
80836,0.25129296622609676
104849,0.9520483091799885
86473,0.44763959943028864
51194,0.25904403708596613
66403,0.009318512995939351
271,0.7628045958031632
2273,0.07819533139098185
81275,0.2883449872656342
14715,0.6704976742125361
57319,0.0933897058628021
35197,0.23736344242303975
98220,0.8794334069692158
94959,0.7290424892081296
91613,0.7514625897124285
94534,0.06699986213294765
81910,0.8478684294955452
76649,0.23228987104481574
23354,0.3527205688518569
40827,0.9023132968962094
78654,0.0951972171565377
73369,0.0991813786046786
67659,0.9377446994562765
34111,0.8001397024092942
102361,0.5921359270775802
37171,0.9841465710271688
27744,0.7657892816420018
53767,0.5774257113106739
42072,0.951814539854105
53742,0.17160720337996355
46497,0.946880516245163
35788,0.8556278040232624
88746,0.9045890403797664
4922,0.2135092550107952
41718,0.42315087687164277
8802,0.0045633580178803
38604,0.39176800352322266
57098,0.9580603279612778
13275,0.47685658007986537
18055,0.9091790746416455
49524,0.012819837495296901
76101,0.7644558735708138
66332,0.17507561520750942
91441,0.5371781789459984
81061,0.036678870478992404
96013,0.27365102477709263
33186,0.4248772913593848
75009,0.24845759292327213
73082,0.6862225586655468
3525,0.2863343330594854
1836,0.47444953800307776
34802,0.30898789711511077
19758,0.28448427467590537
15902,0.8005490874674515
23441,0.41737766943649796
57798,0.08951685689015146
68964,0.7017854874322746
68435,0.7228097655684758
26294,0.5126246495262483
45844,0.1759270819602683
60688,0.5799137656600953
95472,0.6452992379314743
39837,0.4242967266529002
46184,0.9416350630463843
64478,0.8068657472610573
55688,0.49309747990619524
89513,0.09554842514532055
34602,0.9394183335561201
25366,0.8756073125766173
44642,0.7386316426944785
66923,0.7614226927687624
83881,0.17717341964635475
13996,0.9741286461866621
6535,0.49788892087065
75328,0.20596273471082777
69789,0.646043908598006
102472,0.12627951729958792
27005,0.21136348422251486
94773,0.8470693663380564
39038,0.9299164706438702
59584,0.33007351623097897
75032,0.5324221129497702
94365,0.4156690145440297
86729,0.5249579353847114
103277,0.618440835952478
96803,0.9372726955509298
58216,0.5018028034305413
59839,0.6668833483503335
98342,0.5355275729244041
60175,0.8887815445161087
82073,0.9221364239253251
93301,0.9841947070878404
63588,0.7672930202603225
27987,0.9957121070289835
80054,0.9584887366818209
28762,0.8896134790380694
92627,0.4720232646728668
37981,0.8266775718527521
103582,0.09012708200297065
26564,0.28369395730127206
54394,0.23287918904925747
44332,0.5269134222863485
22138,0.5678509353423683
94855,0.8973137175853284
4632,0.1011204532684834
32784,0.1862437967856655
32830,0.7660372213508804
5631,0.0616638981458365
16808,0.09378634132542875
99344,0.5745733079857089
62996,0.4201090999274977
94028,0.3004186207169456
23890,0.8755777989242681
65380,0.8497379254855018
227,0.281281282731614
67725,0.6963170019563789
104891,0.2507843946021497
28004,0.4302882631844296
83787,0.11929149643504845
29242,0.35158520870862353
19087,0.6743004710618814
21662,0.9777461106191567
80430,0.9386342646768309
11521,0.2095774180974922
5769,0.2980107326336564
81749,0.8636107436929396
48697,0.9241441355083774
48172,0.9878338236973712
53034,0.18794225299340458
19406,0.8457563623563664
96433,0.3313127155937039
31600,0.9201333956953843
27238,0.09279103466453459
99691,0.9536016969429405
82316,0.731925671431124
47283,0.9551268594389616
97742,0.5897444711778128
22508,0.9156554430858608
49085,0.14095533570146357
35900,0.9792857133330668
87088,0.2618205791900848
24902,0.8942753502922939
94494,0.24019712881402688
28022,0.994428071234703
2059,0.837880335237529
12010,0.9245960684638799
57179,0.939317980344242
43643,0.7890522056353473
49136,0.45317475453455025
43229,0.23776257727300137
94695,0.8215193674957377
35330,0.02028222258216225
68583,0.0209200966517696
35691,0.7367457471942628
58106,0.6485066299993755
49013,0.4758772417321975
4021,0.8182476881597684
9736,0.6562172808595573
16976,0.902831282530702
60727,0.8164806766751027
22616,0.42460949664948633
94363,0.013500759146612449
102735,0.48940063707534354
73328,0.5945252410396156
82486,0.09264915005022581
45754,0.022378676217884752
52339,0.01433886520707875
27609,0.46515777793677293
75284,0.45328528610554814
31833,0.5398816260104691
43459,0.8251551065359415
43426,0.7993268331884718
16966,0.4500343527531463
67316,0.3324152967026181
90027,0.5324038183492609
21202,0.4613126448620651
60034,0.04494545332578385
100336,0.6514373393843049
104126,0.8967025789499972
10532,0.6187857536767886
19102,0.6310995766446477
70178,0.32343724576192145
89262,0.20951167118802333
59485,0.9492267494484936
39936,0.8511077006942112
84258,0.25232191672117305
98035,0.3280879174889886
13638,0.8207892800329408
104139,0.1430828574436892
93985,0.43660132882098523
15049,0.22071195641000246
17040,0.2815309145782807
21849,0.23293437785277393
27661,0.8631091233163177
26382,0.13081238971688086
55516,0.49866229845484555
65056,0.9549552155657051
38204,0.8292324095336222
45724,0.7074672389112951
51528,0.6756737971402133
42609,0.8699719576551361
15379,0.4972160434183413
70841,0.9824033151668269
49635,0.6558655710591135
54418,0.48697084734694607
34898,0.9119331675061106
82519,0.09918309896528704
22371,0.24098772302411609
31017,0.3590402908706824
95026,0.7761967631148392
54736,0.5681188064056797
17067,0.924405647041831
65336,0.6615639513527547
64461,0.26091506890253874
81513,0.17300118909481538
56947,0.9263787167472204
27779,0.20362293307217605
97067,0.6830383022992715
56463,0.2584297887452634
33626,0.8120134925733585
87493,0.15457226706768956
45569,0.9422802574815741
20981,0.010935066845905499
145,0.27618211118311486
22884,0.492791413288862
8896,0.4142455212860888
17763,0.06136864815746615
6716,0.28648644265751255
77738,0.9733103103428247
72793,0.19977766130340452
7354,0.9566990634750975
23390,0.8035456755694437
86826,0.2668175458789074
102897,0.7086834126030874
2390,0.9201968995239491
101532,0.9356723246161701
71510,0.1397937179143786
85733,0.6135163745379838
104850,0.9814998297246069
36937,0.7070788460577772
62521,0.46335859185157796
329,0.5932543155779455
58726,0.36181866409172064
104467,0.20837692837817007
11753,0.26766009644694144
75997,0.623140047096155
44827,0.8984087135202421
81596,0.8786086641788724
5976,0.9312453623485408
14096,0.5943496779811733
32561,0.4632323104231503
97574,0.9191862407824647
87563,0.5758549506066276
4012,0.15629864539949676
44065,0.26145968363257094
7357,0.1322516883944962
32431,0.7791247068007756
97914,0.9099498413754543
10926,0.670724029029493
25951,0.9506175508704281
16993,0.060136976862044944
83006,0.7700221056450856
65555,0.34731440048330936
47229,0.9661238034966858
24230,0.47509396701833195
80478,0.1963100383321553
12794,0.010593064636905099
101427,0.12267097678159561
77338,0.2696858672316781
60261,0.7009358607977616
61243,0.2891922859410194
52749,0.6037058288982795
35153,0.6315751063439872
1847,0.8709417035463902
37515,0.9962790929697264
59715,0.0950055588404978
75508,0.27060102290821475
68453,0.605156516226681
38857,0.624270898326752
76901,0.7572266395006855
45312,0.9464621274634866
64699,0.9427498367596236
107124,0.8954589182416717
106450,0.14973014226496706
59034,0.9526186026969876
28823,0.8853477930135312
16562,0.46486164832392046
7111,0.8544994516925587
62848,0.22532293585980517
2065,0.23392257485463
93643,0.3239292373196788
14995,0.9027470166156522
10652,0.5896176695192304
96790,0.6871369059812451
13931,0.8772132250573266
105910,0.653446044105839
105867,0.5027850541029067
47543,0.5150111901671289
52396,0.4555540263353023
11384,0.12455162942936546
58047,0.6663630319177991
27059,0.13563535697943496
62378,0.9656776809303207
91044,0.6369098707409925
65285,0.5533469059106574
9793,0.11744841470331785
87140,0.23619074918574662
60724,0.8204256952654065
102439,0.4602460127691071
79462,0.20174242761616976
37993,0.9828156575011162
83192,0.4499400931848181
16217,0.7807020566539452
50809,0.872724015388538
69198,0.9312045634145427
4837,0.5986169802057509
1378,0.6425793108139308
6627,0.4009648304982163
44185,0.7192792655305463
89323,0.4875359350847851
30419,0.40002898573536383
44183,0.8429705126494378
70038,0.420303533673542
42202,0.08954295829817055
68211,0.05878169427448775
86889,0.8294573835523616
70314,0.7734862366981546
28421,0.6245986957229209
79594,0.6885535661177367
63970,0.9364296230143021
66554,0.8394329090096291
73096,0.9123473241402897
63901,0.5423167736795818
48610,0.8893409899133573
4433,0.7072343266630814
83417,0.7075109767994443
26109,0.01136983520071495
107024,0.813166674892292
103750,0.4285858959528981
83501,0.9937833204957163
29599,0.9441017198559578
7580,0.1093158956222669
90263,0.955789575539319
16027,0.8699592090755497
96145,0.5676013697440437
38150,0.889389802630428
40057,0.4301778962039172
31590,0.17494188004972305
101651,0.9046909681568608
98893,0.817324037765726
5608,0.7941288152101036
32223,0.6202988161980911
104466,0.611543770516993
24293,0.77745689726663
48837,0.021978046037089
63309,0.1522959922066754
55433,0.19906128554971805
35375,0.1306596542431021
65396,0.6178653970845517
91489,0.9409231833468032
86721,0.732796422117691
10224,0.1312168500937937
87346,0.639223017567657
57170,0.9995357142215061
100290,0.041011752612801794
35196,0.6736399920564251
44191,0.033318104810881405
92164,0.7006536784900883
29280,0.8021302587051021
25538,0.5021309605399229
83987,0.6692075112641687
62898,0.404806495169319
106361,0.10005805301219445
25136,0.3870122438417989
29505,0.6112259376727806
83536,0.8355652536025571
45658,0.0932356150473215
3288,0.9446850747830361
23616,0.9265060876985529
41581,0.41481871962866784
11609,0.9361960463950325
90769,0.25046219772624506
94406,0.03172875637965785
6965,0.1500768253552161
51073,0.7632687128974166
51777,0.2861515962515546
61494,0.3366067510180947
25372,0.43790817864746134
71318,0.6447356920201444
46254,0.9671022807392857
46722,0.6764321557447082
42554,0.8576323437608679
47197,0.32279345422199945
51552,0.08467970034863906
4582,0.374598676289186
69685,0.7654920449017985
64327,0.7252646552268971
90833,0.18831635021608065
100852,0.7930013349361238
32398,0.06226379402065725
94635,0.7309995255108032
24454,0.25642414914449185
34791,0.9346392602681592
12741,0.014982670702964902
14778,0.7555197048426968
48422,0.3193243907839812
44847,0.4345122001817983
4140,0.12457393599233016
79918,0.3853901287607052
11546,0.514445622612518
8942,0.2535472021042355
40240,0.5122747905785117
70332,0.9319615660007854
27702,0.5818112946517771
30292,0.21695744901481215
95337,0.8852240895889536
53342,0.45413408555521495
23596,0.1897800368378973
16604,0.882140631945326
23231,0.7781857605006763
54794,0.0761813813650983
94579,0.28994780647009105
88392,0.9482287462891518
25986,0.9462892652749428
102710,0.976177133599882
55373,0.7037238164218145
20649,0.6456603301335322
48177,0.8435510551697654
76434,0.7036693393169373
70908,0.7962377254964004
102742,0.3775998240693862
25058,0.3432696762151045
78434,0.8466474853913534
80726,0.23023448763282528
65248,0.5926478486226617
88275,0.8963223516951333
74074,0.9925951616444451
21876,0.8203071792514316
103450,0.7358583220078384
67928,0.9744852224120759
59256,0.7456593237795183
46298,0.956502798114556
98195,0.6897333570463431
95110,0.987719736105258
82195,0.17960326606776375
21832,0.9695139113661966
61503,0.46596911550665154
91959,0.43610778060947913
26200,0.2859609731530471
25686,0.4444827889487196
64370,0.7854590041430561
57104,0.1593046607230314
85740,0.5921261118399601
65082,0.33707316118689795
73465,0.9307543788170414
14815,0.818684298680286
62566,0.19635560974394783
65389,0.24659751002637287
36629,0.7057907161314086
2761,0.4549086709533426
46122,0.9178777174705444
46708,0.9263218522241029
48543,0.8581553756833299
38437,0.03978888240768785
41679,0.2912225150299092
11943,0.0366644249304503
80663,0.6535759559729856
57362,0.5817704150467905
78294,0.6144208129597907
11443,0.9778831263042951
3339,0.0966674414893958
8333,0.9771027034349635
73688,0.09752338256593925
101048,0.3823423434439107
38807,0.26991749489107764
91992,0.39389846369584525
103660,0.091603293822096
4349,0.22981929527534525
23900,0.30192910020844094
54890,0.9645885447582417
47554,0.354120282238525
57897,0.1679626552772048
95129,0.3617494206192502
97155,0.5960004633340583
78284,0.7997982635239846
53620,0.9006595850047615
17540,0.95241702624921
90980,0.00792095654037155
53178,0.6763525043074471
54282,0.11896028579143089
83611,0.9589589248341583
74832,0.256939292741061
33521,0.7942008425502141
22312,0.519196437847594
8327,0.9016251759203029
48181,0.20140878366772244
61597,0.9219628053046853
56734,0.8618265228487059
7246,0.20722115125517926
18123,0.9025552022565004
18892,0.989790194453226
48849,0.5415757397002411
47669,0.8863156733965181
94924,0.890569239557844
48512,0.9554381305020514
9957,0.2672818306661059
15707,0.7018053807702458
55630,0.9829232030937298
9362,0.4122788375345186
66120,0.0628225021293222
16363,0.0497958955923192
16402,0.4694775935350952
41921,0.8591218805642926
22353,0.9487722340225633
14686,0.02621401926332475
28415,0.27762848824017605
105355,0.9880808104416929
41053,0.0816251313337506
37061,0.2489027404133744
6933,0.18462089231893505
31839,0.26884805551498264
44786,0.25446469817430145
70036,0.8416286135147709
68703,0.10816662088040174
42378,0.35431512318086283
36526,0.22743437665039265
49901,0.38003497729666014
74032,0.7249479832965439
45628,0.1697092227871759
31979,0.9811196728265109
53486,0.5870815499708654
46763,0.4393036997465284
85408,0.49912357206926117
22637,0.49720974529600626
85061,0.3686393128761887
22921,0.9255625229977195
29685,0.3806536790623415
44220,0.07650656050889415
1290,0.34504058652943936
35918,0.0308999342924371
95177,0.9624926987918071
31992,0.7612327983608806
61329,0.5244911495884522
58169,0.058387684965464606
7717,0.7826099499872432
81789,0.8291124517363846
12979,0.8093079442496136
43043,0.33724453134907445
75875,0.6491675692987782
42519,0.9355514620643566
78452,0.0187606580128283
52550,0.6329697156782812
106635,0.5098277747496714
95352,0.8738766767038902
7091,0.9723705307369547
101511,0.5997259363703346
61044,0.9973212350785132
63031,0.2738070507596904
86820,0.9649307250669824
70201,0.3882195533841154
92595,0.9405668393065221
45050,0.13131156249927514
28950,0.25446024518372984
25218,0.1668909323083465
49914,0.1449047087099949
28318,0.2579980850888913
20136,0.7959606271651394
71667,0.9098838342143192
100422,0.5239818460534955
13447,0.2475587289091202
19832,0.8705405734925352
106236,0.09662543988541875
102494,0.7623620949027179
19099,0.8261415861844851
1374,0.3900099564133853
100798,0.9139164089469027
50458,0.27351615659246187
8098,0.8156789458077317
46587,0.8780017267245637
97916,0.9285184198223675
15653,0.14177800986133604
41534,0.9571522800625842
1648,0.7386313975253147
20773,0.7484249342763593
67182,0.48647264934075424
75074,0.31838429012802255
103776,0.9573934372078228
84381,0.2450864015895301
66906,0.537764861122697
76170,0.8953284338474397
3635,0.893863441668375
100541,0.28959186481014365
42074,0.29649678297315235
61498,0.9335421209818784
5817,0.23400179064135865
5050,0.8153360443086282
79558,0.44661340261489313
93493,0.0645558960073006
3526,0.9655674431000324
14253,0.9559380187579787
41847,0.4636793430717683
11067,0.9391644436931519
19072,0.9766059056911334
42248,0.09797938942396295
27783,0.6984046089653723
97731,0.08486775323828785
65049,0.8540054944108251
48336,0.5645442449072322
87509,0.2383324701889474
22247,0.8746918151364835
98041,0.9335514599503487
89133,0.7892426219979909
28435,0.41047242788625327
1568,0.24860756908850515
49259,0.6038773966777415
40251,0.7695573634223374
21063,0.7420728391334528
39510,0.5324417882494128
84092,0.1071589064327694
21541,0.7778224675089764
56060,0.29540476958261525
58625,0.05988109132042245
55009,0.19570566511318555
4421,0.8698880516983547
58289,0.9477564584202955
81464,0.47249698710955956
56880,0.4412714938529815
94733,0.7569941659943265
89920,0.37886807978831816
95370,0.6491738713404264
86551,0.05782109623763955
64842,0.6028832524112412
98219,0.7333594595416587
14959,0.8023318837003593
61918,0.6286992331940259
30768,0.49208896977771954
84626,0.5297369509636923
87409,0.9846341241175474
71910,0.3819701536772404
76044,0.9794432671243369
93349,0.9365215811439467
83169,0.05705529283360645
40924,0.7428231685468722
83906,0.9795963287195701
90343,0.7539530818576924
99624,0.6955646099033211
60372,0.2831646860859724
17360,0.40763509851248625
3376,0.9611092509214332
101531,0.4946602756316178
92693,0.5946808071685317
63830,0.1873789818437293
105550,0.2695195004503777
67793,0.4421018047348518
74065,0.540171528659308
52043,0.5305621526807794
101272,0.829936611061144
95104,0.9777158767622085
12014,0.8759442422907185
56921,0.014504597000753149
91011,0.26190060563259493
22278,0.5664345628929908
72818,0.7795354633980749
18017,0.14524336336503374
85902,0.8112480285719899
73281,0.6716078522344897
66154,0.30951480622280975
64930,0.6021446534721504
99208,0.8623717437866093
46912,0.4383739745709583
82434,0.9819590674196733
34011,0.6824027578115567
93158,0.9919277419520041
2811,0.910488902450398
10413,0.1924679939788541
19194,0.43436454525104223
49608,0.9378382810701786
66841,0.9849261621521788
58801,0.5804983900779592
102353,0.9852211723180775
48903,0.5781572400645729
59202,0.8133973659732009
88029,0.18010949423031697
77130,0.298551673312377
40716,0.7139778513257835
51834,0.9372172135482426
2106,0.16848248284105455
43645,0.13146972975984655
103317,0.23184612363022924
90097,0.906399204812072
67179,0.6072611350357142
75619,0.571215305999593
91664,0.6947255134165257
84404,0.3007564138784038
62415,0.33499057953047817
44375,0.29480498930501364
99252,0.5117503160015082
62134,0.7124479133853021
36512,0.8286500172390125
39584,0.2575931576750469
49182,0.15112472104609234
9209,0.1394736069578652
23385,0.9533277513808224
14286,0.6746914715626648
29787,0.21552885677803085
39647,0.8567960894313822
47671,0.8043396501246672
28786,0.8149783456120376
59678,0.929685338225164
30071,0.2508029043618304
89480,0.44144245126810266
12125,0.10985430270404306
93053,0.2233985946412734
19649,0.8677459186756418
18321,0.8135476097457797
55999,0.3208492007504219
31501,0.33196114810806676
8089,0.02228436421874945
25411,0.5788580111064625
91874,0.18316285307257005
466,0.8818826977633993
49124,0.3385083932627958
16452,0.8937640482506812
51030,0.04475729941343095
14352,0.2420035687637052
20051,0.8960899710659058
68506,0.8724490667890223
46932,0.21029268098675005
48724,0.6079008078180217
106754,0.7787638136104922
70520,0.8022464601452616
32716,0.04651402052347295
19783,0.7525746512114091
1729,0.039669654943492796
38511,0.9922811053795435
27811,0.5335373150846925
40368,0.2692220206380812
49438,0.5819453682763928
106631,0.067275118652255
43598,0.07505710407206005
88438,0.26146220438364687
38912,0.27310568813635555
88719,0.7591954449676108
33208,0.2591093049990189
75282,0.9723644879506326
73266,0.3886340691064267
19084,0.64628910646467
5823,0.252502929879886
34194,0.8424019314468099
36136,0.12375404567002364
55696,0.8528285416504415
27683,0.8778204283903812
49127,0.8856206026950337
58850,0.2924542259487005
19462,0.4543240450140523
25121,0.04328479320915785
32769,0.30222056192782176
67726,0.4908698560227579
30824,0.6849602469848284
104718,0.4152620190500462
93260,0.7786653533204291
72559,0.19315690141249936
34565,0.7968436292029135
29042,0.860091485297295
98338,0.776113246690706
39563,0.1790322786199918
70885,0.147661652365496
7911,0.47277722149795226
23393,0.21511836654073446
29608,0.5882337094638522
55788,0.2879319935630571
30151,0.6963628282701612
88907,0.7781593666351323
2054,0.022170781553906952
24459,0.7766560143393832
21357,0.6988316832558259
10902,0.9052366730539712
46706,0.7105934432487311
47885,0.3464185543688091
105126,0.7202934048581326
51203,0.7090972465028776
87021,0.9954999995935425
16789,0.2913677698540096
104871,0.4045934929927474
36294,0.46258255681337235
7053,0.6766626039322905
71733,0.899222124178822
80090,0.1162371091464335
6574,0.37838118054631753
31797,0.4555417075520372
19952,0.8973336016345468
16668,0.00708135370144815
48236,0.8809909990728249
40314,0.04595443156822335
66603,0.7246954451178484
23583,0.6464029698639184
61738,0.5023820193956161
50567,0.2328743039127457
38284,0.8272981784016209
3562,0.8996604047140275
42704,0.9303096310875658
21007,0.558886257094063
56284,0.049767568624414546
72475,0.8494694562811352
24080,0.4479096430392395
50203,0.9534021064307248
86643,0.2132690237529712
35152,0.5653959832183157
44133,0.5249549606182741
40041,0.6007087863935952
82527,0.9292932452312093
35320,0.435407871404788
100607,0.8064337144139004
91405,0.7912469560101236
51837,0.041887458273370204
22239,0.11352311175503546
79207,0.9728748352117157
65262,0.7978608052484986
65622,0.13298229607750955
29865,0.9359773016703209
90444,0.7870280047739824
58080,0.9283273002159129
96233,0.7195405377295191
104292,0.9258889855629168
23999,0.9447709958290017
87724,0.39363895630560225
61964,0.5016783802801943
28233,0.889680179348562
87041,0.939078794654346
29483,0.4499499299057121
14131,0.2351102318637424
97450,0.9603468019621308
65873,0.9207855833019594
44510,0.9099217473572123
35799,0.8196724619571164
91708,0.7933256263473116
93454,0.7620317584021095
8299,0.010704313233364151
35919,0.24131447306810655
628,0.613021274283577
21766,0.6493107628923939
44458,0.8476486981227249
60983,0.9444563635172857
4255,0.6960244194156064
49690,0.12911107111295794
67251,0.9292038220430952
18018,0.9273287456944427
64334,0.19696887434573485
23020,0.8156811867768619
64539,0.4707782207270545
2636,0.6397703877403178
4239,0.7535752938107139
2916,0.3598758091817898
47620,0.5287226376028467
95172,0.31580836156629155
87497,0.2205653576107683
102911,0.107179811160654
62964,0.5422622032673476
17161,0.28482670695016776
67138,0.8062270640210569
16931,0.3216889619054263
2191,0.7294608861551326
85278,0.1485205249513039
32044,0.609324801206234
13297,0.2938287916867513
22001,0.27020796997329294
25536,0.2206577646154041
82091,0.8725924218361019
79109,0.9465027402563594
99901,0.4193263442080381
87478,0.40708034109199714
80502,0.8803862520938271
77107,0.6942021637305855
92705,0.9468288813973351
82783,0.5159361416345618
90183,0.23401771629837292
53221,0.432553607059074
54010,0.24824557124187885
43465,0.17552846329666605
37604,0.7814206737242891
12589,0.8766697191638368
76240,0.8745394677862863
9378,0.5202895639055896
19599,0.8516526901154982
58146,0.9653711589329004
15010,0.8971231373801392
61669,0.792230040068546
389,0.6293136593533846
28590,0.25443394715921325
26249,0.8155705451082009
50580,0.905900003318503
91531,0.9711524775393412
76422,0.12828493171534194
98346,0.23635318683989376
64132,0.8112482596895538
2103,0.6677194708961887
52810,0.25380499463678763
99888,0.7372465103500265
105511,0.42528271075765145
45949,0.614720174015458
35279,0.5115692671803567
69937,0.09065527544974625
88281,0.4746560535246754
35458,0.6715596814721057
98724,0.5720692670063205
33661,0.45402808949320095
36453,0.9747138088791047
66277,0.061790584145265406
11313,0.7088814058783256
54039,0.28032664523845674
67162,0.3050266555045631
82272,0.9555605651836983
11190,0.6361114216657877
51756,0.5857563408141027
87877,0.0308328848454382
65208,0.5474371744224481
938,0.8956520174869737
8843,0.2381234772207908
62361,0.9885684898332852
51842,0.5914065781985363
68472,0.18841021111836226
7764,0.24237695520300584
42727,0.4715968143924837
203,0.6506253181107717
37980,0.25539480650154694
102455,0.8903920914032367
83234,0.0168971356944822
57168,0.2068508844888837
34845,0.6210662265630014
55704,0.48752517554865993
43121,0.1543002958552476
33031,0.2731792329559777
84017,0.8720935956607696
65439,0.42304946357438206
76588,0.2401574524486704
97248,0.13495147713737435
36473,0.7935530609921702
33423,0.5595452406274795
56678,0.08552054285730815
40269,0.5721468423129938
60140,0.3639845146656411
16164,0.8789616103407655
31227,0.5761095349562781
100102,0.427561746500403
95294,0.06365202782897506
62010,0.3728297171076713
104912,0.8159549675576008
8993,0.6108129673867672
15518,0.933860018124445
50328,0.9833681625182051
40417,0.157547696098331
93859,0.0623105706974659
5016,0.6871039485999859
21094,0.9234303035384563
26228,0.8386947487232457
39317,0.0785282641284768
6096,0.2033192953644984
71548,0.7999789032500997
24220,0.08291555759868491
21791,0.7855205749655811
20371,0.7130697213155788
67898,0.8680656824941745
103635,0.7965909995463945
49440,0.9719456518827141
94769,0.7134723954802153
10446,0.7684990275455164
33663,0.6891630564689002
16336,0.9010913344956339
13881,0.5164840757996253
45024,0.40590034115952633
18329,0.2645764259338572
71536,0.9369677519256643
45269,0.6914701494626605
53758,0.8314343085781961
30249,0.5626711990904578
16989,0.2930088900905279
66127,0.5773133132280308
20159,0.4010386961008864
23049,0.8560665192680541
106243,0.8367137820622883
91756,0.03462456272182195
30302,0.46916847617577173
50487,0.9285608315177768
94582,0.0876164772906251
85863,0.1270389324843216
54544,0.46400455068296753
24480,0.205903953036912
66645,0.8667258859175123
48238,0.9978214285527198
87273,0.9998812512422894
84861,0.4913204545707771
25328,0.03993715588436205
93455,0.785640595396065
76358,0.8939876531933904
64119,0.9653762854386192
95989,0.33496568096518636
14317,0.14375462278431123
29470,0.9590413987837322
74323,0.2009119800832201
80695,0.510291025823804
26939,0.7422429083707487
29512,0.5408738868625307
74168,0.8958448601160887
48035,0.28987401322536765
95266,0.1862607023521738
1493,0.507502989349014
50973,0.8945818777420944
74763,0.853773608064827
55922,0.9085603258670472
22062,0.061448797184421096
30450,0.46901821018159773
93468,0.41591381966154706
53150,0.9483199739114715
47326,0.47613506575329334
55563,0.674169007865173
70116,0.9969222404700677
57580,0.6710557059477451
75952,0.24474392946043894
100913,0.9646243447794841
95057,0.48781624199345364
91782,0.1985223615255755
16983,0.028762311761810648
2975,0.747699570357566
88963,0.9856670891886428
19730,0.8117420917814878
93990,0.4997979870799054
1787,0.2621011023699901
46145,0.1634363714029341
85637,0.5896321697381619
24327,0.4201279236496225
106396,0.6496570658885252
105351,0.1436307076753259
19104,0.8915916760001215
17291,0.5215863531407645
104618,0.6825989735682272
97225,0.678686166709526
101063,0.9231452553783273
63097,0.991829962974172
39930,0.9804532254286236
80503,0.7910213820829808
32279,0.7898770847058243
70128,0.3067856539882504
29146,0.051261852346297154
48275,0.7873432310961732
61528,0.1323752744701675
39366,0.01865756924515705
80412,0.9518856384201978
60591,0.32227853205474705
21378,0.7804186475277555
81393,0.19817512556858966
91555,0.5184028839501919
71883,0.0896341668257053
44107,0.2206195991130869
79009,0.9042521674950206
93069,0.844836465436272
52996,0.9161165569645042
6842,0.4468927168621091
49577,0.8317220472888176
52152,0.20684650303151791
69008,0.9547998273080679
32692,0.732780908287293
58630,0.47274077328523223
35659,0.8689579149340698
42219,0.3855083652587433
81987,0.9645069616801446
74,0.2533501329704522
78664,0.7894819700028294
22392,0.116922498809252
10881,0.6538931518828792
24942,0.2967582950102579
56862,0.5061905919383982
19427,0.25117441708806254
34266,0.7508302452691835
34763,0.9349038092034128
24096,0.945055215182131
104578,0.5811256549795566
94951,0.532518688085474
40265,0.5269005585705435
3839,0.6592906960664493
43888,0.34691431220903
105288,0.01383484033254475
12266,0.17167619164378575
30075,0.8062001046814157
95856,0.2728238669083186
52529,0.2858013488998677
91774,0.22379780076400604
54433,0.8456114534409638
103412,0.9946398740120561
45906,0.7677095608813951
51747,0.897337143894324
53810,0.16650860113300087
24965,0.9228944643390442
17742,0.3233926662175005
1212,0.9859264144748277
59267,0.2387749693629891
66069,0.6636077397468687
25825,0.30464030425061905
41556,0.9153713708226594
64267,0.5250746113286227
15754,0.5130250171716796
13892,0.6039598525611997
64328,0.6052991386246254
55212,0.697256200725962
8371,0.7115921192180887
81568,0.031946758717617055
18101,0.9674583941256137
54160,0.5839096486344455
34453,0.8690267611572733
66343,0.8482250786012351
4086,0.07789253016049595
1085,0.9257563365692132
10156,0.5559428127101641
21172,0.4022108547237015
67913,0.6740178634080833
78219,0.9909582291422735
28244,0.405426690697324
51011,0.8862928160237726
3011,0.6718804797451406
8356,0.2563207504627055
63902,0.38264047345282537
49992,0.02535661086300485
26714,0.5487537490466765
106503,0.13201088395591914
78596,0.0529252504201501
7829,0.9781782696824171
20002,0.8127585792840597
53668,0.6328986755574763
42773,0.7442354579916258
72273,0.8197068757334541
81964,0.7302028387817912
88213,0.9765734165931946
21519,0.9971275550513792
28541,0.5312739386802892
99540,0.6797030493184306
20708,0.8515537692269819
25251,0.8940638966953464
10159,0.3843646255883705
14546,0.697078777322294
28348,0.11176379820351741
75697,0.32054432117347953
34095,0.8533537810608007
78762,0.9217196521559268
82267,0.35131235650247983
69531,0.5878131942828106
93925,0.7295178574710307
57367,0.8347684750933377
94289,0.6674939927474999
73721,0.019047266278059298
44406,0.8457057744947607
79677,0.9477681092945869
99727,0.8377751540781478
90442,0.4597495038674888
103355,0.6487873555616013
65494,0.9389584539464122
38906,0.3692064344618615
73588,0.309806272011756
45264,0.4829184425240268
99425,0.7942796782480153
20711,0.01768280705507065
52116,0.6900291209423506
101759,0.9481371543407129
78431,0.7277958531302224
52806,0.9688630842618492
22326,0.8199337097098984
19481,0.7774541167960478
29560,0.932247783090867
45130,0.02425385116938965
59789,0.21979491745702145
40995,0.09783532075067
48922,0.102794849242995
63198,0.36237555745578676
63610,0.16267256440003525
75000,0.8182414472952585
36325,0.5957266548212292
15996,0.5109628739454439
52599,0.4312406400272732
1266,0.3871509334133767
92023,0.43929793612545254
86566,0.5503835182046491
61816,0.5492724387457434
4673,0.6582822829845874
57549,0.9818883990144139
22904,0.7603643399512757
80619,0.2849852894282757
48653,0.9730997155407961
74673,0.8126491075919815
52436,0.48171030755954025
13915,0.9137061819094374
42346,0.2346035364758079
21030,0.1808461514266708
12289,0.7830428045519348
42408,0.02999603309091295
49915,0.9234677857371174
78645,0.2223998142751467
73874,0.9305654639803758
82582,0.6302887059886997
16442,0.4356966887400451
11874,0.13945876296368023
61980,0.24411274611111164
23261,0.21350104077208826
82191,0.14169182820966264
51689,0.43604287343275444
5899,0.8721267769398477
96499,0.7155099010897477
102987,0.16236121353564634
82598,0.07361126338911694
99762,0.601959158850722
78500,0.25267693926064316
63759,0.6978683939772954
13717,0.3295849131698806
16463,0.1960238295740509
44868,0.7487534765338497
91073,0.89399991787808
20326,0.03704784648150025
9638,0.6999266056542846
50179,0.6436775172719684
67939,0.5277050235532177
81082,0.24061457095176844
83482,0.7508956150461616
103547,0.9926521812547593
47572,0.059713197121357656
8426,0.5988498051618525
82627,0.43010601130351794
29611,0.6473814822350059
14886,0.9005094193150165
35291,0.4420869319384406
86593,0.8894699080878595
47202,0.9145756566148936
6977,0.7962140887716624
102331,0.12304929174553865
24357,0.8739685249929423
74222,0.1835166013832761
38526,0.5496939616708966
44934,0.9991773486325378
82699,0.8918706217308627
18191,0.0565087857247147
76815,0.29730774359103473
34754,0.9521379744610914
3226,0.33909025436427226
94643,0.2667986494429633
45623,0.5733237193288916
8614,0.4841029096314097
8033,0.7213728750251185
98802,0.9787011159926341
97750,0.25172407956928433
3638,0.01954317007718495
42685,0.5419910434821772
52955,0.9253711474018773
100242,0.07565165409348246
102919,0.889245084567575
16489,0.4758790144432539
101697,0.2757590828600563
96562,0.008994806089745951
41528,0.8544407153391109
7450,0.23479950748072986
88369,0.6029773486573217
7919,0.5124984638386553
42515,0.9007943831669373
33567,0.3390809947617863
52062,0.8268782176743604
95469,0.6686456767234471
3189,0.48961594271992637
29365,0.0264536731926791
93701,0.4443391581956465
80260,0.8373810074734465
100649,0.07440459240948011
53246,0.4790189052099106
91012,0.37306169733020333
17185,0.9335810068007089
1118,0.7652837904031182
5891,0.5919620586197099
72853,0.8709760908804631
20340,0.2157442048403812
59057,0.8870685652942887
95083,0.8093883987934234
41544,0.25706580890962366
8584,0.2301668525468896
82913,0.5911057473376965
71575,0.6475190538101266
79719,0.02936092088929455
104129,0.060834217651517
10317,0.6998873088591028
27663,0.9727984845187825
22832,0.13788368988698874
50048,0.5865534822333787
70974,0.37948324593012045
28207,0.9684580178423843
13688,0.3102603503444399
995,0.0473818487315996
47354,0.8442778938614576
99701,0.713652217787391
62148,0.480436614933462
13409,0.6614139647620038
33367,0.2431271354718348
56974,0.3632485630588185
74442,0.7171482508857376
61515,0.5833107109302175
53062,0.8715182843900611
42478,0.17315353608804523
72667,0.8895660843767411
13944,0.23183365830422498
44207,0.9916785229438438
80275,0.9734373006199875
85960,0.04265006620219735
91032,0.3412993556755351
102511,0.34218001862405256
72265,0.8793351816943734
54713,0.0799370166035224
85697,0.893588024414004
103872,0.2022192190726663
90881,0.9849484064987308
23006,0.6890114898859312
33177,0.44656205443827385
38093,0.8374759284668749
14292,0.04453352249367015
94164,0.040323723998585456
7505,0.9428162415121114
28045,0.20414429329195843
40618,0.23518389897777597
45324,0.36941809251393004
57494,0.6367022757016689
34644,0.36044812997299525
104294,0.7006965240000436
33832,0.6252929701901935
39588,0.2271726801808049
87158,0.7862930270511663
38524,0.9466866337279872
99879,0.9885357098978522
77420,0.08394326254396225
83432,0.8771302690125166
31875,0.8149593394582436
99635,0.1933168347955636
67714,0.879616100631865
24552,0.9305893092390071
11900,0.6644889469173928
92004,0.18027009889115755
30687,0.7540055065996492
68401,0.31405614186681413
87198,0.9788184724782389
59808,0.9674686996822939
105525,0.5229063027954557
55013,0.8449109701226628
7316,0.5413545336764252
52527,0.36598268505871656
71735,0.8797420469167732
26045,0.4177050484271461
62203,0.5517468498713971
22328,0.0675649290920354
39358,0.5213147036834844
12055,0.2860827492796397
85025,0.9892142857128601
25527,0.6786004890667198
25415,0.326740808234219
14621,0.0898087378236962
48629,0.4102032375495862
64113,0.4896123186696507
76973,0.6217575842647503
26713,0.5633753919521179
31372,0.24231422154057286
55011,0.8635374664927712
26050,0.922910787225806
99136,0.9850909104531396
106457,0.31237057641310206
47510,0.5691980370397614
61051,0.7075765653630777
79394,0.9772089109265369
83584,0.6698250267960733
16347,0.7854020984064245
56011,0.941661311168011
98299,0.18341941590009364
69772,0.9749642850576982
104626,0.3494693653759282
90275,0.30929209762689014
35908,0.8702777312817644
48174,0.29120451660968916
22707,0.19855679462571255
45075,0.32600487980066506
78717,0.3540553543124586
92880,0.2320052018959342
99616,0.27794996461516264
40147,0.9646769845725784
67878,0.6877939499175458
5688,0.8689392558129923
29843,0.3678296541996766
93697,0.9933559103657853
77944,0.3808107665892264
10496,0.09824850861223824
35884,0.8802459596519319
14897,0.270076726945811
97000,0.9790831342441535
74501,0.7052104558351187
35821,0.0539971370955971
4888,0.9975714193943186
3176,0.26058960724904734
42938,0.15142098640874263
68361,0.6320746853336725
85859,0.6898180938739022
47267,0.8519683738183343
66499,0.20317517041920105
100083,0.701814529300542
83134,0.6304205877514211
62253,0.16011230047414365
40822,0.9588315293572286
18377,0.322491108002055
78837,0.2618290528956466
20140,0.5105778909382755
19794,0.08157534894617605
26676,0.9979285707138266
75027,0.9456820864036183
30260,0.6460222680577965
12762,0.771687294501597
46202,0.4860566130704195
2482,0.8657858651405632
19490,0.18839203378285385
16583,0.6835836938900496
35114,0.00367622323001215
53722,0.9871063848661101
33729,0.9751065434665485
101747,0.4127743936591316
30627,0.23029428014863385
71514,0.609597543899449
94384,0.919625061974644
66833,0.7066686295312492
21412,0.8633166151738229
41926,0.08015330782313396
65530,0.7632409710619459
53842,0.23738918955077676
13505,0.4857408607487418
2411,0.6054279796370825
94830,0.8843528210150264
21680,0.29638284628875394
66212,0.14800888673561058
50007,0.5765493834481666
105932,0.49714128607081143
27844,0.507277512801424
89481,0.45343957088333686
43317,0.6406114944742602
41947,0.9852605921324866
101165,0.0007351736873716999
44602,0.2776653621114411
12673,0.48687804537263213
60746,0.33505708783319577
67705,0.5057411116906977
16913,0.9183156385043125
15005,0.0209950086242254
13607,0.9608347039844454
78049,0.33298573384576313
1253,0.3355665839076425
93833,0.7228760008639181
3236,0.9046492792930905
63170,0.8976738568170726
48337,0.7100820262821674
8170,0.6204640576919906
14341,0.6739246392086238
86045,0.6352271945771926
14679,0.6084454403750832
27186,0.8670923712395401
95164,0.2930696059846291
98424,0.5931389839176779
54091,0.23870645695450526
101540,0.8279115161849511
45523,0.7528631893427713
21227,0.8148037381047679
29555,0.8012439737434545
28851,0.4524082331851001
23068,0.5334966969296877
18148,0.94528410329372
99684,0.5907680950186753
44819,0.09351614806845104
43191,0.4962575385264925
105945,0.3658929523556985
66889,0.910818227883785
84551,0.5546114884925334
15466,0.7129639154154415
53972,0.20711042112526934
82578,0.9532544836879464
51330,0.2625828518660935
44020,0.6749034378553027
39564,0.1617318862057016
95189,0.7682029364516983
883,0.23809610626185546
38667,0.1574944951263684
17135,0.46878527540157666
71661,0.4472044234919881
89711,0.9911426487741855
13972,0.38667506145080566
100712,0.38509397433167336
48492,0.3474574730558466
59473,0.9044471314600957
81897,0.9979098610412518
21537,0.02634785070248765
2826,0.9437176147051464
94308,0.6375303761429838
3396,0.6507797924693887
2405,0.9044570397307712
89372,0.262590301478694
33708,0.9446870503360836
9461,0.594997342524074
19859,0.16972118593141355
63887,0.4370752116425799
73122,0.9323749786195097
82715,0.955962404811691
67703,0.12157948056242975
24295,0.32314750376737134
32582,0.43527402044366525
85799,0.4628342000295731
20195,0.9963900825058982
47550,0.8482276280023977
46895,0.1140480431877389
29497,0.5649263314798333
74348,0.709447213771567
36210,0.6718476290361797
22446,0.710811068495538
75233,0.7622962729013223
106445,0.6526448357313529
32445,0.8661461012619622
30797,0.028078803834508698
103642,0.8243300393544901
64029,0.11935700512638284
49215,0.1633792343987108
35695,0.31962338173254357
102275,0.979431991846332
14142,0.5981643564271647
4152,0.5540923918189615
30678,0.5776593157166107
26282,0.49594187977880694
76198,0.8003738020882722
106055,0.6054604573129523
106491,0.1543737397074713
39059,0.04361539695200945
11665,0.6777879695564277
2387,0.14232027331005545
103031,0.33816616618091355
40496,0.41627024522333844
56135,0.2747049258572201
403,0.7534302350591315
10484,0.5123532825435609
64823,0.13922925085122984
45120,0.37866279529219893
49419,0.6748384006256414
101273,0.2581225129620678
47271,0.5121958283266728
69213,0.4260388518171635
92835,0.17701162639381815
51893,0.8666037594607487
14547,0.25053533269650924
68392,0.44752584410716423
66218,0.8816263699513532
4600,0.6392801955710865
45819,0.0911225517862686
68767,0.08739905128880654
67047,0.6182416286914063
85484,0.9477808545131481
104509,0.9875838531761323
7036,0.28059839553511223
50165,0.06390431324826265
84954,0.42370622144627734
31011,0.9556309550891315
70318,0.7597505410468659
82472,0.22355759041661205
92128,0.6800357568997009
65709,0.771643299323966
55667,0.9967142785154539
32659,0.938160273026347
92473,0.4416605207290527
57335,0.688057865783991
7319,0.6647368571230352
53187,0.0793221405566894
102462,0.840077624341323
105817,0.8076848402450789
52118,0.1311258418701002
95221,0.605824051850246
49818,0.6842974804343497
52260,0.9916320825713698
36139,0.3066829558433779
77601,0.058863143678414304
5720,0.8124405543611235
89736,0.6325371532080699
95828,0.7630949743723555
52148,0.0432061564543782
92217,0.9311812805397137
37128,0.19089943803685638
3448,0.7096389283994337
23882,0.4756207516320774
75919,0.7516285682792786
2773,0.9884257888331618
46545,0.36511396346980746
47383,0.5384049743810471
47764,0.9646753384845559
60087,0.8937433442354934
40895,0.851959033558394
60037,0.8572386648398493
56735,0.31492227354714275
90269,0.15591016650288464
81695,0.5937997920309119
28667,0.4775488702902644
41830,0.5471234008012054
12071,0.8702704075336497
64758,0.14457657039380717
95667,0.6618085407960517
15970,0.7626232803826497
8714,0.9990782121656858
73494,0.517856671083917
58667,0.2648220453659882
103827,0.48714882237874596
36019,0.5588775078451522
104906,0.9173344694426199
80456,0.032433853573072796
9779,0.7858653539247902
54446,0.39394942508352426
100246,0.8637982574251621
100011,0.835018130489558
89389,0.08271651581397124
92286,0.061153972310695595
95191,0.5211657219770167
52556,0.40015109330169046
79106,0.6167197608881256
26182,0.40763268337365083
41784,0.9469364280212533
67515,0.18499404819685875
88718,0.5102757384372444
36028,0.7861278155835836
99110,0.26137525562287367
21228,0.9498889756816026
2517,0.0203288994521387
96150,0.29793808417146
92186,0.15425043312229786
71180,0.21482716636449145
30270,0.8388194790838035
62162,0.0277101554855784
80856,0.9410426873352828
76872,0.23018597518282485
2440,0.9540036771815874
41282,0.9695319272859879
60167,0.9657499623341973
42395,0.0997793868255278
68137,0.6297905421826199
61867,0.0217416447342748
68046,0.2386957597630961
11569,0.8170928704464919
103399,0.9950960071300661
87179,0.4291209903961024
96885,0.5366034008142933
14901,0.8980769235077277
25975,0.5053373604038224
54082,0.756395563369118
48998,0.33267185008890654
55300,0.953120094241511
101585,0.6822075909961773
23064,0.9592545660320488
58738,0.28166965844349
44346,0.2378577849673004
86930,0.9458144238685581
91506,0.9605671649765721
473,0.3622972043080379
48432,0.26573213784096716
32006,0.25607639017446093
77706,0.32989083439858374
97917,0.47185280441763816
51510,0.41853973269543976
57294,0.2019734912342764
15801,0.15583801253670831
65299,0.9790483114901776
96244,0.26280014524626005
70475,0.9037560338612622
98757,0.9846614724213583
89247,0.7507577988559686
40225,0.25378939983043663
56253,0.15296836189188084
60914,0.2944836464410028
99823,0.4069451209998562
83113,0.02015515007295205
40439,0.7458842959395269
27291,0.2905111918964107
62575,0.5453335181584049
66246,0.8892637705350778
96928,0.25781086714615664
85392,0.34832641637475525
66892,0.8545589929346045
43058,0.5273684548694837
90704,0.2434588147768046
9915,0.9826111536058728
26056,0.984433290643921
66025,0.3057316445449762
3230,0.5329091051921833
59951,0.3970150235265846
45409,0.6682406433601586
16258,0.3395198030864284
96360,0.16703208466722444
91311,0.7400657515717199
30363,0.8541233139031787
84785,0.1753163861822054
87913,0.4440504093556031
16539,0.8045942047668158
60190,0.964666944608896
57898,0.37937399202715827
72182,0.3965489194936198
95817,0.21472758406899367
63330,0.3303855501081364
90382,0.986428528437209
106043,0.5548464548762484
61392,0.2684465110659213
83131,0.9469799473330205
98380,0.5593327792121039
51326,0.08895758653984276
17431,0.0961191215259265
105844,0.8289102667210517
47380,0.8506137496318498
64299,0.468255366023571
62789,0.5712942985175433
87467,0.25244240847552785
28121,0.9972583650078877
37282,0.2885090109532346
82185,0.4049070859283971
17592,0.0963298622381189
45457,0.6809286713641034
17879,0.17222333279688512
47347,0.9953753979105349
88330,0.30071785775195004
3610,0.6859825562230322
76546,0.788074949728409
87496,0.5190366819714252
6181,0.38944170486947727
95849,0.1452143059018044
25711,0.39556478926355076
67387,0.0207672527436034
38259,0.025415267486990748
62168,0.5784289646798865
9713,0.6249434978513063
81684,0.839661086081831
46454,0.23223416882780615
55548,0.9795607951817504
96620,0.9770956895436893
58233,0.6462713845638093
29507,0.09597955996934485
104543,0.8719942424795557
38955,0.9473827207360346
100147,0.0971354181255885
25402,0.3961898920907348
31586,0.0944880901570976
29310,0.6652448523462213
99618,0.18637863583479242
100224,0.5965293409111546
99149,0.9570352694987495
74254,0.16494520822953315
14071,0.32503506224105544
99246,0.9818640229077151
21852,0.06110506156685555
62708,0.5409701864791381
94288,0.765210923531749
29514,0.9149798797800166
87479,0.8550187846266658
84918,0.955328032666617
42449,0.2129672730652494
93629,0.19723132108595337
41948,0.6734903118989686
100684,0.6053571556165885
96099,0.7933570775741088
95464,0.7172834206435963
72015,0.7009670703330199
87554,0.7198542375853028
70392,0.5795658552379415
67226,0.13956702497827672
71672,0.20076433831438806
99298,0.3863631381422703
13317,0.5222237779753891
68304,0.1181963547615867
55505,0.12650609662553405
56260,0.7112824920363405
71880,0.6841389704199448
99580,0.8347600800147896
101003,0.9040665928928064
49593,0.8593807235235371
40638,0.7404040807674218
76115,0.2333348671563083
21445,0.2540850928899441
39470,0.7163391399446
11142,0.43099807959609937
49054,0.7108087730870789
2462,0.5589659528986003
61317,0.9156655914877816
99570,0.9191196236469933
92798,0.3103243041399843
82303,0.5889167318207473
43375,0.31766165347533903
74108,0.3836678320023025
94584,0.7153139046798453
4811,0.5779399933176452
13896,0.9834285629129857
91390,0.07791088288861164
49275,0.9774542244432229
23659,0.03146568611778365
106175,0.6272934998330142
73272,0.2149156491676779
96921,0.07502019763554266
51358,0.6443068076412233
16956,0.9817110494395431
99792,0.35535738064621847
94547,0.22517363337053248
15924,0.13755010691009115
81313,0.9318297753135762
15929,0.7935509888148996
53867,0.03510145147877575
37989,0.9184490026147992
82371,0.0601213253058537
96366,0.352605430171262
26743,0.3616707141141823
21493,0.7177887145743607
70163,0.9078905788654306
2806,0.9336252501450226
52672,0.27462802193474367
102997,0.8624072226616448
22913,0.31361822475701806
102036,0.763574053174769
53408,0.6553572884428136
23008,0.20464216796611057
31264,0.8177080605056567
76345,0.8387676373730525
17198,0.0327302722227344
2679,0.4640200582053991
5095,0.4912537340624943
106767,0.8336755913655312
7731,0.6501579503119977
48598,0.7224726807852457
39950,0.446331537100434
2772,0.23983745878243912
89479,0.4972627687693636
27308,0.538246344602958
66124,0.07674434451088885
29808,0.9511610030378814
36108,0.9881768147954476
61131,0.2857378264925088
100018,0.656817659706922
70535,0.5170023089621769
32555,0.8762977718732937
51749,0.14340821416310207
74533,0.48052206710217593
14536,0.4739063887041239
45541,0.9979999942339204
44537,0.49126809911003894
62836,0.14406207060883996
68878,0.5521658596872943
8271,0.1737895560342236
51634,0.4142288139501149
69928,0.2517109452621837
35823,0.4191822979513443
2028,0.9255328994271468
46987,0.6267653373609797
77389,0.42165149089166415
69142,0.273750509183768
68128,0.3876940020449735
38330,0.8989206063588131
40839,0.06028663721039765
88762,0.9945690947919938
13202,0.5913682850579849
12164,0.32868873536697474
32314,0.6249959694437959
86213,0.3844844067077351
100193,0.7058647434224562
40830,0.2863074696979262
103382,0.5865709507316319
49266,0.5879381686674988
60873,0.9500836930730784
22141,0.04011882770291935
106176,0.21745829528262656
88056,0.9944240021127835
91514,0.8264500112719508
28593,0.31863239764317763
1527,0.9732001185606172
47087,0.48295176686117103
34354,0.9886369319029946
45978,0.5750733322081628
42767,0.6605204225093069
82442,0.7835979553296628
65451,0.9459280509395553
98499,0.9026727714395657
87603,0.5039873613843254
96190,0.4844484840328476
101620,0.1096762866349062
83753,0.2700805262115486
42516,0.116724205701915
165,0.6215087288731498
84135,0.02971465469144575
83673,0.3217753867829844
38979,0.8343315097321785
82212,0.2820062975311938
80142,0.8305907859629647
9816,0.4836426455015701
92679,0.5548525485326633
28269,0.5584929184744577
46357,0.6850312889358547
44452,0.16803468380970846
26166,0.8660837301277954
24461,0.786126109683964
84233,0.927733098820595
39606,0.8159542460387904
28982,0.2519993100758559
89961,0.9837998373687931
8755,0.9507022806152581
68495,0.4707258275747425
80258,0.44422767163824095
80935,0.8808995119944647
103064,0.6689019342855425
81312,0.7643845913788712
27595,0.045731552644418055
1206,0.20530053992172276
98601,0.02248351019952475
52470,0.893033868544314
80555,0.059418954052569806
89749,0.15897925013478653
78441,0.5300408097051877
34119,0.0022029030719686498
45545,0.6512406217395947
75653,0.821304666754203
105022,0.9994881246917184
70019,0.9328079256834974
85760,0.30475053017346343
46440,0.993360514719223
62491,0.6186327289146145
78165,0.6985130733541374
44865,0.6093855601067407
32477,0.10623481542894031
66037,0.3120138850879487
8933,0.08794029665562156
20413,0.8830150871399192
59053,0.2734727836095718
80453,0.1555500114459737
73023,0.48405907205654697
76948,0.17753203726527075
79114,0.5126228589928192
6511,0.0751470606458702
22113,0.9872138466392715
65212,0.8605159476860975
52385,0.2901306450098317
84622,0.650665734786497
76885,0.49697578564827083
2346,0.516823425776997
96048,0.9076325245444514
105509,0.44225467193057644
22744,0.8295474838251833
96713,0.9442854710041997
5977,0.9977108397045393
14216,0.03798905292494825
23871,0.7778089760611854
20971,0.055293506617250604
70406,0.00217313294009465
37062,0.6609231905637707
45720,0.993279654842343
36993,0.5497719641954757
60299,0.8942051968119915
105612,0.3569803094928559
56938,0.8223030325040057
62552,0.530751887203043
89960,0.2739559242852896
28761,0.07853358444827716
72155,0.5099586908649826
5840,0.8562747088837119
59392,0.0716149669467291
44682,0.9199397052606385
23326,0.9359722668805812
49234,0.9392269206823562
31127,0.23512972750005756
40377,0.5218180619518102
68034,0.8329113726478841
5458,0.34146186096205383
99973,0.3491091489670365
19165,0.0057095169156709995
41857,0.9723235407374117
48813,0.7034403416374525
70203,0.2546154758448465
24496,0.0848815421230373
40711,0.9228476531448686
84113,0.38256976849729346
79538,0.0647970508495254
31122,0.2842974860786517
52174,0.9223100091965457
56388,0.3854648277646312
81550,0.7433498524236408
25682,0.17098934598015147
101809,0.9114340415886673
101248,0.6506785402573403
76771,0.08235891750457261
28802,0.5382213849608214
65658,0.7455117114176608
52474,0.9565547201321893
86160,0.3093553079982615
45874,0.4607314205469039
106522,0.5956226365269428
67547,0.7506177854536449
60619,0.694241746408789
62621,0.2615787545664058
17982,0.7162429015420972
65987,0.054575819464115494
59280,0.2411090496142739
45473,0.20998497038282096
69620,0.9273639487839518
12599,0.684726777113441
105491,0.4676146502895101
34394,0.8487573815884526
96466,0.46185633654736213
99079,0.8796975573320464
1406,0.9914700819257393
38053,0.9929939762503013
66957,0.639160628390979
90555,0.9889727258284896
15335,0.4480593389020545
588,0.4708940608438069
5956,0.9217131512680552
50798,0.725389480300219
62318,0.8754507004505393
13452,0.5083773964159094
73019,0.0143890046157586
57538,0.9579824997029833
72347,0.7005623773097276
10812,0.9214348279216876
57417,0.4174018595043619
52221,0.9538923832160515
104461,0.7875950702536105
57479,0.6573289572636181
83268,0.9675692248604628
71935,0.4524381878499519
21294,0.9496759332196838
63595,0.11759317934751834
80761,0.9997142809817805
94684,0.9254908059130498
99244,0.8496835114211911
34208,0.22953511350346825
105649,0.30529162003069726
31941,0.8777955648417683
88250,0.26646098067035384
101079,0.1117920474755008
37863,0.8940196596698391
53277,0.038375382002449554
20997,0.0223064628140281
15875,0.220809721194962
32719,0.8858670315691732
10485,0.22378230551473133
36855,0.060797670903625894
11755,0.32105836922139896
73214,0.5683746762585578
87506,0.5023930668260733
101739,0.9632534975822877
50208,0.06747184720976081
64415,0.7914874877097773
58342,0.21112062624439965
8023,0.9623311299253094
40268,0.141785505897622
80228,0.2655935335137422
90160,0.9255202258875828
2047,0.5020162707303463
101432,0.972289700937903
98505,0.6959293152799071
30555,0.2723561529956302
73792,0.2611460534406872
64632,0.8408280206231836
33499,0.2081938968078217
1119,0.6285711902749029
1058,0.8674032855134446
8283,0.5241056956852806
17200,0.9442205599391618
78328,0.7137098670024857
17321,0.00787057860136525
8073,0.35889814982859747
46654,0.9101367083925014
25672,0.5238783566953369
1915,0.3523559581017892
44594,0.022670762078823598
35100,0.6379167350267599
65672,0.8939686069259811
67775,0.7218736813726359
88131,0.7509112013630762
98134,0.20357672851828004
59219,0.013652359031029149
20236,0.8704546591586224
33606,0.8484181300443493
5476,0.2688511400992518
49834,0.9971695785139586
36743,0.35485045793767245
76508,0.2127467243801953
74082,0.8397534658022308
53128,0.7698678878827327
26944,0.6483506287918953
95272,0.22978818496120468
95663,0.11227504043008446
9514,0.7927816732801296
42561,0.0450249282649288
13562,0.12243279302699504
12109,0.9521831673879023
39454,0.9010015670984395
104706,0.6408121521175455
22537,0.5260606584325416
4834,0.897042457372202
63389,0.6985196280433079
74923,0.5102116275498532
72902,0.25385662952419563
23245,0.9473741254970567
3773,0.24719651184090555
106907,0.7197738698417273
11813,0.9711055410954115
103912,0.0323792967880074
74295,0.8329932988392843
97152,0.058585282052430646
66967,0.9182893595934033
23994,0.21232349630020908
72500,0.6580506961664648
71422,0.8508238453593238
15866,0.7652463439269275
28325,0.19996668982101135
30274,0.2761039697002326
75238,0.9776476629810933
1811,0.9974282292291123
3289,0.8332914990055522
63513,0.37925398859731435
91050,0.979113936261025
102644,0.11228254797679235
4881,0.4909281026557841
21117,0.7231677101781742
21420,0.12066772313106891
93509,0.33383675032199267
5744,0.7658910810769402
39540,0.8826264117165429
74210,0.1474456974984249
50049,0.6273852510181908
87468,0.8644574713442119
67275,0.6762250203316061
104410,0.6653314219601016
9216,0.24472549154444
91600,0.13522378530644852
73326,0.24323088868528697
18060,0.8524093639930181
89128,0.8421901609441047
9150,0.9146732770287954
51730,0.47036776957069804
6820,0.9495341180679029
49732,0.9985711881691504
83047,0.37267679478801696
3568,0.33420250468618584
81542,0.3170396970787661
94590,0.9967675088741386
36340,0.9715624990233727
107051,0.6065143923677685
11316,0.9758374215235808
70442,0.9982435524128408
66737,0.31719139857539885
40642,0.9437081565414326
56152,0.9359495011672168
41682,0.296921702140009
84689,0.8466447463520177
7463,0.0713865656972208
60975,0.5267437304179978
81390,0.1016934759907657
53082,0.4970705466102219
80283,0.1388833968491886
3319,0.9442873407837812
24253,0.884958376884633
31457,0.9754251318226239
80082,0.8157870532880406
77132,0.7797994045935904
8641,0.105218738670248
66561,0.10755120815147336
96769,0.07177745880357625
95247,0.7373239650828877
20139,0.5712228851335825
13195,0.9746426510431787
16834,0.6742320868647811
57606,0.9300252275045169
1841,0.9923662220755982
1977,0.9420682101768791
80231,0.42629785656616737
5467,0.8670915380778121
7663,0.9807811485055042
107173,0.7486689768331609
550,0.7468377056664177
6315,0.9539226472052674
45508,0.9844432772470613
49549,0.6056005304134522
15121,0.5587024778218259
24177,0.5315380638331002
98884,0.516577499202428
59840,0.8395945770193741
30810,0.9642940031020653
13522,0.8159847828911011
35897,0.7076423905004177
6943,0.6840673601794824
4178,0.048738679956203804
26928,0.25512394880005235
75220,0.3602494767886255
32592,0.41211325098965434
66134,0.5858440979642212
47676,0.6249098213395149
72775,0.9739175115389055
30443,0.1427577523562702
101569,0.11324655718363065
30235,0.375675361693325
30793,0.17296988302426
59250,0.7596672231633294
94383,0.8275297423472288
20596,0.8459979493494577
34051,0.9609545868496097
23981,0.22336385912985626
74201,0.9343567419017988
51578,0.18015368786931923
20305,0.9228494021054592
60703,0.8578911936896645
64082,0.1030573058824425
60147,0.9293255542746568
65815,0.4820919873476872
24922,0.2528157530316504
56182,0.554209982398853
81076,0.6231482395466461
44501,0.7511738234243156
78868,0.6782831925960915
83613,0.733971670964352
8586,0.9997142533717556
100730,0.645678570673587
73251,0.39464373916557643
82495,0.771625710203719
90026,0.3071450590129557
54625,0.985606192096874
62333,0.4270353532800141
78707,0.02661152528389575
960,0.9961071428571429
70001,0.8630588084801918
101246,0.1076030525603781
32801,0.5270494395760363
56595,0.19122315440708884
16065,0.4986075761161617
67082,0.5290240584883315
9168,0.5260377844398924
62656,0.6331300570225055
30789,0.31759847630849725
76112,0.9912032662403996
38813,0.509949139955711
88451,0.32470193965843674
6867,0.2160012970761055
48437,0.4853874229557487
61178,0.26302999673132255
14753,0.13417891240671553
49058,0.9302608321141304
17279,0.8666217057911854
91458,0.02829213810383535
34487,0.9156045986011316
8037,0.715283471722022
20133,0.9481485453147815
22726,0.9436710337488441
2575,0.5974754889097508
104989,0.45974757415184625
47648,0.7228708383278023
56757,0.6076467173218689
57160,0.007896076165134151
28203,0.5695039931580749
91906,0.0243586133888213
4741,0.8874410132906175
8066,0.0799561584763785
3488,0.7338202852527135
35405,0.4560138301366897
40583,0.19584082473818093
29373,0.9373382507043877
71316,0.847897771242574
6297,0.2000680097620628
106650,0.0973922668568373
48873,0.6997359681213212
56782,0.27585879274332803
48493,0.8859410734972528
6687,0.0787475020147886
96262,0.9087507727701688
65583,0.20296382286341375
23039,0.36197454003414314
46288,0.9695587337011142
101519,0.732484632544244
50678,0.6126433602864934
19338,0.3302240006725825
34333,0.8401786184987421
95157,0.30755103816291146
102009,0.9963918453442759
78600,0.3061899990914524
50120,0.5502959493012909
75303,0.5292212979105004
95981,0.47732017553351724
39346,0.5218241258558572
43176,0.796841693942419
72905,0.8651789722720828
48686,0.2135473559080929
103602,0.3984392901787262
101486,0.5702872754719798
92893,0.6266234109910405
61085,0.32258781985197993
43804,0.7751366684747387
72017,0.7460676896801222
45027,0.5636321005209965
6377,0.8622635408607722
82,0.7802237756639259
94158,0.04989846510706675
74754,0.12936303731815915
51691,0.44894262762524767
84566,0.09497194157544785
46750,0.43769293897015527
78298,0.1983286372491653
19777,0.8790406607162837
93311,0.830950387693539
54630,0.953348261361153
88750,0.32962535792286507
86677,0.17527067376063
96078,0.22480550829990859
10884,0.4477267068367671
73376,0.40258684622516283
62042,0.8348771638883308
56531,0.5517491675809558
96054,0.5442187062510653
47090,0.7501315131206994
12313,0.668184910322841
95437,0.49376022583349843
47954,0.978608917430182
79644,0.1262780021256596
85620,0.8578681706621032
92921,0.19333914957102905
92507,0.8652730352671159
40689,0.8707649050971067
26726,0.09955619024860535
10648,0.13611853515081296
52156,0.9643358297738286
35583,0.113317919479505
55810,0.5744783371547976
14241,0.7234418868311844
23864,0.667357852374508
6324,0.17261153008985655
85321,0.21621243283684405
103017,0.6872552989948456
49734,0.7449766605907531
30677,0.0792427441352738
50259,0.04365865541504515
24519,0.12335894845667995
81153,0.16001871248153726
7638,0.26618352235706544
31760,0.2695509206378241
21407,0.8357955047965748
73056,0.7687215733439062
5397,0.2480398043191221
52648,0.9553568637571959
79404,0.148550514488775
87318,0.02065688086255445
50063,0.9785451854056172
62869,0.48273130670542064
9282,0.32861922747764943
33207,0.1441321617647457
36832,0.2332920019511725
39168,0.6058476127227895
39004,0.5050961933076629
42231,0.5024737752154032
71552,0.7331129345120359
32425,0.5464873512425433
39202,0.8966024304777593
64874,0.7924872297672731
38211,0.5835684652960524
92532,0.9997857142856603
56621,0.23404596430532976
52133,0.20084613713806615
45156,0.22599474378359546
72892,0.7193617856872543
35120,0.6424676535070737
76104,0.3203043065930477
13086,0.0172914950049139
44734,0.8414547192046894
77203,0.4142395124071323
32919,0.8971380093760069
60903,0.4100290521216365
84000,0.8199408798020703
99303,0.8446259971078387
62158,0.20708536529928329
54089,0.5540720375488376
40710,0.6167609219496811
78004,0.2418065907466552
32074,0.2865571547420427
14113,0.0551130984517003
95540,0.9820167280716021
41386,0.7477146043978504
18064,0.538321624882394
35811,0.5371535146333839
54232,0.8303525175897943
86245,0.9371772145742746
67616,0.2547722838739076
80266,0.7891380345605372
44141,0.6649094887284015
50584,0.8372758524480453
98738,0.049575998150194006
11070,0.120339272299012
105305,0.0940344429467746
58809,0.0985216030127633
72617,0.8498918032726335
37669,0.3277140569753517
73809,0.8766421868321794
49712,0.2641578561933424
85108,0.6120679742093622
32882,0.276921801742672
37595,0.2566302141158098
79819,0.07684513409965035
65774,0.8560345178564239
32984,0.935143296563542
92089,0.9484688798640202
83770,0.5444392744627709
57442,0.8324060936767532
38253,0.10633759968906709
54243,0.8344540220849297
15299,0.5629064085835086
32589,0.7428231521001154
16945,0.24359004371531318
51776,0.5409827415370968
59374,0.0533594186354287
65995,0.2927387799057498
26736,0.5063235472808699
84059,0.34254784971370267
17995,0.8493930577172579
63821,0.997293837851007
63259,0.9055581656351077
6057,0.8317450052946639
85363,0.7339715917375962
86145,0.5622848920004601
17098,0.808815742707623
73,0.030371998201161002
33560,0.6757996929903036
34813,0.9422173244457354
2011,0.04191658520063865
49904,0.6183846983728372
29527,0.17490567246536465
19572,0.8935145814568991
70976,0.1628310824712721
103291,0.8169584497897702
367,0.7020195013470271
77990,0.4821785103116384
99323,0.0930974461957607
70762,0.9252691644742991
102691,0.739948456075421
30827,0.42259058355512535
37704,0.2100677173931036
93738,0.6778036648307939
36077,0.999337043659255
21236,0.7253801907254682
54913,0.8402243593462977
99433,0.23519572385959545
64038,0.9316494730217627
58228,0.7124176966562018
81187,0.07141003798080625
90101,0.925617283481841
57523,0.5706825133724598
15695,0.516480062469612
19808,0.18084145593034112
41702,0.20685474383778374
52520,0.4271705328148473
15014,0.6947216123296567
33184,0.32085628152277934
32005,0.34100863716126234
101164,0.7799232285858524
21810,0.23373955644363126
14671,0.8697525383349088
25123,0.25501715227603605
10673,0.5294657130938467
34660,0.3554719982462883
59131,0.6903147150020663
40513,0.5769302232322442
91323,0.22324234126729084
6942,0.7506782420967842
6232,0.7031311679068429
47970,0.6748741921956432
55360,0.4749400499462265
42541,0.6556082324441035
1644,0.24368139172648817
