id,score
34566,0.18241121860898452
50272,0.09605508256954803
69232,0.9860100364974828
86223,0.36457236024448175
53524,0.1925776734768158
42142,0.4953364898776408
22559,0.7496502347943761
28141,0.39413590614447847
72186,0.4105068151629025
46468,0.6141428456287972
33307,0.5492534598529342
96701,0.7250959780959412
43458,0.9990628876074945
50885,0.1450332719403853
73557,0.6041931804624999
88932,0.20034887869835438
44717,0.3039490560796562
99278,0.9288586427732457
59988,0.8911375433650077
41296,0.47761617287948455
25715,0.8161821085160257
98187,0.18637197070131983
40635,0.37005363651981243
76486,0.3628922265983878
48161,0.5025027981989383
57858,0.09077335645368223
25848,0.9991790057408161
83247,0.7394077169410511
100820,0.4169094654325163
61843,0.9995683769036753
47864,0.9704887378945337
14338,0.8624628747263664
106760,0.6758562931032275
42892,0.2774413465465772
20995,0.11230072810543795
68283,0.761603632733793
66796,0.06903265519416171
1175,0.9100761051692917
55171,0.17043424559268855
1693,0.06659946345203911
54411,0.08574928243653074
73718,0.9524612846671838
99036,0.9186377666533867
29757,0.4418357651626351
1352,0.9995806941699209
6970,0.1748141725671153
75513,0.9370969930662831
103376,0.46909498737195027
11566,0.7023241341081661
85724,0.04432696682637631
26255,0.5577616871283333
83078,0.650749543072651
22092,0.8722605985036109
31379,0.08254953756523431
20478,0.15751616985753192
70444,0.9733466864734545
41587,0.9963425469759782
74822,0.11074840584643858
88815,0.7179357906706012
6351,0.4507530471253756
105177,0.04978892741520544
58297,0.15744437928089283
39926,0.38302773658703115
97160,0.08230805159066062
86332,0.3982566828015417
21551,0.15873564431436354
47546,0.20335792059461794
37196,0.658564015585327
19800,0.0658507157232439
67091,0.08777282829169852
90146,0.16288815121160333
52084,0.12346313280180465
26000,0.20445387313508817
20558,0.999997775489051
32315,0.5679216344842213
95299,0.10462347176358561
57575,0.9312507918998963
57431,0.14000354128325077
15164,0.6098084176090676
47959,0.17588827673578328
36213,0.7893908012601266
64598,0.009753664162096179
85180,0.9806255938743819
7330,0.15065034432125085
96758,0.12763362579684207
60760,0.7179035727464723
95190,0.3440499470572462
70419,0.22625498980980213
104315,0.9016097968678566
80963,0.9779068191018476
104090,0.9961829888274791
62040,0.809074874558466
57462,0.5649629342903152
1752,0.9999933244748938
13352,0.35381270152826083
6969,0.11459509107040633
36448,0.2668142114322541
69866,0.9629841566287877
37138,0.06297293743999148
37149,0.9949574177117547
83158,0.5334672193999999
107034,0.36137026651906623
83603,0.2410304163759494
33886,0.018859145595226456
55417,0.20475053984247754
57938,0.9999284339206448
27867,0.03934012480147571
101800,0.9726899310350994
91813,0.6358567024556144
64083,0.5001984444726669
29528,0.7655034057435051
71645,0.9863387229024524
14467,0.4485441662948223
60324,0.9999981916543965
10743,0.9910595190163681
64077,0.9899846872340787
92251,0.19159499244109163
15067,0.10467106564579565
20047,0.02957485837422498
54463,0.08569208459376193
8025,0.18912671989561186
27998,0.5887064550802766
91510,0.38458189808871623
49193,0.9967221766915527
5404,0.6782500959903301
98897,0.8268146880764353
46045,0.5744562644339588
95008,0.041162643572108824
43419,0.38627393596261944
58059,0.11005352879534258
10051,0.7382200938668982
95635,0.7562448808380697
89780,0.018962196887847893
98548,0.2978345880228913
27466,0.9338475380715825
2992,0.19988444947035372
105855,0.8700560103141868
14278,0.5359010948825189
13478,0.7371752582746509
81475,0.20093689400226938
21191,0.20919126815975947
13291,0.026068800793351103
67019,0.3943733999140179
67840,0.4737428981484011
61283,0.7462023130202791
99646,0.03547721740778845
90567,0.9804955894833635
95937,0.14530377532038946
98569,0.8844636829637499
83135,0.27690771009769244
63766,0.5666494458898312
58069,0.09019620972363218
61012,0.010639811323235358
23811,0.0472089720124116
86719,0.18602718418014635
71966,0.40335910493005517
42822,0.22316320720474092
41669,0.9248137596330663
45307,0.7369931586272652
81709,0.028966261832356788
7658,0.6211033242864586
12419,0.3829572728454165
50301,0.6246342030196621
54932,0.1611126669426648
40443,0.5989776597758941
89290,0.7789017100854727
18566,0.4078038459931024
25390,0.6929053556972842
86488,0.9585249942343762
29629,0.10254491977466168
11058,0.13947812981547014
54617,0.6385483214392574
41981,0.34340402436281414
87296,0.43632523696016484
17667,0.10268365806689017
5896,0.44619536133677795
75975,0.44351537798386287
27593,0.06420464742464604
40873,0.9988952699225389
70373,0.9038741277049236
43440,0.5790426490093434
13967,0.05628019213531589
105002,0.3252791316310103
18683,0.5890219527442555
87657,0.8213594833503847
57708,0.2028078370464218
92606,0.6719662648009739
72712,0.8761141208746703
69218,0.4852020292074014
58810,0.8771514905644153
95425,0.9944535662052466
95904,0.965185164331943
79487,0.9072832734457129
46830,0.9576226892153146
69561,0.07863905784303474
94968,0.7785930759931408
1988,0.901049830839248
96273,0.7261657748949348
2418,0.9999913028823894
12473,0.13818708174408045
19291,0.09939831404452742
10962,0.16302859348266457
47640,0.17598961140323938
93483,0.9188182983032815
104092,0.07236824575381937
97169,0.9622523429919139
31477,0.5833936552799104
75670,0.134180418155034
65370,0.7390715985267888
10836,0.04843282121153195
68685,0.38489951069070544
93012,0.9921034618673097
80205,0.8025946321169667
66783,0.18644802902950697
79142,0.6937870641209548
51106,0.37286625854625777
101527,0.989031679213047
46079,0.8848221749573095
68864,0.15976587787338048
105489,0.32262160916324134
54811,0.020402264309580528
6426,0.20610363838495988
100841,0.9999746889725067
65650,0.999872700782618
57870,0.08644821918313483
55990,0.9829286546820266
106074,0.543021339252671
49536,0.057325367951655375
89328,0.9050595368639971
18713,0.062240570463651196
91797,0.4655730084513231
106639,0.14274891928190314
5890,0.1262469068303877
89684,0.24314184339776473
54023,0.13087882246086247
47021,0.10254287425606085
31128,0.6621695048395613
1963,0.8430015829209805
76891,0.2955856992163216
90892,0.16614583780703496
63803,0.08275338884738465
49662,0.8432594953231712
94938,0.2545147703531292
23162,0.03163034916591548
96698,0.8463919045473927
103791,0.5100781030487391
64992,0.4087375727751723
58764,0.08902941795440061
5358,0.9985082498504761
61333,0.9979419956941135
63475,0.5787038592950213
13214,0.5930280366344295
21817,0.18920750380417872
34789,0.9801171511665464
33534,0.49371975402175416
68438,0.38845887127203094
103299,0.9922909926661865
106707,0.14186975524482504
37671,0.08075148674624599
36142,0.9999323264388033
75447,0.10623186694857562
31898,0.33444564221627504
65458,0.9424676146304036
20782,0.5824423190949457
93542,0.18813168750694392
28068,0.0477584295588539
13088,0.29705590861433373
91210,0.1279839121414259
73055,0.9213724698614862
2146,0.7198218644032329
45779,0.43119319583127497
53843,0.8112993663824527
6613,0.7640028133351444
85068,0.17811194148580484
34339,0.6796227806963899
1747,0.7144685602153613
100398,0.2563296050537712
77182,0.07060664432936467
16496,0.9279357590452918
50826,0.21648814846006137
54432,0.5653830174725625
106786,0.8326921032514055
60662,0.5794754896144583
25319,0.681122035507465
57166,0.4646401653490049
93039,0.6435771162771511
57408,0.033344688247233446
98502,0.5374241995269825
89627,0.14397947233656033
30063,0.9167772088041938
37625,0.26556635149516855
20751,0.28482247106018277
43244,0.997059761011696
66830,0.9473010081524179
7174,0.48906559365403224
98246,0.8881704053048411
56972,0.18850336095424092
84719,0.040948109841585784
86073,0.46350201149280895
49249,0.9996623206338662
72494,0.2876090845544199
56350,0.6094971367558827
75617,0.23674716368389698
61192,0.7945598208034544
95727,0.004407925044553496
53226,0.2261000110215136
11746,0.07608580817772914
56780,0.047376593104838306
48037,0.0532402816593898
67699,0.565679945615289
52046,0.9997084175313591
7373,0.5260563656433644
55155,0.15394136369559674
87577,0.3070196357049798
97264,0.8733915440947723
73458,0.9806496946304986
86325,0.32741125799754434
96463,0.5331864094451403
16633,0.8653517812804008
75069,0.1878265319028441
35487,0.9737166107171252
24768,0.1796354355473887
34822,0.16096881766224524
101479,0.13193081411920154
79766,0.1534326396011933
49768,0.023369906433767393
22731,0.9982841548795177
33574,0.8064969979490296
55252,0.38131268951903013
40683,0.24908364406092154
33771,0.49349040489177814
857,0.439597606759835
51226,0.5012564834008555
46831,0.2968296430105656
105253,0.3702723251168295
79491,0.9976422611346205
103022,0.9711181171579546
82950,0.3281713482962262
64234,0.9361205431401176
78991,0.8232040099727918
83774,0.3748592202712789
48994,0.3635820396010564
84569,0.9992333173857818
80903,0.41455220437936696
39230,0.6895835447662122
97195,0.3765876756506553
34972,0.6966552569396349
63621,0.49228420502921183
11553,0.6119034422842358
95009,0.17501810636037457
2753,0.28385800792759086
102798,0.7423768502497998
35609,0.1624089163937838
45723,0.77178846556249
36421,0.43125206175131003
93564,0.0778101459599351
18673,0.623281720755996
99963,0.2675664618888511
19921,0.17983758749191225
9379,0.8630374331629809
63121,0.28553391075054235
55480,0.27275016905753363
102975,0.999999935040501
55632,0.14078153921352482
74937,0.7354954649532393
51836,0.4940381895115636
12610,0.8742162852207731
46487,0.47837615966151953
42150,0.021957665569615092
2908,0.8001183362838586
11348,0.15451953951620495
104966,0.017590397847236275
56207,0.7904835555273079
47420,0.3631256710208335
70191,0.18843143608006235
30693,0.5581423911961484
82367,0.25601091530535197
56454,0.009880933830738329
40608,0.14264041156629415
590,0.9799408417062917
64431,0.09574675024402513
14717,0.12983700110860036
14898,0.7785825011224375
5949,0.2723649635718616
80059,0.19129040446296858
24763,0.17227048810707396
46875,0.018317504367303103
26931,0.051552424472709794
72880,0.39036488496011235
104802,0.837757815082509
39042,0.06159458883295295
986,0.2907897482887156
7537,0.6099856204509084
74147,0.7588286125105561
24786,0.06329099487785236
94019,0.8332550241659779
29377,0.12279767867794528
16134,0.33051618398543947
9499,0.9731053729962859
64513,0.3746358263571604
15569,0.3633285533616639
47017,0.18938652031694952
13043,0.257481048623056
56464,0.10028611552351896
8315,0.8227197761216465
31026,0.772021772381505
74871,0.3710943909953994
46139,0.24091916091436
57488,0.08438604752785384
263,0.678153237144461
3394,0.11137165883836131
22237,0.36939340317444513
17299,0.14469575533302292
43048,0.16979296715684028
91934,0.015369101040486685
15814,0.9852403438803294
92661,0.3549459997974206
48500,0.9957099939455575
101522,0.449345744923918
58058,0.697473186787354
48310,0.6590245170175427
93528,0.19057677064238365
48732,0.0893276658823488
56815,0.939297951677217
2861,0.5861463115582509
32056,0.07059236972329107
31686,0.06504513366757306
32212,0.41992563674413375
34433,0.49017617011896536
9154,0.9995039508428912
62686,0.011968500697498243
93196,0.8674415938715516
95261,0.17611268718932288
70962,0.1717522374450317
90520,0.8803463396056073
29033,0.567360952864183
2713,0.6312172136047501
36946,0.515743229876058
35993,0.6928828012821787
100933,0.44607390060827906
14561,0.11713496970021853
97302,0.41823085273583327
9600,0.36714546833373307
10294,0.8276761135830919
44890,0.7096054662135105
87850,0.07431308442263446
101786,0.7275347316191906
69051,0.21292162299365613
54868,0.037194069941063196
6583,0.1691591168498663
63256,0.33573218133346283
53969,0.3153459319791756
69907,0.9228601917373145
45282,0.4401046514216596
95125,0.0437509637986477
54365,0.4164764626384407
63236,0.8451193131122443
104959,0.9246277294463032
105117,0.503974571370432
18787,0.7122303585409968
77502,0.8533953686271987
59084,0.6748490071594309
91595,0.13323216357015966
80788,0.1503521120987617
99862,0.15256111889889412
87325,0.608368030652673
57303,0.3770353353810124
37884,0.19299943957914062
92059,0.8893123316980818
76261,0.9611489452693388
79007,0.23528009980418063
97833,0.31731018209095807
40382,0.9999905632365094
42825,0.0693345415334381
73429,0.36743153455761457
67050,0.21139624733713863
67837,0.1530435887394463
11945,0.17910931165917543
4880,0.08504812615663254
104670,0.5755957092567411
69307,0.9995225720756242
2417,0.8933696314170272
20890,0.09233340794130268
60524,0.9855561165143379
67623,0.06413171012490455
79406,0.9937698272910092
81812,0.34334775103272436
47792,0.5087788801503429
60455,0.9702518218502397
57967,0.46890301415881736
63131,0.6454749835712348
77533,0.6775434549618928
75815,0.977333730220634
17220,0.03582652311452963
4822,0.18077134571216508
104299,0.2867561150428255
27396,0.023421549820494044
66788,0.19926730091739964
73691,0.9876819131345514
84699,0.27738322271951255
76468,0.04914704471342716
6868,0.05392729802270726
95938,0.16738056734689888
91872,0.17565221933258202
59054,0.8953311186965678
37147,0.7832937242056031
24966,0.09045287205510522
5668,0.5125613881538276
97600,0.7458634781118525
61930,0.13097712603419737
86934,0.44493292500131315
83678,0.33335941491434606
29827,0.280228735542134
6206,0.9975165331828534
93891,0.28649582686084984
22302,0.30381811286318594
53715,0.364036822303898
74452,0.18243208459582494
98097,0.0827496073543344
94492,0.900564292783375
52873,0.4273073409409558
39371,0.9828805693455054
33321,0.501236204166508
105024,0.4603993273911192
70699,0.16853544255118663
63945,0.6336179973362707
92000,0.56982668235872
4990,0.6697846280914467
45293,0.3445587862086808
89028,0.9467836366272245
78250,0.9998125019018095
27659,0.5097900860553162
67546,0.050889845317795564
85206,0.2012464808907557
66829,0.5008745005339567
14360,0.15045694713089197
98129,0.6611240446113793
74522,0.5012574395644691
20811,0.6362773264519264
76081,0.2418296712240317
38953,0.7194046490701056
8430,0.3062821470456636
89041,0.5508533573091533
99838,0.9827600883921536
79512,0.10139645922514617
103604,0.20450343509824653
55820,0.6894422337979708
65422,0.33408656074439447
72645,0.8657021691176248
91160,0.23412586440045252
62410,0.10574691560454125
52414,0.8726363772770496
5692,0.1660007789653964
77094,0.05745236545575385
55179,0.08301823437235217
49202,0.7022378485818426
8841,0.08269504470884764
8096,0.579168749172283
75832,0.540503051534893
39279,0.2016897276012004
100504,0.3394955470821186
37330,0.9641605364992262
71467,0.24081914585004682
27577,0.20150292825579175
59870,0.7256885730828944
64403,0.3393853368189326
47464,0.17324629497731292
79770,0.8923414808647177
99308,0.35079781805889776
57197,0.5622892926377038
37918,0.7018606028103315
43470,0.9102351432430189
100219,0.15694854791524154
26510,0.5971043708125139
25870,0.11037449633923124
65867,0.9451404814212827
51739,0.02093819797774917
99965,0.9972857223074273
10534,0.972614700975081
6664,0.8363668097205454
104971,0.09337018583316786
24615,0.15612731128838997
100862,0.24594466303133522
28018,0.17043548443851614
7345,0.6295104640772875
76059,0.47287455126324573
24256,0.9999999945146653
89943,0.9180162309182937
97303,0.17834886881374523
60280,0.04654227236015594
18324,0.9982938545706274
87641,0.16677807862426774
28970,0.532912609386974
27363,0.05667562873204852
52902,0.20064377689991175
85294,0.0555889284711175
81480,0.8030616115502459
1744,0.8346512023537582
38002,0.3392611962116377
14284,0.6794331497709251
38484,0.27840963195670015
80584,0.9998906003331569
77050,0.6893508523400524
31259,0.2010077362453635
79077,0.004495392386431881
58886,0.800435109248641
60954,0.15082783786409792
70799,0.506057500806038
52013,0.5507718393266566
71904,0.17688066976818395
71844,0.77137715464518
22734,0.014263975223052167
79724,0.06887679663310785
82508,0.23231649387356812
77802,0.5906276311922489
54576,0.13103130475540803
82046,0.9584754814843901
42787,0.4118754947739126
91919,0.5265167054480746
4764,0.7718924983222366
29079,0.4212321024687582
30254,0.2597091861825992
94013,0.18844851046878874
33643,0.6007375153632278
24238,0.39097609509216014
83026,0.6269593438418154
3164,0.16908031380839672
81900,0.7652985999652793
50519,0.39864203777769913
76320,0.5306566031773229
56165,0.9975132149721688
83166,0.009825513231381925
88675,0.9838906866681176
76380,0.03664490603109988
86709,0.6667761923940693
54070,0.8905011397283884
37157,0.06635557191681779
104166,0.2613788380995782
68285,0.40516945078869804
81848,0.17892774335218242
44145,0.9004898716704826
24019,0.9932839259008284
86235,0.2613103894227091
80353,0.7108053085954653
45854,0.4479213504750756
4402,0.1509402340338588
41645,0.5232243474753243
31674,0.24378993294044005
28987,0.27034363800465644
18766,0.47228612344148047
10355,0.7367938154374759
32427,0.3524321576850997
91400,0.4045032341715194
55295,0.47802616702120176
106782,0.39832682675591335
1645,0.21208282058165562
2610,0.7018960020966691
53836,0.17264826050837295
63495,0.738069146227575
53689,0.02591097461688552
99572,0.018317033009112006
4148,0.9998830370495249
93681,0.3961219881019653
82600,0.2819491252694284
63362,0.4757660492567078
58983,0.0976088100488563
66268,0.3198683314569422
83582,0.6846604654775649
104484,0.3282191953094875
39197,0.00483761007780087
70740,0.02545475309482972
75117,0.8585054808217101
56646,0.6842096377793996
103460,0.31285278514450765
19134,0.9722531832554279
87447,0.1858454297778071
49659,0.061695232719280936
83556,0.5208808707440215
23993,0.29816560174757656
5813,0.13454521081163623
29916,0.09857317031949125
12340,0.4569853953167133
67255,0.8076819042671932
46508,0.05780675290773263
67248,0.2073356664771594
29461,0.9651287233868754
51279,0.003827256237590519
16059,0.4315955664878952
92016,0.6661764407871826
50313,0.19905582752369233
78370,0.7395261833119023
80708,0.16880991413307106
90075,0.643022533243725
72748,0.5785506999766818
10128,0.006689701580975279
7858,0.7207309237151017
69469,0.2015513241640623
607,0.6825663945601452
31648,0.7833616019924716
65947,0.03425608865728286
65612,0.19890129869945478
29127,0.9470527259108346
71081,0.3968194880574326
28869,0.06553728883191838
13784,0.08636063395038418
98489,0.2472809465092246
38712,0.7300912222772525
1935,0.9372717016680634
81134,0.9756618231557496
97576,0.3818328130909907
100132,0.4728202891946802
41552,0.9476237541690145
104473,0.5535927418185012
10886,0.8196784939493809
4608,0.39610205193758535
19638,0.05547361339823046
103726,0.6212290145965874
14088,0.2236418319304369
44367,0.3603752863246394
77775,0.07682966994653392
43133,0.05283526486872412
11750,0.19983192441918302
38773,0.8854149256953501
80328,0.056658779412576625
36364,0.6656820133725896
72222,0.9997219714176259
24497,0.7304293469244263
81796,0.9934568697486231
68276,0.10524528307461556
95099,0.3186232178655295
104325,0.9098311656122273
72720,0.5112690378101831
81957,0.034865316944445626
68678,0.931817737740588
6282,0.5047836341215857
39478,0.18976230446189396
64263,0.9287338358604362
56842,0.26269766992209237
71748,0.32143507631802015
101186,0.25875172228298193
77819,0.9870926540625717
82746,0.42975879428656555
75372,0.9997951390009634
86180,0.1307834060609918
103038,0.1713518253638171
53965,0.8888101091076054
51154,0.28514415069995247
68680,0.014738120803367828
10380,0.7865534819868971
15435,0.4697271668089108
80262,0.2991384941045203
72306,0.6885909475653101
62687,0.334493721454104
87244,0.23104641220068844
45990,0.2827049331536702
2832,0.17706590994924531
15117,0.35667100828831777
62567,0.144383719050104
13436,0.08347824209657495
10683,0.1702808394958355
25182,0.9933604725196196
65739,0.2084405266680835
94520,0.03449103049298154
96784,0.8227741133811379
21531,0.16881925382553303
58971,0.8441161713650935
66147,0.2833135444346573
101483,0.370820479874744
79887,0.5785937007320646
29544,0.226425385075202
69091,0.48537596285096796
11176,0.6123911543446975
60268,0.04177854731035444
71120,0.5464051513326145
31291,0.7152877104589536
43865,0.6717741384075776
40585,0.38016843322913196
37452,0.4420798017231232
52456,0.9856977112428637
90007,0.8117725941605436
16739,0.17763415328429472
91551,0.7266921773633767
23423,0.11979708094536529
1706,0.9485824199281984
7452,0.23252925524865264
8134,0.7550000328689136
58536,0.07362387534472135
105734,0.5069896882087223
1313,0.15048936813287933
84876,0.9690774696044968
100693,0.43421743151833103
57995,0.25180651499309464
79811,0.30300140231486505
69139,0.5359060978000988
58534,0.989720090660329
99375,0.31676037169760596
76796,0.11188762612114
66626,0.8533833792642841
97721,0.9527552482939565
102488,0.3579873828240725
31116,0.04311419932730743
21065,0.20141327928457814
59272,0.9343938341663003
99469,0.5378402366436101
46333,0.9293660408463515
28601,0.5522653708863059
25815,0.020109947644493604
102482,0.1207606273927726
34661,0.9350582450563366
65391,0.7776183759955624
81943,0.4988364732170719
28505,0.762884959076398
88621,0.21419248627914705
62287,0.8120031482832355
25860,0.191836335151856
58026,0.6269673315707848
59165,0.1250039512962866
21355,0.9421532542859569
724,0.9336357959753622
61635,0.6850332969872424
10564,0.029298097533438292
41782,0.38039284444908805
6229,0.09103658579737872
42952,0.21199284895609077
56235,0.45864497398020965
104947,0.8578509495480268
7746,0.19098827155054304
100978,0.510184801316086
20646,0.7530675394775348
78149,0.05058913562801414
94746,0.17904748219314764
11466,0.6862715740891789
12787,0.5721674602246953
104608,0.4691363569980089
38068,0.7073565630298717
12230,0.32305622302088427
22667,0.13475577865881566
35855,0.1908470866360097
27932,0.09812863990762166
57277,0.21425439135765062
71908,0.6061335047628748
23047,0.3308124384721693
54288,0.5753780408054041
73157,0.7807257903952041
72434,0.5088695488701811
37676,0.3299761416587097
107058,0.11679850823519666
103029,0.12519996291110752
34947,0.25610129620767985
85834,0.9201400464981682
74743,0.4025454001925802
19940,0.8848543469051725
29136,0.6835965745006165
65700,0.8821359248504381
15352,0.9917889427270313
44799,0.1459257906543367
79640,0.14973872676753447
745,0.9715868425915113
68654,0.1840574513768793
75911,0.8095377597752602
814,0.6236211747274454
30903,0.5461286587792059
32545,0.14940565894455837
35506,0.5866915331472109
69863,0.13518228146016698
19443,0.9217436261043109
45375,0.47152746849757526
22240,0.05813956446644709
86911,0.2440045743691986
68265,0.45110854701475245
91954,0.2730887089655707
99622,0.920046306786777
47734,0.1638636343711274
53726,0.05342365330433389
94247,0.5407344462297239
154,0.9535902282932859
11650,0.6186611043450326
27561,0.16986780716569327
49806,0.8853849196959407
94011,0.1530316174894371
50140,0.7191160768775768
93185,0.43463222489320463
78438,0.8844113933223547
2264,0.12482972717647228
62528,0.5514543245371012
4665,0.602979684782206
7685,0.03234622110699358
39824,0.6145741161967494
65005,0.9647945982138313
68816,0.32416418291568655
102678,0.1222331117368442
63734,0.15272651815432103
40320,0.36776491853391446
2545,0.43791158209071546
41278,0.8102958577657251
102661,0.44865057625795146
29550,0.005411349290008263
13831,0.6513730264108721
52921,0.48409551177640975
106351,0.04557348208082957
95864,0.22889411898077788
9087,0.9935891510410141
5591,0.8343787970921521
46258,0.1017381448932404
95865,0.842149912606295
42844,0.8734970383604552
77093,0.018830611027875206
84201,0.9918383516639449
70165,0.7610614254560204
32357,0.7033647103416278
101296,0.3794279313698455
67095,0.5665327747328428
85509,0.9054776126065572
50202,0.40872597272409833
12793,0.44634367750393045
94120,0.8442511698028687
16628,0.9848736375787288
88444,0.36001877831707096
48356,0.18808690171268427
57373,0.27050793513088944
20724,0.5686763448784733
32265,0.9789099691555891
50643,0.6830243107614631
52320,0.57265255690191
90770,0.3629207810574071
36345,0.1984655346660737
51312,0.659081480976618
106826,0.5062423695087669
1659,0.8968228562157463
16342,0.7223634656571827
14592,0.3065095948613642
91973,0.3489775335430703
92819,0.599923728323667
19977,0.9999972305772489
14955,0.48544389506705354
2250,0.8224639337969496
72244,0.2833781392074922
26420,0.9780716643376507
68772,0.7804818843521176
5213,0.9999457068527035
51455,0.35311066531027224
81805,0.1396925099342921
85814,0.14993023009634393
26954,0.3347051786084536
69738,0.984865014030341
65545,0.9988416234217772
83747,0.30284008872142
71477,0.2627532806217469
69329,0.08189447898751984
1746,0.9110910393422156
87324,0.030389818778283156
45379,0.32774817101643494
89712,0.9878630130630293
96389,0.05771542634234585
35886,0.4678015955477819
89497,0.9980058794525558
49775,0.41073637352991854
81178,0.191631460840489
72632,0.2861299534342834
93516,0.9996949586485563
57472,0.9739175223326062
95100,0.9831387572723339
257,0.3845892207810103
97807,0.18528479033422396
42302,0.7198160238580836
103524,0.7375159116738126
89488,0.5289882217762718
76436,0.21869210573702164
95621,0.1512155719264462
88434,0.03339990689546728
106829,0.07321133022045061
36065,0.19271577389603456
85803,0.09597848433351347
26046,0.12054843890148415
57695,0.7590612307369651
49956,0.14176464376735665
41088,0.42266075135161535
46736,0.184179311259001
45144,0.09611680809481105
99930,0.024118762804422645
27117,0.21647562892969646
53530,0.9380273672848631
49282,0.9005636469056906
1592,0.30606936934244844
2095,0.0148848263484136
105521,0.1170280576800376
93321,0.993188257882499
77725,0.04564248304852963
52947,0.8758536278259935
43384,0.3044584561510128
41422,0.3065091136108458
102039,0.6922862583890307
69243,0.443916035250711
100066,0.7677626336445722
103522,0.5146861114370059
61424,0.46542212200775407
12304,0.7536585332103415
99845,0.9999999990782814
57141,0.08363111719525612
63639,0.9392958450742056
19505,0.9451612693603713
72803,0.5521178854861161
57130,0.899375160263584
104086,0.4638041038531006
95997,0.07710149095391314
73735,0.45016539610864786
17898,0.5729078650235331
63729,0.760899451052184
62143,0.3547913535135046
76631,0.7763295563923633
24602,0.8660956385282854
69537,0.4068918510376719
57797,0.029866228617017626
95559,0.15637624448677157
90322,0.39060501471955844
80472,0.566334202385733
66595,0.4980800323058688
92922,0.13436946303164826
29561,0.9904802114033977
83239,0.6052091963275553
91457,0.0952390507704452
55134,0.03617325660934167
99539,0.03856562911975676
48374,0.09700827346533597
36915,0.10336323627206867
65108,0.5289787086831839
29981,0.3801046311693622
93649,0.34548650341177944
89723,0.29472315287931916
76692,0.7416786639465456
54562,0.44339010055133626
43904,0.9122337457563128
33293,0.927159088048401
73671,0.9999955423463339
28238,0.2301028174991695
27546,0.9999990389122623
2281,0.963701162117594
80042,0.7038493393169988
47374,0.052168944986664204
67558,0.01089066501594192
58322,0.3426216396006532
106927,0.7995586656803163
81403,0.9817495280380973
86321,0.7732846690084563
50823,0.20551009915258395
97448,0.5549302173859465
105586,0.12105497508111873
75470,0.10090982115335895
9662,0.9327062259931191
91907,0.8535221746863226
41996,0.9430860906785272
59405,0.8131314814947839
52052,0.9855014620060777
30825,0.9266183315561121
95254,0.33069442947958627
58587,0.979519618064051
98745,0.6805528932863567
29759,0.045927895454895416
101031,0.4581219812655271
20484,0.2985993070983747
25560,0.8508642654502006
61360,0.7791600641752436
29448,0.5169512064112677
19381,0.3421938528200882
35748,0.9183272735094635
68222,0.3683035668612328
39947,0.9993376154989828
49604,0.7759679008912886
1877,0.9995882893099524
46967,0.01077692331438343
20173,0.02033409087086446
36385,0.5064359187245704
69799,0.07181035188489149
69403,0.46574351602858965
95633,0.16821034763222992
33998,0.5394466180594235
64813,0.03316505483379452
45104,0.1965054772545865
8400,0.6054814488524307
2873,0.3431614183797894
10001,0.5449834339151317
48294,0.4091800724327282
83497,0.03287700246446001
57145,0.3417676908542208
40968,0.47830752683133465
12970,0.8404738924749438
73741,0.06594994085866565
63151,0.9901830186945337
70917,0.637346621586944
32230,0.8005952563002224
56209,0.9005963744600383
23490,0.6123579037599068
47058,0.5130443930932048
82884,0.3725323033075985
97008,0.8160969983090579
19504,0.1605101737781835
2297,0.8467769089698254
48473,0.14297143088965164
86212,0.7870288970205666
38842,0.9861408881063154
39472,0.006359080608635089
51818,0.4006547764509423
23397,0.16531264897545478
96486,0.778516848982413
88840,0.09277775396575372
40466,0.48395971736796684
70317,0.9999970982081874
76574,0.21810457031027697
39341,0.8126554911101601
7292,0.32950873006358417
2023,0.04369692039210815
77379,0.16944245816463882
58211,0.49234918492968527
33639,0.9970034742426203
104130,0.5337385174441724
99841,0.3072209751822086
106572,0.29938711317629574
76552,0.22312555873027656
101625,0.5085129765949414
66162,0.0726561017031681
41851,0.13714745870261946
101017,0.2348557467343499
92229,0.056081904087576386
82357,0.9495529119450813
15982,0.6696029381367321
23136,0.15022103243829105
97759,0.014591258779500101
92316,0.37208768224959266
91913,0.7059399925671438
46431,0.5912468909034392
19270,0.8093227921261585
76264,0.10665413098750631
97433,0.33570985060571545
49813,0.3147762355491911
63267,0.016978793965484473
44030,0.18223154581690287
47029,0.19226039922625487
60911,0.0419713195843358
26852,0.5879052749867665
25495,0.8035774275002561
30724,0.32379106932072454
97366,0.396647086704908
88283,0.1911647169295566
99771,0.8758994138836049
22333,0.28311806771768455
32269,0.9666324504034098
8079,0.5413716555491708
2779,0.0806880022673841
13370,0.5219217620093735
67613,0.13600423973206355
84513,0.19512331130279414
8508,0.9739485266554327
66942,0.07145201474097124
56528,0.3457687352697567
63111,0.19956899041186726
43119,0.16622176518880388
55170,0.9397086027699023
77456,0.5777162060792835
8406,0.4310399946631504
49227,0.17745187041391586
100176,0.975476269608198
89671,0.9999948206654825
99750,0.5589393220690467
60128,0.515391345697655
57307,0.1271825416944099
40250,0.1477598218420728
34581,0.1217720402516202
86220,0.15971838877673006
49095,0.36788355995295174
63946,0.14831147514047077
10473,0.8707007200562973
41895,0.14489879922760035
76107,0.1253496879245018
79867,0.3520944570216674
63319,0.12489838599068975
96015,0.8363534028549294
79850,0.1716194540869238
106860,0.8800506045880858
3663,0.8014855956610445
100342,0.13570304048882625
8091,0.008009391368241215
103769,0.28790043138448085
34494,0.9787690357144085
28174,0.29917529458149017
14089,0.7891978030678921
14851,0.9155576122295198
101546,0.07658631635678849
70823,0.9133651030156508
51750,0.5808389342230275
85313,0.0591368573958168
15457,0.04118811590476915
14421,0.39001371633923554
98252,0.9908357932014811
64105,0.4649787572091435
85486,0.26056177836556815
40484,0.9822723008162837
21023,0.4569980134330185
14530,0.03141734523687109
43162,0.24318013701098373
6006,0.9970579182513687
6263,0.22577199981470075
42898,0.8805650223651922
74764,0.17403010642157102
53230,0.23822915459893645
102952,0.6403846651709768
17252,0.11896062776351451
91186,0.21504367853900008
29131,0.5788563306355251
78947,0.7500415313597641
3032,0.7288907625422061
98841,0.8675983395904414
8866,0.48172117224583916
72495,0.29178207514769544
67709,0.5145603525653307
90098,0.3871578812278095
59516,0.0028919036543853826
50248,0.999951213652403
94359,0.17907286089359037
27240,0.27607235008142517
96264,0.6810710056655045
52858,0.03840795707832789
46162,0.5316872442042556
1134,0.13289068934840648
48949,0.2715351404077569
71960,0.045939911556603354
68910,0.25003714902065016
99982,0.9354051237924307
41393,0.9991129362415592
51375,0.015059645776940068
68467,0.7604856552497208
76589,0.3073578873892365
70180,0.10442172347926626
37487,0.6782310499277939
71815,0.16848296413507619
103508,0.13876231543667683
82760,0.9773594597879239
58985,0.20912926396493758
16513,0.05363662649760393
31230,0.0901309417574413
59944,0.8602471288118243
43283,0.10962599585921357
31673,0.3333124835431793
71637,0.9632343513992386
84561,0.605126951751449
96324,0.4193117861113961
11191,0.9330130482308072
50728,0.054503493670720375
22865,0.3288465282071601
62181,0.03956837814143411
87356,0.7260178572602796
77537,0.1251095298018986
22487,0.6155910899559589
45970,0.7057586391783819
20742,0.5396607636602794
64806,0.05054436356487661
98020,0.6446282667691933
49161,0.026532439557293227
1783,0.044717605597037295
64058,0.04854679529821405
1330,0.24176274977347412
86753,0.3833484950062717
85567,0.22065730629486457
92385,0.515759951170052
63583,0.8002849719686311
41872,0.21621554135145432
4448,0.01724069492558407
10400,0.3875174421855177
54480,0.2890687380594642
897,0.13293414414371146
75005,0.9994643061705719
104744,0.30729315657565365
78050,0.904429254083414
24984,0.06070141778606149
106112,0.051308174697573816
19932,0.08654156745889724
102896,0.5019312860914522
73105,0.5052383145207753
91330,0.007415200559676473
34731,0.02656911910129401
52739,0.6719188027631011
26932,0.16824816242514667
31165,0.20428239760667044
58551,0.9185014773679501
21939,0.7101161230628077
91487,0.6582763037658681
97906,0.6319446774142036
44807,0.9866771190409479
39583,0.6593645307073992
93137,0.6933879539554655
34927,0.997979810644804
45200,0.3397016320225568
14810,0.051702574202486216
97368,0.7647274515286826
49243,0.2780361290830614
22782,0.6291550732711367
23667,0.5047868822966673
71900,0.17939239252782357
25489,0.3809133490715859
27382,0.07680519819239323
46444,0.20584383363275194
78907,0.3108830738394383
54487,0.36494115948985617
4456,0.9336580042300636
39826,0.9999959803867156
66223,0.47993630867685944
56061,0.7309720684899635
62113,0.7068514791531504
29214,0.3582921882160428
66149,0.5948798000125173
88109,0.5499678310111183
22342,0.43166659664869445
101632,0.43714643920216345
35544,0.15716184666587885
77028,0.22573268736936147
43616,0.8983654987348819
58907,0.39346093811167643
30899,0.6799842313162742
87933,0.8050289842017715
18929,0.5610274586566701
50190,0.829080154105385
76597,0.9210715612166696
89900,0.7489379761048583
83765,0.03699864238859195
13518,0.27993940616430957
45429,0.19836396479045687
50083,0.9956672482593645
66000,0.16387435782422066
94851,0.19561821925666129
10556,0.9994598044921804
63987,0.9743533198045131
3997,0.9144564327428497
9047,0.05517929126280765
85872,0.01982602579092479
24822,0.8028648821337928
27379,0.920064197057543
21940,0.024037077232942974
48077,0.4108327109288297
96284,0.4120621594494888
79651,0.978978314312387
103427,0.6694403139630725
12807,0.11469651705370082
83175,0.9382096477306163
15840,0.48695307284658845
3484,0.4718046969666427
70845,0.6654495804028839
101606,0.9999062290262444
23783,0.02935860334481985
64445,0.08673530728074291
104412,0.4745849131638072
70411,0.5107101179768301
19819,0.022001878960583234
65009,0.19119418562354845
92342,0.0781993093257301
19108,0.05446278224965336
6746,0.9120286945641681
94206,0.5758436019464966
94143,0.23254844860191787
99106,0.3873448449726338
69631,0.03783462720540437
53596,0.21827449308268748
101047,0.9712937777754014
56697,0.5336972190942543
55742,0.06783526291632293
70944,0.1281332761347464
92980,0.3315089296832437
34131,0.730464713149893
44222,0.1392997477016371
43819,0.5438804045972813
19874,0.22017406036060994
49225,0.011980653704579864
5038,0.5754956669433948
29429,0.6010567683344281
86940,0.8664604433959766
21797,0.6944710224826025
54871,0.23686575019671918
44711,0.054445230982754486
9775,0.9643964001781875
98608,0.43405928101326907
33277,0.6967533898865782
47216,0.24646412377812227
6745,0.011600393072201131
42361,0.8865201883569349
27101,0.48337962634311865
72144,0.026787318816556792
87482,0.09409446621009354
52060,0.2466055977101897
26520,0.14980200617982686
16,0.03743493340597531
97049,0.34898647645527314
65365,0.8380774533742081
26077,0.09085495419402129
18424,0.21596453989044112
80684,0.3633371991644886
51997,0.6946460735777613
11295,0.18923154305311868
255,0.557080451285525
95708,0.43968059509469515
102388,0.2790577050463633
82724,0.049480248562615514
72032,0.16548652054128893
82147,0.10937580425908688
50404,0.3278003739358716
11290,0.08461512727796289
34522,0.8074442447668205
92537,0.07864717523496365
105140,0.3942384822972239
23560,0.03759347122726349
172,0.4574977964912569
95703,0.6796366103383759
93174,0.4260590159683699
52405,0.19513948852261187
28051,0.8221039225464735
4946,0.982608589598157
43674,0.04062972205268386
50110,0.4620267686156585
1179,0.31953709318225887
60536,0.994683864869093
79473,0.1111315315838784
104865,0.6584540984614515
74070,0.5770252937556721
97397,0.7251127607618304
76386,0.9970591782976914
41379,0.8228016187694442
10449,0.9989712166716466
33692,0.06656598485755674
38931,0.6040234385980536
40541,0.218414806194635
95816,0.15235514083188173
47147,0.24551357263952095
39952,0.017646452233321105
10941,0.984853318194554
5613,0.9817917020957342
29689,0.12109063404157733
21013,0.13715433986320802
12465,0.3264016745820612
7029,0.9980559643912404
100032,0.16173592636784412
33975,0.5870202814975667
102570,0.3271149221714467
75071,0.09027346392943486
31504,0.45918515210843064
58867,0.34864130347698286
51215,0.45139438835413226
103693,0.46995684776065444
95082,0.19098251128979937
24245,0.9999797243353485
51808,0.7766735245515675
26899,0.4606188950008018
83788,0.9612666658365645
15455,0.9199307265196329
6864,0.7829404739361372
43346,0.08789698711138183
45131,0.4199905990376455
59236,0.9711422765174008
60069,0.28916149931851204
97287,0.9643505844657084
73100,0.21573907964375744
2015,0.24671751041421686
67988,0.5542299999766578
15584,0.005899019225004134
104063,0.11251060322933609
15460,0.9970012094275101
95640,0.5745386657496212
77076,0.350296031846148
4555,0.24161569558698937
74424,0.7805922974797861
88710,0.7350261104690238
6054,0.6129999403479683
65620,0.11497861928357045
10605,0.2952413725864487
59261,0.9994173336281372
25733,0.41810064833462784
58112,0.5288567593870674
81844,0.9989795233399442
49036,0.7234365065601555
26258,0.9737967546916458
3535,0.4166668032577519
101998,0.47379985577903955
66520,0.37889423819507284
87362,0.019107997078600357
99528,0.30695960532889777
12377,0.7028703302004858
51345,0.2746580195121423
96938,0.2447827004035733
15312,0.1480136985290917
16353,0.18888659074659248
91008,0.4807991034841807
90835,0.05560911132721313
41820,0.06630605394284572
16151,0.12839726080264485
86348,0.9922809307114818
105669,0.6520210072430499
101601,0.9195432947901
83311,0.34596612655697523
104640,0.611216533225433
84406,0.13443559837139324
8453,0.21286698978291524
60994,0.061917220530142945
51636,0.04186188609045656
4373,0.025646623252611925
49091,0.03125776540972004
68042,0.9979073605560433
82902,0.9921168745403125
49391,0.0699758889871665
30984,0.6565000706063245
34967,0.4075676860930019
40341,0.18321387192150929
45873,0.6996160440575008
17905,0.34356182522284917
16839,0.47309156304301714
44541,0.9298958627503396
68437,0.8186339978249279
21404,0.40818649679170205
73479,0.23973473142351548
30359,0.6296424366413709
73351,0.946421265085829
84959,0.8504974623319852
56513,0.8638142796126178
103756,0.7523318213650922
67520,0.12663864021396265
100986,0.9998857791768352
27260,0.31661688943677324
731,0.056286039642747164
87687,0.18694555094737852
28660,0.6684102100531655
94391,0.16457823797479637
17446,0.1811179752825225
81498,0.1590847927710406
12219,0.970058764266774
78778,0.278538683544034
96356,0.17452179879422997
81985,0.16574147303648062
55448,0.9314952376989721
48604,0.14867233632257726
5094,0.15095187306711283
81185,0.7928440897000602
71771,0.8191445536584665
69712,0.12516662850596522
46044,0.21554732948007432
88764,0.19000331205928406
88216,0.5583122011430185
77232,0.2717965406760625
32466,0.010535316515624024
56837,0.633962861906592
40092,0.5031842342121204
99835,0.8926545893430984
7863,0.502801019344069
84264,0.7912883564946369
59001,0.3627350006692394
65318,0.515115237885501
85921,0.6079873666064115
6507,0.020818358944412533
94886,0.6422924237686811
14161,0.9528809801770838
2774,0.9494332481479687
18113,0.9809818070025406
39735,0.10388883491123962
78002,0.9854429959032731
28895,0.9812049288665787
70029,0.07389490245444313
74120,0.7413163321897669
5053,0.006087403741920957
72518,0.22910974726566252
46275,0.03271812791851935
96136,0.9909261754942713
14146,0.9918807512300559
48782,0.0585811280651787
71094,0.017206338942995825
4072,0.7283519962172391
22234,0.10661791895959699
40492,0.04952130263002876
79690,0.9998870451010138
23079,0.9996288072056264
17333,0.9669797877507462
87119,0.42585532811401083
5834,0.17625185307528585
13551,0.7563440937887453
103021,0.5112770495562223
41991,0.8749181411734408
97997,0.9960099454710901
106143,0.589689769149764
101996,0.5006176354234002
101236,0.6231944401310143
36530,0.2111907276906581
17414,0.18579273395141382
33019,0.7343182072266938
85006,0.999435133316054
76140,0.1865379234815175
11309,0.35203018527891805
34063,0.7475842533242629
86991,0.8598941460372442
32286,0.013632978446847896
2524,0.7525762551806238
6279,0.19975010930177256
57030,0.19037422846389718
37289,0.4102000067847303
54436,0.8295761635060304
67667,0.1060603216218135
51861,0.10968253457159421
48301,0.43590619788909835
92372,0.030020537852809278
66076,0.044200934340629404
104068,0.9244719755766209
31387,0.020983387086764598
103070,0.2415250432028777
102925,0.24917189643900844
99006,0.9138807637084883
34843,0.28604932931369187
38428,0.09038266945752627
50298,0.5316311252255568
51515,0.6720580477285703
32828,0.8853496439573091
104127,0.3653646655295031
2186,0.04149443259647154
20434,0.9060009305540112
96378,0.04372832414770133
13398,0.35451164211007746
6188,0.5540594588566397
85871,0.1224475975866226
62571,0.9525425427556917
11099,0.426361417739368
94810,0.47354656097694353
23998,0.33833800649903195
49636,0.0786521964396415
20494,0.6485192261833344
33693,0.9988582620774227
91076,0.03548873130503675
74944,0.032929926533855756
74179,0.9921015810453243
8337,0.589800862233603
38300,0.653853733849952
33038,0.00699276784919133
42301,0.4449028199152196
98406,0.999865338158287
21120,0.055845877993923085
103069,0.10511701501376419
95270,0.4409098089124581
29415,0.7666185437383838
8936,0.9965050317098053
3064,0.20399608059470098
9208,0.9998810874860053
3003,0.9063136181462752
19534,0.1844978240980178
38292,0.9272797582809988
83724,0.21128677514511174
38364,0.9930977322376702
13128,0.019905637410981426
89959,0.8742798384972026
16895,0.15528590159142802
11341,0.01666984562583412
65488,0.7663405192395563
82592,0.25023169026062886
56114,0.03688734138712273
26861,0.1214769240450631
41746,0.05798156234710843
96149,0.26064487700223854
11061,0.6435902714397713
53212,0.8470646651122489
70589,0.3097224803169125
78186,0.9890352119330454
54618,0.9970221506204374
23535,0.8297374751167137
76071,0.7561733069262495
6762,0.4655485720562347
21563,0.1275024310765958
8277,0.024633352163712954
68692,0.13767149264412787
16750,0.2258624062615342
106149,0.32380936200990973
32532,0.8256607540224978
32779,0.6866405566736686
102453,0.6068330658431967
30666,0.6309614556571553
61647,0.07582233176256069
27147,0.9042343208308787
95403,0.0026398227256206803
100710,0.47924112799355434
36015,0.17321968667206805
106331,0.5446141464086229
87580,0.6640818806213852
41501,0.9678403918546941
98388,0.5864947216188939
30343,0.36922816034492734
100663,0.613291778871023
48171,0.2708306192871597
56787,0.025088269277829683
14226,0.9977807085226265
21243,0.7024802162345005
106770,0.728188629117968
14458,0.04703778696853431
67170,0.09922662506995589
73977,0.9756471529656914
61569,0.1453920314315265
6221,0.12291419676057902
1656,0.22750444357404698
70599,0.8031776155623703
33838,0.9999897771169366
59864,0.3463309929263165
74466,0.49819034491463887
11592,0.0401644956399765
15088,0.46418184780485117
97597,0.008606629359771455
18431,0.9413049930316024
42600,0.12501030731964402
81817,0.2354715487721168
80331,0.7233835730122942
98567,0.8704544689982638
4097,0.14947289287549798
63923,0.3304029144390317
28027,0.5136122602511137
27503,0.3491036903893272
9715,0.1795671359002639
40488,0.15104201903906894
40166,0.07807847162132214
48582,0.434705153831922
6797,0.9831125984818845
65019,0.038676956782453566
30617,0.8176862308761803
51701,0.5577508225289016
5761,0.2787758709985191
105934,0.9710421435295221
40390,0.8574714512506764
58403,0.9999999758327185
39690,0.21338107299350073
69613,0.4858792177394665
17650,0.19424234502976345
26592,0.06831557301278031
70322,0.20167310746301326
63130,0.41785448617511395
49616,0.7917970385700066
102088,0.12540341980468755
15405,0.051501549547371774
68466,0.1811752115102292
92294,0.059557660268632816
22524,0.2101184362014346
102550,0.1660636331935028
79178,0.7465856867190127
78481,0.03477243050910216
25017,0.36357326876873153
4939,0.16504569252490708
28702,0.059119182840839314
50712,0.12051882427694705
42190,0.42664124090019057
85508,0.1918747029872226
36452,0.10813766250058054
9538,0.9366386500716957
35066,0.05093724414382445
38543,0.606158844711469
11794,0.28860782892540066
66006,0.5549895233525646
21198,0.7064637578188981
80627,0.41508057804861215
72178,0.7041473063148687
52478,0.9994140590633326
54875,0.8705953708806419
93762,0.8865213802222236
86519,0.5625774549660464
78128,0.22168219491792512
82240,0.3754093082826796
100403,0.004158228195240367
46299,0.6750338455039275
105428,0.4963120522754633
76655,0.7135380705253984
87723,0.01614603716812077
39172,0.3391978505240081
105399,0.9656147554221104
35620,0.9940162645263488
4285,0.05473224227059612
104852,0.23841534633650308
45967,0.8237372810653285
73419,0.7841805865569601
88642,0.5222873118442221
66205,0.40493471579940055
48234,0.8136144911078236
6612,0.0388037070885283
18880,0.22444267416060287
69298,0.44547871038911285
87659,0.618495005910529
81104,0.8704194470924023
77462,0.5707205466163703
86422,0.20748537452199783
82575,0.44793032112393166
29597,0.9414400107192592
45809,0.06723150358220832
82953,0.18552408638901313
60684,0.09618612657888137
18764,0.01885477522832254
103360,0.550419598087572
36723,0.8859624274121332
29224,0.18568190036435683
48812,0.520886817689176
43786,0.9518975190373893
37907,0.34295142613733043
66750,0.24295303565745402
74666,0.1859293186954697
32708,0.09008312284113307
98157,0.8927661932450519
85100,0.9624973155167804
10959,0.24853508710088013
25471,0.6811841606363507
74863,0.3082749009095933
87242,0.2537997871359737
104648,0.5243500772945348
97052,0.6815545177408986
86805,0.21566314236303508
16681,0.0755228332032165
9645,0.17578284961633123
38003,0.15779156152619433
98423,0.5170012823044345
43855,0.7358588635457703
80998,0.24130597319338948
51599,0.8020106719741382
86393,0.7444875681209104
97657,0.1931169273898931
68503,0.3719677108863976
62199,0.9994935117996223
22810,0.6753147696019226
25809,0.1456352690747481
31763,0.8530635572537251
56585,0.06161671107115314
82026,0.634807855643192
31013,0.7231696142714166
88505,0.7115189198990957
67862,0.07570196850420681
1083,0.63730920936619
32019,0.05816837253521451
45514,0.727769756874545
45705,0.7556761443891888
24442,0.310228915010614
2150,0.38587027512515304
44853,0.7039282626857587
87629,0.615089986704363
99796,0.1960697301241558
15349,0.00491628564609661
34765,0.7893168191164115
25818,0.024068016091792058
2666,0.9244094729894864
76793,0.008992385565600612
105647,0.1618219649477295
81361,0.35375854552062624
90799,0.997127612474506
35745,0.9019185003554966
160,0.18019033938223833
69303,0.10403457505491115
14700,0.5448269573812365
69746,0.5408410005437799
961,0.7722582387809331
3962,0.030637243572247137
24511,0.7909380920624326
61817,0.5368247110675289
19533,0.9996257738165227
43332,0.2656693404665656
52787,0.30317224928986664
79254,0.16453798928980223
63398,0.15172814772064824
46236,0.4811087411448396
103175,0.7518834302704771
79229,0.25074022904381577
2444,0.8381620072554059
77714,0.905394118278722
80153,0.44390386919862823
98530,0.7171161002904252
93242,0.9549644428890871
39888,0.9999035583258095
9964,0.997071809658002
31540,0.6413057072129567
47142,0.27935114133714145
35348,0.5632771241948011
74182,0.18324581882711177
5001,0.02706090329810233
37864,0.4625532775778508
14092,0.5973857355075955
16748,0.87862815519493
104285,0.0779570283449888
41214,0.30154313567775604
27064,0.3403629856530822
1903,0.13822663907965443
9954,0.15730048976951655
86039,0.17488359786996133
54745,0.12295324740461805
9210,0.1022723817986369
103898,0.2240254476405168
21972,0.8846322558906577
67669,0.0557813350237128
484,0.6118374528683734
47825,0.5214790369002206
47939,0.6583652383251499
100475,0.3012691450910798
77167,0.2518555717802827
88023,0.9998357996625432
75237,0.7571410587247145
60778,0.222049538641366
33347,0.3421719050516461
72757,0.4670957056016761
45691,0.2534618367628001
23169,0.5133960104055977
49808,0.5600826191401009
87952,0.5357609309576249
104831,0.45904919572845054
88511,0.7060592509691558
106076,0.17639873236608844
1970,0.879074832115271
61596,0.05739950181888325
99009,0.980018655784917
36950,0.9974467256782443
4566,0.4431549793708743
40783,0.6106872999586103
72599,0.3222795225373113
8221,0.204625518888923
19699,0.8577448405640427
37292,0.6335770352504715
11863,0.3349958562952974
79578,0.8392391253208493
25995,0.392729267629129
37913,0.500055131479434
7465,0.9820359479987906
77555,0.13774335455714248
87837,0.07127221739136078
32407,0.6659493271280839
3374,0.9987704640707347
23096,0.3160839380068764
21436,0.4547206413367168
67879,0.44931118444519463
105851,0.6098951807850737
84088,0.09259598659711848
33309,0.1801259755142891
58284,0.23717105776851155
67380,0.3416741679324791
51248,0.10291966380755407
7690,0.9845259969967193
66797,0.5361374780018815
3928,0.49435986871117704
98699,0.7618031951720325
37209,0.9967977797156935
39834,0.08797661568005366
100208,0.36291200444912763
92868,0.03684735547537338
7592,0.3530221984331167
93101,0.14350318221279845
82473,0.43283060470462886
54104,0.04619669959356402
8772,0.9918389792529048
49171,0.17311573620165227
1186,0.110443675456522
20672,0.7519156315530018
9230,0.3611390378758498
97020,0.0859045549132802
2270,0.9861251246595912
21016,0.029302989229594085
42750,0.7525918517582166
12134,0.045147774907033617
85442,0.6028852367045578
4196,0.3186524207475105
45003,0.9543715158209534
173,0.543355041006798
93374,0.5961327011584036
88695,0.03634599308304741
24428,0.38239328187585153
21794,0.9594105454991108
83160,0.6150401494400365
61147,0.9970452199929765
84498,0.18712293951582082
12837,0.8853173857527401
55334,0.8417946288324147
23071,0.8463961965576335
86142,0.9295867440000904
82082,0.750476706459672
40099,0.37987043455335007
90999,0.3392443174040298
60262,0.7175100289149791
13806,0.12382241241992342
84354,0.8540505774799569
93197,0.2036500292529207
31336,0.16529136217165274
61346,0.9622761878294652
64873,0.038541244071617395
32682,0.7743801957240416
91281,0.3607921003632103
18862,0.31090868669039734
69521,0.15947341195930254
89560,0.13290144330730735
35183,0.0226928203741203
101367,0.1087693293502709
80005,0.18395127340829726
28355,0.7171038002643559
81694,0.3904104758599231
67871,0.1136928403335215
40178,0.9740644268500007
18070,0.2089890832247676
30680,0.1760341005603051
56137,0.0912645026488621
84815,0.33254665048027
86707,0.4951369363306159
55089,0.07341126349311351
59361,0.18436718035230637
64490,0.4839010610543116
57093,0.7907908209306254
15676,0.37509350584796286
39525,0.3314334614220148
47923,0.9918868113789898
45403,0.49405452039334863
83152,0.06541104859393562
98655,0.22330808791347534
50859,0.5458453998992313
65784,0.27489227000800665
70212,0.9884117568036559
21058,0.6198845197600085
74241,0.2761312558981061
62610,0.6600460148569535
7566,0.17646030759540166
97972,0.9977482005814304
67144,0.7785273370651113
87606,0.952293768623785
46796,0.03746786141307964
4010,0.9849827573471065
76090,0.05600994832276298
12992,0.2678153427239419
96829,0.15160850326345193
84814,0.31773086697971964
57267,0.1492072079866688
6047,0.3497546883409081
69361,0.17948289664981787
17613,0.27231868741200616
51751,0.4765671158822701
42632,0.2194502954717557
36140,0.8056237973576863
85388,0.3467499823298281
71239,0.9904680245558065
15500,0.1924211969520056
61416,0.3684753827064049
31746,0.40773883851298387
50329,0.1954385520754251
73952,0.9095299693588716
32538,0.5263662790285306
13418,0.25875866516996454
12540,0.24491964616014184
43800,0.01755570583757402
14460,0.7581408555918703
55856,0.37109644090151284
62352,0.2264259950410038
94871,0.30652106127675094
91572,0.1857792384187913
26053,0.5272940782197776
50065,0.9865896605772987
5865,0.6657906888805318
10612,0.31807400955593945
42136,0.05362815083081876
98225,0.9699376170771975
67911,0.8463874712692325
58526,0.43822847955177036
60638,0.43678568311563104
17491,0.060915563965118505
65807,0.25893628155696913
65190,0.9238798088867363
46855,0.1469463119263157
31550,0.1808678862817042
46678,0.7127759247989096
52586,0.3757916404997113
77083,0.47358366639919874
15946,0.043612259702949185
47152,0.1949458264577869
82477,0.2259505753906786
89509,0.21335426715017042
67809,0.019911938918068504
66336,0.23314103441051204
104012,0.10609165760129224
5903,0.282334069002911
71203,0.021142465684793176
53679,0.3895720326224166
4649,0.08356575147198758
45837,0.5155329075015052
47135,0.9092442149202542
100954,0.5544058609182803
91716,0.030601291193779995
85728,0.5331377662239388
1170,0.7359498001076892
31247,0.6624660169157832
7679,0.838808097872521
28796,0.9825287058661906
44977,0.760450338621776
39422,0.10486101328064812
61607,0.07289244587146988
106078,0.15456121465072237
9024,0.07638015984940362
87278,0.3880246113527396
69203,0.8029722910208299
1615,0.5839937842229321
18592,0.15616036548931206
102546,0.5077207548971773
92573,0.2708255465713122
99103,0.996863475828409
64001,0.3302792525071858
10045,0.3061630135919346
85073,0.40512465889344507
63138,0.9572673757212133
33289,0.2807384940573354
25657,0.3645396973654996
105677,0.04166513555129543
67163,0.07557377319970486
13647,0.04328060067509125
76642,0.012208023327010034
51007,0.46177877482388097
68266,0.8938142287681788
44275,0.7165776029411095
20998,0.9094566635323644
37144,0.39443680857573526
22529,0.9190846678139634
107135,0.0731641606860194
10453,0.19291737265793618
44915,0.03749741158288419
71397,0.5846986354781386
87754,0.4551184227156067
94874,0.9248710396820413
48273,0.6964588026463084
83799,0.14738228705705408
59725,0.7285314795265447
17919,0.07793077275969809
38410,0.2825691871302596
96210,0.07501357181290759
52102,0.6185433688120503
71858,0.12941548909345557
35019,0.8294890861826127
100257,0.4555057452089007
92012,0.39037804966375256
62039,0.49117679058475006
62999,0.33441087841959155
71724,0.02317617293404658
45444,0.686060848572957
92009,0.588256208770609
19636,0.9169620633753031
55464,0.05537231109676001
71250,0.02875841102844904
7439,0.15549933192926885
49016,0.8318070147770862
23337,0.0896595653235085
60876,0.8116554337987161
49078,0.2531571458412746
74833,0.01978353046314856
29020,0.3957091835699769
26583,0.36872314674561346
29303,0.04019742724158973
42586,0.6641735559583261
71875,0.8497299677146644
34508,0.5786622656745484
6165,0.8211830515804937
58493,0.6196204247635263
94887,0.19176494898706165
102986,0.9989947914405726
28098,0.9637744351031219
25087,0.1586047513309074
8009,0.06650760560435783
89579,0.23009840030229556
54770,0.9967818960067947
51653,0.6537409736128504
45760,0.06987137771920394
4476,0.9980702254287193
54421,0.3867558792285123
59509,0.8857206445401912
98689,0.9994170919564269
60921,0.02247774538334752
39461,0.6242403165895043
70274,0.33739073499130295
37090,0.3068006660398675
37016,0.043938229422435034
13411,0.7925745061292078
51088,0.9214141443316337
56925,0.8611550663095828
98002,0.20834898656930512
35495,0.25860066122931413
93475,0.9765745451863123
68261,0.32471957380246846
98947,0.5335407654316249
50552,0.34089327938803976
59028,0.9616457606854248
88386,0.4667172652886013
96380,0.3515634073786298
45376,0.6308119827960907
43984,0.5168826988898007
24711,0.3558706696285349
97312,0.5011067004802221
26141,0.47349105897782634
16602,0.05549278828985567
23781,0.30103459878939753
28258,0.01893112776458599
64800,0.36434106509515474
37795,0.9912848981787183
62740,0.03640141646296715
41201,0.014949184371524342
1954,0.21793386370982254
81573,0.16561710934675505
21215,0.00745076426941906
70981,0.15718050933783123
67761,0.12639211267313993
104537,0.1709400069825986
52595,0.8789838190412197
28616,0.05353835060901523
17775,0.9975327205296032
35248,0.06124377029546473
34106,0.2709470679289502
13399,0.3627422220018679
62348,0.9865078644129678
22348,0.3103303630041453
78412,0.19587483220710283
79202,0.02361705984687888
28300,0.6432401904006126
57415,0.23603245658486244
24325,0.6666938770768296
104667,0.22291564053159346
102884,0.5737522458230429
75881,0.36661910359019145
89545,0.11788844718846136
53802,0.048926558662785696
8428,0.7492746057858484
1947,0.20033165678376852
39582,0.8095899964893472
98781,0.23562481751266812
10914,0.6639717703666085
68116,0.18455489855533702
89336,0.3889356362382742
23088,0.8404780900126803
24498,0.535462189714414
20680,0.09482431194573976
72863,0.19864842619813194
9853,0.6177875741257322
34780,0.057394180532468114
47982,0.3913402356789274
23029,0.186861762491552
99217,0.9764081820475601
65189,0.08090703833237983
32702,0.12957549546004332
29196,0.6602726053532175
92311,0.5995472390471684
78556,0.6584530264599349
790,0.07310374216010068
61109,0.21721937768473554
27468,0.27585206595596234
59155,0.5373840125365216
77199,0.7646562217431145
5278,0.5671626911682142
74444,0.059467398001418856
82691,0.018289048584083267
16226,0.10909263998186125
52549,0.5556014296945533
44851,0.8213336272518987
59450,0.49777585877016356
94386,0.5597217838275869
17225,0.2341927520708056
36121,0.7660634074530901
70641,0.1561812907817552
23081,0.8537567930948096
26293,0.16476526751797294
19672,0.17650586069879243
75867,0.6684222995833675
12380,0.6068431625158889
58603,0.4244410741312665
75965,0.4775903363762441
89363,0.8002732675081656
93676,0.9961125028282541
14307,0.20444196985945923
91126,0.9976014240348398
25779,0.32001510789690274
6628,0.6974298953381506
4388,0.02804013480177019
93791,0.27115029596185236
31487,0.9810543132904934
90708,0.4339864949851949
30088,0.9670044273452552
83553,0.5483599634294397
74383,0.05592341806680128
25927,0.4984279731854977
7414,0.015154477270190033
20334,0.15025556217069486
21744,0.6875234766132201
21251,0.1824097676661035
60748,0.39829856866330826
43515,0.19431414528660973
74308,0.18823067040774044
106088,0.5412369675857833
34656,0.07349928921476126
50547,0.3575021760047661
95637,0.5612324061168933
30704,0.3365805581795245
15030,0.07161723774426376
24654,0.1602430043786643
9002,0.6228474510118174
39090,0.483498554560767
50634,0.2580060786676496
97316,0.39080861951836127
84069,0.4915126704625331
15263,0.2818730525513856
17371,0.19082387828837166
92665,0.3581306424504911
68592,0.2645553468754297
34934,0.17617142185978407
60754,0.042386203434790146
11212,0.16706866211168564
57395,0.8063744634435424
87247,0.4193566679619707
10163,0.1971997224951752
19818,0.0037633313046317287
86469,0.8934951754757793
5163,0.4125325019707775
89755,0.19729796923152176
15091,0.2569190849183376
54328,0.059684960146070776
26074,0.9999999730261537
70959,0.23174206877466924
84334,0.8654064431674262
65282,0.4078186678457224
33477,0.7649185180145996
6641,0.0782599120669706
23339,0.7022192186630485
224,0.8582403602251361
16607,0.015801815539163253
106110,0.11967945953587406
75941,0.04613459944960576
45252,0.5409758975198444
832,0.5146678438467979
55056,0.14319943048056882
89743,0.9784234140367427
60890,0.20309484259196775
55078,0.7172270107260602
48751,0.32306528584408006
64538,0.2344595853239032
40381,0.08603478317733021
80868,0.18306430541567165
39323,0.6573415177091424
87561,0.9458709881032601
16654,0.8040517322500327
41696,0.3110484628788881
13283,0.9423613400659704
24227,0.9484711920006819
9617,0.9869413288870779
56613,0.7395987861362869
87591,0.08590261037235503
51253,0.9984244987377795
79479,0.0509173697805348
90168,0.004646652827047058
63042,0.5624570938545606
37035,0.1664344602380184
52909,0.6943301178261461
69625,0.5822404824149192
10939,0.14562774806277812
43090,0.90353623197805
23167,0.597989235932983
16387,0.740200414978755
40661,0.9981542791194713
71384,0.3161010186898847
19426,0.2784415469498813
45384,0.8430602160648
60704,0.4003503408914818
14812,0.2389550816868845
42412,0.08199611810535201
70876,0.4355898785652022
63689,0.8486912420117174
33546,0.6634548034266738
15735,0.9563175776935475
40798,0.2693294960634794
13733,0.18377740539168996
67133,0.05991842166165776
18911,0.021591977817171926
31669,0.3092741094274639
80993,0.2921063701845114
48559,0.5016506980036053
6089,0.16179759649660702
75724,0.0455934507200654
76026,0.35294198824471723
31984,0.5399692672421692
10651,0.9879759544010005
31300,0.14361242975426597
28564,0.1351367948924087
18914,0.2993896805895985
58189,0.5258491863637613
79828,0.35519052058136635
66402,0.5348894101422892
40202,0.20779894670077842
95576,0.05804591534307952
94270,0.8480812661400725
29226,0.702097264249363
53270,0.3743434396127441
35383,0.19530045020697906
29566,0.8284988086867182
2547,0.4094549511917265
70342,0.9466251729377426
1061,0.9817501047175459
78036,0.45843282505614286
72994,0.9039293567320175
34506,0.9385155819476403
102711,0.9639077254538444
41440,0.6429022076864936
39328,0.3594855651853297
82236,0.7855091717958448
54557,0.29139502396959016
8590,0.11204142950384888
49268,0.8247373184287519
53084,0.26071501721145474
32658,0.5759520846020012
40205,0.25606928120474837
16606,0.1696547383566151
21653,0.07913647151140901
38824,0.05857737922154091
72356,0.9995055002453616
58357,0.8218940556713934
5784,0.35202878041883573
10202,0.6674099794673778
9417,0.27954786456954894
33193,0.835252278353211
107160,0.001686979815006896
70310,0.9922556185826434
18909,0.48603960451525546
60021,0.18092281353758488
20427,0.7505427198868202
104311,0.4114172949437414
86023,0.39156249305806734
31203,0.15149297839457188
63103,0.04645563600111037
98109,0.013320370305441384
21297,0.9991747740225888
52144,0.6165803598626834
88901,0.6322683333908391
38225,0.3298262898174825
84696,0.8777420037502885
20497,0.622711000750523
29476,0.6173606018109603
24075,0.6647375000273061
22804,0.9283993107640374
91118,0.19432367286506902
80940,0.9177592671083596
43319,0.2404065884525604
29975,0.05681222516980515
87083,0.40156026136535894
52097,0.4618722559972685
40409,0.19317092467875974
38669,0.8358576437832901
3473,0.09734700738866064
42303,0.12233489494584421
55987,0.5823254165648725
29956,0.19626175946564667
85955,0.748509989045008
25404,0.8494232335393334
10515,0.8220192522038947
94826,0.5833478260518344
24313,0.06922934034750403
7440,0.8645380151668371
37739,0.9960991122111174
65222,0.6652555194175737
21842,0.1398484043099567
13616,0.04130253057668864
62725,0.040286609188567205
82094,0.6971861757349269
28784,0.7980924912924214
90341,0.060426277481049506
90871,0.09066274954369352
97153,0.6066689418628771
34477,0.041062529422010836
27288,0.5830080602448486
6645,0.16156320891888554
106487,0.07717498397562968
103799,0.11130739872864415
100795,0.07770803583412902
50441,0.9075733553909715
25656,0.9958908157621488
42091,0.3959482448413095
31393,0.9997139913457259
105245,0.7549889588175267
30771,0.6139988407747127
63295,0.9954512570228132
92846,0.7890875653206506
76532,0.21960488239053277
55699,0.19410598708833032
51532,0.8395114644863229
81462,0.636100864736764
55743,0.9738809080975287
5471,0.9633686161907491
50734,0.4836356612004467
77357,0.1577128787806223
42814,0.742344118511174
56981,0.45247741481907733
15870,0.41226534597677067
62263,0.7389677690199319
32459,0.0992439131958866
69113,0.9577334300152484
41655,0.1612550840953731
73181,0.5567788984942484
106893,0.30911817335826375
95135,0.08785271520921317
250,0.9451851062928658
46233,0.9608743446681982
61352,0.586994215519647
78753,0.23057139995384668
36900,0.279797082338049
20266,0.22295172166091076
100210,0.28144252948613413
12736,0.7011032450906456
72307,0.9442656633607199
88205,0.8860559903554069
8442,0.8356072369258093
5266,0.838482512588288
68454,0.0688100335643444
42471,0.19094577793657735
88656,0.1826314354035733
39599,0.49087960013849935
52067,0.24714126078103726
36330,0.16572780684288557
64700,0.24108981605446822
45548,0.12646562511436737
25933,0.09858604780112518
15386,0.938547260461629
5678,0.5566293484866028
64586,0.9068745988012935
42264,0.24252944016741418
82239,0.017259452762171494
12472,0.643526505084957
80615,0.27163861408254414
90894,0.44426116226848456
33993,0.3591494587423027
68985,0.32923624561938725
48858,0.9935226562843222
2365,0.08109301749279785
61432,0.6225482186029038
55956,0.24066730058451746
72981,0.8840665162826813
3931,0.10526523881944638
102498,0.287084414742859
65577,0.32600657570668307
104607,0.8881370364626622
3574,0.006067206862754209
48736,0.3341691335556901
17630,0.5392181740104418
92273,0.2671040377521986
88264,0.8958875012725819
46131,0.08960284416286524
65601,0.2142079528837798
11263,0.19093803917421026
56695,0.014696506302662856
52600,0.18783534917949946
5653,0.8484656095376314
23233,0.55809763294071
102262,0.9853620350632073
19938,0.1368140446736067
43484,0.5753390057519454
85166,0.32120905490427354
3085,0.022467782688038142
18921,0.02643804168694506
24771,0.7778757761611934
58897,0.32461493989766
94516,0.2724859175716896
78453,0.5697840047380234
91211,0.5280773600429568
105987,0.5173096339886023
43111,0.35299927740613846
28487,0.267851576840732
8124,0.20531631498967096
82311,0.35559440941466625
98877,0.8266564244113334
74159,0.2942260988572937
33511,0.4020948871795234
95473,0.089602940637583
19725,0.26998070458627466
41003,0.1830190078112992
16427,0.963672434365243
100963,0.9940391312341639
52106,0.2046911454185661
39236,0.998443493219552
44120,0.9782762221473822
105658,0.45214488309061945
13655,0.465398941950013
26906,0.7709883584991966
88670,0.5373753447622498
10846,0.8057286023253851
61451,0.8040931324375298
22909,0.34714371390552196
5603,0.16070389856175893
71995,0.73409806338483
13659,0.9482537851904693
33676,0.03576778551460599
99479,0.9988722342384352
87944,0.16720774112709214
98866,0.7934275326966354
101832,0.08379143290231228
41896,0.7905657521674545
3179,0.5274841982755334
51753,0.3879907461676464
27493,0.7163858008270348
49726,0.19724949581794105
12631,0.509044689171094
72865,0.3485400950020121
80074,0.9999732893877578
25077,0.24817663947330437
2911,0.12047943376467979
6033,0.4757953827256293
11734,0.2910105422273447
49339,0.05962178521015909
3717,0.4178424133842935
81240,0.9926113447362839
94153,0.8869195355325377
78852,0.8700082805428451
54176,0.20502564758147934
65079,0.3788694097929957
42937,0.6491560227697234
37077,0.22088604895768826
90291,0.2870671751919306
64253,0.9856885655971536
56721,0.20171102806940822
14315,0.08791549571830526
71554,0.01659442529824653
83088,0.042391468681063846
14641,0.8487554477780512
48788,0.024297462221254593
37948,0.6971558112674462
80385,0.9702293340876748
33468,0.32622212153031704
18095,0.15883895188480496
33431,0.044034247332838825
92258,0.009325549494556344
78347,0.11012940595640808
56274,0.99496066807499
53441,0.107285051813858
9495,0.9885016358216253
80729,0.07273716951911235
12433,0.5493495439041662
86376,0.12101750034303776
52615,0.9109055238128411
64847,0.015208529926856978
19409,0.1710859174735765
207,0.890287286482929
68122,0.35347563489902195
92545,0.7642694193828345
95519,0.9874811215888306
50682,0.5878917324058153
55649,0.5023980231094032
81728,0.026734053178566274
11486,0.4474629222288928
57854,0.9886152119422468
1370,0.985871785202151
30096,0.876149185203511
37053,0.5616576992476754
54074,0.025582324094443765
33195,0.555174734692072
102230,0.876002200197465
45171,0.34009974809208554
46872,0.8588267361068549
9345,0.9988387071346831
82785,0.25467969404648777
48943,0.16836675114011085
106349,0.11482185807422829
21593,0.5485134765634716
78571,0.35696280364185373
91788,0.14532581555978252
86361,0.9998090754349884
52065,0.9174671562669992
84555,0.28858051067728574
3855,0.2586273259512566
43401,0.0488165520864962
69390,0.14354471017760584
56654,0.3831068152772205
28773,0.440448159578319
100080,0.8962139247413539
89691,0.2482856300088191
80744,0.10653332001118826
27515,0.0077686715273614475
101721,0.3048983213823002
23643,0.5211622272241202
47182,0.5884554094598503
56109,0.5931102709753721
81489,0.18220330266851414
72660,0.8132295249248208
25454,0.09192164549886889
89294,0.4098272558356566
74774,0.9099430068394843
30573,0.21918603863394354
55258,0.06263673883414728
5170,0.01560776689587065
88336,0.6571741077600287
5643,0.17557354736776715
62813,0.4188100986572006
72060,0.26572227947654115
36505,0.13134283444399486
30556,0.018892676716046743
80742,0.32062993939787926
81442,0.8914358508308147
84357,0.13844057694390755
8437,0.7735439360827692
89498,0.9961413299638321
52323,0.058029908293447174
6105,0.8431609214386672
28306,0.919225397542119
817,0.12957509288302904
21262,0.2285468944162986
101935,0.17877921136065233
84337,0.0293630811182337
14451,0.0898971418485256
16999,0.820428304009877
106000,0.6915158653831565
54478,0.8914535915749691
74663,0.9844618585490801
45704,0.802994367145792
19643,0.21433982772054594
61567,0.9619039643950357
15631,0.6001725129196448
41554,0.8650405179638057
83039,0.920882334674699
103446,0.11077214884723252
98345,0.19228050462947932
58781,0.037326434750874736
36507,0.6982737953752254
93968,0.6372583369265492
69970,0.18366003505875467
29264,0.5067819510394908
72447,0.8482345152995248
49490,0.3684236475360573
78217,0.5355245365712717
102159,0.8882645754486043
70273,0.019711903690052497
26338,0.49279517136714235
56176,0.7147837273854832
48531,0.6161515513565088
87778,0.5874334327969177
31072,0.8021607385115772
102437,0.6300137329841982
74391,0.0816144714445522
99487,0.1448775086264275
1181,0.43249597967938974
98967,0.060257293691423776
40784,0.047391433091852786
13252,0.159528061575905
35927,0.9995769943233663
10450,0.9656986086019869
26024,0.9528368661088552
85777,0.9489247253581184
79959,0.24091904950576798
42224,0.15183205097534763
79732,0.8934503380494399
13077,0.15912814111610468
45919,0.9922363435338947
48481,0.23680682993677882
23051,0.09228245721729605
53396,0.5553768248145882
25990,0.9994447339204425
65930,0.050726887344948624
84275,0.5457473126445027
55555,0.598984549667399
13571,0.17277668953985176
19734,0.5139110904957249
99263,0.5959720037506409
40884,0.9998185217481315
76709,0.3621794958861324
91081,0.30352975974425844
99608,0.9981641287392253
101938,0.1215058140017653
31299,0.2624493710165685
54312,0.31493853308159225
75331,0.1273125132325219
26718,0.9989663017573266
39625,0.4473233125182564
10154,0.3351832963358238
52480,0.4411160418342345
86492,0.028941839118416038
67218,0.2414434067870686
90249,0.12889256604002636
107061,0.4594546278302144
31114,0.20655307397227035
22242,0.29027799029712203
103709,0.10372633270219428
25534,0.012088759393122603
11076,0.18331521251167127
59426,0.4697258034657716
40405,0.6246126906149503
44754,0.8570640112621138
22684,0.899850694927105
5801,0.5271985146977888
36924,0.06570284947300264
53384,0.9950902817062065
92712,0.9686265439284452
96901,0.8110409259844491
66228,0.9851676545071465
6751,0.37677663161961306
16380,0.9999999999786905
67691,0.02674878050774706
69021,0.5381665983423475
96902,0.024945924862197207
47769,0.7511906487793136
31218,0.8428437145858633
38635,0.3366404836838572
84440,0.6650046648571407
80700,0.9950644390193422
83305,0.44235109623343616
77004,0.43916417373707733
35493,0.9640629284910704
57640,0.049257560650729296
22467,0.8183328444369629
37776,0.9744900184761474
69920,0.16713444754037954
27536,0.40668165782706023
52622,0.06724945685598563
99130,0.053349889978545145
34826,0.3593312201473671
13530,0.6599063786264583
54219,0.8092725694360212
75359,0.04514326601946227
27285,0.10364443142661006
22077,0.8219765580356613
90788,0.16872978961453827
104322,0.755142378834865
32897,0.9999980134070121
55677,0.08666969378488365
42319,0.1372919078748619
92559,0.13576471438434023
29282,0.8854247110582656
65013,0.16602763608777826
4817,0.7841681064730279
37540,0.6858327408540371
68712,0.0236698343225
56007,0.02064360229891898
47616,0.021539339168283277
79058,0.9802102809344883
81738,0.1124411374697305
100015,0.9586566607287985
54572,0.15326329384922655
49533,0.020018734582455622
101178,0.4266102391650741
95017,0.9612809640382463
105751,0.6057889171720804
78944,0.8622852988240908
2093,0.5412676761963917
105969,0.6717077633697444
104250,0.638247091502276
83042,0.14332822788446414
1065,0.8478685816049152
37529,0.38571078303680395
13780,0.9460052862953493
46453,0.7339788315713531
64631,0.9546901635857218
20384,0.08011677577145015
47912,0.9414279022868536
18,0.11681137608650882
77554,0.8776679089968358
15582,0.6537316716039931
99666,0.9355539346955488
79962,0.9660471240935167
57979,0.07465763946738266
781,0.9725464868436458
65466,0.08965823335369416
95252,0.4202170958434296
32661,0.14009993410222926
51127,0.11440261983788125
17798,0.6679371750769494
39908,0.8190783632484117
25867,0.2239448543160414
21529,0.004874039007032417
28279,0.3353539630564052
11637,0.2297241248708407
64726,0.9707458336732167
74392,0.34555901450096405
15857,0.15438688063450057
97309,0.20576955211784242
37463,0.8593986659657804
32071,0.3038464588303991
21323,0.09417748144576982
26312,0.745083302360394
71930,0.546835882407013
3492,0.06416592606468735
65456,0.02485989645058666
96936,0.2979567384220481
76724,0.45665003235774587
10868,0.6706996263453084
82591,0.14624096611071352
35387,0.010777065750668268
38546,0.9994045684624259
89839,0.7047550887772557
14754,0.6597194018739834
48921,0.15457145029266067
5482,0.21929406233267468
105128,0.19413728901839866
31526,0.3400908801994159
93278,0.6083546707524011
37389,0.18567786589629964
85513,0.3556842819882732
71873,0.7450287989440432
14912,0.16288813653891843
81004,0.04916893794122571
43896,0.199636608790089
14272,0.23946272613622094
10717,0.061609635919245814
64257,0.8774414905799914
11434,0.11940420158986043
66130,0.44773705728354374
35204,0.7001033083547205
54695,0.18328262533556933
14350,0.8258727467505182
100672,0.020516969871120404
3169,0.005142410880077913
82931,0.9339411833192203
92433,0.5863467954006856
24263,0.9971063527087649
14767,0.4945386985377705
10604,0.9106502706217381
100318,0.28933978771730046
75663,0.921390344891179
43684,0.8577301146148779
30373,0.9596976002807959
17867,0.5807054256950158
33900,0.18487704350206924
29003,0.44110131290092636
33694,0.05431039096277761
84087,0.9313967488416188
29852,0.4595359606195641
63545,0.47966206751278256
62292,0.025786172316839377
57258,0.07425400168442106
95073,0.9797792344753312
50685,0.4681654538825551
104221,0.6109668310718344
51911,0.39829986827084574
48975,0.546944644306044
58430,0.8767139119179178
63383,0.20064845833151823
35526,0.17875015272618527
64270,0.19858689166028343
23285,0.8168960652997888
89158,0.293436879040329
77528,0.05624850508718552
38446,0.061493653386105275
19382,0.7277375789764702
17453,0.6854809348150618
39175,0.13745603424056402
102238,0.4064467450353957
85718,0.6282788096626817
24010,0.9939369677659917
54821,0.4099485023356784
13440,0.08277908098997061
11394,0.023957667815760433
23805,0.9299216902589075
43147,0.6093233946733393
1333,0.6478191621813462
1639,0.38246798952167116
37376,0.19921474035417241
63387,0.7079312562299684
23614,0.9998937670621174
32136,0.6528253597877267
49294,0.36163979204987173
13594,0.7727249143341037
42326,0.08837776182925727
82587,0.07056923861678996
62487,0.400924928314011
61281,0.3647248597388797
1204,0.06984184529810188
85035,0.48566401229975537
63270,0.3153612161934948
54681,0.7321217857792794
38823,0.26109405449042583
88510,0.1370888345016354
73301,0.7701295820764908
97118,0.03993746027067082
56486,0.0186953985546505
70896,0.15797460286324233
9348,0.381996396379909
103274,0.937521521093833
33539,0.4483885962875342
91382,0.9889739969178747
42087,0.155426611297744
38095,0.41363910452642644
37681,0.8452033373855403
8143,0.13120263868578463
19535,0.87685566725318
100274,0.252806670439896
47783,0.6694539113001104
63781,0.32873589188592567
96617,0.2049706592642841
75551,0.48022979056061843
17255,0.9998503553326357
53787,0.16614632826048953
635,0.82920760899858
85183,0.2570414013588926
103397,0.23596135055419254
82756,0.8970228334585437
100666,0.12438046839322076
50949,0.1350415557884549
28357,0.28073023715813433
45721,0.7947824088997582
56031,0.9953938792448
28691,0.10207259804829144
16837,0.5043228660626226
5685,0.5112772813070136
92766,0.860726138259448
46208,0.17056991835302465
39047,0.9802188827608553
6910,0.24730124672059645
70669,0.770505945472337
49926,0.6861614835012835
67684,0.03905696328840015
22819,0.05878985471876317
64125,0.16890768202388146
15652,0.07225081620079497
23464,0.9480068778913976
29177,0.20993241812946867
35062,0.7624630065352421
68536,0.8039043163761712
51118,0.22726855966690424
90260,0.5650526252286583
60622,0.061633836144317736
72104,0.9884943432085537
7291,0.3855303404457699
68799,0.0034963524500026947
26509,0.6904011901425251
96133,0.051106194209547345
64710,0.7419681935180552
34161,0.7762746075852474
4172,0.43791515848366935
26504,0.04961618696404963
42383,0.14079688079069208
48827,0.4153097312532472
62023,0.9990855803860756
53381,0.4539345657767774
42672,0.86712866626773
40352,0.8627129881892086
98188,0.8376818928133978
55579,0.2382559330981422
95699,0.8780440976835326
22073,0.751023699678653
7510,0.4525144648662121
61926,0.7465397658716958
12524,0.021862417626110315
30272,0.15011883763082678
84597,0.6553772817696685
82478,0.9962469816245909
64991,0.6511830937751699
33087,0.16405988078740086
102366,0.08383104301991351
83565,0.09211178703554446
83122,0.014046829946947904
52131,0.28705929673823666
910,0.2731723357646748
5111,0.3184916752465072
54693,0.07856076812512344
98190,0.6843040195279779
10111,0.8550619271228721
37371,0.064990979943758
34857,0.08721566605650094
14501,0.641805349996149
36005,0.22401485545358862
25749,0.08001429463347387
78921,0.9190725833785175
44951,0.9999675935622497
14333,0.6311328966771588
83840,0.39905776557067635
27079,0.056600997643548104
13278,0.6057056275856023
23037,0.25416200950768675
67764,0.6837721945396917
15310,0.14277131585269887
94802,0.9245691724996713
87951,0.19665641764971575
78943,0.030637557216235584
97872,0.05134086383822681
81410,0.2993425991298595
50882,0.9063046037125086
27223,0.23304092962163597
65094,0.12835101250440412
78051,0.9962029928039442
70230,0.18790967179206214
14759,0.18577726040127446
59979,0.34179198126939836
43844,0.9636065638184647
79018,0.21174671591907268
27232,0.8620290058210709
26744,0.15535601833832247
42401,0.6937339798367193
78332,0.04701364852063402
76194,0.9405290482850647
384,0.36875941797650647
63682,0.1187651387956426
49119,0.9848363750587477
54063,0.3870285829906335
64585,0.5467154745246645
79519,0.9411451448382961
51401,0.1885369070051754
30357,0.5621468316094059
13880,0.8135537615513907
58055,0.9506030931220707
45641,0.7697407034828121
21988,0.20611113073602416
54004,0.15406811061888975
24290,0.28976330973414377
77273,0.10302430156024972
76128,0.14483726862699164
65644,0.9999551005729024
79017,0.19284893999053887
101808,0.07904925343711483
99951,0.8079909237616951
60253,0.5932748314052657
94900,0.4414213283089836
48007,0.31603549716244117
98057,0.4087196170413972
47744,0.22740782186371833
98823,0.6050916223204212
101068,0.35424871683597015
102961,0.6314853873201431
74087,0.1335279707991064
7420,0.998976539923484
70975,0.3919374701760318
105748,0.13373062933559737
42214,0.6350134403273419
13477,0.7549407245296066
104778,0.8687792904491449
43685,0.21468744400339163
100408,0.10845147872477318
51947,0.001534010014667888
75354,0.9552773238753792
15888,0.21591699615518667
33178,0.5876850254212654
101604,0.026114481158493765
11544,0.43250945047208345
58903,0.901485342524979
41792,0.030371130959714977
93189,0.08477954090234496
41555,0.36121170299690625
79590,0.6495420766932317
3426,0.49236058403384464
25278,0.896449698093104
25008,0.7086956801273271
81536,0.7417585277331318
95607,0.9809434822955408
98558,0.2656263558923285
48761,0.15005188262195207
11198,0.981096938260675
2451,0.9941015996994457
46648,0.900979850632122
51384,0.22718772154462208
62978,0.9935865971545118
27721,0.5762445493303929
64172,0.057822835706644045
77418,0.5303956719451323
72441,0.7890817098247753
29063,0.6442341873773224
18090,0.9199116962320255
2491,0.21169101644774252
70301,0.24624771998183925
52348,0.6679815564822594
82167,0.8717853650743599
32365,0.943172372808535
6896,0.9216206776595541
54908,0.19590011087011788
50459,0.5459369561106527
60554,0.42407201502397296
17023,0.11928654376045084
65066,0.477590093028051
66344,0.10067259716518512
37911,0.46540015602779433
22161,0.6905671256393622
30356,0.2273030066279455
60676,0.14670768471876167
31531,0.3815885684529421
4843,0.004025891201417133
99733,0.922405315916839
83507,0.39086637611010494
82773,0.34432687921652516
74473,0.07340395932366281
88188,0.5630128648996227
88215,0.21987359275625146
63735,0.48893508868282903
70619,0.8356503635508294
61200,0.05252600928903441
30655,0.2371377192304604
65913,0.059313915406139006
54326,0.26670047992704216
56131,0.980725771117278
58175,0.9422332870783574
98975,0.9629601569000449
94819,0.3679006092353455
90301,0.05816463059403134
25780,0.28701740863841446
60452,0.9878317235308508
50411,0.026865903446617767
35018,0.46518850865109385
73380,0.9870637221427336
17467,0.11529354861125485
3094,0.898169413175731
9738,0.3877969682956238
44418,0.7186831307718897
84598,0.996362515156003
93058,0.8458867291971498
101249,0.1563486739189235
3313,0.02176544783358266
98711,0.4511940274190216
27602,0.23585558543061297
49587,0.49013060596291824
80445,0.11647536393347269
39073,0.10948328853026507
77240,0.09186174295809724
64521,0.5659438617194982
14191,0.10726156230398365
84975,0.9824214588144862
41952,0.5961228957508693
26320,0.9995931214412692
4556,0.6896179871126984
15168,0.05487938607472638
26457,0.9965755717113918
59345,0.47039198082091793
29189,0.08437881558045668
71307,0.8128092588484708
71078,0.2642572957317503
3900,0.8690280958040435
22304,0.2607976762532912
38231,0.18818217184667768
81720,0.7391731604181213
81431,0.8143520799568978
583,0.2068553922166056
53552,0.9851513810048256
84043,0.3873561202335618
16175,0.09571459359664947
34979,0.5995879406989428
64150,0.6723334525329082
75806,0.16856379336564692
93116,0.029663566711404556
29562,0.9540491155138356
28371,0.6823011691059716
69331,0.2818963222243851
44586,0.8856285681451714
91778,0.19166461614165603
99087,0.3885990674312825
36336,0.8598627918350917
76742,0.13856279291315754
103873,0.8613083003036133
41887,0.07993461626919018
36456,0.21422034401446505
8347,0.1938934284078696
105701,0.8427682539940882
18727,0.7437195807783534
48456,0.8427484674513241
67345,0.615373436264421
18115,0.16888346944402421
88646,0.5687142296187586
16889,0.9879408197612963
12294,0.788991488699154
83601,0.8729308563234957
73687,0.07213780783585272
51259,0.04972624645854961
69885,0.07921540650476083
45997,0.8548840196189451
65402,0.9958319971107065
24272,0.41542793286642976
26111,0.17443714641650687
14340,0.20566608357891547
106932,0.9975161027594414
10072,0.3671327741970447
42275,0.18543755443605753
12585,0.2492271855331628
19345,0.9831151669540367
51382,0.42609820650023394
17188,0.9923093052813172
61288,0.6939851634972349
83262,0.6573664337826977
86120,0.999261574484697
71597,0.06512057176872946
56009,0.35951591092939866
23672,0.9938705779180141
87182,0.21095883348758332
30917,0.931553683985389
45016,0.22574328970673507
27513,0.9211145313541407
23688,0.13459254950220068
91552,0.9042968123025003
36671,0.1847540699858275
61761,0.02152303315272011
85490,0.2819332617113873
102143,0.6123476989867406
4545,0.004253901022713117
25878,0.4715047968841683
40704,0.7105680216786339
88727,0.11317679270256253
21689,0.6235516939560121
53724,0.22965693835982903
23022,0.3561283445793024
77592,0.4712394477581143
77918,0.31146979868563696
94200,0.35976429342109717
37600,0.1837690711753504
43202,0.2860413627689625
75128,0.7484813922013085
47481,0.8265848809045225
80803,0.5814982002967295
97638,0.30092796122443743
67851,0.3911875136710706
69733,0.9955056704065735
96141,0.13424398862290782
72491,0.9535565114953947
77467,0.34736282835566507
61997,0.8558066576524115
34472,0.2308680508618779
69452,0.9060799337767218
105256,0.5243749124404856
38288,0.5326492598969647
61579,0.7254985233025415
81861,0.797675831026605
91388,0.1356310253175061
66355,0.30561423152964007
9772,0.33729120690391545
91345,0.547664964593666
89020,0.9980754781558062
47843,0.17888270043782384
40239,0.6016606024194011
7984,0.2881645364561606
12457,0.03530565548234541
48634,0.9367241790202268
54494,0.3910501422885913
36007,0.37814356485050643
13859,0.12886258582253118
104132,0.773107360779475
106444,0.4169775928451501
77743,0.725008059697861
12930,0.6139041095729504
75523,0.7522222525383726
74575,0.43592070904263847
87066,0.1552861859985047
72953,0.7132392576801203
75330,0.9287542971483912
35634,0.07004811750420385
32681,0.9492263201032193
54719,0.702510441341078
11158,0.1101374152825193
59927,0.40627832179173157
104545,0.9965052694454034
40117,0.2785445875155521
61413,0.37622898175174924
21715,0.5260090694719434
32714,0.25441499039964455
24981,0.7977131317363844
35347,0.26644852056543317
93329,0.22989931366542876
62636,0.14000205540322647
81546,0.3718091846924726
98273,0.42077265276694764
7217,0.019143127497495326
93418,0.355382122208583
37177,0.639029445553287
64677,0.5684389842850548
17229,0.5897913377686015
97054,0.9459604318718999
79937,0.8030616280826911
54263,0.5941490455141145
71751,0.28461990405776294
82528,0.700366970299217
72064,0.9382935621903161
79587,0.20884238279921624
28466,0.9999765131667125
78377,0.6425889255021053
46316,0.9626746721426575
36085,0.9940459793424374
17461,0.9031160907912033
68795,0.764582431560239
92838,0.19970360741005444
7155,0.8111372442361009
18487,0.11246033428535945
66346,0.09563412538043314
99,0.06163482229046152
101572,0.9858403944888924
89347,0.5662477958494269
68407,0.8500074926967109
49849,0.9364770775405851
33062,0.25870520742738684
57697,0.8932314534990891
43349,0.034215210876425754
83428,0.23810938206675686
105864,0.9203077520999005
15474,0.22743978073063414
27327,0.19863795637246523
81606,0.9952438926948558
46310,0.6963964236628031
7460,0.9909330547057043
13550,0.2055185793704588
101547,0.5850276150820712
37085,0.4065911364594605
90070,0.6536636629657206
21549,0.5479520450414163
20421,0.994416934192512
85729,0.9822847882465682
94349,0.8953552956472075
97059,0.7202382374185459
74765,0.8844491958656717
13726,0.40302979788887533
337,0.5823323163141937
51845,0.6318558429129388
58858,0.9963778476290558
46319,0.48710306753672394
55111,0.11003765384111319
11656,0.9831921555202091
78676,0.5779173842287167
60093,0.6063202530681587
91884,0.5994475534421007
51111,0.8273929719658608
17141,0.5835072757100515
58149,0.9999135495666541
61320,0.24013309255001652
1131,0.8109780674953093
22772,0.0986264273094975
43664,0.9660183643806977
43501,0.9921287629162286
81414,0.07696662513131883
52958,0.9664424215460987
89750,0.17150407330160172
83877,0.3566346786767261
65308,0.6530764937737901
9200,0.906457483131151
23749,0.9908221250687893
13672,0.17775101844296526
74683,0.8490587053595492
53904,0.5064977310573431
105146,0.9998275659710528
40098,0.04273894317274297
54660,0.14792473552524993
93339,0.050595502300322
106801,0.4832510153042594
26778,0.19797037107872378
72106,0.7796128188008431
20868,0.19886043693058814
75989,0.34652348806616184
105541,0.999445547131465
13843,0.3555133477979091
98710,0.8610129912346348
48313,0.1290088728726732
31664,0.9987811655664169
19568,0.8552729048180834
47754,0.08243264346624501
96276,0.9299035701120014
95056,0.7916637173835416
92257,0.9606934600487166
85089,0.6709074985189493
20080,0.6882838135058603
52366,0.8223031150967584
43572,0.18161510666546632
29109,0.9551804565953813
52191,0.7242120685572682
62260,0.3546086598923767
47485,0.4566717057797255
52129,0.6102466488136523
59497,0.052350174772626906
73830,0.06793289869052319
27949,0.15044190804004737
16537,0.6803550027713037
84391,0.018924892704103812
54134,0.9528815546966399
13467,0.8304117436464371
86868,0.6091298824428505
95993,0.6501790827510462
60827,0.918974516822618
68151,0.4922671030951336
57843,0.696311013095337
2809,0.9890348332287738
46015,0.1651931577345801
20238,0.2722445111975915
106281,0.8977287665847333
50264,0.06744171275485288
73468,0.06349179340483392
15834,0.35549540899695264
72045,0.5597552468817077
56366,0.4834932846369235
9996,0.9850642065091791
100234,0.6924384123188971
36929,0.046279215104089964
68444,0.6244023053363463
563,0.3568111045073248
80583,0.9537485380848507
103138,0.3247639447277124
65733,0.059721780990102016
32278,0.9585027733967908
88389,0.4843653329805221
56450,0.9387756937873896
29640,0.3689932364109748
101098,0.5649243258607497
89131,0.8065962014994745
102285,0.263598015057589
1174,0.305035296897306
86355,0.12301594065771293
68228,0.8150965075273089
49846,0.8961268235502022
107146,0.6335043383829907
7072,0.17298539263052248
56520,0.1787886801968252
73045,0.9405182309977221
28365,0.08772601995543566
68322,0.7643661023808055
102037,0.9987272063874794
18716,0.32824013128337926
67893,0.06097305015011445
81841,0.9966649937371355
38298,0.0326293324355972
90742,0.37949386520241546
72516,0.7319303185880754
37424,0.6654420384516484
40673,0.0083099723284545
105362,0.7398580161602171
64238,0.6286902249842011
35480,0.06028945863838691
84378,0.06116326163790703
2635,0.20780468288450454
63605,0.42796587105239203
45588,0.9819764390378697
46577,0.8046837090948649
99481,0.16538887827721027
808,0.04905256268785495
36596,0.5378862306319573
60836,0.19729702584267927
27095,0.046765199214865286
78127,0.3281653285812976
32525,0.8485626642144954
102468,0.22809062184191697
8884,0.4671526341852112
16939,0.1790848807115319
88921,0.4529856980945344
67854,0.9981306205763085
88238,0.7670252650019863
39425,0.03670905347251093
23801,0.6735701296125127
4572,0.4351175035694152
56382,0.016510893542464777
11124,0.6756046294161111
45994,0.9383801281026996
85602,0.12024340049467397
104776,0.18759270242398757
49788,0.6494363025029064
29069,0.09678131157590297
75167,0.9698602964619145
64727,0.13949432760425762
36990,0.6813489729311049
8472,0.17391262381665573
21020,0.28616324418786704
22816,0.032485330520328794
15066,0.9965823768088731
13058,0.8930290524834075
38179,0.9699021575580898
42100,0.7809373242244548
89612,0.04103560978036072
64576,0.1298102949879274
106162,0.3478862037655406
20322,0.31171754606549795
2401,0.3524559508247752
9479,0.02903675117101101
12406,0.5323620741751084
26699,0.17022088761702775
56948,0.14909118945453964
9085,0.6889573072712984
84168,0.5689988280819451
102128,0.4618438548949151
453,0.9025457877507889
66887,0.6559507988341913
88581,0.02543489086648991
11297,0.04971536515513021
23061,0.055771586925416276
35290,0.8761443575651255
79126,0.8334914322883236
100424,0.5150272121396325
99590,0.9999899254110772
79363,0.8363469419921707
14879,0.7943292671938376
63376,0.07802256625073452
28444,0.9303647721510258
1687,0.20536127124471026
2805,0.1272997132358622
86217,0.10562075251689179
91622,0.16852752287152384
74692,0.18547469795638954
22137,0.02480960899029566
55905,0.3716441106250288
16878,0.7290720622369609
104755,0.5274252597687891
53967,0.23972293541713646
10164,0.8222568330392135
75949,0.1005138339967051
58759,0.45237038400298546
52757,0.1069194153927086
50056,0.9772538710867928
24815,0.7976996905132498
103539,0.2065599465732484
102891,0.164633134169698
105114,0.9029796131181091
4702,0.6228035014812553
1300,0.16058854669069617
58992,0.9553023347357366
70748,0.38377420692793246
21924,0.9995206347988216
62586,0.7127921325038103
69942,0.06487870224544497
64693,0.4655951499747268
72381,0.07406583651425772
44443,0.14856145633546397
61988,0.7012520271924371
69769,0.6440121681139965
83105,0.3552095858787634
70937,0.6806915638824649
102976,0.9253999549156127
34980,0.8681393603695131
102923,0.12150530880700117
67750,0.38750185125687825
89720,0.056398680631392036
50254,0.0421822685151376
61340,0.9342572537068774
105000,0.5194017763425778
78651,0.9669972573561542
37221,0.796546704531139
74552,0.7765830339375928
20119,0.01501675461124236
49309,0.8301065177651031
53555,0.09334794741724728
69286,0.4857583565995185
20397,0.46143557105129485
42406,0.41605345419909856
27295,0.019626280904600873
89123,0.6763988367549285
8632,0.7652491587425094
56707,0.2011024670051691
14260,0.18445432272324425
23663,0.9844241091499788
30928,0.16871152218475877
78074,0.02249448140757453
6546,0.01590982475102162
6852,0.46302093256648874
73970,0.17117942257828217
44144,0.03946837685979671
19404,0.08188713765335282
60135,0.3845673667093156
59957,0.9845725271834858
88442,0.6497070820341282
44843,0.16674333719216805
96970,0.26453894220673524
31533,0.2112300778518041
23234,0.11323822907025544
29494,0.9340657106387948
58974,0.17865564708471016
85477,0.9396030184551966
13687,0.24509420822867584
3528,0.3576053882178033
86408,0.8854399648834477
12633,0.9373864320591321
53912,0.1565457380608108
23436,0.32734011413184144
36474,0.9383477440924802
9368,0.987218129853025
10622,0.968079783256489
60229,0.6993752338102414
57535,0.06067289135945547
18260,0.5209410122961254
100375,0.325382887364917
6719,0.1364349304128858
84698,0.9834385117156059
77211,0.7464226641427565
76173,0.6089899885553702
98124,0.11656986222806498
64226,0.13655632627466396
42597,0.07367563271095413
20593,0.31888388143693613
91129,0.9997765577993315
28266,0.5222420125438265
64792,0.03181410002584934
64536,0.9999999899966745
23351,0.039164213474236716
34599,0.14047688725174623
60849,0.0692738829893949
75638,0.32184397453597646
8952,0.7361896549363762
17746,0.5461688001854478
90900,0.6896828591853934
3670,0.2831655338193477
101865,0.6169014090425888
4530,0.23594220369781888
65170,0.9656612373626079
9744,0.39738369582669864
39873,0.9088797654669118
91786,0.835753648695061
57820,0.06969306705954911
91877,0.5275832115951291
40613,0.7202720910091965
84749,0.2033546171711521
25907,0.14502473925764214
37232,0.7455235075002098
6210,0.19643404451423396
7938,0.07313563507187373
95412,0.5199253849093
44476,0.45066679976685087
31793,0.21282091723002167
84765,0.10972168557597117
64213,0.36733459561194604
28955,0.6777500111437484
18364,0.4040318056723369
38157,0.20396702136759837
106432,0.9253869966157552
32546,0.264680710452552
35523,0.049693118865687794
24024,0.07396154687222972
96602,0.03013050363406479
45276,0.2539253357719694
8780,0.9906476704146159
3428,0.7066138941651381
88887,0.568344871881806
85306,0.35339933135801077
51200,0.3872929092438775
9741,0.5721665363717126
105941,0.8217075560170727
101835,0.15198066231953367
80754,0.8900846716586993
51816,0.41690822677537603
13724,0.9938353983882255
28720,0.6625422279207057
64272,0.3042096415986747
105788,0.9966878802039562
67220,0.16617603959435023
60928,0.6649955989308789
58158,0.34838526095116773
16293,0.8297126526998665
13608,0.9750312832812053
37565,0.8744388082973578
2344,0.03722351142887251
44877,0.8240545006219585
62709,0.4555537130343464
16477,0.7335445295017875
64979,0.34659278018415285
42339,0.16409673634409366
90112,0.40715602540783075
106386,0.9949736959054912
42538,0.9331641533362559
77626,0.9999226207074011
21935,0.991510445968147
24877,0.37997674181220975
88325,0.43368335537229824
82182,0.5562238682115498
58608,0.8421167627064114
78682,0.9391342547047898
106195,0.2920780580422816
8743,0.3183811379940126
59128,0.011894513649486335
55870,0.8746792738984153
12945,0.06643764279908526
65772,0.547167157465746
38756,0.10736384689267475
58762,0.3447083337245844
59866,0.36648918925908025
79358,0.703088247103568
97545,0.20600341611533068
98879,0.5785480827118965
75144,0.4838442538603507
15726,0.7293378602930978
83258,0.5255470628580461
29722,0.04827917619669444
21225,0.9213863049141685
37385,0.15739281012611356
7776,0.23048296447083472
85049,0.013302220990843725
5438,0.15069904707521564
45836,0.09381477821951262
93302,0.07970900115947521
103757,0.04847102064797836
31211,0.3112220207916797
41452,0.5313922125426946
101536,0.1752122730578462
13279,0.2323037720395728
33464,0.5249350381669676
56130,0.718276930077769
16350,0.3939879268358961
104573,0.21071185542912602
61257,0.9713731498874852
83150,0.9215790164104566
51218,0.18759295919252522
10030,0.7919603434908977
75294,0.20676281731527046
72392,0.423888698079068
106535,0.10941487661535532
39072,0.21578473322421854
71774,0.5223445884561371
3813,0.2127182834621585
79029,0.14212768497099
47657,0.9830507545830556
40796,0.1863525036269988
62226,0.39802615904626437
44770,0.869012835464932
20967,0.7203961770981285
19530,0.4914393615157538
64597,0.03832521076811412
6049,0.1757906462457901
39893,0.02577229679467274
69451,0.2711902712405183
79504,0.1098294809306925
42596,0.39665642660473616
69849,0.675939884600723
38319,0.9376747148493806
28744,0.9971694180963963
6512,0.11111572595009145
85429,0.8553850559563775
22398,0.11299351746580116
73177,0.1889159720481291
67313,0.0036287344334256936
69839,0.06170505885920886
11597,0.10478013007081338
76130,0.7373479065346258
18004,0.7632710435442537
91777,0.8577492393724615
37778,0.011741326422478224
42533,0.036798814533116994
14180,0.8849211255609568
31629,0.20438692257542657
38402,0.8683520442556265
60267,0.45494261282310383
89185,0.2290973044233362
8790,0.621023949251351
92276,0.3635594526154007
37313,0.9981913479989502
89912,0.5734477483484812
32844,0.11532605133805995
51184,0.7524037913393571
79150,0.10453472653194745
25238,0.43289374381513357
25505,0.5073193492243289
39320,0.5589631994548045
92590,0.22389376097851715
35742,0.10519784759961409
54874,0.574543320731078
51835,0.13163826386090238
101025,0.6959841911356088
32035,0.20068367148640276
104832,0.9698116203863303
96308,0.13586960925766234
89594,0.7465861445700054
51113,0.722520979642395
97964,0.49932228037924575
73407,0.9725605958827008
18136,0.31265204007129754
20781,0.007953446411401235
86581,0.38059258068589186
1141,0.5484560003431187
67867,0.9488655999669323
91354,0.7496874041056643
65023,0.5157706581297168
47815,0.3670082312088867
78565,0.053044830906916515
60513,0.19958620620622508
103024,0.9897123420855365
100646,0.9182129399815249
17208,0.45213370789599416
57658,0.8965240776637453
26741,0.9984309642941702
26804,0.9900425826315272
50177,0.014843965300513727
41831,0.05503230822924982
30193,0.8798640768226746
25632,0.09978262991105397
65114,0.9362983868860828
75884,0.9840438472296094
91701,0.12688676710723806
63329,0.6265660500100896
78493,0.6379034132634029
50302,0.2724805126748361
39297,0.11044066311299489
86271,0.8888149205149616
93965,0.24230978317341012
93018,0.26909311019063703
89674,0.09016108045713239
32657,0.07835946628761128
69309,0.12217449015444098
739,0.13407721821538293
52481,0.8288694471168558
99104,0.2673405039167194
69591,0.33123037984502784
47162,0.2702641108750479
43009,0.9939581209075369
38346,0.5350210355284533
10816,0.12077267620119564
72013,0.4254574560718807
78283,0.1627426844508434
41660,0.3176053230829704
1166,0.38276088201481145
39181,0.7210178888577979
59263,0.019304185320914127
104487,0.07241681263351145
91734,0.3676834469031654
86175,0.7299608009649945
76412,0.6906082016262278
20616,0.6809385249044608
7844,0.629270129963417
4995,0.14929250202951344
27159,0.2187226928182484
78130,0.9946534635449208
104326,0.508937309780955
44435,0.1295881015911351
84988,0.5041567793211494
13069,0.3045551154719197
15486,0.09495800563199902
76480,0.12890988959125366
94250,0.9699668073460717
1856,0.9990925048583053
37078,0.04601880259211671
32927,0.8762247278952364
101015,0.8517317192932783
14773,0.10836448090348366
89981,0.4088706086149707
52854,0.5145104041655968
41491,0.4325627074535373
63546,0.10128468566140664
23877,0.06946188420998073
2149,0.9775937961945267
9083,0.07771263007665313
78774,0.4633939289921361
99819,0.8548591166144248
61787,0.995361133935858
66605,0.9984695829161623
8298,0.6244240137358537
42299,0.20738992165461978
4249,0.5637930932223423
25742,0.007786754462945779
16651,0.7247666852462455
84877,0.01448265648637223
37553,0.8444908184632862
18573,0.18790491665731562
80133,0.8182570587801441
84558,0.0961413194653179
50562,0.10582894840092022
11790,0.17692776124354453
66033,0.999556621047874
11819,0.4616700706654852
6828,0.5210496734231714
46362,0.4255953519397174
1047,0.5176750673210073
34500,0.859016932346676
47127,0.9980048646136709
23736,0.8904366687603541
60737,0.3275612798860515
4594,0.6591223078352951
29273,0.22826107378033716
46532,0.2952256958395526
6737,0.17299230183266812
23304,0.9622068528541532
29593,0.9303394212167734
61846,0.1699669480811808
104922,0.6761877248293409
87475,0.07649640919654425
7027,0.08236494006103584
87211,0.12860349385655606
18614,0.4179878971198788
94606,0.5939983441354881
106394,0.8018594581411262
17033,0.5021338830326637
46062,0.2543234303691747
83179,0.3060550666020694
44306,0.4278813057201988
3022,0.34696168755421514
39701,0.2385687231378742
86774,0.44376234193564873
35156,0.07004135965841629
81341,0.5066050058507297
83819,0.5475870012243362
70455,0.30695265411634015
53485,0.8789873213576131
23025,0.32163014780512245
4129,0.44258567799217263
95738,0.7841943403467975
19184,0.7519662964263768
15154,0.3855063965082115
61594,0.5056419096919139
103597,0.8731072070340247
64491,0.9823926744187801
23899,0.043130215604624336
31417,0.03669427668845933
61755,0.20126224244126123
34455,0.9935457896630258
94925,0.6827650132455187
91768,0.13794086381378656
12323,0.2962280071182367
72970,0.04103937515102462
27442,0.2282284913858984
30731,0.8178005112076843
102947,0.24339495516793874
10048,0.7441803219783134
7261,0.5334271982206169
37831,0.02001651651920385
61159,0.9991855725215619
100500,0.1255657211992423
66747,0.8005545437669959
22855,0.21224476699158662
29650,0.4470072863416851
96881,0.4774929755096095
47013,0.8642879720085268
19585,0.4309710627910662
30273,0.18629577180415252
91628,0.6166544062389754
79418,0.31865121856656814
72730,0.08214647683828658
84753,0.15492395978003443
97421,0.18386137862451224
45767,0.039324043712082965
9679,0.030160041142100507
88797,0.023870227728384662
1492,0.21001055523026885
55280,0.6291961067542267
9098,0.026309053870430824
101671,0.13702881541622608
89413,0.3669306752816011
84730,0.403581300729466
79999,0.3008924122378306
30862,0.1998517391825111
35416,0.6745262548927997
46917,0.07434279848706299
92930,0.9877399919256806
58243,0.13552924112658604
100799,0.007261705311172054
60694,0.3421579485186059
71555,0.7294399843026664
19179,0.8717909349748476
50184,0.5795575694520391
5008,0.31187719233339206
17878,0.8770934668168335
81669,0.9996343050135513
77718,0.21511234645620758
39440,0.6473155392552689
4895,0.10020791843657567
71071,0.8145099078800884
21702,0.10776368259365599
87491,0.5342357068352268
65486,0.9947940729513578
25309,0.7377744768015748
42323,0.8737852876924994
48639,0.8377191176673696
73967,0.9136765471545023
65998,0.07095418668497736
23198,0.6095203457073334
82664,0.20722119888856477
26094,0.9988784231866926
37411,0.1542413005203906
65951,0.41643618412582795
35218,0.9976435348200194
35957,0.10183302479518153
84554,0.8192005032267196
61197,0.2849772490459165
61094,0.24243312434881614
26711,0.7012977597515998
59195,0.477412826482085
49121,0.19895409221142957
40914,0.22713385643980266
47302,0.449801889516046
98853,0.06293338035198592
103900,0.5586590804689785
64853,0.30319438384923936
2554,0.43852439943260635
92599,0.5455564332744227
25802,0.9955215260256788
99452,0.14920122560555232
55109,0.024194803975799033
21922,0.431773242681601
93639,0.6629176975361867
99499,0.3511340636206699
75518,0.05865477735613724
30710,0.10738860834341019
70028,0.5317300885762187
101769,0.31140534419298993
37794,0.5321714826382682
96543,0.9774271417442061
47526,0.025205810768963402
23159,0.6683807424400858
40146,0.005180634407178632
94847,0.2818396593698211
53362,0.6755308318619946
14037,0.24334467614179361
37453,0.20413654858775804
5647,0.14049108923741377
14673,0.02062912808630473
106600,0.004123363867714003
73748,0.5756762906542416
80308,0.3505035581965091
19383,0.9888920701071003
55496,0.06858390073888726
9225,0.9947605427474377
106906,0.10912528758379636
75394,0.727172753459415
88551,0.2728341406583118
37699,0.57289569538178
39763,0.9999495428832326
70482,0.9259241512557898
25050,0.5291930056874832
17857,0.2549685216724912
58429,0.11393617114531734
49416,0.3630238473031591
61552,0.8476546884494947
49623,0.3542628747998168
44617,0.139030603912088
27909,0.046988689376071126
24871,0.9997378900184182
20942,0.10872008647915565
103516,0.5240448058677893
69077,0.8337805837230653
15187,0.18853280208440776
3968,0.02588217787336395
46406,0.14246939076822018
95105,0.1962306952025455
49338,0.18737741429316324
64276,0.46140824982625617
4821,0.3558752003898994
40021,0.13305341979594543
83326,0.008495314935524668
42177,0.3383784657696045
70199,0.16364029833124283
48119,0.18983722529099056
13343,0.17192988531949016
11053,0.4111313545051645
11870,0.6671343443329633
35640,0.08461544155738698
43612,0.6225199197344342
81628,0.34303076058216786
37574,0.1275926469301883
33387,0.20557606376368637
3627,0.8436836067176436
83186,0.09619617165825567
99491,0.5784250848427542
59700,0.46381447016779837
16223,0.639941929132108
64126,0.04887663761224664
42160,0.438824471827665
69097,0.9732682754483803
102364,0.12010251444740233
68107,0.5113063504024814
8108,0.20377047627359007
22927,0.9708333576352417
59791,0.2278465822984586
100302,0.2749425802017766
61388,0.9646618804340894
57499,0.7087222999733633
106814,0.16769202525269156
46493,0.1898465047778542
101988,0.5541081278548969
3718,0.44330650890610307
97345,0.14301266643721067
44816,0.3840845526440549
15636,0.9908187347346031
14332,0.6795442018434211
20814,0.03074042702781764
9395,0.17151317452053155
29142,0.5615576998924293
44552,0.19100287550600703
49858,0.2893462077965172
23478,0.7428083376310839
101156,0.7319815887567639
17780,0.15840886877773314
40135,0.16548837355545337
90279,0.14991486492445683
9595,0.6023493346452803
11287,0.13442093984132325
52334,0.025146800427053327
45378,0.0809702057554949
60285,0.22594564772630077
104931,0.0789819745438628
20338,0.022384367407690675
14294,0.591926025013797
81500,0.8522660697829911
26366,0.20319630950434386
15562,0.9100679020577899
77960,0.3329347979004468
61174,0.05439172330551218
12765,0.09110821982882583
93396,0.4462407896539409
32026,0.14598651281426084
77586,0.2018454365691334
10668,0.09372501680027678
84486,0.12234843185539057
98561,0.030332343185660318
15057,0.06632036131255688
62129,0.006813996610574066
46701,0.6487403475385883
35331,0.8475464027210575
3820,0.7904644273358042
21476,0.3346477213179376
81388,0.18201837140046956
65518,0.5144138172079037
25936,0.9998546733664654
58641,0.7642231065345703
39010,0.016693968754928405
10723,0.5424791862585108
28862,0.40073326777711077
59404,0.49554213418780224
51779,0.9868295471907336
60999,0.034836274385540156
55446,0.984442825983008
82958,0.9948142253745198
103671,0.14618645632535815
70579,0.13892214818078152
21621,0.8030323643394084
40399,0.2102790207201306
66405,0.41595145164911046
40122,0.04979721120456541
105767,0.9028954228640182
67391,0.948803338174408
31052,0.3828073043235369
6398,0.7463585199652945
66954,0.5622316926103242
99686,0.9930667981889205
14802,0.6829155936161357
96257,0.49189410710611936
28401,0.08568273479212812
44017,0.22643844572220123
27168,0.9452385706828861
79508,0.92153274525544
76641,0.06011502864595997
101422,0.05722551348695564
57776,0.8677900418236687
24347,0.3776943191568241
58970,0.1816828868939978
4306,0.7035993207422211
87525,0.7363936125777737
50287,0.8234995770242063
35911,0.04870509378417643
40403,0.9904677686138239
94371,0.6885383980383754
88677,0.8953880513392156
102789,0.46496132647504096
82807,0.9879833151247642
101560,0.21090552876112983
102214,0.3399960254934863
92213,0.9980502925998674
78847,0.8168840663876957
87625,0.5813859772526779
59098,0.9995384450747213
95200,0.23837718595316304
13169,0.1759114911819885
52736,0.5172673222107881
31036,0.18263593360653485
32733,0.10281170892789787
39585,0.9087939873866022
65224,0.7252754309952606
34555,0.09817957416173612
35503,0.7484459145265145
91563,0.9988939736309147
64642,0.09929920420876387
25351,0.05864006121265648
60263,0.06302521845632165
6918,0.1669996873967574
49218,0.6930053444278468
99645,0.9894956593991685
96340,0.6755235535597788
22938,0.2603954285327253
7914,0.5943449324019396
47223,0.5546515830279228
46877,0.9127432529365676
102108,0.9321832172048021
67497,0.4125972856501132
2800,0.04496514970519686
77619,0.9995203409095026
82667,0.6270117030883284
47138,0.9487381818205681
78393,0.553731135387475
7564,0.38327625025812284
33316,0.01331515466962824
67518,0.0677706853676496
76570,0.6977372647803052
5453,0.9388859373846147
105472,0.6900072887103529
9,0.984950579823895
65582,0.734896252563464
104768,0.13221363215788773
44236,0.628507103914432
30578,0.5240626120016151
28938,0.6624959184703769
38579,0.9960049938409898
95781,0.14073988829134304
44215,0.704105418819108
41530,0.7256631468127096
5456,0.0977641226314066
75529,0.8085218631365273
82386,0.8617552103574888
54766,0.19857496163867228
2689,0.4341194979850706
90046,0.11607452710305699
72503,0.3475743413894697
96582,0.9940294070298252
37143,0.1186016124769671
49719,0.2726997803691774
11305,0.9956592990747515
38853,0.9730175112165063
30018,0.03186518208905728
89997,0.6744976517676955
76441,0.9880866735348303
63974,0.9866649186230567
5818,0.4520037514617861
93750,0.7550684386778039
103189,0.5365633841294501
16117,0.05811789998516901
101288,0.26726691184185125
78644,0.39108276733401826
85356,0.16738769066747738
6264,0.07936496411410365
7677,0.3273293027065697
62883,0.790120201845349
78514,0.33130509460647756
73040,0.4307137931081364
31444,0.40011197849764857
17921,0.2788437684571282
58623,0.40603660712223677
83516,0.48303555036354756
15353,0.9617109282816454
100110,0.32654910103633983
19879,0.14896975303497317
81914,0.7813955788227187
54921,0.6900939920421958
11156,0.5017305725480606
47710,0.6357397724351398
75545,0.1333477477786476
86014,0.9272062067521246
15013,0.15507860347891333
7602,0.3403615873392468
9536,0.5448337712552712
9037,0.5754184529251674
67680,0.1268611532315061
40930,0.711880458560934
22323,0.126919924196442
26556,0.9892999352803149
95977,0.9550895916968687
70938,0.9185290975671185
71118,0.8294251539350933
65686,0.8308024953359285
13752,0.053886810151092354
74760,0.22207876157644296
4314,0.05786245080014908
59908,0.3739331989040156
43180,0.18552458047393594
36161,0.6461844504066416
77291,0.21021273628369203
74333,0.09121412642018295
32013,0.06997785722256375
50705,0.17807083399390283
82354,0.3236043326099387
60823,0.2811318472262452
81132,0.08781222327265464
49721,0.6352519689458224
81135,0.09217770185610985
68556,0.17762636710002666
51109,0.9329733384207672
29436,0.32778292594647107
70014,0.9013409496352671
89999,0.9588073709420996
55129,0.9503730468281213
57625,0.1517757933591417
72056,0.11132724824388501
30958,0.6658256599557248
28837,0.8884703592839964
78812,0.14874440756914814
69050,0.19887076415254545
78026,0.5287982443454082
74753,0.17727559209979027
84865,0.4289878094951762
10850,0.17425452728401902
103364,0.9367344956529808
20843,0.3228201772432953
95753,0.0384374245530769
49437,0.13971381188187898
96961,0.8889407321711169
96265,0.9943806803160177
90957,0.22401613933988085
9510,0.31574666704298693
62612,0.3131878954720393
46685,0.3675144473537205
73471,0.46102966183513294
96293,0.285667074405327
27856,0.048261902860625344
86010,0.7606048001226633
85800,0.390496297439071
100478,0.008332624021241962
84480,0.03163721410687809
39977,0.16753121415813027
42904,0.06565594861601558
97388,0.38525174710180354
73786,0.9999177873873777
32342,0.7016873398148133
19969,0.07032901070139391
35477,0.6150383723504853
60115,0.6716215743545695
29585,0.7860997797942691
36206,0.2267204476638543
65018,0.023798327004999356
84906,0.24974535517637314
67728,0.9993804649326433
53915,0.02560441502105115
28542,0.7000810537722268
19447,0.0888901046168517
87416,0.19577970067203843
7078,0.18857979464915842
64687,0.5820660758404468
26446,0.9931022645936112
5907,0.1995071509181815
69202,0.9956780913043093
67936,0.004881252154719262
94444,0.25896126633015715
52945,0.4948482475082432
33725,0.7324435238772434
17587,0.5241287374172395
41915,0.542057059932283
73767,0.12195021020532532
15216,0.34103970979414067
106363,0.0032302585127468846
101703,0.11992431800605641
75411,0.6725269311511615
57804,0.5189304616837278
25148,0.9431471945814437
9571,0.19521550277427274
57022,0.1697875264421404
99972,0.44619914896643015
51158,0.2999535935829962
35954,0.6143273659030505
97826,0.42860652173535024
99843,0.32293677905173673
90377,0.8917477301519023
63783,0.7746417059442088
88725,0.18004093031598495
104039,0.49005398677044804
31961,0.11974914157534405
104009,0.681308108357978
47318,0.646435591681308
86974,0.3565564560701249
9421,0.4940162530431231
84516,0.2974364203755491
44731,0.21952927329039978
76057,0.06197510867589627
87073,0.06965491805298231
43289,0.10972410208086586
100878,0.8255425363250763
4386,0.621762831447558
38237,0.4835639202685728
75202,0.4325053430145838
101400,0.4608856671324797
107136,0.1547367569468272
30179,0.6224653811242657
36766,0.9991103367928259
56597,0.8016103301685018
37426,0.4492651260258617
67271,0.6983864015739303
37507,0.0791536636777761
33863,0.986740298752038
102791,0.680832466163357
61814,0.4973850307171589
66968,0.034758387315646885
15746,0.8344255280239289
69405,0.2868274967587232
81775,0.8052860918862276
10874,0.5984521574096217
80486,0.028798751054118374
80102,0.8868734827524394
31570,0.7816325739589935
58348,0.18445824536750133
93731,0.5744319370839543
87697,0.43172928800446064
71238,0.9941842175568067
19955,0.677054266493324
63568,0.4530729422598771
29279,0.16964580584231442
63613,0.2332516150291855
50050,0.8678891617209067
49381,0.7836794316229728
42724,0.13553121349274544
3748,0.0477934514004867
103567,0.22408866787043896
14418,0.9999499035607688
92431,0.12610732333514207
89830,0.002643977252285846
69665,0.09964621715487537
82270,0.9897798369842459
28942,0.8480513272671208
52103,0.7814022607307725
49028,0.06488769823722894
73933,0.46225299860473146
50783,0.06588108969015784
78350,0.7909803736727039
4902,0.9293509860217779
53013,0.5571964351964287
76554,0.9988605254195734
23980,0.08848112819984022
41145,0.09573183602812635
42225,0.30336475875892166
89264,0.24120161601354045
62543,0.15741969816642443
64809,0.04650122343001178
11702,0.8900181869286955
55003,0.23406320908192113
94451,0.2630344195825793
56327,0.5581207414677474
81325,0.7723622409659323
39310,0.845247863713436
58708,0.8359561570737668
97817,0.7695541075511394
53379,0.6592521434379252
79932,0.5865841366132339
63512,0.4437622948513341
20779,0.4251090919460725
95212,0.506239531260323
59462,0.7001226820800067
87290,0.666740848825484
11427,0.01092567768810985
62734,0.7183367554050111
32888,0.049127717223770115
28020,0.9927931408371196
107166,0.010139000053833731
34403,0.3461093493712362
39879,0.900328093222085
42599,0.27058124391037375
65668,0.724923329929949
70872,0.027171037395369805
58351,0.033371792141167415
57847,0.9863796978890157
24231,0.6575450756586405
73322,0.15569791226924862
87567,0.6818463946669245
83106,0.37818086497254894
62857,0.9833896665936935
6190,0.04809690240166844
76216,0.8263270830502144
68017,0.4215450393783513
87105,0.21350500183669158
106867,0.5466937422004233
55927,0.28136809141858987
103438,0.9848811115414989
51124,0.037574049947897405
12368,0.01029790165431963
86766,0.7637487904007428
105444,0.1760111534439141
87040,0.6906153030131922
22916,0.9999767302739931
50027,0.13239943852854485
81159,0.012218404967615846
58672,0.7700355413249277
30619,0.4983306147978137
33627,0.9993004724324164
50283,0.36783180720398034
52216,0.12148558330876885
59067,0.30482423947962456
14396,0.16959227733187388
11892,0.14385255029188698
16812,0.4215474061065127
5522,0.12235773909055209
1553,0.9721748794368612
68393,0.466856588032743
56743,0.9098894436516964
96945,0.5121069129932726
46038,0.9645705474258073
57272,0.08421728814691698
90756,0.40524084892287016
52367,0.3881101230214874
106160,0.9999424653210751
90017,0.2983918353181127
3398,0.060324845617476384
9373,0.685805182105358
105247,0.13850557404790403
90087,0.9624975981829883
69444,0.23329156471353468
17257,0.9955091299827293
35505,0.3432094719428502
81005,0.7479471804544424
44186,0.005658956857867495
13463,0.12027053119331765
46564,0.270678932030855
79444,0.23914248977705954
99670,0.3332386079513694
11219,0.474430064390884
57773,0.09548049724674823
8456,0.16372839299622965
68047,0.4705072909229936
36885,0.1730589778024218
85280,0.14901729023162447
35496,0.5820952843659316
8287,0.6042057182787063
99197,0.16142751380461595
84028,0.3167844401995473
57813,0.16423124569366437
24111,0.14459297644374808
32341,0.9918212575133393
11617,0.8310882472800288
51488,0.9369914697045535
54632,0.27022875828568094
92675,0.09042629364937271
25288,0.08334599220293759
60316,0.8184324197132733
74303,0.15611363995742417
100457,0.961152225624295
39057,0.04808471004232117
106818,0.3504555930254466
87856,0.9235062460075683
48380,0.06679038907195047
88962,0.9843041936695215
30684,0.17519377583990098
34006,0.9353288116642008
39375,0.26080102627148494
38271,0.5953722368059731
103594,0.5513783640808888
65919,0.5549217088337415
32465,0.12828603444744674
95680,0.31875197433476926
21927,0.8733036019271949
82834,0.2997979640824955
86607,0.384719623983148
23273,0.2603851157156011
86094,0.1388779428703566
39379,0.6286517870704043
59333,0.20273538751191167
89309,0.7247897649450694
36521,0.23355058178157873
20234,0.3149185787084685
42743,0.13403827152267817
50713,0.22812659817664394
50917,0.5860525086386468
56471,0.4524821663154601
50938,0.6537392033795393
98079,0.5344668294391811
45607,0.5787848815651048
99068,0.9635377570381771
32866,0.9616356138370002
86916,0.21888984833714392
21587,0.37701560466983963
92191,0.9861497587937547
103849,0.10856859023251297
38587,0.15455662151658828
72196,0.06809900000815466
6939,0.018173281944237504
27786,0.3418343597645476
34537,0.20118059523942883
58057,0.5005399819369293
70154,0.19536923048922933
91928,0.7515083580465773
40528,0.299597301408681
12496,0.3330597860331441
24646,0.9999606566894288
11256,0.9942522765209447
21388,0.3264270872970259
85853,0.9999836451748484
44259,0.30833535892286945
36591,0.7199603744027189
59439,0.14422588124341507
74647,0.982323889106778
4875,0.3067099077310006
6490,0.022010239925238748
28346,0.5011055797221998
651,0.7121911021475306
1618,0.9404840766137466
13410,0.9211389199803743
106091,0.118529849380972
57915,0.5786377264256188
28113,0.03753729011600615
71395,0.21237982652595166
96316,0.19704935661088985
13993,0.40146199152449236
49317,0.4916638671210982
45502,0.14897678059689112
93262,0.7045731518921863
17644,0.5088585873146996
52028,0.18024241378571237
103808,0.18436554508988856
20253,0.10185416272385689
22006,0.5096565742513962
80743,0.7110661309412829
93485,0.17889718942404642
44777,0.22369772106076674
6100,0.2940520808191134
79220,0.987164510251094
56337,0.8697155351453472
11203,0.448414592845834
21197,0.4688824606331513
84879,0.7318138967538061
27735,0.8234739013897612
40048,0.915931460823598
21142,0.3791702752297672
17502,0.95669940074071
74085,0.20623536419420696
104674,0.11650326867335231
43454,0.8916590455705129
55533,0.7878636488409279
10115,0.7572802523838329
4005,0.019151036901158654
38690,0.22776982245348926
76350,0.007823974381912832
33946,0.9812004936105343
88651,0.527873302987329
6441,0.04098458990392873
29013,0.033684797250664304
58126,0.3389099173593444
1579,0.521299699665958
45737,0.8706686591880934
20715,0.7110574949979658
35446,0.10224218668861629
24700,0.2031523098437758
40662,0.011154349487453303
2825,0.3094421824471574
70461,0.43562251133950886
24568,0.35378071953804036
90464,0.20757865245703588
28517,0.23678692800493933
1466,0.24016380626074357
17097,0.5260943838347545
30017,0.3885677693273697
55539,0.9861169752824921
59782,0.3771334163821184
71033,0.19981437899910487
64496,0.009582806014536746
40937,0.0024139141072883783
94343,0.48404698820995495
10785,0.9337669960931054
57477,0.06074523794507602
88509,0.7363030266016892
13448,0.9997755364641394
28448,0.037973694207945
15736,0.018692520955088998
93766,0.04049837947784458
28790,0.5379888039220556
104620,0.909845141713947
102286,0.7700179323030566
40916,0.23875742514992887
27594,0.9581245753111698
52570,0.10058793994874904
57700,0.4003093540559443
56086,0.18128682724352485
15381,0.13726002014412053
46128,0.5308539613945227
76957,0.16791851589405116
27584,0.36415771442442024
47349,0.9611468184354934
13242,0.36598520246103666
21958,0.8807220285442967
82887,0.8075693974139586
106452,0.39257572972109783
8805,0.21849079199607147
39780,0.6976584702593951
98329,0.7294029133030284
50527,0.8547241662929652
82425,0.1049945173712662
23328,0.3250845765223829
43312,0.9951631899214752
62595,0.24207925010188314
85134,0.36800128167900764
47366,0.9998494542712502
23299,0.9150733258192236
106554,0.5274990781073313
30402,0.1984383953658771
82605,0.28034582886184534
91467,0.3227228120323966
87186,0.015544740990954861
16903,0.07575755761628263
1913,0.012506948317475982
24210,0.9332629745134968
72558,0.3055694300677806
63823,0.8802615732740305
37579,0.7575327976116071
23677,0.08727403869315148
43647,0.9999950734978048
74682,0.999912877566976
61036,0.5617019913902429
68754,0.06494187577990759
4629,0.054017614407338134
45675,0.2112850166882954
87890,0.968818866806066
69007,0.11546487552148443
107046,0.703487664137795
57177,0.3870639527777611
58179,0.9979181337252665
59861,0.06915408394995314
52378,0.8091442037049148
77012,0.8611806836605291
36232,0.20316625705304137
68330,0.5941581002124722
12004,0.18522974114904833
11504,0.6122266854654611
45682,0.24322334254034822
23369,0.4558551846038021
9711,0.7406152500730288
87557,0.7020815431976117
42759,0.20541159121083252
1961,0.8118433286130287
79192,0.1135608794258322
65297,0.29485843070296575
90391,0.13268113247562552
31179,0.9121701178717617
85934,0.47620865375576177
2233,0.43064637584904686
104465,0.4093758142444205
97156,0.14208458532214613
21082,0.33738470332188003
43222,0.6605322277658682
101903,0.9688965888482413
91631,0.9805647346577505
104772,0.644301195538335
69306,0.23050947500356805
2246,0.20605895946334263
55523,0.5257570078717243
35636,0.26325721932910895
58346,0.1238870496817252
97733,0.4052186799872495
54318,0.8477228639899741
10406,0.8851144059419931
73686,0.17970197037656943
23697,0.933981274615893
28920,0.6586593413109669
74967,0.22135481554566766
22282,0.13545536941987918
46359,0.09557746498199876
100017,0.07816062792705064
66476,0.9206370088443514
95495,0.9789849483037796
39500,0.4758970480781189
13256,0.302455817919474
87733,0.9923787187372164
50150,0.3779634706505992
101746,0.18859467149811598
43926,0.9637357132888208
62829,0.8906849723953436
16572,0.939060262214698
19011,0.81130903010209
34704,0.10396256882622906
52519,0.4497339147388977
29435,0.18317979378030852
14187,0.41718785271666065
25743,0.2840666597107995
21024,0.3000257952066452
91627,0.1829585323478835
24278,0.16783113916618592
51417,0.926720408361143
59575,0.8479197235808114
38791,0.08769010946881972
43295,0.7168575037540155
76291,0.08326597998337387
61760,0.18758018522110947
3559,0.15993745445855267
59749,0.9492251003750796
8520,0.9981800682077291
99593,0.6283807701485069
19907,0.7722423814526794
55802,0.5089764041827062
49581,0.012364064131406149
63636,0.1752134570449761
68309,0.9940443444874131
32757,0.21757381221546324
69987,0.9876068585502784
40061,0.13934737690121274
56151,0.2687397687762284
104281,0.0037346113765055256
37146,0.16876697383956113
52784,0.999837789820733
22973,0.6179887716628351
52110,0.9933518122486666
48457,0.3393060624576642
83878,0.014045780429094983
41602,0.8335301255942702
12922,0.3990567644832099
106228,0.9322982125979171
32284,0.06682424838081592
71166,0.013559249557188976
61893,0.45704695263090983
82610,0.4139550041675796
9468,0.9743927131942359
7366,0.7267434696212596
130,0.2683076191447885
93873,0.7197062066166056
104680,0.6589142736457047
13871,0.41037339055047517
92467,0.4702056005342988
43810,0.8265998357230129
88262,0.9810623819515409
78513,0.3623156435830726
33147,0.9992502564020936
39542,0.9991881380823319
86068,0.9995279935304608
17818,0.45027839702075023
49539,0.7360211583481846
80464,0.01439320526561532
4168,0.1501527954328019
43550,0.5323977344594293
24085,0.6764226922393088
102374,0.8722516295501554
23041,0.17847100823462658
73095,0.04138719040808199
74551,0.10500854221847739
58922,0.16179490851655076
54757,0.5425775878469218
86390,0.3055726897774509
49045,0.43845758376218086
63062,0.5807227421536053
45963,0.9999974924845451
3268,0.0482837075304202
94045,0.14357134739094596
93471,0.8803306321083431
47014,0.616022782008271
25463,0.2688372413632535
59914,0.7702210869185576
70929,0.28852095216364776
105229,0.27750243291443377
55727,0.9808148686254051
68877,0.1108390949052307
36240,0.9135585248344451
12342,0.9267669818780685
45781,0.37777906472488265
64221,0.5169670629402543
25152,0.2409014473002417
19946,0.5888717350751741
35848,0.8863503709983682
50988,0.18661322393562096
81228,0.8562136786962786
70634,0.974774392730514
62087,0.03850800655224718
83705,0.9592356377323085
28135,0.5595021620408978
72269,0.8368040617691546
57765,0.9628799628296043
48237,0.9681118920716014
60935,0.11838532875070246
96395,0.983186201873603
17552,0.41874707974755754
6012,0.16883596699771153
32339,0.1989921041103938
100348,0.8330958327436648
18042,0.9583205595717761
96315,0.873172811215378
29764,0.1367577897163899
23929,0.7911833854064647
77311,0.6595518113815537
70607,0.2627434642444788
30780,0.9063718973549717
80346,0.3804625526925439
98674,0.002388052807273554
81392,0.9656083184610378
97354,0.119323093727006
81018,0.04540721349999553
67914,0.07114150308270062
73740,0.9997017274062037
17349,0.05393652928541094
92248,0.3895817489781046
7410,0.9973485527405149
38801,0.005591902197755555
2980,0.5065647857530097
8343,0.7415526477479242
4978,0.13307502332583593
17304,0.7270775158593097
97200,0.1881585846513698
29661,0.4261479961205758
90326,0.052278226764885985
46507,0.2681993810362268
29043,0.2541378019689986
10362,0.027717032163982254
98378,0.48841543463693016
106758,0.4881628527640674
51017,0.811106898225926
79812,0.8333479187515046
13356,0.8871626112037798
55569,0.7717105045959023
65657,0.8892066505724368
51044,0.32246522668699057
66567,0.8369668113507949
46552,0.92749239222075
46891,0.7037369016597961
63607,0.06959366131994708
38370,0.4152347980839702
57361,0.969102496388088
36803,0.5086376074781574
39652,0.5505002643417638
98980,0.10124300747053949
39367,0.9860019905178165
42936,0.5131945478736242
103002,0.4250760398080352
53733,0.2223097478647949
64932,0.009147440597211402
14694,0.0029408709806920622
22051,0.5533062199534967
86459,0.994912188899111
6391,0.02951413473973986
66928,0.02081022719894419
49982,0.9995669719785698
100643,0.006965063012131502
56457,0.1386759081147752
30800,0.3450782620504831
33516,0.4714964006725795
10149,0.04317644627519939
59814,0.42313714810405656
95253,0.13529083366020161
53569,0.4096604025001371
98810,0.0714084955527201
37667,0.8163619161965772
28177,0.7180327961922732
38991,0.024757610092115277
16662,0.530154007583451
84074,0.4184339429306614
74835,0.08299294190914835
64707,0.02806997804566733
92839,0.14728707089107285
7848,0.027134777001858627
14932,0.8568815971299439
95426,0.9572350904955049
10705,0.8954594178777296
36497,0.9974512050298746
45194,0.03237364768441445
91760,0.5317806006112588
42730,0.8360726958176112
73723,0.6697819291633946
106197,0.5033868161378127
68082,0.08058233203118437
18144,0.9757161124688426
80046,0.34727427166103514
11278,0.17235736082590236
80340,0.22673262021988055
13789,0.9872780037834546
70923,0.9999998181327219
102287,0.5836810883234164
91972,0.19233535297185317
34636,0.23873841270324792
15424,0.23392334650989788
27169,0.7979574336077797
44400,0.39723097293182486
61822,0.3446504765362559
72751,0.9955301526217415
13516,0.39808635674597703
106505,0.8093917094705534
76387,0.5445169963766728
15239,0.7098261841747122
103844,0.9174521319323601
53314,0.6441195914303437
39223,0.010624943286552679
9030,0.9999565873803741
14079,0.5456808388500745
105615,0.36882713039943404
12812,0.015682452774836212
75439,0.03860299870294677
39088,0.9663747574902551
43363,0.01901862436628545
32020,0.029644133632381282
64754,0.9213589478565822
3089,0.7365286247424083
23362,0.19521579877667067
84010,0.8078501575050482
28153,0.10045001048315821
38509,0.22287920712387987
11368,0.9964591493751433
38142,0.028734235833368062
97444,0.08762854975204598
41034,0.03275690824950388
8873,0.36726793885464476
30735,0.19196615061670896
61272,0.5949195888494678
56414,0.615436505260965
89014,0.9896275780039805
24736,0.4840203312367198
36720,0.9880816849990736
83888,0.5746565381263801
55059,0.8687900773380357
50353,0.06230030296025952
1263,0.6262819261861695
9747,0.04141536409575079
100121,0.25180396722026177
101541,0.5787586827281299
107110,0.5712637379116272
13870,0.13574751442629274
53841,0.1949260280065473
99366,0.36623557453714195
97714,0.8065923098251047
105818,0.19797816601613527
50824,0.9813994502166492
79245,0.030554559228170835
20566,0.7865918244072352
31568,0.9060821115166791
61681,0.1752315865205174
61035,0.9880753393926879
82910,0.020223597070864047
104534,0.979998819377823
30508,0.4687405884533483
36852,0.9678477024733089
78740,0.9990738902282161
93787,0.3801228454055039
99385,0.14416900908763342
8541,0.1187076699399206
40986,0.8427934579579015
59356,0.7382300080064218
24418,0.2587572958707326
73614,0.504161810867412
27415,0.3888498781540037
11105,0.02587000132063908
38620,0.9873080763401748
73791,0.13473329008926005
84218,0.39510862088048315
57917,0.4265443218085595
26115,0.9875244243668361
39220,0.7753969194591548
86510,0.6204746128091041
2620,0.6744264453791194
80769,0.19357484832282507
63158,0.6983896631322818
68262,0.4595093472679652
75959,0.12569774208039663
11908,0.9980909136134091
82650,0.00492043372325845
67201,0.5919962388070427
38281,0.9999997650909239
94080,0.4353730712711732
26958,0.17655058690024333
12229,0.0898522573327617
7322,0.11177992891535754
101820,0.7191870278249952
58402,0.3641561921360843
53298,0.680954874708792
55864,0.1154157805924419
80201,0.10470035199797634
27368,0.27763411656071924
51937,0.47608937289563097
75944,0.08202578676443872
17981,0.35848214879500506
36458,0.6724174244968341
19330,0.9309526325271295
70747,0.05700806980916813
52093,0.08693280437580825
48248,0.08829811082530692
30444,0.47110054204234486
100114,0.9999508777826027
75809,0.9983226961137726
83567,0.3100007755415713
22666,0.7550059351720761
49879,0.03942853954945408
63185,0.8216834886032547
71537,0.18667222350194296
84881,0.756323038550416
11039,0.4323540049942487
2226,0.8950991130330298
9498,0.5215136263869657
103461,0.7381098030550389
8026,0.9638899060849041
67743,0.31968853598817604
80470,0.06558216056314392
3702,0.790476882221119
60275,0.35163608515937006
32622,0.24280120749120787
30739,0.3003003533124543
87448,0.9992429390773742
98899,0.8157225234780211
89514,0.04348926528969886
10765,0.8878483521842618
76915,0.33033485651413713
22471,0.01768326191090949
104758,0.18383789096933129
106834,0.9528856465204217
21256,0.5060236685487057
72448,0.7380191309802144
76560,0.8858911090164521
72417,0.3898655655725741
76712,0.016666929927080115
81087,0.9827892834174591
106580,0.88553507828147
29575,0.010908351054224517
93875,0.15163229835626174
57554,0.10894181682463738
60491,0.29131869342592376
93238,0.9860501302832239
3821,0.1925266148111358
28650,0.0043591482293358005
66585,0.551377668431216
3771,0.16134463047037845
21931,0.07835770420359814
6465,0.08854424311313042
12104,0.047596640977205756
100297,0.42258906944532004
12303,0.8642235929491608
63834,0.9801683244748245
72813,0.19837904218064217
24228,0.06839311207943477
62072,0.06524863578970662
87548,0.0873220865243502
34142,0.10884167763417418
102479,0.4162066808027691
81878,0.2661211163397792
5322,0.19250711327022962
8225,0.6043377950930654
87700,0.2335241873747642
34160,0.9438507986551267
84726,0.5472353228843556
18698,0.7074129680884693
21961,0.09058353632924693
98296,0.27422317897914217
35011,0.02850560753606161
72197,0.9990324455429381
52751,0.10343000958734083
2665,0.057494403782160156
13552,0.24307862501692296
74433,0.03161542005202096
55838,0.010396299220666323
3623,0.09702030503075615
18897,0.8778634451404549
97971,0.46624024709991346
54183,0.848578355826392
36709,0.43942253018237687
45328,0.8332701439668719
45544,0.48022997610443535
88069,0.9715724263303785
38880,0.9991895348834562
29390,0.275288053262315
17213,0.35058587653536677
103211,0.1511217815905776
103784,0.33814539278721223
21672,0.2998590636234762
12667,0.07951298890773795
42330,0.3211908338702848
64762,0.9857793818493048
38996,0.4429886601067347
81858,0.2817516264508122
63013,0.12900164859629487
97541,0.645913813682145
94335,0.3481704593945823
27705,0.48880438508437424
27775,0.07114978483584723
90297,0.9207852443502351
17894,0.1818809857785041
89326,0.7300971730565624
14532,0.28762959136312927
29304,0.0661413385714339
60991,0.5136222058866202
26862,0.7775746010530982
36231,0.5229674920040125
68918,0.2786581957982241
87020,0.18849507159044554
68071,0.2958609927120392
74517,0.6400717762364151
68399,0.9556096010721568
4125,0.05466207989683002
87538,0.4778201082689435
90505,0.6218790616749543
26154,0.12417301899294342
94063,0.28003484998247763
4801,0.10611531141373598
79421,0.3511246033929556
22506,0.13270005974815308
90383,0.6063481118757587
31996,0.04326438605323722
94098,0.032467471110552766
23918,0.027770435399575834
14872,0.9974273473881229
52194,0.26116741549287587
79112,0.6196864736084947
79767,0.7143350324599266
88807,0.9570998381948792
80213,0.7964090398944998
97386,0.1749945518825391
18855,0.08403969590648408
14420,0.847154828482686
20050,0.056799097950673554
12401,0.18735374513362157
78505,0.7609177572964343
39219,0.4356314411322852
23939,0.9995622352364892
16295,0.44319015565540043
38830,0.3156729962134408
63612,0.270810624771625
13290,0.8161230411508624
53494,0.262053076614382
5746,0.910591549660038
30513,0.0793562622373073
96344,0.6128777991259728
76550,0.25604428831865034
15269,0.9523220758344162
47320,0.9975594428302188
51950,0.10790630010189695
9128,0.5498693031731365
34285,0.7962617696945065
93842,0.020147216759405888
8487,0.6567059980444223
98151,0.025898958962889015
5934,0.16780831233216204
68794,0.8262669542881074
11126,0.6587059396143159
77657,0.11297644909470744
470,0.8981675476018057
29040,0.9162088056702484
92265,0.23869255712975623
29171,0.49858030727029057
53105,0.03909329844406248
22797,0.8476695158260519
100238,0.6041370115598149
76873,0.08017759487447007
51495,0.18590239572566852
60063,0.24818163934618553
97666,0.9194401185525449
71208,0.1444577218666373
25864,0.9904468036543783
37431,0.9821078200553001
52917,0.4196232963814054
97589,0.14388852414461994
33482,0.9711379722751247
20425,0.9494038771321817
66723,0.414018260457685
38765,0.7741197679794004
34844,0.8153572841505397
23794,0.5752729317232044
71459,0.41260151491732766
104091,0.8067988458869679
891,0.3146927244231452
72288,0.6840002085774345
42364,0.7094945979052547
30967,0.6603276556783594
16582,0.09320059257152996
42961,0.01757645197516764
22874,0.2534438837449585
64063,0.41567522634089804
89992,0.3103414290186706
37817,0.1012338247473441
21008,0.3246329622326092
65846,0.47639618079533963
30491,0.9982375260210321
10225,0.5522399693038335
946,0.030184246055262133
57835,0.18026901027837816
68530,0.6511618371292791
89954,0.07100204013405204
55861,0.12116507132264587
26313,0.021313878759906608
79078,0.26301308426543524
45288,0.8207002827862565
41449,0.046400262721559324
105992,0.012067813163258882
22657,0.1457148279379582
59879,0.04184222412639188
61469,0.24207675548356572
34052,0.7627942939326372
75633,0.8687177300128128
99091,0.46837659340545057
25249,0.6651667929787187
89585,0.7171526359024306
25639,0.5628203202789972
47314,0.5001406958195072
27762,0.6353749762110158
52628,0.9756122294751505
84293,0.5172432464150188
68901,0.3979636870949146
90319,0.8606419374039272
55559,0.03809421904136323
16705,0.1857483254126201
79054,0.006986939875904471
8171,0.43584639383552215
59206,0.16108916937516676
52753,0.00726878681787745
99521,0.9059096951377176
59828,0.6390928430716768
66975,0.7529888787514134
33055,0.7740460020866708
11361,0.30394311493992804
10272,0.029081035460168766
15838,0.08449155397063501
52127,0.45632144838709826
17172,0.04127744349457496
61054,0.5178561489941337
92688,0.021522984016980128
25633,0.9850092906293532
13746,0.6975849703124049
49271,0.14744517375001148
74219,0.7189627723587578
95641,0.15509698910548098
31442,0.12562567391749907
61505,0.9879672761094404
4848,0.052838874718616154
35411,0.019378822492901973
41728,0.13043366246105537
11289,0.3864118735795792
54303,0.13992811987565873
87207,0.9943710077651078
50770,0.9999663161473679
19455,0.40628733267276096
79660,0.9737005500877765
45640,0.45138819575728184
19680,0.12327490870440933
80064,0.21801667040155226
45921,0.8389769556037647
102330,0.7872302907485931
104779,0.9142813734852305
41647,0.7575714589402196
62255,0.997309308798792
69850,0.9190027136544792
59083,0.9997873112777738
29617,0.33726098710816654
68036,0.050201246172125395
34081,0.8403085678230824
7571,0.023833685640315346
27687,0.38761495237788507
9248,0.09502604314475882
70304,0.7364268091794909
68494,0.9721088991241185
34488,0.4718069147310603
91948,0.15017796811481582
83596,0.8759510707841835
6539,0.8220525302287396
50333,0.15302781498698953
103218,0.5002732043274161
10795,0.07400922586512726
64519,0.06769093096317362
55023,0.20878257946351741
79698,0.8767168526491571
12137,0.2269984077363128
26981,0.518419869539505
16418,0.26367307912397925
19562,0.4591113308257435
54980,0.04277969269621364
8983,0.8891778302448701
44060,0.17308994933029276
40837,0.03153239963631232
50598,0.56057038330678
96359,0.9146755452171287
106537,0.9930818022946939
25890,0.5066850899551952
82625,0.9003711847630979
6701,0.1729973198843937
8350,0.6955233521599218
82763,0.19673323593538244
101464,0.9021019725603646
21356,0.1867554632360498
39215,0.024800590121166578
67377,0.5798912831766377
28181,0.9997081372186952
41563,0.8440438516474549
26345,0.34459246932483933
16648,0.11485130712113323
31584,0.9981002076575017
1960,0.29602928214253693
9044,0.9809756011268352
91655,0.9191790439724847
46682,0.13398805413096887
50998,0.1876280261856499
67563,0.6094847256976341
21973,0.4012591384499077
66386,0.3773957970988804
67164,0.2481425474326125
48558,0.9988349015688098
12620,0.03207972975068577
64680,0.4313813472573562
63616,0.9544392443986964
107035,0.9416930842862937
59071,0.4238547901292724
102880,0.6988466436272646
35126,0.012908456447621175
41487,0.5289186355940082
31091,0.16806547651936077
59940,0.9520186764714355
46433,0.5787706310730135
31705,0.538417192964754
80481,0.24713041755698806
12116,0.007032382302625384
35783,0.972385709471914
2593,0.05567198405476209
47474,0.9915218035079909
52930,0.506210493062932
44350,0.05675620969299969
77265,0.8654028270670475
55073,0.6778015935207282
41302,0.004133937851287725
94253,0.8843683787647687
21658,0.15422436927625516
38103,0.6634534873177352
73971,0.0408638551432504
39871,0.9998031677999946
78320,0.3857242214835964
11438,0.3419604018804657
59470,0.9996949575772207
55759,0.9990898555915467
104592,0.20547748617080824
96295,0.0004699099036307663
56214,0.25737652852276655
89317,0.5754114938301486
99372,0.27241900355212256
47947,0.019011557602599455
92170,0.2277989117137889
1522,0.022642655622693762
49519,0.9760131616268485
83847,0.2393655019799351
25956,0.572453081368262
54284,0.457734859110826
75756,0.12097638828836837
46005,0.2076312729588845
95327,0.49713312800985665
67211,0.6924068106166847
57848,0.19504243743152294
62669,0.9987872667286184
103424,0.5493178180516364
6568,0.5398430927632144
20985,0.7782302834631342
2606,0.2559767390887874
51468,0.040244460287746524
58979,0.5016736904299361
44348,0.18868402831424874
97129,0.7672364673684103
106323,0.5361894549445406
83866,0.6641876514656645
59690,0.3051697519530493
77224,0.8823626609697337
55814,0.055752309226491166
423,0.9799130508116177
51386,0.415671675575327
54584,0.8496346087060042
20650,0.6664015858327679
67619,0.0498851287073728
80649,0.5200856277020454
98240,0.9761919714903864
51543,0.7118323308559272
3995,0.535478931880599
68167,0.7900060561308679
6440,0.8704115209666919
42990,0.27242735746015867
27893,0.2412759791414184
292,0.5004066861337256
60869,0.9899528670908841
83757,0.6243151625011466
71190,0.1882432948059694
43134,0.04459444765248329
26387,0.9955298250638293
41140,0.055365512150904454
41330,0.15277231780667594
59444,0.26986753741316344
30220,0.028138533308397586
57850,0.9021308072057652
68720,0.4100196254203962
83784,0.23736318649158328
75058,0.402754378241894
9990,0.6366585953486834
70601,0.3768345793555382
496,0.4301030075868111
4219,0.5590599474159151
20921,0.8725749822863158
63436,0.9776819714145533
102995,0.8018622126311796
46697,0.7213578980784474
105445,0.9007426667045275
17416,0.46006482605847243
100999,0.8952054112597336
89296,0.48155437135381374
74224,0.19134313035345007
88876,0.056585793210035575
76981,0.9178816883040004
16408,0.0546667516555638
54241,0.6326600159945305
12554,0.1975730916731407
90727,0.08427236424689954
28056,0.6886242262429054
5562,0.9729284270051484
80195,0.767058476876292
87069,0.985138326070073
43216,0.07236437067675336
79579,0.07020097541878487
9937,0.17203180060488288
42856,0.8914310322710781
56247,0.020821261231628366
89203,0.9999631771373261
75302,0.13330476446438755
9324,0.02549763297849905
88477,0.9907400380068152
65720,0.4862036428989701
83822,0.5739574300495459
106308,0.1515082552138493
88320,0.03134081006734575
3472,0.5102077686036005
43027,0.831872544110711
77392,0.5193407101303985
41026,0.36150328445023744
34970,0.19821439072093655
85811,0.7118112763352568
51037,0.7583735550696061
39911,0.18536511316198861
54621,0.18624882832176604
63702,0.20210395274616771
88917,0.988757112283533
15936,0.9999822297195923
68562,0.4531286690807853
82320,0.6312101096891323
95565,0.9171567988611791
98754,0.357653177031088
61204,0.9786561455504386
94434,0.26480022999581054
62405,0.8020612213969058
65452,0.9856573979680008
35549,0.17493709538606755
105446,0.942987428358999
29245,0.2139228636083076
40566,0.9680258672098179
77668,0.2900832488925562
65167,0.33257653075549376
25913,0.5901322272905872
67005,0.6481228993977023
65537,0.7353574714768731
76894,0.04832150181680436
79304,0.3064836287340417
47879,0.9388525649732599
71762,0.47034307830115585
94313,0.6217106047045817
23432,0.4584732631671478
96020,0.18988622866015376
95380,0.8494952553322808
76613,0.34246713346267105
90665,0.888017022225426
77768,0.9236939195280326
83357,0.18617323564688043
70714,0.22203786427557587
89872,0.999865468248544
41797,0.26005324443944555
13868,0.16680564268763037
106550,0.6139085789314513
39844,0.1321549079112478
42075,0.8927677558539141
62095,0.6353884922740731
70425,0.33730865779001995
78138,0.6149168182487846
25349,0.9535850851453241
86030,0.016064423719479966
11281,0.9834433275494834
92556,0.999236195414245
32183,0.38038016548075015
95511,0.8235888826379376
14000,0.14179517874122743
8192,0.08132680621122773
46625,0.016658244720194917
80759,0.3453629290188378
53529,0.8802177571757323
39661,0.6089135478529413
18735,0.03500526335758521
43096,0.6143821425183721
35406,0.2786458250915843
19563,0.9697771884600722
44955,0.0880495748359284
51195,0.27723061111117997
104716,0.998733017911064
78032,0.683200415773209
54763,0.7889320695782178
54472,0.1509867658344246
63165,0.09850855307246509
59237,0.3748410620151361
80008,0.08221576366229172
41274,0.06911893621202456
69397,0.3847105693654776
58538,0.725910228924461
12556,0.37638991296297103
22194,0.013298045113281086
13877,0.6743586785495448
28486,0.18660896899036883
40470,0.43199445810828085
3803,0.8520449164148436
27605,0.9202228450073611
12596,0.35065058303420554
51958,0.4748881137857822
100371,0.7284754133965964
35292,0.37962044574942705
106651,0.24290131394571984
67973,0.9771769245101523
24261,0.2412518404187342
42465,0.01785972732844088
13861,0.474350860244396
15827,0.21543674869002344
96979,0.5351759733631802
21464,0.29992810522090774
33217,0.3950808376315692
31921,0.3073154241362165
87306,0.23645211763999746
82440,0.2141401131881367
100467,0.11809107314901113
101153,0.7819504617078445
59418,0.1826200560481313
34456,0.9999986907546998
78306,0.051974594475236856
60321,0.561058243532219
106857,0.2887340338688058
35073,0.1335767591605979
61217,0.8001356841678499
40071,0.9990648724751025
82248,0.5931781103492443
74965,0.25504554068228524
71583,0.33873399239412005
83997,0.16801387071204738
80322,0.06114992844248041
1386,0.9336147803775449
30888,0.2431448477982715
46174,0.9742293112464718
68484,0.7617013027784664
17329,0.892070152960867
93726,0.27142862355747643
14464,0.9152866825427668
67944,0.8624673573391514
95240,0.7613186011928297
43653,0.6921749513044146
74712,0.8188370218205734
89456,0.21828958501172552
8122,0.7371150451647076
80123,0.17016008900326401
100955,0.5978552121189059
19190,0.36116506726351283
17483,0.10435243630557917
21509,0.49319927236415684
67611,0.5928126652336885
91018,0.695793069436552
11502,0.8056187128430115
41634,0.4136012978406944
58647,0.9622446304643605
397,0.08479333462306071
94236,0.3769088176282617
34471,0.13631551040233836
95449,0.14029381153477966
45263,0.07526487078862748
1312,0.02975029660278571
1701,0.1276451045069653
10211,0.22681710217208345
19877,0.4135285310777242
10820,0.06475352310574459
48605,0.14178781889669034
105197,0.640511180741304
101055,0.5308771326186982
72026,0.7142379469146463
40241,0.1732302045034782
21775,0.9999942106939327
2675,0.5519546081996025
44002,0.6984248121683464
42988,0.1375071382302369
1719,0.20502293775775593
44005,0.9854832306563285
293,0.11108104951534331
67526,0.341534525274682
20436,0.012408158410496724
47583,0.1709565517144938
54329,0.13840413709885702
44312,0.7814403805254786
46747,0.7460548789918832
42297,0.29166739941161945
36740,0.9971742952844479
15115,0.08447740933399622
54215,0.450851172546172
50632,0.16763606863890018
67796,0.6637021419481355
24974,0.9533353836162867
17987,0.1326498042535335
57932,0.7660524083589972
58445,0.4731872425774387
71758,0.2917704940930559
27568,0.30162055785520836
77343,0.19548695276031786
74960,0.17031824266985673
71199,0.2990440599897247
63696,0.932980535820126
7032,0.22266195739602918
23824,0.4677409797875711
30498,0.7309790128082791
71626,0.6712942702352995
45937,0.4884193423746
58185,0.6412108613016358
63250,0.1686749461156506
93821,0.3931046476568893
75253,0.23975034263786943
105476,0.46952686587671505
94786,0.28292096187849025
64336,0.017766271128533455
71947,0.37426837777020094
92182,0.8510605680783372
20086,0.9868267380507886
76618,0.189204164272052
14910,0.23554712170657766
37519,0.17292396489622341
18587,0.8395530354131451
72152,0.05858840331030953
104014,0.5362172799234525
40614,0.9948863046201166
88400,0.10550487782295087
31994,0.024384304258839817
87528,0.10341101405595332
63934,0.3738443894194381
49409,0.28843854462262736
774,0.9991172576790461
32495,0.7850020059216403
88382,0.4562020464406864
15155,0.7653227052781165
93745,0.6174587424845276
27703,0.3972657502557951
75787,0.9431998274755822
90254,0.45882644305893294
13614,0.4877564938151283
28304,0.5596976370271658
41678,0.18170292984427072
98764,0.06120881343103271
82284,0.818330296019202
31660,0.8457756307237448
67449,0.3089930124935888
32695,0.029940547405177795
73704,0.793697258282376
13185,0.8504908894752294
41481,0.8257386538908065
71990,0.7578454021340049
64342,0.054835026250201944
52716,0.06348604985574026
23590,0.8553510152967099
19738,0.6653485669755794
81722,0.053119472397894975
43441,0.012725568633519117
56076,0.1711707568730142
36062,0.11505463810114974
93470,0.056562890912441245
57631,0.9902086567595971
104065,0.14904792637764275
542,0.17470591569513444
22750,0.14629723889315804
65825,0.9368162275108185
63929,0.16603390513440625
71150,0.8601147118526098
82911,0.6160807201259471
65991,0.6940747527885659
17471,0.0744567109330259
96142,0.12792355203555444
20569,0.8455141920567689
38497,0.18534789361898568
2685,0.344055837427121
38408,0.7802485636883988
100635,0.9946217821851958
29619,0.13032639500672777
63490,0.17742201804735908
83339,0.5031845838238409
36539,0.3376228553389597
79339,0.9064215222266442
72290,0.1703538689137712
3220,0.7368836928222698
81270,0.39206845877526675
35843,0.14780033003192383
44327,0.0755293986154052
30665,0.5049786604034036
1548,0.40323821143559324
75171,0.8306843797808858
99712,0.9954318345055451
33884,0.7110299365648374
65379,0.3515908281465868
62016,0.9942912204371439
35402,0.9529179841777161
42879,0.38711982754245955
74818,0.11468381510680908
12495,0.8912915160524024
20003,0.8344184989079422
22125,0.9194120367638128
70889,0.5033038057345112
2024,0.9623115699307869
95385,0.9621615928978837
80643,0.19873447417821344
86163,0.03886234207875173
67694,0.222610995324536
26798,0.8880344581444726
81103,0.9980451758813271
19085,0.45080363151634845
4898,0.7061646101281547
6355,0.2406614364419591
14518,0.035847081149417245
14647,0.097050532008576
42001,0.13620139592437414
77785,0.9690303638379945
35657,0.4433001947645913
56488,0.1325646939517084
21443,0.7478904882710862
84978,0.08154680754440896
89651,0.04447748422031788
79791,0.0636305478832079
97990,0.9516866929402075
71970,0.3026015608344714
92259,0.2277805506749575
63637,0.9934492496934196
85746,0.1696340268327619
72226,0.8492530484074733
8706,0.41855339086504123
53923,0.7945706729860837
21760,0.2143092317509238
52327,0.98420011994294
13615,0.5643266200852977
3156,0.5304615224274078
17888,0.9858448960503192
27794,0.028132788778172952
17951,0.9706324724175753
106260,0.7432972823349988
86128,0.04981495887918096
78519,0.17054431385741953
103081,0.8777733141712453
8118,0.8150464659415697
83982,0.8629290815716864
29893,0.9371692773796549
49405,0.47164563988210945
52266,0.1675044842228799
36470,0.3166399241102922
1846,0.34521467029062936
3349,0.8299384753914691
93690,0.843465813062886
50314,0.015982058082990008
186,0.2430940742608521
65432,0.2654563873469862
37728,0.74778370607533
19567,0.15644902902151048
30657,0.33309684518375704
82531,0.03444789490815821
22826,0.6218213558441512
22919,0.33069440787567206
87442,0.14395137807698832
104588,0.4579356421567029
64949,0.3091252195658728
63321,0.5453801405906397
44202,0.7991011568070662
85518,0.9838023884597655
70363,0.4595015643754253
38760,0.23905615300685107
99477,0.5411807826381343
41258,0.2305972455414626
88460,0.06027614639276882
49151,0.013777211114444899
96318,0.3990188502225682
15268,0.2290982796106411
39971,0.018315447607395095
68688,0.5624000613720584
106285,0.3225078237660073
3186,0.9998103008122868
39622,0.9210117769486181
77353,0.691464979436959
88812,0.7895219663390598
6527,0.08651440280305062
59187,0.4535475396674075
61590,0.13312605619389123
56408,0.33699022064079176
94523,0.9525543339741319
35641,0.9002105396052277
74177,0.9526618439803589
103345,0.09133452777078804
43538,0.9438838826377494
28070,0.7884849837404724
18799,0.9993559312727003
49071,0.13191369477287296
95746,0.7822494507151906
32734,0.3879394590467582
94400,0.9962733278859726
85387,0.23492366533034453
73483,0.6215615949933169
14503,0.08584980250925522
49355,0.2151127471435053
104699,0.37588618238237737
34977,0.19658567830422002
105745,0.82906544211013
46195,0.03440070766216899
21807,0.6305576288522439
38567,0.23486426114255698
22107,0.1819950939485651
29812,0.17635957345509107
11423,0.026673769859914265
17429,0.37485853099824507
33210,0.5131576231811561
24307,0.5442267799022215
25930,0.009999810600038395
83021,0.532886580195789
102384,0.11595349896926732
16069,0.08911826478828411
89177,0.9638487031241602
14322,0.7594358116173259
47929,0.39792366180632893
95274,0.9826555580718376
91895,0.43537273687902334
30333,0.43506231186886113
63018,0.341212166532993
13130,0.0082593742736028
48136,0.958047465720799
65112,0.2626592843645542
96303,0.749944968964375
32221,0.7656225252780926
9939,0.17445884376963278
58276,0.16646027638816335
95046,0.2974212889379162
95608,0.8185666687527298
5449,0.39021134416394054
60819,0.6548733642519038
106929,0.1181746552427268
70887,0.06235273360795594
107168,0.39428575879456373
1665,0.19767002585467353
62485,0.19887616902719718
26165,0.9045837775170882
54830,0.05546940790648626
98131,0.6904558303187629
11417,0.08905920550968699
54957,0.6615992655760121
16542,0.8892833509093878
46696,0.11037359752992049
23398,0.9998295026872758
82966,0.8994054415107345
98212,0.3302438190543378
47665,0.0754925395452006
71236,0.07895803709835703
23789,0.41827066361169785
52331,0.04609863191417114
42,0.4760428636720794
44162,0.8224795470356311
89991,0.2702655305476779
86732,0.07646287312382176
97084,0.7575420021055119
96648,0.1828992541652678
43358,0.9516449898046673
33225,0.21948046761863976
100947,0.8729720068346019
30048,0.9623025164947915
13538,0.8926606021020197
61920,0.7831016754545526
90739,0.0940548788861924
33099,0.18145379710457998
5687,0.9331926906531703
37971,0.9865810089293126
104107,0.8485600628267632
15261,0.17973845471817446
79583,0.9991721271145926
12417,0.7158259658371279
42928,0.01609219621512276
81291,0.26515992963421475
44398,0.4478457257816553
64245,0.9786485454016958
62296,0.6054449350575926
89490,0.4573370077781927
27804,0.4727087507653169
86896,0.9716497174380853
31142,0.7283261984195752
100499,0.9625777563528185
41462,0.7336853113743168
11490,0.3385915725959192
41182,0.30310934777545595
88788,0.4966574272284627
85936,0.3601124740904489
25717,0.6509826362201314
39604,0.9893950577188187
2113,0.25738314452609945
19841,0.137604481326413
85276,0.749270223678653
38085,0.3678343790612886
33856,0.13418412973056215
16285,0.6922350299810642
102958,0.6916488858970329
32690,0.4807135874920603
65286,0.9982220379655222
87828,0.40399787326913994
72944,0.3688353924031101
47478,0.05315197755936609
94238,0.20612319359063608
25276,0.3354618392585831
51125,0.22926142147759176
59341,0.9198832774543847
37015,0.1531901107669134
48326,0.22780762449810404
55339,0.07432344057941197
54809,0.9049085248022308
95448,0.9790446706172085
92455,0.8932286451818228
41479,0.43150081814509034
50990,0.5885400519814757
97606,0.19748047523502688
64386,0.05088285072982834
59016,0.9466689556022201
34793,0.6316835458971835
35103,0.4804525768373485
62419,0.9810785215179267
44749,0.7422279717325102
51217,0.6097647537755101
76088,0.6300336268735549
50731,0.15246458319748224
21634,0.007884683562597439
99187,0.09123143114524684
74983,0.05917214870477934
74636,0.7428591473780011
70918,0.9999943096768427
48025,0.04532691612786841
1202,0.18900813123033827
29773,0.4796212865267642
104392,0.4067119579887741
36134,0.41052635430488815
56611,0.8931239973873448
98347,0.7789738444005532
76408,0.48858644691862657
43641,0.23363545301666788
75570,0.1441501182100705
7090,0.46338493111840495
82189,0.1236458836768839
48190,0.03874405313009673
4985,0.43637156586819403
1702,0.0901010817873073
97091,0.09559110656350378
67132,0.05800730787683948
52003,0.3671121563553109
60130,0.14183907554992897
52734,0.19995193190634852
54975,0.21272704143116467
79908,0.7838238405375941
75883,0.9325048308569334
7708,0.046494750171889816
20788,0.9987123167621416
29713,0.14472009419577547
2168,0.03594025323221203
19624,0.4671495830472817
15339,0.9871341357690466
63973,0.20928777492583822
104124,0.7643881694557576
82919,0.49163589153252096
57759,0.21941549119492315
30517,0.24444720692365396
67562,0.6052748578207894
60871,0.0931348522716337
73670,0.7215232344372493
12046,0.5306746246227378
29703,0.18191031550782366
57997,0.9810576204723495
104071,0.6077737523721682
23798,0.9981932137302963
63304,0.9994437498775044
29328,0.821842562979741
54042,0.39668484875565513
43085,0.004517895218576932
41458,0.5448074726413645
65632,0.023355748785587722
61938,0.8708597870570729
43481,0.026928165276154315
23810,0.7243861309147983
74207,0.8111604489294192
40078,0.027376375355367
67888,0.5897517098638971
54635,0.7396169739102647
37281,0.0018155883113072592
92696,0.026155163009648964
40103,0.6735226651499366
12388,0.8972801853452266
65827,0.9318339228835514
13632,0.462895081524086
55474,0.0776965597970684
5448,0.21525780698382668
39340,0.8199858640222124
1321,0.5604242946191875
53096,0.7968143034917161
93846,0.938757355261323
84889,0.1527972188592801
53938,0.20880745491863445
104973,0.8044024603305002
74968,0.6222555727072877
26581,0.5454433452303188
84369,0.6736583993761838
51684,0.9395688387820101
24583,0.739677008267472
93592,0.7504848616732449
80678,0.13786255112256268
34799,0.7296746031964615
50595,0.08231259650897238
107043,0.9169479360995022
81783,0.9753886187757174
8163,0.7880716100665457
65011,0.3675608183403275
88170,0.16397763855471154
18337,0.9997178130585103
72949,0.9940677340661621
70736,0.37509216093613285
96312,0.999999330983186
83629,0.8616051297957834
85060,0.5221880307990793
65661,0.7203345183948325
66651,0.7330541812629408
74786,0.7173035531505867
57298,0.02019580886738415
42230,0.013792927794279623
20537,0.014018474086877541
97674,0.8919245662830549
65960,0.08152424433712968
55108,0.5154755384061004
49101,0.9329175344321758
19384,0.268123215013331
29553,0.4119643272076588
40469,0.1963190456259286
63625,0.2077888744615955
32081,0.3289730466001136
37229,0.8436759797421219
92189,0.45645949499936084
14893,0.0325798202751905
44609,0.5610366001582574
63754,0.07690007646001124
56244,0.18702736037525358
13791,0.06685447512771463
97514,0.06977862582236456
62715,0.04251203548977665
80723,0.7032831818253178
31649,0.48330680484732147
35868,0.1555207112243438
26020,0.6826811945470054
94291,0.18460702651327204
63036,0.12227957375884035
71036,0.6403578822849307
49693,0.12540290331194415
7862,0.293313225194528
106251,0.11603358450988849
6411,0.05183759477277224
2227,0.09077066798679106
12739,0.3969407877024714
13897,0.9496983725090653
51843,0.6521973800374992
68337,0.30001184749497184
62399,0.24579102292231908
83642,0.15514177989964834
62576,0.3020952573015577
76355,0.626094722724604
88532,0.9219834329870358
870,0.6221263965896091
26067,0.43691781846172584
45412,0.2160059251619812
93632,0.5946292620403038
34710,0.9729719623079428
49010,0.7139389132521081
20800,0.8564314865137324
91234,0.3547313319061749
106720,0.20912306071348502
39399,0.998504208415134
30906,0.08427778302807404
55880,0.18071196304518805
86772,0.2275861727893741
50257,0.1654294246363589
89524,0.7113974434692145
53238,0.9764130790797106
8234,0.031250649779169616
106696,0.8640030961700065
29446,0.38221673410695134
23987,0.3038762858974624
64819,0.07144021036510637
35094,0.486580190049598
45865,0.06761654752603835
8562,0.9627192557019197
75593,0.99977183646584
8341,0.4899862829309704
59981,0.5984499445122186
87038,0.2462074949572649
60298,0.23821664253671743
660,0.9549371080386557
6334,0.6909603802747517
40173,0.9209335511811669
60604,0.5669379510890955
77550,0.17402719744848877
34391,0.9986028759477088
65498,0.07805150662007179
12883,0.7002996301667626
28396,0.8212269245257897
20072,0.605699548701609
29955,0.9917997534672659
93410,0.7950575850977852
19195,0.5357024685558511
86600,0.13059694228669533
11096,0.7185883048354237
100641,0.019050170002166376
2876,0.7603639045489443
98508,0.33128959333556307
8183,0.8590752286197498
61746,0.3518802859348613
65016,0.2378389405478158
98667,0.5112890545393117
26907,0.2933532438938912
118,0.694981782169022
17226,0.1935401009633531
101387,0.6689222716138566
2477,0.2624758701944061
42711,0.18092836803224316
45007,0.16671403705058951
16318,0.27197168143759926
86150,0.15779291240465165
8105,0.7067241862060935
29329,0.006222448208789743
24199,0.9999057354446789
28490,0.16598620777471307
15922,0.3559629768028712
59384,0.3952842609896596
11373,0.9351948745538381
101542,0.12420633925058744
106469,0.00832979162841585
90450,0.9388601023885245
57117,0.5661031857682507
46768,0.3580583591107913
101203,0.8609065879315849
73606,0.05656188766324078
107050,0.6226654044702129
92108,0.03327634947512636
20429,0.24182079615836988
91152,0.40453988516281214
78479,0.4260456488221754
104962,0.4711360100255627
65927,0.005063061403461173
29567,0.9175941457042835
3521,0.8842249690336921
77782,0.48626601324046276
74900,0.21103848666845598
20583,0.20323168854758572
51369,0.23237788808512388
33036,0.021495985992988333
1020,0.06472275478666087
81918,0.11125670127719894
71786,0.6717323301969641
29021,0.0470572735424516
42473,0.36982782319121965
76563,0.9421643617475083
76009,0.4782877038770594
75090,0.7856195069997584
91847,0.8332448196624329
78056,0.29741241254194395
22275,0.07429793759565913
64351,0.12115169856629349
101193,0.12327072877174067
49286,0.853776139682314
89043,0.7341497299151962
41575,0.07079036574344387
105212,0.20921833197840517
796,0.1709205118522017
89918,0.963814666088955
26836,0.9396566132177496
15916,0.04370882849625274
66393,0.6740434812129773
74777,0.08129264638332884
215,0.8555881298324912
70103,0.048041621599914444
106169,0.2168554751850824
81879,0.1251431237393883
25104,0.008996822289797398
37041,0.1469020411643489
91290,0.4054029778880598
7967,0.05283066612628468
61699,0.1306970484698115
11430,0.9851977097901503
99907,0.15389507769161426
15587,0.7987812382129374
17770,0.812232660898007
51183,0.8696296946265909
10924,0.9828170262172973
5241,0.1408410740675537
79879,0.675311317101019
57849,0.1286336575497805
10135,0.8635524249144108
28930,0.8790867717569542
84980,0.999978960834003
35035,0.5385774668315946
1544,0.1479733164560606
57299,0.03249756481950383
53790,0.91391215529691
27413,0.03551643868856283
38165,0.02729322464769367
48208,0.7915160292331958
56627,0.3212227076189503
65033,0.2360683537330434
62849,0.022340900581640063
53653,0.241023953101214
49325,0.17765901778072246
72723,0.49926267335176894
90690,0.9881648094129536
106400,0.7619811404434302
33103,0.13425718995033947
25088,0.9979168588534244
101515,0.415992393812892
97145,0.7784803865128282
55520,0.3329062153891781
77374,0.02300602405544802
30393,0.11642085245501438
51247,0.62129926271909
102444,0.1752788609932458
73823,0.8103240057030102
77961,0.9706083657238946
92334,0.4761470459126497
20875,0.03805218139513739
8968,0.35660712949574713
46253,0.13863829270404754
65138,0.9741566226551461
103803,0.7313205699878496
48240,0.2006038870751884
37216,0.48050451734374644
37070,0.9891855730374995
100791,0.9418730554497892
65296,0.9959353717514103
55217,0.1037911910688713
61439,0.21406664008514992
28910,0.3181285679569554
68977,0.3080377132463854
73799,0.6938405207779332
87205,0.12495470590250285
24133,0.17957839570620643
5545,0.8346450980571277
54239,0.9940969223986986
58376,0.14499936060006646
102502,0.5210311146477843
4217,0.9132268704440738
24943,0.9998467329030147
76677,0.056492737956080716
30672,0.9178912497818662
103813,0.5938286894611968
19301,0.5832131343615016
66545,0.7952142078512336
6418,0.18207189455002903
105393,0.7206804235309487
26256,0.5510298356457007
73036,0.2003095418759469
90905,0.9994702072010937
53703,0.08579358185153846
19896,0.7617035176830791
38549,0.9509078299798526
50747,0.36726239365961344
7384,0.8788524546996901
38634,0.5134290858631504
2243,0.6361698415431813
34358,0.30427239464437633
9905,0.06233475058474931
2600,0.4810641406675959
30934,0.6291193648379796
11956,0.999965585540776
65971,0.15780840493681186
41054,0.999973219516322
86656,0.2886322779582988
96579,0.49486295756787213
468,0.995790020190644
95086,0.02570523782000754
36410,0.6418143653856891
61026,0.3289555087605238
49759,0.8662460713148326
18786,0.7384943786248492
81012,0.510214269235696
19445,0.4776614775010345
50756,0.7062744261906326
85673,0.45368126420392524
66960,0.7552181049275661
31365,0.5716411333879885
37640,0.8105120720109469
101325,0.6331394581617451
104267,0.00685938938764529
64787,0.5815275514568563
54097,0.8211037297916451
90089,0.7271580142060609
79611,0.11349975379022831
3872,0.05929545366485176
90845,0.471935276746341
75838,0.09358921821654426
16157,0.7348308525491962
21349,0.3358771876065326
34130,0.05572710064718844
83045,0.8178880747936236
83033,0.12219919721541661
18190,0.09062559796451747
98007,0.03614929161928147
95308,0.9711495014176946
7197,0.7987818746367712
79403,0.012097875624115321
7653,0.19179885050647327
59611,0.9890677997668481
93070,0.15271675736667462
33837,0.9515964415272702
86990,0.9462314220642706
38486,0.05448673497350559
49647,0.5028595429171434
49217,0.07443902497770073
89090,0.7165138238310379
6634,0.9616702748570353
106711,0.4888762663074993
98643,0.3348839135347349
64122,0.06657580841168298
95757,0.26394659531686526
52941,0.9956553925880954
73928,0.28989505573456364
96735,0.8645086971416209
76375,0.25838901352784027
26187,0.6378092866941096
61250,0.4324152620369238
101730,0.46053456144218863
96681,0.3464005786847135
81672,0.0464380183275644
941,0.07582238280923596
73571,0.21873783776453593
102835,0.18509256846549227
84015,0.41724555575676536
15822,0.6778324493895624
26528,0.20157511396758987
34458,0.23889580305724667
22406,0.8575733763072312
77570,0.04131889654043006
60677,0.9801410536210559
16163,0.27433576062832044
58610,0.46537945456512164
87762,0.05953816514726879
48705,0.1158723592957997
78339,0.9609613802982457
27015,0.9992169605213167
63869,0.08441813567829454
32867,0.8423224022586078
18094,0.8141095408933526
31953,0.10382010528302693
3489,0.0786396526303659
8990,0.8782401267711009
89863,0.9201751730299603
18547,0.732605447538636
75256,0.5301088885958934
93963,0.9998847636340725
71978,0.13201684164133054
30679,0.4712474522493294
102609,0.4594509493394864
83019,0.1957393103817161
48135,0.16684833553695544
61409,0.6925005008935711
58564,0.734904063304371
3946,0.5931335666826999
106020,0.8414718332888184
3723,0.767313183879876
22108,0.9980893842811854
4674,0.9519485411863646
4358,0.5270214218025253
31186,0.2522373220958363
136,0.9159003282445557
46915,0.9372847711783212
95526,0.051495255923077875
12145,0.3170354546431994
18631,0.07712143207538617
95178,0.44651049945306676
6569,0.15519709808033755
74472,0.42955564030315035
53618,0.016864167513545157
82117,0.22954796228703012
33139,0.9982764501251743
101127,0.4574439423573524
78109,0.16772752200197744
71560,0.25708253262087394
4873,0.6105323852654971
38063,0.047537109389668264
1060,0.15228867500878196
45447,0.9976124601830181
14151,0.020948509014604613
79580,0.022271876021893577
37219,0.1394324547083597
84736,0.12217246157799061
15780,0.8438297858651032
82921,0.07188006082930656
40348,0.9573858855285697
74895,0.20594090225575912
93609,0.05482621589007916
60230,0.7316753868519573
65745,0.23900420013225987
16278,0.0638047807660364
66171,0.07815817273170012
76515,0.9637467977274553
87170,0.7268725812729445
104704,0.898714997587166
95572,0.416701266320387
41881,0.7177281150666035
30757,0.561561623582955
83846,0.4568989786390988
72285,0.9814674289726975
29064,0.042797539979979315
5381,0.7028161232877684
83070,0.0925284475480408
7175,0.04306585213305596
49176,0.9973982205905204
51188,0.1915001424904692
60730,0.631935634770883
89396,0.7392505964060916
50581,0.05093244029500271
9406,0.33184466247834277
16599,0.046516516184234386
69783,0.9871531547460245
27796,0.2152674273725002
592,0.15227264409934832
18133,0.30290900134672827
105112,0.6990732216969959
51799,0.47347383074467364
75583,0.32197256816589837
22160,0.7552089465428176
28229,0.19588554326332047
59965,0.9338428186338954
25798,0.42316651096026153
1799,0.3551770707758856
37007,0.20210086301309155
99962,0.028727873866469914
106489,0.6672725792642218
39063,0.27728630299833223
46435,0.178077436267934
45589,0.8102028802238208
6956,0.6027408811740356
106021,0.6482246254872649
92285,0.20102455783038986
40437,0.54020984614041
7039,0.8731917244360372
94842,0.6634027775296578
105806,0.8146267784946637
19957,0.22465876660897438
91743,0.8604734847575104
71819,0.931667633139107
71859,0.7960954282042743
77846,0.23052792284592716
75254,0.7907130651217418
86699,0.8338479943011423
41680,0.10971014057990458
40684,0.4782530041905675
102752,0.694803391471049
59996,0.29477853520282793
75002,0.43810416837019783
83944,0.42132568047849145
71542,0.0808545374051981
102795,0.2658468284376523
13533,0.6332580352878596
86443,0.6357186484616598
72601,0.025962420386275505
48252,0.7466508688784333
59918,0.9552977717966621
70105,0.8580093830359256
36420,0.2246698583228599
72545,0.788277984842776
66628,0.10832895978188145
87076,0.08687931622122569
56017,0.13590598195073805
36830,0.5902847615019419
61259,0.29883315844034786
106785,0.9216948827868595
102001,0.11699997018613978
41694,0.09306922562992143
59274,0.9199068893464499
69342,0.6077428979869477
52666,0.24588360631981243
78739,0.1014579719149849
103615,0.13739946807958986
96522,0.18119509373949622
33713,0.997062401200724
94194,0.7526399190636693
56624,0.773305906990232
14026,0.10395643543765865
37800,0.2176877802528372
101163,0.5088873332460784
50282,0.9428731246004283
24359,0.9999491904811176
37213,0.32888677311444403
27574,0.16174001581203112
18777,0.14942459330399366
32485,0.7634836248708977
95455,0.03651251840797312
56526,0.6319259068270024
9732,0.09910907848480921
63133,0.3939109730931596
6017,0.3050692266201032
56227,0.15228154378288583
81330,0.056040035435262425
14674,0.9989409380695945
83842,0.465567618929854
59121,0.5623664214052997
4795,0.061855898778757044
8699,0.9726298404603326
62846,0.5841068678533528
3664,0.9094433039449936
79101,0.4499273040721514
97114,0.3505882844496546
61736,0.6940445425278196
71338,0.15737120431574714
75649,0.42195588397173145
47207,0.7074468127961092
69617,0.8320319027515791
92019,0.10645632257739696
33803,0.07393907658224409
102709,0.5668178772796916
60644,0.07504927325183126
35921,0.5140523939593695
53503,0.7952267318875936
39017,0.5147208242289506
21033,0.6973214777083759
7356,0.4463161437813247
63010,0.10504444506792965
105483,0.6551816496664254
48414,0.20335955546399387
34491,0.044955032611756575
98515,0.22238798127724535
44473,0.9267222485276773
16918,0.034223864318622725
5705,0.2916311903863569
50265,0.5344465566659663
69220,0.05574044760999356
54833,0.9995403739690001
28549,0.06394596230472004
106607,0.2784346035363193
82444,0.03150047839608808
61201,0.9968416811938778
33681,0.9579152153670264
10979,0.11629446019345197
17203,0.1935711509182072
75276,0.008643594185097659
46716,0.4325426033703378
27002,0.9995518529841788
875,0.4605840693327664
73244,0.9065466141707139
42973,0.9266103154026093
87462,0.28455414273035773
79246,0.7782287409768969
80060,0.6815458494584723
83791,0.4865350730883348
95066,0.03231986615506524
65369,0.7049491294588812
17234,0.9723847479107838
33597,0.3876905867264402
57641,0.7035750823641959
79712,0.10541185300077771
90671,0.9385830480572623
68092,0.4933701175029748
87841,0.9993970730723729
26092,0.14536413283447613
19324,0.9680819178441005
64133,0.1461042666308512
64722,0.012450643435672171
67293,0.3275465164019442
13110,0.0770916166376224
15704,0.9948818818121733
90272,0.9873271224690303
16320,0.16937524707612173
51605,0.21491392014613075
57816,0.2438706334868153
10303,0.31340937744616065
81915,0.19121946759842168
22954,0.48672663902986857
20905,0.051585048244891345
94219,0.9889084448365875
59383,0.03336483070449428
55882,0.17440694164872605
105848,0.6885433813480418
76012,0.12053511407853823
28343,0.07308966102948075
12621,0.0805757210907036
20544,0.9517608019597628
68058,0.4825151001986001
45481,0.24827851540911244
43866,0.9716370464515804
43638,0.624015162683897
78798,0.6817211634233572
51931,0.11894524666133233
81788,0.31347814149201125
39806,0.8082079008084612
104308,0.5142818826298174
23191,0.6895810830320963
58799,0.8041249206186829
74274,0.2970890227399502
97712,0.07836162967936897
62011,0.15346757340293737
97060,0.592710954883189
6430,0.32029615364693276
42197,0.6453284309901223
33642,0.9412741398529971
34385,0.18935223558244701
56499,0.018818484002964025
103727,0.2204873624983264
22082,0.269118078104581
5577,0.1492438812673354
18877,0.3545159005801458
72302,0.8512770117463504
48798,0.49487282793077964
95670,0.829210619485001
12360,0.5358280990055234
99919,0.8454891631286375
57548,0.9001208134252487
8498,0.753419334939402
55369,0.963135443394467
64135,0.1637879497623156
96186,0.017829983955253516
88968,0.9976038059034192
16581,0.4226438425896908
69477,0.5221149124043867
60073,0.4958699826608452
78470,0.9019010077874523
73934,0.49061738665013443
48728,0.38943182758211325
12948,0.5952441468266826
35801,0.1976441783477268
11714,0.6949504423833576
79286,0.9144632170706573
61682,0.22542908228353298
67216,0.46588304386835494
28124,0.9995012906037202
47487,0.021329368049995797
89951,0.6899824122495015
39746,0.359645606339822
51772,0.03684725939811162
74373,0.06410622570423377
91542,0.03658583614244863
11693,0.24615294034956947
58395,0.9939552161326114
10213,0.4832197960513846
87308,0.5397968901859467
52212,0.8836890259154774
21565,0.715698097447127
38272,0.9489091673723351
45624,0.1348948772458397
63049,0.1660646435028053
86283,0.9998783729926557
61244,0.7409940473679728
84701,0.5231127918958349
94243,0.9993074976232944
79039,0.049980703862480505
54726,0.1451966537075503
52867,0.037575514313765074
7832,0.759316832437325
48004,0.45355360344874673
52691,0.7448853347322364
94319,0.9927731188639269
14013,0.26957510355595216
66372,0.44028735642736777
22294,0.99425686784014
14732,0.4939147187263471
105955,0.20767490754138818
57702,0.930381095029865
89178,0.6357110920912216
31050,0.05529502862688576
40074,0.41885131878482185
23085,0.3843754902808716
8847,0.19639314327512597
43142,0.5910245564699179
24141,0.19798713871613133
75344,0.36273634208956507
44956,0.9420655499922346
100259,0.033173956273030915
15289,0.04170491656468577
40766,0.8864676457339756
75727,0.3735088909640894
16710,0.20221595785513946
3858,0.5971133222920004
51761,0.08130073683467887
57803,0.6184063528290592
18436,0.1318482885298396
21616,0.4765300820771659
40997,0.22153320363313744
72876,0.7370373040245285
98668,0.061462940682792004
17562,0.6196181999951846
53942,0.728742352706621
7798,0.9903829789307472
6728,0.1433326222280013
68182,0.44084513658781477
32206,0.9979581649879297
2446,0.9196683469220963
30812,0.30477625437391
29775,0.16412806778956612
4146,0.184911461023947
10519,0.4278513560488897
66933,0.4649015052519446
94981,0.9151503065705635
95320,0.0051955656738305826
47430,0.9862504737097969
35069,0.047227610921048345
76488,0.01419764302765715
33904,0.8632033244915289
86619,0.9957791884778163
91955,0.3728777533889638
6389,0.03654420912353725
12914,0.45676618981238526
78123,0.019042905032285742
59570,0.593689454976631
10892,0.6893017894409066
31139,0.3058362130237665
47002,0.5503629140398656
15376,0.34475515120176375
84669,0.02452298998728648
28204,0.19602729223256454
49096,0.12969235488599978
95324,0.2841704573961673
46589,0.2714963848365727
16484,0.07564968872067493
92516,0.25715480892240383
88724,0.8632322349314112
65849,0.1352377291670135
51527,0.7328882196096593
60854,0.9894816888999747
11279,0.004196211995117581
67908,0.9658589431705169
82313,0.3921829335206365
79035,0.47063582127912396
91010,0.32422910751968387
27611,0.05384553784243161
7952,0.8520734194757544
19379,0.8628136845021654
66702,0.009391512997570592
2296,0.7985047487370429
28138,0.2122399270801918
551,0.3660294462624164
67795,0.2005861170730484
39137,0.22599722098323688
25040,0.7772038177838665
47656,0.446221256333548
53154,0.5087848783883867
73026,0.05292280422924131
50163,0.5286374774604241
17664,0.5980582696416917
81237,0.1403689680651849
43288,0.14036205720072087
101830,0.10839626189170093
68661,0.11959926657645431
100832,0.8208437694303405
4191,0.38344530932823495
62424,0.8832562975528907
40305,0.009088520110211487
54860,0.13286828719174876
92588,0.3541214039972283
76669,0.9999748340055451
46395,0.08541840168312886
44253,0.22228160827400018
22443,0.2541245236827825
84100,0.9660572930472744
42951,0.3426833990489646
51210,0.42363966579601553
18367,0.6778179354203261
12437,0.5388340860378247
57121,0.7052485192710798
5477,0.1983792248404896
81334,0.3914828325436625
102259,0.1166917204715262
56973,0.22460877737680335
55634,0.036724208799019366
50796,0.12139429801691337
64854,0.775544383613679
17212,0.13207011858483825
95586,0.6949397309895198
96608,0.12496218875858384
8178,0.8075312666698085
69463,0.5259577924861376
25843,0.9983293885977593
89879,0.4507530913705137
64458,0.33366813681732255
1825,0.004936876572115086
104937,0.21606853566368173
76514,0.26810314419187165
67638,0.1574634945424343
32550,0.0329551919624585
2594,0.16735958679351187
104050,0.5716386769784448
15063,0.44454571651526636
7750,0.19754812968752122
78835,0.738699224833635
62313,0.008249941147635527
79534,0.19574970397389507
10735,0.1805642259108668
66647,0.7500600157439771
80698,0.9995171656070977
106237,0.5940558028833711
14230,0.7819503387990472
24699,0.6613867638989505
20670,0.6194808128867976
24398,0.9379001925238173
28813,0.4104913844968879
90926,0.2141924167677839
21442,0.032362255035766035
15503,0.9449089861808042
104158,0.9549168669014212
11944,0.1946335478560554
54953,0.09886866814619233
100285,0.522650195865828
92129,0.9926087178649892
86569,0.7955918778261706
51849,0.3208268343760492
59984,0.9979890221219393
84169,0.5360620912463777
85915,0.18692583863515738
26350,0.7012083600742001
81869,0.21386330611689308
101771,0.5151668438100291
71107,0.7988804555095319
8127,0.2118335358160226
67433,0.3876330215908993
103885,0.8035788635367824
14634,0.550765211658282
35211,0.09699708181899297
78895,0.795860258672378
78807,0.9999934653211708
14540,0.31466593005938653
34698,0.7406527680906342
103779,0.5020470549607147
9813,0.10366582046451939
7716,0.977121347173325
70272,0.1351635519495819
98794,0.991484533521936
5378,0.18692774415589253
75584,0.02968762566033514
65199,0.5481010096288875
69468,0.24212287094202867
53908,0.16690470387162404
97132,0.8368078078700277
84136,0.614557729155975
65196,0.6824384678487607
101330,0.11163702946227488
45065,0.1282466338872274
101372,0.1208902863207349
40945,0.3901197310676564
36818,0.3121848107568796
16262,0.9931283660888587
71302,0.9646109354940876
56867,0.9874263100272954
31727,0.5564167375081494
22376,0.06584431856941575
93929,0.7060355981882966
18448,0.9995402359909017
29101,0.9042472916974085
76956,0.06782503041609354
52458,0.11089917047038717
42922,0.9720775069265144
16743,0.184737489784514
29879,0.8800809020157072
54016,0.5369291864944742
44531,0.28838899146635555
3780,0.34859940569695935
18492,0.034422427366029296
43326,0.5367415965353106
97048,0.7896286316223744
102784,0.4740650550969785
78950,0.3430284815787593
69256,0.8278749420917738
71845,0.9326806033366498
23511,0.6479681554349186
41984,0.22317774446906213
73207,0.3108850845151091
100220,0.845835474799983
55424,0.7030161113586023
61058,0.23532680373827403
61570,0.14394545685216298
85636,0.8306413047525564
91625,0.4875694277084707
37965,0.8216840638818576
71595,0.818323138306468
40247,0.7184434115997828
84223,0.22542034938477168
104638,0.44198451597365057
70859,0.9802795542583396
12624,0.23791295723354727
100127,0.11538031433167545
54697,0.09768317379408648
36640,0.22196229099369608
63935,0.948080994958429
62422,0.0938690090290642
19138,0.6399383164624016
98037,0.6478818244209952
80946,0.46756893406020167
60171,0.03073974006264559
106524,0.9521556271439231
53120,0.3005255362529924
17020,0.26421308235511265
96643,0.04254284682017634
20516,0.8315045433853463
53943,0.6851282193224381
12422,0.8443346785584476
99924,0.8699255504681076
84727,0.2527363698021984
105231,0.564928144497827
57263,0.8817921031236944
70353,0.5604179657449165
33980,0.9834310202206658
85067,0.3739139822491674
101473,0.1431765305754129
32806,0.3564045398733078
22737,0.5507577112905105
33701,0.1449593423045878
26272,0.580143988669605
20245,0.13979991649995932
57009,0.17118366463418372
70177,0.4581982191995042
80949,0.9573848798514335
68868,0.361727300171796
3463,0.1982268387942836
22480,0.5072335591371427
51061,0.012585985585660282
42467,0.8451472204596653
22644,0.04192727723121984
77987,0.06995169757347243
38066,0.009527125870066619
74817,0.15988472800096287
33548,0.07633179936730349
55282,0.992753804695365
68474,0.6464229281069854
28750,0.12757193691333596
100953,0.5550400254875146
9783,0.0034733638689744416
88666,0.3056856816727884
95892,0.9755905900833008
45165,0.0845245219306392
88759,0.4457783103944097
42942,0.3215421796041258
45155,0.3633588307536527
93405,0.4549971532026431
40672,0.07694451194169183
59171,0.9958586584599111
65048,0.10640339374025759
96568,0.1957531795604357
55750,0.016787170072825344
94417,0.21034560973877447
98907,0.1423614561812393
26355,0.07189043424232981
75221,0.6691339636447886
81834,0.9999829480418218
70358,0.9007816125401921
60686,0.7225062969657972
16970,0.989390923656973
105727,0.9735124838454469
27635,0.3544013274594635
22266,0.27949926883943743
72325,0.1555365120825425
73454,0.5236185362404783
61216,0.964497384600465
15107,0.3539448404133545
20351,0.5905080733440667
7447,0.39848698901937063
27058,0.02177884412260179
52745,0.13731549967320295
97367,0.9160808208637345
80966,0.19231793277944442
76862,0.22129844641150542
101425,0.380491317981168
41987,0.2065536523542616
41607,0.28025133734453866
24817,0.008802137432816035
18230,0.2459397436468741
24592,0.2455235898947885
26735,0.4454451898200448
335,0.9558418061057005
23192,0.21268455167122502
70543,0.9911542167124516
52914,0.8651658013944652
93275,0.2204986897507264
53299,0.9307447399802083
73633,0.2788210216118068
6516,0.6681994044791626
62779,0.7652844143463682
37748,0.28885203730465825
32439,0.9318579441964768
26327,0.8927140895489902
72512,0.38333799366723575
34319,0.2927109124954559
71151,0.2154560338701254
75755,0.8666557938935917
95040,0.6873977048758932
14016,0.19081875354775996
64918,0.4026215766722626
54132,0.9240736148406627
15137,0.6433136437548727
16885,0.5105358223926401
73850,0.8912324049825979
27701,0.6395145328248946
45458,0.14569539205592336
35206,0.44263866698689325
4690,0.08161287018837537
48327,0.10331268944268635
13359,0.4328962403475761
74847,0.10533622440703322
58263,0.5983717476815338
83921,0.3261662181857185
78541,0.2510199961761215
89353,0.008886420303448161
46859,0.8480542148010923
43017,0.9900159244416655
33143,0.485956005153608
44724,0.2974929238165894
98313,0.9496096344942898
18397,0.8430770557501546
33628,0.6382618780686712
83851,0.989172783275762
59975,0.8692035014111311
90976,0.10719307424689312
17729,0.911152948116603
103091,0.5375716570566258
48359,0.1482258116301854
52136,0.1519205839013859
92597,0.26385353060217565
102907,0.924244908002954
31101,0.2119192194447912
72001,0.28812247048938466
26604,0.9790265779372597
32653,0.07023378581774353
92403,0.9939513547837333
19371,0.1959717225200377
33679,0.03383153325545428
100430,0.6587811851329199
46581,0.21412049691837343
46918,0.052145371290035006
1939,0.960738982653412
65741,0.12786002070877672
64268,0.9993933728361108
5722,0.0323293653566218
52128,0.3397007805587767
32782,0.9763514389663035
55399,0.40898511745397775
67305,0.30568524279293313
27575,0.9860328938751184
10174,0.6259302544693204
20288,0.3895411579315221
100583,0.6293117785827764
94644,0.6427547803344127
69259,0.7630826994638644
66508,0.5455392736355085
75933,0.20069286831534144
73087,0.338285015525656
62772,0.1476268190672264
7082,0.3357253244886785
14313,0.13735941763956222
34351,0.9424904883655048
13661,0.09849187601509873
84983,0.10901224317456859
71650,0.09106978067062038
25289,0.07975172695759752
53203,0.6770532608492024
104021,0.9856232384691842
45430,0.10511838174142218
13936,0.21225365185398498
36331,0.8809907075135602
69153,0.4074509374869994
28211,0.08858640212322516
14716,0.48843871469782735
102105,0.04845812894309252
14825,0.5914763149025054
73448,0.8121545644419718
25227,0.0800758175272111
70935,0.49278967118521166
24046,0.14274625766250199
16283,0.890538938100875
31587,0.4339720893159392
21546,0.8880824649970158
79216,0.1401779412305752
59515,0.45669017335074175
21638,0.3096184077922627
106058,0.1563629302169411
83605,0.28693236216636653
36027,0.18398737534553716
97547,0.3528065847152514
35922,0.95890990665699
730,0.20847251058453425
91023,0.36357303383670614
41874,0.7821987436797287
63479,0.47932695615679316
53948,0.9893771065182029
612,0.3060870181605744
44842,0.9432600197240057
88286,0.3547353916535566
19006,0.47640862354015673
15792,0.2565349605622539
31289,0.47880040807673796
5520,0.6448944254495759
102071,0.9499387510523549
51757,0.966023929150012
101502,0.4255790731063711
86153,0.018972492987538572
53017,0.9037480783747571
35422,0.26425228547290813
47390,0.05433589302180642
6754,0.7331293838540984
15689,0.5142140210824653
60671,0.33939303002939536
91200,0.8918340371235092
52291,0.8000817693165798
64996,0.8491074323194703
105948,0.2621694066372671
9304,0.3587451278650826
80363,0.7152207584452713
34303,0.9867330307666483
90897,0.7683808141554096
6223,0.2277641164515503
30391,0.3919603255968481
32600,0.19922907422504887
22314,0.9236292164124649
46471,0.7846179278943282
62205,0.07550904216457167
9315,0.20274159542393783
88242,0.9284430784955371
16829,0.04276998499909909
10937,0.9857923383764092
75185,0.9285818009598196
2126,0.24476078841369792
66867,0.21217504392744535
27698,0.9995436171102707
69135,0.06608631000651649
28872,0.9129426971466897
73182,0.32001998920658214
99186,0.0947333966570264
53803,0.9384249043272146
15957,0.012765401775894497
13066,0.36021589151053623
59759,0.01629335021119687
78727,0.9999919724396965
87613,0.656650736406621
97014,0.8775966603648292
15607,0.10388937266353293
95372,0.23021958265750314
13583,0.08137399112287902
21859,0.04872090414884598
37066,0.08252255651744567
20559,0.11095054060481596
28407,0.6442475560557007
22575,0.15858254621467455
587,0.005565714643824452
34019,0.6829946409663672
44046,0.04625213190126951
88009,0.8822453078350533
28935,0.777123086520334
8002,0.43195564252350327
89504,0.931988660988204
41174,0.35645285013223504
61524,0.23972487979199142
47615,0.6855224918247667
105017,0.15031419970411092
102282,0.3942939480404388
38116,0.07091967899412517
77889,0.4372574696689978
39771,0.07513943691859173
49032,0.2062123527617289
88482,0.9444896746569831
14111,0.972211417207661
86854,0.18621799469346784
60957,0.6673521311996564
39641,0.4025759914381245
42799,0.9489567549258767
12118,0.1374327927682939
51727,0.4770468688615104
15511,0.7104026636731043
98396,0.9288143892730274
82341,0.45785163591689
59102,0.9989206192598262
9319,0.9742944127360771
76311,0.1322326665502574
88119,0.041041598844118704
88687,0.21282337567093307
2030,0.7255816358566526
93612,0.018556084406306957
11548,0.972069543451105
12642,0.4953445726365173
99898,0.053960625248020054
105337,0.4613834020180662
71373,0.868293271898686
79240,0.34092406112613705
2341,0.19610381307096286
70902,0.40271208790114765
96103,0.18672689799328102
41700,0.6003745801828084
7147,0.7057773930615999
7007,0.7662534163160653
28257,0.342641703567361
34787,0.1051283831081885
85535,0.7247837364605036
56441,0.19926776712383537
2699,0.2982549903269539
8631,0.9980771824202865
84841,0.20926200865529637
39509,0.7827649768164604
43930,0.5369894259275346
47111,0.041949715469048625
49131,0.6949335922206932
90388,0.5503769436143341
94044,0.20072047704328205
9162,0.32077190097111796
82380,0.2941651573512419
9411,0.7945380136696802
98182,0.8064228939487499
90514,0.47640466239199897
31378,0.8704898113264483
45250,0.2599965939766835
9598,0.15462739981869333
97221,0.609021616381127
81497,0.983884820661784
98919,0.14729047566154418
27463,0.11449670451451543
5343,0.7797483665308238
17970,0.19128830925576418
67267,0.7795559289189784
2920,0.3556625430808983
69177,0.19192863416976463
78678,0.10151354693467957
624,0.7608132534812146
93344,0.5473206287859063
46833,0.9920092865703304
6484,0.23874624669172856
34094,0.18699375625072068
68673,0.2178054149502492
102049,0.4869022298473638
78665,0.5564778306973823
30774,0.26201107074033314
71388,0.2815868871603723
18098,0.11993754754567149
61249,0.20287740718897362
37708,0.12753318658692497
64796,0.29027803112127293
31522,0.18348690847115445
15285,0.24964020680518723
94412,0.018969700542190857
59543,0.6323157445861182
3384,0.9929190662192912
37901,0.7638689888982713
4160,0.9245428139553883
92593,0.18074075121305438
36246,0.7353670701722188
95420,0.37035768717425455
100479,0.594070584762041
79834,0.405132843212733
50875,0.3316499914980997
87895,0.10048937181908918
30615,0.14340440039483787
59995,0.2252307602989515
96199,0.04416937956357125
13289,0.14930610665437244
29169,0.08362800192569436
36913,0.18510577835945785
25147,0.37175544963818813
61781,0.6196440797087248
22565,0.2912550065845032
7300,0.016260403056467726
24634,0.5945878023333372
79365,0.07051782661060887
16978,0.109080385015483
29800,0.5725906601457589
41469,0.22194458839080333
77934,0.9784753575993977
69715,0.6939196524764426
2744,0.1910936787919526
18563,0.19275265005493958
96077,0.5029659292767202
23587,0.19646717533042346
10769,0.03262495048141223
75143,0.7950092567061966
38952,0.7494428214678284
92487,0.054390671716196964
92852,0.8888873446719916
33741,0.19693812393073207
33902,0.9911306837176636
8387,0.7033472054630251
47210,0.1642774799658785
46410,0.39372983683162754
100548,0.2726203443804428
840,0.14164412631222273
16871,0.9541419225253682
69437,0.9767060428947035
80467,0.26813307395209585
39798,0.4892609885775939
1323,0.14798918192982696
106370,0.6450156566508174
41262,0.9764846319783544
12529,0.03667235510928128
44727,0.6108919629039494
52761,0.7318721304905054
25451,0.6483981480447901
73342,0.0413201832629655
51204,0.32404199900625963
50219,0.8168821534723224
19132,0.06097808346678145
49538,0.15570076133167265
53730,0.2912023650659522
83910,0.6257283808673896
29115,0.999619732216549
41208,0.043979478107443286
45546,0.7526980376712806
24811,0.3862887827245037
45037,0.08275520691917526
75843,0.3716894225052406
25941,0.05060462525303287
94261,0.9516387647742525
19173,0.35084910370779154
48509,0.5714114705018779
93072,0.23068960327393428
58237,0.2026519534320409
74013,0.7634162324118874
75227,0.10951429953639041
74340,0.11442830317999625
52427,0.634028891046728
76151,0.1453800005704593
47316,0.019462636686303506
55460,0.42408386357583333
97175,0.4170564993099788
38989,0.9819375411245154
10205,0.08082024164454532
82051,0.08253329733615306
35157,0.03659566615673079
3684,0.11959172515389471
62742,0.015869041235741708
74496,0.019751892479499086
75673,0.9632913679678679
15522,0.9254392898894834
13945,0.2995975085236517
1132,0.18375327483723208
35054,0.8400512217148715
21891,0.2927692140520856
28508,0.6872711408639668
99815,0.6788453400644808
22532,0.06131783279618889
58976,0.163323882740814
16774,0.3136247872286971
98786,0.7431514086274538
46517,0.09233403928482714
17633,0.18155020412029776
11745,0.004648022281231852
84784,0.37712169922496425
71139,0.13035923839021746
104770,0.9997984911237455
89719,0.6985606961257111
5742,0.5459166892337985
37390,0.36062845854286796
45416,0.25943878234276896
30994,0.7038299932753269
104066,0.8001943766861732
13560,0.9982473205952017
94239,0.8560744686201109
39032,0.5106149639028654
95684,0.6470966750724433
64663,0.1654329668203371
42612,0.4235212967152533
69293,0.011660204417856132
100463,0.896398787846669
104864,0.4229811173305985
79177,0.9926864619281942
69146,0.15896764647303163
51569,0.34915768708778216
35303,0.9678051510744098
38169,0.39143495142651474
26110,0.44563730824249503
66133,0.26174795263964346
3140,0.05560682391381585
29193,0.32192057684701525
66040,0.9724759339390775
67577,0.16638944067758554
75311,0.08684189291527017
8345,0.9903151058504444
90116,0.9679576768939915
46161,0.8612387922433783
84368,0.519366300161706
78423,0.3281448575769822
56887,0.9861681759530151
10505,0.07856185192136063
83449,0.14780382531248287
75064,0.07950131139555877
45316,0.7479999666237298
81514,0.587683714501829
17823,0.1925595875541667
45536,0.01836471387324968
81655,0.6992490386028328
6158,0.9483667105987302
3300,0.06986830896842393
81142,0.09218158376302438
18928,0.15248169530366523
61741,0.9552236333445239
81049,0.06339469724683074
45626,0.5800895652708722
64241,0.14329555623234624
25516,0.671172009218641
72170,0.14898602190124033
100821,0.6262629610830807
100960,0.9927613549274765
104637,0.7534735202491938
80263,0.8525969999583473
40346,0.1502578161082601
51405,0.2339925410825699
96165,0.07070953215712956
62043,0.24269910998349642
104120,0.2686416652241608
25968,0.778239697815239
91802,0.7421960386354914
7133,0.21956112636227137
18262,0.20081196501032955
36397,0.10125544205608122
64608,0.15918677483406724
45205,0.20353316589555692
25746,0.9585192918060362
2804,0.8731470037717353
10138,0.1412863010521962
30962,0.2572937205626713
71016,0.47283121985611887
8465,0.3233200294259794
59750,0.4343057522408703
94078,0.8471770331546282
30547,0.17614443662226836
69169,0.3503882933957764
48894,0.10267725963439245
64141,0.1474630347600105
33295,0.8512326507484761
55670,0.08231475133708
13345,0.9829367736328163
99022,0.9126818882476688
55163,0.032650179445174114
71695,0.9963252249020641
37627,0.43773918130615774
36532,0.5241553179411915
38401,0.05604597093661745
65083,0.684099863883447
98493,0.7700621796440494
23491,0.37565239705423503
47409,0.2188921183998132
73059,0.35421672080153077
38282,0.23773964452968455
78331,0.37024427769160406
41343,0.22407566632415848
19089,0.05065911716593354
50730,0.05915207852178535
29709,0.1223649192972055
17481,0.38533284165427145
80830,0.19902997064096767
5293,0.23104258366317876
22072,0.2989288864975841
70083,0.2253136016030558
82737,0.46350662302546
84345,0.9712943407872753
58697,0.8136138677289927
39276,0.097009050982377
39945,0.9130038494000265
33739,0.11620718346913161
3954,0.12197995113350557
16658,0.06215055919295237
57750,0.3280026085870511
20077,0.4552367546033295
86803,0.5861603725738427
2956,0.0291406857573132
72623,0.23124665230663677
16102,0.7536233144945436
21732,0.4214947558189232
67154,0.0580995510884825
54507,0.8400899322448155
86594,0.35274761306084423
35692,0.18679558716643396
65734,0.564155865217428
18208,0.42668481356768595
104960,0.36508352726894755
98614,0.6576868536537883
12300,0.07097778675979755
77125,0.16202917870971
104456,0.3275775932039223
19143,0.16027182213173535
42960,0.7646979969079235
29258,0.3805906166565081
44894,0.04458974776259839
4672,0.9882635831624111
69189,0.6738312359551473
59597,0.12015525550419381
4210,0.6297822271664871
62642,0.13070357897604978
55902,0.9915449668801701
33596,0.009832267047267664
88952,0.8525824117920394
25537,0.6416164649796954
93630,0.9999997931614535
56945,0.046989835883027464
89831,0.4998039119981157
28455,0.44532805934256847
101881,0.2598215398183711
99064,0.8944048892825336
2793,0.9903040211029598
59290,0.900635632965907
6529,0.515891965256081
102926,0.5029532484590636
91793,0.26826192466079923
33522,0.9244531933031648
20955,0.48032266245524075
92720,0.7212591658274085
57316,0.10647040073198011
53863,0.9764150164227505
4669,0.9999928899698833
28736,0.41913870269820863
49200,0.09113654906102125
66982,0.2868470231644582
96637,0.1935083834143198
41900,0.6777627093196472
81511,0.4573775759407644
88616,0.8852929742154658
9190,0.7791183733308371
34235,0.37883390264546635
27646,0.5869200774184695
39697,0.5455391998113749
58532,0.8408521039220742
28966,0.9963172406121245
35518,0.20121353644815376
103877,0.25861793625917207
30623,0.8160935902200597
86938,0.21118469541321588
65653,0.05891457825571475
88180,0.8012473393471775
62795,0.42273639049634854
4105,0.03999630383940031
78024,0.9987307205910656
32038,0.20328361816226725
53792,0.15188439868610543
55852,0.5009590981745209
57315,0.13480510743614144
9790,0.7506290966087708
17167,0.6624570114031831
3719,0.5892009147555306
75499,0.08590092762314272
47165,0.6706601786928656
73307,0.056798213819726294
41648,0.9577238255673829
69039,0.1794247009850521
105121,0.5412960667337957
43914,0.11890757008113023
71009,0.15303880016495153
95183,0.8966032202125973
30480,0.18501578760722065
53988,0.29984480863163193
79258,0.3722953816544263
90968,0.5016031381724886
42384,0.7472704120454274
83707,0.34985913807684343
4101,0.1414832682205886
56912,0.9996865858245275
60741,0.18057865927089084
25120,0.1548707500149772
10721,0.9995864772114201
56580,0.8773431014386492
101869,0.42825309742104734
445,0.49159090081610807
20685,0.48885068656046904
23309,0.9453665376312166
77783,0.38407305492327737
63074,0.07964696735055504
107081,0.2520146607430379
70761,0.0044895043905783544
73498,0.9767392905907789
31250,0.34191799557260766
72200,0.983125966870186
51071,0.1077615843420992
40842,0.8279294867097591
54965,0.17699143396231548
42180,0.6341501639790382
57221,0.01918136531188128
45115,0.9164864329135465
87784,0.31711711697587763
83808,0.024467143601601096
21793,0.26383399244929584
99415,0.09395943180034916
81686,0.23174939346781276
98808,0.9528438238084295
48005,0.1347198757207757
59693,0.059252215675666846
22613,0.11251937403661477
10661,0.791930172720668
93545,0.4913134345725401
36781,0.01924789856607855
49972,0.7146492979335908
100683,0.13324922105160986
79955,0.05751249237047734
83111,0.9539658365417728
14099,0.3299418652018865
85792,0.17306393606089887
27385,0.12170849203934597
33173,0.9664009084566627
75895,0.4874747154934152
84183,0.9922466955773424
37174,0.0701545636378384
89403,0.20838304841228034
57812,0.11517055163155404
3185,0.12739293756942038
39174,0.7273486232807349
69360,0.9670809266477478
22507,0.6350491624656265
81591,0.7448470066610289
102166,0.7834743778722815
34669,0.9976209428665259
82246,0.9319923240306351
5417,0.008684483088515951
45202,0.8488634413877976
42806,0.9976835543334509
8407,0.632531843111273
78372,0.016310572841387507
96394,0.08205255508522824
5368,0.8096660762732151
34576,0.9011065567589507
4612,0.49864430672201043
89532,0.17625203828524683
86314,0.46362054838067107
95227,0.4783871842471853
77002,0.11705692320096278
86850,0.47614145305007394
83431,0.8640617736345599
8573,0.03414970387849557
83053,0.7921173401298356
92077,0.4494010920223993
66619,0.7653242427003726
2864,0.892230331705971
93017,0.5364166051877077
83756,0.08410931504209301
6958,0.5421201247653665
106099,0.32666444762457403
92752,0.01421874688591773
26016,0.857288582260822
9794,0.6909561488284598
55053,0.34302244443867586
32697,0.9396008773160076
23931,0.5886706863974993
40261,0.6773461160022919
87744,0.046217799373985805
34747,0.9394585441076015
91828,0.19731768171726205
60789,0.17383903729522998
38808,0.0014243984263319757
18662,0.9937641038492719
6236,0.20286860495375125
19728,0.9571456667432171
91822,0.18852980794166657
81110,0.9827187956653005
47527,0.18942779942753957
90318,0.21577056186526167
44876,0.14120187104317306
71809,0.3320074837724143
13625,0.0027876472501725835
43644,0.1324301896015579
83971,0.6496792444707185
82581,0.8097490334437346
42259,0.012133159595460899
85536,0.5071054068327565
8810,0.9923221628115049
78459,0.8766091801361238
33500,0.51141190558687
4257,0.6455020314482078
93240,0.1714995076396904
18763,0.4879855212901124
11424,0.12557096472628382
12884,0.4812297592066021
59731,0.7084244896859185
22634,0.08478150339617513
62732,0.36208453243462724
82430,0.13238457557164773
97227,0.4232240010862142
5764,0.219442964281931
50370,0.3787723230699137
89427,0.05403088516931061
8497,0.1491631193825229
26922,0.818786200640905
40011,0.15396429804793976
22981,0.3400170027345138
10271,0.15461256749540253
37880,0.9238312943404262
83457,0.731879259512376
29979,0.13597526189611903
22629,0.9495392528204194
90503,0.15701374370008903
15109,0.7216670567838317
86748,0.06016880616443466
17755,0.6782218738953834
93089,0.13739045669032984
4336,0.6082852475855431
54923,0.36235907819592406
20668,0.05196640391580884
102335,0.9774843445281997
79895,0.012026089694743194
88203,0.12475736973298807
57553,0.18194744240134603
61759,0.03158108487631131
40449,0.3697348397135817
37942,0.8310971396416091
52407,0.30036429842614565
97596,0.18382264559700412
15372,0.017571912293400632
71980,0.34307486261377973
8007,0.9369351499732794
5142,0.5554434216189861
76923,0.3360414155463339
32475,0.06130177276533346
29178,0.6536203151819184
43300,0.9991293628189447
105217,0.9971851825547157
90316,0.18398131841042376
48026,0.9949886872851765
27332,0.5297760015232463
105230,0.5995676475940214
97829,0.2361326456046864
99198,0.11408988497789202
53937,0.19138896005652195
44244,0.9998892135866125
95415,0.7847021064172817
83331,0.20665047681097654
83346,0.6519542516971947
82768,0.14302865679426258
34756,0.6507379944665979
26171,0.19595316294784232
50245,0.6926299618214209
42457,0.2311356580012564
50373,0.14364050636535824
28575,0.6364129596500391
91319,0.929526912035993
68711,0.7800703168895224
25464,0.7501547178910157
101221,0.4892245801085811
12830,0.933209147825982
88138,0.13252362233159615
72978,0.9974664158291449
103836,0.0038757702493041365
66988,0.405395057932186
85081,0.11601120782469998
73508,0.0324544930457835
91178,0.7317613729111551
9724,0.24038768988467862
38974,0.2166533895429003
3592,0.5832847087102373
61440,0.17238688260990565
86583,0.2876171327339216
106458,0.2807032574038044
13015,0.4253140678244202
21510,0.06315337888254127
48484,0.9435535549292764
104183,0.31359549587739804
71906,0.4999462386062913
59569,0.1591589520428917
60361,0.49848982030171807
2057,0.0229516515245325
17177,0.9996598043292142
62283,0.6345857815581116
52036,0.8896348510210697
7523,0.19415059736720014
33337,0.9824374947933635
107091,0.9995610135220724
63922,0.24586068399107086
54527,0.21118342003034385
52444,0.7924842463403583
20137,0.3175525023153709
38681,0.7646743144298291
97847,0.15763482500033116
84840,0.4694475022005803
55970,0.21265767577933903
41342,0.53314661990763
59140,0.9906221267867242
66421,0.3079452005381128
8148,0.18054476317700097
104694,0.3512788409226504
40263,0.00909462993219155
31403,0.982419648683667
58366,0.780298896679718
13510,0.5747615149668903
10521,0.21220010397307937
62092,0.9655373646604494
4466,0.37809994373064
55710,0.3629795246941455
62393,0.907349769985316
29986,0.6424503736993477
41376,0.4922385969314833
49512,0.6334210917266444
74880,0.9864959921650555
100373,0.9706483352868297
88792,0.12908323901855373
102491,0.6988092330047045
42734,0.23937133038052266
51057,0.06068327771899997
83560,0.9990502179663973
48485,0.1669217867065536
52786,0.3848557355583528
20893,0.34832811241914163
30127,0.9999845663588477
107087,0.999959465772199
76504,0.14375228258547645
41143,0.06736625126432227
6901,0.5989308583938857
22673,0.15452571944118065
60889,0.12807780891190673
105169,0.9231634720873436
95140,0.05875696353303694
63297,0.5416259940525774
106392,0.11819980408841563
88395,0.7252027899491855
102557,0.09927244029713544
23934,0.7512306245713534
82077,0.8235447894407544
11249,0.995814677945022
49965,0.7006947489444566
73811,0.14964077466267428
48603,0.6026566816470526
45876,0.9757047417186758
48268,0.1840329490424834
79541,0.6796436050353161
58721,0.051227689988024475
16201,0.07961494881556391
97864,0.05826044222772069
89613,0.8110441177364553
42372,0.24124699053349463
38734,0.8968605205210038
37127,0.9908044656410748
54144,0.2523975661768675
91637,0.8881881643343312
47504,0.5811973524217248
21559,0.18173897602429856
10931,0.558067672138155
93217,0.8229127434283664
21914,0.45760874047554323
10161,0.7118037494223172
103111,0.11254944908370251
79662,0.9977747957469141
105156,0.2621820274727798
85806,0.14931441945981905
44614,0.7974014100646287
41219,0.29459008224306554
71606,0.14991933822056636
95894,0.739454305538954
80629,0.4909860719885329
23741,0.00968612386779958
87653,0.6386145947995224
51403,0.5683774086912651
87417,0.9025894066034148
100308,0.505566790546566
35312,0.9674610339443958
25292,0.5699956053780874
74924,0.5341908887896412
32872,0.6756825032772144
30911,0.49779297943719863
101341,0.13510178049520022
104179,0.24879055310421977
63203,0.017610132683008976
50326,0.40173318368159966
105499,0.8985260641671272
10766,0.723401862972145
1285,0.8805603163453882
51132,0.440787644215834
6558,0.19085156307837153
37407,0.18101237317652663
37418,0.5703750032715826
27612,0.2898495054418475
54642,0.19202955628726393
66683,0.22888496772610634
11716,0.003610501712395452
55668,0.019562851866216195
105308,0.8439253147275071
17721,0.9470773501262537
15348,0.21207941687080945
84198,0.3595436051194031
87057,0.8201104334001693
43591,0.20944364665433596
82058,0.5326611272250843
103957,0.3002937186335537
71609,0.13549657018553785
71336,0.1841765664003021
3950,0.47682590861592616
95071,0.030305520457276462
7367,0.6038286870980831
67381,0.03322799759222761
94939,0.35059682265282766
27144,0.08451096418969795
65879,0.13856129110734838
28707,0.9999964600780162
103783,0.17050819363661646
1633,0.11299516270724297
3921,0.9976662123344233
59606,0.19481639465889833
56268,0.98857945006178
52884,0.9347922707809726
534,0.8491257929128815
32921,0.16951680759636872
75744,0.5040944026565659
53067,0.7049496025065264
61464,0.9897680766702507
34755,0.15886911982785845
9339,0.7153828866994961
78018,0.14842314111724086
46704,0.470010720232729
47227,0.5947977472404821
49061,0.7640782088818259
34870,0.26942981242806285
8242,0.8069221148320228
93720,0.40732325455763274
100551,0.2771389281084536
9180,0.2563876825252466
76741,0.03295391209446063
4263,0.8913976312048529
24905,0.07172996285625406
5098,0.5683428628430863
66297,0.16661999219898865
40786,0.536089174028993
84270,0.5908185842898405
47703,0.8422471221098398
98906,0.4557824958827561
51148,0.006928780442310702
81097,0.9974149683181843
7699,0.08250483283921445
25472,0.8272254897970095
25664,0.09460252724590823
64195,0.12354920269662417
78344,0.9526128543980434
97718,0.5960074655786792
37288,0.1279026800248143
3645,0.2754573566945633
48948,0.4695232413021197
72958,0.96014295062602
16042,0.9997350552294024
71646,0.02945784463882743
85711,0.43389020674277307
100769,0.11580949041386374
65382,0.5171476820358174
73602,0.9814818470389849
4202,0.20859262148143376
22149,0.9784861904205
40010,0.9064556903084426
27650,0.6935931131726303
100452,0.7062807887821457
80137,0.2802652079819854
28510,0.1461487582940823
7165,0.14632249667945835
101807,0.11401344655521256
39464,0.059811892328942025
75805,0.13622491154496935
91920,0.18058207574213897
39745,0.6512496059295703
82288,0.4266091814324391
102738,0.7747707063965823
45685,0.2544474706438229
41576,0.6895710466435846
62792,0.12050743908066619
55996,0.9943725627999312
47448,0.6607313626084867
75224,0.030871156322609967
9998,0.5909004354152984
66460,0.05346872815693681
11277,0.03152553659609982
106840,0.3963311274787717
13405,0.18303830506328994
56969,0.1715257498791538
9838,0.24559671875730338
35955,0.5639790014488896
25532,0.13462941083159574
21441,0.5890626465256451
9503,0.9265838058782694
8880,0.3097838085929846
16314,0.9472862637475656
59726,0.35243553295581537
86100,0.16777272979402774
82970,0.2075128879128108
39111,0.031911901055266
87080,0.582581248813699
76817,0.7626379001579235
43078,0.30932699560486787
67620,0.13615111879779462
24319,0.08476178743553048
79643,0.0361206320839611
73709,0.20427933873634635
95459,0.9991615956885471
96430,0.4242265885651794
16801,0.8848786627112832
46047,0.9844577818252456
55978,0.0194803191808787
27843,0.711606836862066
34122,0.026481461960243292
43576,0.4931222737661422
83429,0.096801166906895
1778,0.12286218317258929
67745,0.9729555225103756
21855,0.2508471218465277
61740,0.5854431087054995
103793,0.5440950733153479
15920,0.1845497990547697
67490,0.19044795321669578
15756,0.8989285141496994
916,0.018494982948836905
69333,0.6984472467597613
157,0.20204637752853377
56053,0.06969649679220183
96323,0.06921026646674507
35005,0.33497496701727253
12926,0.31937113399216754
42523,0.41667519946371373
78491,0.19769128530323016
36954,0.6518593758135804
20095,0.3086645392610502
27457,0.9767324763317402
37067,0.049464448894224966
98125,0.9221372415903925
98454,0.7623139393217703
1655,0.3302051592447654
53739,0.19871115240740578
37825,0.7247515834448814
77336,0.6587163284860894
84582,0.18172483078745316
67061,0.0974555056385289
3584,0.034854373167241805
90723,0.4705547632054812
65421,0.7131455477049398
84127,0.22163637670565184
75622,0.15366768353395033
42404,0.4203067628662595
79522,0.6584903488622839
72976,0.8088695054739774
14077,0.6559230578457542
93324,0.08939537093478972
62303,0.6480113844508189
74728,0.1839777350465357
73053,0.7075340180431628
18672,0.31886542838514986
107162,0.5247618059727789
68611,0.3613025805125479
97984,0.3206130760034958
64440,0.6207388214496565
106360,0.7561451601352689
12252,0.41494350197435176
68088,0.17729043265009903
59223,0.6270252296918586
7341,0.0693808213579335
52311,0.8748749755314822
92580,0.051671847564418956
15850,0.2725568989038753
47112,0.48643760321713436
17840,0.3439858903576054
63433,0.27196899140808756
30976,0.16926936339597326
59214,0.5866579463092002
11767,0.1012122530131348
2569,0.49232420915250935
34246,0.10360842519118207
68725,0.5753858407215006
38118,0.9731758849668025
28619,0.6772949740157761
28721,0.6061082560956552
56811,0.18787348001772652
32609,0.19466944891310922
98733,0.8709972727969233
60450,0.9981363461442794
42416,0.2690237019570083
63694,0.018039246894978773
70553,0.01922892171335301
22850,0.9133056278452115
48756,0.275313842507927
57246,0.059626236414067474
104854,0.1832093490265047
100932,0.9997538563871298
1125,0.14885902901555603
39762,0.7708677679723233
52919,0.7314522338781251
29817,0.37815343363622733
101696,0.5505857580321011
5808,0.099652623456077
67597,0.40013325790341825
104055,0.9999599916007667
46600,0.09556564613513924
97440,0.3007482019828496
58768,0.5990022005533301
35074,0.1498809707908751
99450,0.4395548913089809
68486,0.1865838244502132
33665,0.11195058211312764
52918,0.9500003160489882
90284,0.11669258553427686
101159,0.08875729519812176
135,0.9714114348671747
38045,0.3604807152613409
56648,0.045183269554224297
36159,0.03051103665229683
64225,0.13045148310844912
92833,0.10361106576936735
4591,0.9716292573011386
33095,0.5068730811382334
83857,0.5616517904377278
103262,0.6794081067110792
96494,0.7100848504808515
28081,0.39139325281206827
56014,0.22430865331597616
68780,0.5937411158794518
61532,0.8744393498599722
72605,0.05805255714254078
69316,0.8325557339729739
93904,0.784351669881588
2934,0.7996459428604881
1878,0.8212594705390391
85705,0.21394404965032465
91577,0.5089062371587458
7250,0.66432103112848
48804,0.737442428339641
95013,0.9869004110696254
50457,0.16708596459686031
46414,0.5806224221408653
3284,0.9998053066721097
71376,0.6366692432514717
44493,0.021965150056233975
81588,0.1143072769557964
8994,0.3886225757528247
17124,0.8133256805852633
55422,0.2763147284412919
11562,0.5400441454850445
12086,0.8700734804610952
80526,0.05154077260376356
40115,0.35533164343961954
102586,0.30997516370920797
53343,0.14281305025275526
70382,0.07097662198138811
22615,0.5174339015281411
42924,0.2215056163122346
86601,0.057567774756511536
40393,0.9999292202083997
102281,0.7022062889390301
44481,0.003158608979307849
101276,0.9610824469245656
23296,0.9962646634642514
17649,0.20246947931997933
67509,0.980007106772292
32363,0.13257798596167836
89440,0.9960272385397194
91099,0.9793491514389532
80637,0.08327986240956797
85526,0.9999990530701711
82456,0.07889607799082066
84242,0.213985418049571
16361,0.08564034368002221
102119,0.6561414858059526
68479,0.9351463486007089
67209,0.9999794238408775
18542,0.15840048353373054
92854,0.8752175339869539
93243,0.18282438362112913
91451,0.17206698681625526
5295,0.027744141121344504
60797,0.5908744915212393
38001,0.9997624870803247
94119,0.5675295612906308
57684,0.964156450749038
73427,0.7295128167900045
65312,0.22479924886507557
79589,0.17180819062993324
56257,0.14334968824073374
103145,0.12603124122075382
56980,0.058041363287966316
15829,0.7767484043101058
6905,0.03374577068009751
57594,0.2714416653185733
63118,0.44075160555974396
10383,0.7198113875070487
50890,0.15994023824439202
73451,0.8946672300993727
75946,0.9987462906442852
15132,0.7338233357828857
10636,0.6790579837108912
70920,0.9962633429783444
29213,0.21944518477168617
92386,0.21019798897820968
76339,0.1835685822808808
76246,0.14397860701062298
99785,0.05405224147618411
89465,0.9941349163474439
55918,0.9847763331162421
45899,0.027354576322661375
39400,0.2326831728453584
17310,0.9771030592383618
31284,0.9612039190828544
55262,0.15798904277632042
40292,0.16084846644198536
10063,0.042212961494669674
96989,0.27529802257507735
69908,0.0027663615137211318
27525,0.668277981533116
23382,0.2674796763639908
22213,0.13815502597685442
75722,0.3383971155929399
100231,0.31840179137439206
43606,0.30379283175693095
697,0.8440594809671389
18823,0.9970912113372964
94353,0.49798804527105217
14417,0.37736336724369246
87023,0.919659013113689
20149,0.1548424464314751
42557,0.33934734097973596
68970,0.9673889051235386
63926,0.6489857075437052
88152,0.01884435790541304
12998,0.05612870228728018
57911,0.9345655416820317
94631,0.9894527141894186
14833,0.4925833080039143
69160,0.1104601319848671
26277,0.40636361792448394
10398,0.7669831357295297
106582,0.8100326100932413
51161,0.7707293826944095
11660,0.022910902731193526
84105,0.34429109922265877
44266,0.7319275301033835
20714,0.16179027766264087
40284,0.5081344371599105
29765,0.30320396252791576
21739,0.4604390021184943
57896,0.7172044714491758
98889,0.9687550719610953
21034,0.06017734574096468
93075,0.006805934278658702
39388,0.18331095699088862
34445,0.16648118415624608
89148,0.12289940344681521
100822,0.9824425377018441
87616,0.9857814859294228
43267,0.37858029210704336
77726,0.4306736293913568
74819,0.24684314604762425
34091,0.07214884865047731
36160,0.9064700720158736
16567,0.6493694766648594
36427,0.9978939972474152
89343,0.762579659261976
5236,0.5621053895571136
19656,0.6092661584173593
17120,0.08943771560659242
78119,0.8481959674974344
67326,0.28442078195847775
56988,0.0043720409092999155
42774,0.13419962116479045
4252,0.14186461487789992
45036,0.25470517194317643
93503,0.10428948080460088
36503,0.9422314124143079
6668,0.9293249163251056
56927,0.3067795871200101
91031,0.056108545920822206
38040,0.13404718324129272
8788,0.26524467327479057
44341,0.9554813188334306
30446,0.462014510008511
22399,0.23830301631796202
19626,0.4322665488096587
57714,0.7507455835142067
106679,0.3840047537351774
101317,0.2148876640168692
11638,0.23628198098060021
80259,0.28345230779765507
43094,0.8445595009378957
97482,0.8282242590799589
97261,0.9970570114885392
56527,0.38775266349774207
66716,0.05559150952118672
75174,0.463650616008415
80517,0.05936152582985652
96147,0.9561130550024773
73544,0.12222023600161641
101381,0.9108255115408352
5786,0.017675144447924337
11843,0.37544399184858107
13605,0.8413071579084056
15923,0.44981637990503054
78457,0.009846269545615455
89640,0.249427578045127
61076,0.07063342728310382
65399,0.7191669349783263
21070,0.10057157355718271
13288,0.5780403203139266
92767,0.17933505792605903
88463,0.3175027870457068
5771,0.2538416012366447
52482,0.11227907129858555
52211,0.018217050209744817
35699,0.14209718194124543
82819,0.6320200486520713
58323,0.47944020734196424
79455,0.5422025366311711
101021,0.11385525708236122
101900,0.03751841906295355
100855,0.06378717247763958
48913,0.1875236074847188
8422,0.18344276433743611
21591,0.18149075562731803
68410,0.9757288720352654
82562,0.4764603367656287
20162,0.8661868588697982
35733,0.9571613938581538
83896,0.03541995430805163
79445,0.8390225627730615
87804,0.054477139723048545
17189,0.01319467037572739
23028,0.12222547797777367
14654,0.3002481899370991
43912,0.7411963773036092
105665,0.3161554865305511
81324,0.6581598408027298
37554,0.0813740090746623
65714,0.04807977659409584
80642,0.5777835126346653
24924,0.9984522931606024
104113,0.261733421931458
97902,0.3793026406652245
32324,0.05814011862845848
46628,0.20852466596754987
22477,0.018845268814070826
26253,0.06847526682287672
59764,0.0030255371478334807
74929,0.5637887152891655
62838,0.7090712991971726
41245,0.8893734955094008
106914,0.1163164557579352
38662,0.9986741692664104
83189,0.06686006753996628
77736,0.20301344165574453
60421,0.8894625752636831
12258,0.3087872592789427
47169,0.696082629400494
56070,0.008323507062461948
99194,0.29261786659734657
104296,0.04609726096092388
90967,0.7194417046484479
50117,0.36379854742666495
4203,0.16921654276376547
44757,0.5130102025389177
78023,0.9792743573611818
100320,0.10663896118851085
40426,0.19917463878229957
40344,0.6086057055962347
20063,0.2509665272651813
94130,0.5871618736328182
34724,0.13400193344007022
100774,0.11813276463169087
2965,0.5565573539984096
71324,0.687203496626149
46590,0.21786725584748423
17034,0.3052028947063695
14757,0.11393492989328213
72404,0.47331364822131783
26576,0.5400395497366206
17312,0.037377827994351014
95378,0.6399573385890731
77843,0.7556379375118054
88236,0.03613968278591925
15364,0.13761011938551349
104748,0.7591753406351974
20900,0.1421964804715935
93581,0.8876906720404405
71,0.9547290083120523
80931,0.4391809599504979
40609,0.8773365627962029
93206,0.20818597296426172
94585,0.4673443680018769
41345,0.5469554358826499
93711,0.9398615158966688
3892,0.17363559545589097
29616,0.9846180146026352
39536,0.13185702334931648
9635,0.5865083271499381
26716,0.16936560174791515
96815,0.3467138227286513
37465,0.36442759626172183
64776,0.304806330769939
55191,0.5873528559235979
49384,0.358084545235773
98150,0.5717771205660163
5983,0.9986616583689178
55979,0.07069285464239984
54609,0.23858661999967645
32907,0.6788230210859769
90159,0.8814038979358083
81811,0.13519891413534912
7903,0.16536994106273267
82655,0.3663859731826446
28323,0.6924797773756004
100157,0.12433339954858963
14820,0.23405142112341404
68270,0.4823226046431197
29311,0.31180674587636714
24196,0.2241419091238056
38767,0.9999790102378147
5309,0.05472197885925113
24604,0.973822767404649
15359,0.47741347341593193
25016,0.1840007739807833
34009,0.7104453580523984
59027,0.768317541796531
31696,0.605422668415043
69253,0.7797600926770025
74784,0.03616763554310658
77584,0.8116526506128998
16787,0.2865235791000585
42800,0.006741715949303319
86632,0.5483334236969338
3360,0.13328231428517356
74757,0.2838152321663614
105540,0.5147218400810214
59718,0.4074622799732675
1718,0.903666576862092
31278,0.9989254261003003
21179,0.2954139038231382
90986,0.7551388010598036
47055,0.14516576207453902
100970,0.7361335734232226
88689,0.34119130333094116
25021,0.342879712267659
42462,0.37047257134858175
47329,0.3581258011441064
5460,0.9476951699127956
21478,0.7558650919648653
21844,0.5044535112171581
77282,0.13425992314905877
66671,0.9997590420262329
56501,0.910925523332385
60408,0.3385027109331916
37442,0.7818641523433683
65504,0.519215905818102
94680,0.3245670395784465
25638,0.7481508172963274
26857,0.1705839610605377
30161,0.34554729149077135
19249,0.4980616578145739
19272,0.8597660974407244
101223,0.3635887855832376
25996,0.04660046607154221
74216,0.27125225453167223
7180,0.264028315913524
68770,0.7075648452897585
6169,0.9999993363147548
78728,0.12173029044853156
8912,0.1893318667068699
44692,0.412925191249422
5796,0.04862353033615583
96444,0.3902414676901289
22025,0.09765311079124706
67542,0.9910211386566786
39829,0.8291111949678571
63480,0.16488377447945196
24746,0.3620871130938845
8869,0.9946762944784474
28270,0.5690338148263275
17620,0.442426346564666
63764,0.10719344829263255
63645,0.040321762376849174
94642,0.5621107570371827
76334,0.043104037433552816
75870,0.03993109969331512
34423,0.3002514033811703
39206,0.43558612952050946
52695,0.5292955992907066
44667,0.6873098627421064
93087,0.4787257831220765
82078,0.1272785144340311
38856,0.27788474139582353
44589,0.9609081534738021
54968,0.1552415951682219
53493,0.22743319811223728
94457,0.11866115065843197
20758,0.8344914351323693
76530,0.7329286760932517
97913,0.5994288710283522
107013,0.10695242815697337
82356,0.14086859639521976
21399,0.8898382400832179
58494,0.433572183852066
37976,0.21305580777747335
61479,0.25639689570865665
2431,0.7926857979774842
62209,0.34820695040964855
15426,0.1562100125398615
94139,0.6145971807810084
13017,0.9999573788464328
82215,0.9767305019158751
56462,0.010200000350143843
33241,0.0574098300622628
47577,0.09802054106112251
82529,0.4454407789379327
51906,0.5695966315048792
90797,0.36457388311781846
98464,0.7232768331931182
38836,0.9999565067810908
82556,0.01005533476911344
54209,0.99495308099006
71204,0.8272588025135961
89986,0.9679994200498543
9441,0.017118025138140962
2382,0.3066318642250908
97624,0.9419441078954502
64522,0.4227026593319477
62720,0.2714446491593117
63260,0.9737920728629861
46366,0.2540841943138083
20018,0.9291974764549876
95759,0.7756751787808597
41475,0.9275057605534153
22357,0.9396612346637222
27428,0.8108701510913241
27990,0.06164884720208914
54772,0.9970777054338588
24712,0.24605295918954018
7205,0.23734815781873647
12194,0.5518142164082818
100588,0.25712485910916927
66999,0.9657428343552803
47513,0.21416980889330545
103881,0.3417745730720133
92995,0.7278057123510734
63769,0.961490648857954
36527,0.12032148455167219
93808,0.14066920206901318
13250,0.9994679501820206
74570,0.3909092717771083
76458,0.7530032193374947
79467,0.3053794532417765
60931,0.8032541409996353
28392,0.4166912593485951
2066,0.2697540788079267
82596,0.8119394104888824
92902,0.7416654837464847
79623,0.8801816003844696
76197,0.5847764616699592
62060,0.4582407802103024
19675,0.6594334488854168
85056,0.9961796181041046
76790,0.5826839779281872
89036,0.727350088791185
105060,0.590224340241721
87598,0.32489576398451536
8811,0.1659073059924432
65186,0.8935913755130895
96504,0.14648841247035377
51370,0.33652905536707556
20954,0.15208299734475356
14384,0.7106609663828495
75075,0.9997242811809542
105486,0.5102827474466127
58219,0.5198940879238876
90856,0.7643093427558592
38246,0.42568677743816674
13794,0.06437486516460388
45460,0.06919782778130157
38350,0.9973930134595931
51286,0.24827268416043696
69129,0.03268947679617453
62307,0.8943289085534023
25937,0.8032636579108816
96685,0.38318225852213367
88296,0.16600161078103642
23100,0.7034661014954294
63373,0.839708518878424
30548,0.12407453607251356
57481,0.774149309934738
75015,0.8170162644737535
28009,0.16276039938636344
65271,0.44946867625687836
30923,0.7144733805949584
38234,0.06612217486387251
98658,0.12467186301060063
36138,0.23404794876422413
71234,0.5814479303611206
36834,0.18309211016527444
18327,0.0819695622167102
73897,0.5180980516672113
98523,0.8587820623975617
44093,0.2964117059582676
78230,0.4111642330823698
29537,0.9618453917517269
96994,0.41393804524242184
61463,0.1091755540974646
47503,0.9172124081875441
84628,0.0797969464194086
33697,0.18348611701570722
7664,0.9676989011508592
102577,0.7725342474547918
57598,0.3369450267422223
101337,0.21893641372807365
44242,0.9223793714988957
40509,0.9450061295317638
106230,0.37487943535818535
94979,0.7337960586285592
39277,0.9013955862001309
1103,0.092255422140606
52694,0.06467684944675711
98301,0.5512146285560944
45047,0.2097115487273693
92421,0.2008429628602602
63527,0.9999961053411094
99354,0.777772374991919
24653,0.0076863748169249315
3650,0.9461261716715538
92368,0.9133509333779708
31691,0.006927205931212654
99264,0.9978577427715803
70625,0.9423856776160976
59442,0.17494302483405583
36904,0.9818526447686344
76594,0.1688984142903825
51094,0.3027285238490979
54796,0.22248175421038047
16359,0.9682333085694231
43475,0.40809076077283063
14904,0.7307188246988053
18225,0.428786680402369
21746,0.9767384052911601
91365,0.19144825134768717
49509,0.9026096614062366
6862,0.9363155118428339
32973,0.40239140353074404
31736,0.5355133338003166
70198,0.5339666795286678
96185,0.051822729059801696
68163,0.5267465848206108
62480,0.7338090907884411
9796,0.8076518216299479
58856,0.28999775509377856
98594,0.505015283961418
48215,0.8858232350354542
41876,0.8894132828720857
55372,0.45725095521394143
53819,0.32601371774553306
40964,0.11131696144759973
39785,0.9770022715606321
84252,0.41744606164144055
24881,0.34945032154274214
59551,0.9108591720264401
94934,0.998957195055119
73316,0.22988822194734299
38688,0.41801217265484125
84428,0.9960341896472262
24959,0.0847548645242503
52262,0.10014199586967704
7973,0.9404070353306753
4535,0.8571103166202447
57248,0.3789161987096431
51268,0.13829743546297563
35606,0.11460012276851572
24109,0.5524982715851487
38380,0.10983655653806895
21466,0.9350885845331872
46404,0.05540206090258734
7629,0.17254554893483004
104026,0.9086496186035109
98556,0.2413148008250363
13492,0.04132149111259499
70499,0.9894126886346487
19664,0.7025311067441479
17732,0.3680853938699144
57639,0.35776976617883127
23925,0.9274159937321705
67036,0.039156711392688066
63907,0.16946164942345843
47528,0.7913747990413861
56591,0.32765946606523777
90598,0.10798506971826416
23272,0.021726699861403537
105984,0.9331213605835352
39878,0.34312168432734114
90430,0.1688760499062722
25496,0.08421962773260433
54257,0.028436316345345564
73962,0.9922024454533681
55229,0.9774266302253479
92703,0.9496683455923947
88087,0.2248156869707999
66877,0.06636030257285334
40634,0.3435725801331795
44284,0.5137823909386189
60860,0.28140087437360495
51419,0.967464790027329
7202,0.4275066841263288
31373,0.9412516969927496
19159,0.25418339033634574
56830,0.12170690242842619
4651,0.9593439492528689
32591,0.15159859403931475
66858,0.6379251868751346
104887,0.28805321441589377
21724,0.3750026994562971
2300,0.17729590123438482
87101,0.4442770031158829
63342,0.9376267470514764
60131,0.015592535957360498
41712,0.9152401747160718
67422,0.10042650401270597
41436,0.22907771087552053
96764,0.16904458811246964
22425,0.054459413743540165
14074,0.5327598743547675
40157,0.9141913614130693
79972,0.4076206143701563
73049,0.18190493108465794
21087,0.9555887650193502
15123,0.9944774783606108
62453,0.9948296182216395
11463,0.7188867884402913
20470,0.20108826991477702
14846,0.9987596541674455
84401,0.12087410655648784
55485,0.094067259856012
58853,0.15620612947452356
76432,0.19290454040316973
11042,0.1444557976324513
21945,0.3432192254271008
66300,0.9990122930848464
99439,0.32902729016846133
103587,0.7865114932119905
25155,0.5152985937736995
55318,0.7471092601099292
552,0.11072561239322787
13676,0.9509947630245504
8550,0.5743695257679267
69830,0.9964665890753808
17051,0.20284021383009027
67049,0.5778127624622899
17302,0.923099304364214
60304,0.9578775635251396
37252,0.2001111746518105
68955,0.6494939567826339
22759,0.09986930001678984
101744,0.6363796654809981
88006,0.06334450361118862
84681,0.873333771055778
40573,0.8830949390769739
38144,0.44758671483300366
99086,0.9769526552613436
62729,0.9987395159405872
43599,0.18545033345310125
43628,0.07422970559416214
4299,0.22594767254103665
57146,0.8740698475814748
104464,0.11660523715742782
17001,0.6156073615595763
50131,0.4780122879229809
20091,0.19130411298741845
40732,0.5262449178753048
52880,0.2096265271123166
60414,0.6390530038520832
104612,0.1045847335750017
46476,0.012415235629683429
100335,0.24883912747311326
66799,0.04848267950857928
56503,0.9240751648620009
31616,0.9293425710092417
10889,0.8430169085578798
88749,0.10400415366375976
8157,0.8836314942034813
51234,0.21334044886333364
452,0.14277983954140133
102601,0.4549549136468226
58299,0.5445148341747847
71493,0.10731416017414308
28453,0.339616707997477
86185,0.9329663416660584
77641,0.20992510170289996
83232,0.7144328922534273
6003,0.35804585054728066
30076,0.4118748510771
100000,0.7067120236414104
65002,0.4482434971228536
105207,0.008358408897940834
36824,0.4548361335019943
1634,0.7269379086114824
105978,0.11870113848016056
60831,0.9139187846446322
31530,0.8857144939347045
8745,0.9977027548575493
52151,0.19101008037631773
23481,0.9023705523672558
100706,0.027443388385250837
31785,0.39750758210996673
73638,0.5791783932657154
30514,0.2017428303305302
95942,0.9662872909315603
101397,0.13052910470861862
29352,0.5538949453736166
78898,0.35112196206080526
72271,0.8706593866405044
21124,0.871282383948331
73922,0.35741118571441277
17687,0.36071703193698795
20103,0.5184811606769676
42805,0.15041464527911302
70994,0.6735036656824627
35768,0.6440165438968872
94034,0.1212959245864968
22971,0.03570632707757094
72373,0.6384136964626019
105008,0.35112248148538805
64388,0.8231118431550414
27709,0.5200595026389664
63655,0.9998660947177966
62981,0.4869558742754292
57133,0.4291525886871647
80257,0.9295856345692596
52226,0.9624339544285807
30023,0.5834521059605694
60731,0.8562122467897508
105408,0.5605434355850072
37988,0.10829983073548038
12743,0.8832675698922257
104293,0.6319525629888258
86318,0.9842318422762839
13853,0.9707311509887382
71228,0.7532703958947382
61309,0.6482369119713379
2561,0.6232653561186382
88497,0.8943914159271326
47812,0.32023066124783783
49097,0.8605831561173996
56769,0.9731691371282075
1636,0.23977158440985513
43807,0.08104604505449303
71529,0.02347194779333304
17792,0.9490331511993986
29051,0.9600180337042253
16886,0.5990351168418566
93546,0.03802960919520444
100085,0.6043262801797539
57120,0.18518258241242397
9226,0.024667055906548958
40121,0.2355700658101611
39123,0.9997863660673519
5065,0.2517954113663152
39749,0.9969427233806176
44240,0.8772633617510974
15753,0.8654597987245656
102695,0.2602542985812223
96922,0.09876140334147587
84376,0.8765447980172092
6971,0.7217204507147319
69532,0.8807493810248359
21552,0.7351039003872909
96626,0.2805354004055653
68507,0.030109051668416882
91522,0.6204794222610623
58877,0.23542257380148007
12209,0.9951735157132715
14153,0.9994483143999713
87985,0.8961369963309251
12308,0.9447729759806797
80234,0.18618960818631664
89301,0.9762162490870699
31424,0.7148821008952008
75706,0.8446204530265364
17126,0.6230693140937966
48742,0.9260978394877049
91497,0.6105775448164381
68297,0.5879679870811574
95310,0.9988063002165909
26060,0.39919965054062484
70451,0.5126418793825921
798,0.6529067565211958
93850,0.012632757168821512
25018,0.09987707543152852
22400,0.9961663532388171
22174,0.22827958275394666
13391,0.530562159226898
54791,0.9768903320578303
2642,0.026652747524008952
67213,0.970439831473047
27889,0.05366303526054836
87372,0.9797461555100117
100776,0.6261044098960737
39723,0.16893611812988363
103809,0.26193545334043955
51725,0.8818971844885573
67129,0.4107613686936233
87060,0.5591183296218363
96530,0.31721136034657954
40302,0.9841606999231208
24038,0.2633182614446251
34258,0.29260266419147907
106629,0.9969467304174265
15543,0.0029219515977250555
87383,0.13682953453894497
1015,0.4078349361668252
97485,0.6435388164484712
67644,0.3464709614634237
66203,0.9475581866303053
84154,0.9527834298502985
24414,0.05297799633131241
56141,0.15146986925569622
75383,0.30038737740505206
53768,0.1799736598470833
28929,0.6602069836940736
23852,0.07025018741428106
1297,0.22211572366004867
73347,0.07213263187613836
52950,0.18699300348422943
10811,0.034378572609822154
58896,0.999924391565235
68070,0.4840169291402644
64562,0.02540819738324045
102229,0.33944148242494293
100812,0.41256915460969756
49250,0.7603113397208057
13035,0.4844543879106545
45861,0.48538843537607623
43825,0.11888736089925911
79567,0.32843954546106224
21486,0.32267436391794946
3324,0.10244463907473517
107164,0.2171911543606207
26780,0.25531007032049313
77676,0.16280876989241377
56804,0.9953613983455729
77658,0.16381504574947292
73143,0.6210997190177543
96275,0.1389204325721674
41414,0.12372417294202331
48807,0.9986222229638555
69427,0.8209333748690525
139,0.5638167315790394
37206,0.44249416894090043
30436,0.9973659033982369
17017,0.05240293979890956
23718,0.07751014200189937
55378,0.3969813380415476
4892,0.2934017784223463
16589,0.04418061205064653
18204,0.10671234748573821
8205,0.2143280931705101
56744,0.3000573392560941
8053,0.07272678501917247
85850,0.2060303713650835
17765,0.7113742771653903
65323,0.9837188784730971
38352,0.9925531325106044
22841,0.4590779850137462
79699,0.983330915463047
14831,0.16807708062189836
28240,0.25272467307994784
12536,0.7722254614841831
44152,0.5808105447887585
66864,0.23324147315661709
49004,0.9526481319318791
105381,0.9990980019644757
85548,0.8886754196059972
36613,0.9983878796953402
86481,0.4910770415946105
10075,0.21898013336188477
54197,0.6575028741046267
70970,0.21138627983797448
55435,0.5975901340443923
83324,0.03530496897072759
66816,0.4514997233163184
48267,0.21306661814715644
36636,0.9332144887855833
72138,0.8212434004379698
57278,0.13654750922307257
71659,0.39200899193821737
102210,0.9000955607900214
39170,0.47417873665938687
10423,0.5432478635717569
1630,0.17973093871949325
52409,0.17185170094561597
74633,0.12102323378489804
23859,0.07965514573585902
94716,0.33923718192238583
70644,0.428191270010178
74105,0.4265753576417718
106755,0.4085819512076586
42476,0.14419686129062131
27598,0.06438484210611853
38586,0.1596009226662986
45556,0.8762657399815668
62264,0.09307236127348228
10318,0.8379309284984369
78770,0.7393504963276367
80509,0.6102949387589507
58271,0.8178688215704684
74134,0.9726605715209526
99903,0.3411838241880367
82988,0.19165881086465536
95205,0.17970161102504267
95741,0.008206272925641727
80661,0.4395808119643275
94682,0.25842790525255444
56607,0.1559830172237151
92900,0.6248430329307442
96137,0.2958052080094631
94344,0.8224018133639941
27722,0.9362150618064204
80310,0.9613384935540841
922,0.22816254166677064
25571,0.27450870964672774
58516,0.9990087234001456
106511,0.02207819066561214
52788,0.2241540744652062
105406,0.4093855946901795
88057,0.7720778857807339
29097,0.01726953606151302
34909,0.9999862194451921
75042,0.15641482008400326
11886,0.8947302007240372
89965,0.8999357214713721
48375,0.8728423438630031
96484,0.6382154404088589
70676,0.5744672393929628
83287,0.5842468468597021
102033,0.9999938067153339
1765,0.6948795311025918
96066,0.9965964222226235
89316,0.5062156260631349
626,0.7461815210714455
60314,0.5612192529842709
85348,0.4410478837177958
29251,0.051933398498788995
48886,0.8527119406326118
57687,0.16195122490337538
31118,0.054854330935099234
28689,0.17190408971319127
92961,0.36292120591415733
16310,0.33296667412329245
44436,0.05422949583056427
70378,0.42498956365849316
39568,0.3294882900483427
27441,0.9555459503896419
28939,0.1425122739490286
43110,0.5738626840333076
9082,0.8129806165377078
104837,0.31615001517919966
75890,0.6284011882087512
3688,0.36402201532010947
53825,0.09079426227376092
62324,0.6641868472563468
103507,0.21076960733426137
106541,0.29211451809479727
97431,0.22472269558064673
93525,0.9945689193752645
55075,0.7145695167963207
98795,0.34626847133540073
71928,0.5829291589880847
58959,0.6550397130307025
68242,0.02174498233067303
94908,0.3703734118678503
3244,0.026266538077957625
103068,0.4085647437711965
2925,0.192343354524871
34196,0.7170245698442246
91161,0.10744189025658707
94596,0.801439493379289
78960,0.48872904950202634
55380,0.09921971875686103
33881,0.19858348541224868
71565,0.9349551083029511
11832,0.16763678614691607
85390,0.364362022714663
50684,0.35742961445870247
99934,0.628762253186699
77377,0.16372636139412405
76935,0.3368784861942965
104175,0.2491043822530598
12528,0.473242326553546
75265,0.44201818322191233
95712,0.6527842405312367
65433,0.3828420482357655
10431,0.29250754480171937
51297,0.699498667467552
90393,0.05725178850217095
487,0.029869566317372313
104511,0.09722412800259311
89320,0.7846746358815886
46443,0.17740693807285235
93423,0.3421073346345233
38846,0.742407828918646
44979,0.25080530290431624
73142,0.6546490221864529
69730,0.26039591225351566
6899,0.16929607854211787
78210,0.2114803439774941
69950,0.05701770134203559
45936,0.8230840278389245
105329,0.07391971558446508
106726,0.8390789921550064
69820,0.1623659821551383
87051,0.9342695128861646
7554,0.32833228182710306
88367,0.11585528484636404
36258,0.9990031817886473
24848,0.1562873730246922
25340,0.3048023441627742
76019,0.5904034258120321
49687,0.21882546514580592
103964,0.7159623527113703
24116,0.3592054299274292
89840,0.1881859183107743
55265,0.6833469083524926
21513,0.8924526356273332
14011,0.4931101691803283
74797,0.158330444985688
106509,0.8900942151262432
31239,0.4316923922668746
77948,0.9633229360053923
31083,0.9996612967704789
71017,0.2589670930743278
58123,0.9889321935948957
86986,0.15927724620978906
90834,0.9551965265388005
28049,0.9416790032395739
23547,0.9993717972308366
101750,0.38130670319154997
79995,0.33552623905161416
69207,0.9613447781830997
30465,0.352987983183221
60786,0.6090383339818176
84190,0.019117216142141378
14807,0.08543489876815408
90045,0.24328327725163235
38429,0.8661036686623375
14622,0.3367462037353719
44434,0.5254469212793889
64333,0.32158890178682675
95306,0.5768297843772501
26137,0.2476930381029412
76680,0.9703770627957763
27861,0.456776316201552
76113,0.9668938829146643
99383,0.015227315947000105
67210,0.9539363920041098
106836,0.7229742775254486
83887,0.5044603746917709
92123,0.32280450685980877
12806,0.9908510838796347
49958,0.7303721574181197
41165,0.9999230650177745
102918,0.7583251612116727
59475,0.08163989680879719
55272,0.2300852757144543
45885,0.11578144796338524
8720,0.5446804160281105
22847,0.12492011709530254
18951,0.21137974420507505
76600,0.06646919513385713
70407,0.4871395430520749
80197,0.38679482371132834
89087,0.1120147669969489
38945,0.1150071250454256
48070,0.43202647296556596
80022,0.999997759950299
101121,0.7837627741228826
50475,0.8762977778598762
20313,0.8465708027015678
103960,0.8800610698484741
98087,0.9970106247590224
85487,0.7124503589287075
50001,0.007932704298297344
91222,0.43792165355510526
63071,0.084429448979561
42397,0.14327679656708597
45032,0.10260610727502922
37891,0.7689493781816523
3642,0.5146165310609745
32947,0.32890795260506267
37430,0.8893275742664504
76430,0.8222272259120453
39591,0.07924624759939469
66009,0.4949825623685672
45415,0.19016752991636776
70006,0.5149659358554902
57592,0.48501244364493573
1712,0.4671494112356887
4496,0.5134160416551905
72693,0.6546066430438079
62701,0.045275965042518775
94551,0.026726876245428695
54202,0.5318224960569674
1309,0.8174497570994618
84751,0.4511249608702359
71737,0.36421222719113217
31353,0.3059746923744593
27296,0.6389800171668604
32193,0.9957874795343503
72367,0.9395960952240179
13260,0.37720694837074814
75259,0.5476686121648748
1628,0.6899591436652757
35217,0.8299076817217741
5328,0.1711448826254071
10568,0.5374684491637624
79074,0.5771048268634746
17025,0.9244562306057382
99638,0.127930559776451
67734,0.9931939342886225
22777,0.7878438795810309
85719,0.7463069083481578
7506,0.4336444236387561
86728,0.24111818137229973
73467,0.9352246519291149
67086,0.1603872141673553
3107,0.9990886289264277
46597,0.7703318314983444
10922,0.3176356977682365
67556,0.010249232093472904
7441,0.7322106634485548
31089,0.7954365939933208
61601,0.8748911331729561
14847,0.0876301059061691
35697,0.6075791774603474
64197,0.1688525160376601
46963,0.0701466115350969
41147,0.03569226538407666
13811,0.8174558318222124
68928,0.9998786265818452
35308,0.4899994463057979
94983,0.5589107935744733
74508,0.4867407187005889
44931,0.8082928410637573
30960,0.154461745283811
91080,0.0660709855173049
49216,0.5976627658813288
34340,0.7174817372567779
75536,0.9807256368717103
76424,0.37612130278622535
105797,0.6217659701937531
76336,0.14040913539300248
34164,0.22548479481130612
91149,0.091389006233345
7162,0.2146479976310413
18604,0.013644458265053732
83905,0.07065962153430014
44615,0.039796111491298955
92168,0.948086328348277
5462,0.16755905266805154
85219,0.004387344784823653
26937,0.9845699371049614
10670,0.9989298255154052
57,0.4742660569885561
93177,0.2943492320454167
34485,0.35371867564697373
68925,0.5249419264779769
100142,0.9961458102836713
73993,0.9558388902607683
15790,0.08701534808240702
106598,0.23038226535243417
90142,0.44495821987816997
96949,0.9304583655251155
40049,0.40493708937243755
98288,0.08883974692513902
43452,0.06316585425759975
22569,0.09759195702511442
5611,0.4687908686599214
37750,0.9872169264311508
26421,0.9755096719605038
92422,0.5102914847406196
89352,0.5345114256718548
45761,0.3858101213602415
52232,0.12397554664202726
90421,0.9631259271007708
78709,0.9740468907250456
56320,0.9657312753516548
37763,0.7394338666986998
46567,0.43804143365533604
68911,0.6100673986720019
27099,0.14223026983068698
73795,0.9118771731627958
59380,0.19098174867171697
48205,0.7533730411178833
43413,0.9460116636611914
9655,0.4514916098389292
32377,0.21242748623821
30523,0.8635832660802845
64260,0.7226767923718603
12302,0.045809798984961785
69453,0.43442626471109186
62392,0.06710670906280104
78449,0.4974421675887008
52714,0.5402708594621881
87352,0.42423491819337333
61091,0.09487230974462668
63242,0.24211851425171843
66399,0.7117542525742623
54903,0.16750270630900088
67957,0.15318655932686526
88573,0.10627974835053344
42545,0.9979692722630176
17008,0.023081071702970656
87917,0.04055288613961209
23181,0.2054386700445192
95015,0.19194723720916224
4188,0.057191506916374736
72957,0.9843558364433981
98126,0.7853631551668272
73695,0.40746683202807377
86412,0.4282282481108344
87550,0.34194783846191135
98272,0.9992840898906852
105660,0.735107355278787
89434,0.6190273047375613
44125,0.34591707157034096
90837,0.09741172217455946
46442,0.7153669306720173
75672,0.12019624251194816
31938,0.9693347077982242
49532,0.13429158978416805
65836,0.7618677398887974
85029,0.8587408761717834
71793,0.14411545319109137
28148,0.14353248570426413
18266,0.9137145229552066
68352,0.4208151501713996
27061,0.1317611659194628
22985,0.2638366806060263
91305,0.35927670175131254
8795,0.1677243818248798
50663,0.1837051622178133
37397,0.051361334364014195
20058,0.27639038716328235
9312,0.9658158706100476
80532,0.35214189471165475
14830,0.01652209267186625
103737,0.11840169802954542
48438,0.049168210063369584
34089,0.9938900620821015
32605,0.2513599122635348
62126,0.08340861339351063
99398,0.3403911162608762
25307,0.7615597285305136
708,0.8159448958602595
65514,0.9404995403947294
61917,0.3526517515440058
70611,0.4630622395303714
20762,0.06582213837572112
64985,0.9105435154244119
93723,0.14628458376586673
61541,0.34511192021239445
29197,0.17015175820204448
79929,0.03581435625937388
22641,0.17135581242963838
92709,0.9409166448993008
38048,0.1270468547331705
7305,0.9014027299809031
21740,0.005041918868107612
85485,0.9739236289501879
3615,0.3823761148568918
11020,0.15099653677109282
25188,0.7938090427658735
43652,0.02626693020158664
36192,0.5413311237161265
75957,0.9571374537712823
88832,0.7846858265356564
60444,0.9785286542956726
89932,0.40064299273103166
94105,0.9069303179204922
4755,0.4095872152973916
41737,0.3213836549298683
79543,0.12641587975711005
5273,0.12812024408191236
68791,0.8844019645381465
60228,0.9911626610404208
61289,0.8062814430687673
18009,0.5645912130345973
1837,0.3059309755608246
79532,0.18235417990493208
55273,0.8967920753529304
21431,0.16337969793834012
64794,0.9778497174384174
81887,0.7779033700102329
17964,0.959945172955408
10972,0.3527356021851228
9294,0.02819769641824548
1983,0.37251878199257393
31490,0.11017084807364064
3548,0.5017693544899259
38711,0.35482306847405215
55591,0.21377313744061555
32376,0.4878317786920888
23684,0.0188241300275681
57874,0.9707864810211303
48713,0.09593616339192218
5106,0.08238414501526209
56224,0.9675428753244611
43354,0.9639741774222442
25836,0.5588901907782247
55845,0.32326478014265825
2588,0.7012261706512914
1845,0.9216019696986805
11254,0.058628792420221634
49014,0.842843829249486
59168,0.994775550364353
32158,0.9731066098214936
106482,0.9131842114256559
103536,0.9624887469809371
18105,0.28920055980496495
89530,0.18452960843475685
20602,0.9661486202939819
28623,0.27444045739941275
44630,0.023357301759338516
8252,0.9293154991075371
32280,0.9416704894376683
54952,0.6508105156335633
11378,0.919545928981212
57914,0.2909291094723556
31376,0.6104198856606815
26646,0.2674594140668758
55328,0.5641404390713446
5958,0.08865613883552304
63839,0.04939139127802381
69304,0.02439047286164532
3100,0.5384210390900311
37173,0.999208604204032
100453,0.7216172392851723
12253,0.8293104303998797
74226,0.44154619779975784
28495,0.8185705354113809
12372,0.5948684043643765
73968,0.19725398042330772
56212,0.25250688801594906
12655,0.13697989811157346
69853,0.39275041734680494
67111,0.8940630574224999
8325,0.669940438418635
91304,0.5614974810568987
93245,0.17514614697697184
17300,0.022054969009777863
17331,0.4135229297389016
6291,0.08641593036584355
14892,0.3228656605747482
103278,0.6606142921625247
97196,0.5995238356837425
26858,0.39972178204937847
34982,0.8625903150316634
74003,0.06904310715655546
29347,0.04578119521148684
21220,0.08119928242687596
82090,0.9996191249122008
41613,0.3456634843778632
64303,0.41454953278510626
22182,0.7550118561358439
13504,0.7562800095739453
106774,0.17319008932625357
97978,0.6733196979102043
39162,0.5188554746838974
90912,0.18739789377688026
103240,0.932906691533785
103157,0.8245065799052134
48423,0.08744423460373418
53055,0.47088818363168694
87595,0.6477764446781876
80780,0.016975069127832487
78794,0.14221125594354644
67805,0.935226762327079
60188,0.9320735605617871
67146,0.4762331157640242
52978,0.549174151096949
61623,0.1907797531466287
76558,0.2896529820998694
48118,0.19524582799271623
48547,0.22645340857964424
21302,0.8841204288878057
29500,0.026323949072948914
21585,0.9973609390749079
103436,0.1503830145772751
78681,0.33573722348559987
84602,0.1288427604265796
81342,0.9843106980597442
67363,0.38542477842608375
63318,0.9860444207931269
18802,0.4940069699488291
26594,0.04966574407708482
106701,0.5178798163564915
63187,0.20800528616279745
25393,0.4694967313055366
70867,0.028882173642362927
96689,0.7783251434498571
94172,0.9495173152788561
4913,0.8685291676647615
29337,0.3225345443579521
18759,0.9056216820508631
86816,0.9441201700616342
84442,0.9162471725082837
28896,0.9945873375194743
25659,0.5154644583862175
2345,0.6610385373409036
22781,0.010606835212975558
93530,0.052044458740730035
58435,0.9815301799400928
16096,0.11660110112216215
76360,0.9992937979081247
92650,0.21642822986739169
94136,0.868095195473567
12855,0.384495577698042
48613,0.8733286441429937
98930,0.4246082743314016
17850,0.06461074685666306
68426,0.1049081438153619
8807,0.9991768883564719
77682,0.08589823527571527
70262,0.9752942904555116
101688,0.7115568966924326
34538,0.30494155517672417
13445,0.7625541464684771
69689,0.9322322027232889
87006,0.6618340008542805
51615,0.2086111010688172
69533,0.45603987896948045
15420,0.7485666456230201
25501,0.9915314282508431
75037,0.9759883731638369
82250,0.03541466186119861
34582,0.9993680229322808
34900,0.2397952163932287
106606,0.7376937669051675
68574,0.30035235490263845
78879,0.20392834147087602
72523,0.225871292168621
74109,0.19056315892994924
102780,0.8532784031908088
41350,0.1504645784600035
6776,0.781437936612883
4752,0.8769593786471961
79710,0.33912496387455127
94872,0.6050628211380673
87768,0.0024515511631944113
84545,0.1491756915020972
47364,0.2153361367490617
29565,0.8489405283157254
38176,0.29575173418796363
1523,0.591082540957868
71965,0.4946620190258313
46011,0.4235576557418893
101166,0.9710381025917115
96157,0.9634539967497402
4599,0.09397622082491702
57139,0.0929677364769802
46502,0.21775988307882688
32147,0.9757771130022288
8727,0.8569365855871882
64,0.47030619866297574
87977,0.9994410624488703
81911,0.9835875388708167
62494,0.21458103370755566
98355,0.20297007170529363
13701,0.7071020320984416
60982,0.18779611506347987
92575,0.5201167547240928
48249,0.9915014396044259
34171,0.7130719010092377
89055,0.10480686242708159
20920,0.968114468496091
44323,0.9645342841146664
93856,0.6387140193674948
29936,0.5046659461695089
84606,0.7966035483365466
14714,0.9476295075244988
98673,0.6448654414078835
103736,0.1373702611180821
82642,0.3578033213931646
12030,0.8711290171962373
51674,0.7316711235315136
12718,0.14948301437006106
106852,0.2809760657873327
16294,0.9740616389816672
66475,0.17265519159237375
41485,0.5857994537388583
30323,0.18781424595998442
83992,0.8891259671720169
54682,0.21394477902761838
92127,0.41183744168146685
35902,0.053729590407291083
28139,0.027817974351616016
90412,0.5095310450539303
74418,0.17801292701370225
78510,0.4289987085854786
100330,0.6407495034967844
29036,0.7387890395690736
44485,0.40236437913093587
16848,0.5937815568236094
10544,0.9970235869094596
94780,0.9952925730264757
21582,0.4016879932251551
87225,0.10621942907995052
93669,0.8760102282497952
87901,0.48710276600070074
49697,0.2048768420436708
5036,0.5330752419851585
67043,0.22674894064133283
85540,0.21373375418517054
43921,0.0819155317055365
12644,0.9854966560380721
2676,0.4179552722705952
58412,0.41186716152810726
12909,0.29274753221076766
95061,0.21682290384383862
61837,0.9914865980296493
93884,0.4957434451257877
8939,0.5707735623566282
84360,0.9997178287515779
75469,0.020417378891003344
16441,0.9069532177412626
26500,0.0035309652954430087
26617,0.9004991061843778
70080,0.5871111264390014
4320,0.26671466074762884
87274,0.06505671882379947
77249,0.7629091823150966
49626,0.9967630368101619
6237,0.9956512181474719
35626,0.9618906243101721
102000,0.956258998812565
83002,0.989518494969882
104492,0.14600690289161578
18532,0.5575943251295657
87016,0.7083910863285259
90720,0.1725253432244508
93144,0.3786475749143216
47367,0.9974971527793071
98201,0.2659393109970001
97722,0.41852297961466023
41849,0.1679660168271686
26633,0.7492929305219524
77169,0.15515167140359282
57349,0.963571892936704
91177,0.2988698591005952
22794,0.41746537988438
14637,0.9322690526601166
104038,0.9996124250206355
49505,0.9062013108615351
39769,0.027611595277139384
75395,0.014199107102870872
84177,0.19125369976762252
90804,0.05100407373618971
17129,0.4089640792007841
24386,0.22444424505645166
73235,0.4015775383230193
40321,0.5177732021206624
93445,0.20783657503971598
101488,0.7741891495961184
62,0.6502083626503422
150,0.2221221475775892
26870,0.18202813651501198
85644,0.1438664958586754
16864,0.34816984240882665
9800,0.9961566786646772
60156,0.44199472079937396
100967,0.2751259823480669
91352,0.6766867244246572
84613,0.1209375879103432
46913,0.2453558392117708
58417,0.7941289348809779
45651,0.23926944630486185
42020,0.6956488065630123
34497,0.7703561721251138
92156,0.2835052708732396
96062,0.32541418092267116
15862,0.9670704677010995
19527,0.051873185030998595
51620,0.5773814765420351
83964,0.08996644483526506
11283,0.41562274428631335
56397,0.1500170783344058
70095,0.21880861012781927
5355,0.1929610486782088
3853,0.30897139508959715
82993,0.20515279611174453
82541,0.8163039144558167
8571,0.01390330203996007
59954,0.4846398348711841
32906,0.05758486399259231
80732,0.026430033381053375
25197,0.19787838823672305
19175,0.9930795167128427
65975,0.5016626612441533
35001,0.0900160182903445
7468,0.6327471925029354
81927,0.48616114743013844
100585,0.46810756837060236
41885,0.13180887221149434
19845,0.29912280588696655
14709,0.610149057688511
86121,0.05116442142429855
50416,0.9692175943374806
39496,0.021018109613676297
92117,0.8178495040467003
41500,0.3028228148357861
90525,0.6691898950799171
55859,0.22149604891394936
59665,0.03736472646214741
62490,0.5995232943615609
15347,0.29326603058523293
104307,0.3763405961508256
74223,0.8285170100032127
11063,0.9953122790787806
83506,0.46271723492040906
6916,0.015350303021734452
79549,0.22884773308172252
80961,0.9902887885734348
55185,0.5319527252343662
86688,0.9058190150364738
38336,0.4306829325558338
75289,0.1456449432241207
31850,0.024743868304337672
67058,0.20256184750113254
3142,0.9253957701271971
20576,0.09704224294843466
58998,0.5287769288017811
74310,0.443354568644981
20310,0.9975841527556051
79457,0.9842126909041595
54490,0.18933570796055416
5551,0.22953621116473316
26589,0.6639081760989229
30949,0.6765428901483193
80634,0.16310372694359665
24053,0.0993160019854934
105705,0.6523509263085525
71481,0.22624661540583235
76219,0.835016216848564
13259,0.9953845271312369
10688,0.7130240908213219
53517,0.25938635266335286
43806,0.9697728138237223
21306,0.03415940913045485
58650,0.36302618424239685
42221,0.6669027973245373
28489,0.10869321530635734
105906,0.9829104077845839
44764,0.9563520419477257
51940,0.9744589726950892
53776,0.07263377079010191
74872,0.002849394026094674
86885,0.8886608815302521
14008,0.4322588210461233
80154,0.13804022958653456
30459,0.05027178772411441
36850,0.37469604321601285
19357,0.3490536777903414
103820,0.5410633308541063
77806,0.7475460815496625
43592,0.9522272749075675
91314,0.18325649492882456
102915,0.9943305660616879
83656,0.8703997695527764
34066,0.09471564349643619
65063,0.24125427467229343
105304,0.5572133560941066
94799,0.9924017086881219
81931,0.39289991798532087
102755,0.9173032653825081
91521,0.7828152748651185
105307,0.38260918538605027
4994,0.16650517437416773
55303,0.9984153114845522
13462,0.18947609187400594
48714,0.27171213481326484
18107,0.09005230629691441
47219,0.1941694955216416
69705,0.9425780978935243
49115,0.37183789024258795
24789,0.2886556082531211
54685,0.8310541771386322
13191,0.1668069688166639
70514,0.06098921544045837
97653,0.04796467071440751
49100,0.5875263738671336
66241,0.8242161180362236
75096,0.25683039802536356
51437,0.8040673238672547
3485,0.7004478688161603
73283,0.04509433731948734
78073,0.27604413486647933
60245,0.19838377476398406
91386,0.08233161116441345
84247,0.25252080730247495
46800,0.12466738055078691
89578,0.2609293311954305
102579,0.3674225644034349
60142,0.22904907167580651
12605,0.059738393678205944
94193,0.05249912496994425
3262,0.585965720454498
89167,0.5706824032811125
89102,0.026674556903776063
98102,0.29259143677421584
92864,0.33472265316482486
4026,0.9763399395515112
78523,0.06088180215840113
66934,0.03927867668055613
30775,0.0067479296297003
77984,0.9798864568301816
61830,0.6059579473547666
86793,0.16547910861884713
3088,0.040977413305383285
92361,0.13129669197376798
70055,0.9922079365035493
7589,0.5605005160874087
7321,0.17496419369643218
53376,0.6202797803126625
61157,0.17201909517972025
19255,0.32701273744337134
52728,0.40723268060523454
92812,0.7383453936430688
7334,0.15984460726411925
77022,0.9790340520802865
1514,0.6021833927984314
3021,0.18892544944807999
72,0.9972081789040663
51949,0.22037658153028133
39748,0.1518498725115161
24668,0.11525639405740917
69159,0.9620248385736158
299,0.3257632046044271
88560,0.610604164363479
53647,0.8063783905165076
37116,0.10699867595838358
88047,0.3380207297577192
104297,0.5778397901810777
18150,0.09567969024110912
41495,0.6801225471230964
87072,0.9455737624973404
84509,0.057030486247244445
66345,0.04575107135162867
85910,0.5578029157408081
93319,0.5896293905879157
99571,0.13568885872725167
69020,0.12446380467590162
45649,0.7961396880710214
19278,0.6055838614871535
39419,0.946493264753237
90724,0.010830411112202088
29701,0.04005543381344755
95971,0.8396263376971744
88105,0.6035016544049112
34031,0.37664604435326154
6197,0.3554047985237291
80768,0.05580174736293127
101621,0.920765277090543
50213,0.5074367117730532
29831,0.9999535845816946
97230,0.2587636602510681
6515,0.09010511177596608
44625,0.13834248861115772
80198,0.3091144770151393
31448,0.02475736131510055
92797,0.6203113072470214
81488,0.13742904608537532
82624,0.17248953394719096
101000,0.5833211780617266
68204,0.9973306552636106
106980,0.6695155771138469
46656,0.17418901391193897
29895,0.8342499203005098
48271,0.48293693280236144
59674,0.1973207272453078
17209,0.47482755673893623
70143,0.6810609057132114
22053,0.0588448266803723
29008,0.16634770121189074
2770,0.0766852109263408
101525,0.8791299441385294
87696,0.018752712824706433
39562,0.10919073763213011
49435,0.36555385722814715
40823,0.43682986637194327
63705,0.3462371571359261
56819,0.7368007999780104
97881,0.28759160655142485
6760,0.9824833933466636
28540,0.005429455547849905
78209,0.19096724305789992
91063,0.13156417919975477
102830,0.9215275755699331
18571,0.9965594385134113
40967,0.02366658042317798
64391,0.053168242507936746
71605,0.5797655268337781
8656,0.06168970333140597
23453,0.07737390391075134
8292,0.515442256728894
68623,0.1715263263270852
70141,0.7007688798509504
93759,0.03574075149806747
47030,0.9945979680684497
56920,0.49578839829733046
58010,0.588896770326786
71866,0.3248691881778658
7377,0.6022748849871082
6387,0.9996052048722348
73694,0.03807542570510038
34839,0.5311887204210599
8274,0.2441407056697527
10859,0.5660666243862877
98069,0.22613489573684775
50225,0.9996577123908069
33496,0.5638494246704094
97355,0.9999998244473652
77204,0.14806910503505966
51034,0.9992998423080249
98613,0.4253473632012341
102538,0.7773333334298258
26262,0.8933357184073991
27246,0.008920347058928788
61517,0.9066591927109589
48877,0.1279885272610385
97466,0.6722152119479665
20765,0.2072611517567895
50907,0.31123714499154453
20357,0.7046918426481859
89118,0.11214144294977924
88826,0.4088163614645902
79998,0.02205486869082076
23686,0.5591081407553529
44738,0.7623005393720834
47441,0.3096444796640925
26675,0.11513036844760827
89018,0.9829763226251467
54426,0.0538920427215144
26917,0.7704175236221238
39330,0.9720202685141572
72454,0.9018204877636173
512,0.9577040524666282
27000,0.8658354841166993
16916,0.201617265783525
82601,0.011316308754821983
50585,0.39544380618705455
90157,0.2112344043909269
99011,0.9991777887574699
11090,0.16604409637547474
56882,0.23264406428790568
46807,0.030716787838176756
26274,0.372733122903278
21057,0.46587502419840293
107016,0.3159091035923419
29285,0.09031308958096002
26994,0.3158275735077826
54882,0.1579339053814855
97151,0.19621932936378833
101908,0.28589871257737315
58321,0.11533050300305009
72935,0.1527986539172167
35038,0.18854099588300155
31558,0.27473166570107543
30229,0.07447117754279974
66387,0.9905586381180678
106184,0.37359470651153664
32157,0.13048932913093775
37322,0.19464106589662933
97778,0.26983020120141565
100556,0.13700347941629054
21107,0.6052978265905741
14565,0.8983864764648705
106771,0.9922241038151498
31702,0.0672895508747258
28968,0.5694587535704673
15262,0.9182275355644105
106853,0.10926112342622996
84107,0.1951792281009841
36081,0.20604037608259756
99310,0.5774927987708652
85288,0.4143694067630105
31700,0.35078103646464215
69457,0.9389479324754396
65445,0.6757112244244116
51328,0.06615371837661363
23469,0.5968806595920988
41656,0.5418480747409572
68236,0.9889037356878491
4543,0.1796970801097455
105551,0.5329192270057248
106499,0.9997500512835262
33682,0.14963733365487847
82662,0.8762379366290463
96711,0.9999966054427593
8946,0.538382539214028
52833,0.815173557655634
100177,0.6471374514899798
75365,0.15546312534961082
56614,0.36464029815060495
93146,0.9997535616804613
15623,0.06999549323204123
61031,0.5303903639196227
40030,0.5601095775191394
63009,0.47402783994852127
50512,0.9191831516094555
33745,0.5765312421240043
77126,0.1004201663479819
58831,0.682775079779155
85528,0.5276009941369738
86769,0.14864915578930643
12353,0.4726051645495579
5033,0.05436278418021601
43805,0.6951814170514663
8236,0.999990404550447
1005,0.23586077946275807
44333,0.026080146039879903
38577,0.8795645380050836
62334,0.8690252060666769
27401,0.06126435063148384
78839,0.635029537277903
3940,0.9809251713471129
23793,0.757837079029027
100263,0.9962814636755026
102002,0.9841661014080711
51731,0.43808940953909736
65989,0.9196379779282897
59878,0.9561719132113516
28048,0.17587250866681864
77972,0.10266783313851163
105413,0.776265377428474
10633,0.9999698481282789
84009,0.07676285063289603
69394,0.20185753462142847
68091,0.9896047130517637
12153,0.9744459111205676
83996,0.42117171481132254
94985,0.8536054314669379
84160,0.9999999998115536
102031,0.21890839637770976
88072,0.21645272416953787
54589,0.1026997407400414
6543,0.04606147799693356
1951,0.5126194003569177
80496,0.3995529708640517
28686,0.5829866356302892
46858,0.7566236784120911
24178,0.9953241881631947
15417,0.7143559994179466
61325,0.7183041973421601
96179,0.21623675408112925
19755,0.9912985062931408
80528,0.564974888582782
35917,0.25980841707366376
85424,0.22099524248881947
21490,0.888270809128122
55313,0.16099946798997622
13235,0.45659810826833797
17378,0.6184964487581887
3754,0.10311354827503771
7603,0.2535518599486586
38664,0.33530255527903674
75116,0.11178720770710715
65638,0.30842234199146235
53353,0.7168373106232246
100516,0.06262701740492932
18288,0.11280671105673656
85445,0.9867682504181131
67231,0.9958351668405581
72174,0.16958343728410613
34922,0.9589580025590562
71299,0.9512112441724155
105802,0.10593286299882548
87938,0.21452053479325234
35328,0.6874440382630606
15184,0.7083590313376634
62637,0.20501501164557445
14237,0.9085619170947743
95613,0.4553720507642376
9311,0.2637152405077502
6338,0.2780829010569253
66264,0.12350615033069512
72899,0.36264706306444555
100726,0.27206101375580555
86966,0.6192838836306708
75358,0.02837822381673577
65405,0.3324474144632247
16911,0.08976980300049198
8692,0.3235265155541473
100578,0.03135680982890176
84090,0.053627929853699595
45411,0.7236013186671946
90547,0.3698937206281579
62081,0.31357437344250527
89570,0.9029830303598652
105449,0.647465085014482
66998,0.800848780683284
69996,0.8328454256451312
56064,0.11120577185351666
103577,0.12815614686655452
35449,0.21280739610132487
35385,0.4640781386061961
39853,0.5697696284419094
101610,0.602569052052629
40619,0.06089290602266329
17788,0.8603348826076834
81583,0.5914458537920054
35278,0.19228456171035535
15496,0.8839941006582468
46000,0.19267216442876073
1795,0.9999956479535076
43415,0.9977889956017704
291,0.06404423753548182
38181,0.17633167454284632
55029,0.9675871826782158
34803,0.2049884909793046
55045,0.5719185728087284
46367,0.6462565028302822
62574,0.19075093977647328
94354,0.32235327078136444
96625,0.2579037968098261
21468,0.6078881962935854
76612,0.9999333926587158
19753,0.5436288710390199
34261,0.10393523960661816
56113,0.20841218825779906
15452,0.16672035261108714
27416,0.051235612335416306
48539,0.9924208261235532
85145,0.7245627466626707
18354,0.3779971060106979
18244,0.050218368318467585
55640,0.4423886270174806
47570,0.10003125362717025
74054,0.26653713418175995
5058,0.12658471311701747
17045,0.6695472506018453
105717,0.5386372092117199
29187,0.9999745643097443
37420,0.24808427412900014
38161,0.3146806181600649
106344,0.5329357117684599
70853,0.27712437439716175
46322,0.29878845425869127
6538,0.1762250297999965
72697,0.8716570610123917
97920,0.7535826235577541
56360,0.2238973440705378
40525,0.7925613915883724
46536,0.3269439082510964
74034,0.4528189466521414
43594,0.01200026226588254
100866,0.7601569230963496
38073,0.7388292126692153
59899,0.2730982424537276
3724,0.41961658173902583
79957,0.33350296676215024
13422,0.9989568679820252
26786,0.6838829605238284
39319,0.9463886673655728
18657,0.678363390617865
15823,0.0979197605181597
102599,0.10658138712667642
66427,0.9596990369308461
52079,0.03111355025169126
37002,0.9920002816292413
49086,0.32317233568255127
28115,0.9643630385568582
98844,0.4718221455779536
27917,0.9339676732323223
64994,0.17336949342855462
72140,0.19782054530292964
35277,0.03483041137489606
53684,0.8904899458586615
93054,0.9275423863562091
44188,0.06659639840231144
49190,0.9996562938713585
15979,0.01180636332851381
50195,0.42285495277067625
5878,0.366016495852287
43508,0.15428476678280417
62207,0.8661074005030142
76999,0.616080947775517
30839,0.040731637838528664
40160,0.9619546436812725
86895,0.99924721825387
104572,0.2572590130313917
20661,0.6893741513020567
94376,0.9716383470507945
549,0.6576844450695859
33591,0.08194230900421695
32334,0.21013192575951511
80680,0.07245366916086099
66911,0.23607685564650327
101640,0.9946554502262996
55786,0.06962998316531412
50889,0.13790204507956033
47434,0.9072249189558638
80157,0.9451345125046776
73354,0.13771611800574995
30185,0.004719417676038536
21137,0.06068592825412938
36235,0.8775903246692138
65221,0.4401907358444738
100973,0.7110524640976434
41736,0.23975160192963263
60659,0.6531826120953587
55254,0.3745713423492396
97165,0.43611199675184775
45498,0.7795824491315871
36819,0.0397855755868062
2263,0.9469933666215408
19482,0.2353052291107522
481,0.30741732352090134
83893,0.6812695291562871
81124,0.7299595789783045
99520,0.9045276323691722
57905,0.12150670411041842
11179,0.6970588398014405
88133,0.26666894659550194
84405,0.18688271943428336
55684,0.8947316123091866
90310,0.12962559789963868
39133,0.18132839963250175
10350,0.33362887376002304
27036,0.08348332966699396
29858,0.9738703326141255
68022,0.11021059544265654
89283,0.2669951627808646
70631,0.9538984993466062
28055,0.21581208267964697
62587,0.18690872151305205
102721,0.7136817329256393
105913,0.9989135002401756
94589,0.62033855658334
56437,0.7144482048239521
40514,0.1457495060978246
102125,0.9545311211491934
40771,0.19302231957329458
44858,0.8474421698837091
98624,0.7244938946433974
92222,0.3553901803999663
11344,0.501926938520731
14991,0.048575947043166534
101078,0.37691825761285264
96328,0.12518291418007177
19565,0.37493514444749787
84603,0.4995546981178859
70089,0.037303671153430244
87015,0.6769549582396103
75449,0.7042278198579633
51372,0.9306145684285282
32632,0.1596318369389385
22313,0.19889507846999
39923,0.3446322343287576
12179,0.8408026299877563
59346,0.5707546638338704
26935,0.9475013479326456
55296,0.10254038132037313
106127,0.12371023715570895
43033,0.207484470522806
7375,0.022441008897657752
738,0.7221060029579608
83984,0.41261993468367064
71556,0.37826402385738267
24649,0.3340823634443363
46866,0.13178002808244826
1177,0.17804840294990237
55964,0.46314665116584475
70811,0.9921806520774615
3101,0.028100654350981392
56164,0.19037060098485725
99319,0.46905113178386804
63891,0.9331732035280639
42324,0.15308993037020113
19250,0.865328372242018
3836,0.11916462522954968
66176,0.5437640336921461
21763,0.5027752420684752
97198,0.864034491810382
65280,0.9836191439991465
22078,0.3945667201847758
34758,0.6911451322119673
28904,0.11652319018696589
98450,0.9092252213623997
22911,0.8314679773398383
66745,0.40300456792515066
22343,0.4648452881189372
16396,0.1229355886448682
35882,0.7711400302168239
75364,0.926715534235723
6319,0.9725905039049447
7977,0.09048550070146888
56091,0.9960788933028739
21635,0.24628702779963418
57416,0.9041824041627392
31734,0.4566933172793506
24139,0.1797846332216959
30143,0.7340270282684631
27508,0.12015547032013896
7109,0.853785101925526
28644,0.999200003048279
41673,0.1926743178411407
49619,0.035769238926743045
18491,0.4066738935366683
95292,0.9988594644524761
9760,0.8664306151168072
10222,0.1512248496903787
80480,0.32583055805600825
53545,0.9962877294204263
20625,0.5115811151746695
77596,0.5675383326942561
22175,0.9707576198845163
33721,0.52462421098261
105986,0.3059817592447034
16798,0.9761386040154516
89143,0.2693456564412525
63701,0.15524733917586736
44219,0.8362414254801707
54963,0.18828758886427333
39620,0.6941924661261752
56293,0.31157853527823604
54135,0.20891694136716926
95599,0.508990794145849
17022,0.37645391808369544
49880,0.9695517860634343
28119,0.13507003465305462
71651,0.999854743309964
47348,0.9594908900114288
81945,0.8985235055413232
50920,0.04449540822616723
90637,0.3469718548326576
55655,0.6447767641222317
62941,0.18991562471220463
64372,0.34347014502874773
7304,0.33178433871099877
32520,0.9943004995181952
71344,0.2656837671850728
58410,0.10858380186469058
13184,0.3902741765931414
44331,0.8485624684121518
43791,0.23759606873096295
17232,0.8865156270977093
54897,0.7825124213968735
765,0.07326273305643935
37380,0.4260766948507654
81060,0.2074082188973339
68905,0.800392910319045
83301,0.0566123386383304
42923,0.1565140881761018
23076,0.9413958730477562
10281,0.4049535543269266
31748,0.45068869174528403
67737,0.8636184812237677
65211,0.1057963607944461
70362,0.9999999981671345
26257,0.9889381204002227
56940,0.3935601757319668
65813,0.1330374557492835
92988,0.2128669205225484
16122,0.06340854410121416
84680,0.009710740706618976
27274,0.06800841169643135
16499,0.718740159684715
55898,0.13777130339393
24751,0.9255014609379986
89006,0.08434384313399851
6031,0.8516663451370226
1205,0.967990015496189
51698,0.31041043769725596
67654,0.4340971348532387
25205,0.3450257401962458
80702,0.6541130218289979
52308,0.20087829688448838
87803,0.32619585592525013
94807,0.7553124124482513
93477,0.15904652261433638
53829,0.5121568231808278
84772,0.7967355404401706
228,0.3803072270190311
37489,0.8729753322247067
20495,0.7506759861148895
90411,0.9567819206585989
19363,0.23323169633131302
4982,0.9556381931010339
79133,0.5319696813825335
97768,0.4976605891450152
89516,0.12815841911372133
42386,0.36470315597777986
83318,0.48501856088444095
16592,0.27753521611153237
98504,0.4190569320924869
26521,0.35931118628163883
33722,0.9999982942839994
19597,0.7412356261618432
16796,0.9984384668094111
32394,0.7697059303370513
9792,0.7089615822330217
80507,0.6405295237751177
66828,0.14142173273648567
36837,0.22059287259448807
89000,0.9762440571508453
90354,0.04862191917866405
24923,0.7922136179463048
78251,0.11506459145871373
71058,0.5825703770316739
4675,0.994413754217374
78882,0.9899092889851071
66181,0.06950803844825003
106231,0.12408698688134912
44901,0.01894460630942442
104733,0.4928373585435566
52939,0.9203674978270562
54295,0.1970485462458016
47718,0.9944896274694173
96189,0.9963014412424906
71678,0.06521042640872714
21975,0.9146038265057522
23230,0.6860091409390912
74979,0.16684252353047418
31343,0.6721801755797772
37690,0.08630958572674424
64014,0.868406780398345
79553,0.3231122494283458
17285,0.18883360515071007
18395,0.722752616002744
102935,0.999870951379179
44006,0.8836298841450845
53481,0.872264360351017
80909,0.1358578071144853
86409,0.9789273867689217
83439,0.34872001148016907
66298,0.08943686779624238
102980,0.19388597709516658
36916,0.031038195165785997
83407,0.9413537179088175
102149,0.47650085960750316
57269,0.15387981126841993
72800,0.09439967437236385
93810,0.5868308069927128
89535,0.7574001685436806
79225,0.34231805110626456
74314,0.5337211351006071
89169,0.053296667401397296
96248,0.27200590135014424
95740,0.012170575492641087
64451,0.9722906300132329
58200,0.9077099695438531
63294,0.06468511596221498
99139,0.08093798268045366
43370,0.9999983927184554
89845,0.10148400144191139
3479,0.5062521466035386
23489,0.2820126442026488
70085,0.36133046711268724
54886,0.999628659633486
94038,0.04120137246008402
91086,0.5610670618035262
47252,0.05220115315765434
69541,0.9972220128491651
95949,0.048492720879849426
17451,0.36565716329409115
30838,0.7321778267646992
58315,0.6125667306954574
73213,0.814646626819192
30924,0.7129255351166737
32505,0.22487034857243265
103443,0.138440471617016
79900,0.8181029406996485
64862,0.6139963896377756
30456,0.6490754322859812
99152,0.5620023892781295
1901,0.7346647477432864
17049,0.9936129825140008
5894,0.820452243669687
10665,0.3160789442873063
30536,0.11747235218154262
50878,0.28570591092833897
92809,0.28868806041925704
39864,0.1578750428340417
101957,0.8923839624298084
57285,0.041267064430213864
14329,0.7682671823283604
66872,0.4357873012199257
94020,0.08300278122753785
48685,0.9968963672097062
27119,0.2624720817382977
46397,0.11014428075174792
10133,0.8299598523344319
36017,0.01738780304903333
37527,0.2334682461942419
76263,0.03888421201410186
2560,0.2717836881566035
2662,0.9998414265027905
106427,0.13323285610029184
40163,0.05203035809355366
100345,0.6189475815671646
98682,0.9669950894322882
25789,0.10125392197913674
67820,0.8561908751169544
59591,0.874303341864936
2269,0.021906967794462655
19494,0.08608203932130398
79641,0.1560656395699741
14432,0.33861966874943206
94686,0.3813566620661229
46365,0.7484051508921351
52584,0.2400126309560321
89365,0.9986642214738135
81199,0.9311190300056277
70712,0.6415753863314578
63089,0.3175748646367601
52567,0.33383470527407555
41571,0.06264624112578315
47361,0.024359479332684574
73083,0.0892720053425543
90557,0.30168039115068657
64735,0.18134392403537508
71108,0.07883364745280896
87464,0.07476574143305754
70003,0.18912912310383667
17270,0.037565655149647895
20924,0.9330295396286267
27207,0.01887405304904262
93294,0.8282919702436755
19858,0.25020125710963
22,0.48776525664017434
49371,0.9758114111438841
85587,0.836891485600928
65258,0.5677596633778922
81090,0.15907204982927964
28146,0.22583510483231423
68187,0.3107042620937108
39921,0.05195517209196237
26644,0.20341489283227737
43284,0.3620995249236119
94367,0.3099380723454003
72801,0.1265056341306015
14197,0.2905603127208181
26273,0.25607685796414953
61001,0.18451578873948882
47789,0.9282713418555538
67460,0.17143045578866928
57393,0.24788383503411926
36379,0.2703253376438872
94624,0.6826913790243261
615,0.3534638921007084
72048,0.9070658900267856
66036,0.520532320034328
14899,0.3045404686104778
105042,0.056469323747544535
99430,0.27896911255832724
18239,0.9647379070152842
15965,0.043394525781374614
72704,0.18436464014272058
13018,0.5654375115073963
23958,0.4436307679195126
41950,0.43576393682580006
105425,0.684390294235604
87752,0.9605583203965727
7327,0.009857477804909911
16772,0.07263722877331623
13973,0.9311743902177176
27322,0.264738622782005
55624,0.9742308191554262
83263,0.27977991357743026
29260,0.5273344281748574
8978,0.03302392661959707
17217,0.40779480368646154
35489,0.02380222459118092
43040,0.06859258269463338
90491,0.19621309399337267
34960,0.6010471493858061
99779,0.9431908357943672
9631,0.6595945832178061
82917,0.43918511392358933
28657,0.6031259817651506
72365,0.9740409304976128
24415,0.4945237066619046
84084,0.9561211603655154
4944,0.2204040352743764
81767,0.6890684578302645
100930,0.3352910315838957
30692,0.7720887618049418
56344,0.46229894677781047
98782,0.9855054250209866
2164,0.12255352365011185
24949,0.022920674547525905
103937,0.9990438670821502
93064,0.24111608223946618
37866,0.30871490299555854
23562,0.9977712429006464
105861,0.1404897860183369
20541,0.7529438027491665
88399,0.07131586766154384
37955,0.723635112655761
31536,0.09930438694429838
46676,0.8677185396257717
35175,0.7338852813655891
100936,0.15173937898328227
101447,0.5634304847230152
11041,0.93333233792188
42194,0.8475608999577751
99532,0.08297989705465558
46596,0.18578646467446325
21233,0.23711461755745145
27154,0.9999175785514095
53112,0.0721194966995102
5790,0.9253105732790213
64198,0.05989893334887719
70538,0.8349289415969897
26779,0.21748791171656867
1691,0.18956996977448787
81757,0.8930212530099426
15392,0.3403609428047024
1332,0.075139825588108
53535,0.9566478694917543
102852,0.7508131663162182
105946,0.1482710387203941
10256,0.2744742546270469
82927,0.9995073733398049
30371,0.8885851847147821
46489,0.8631004195912879
58019,0.015181058725991948
71955,0.8454752444110821
37356,0.2700572926045999
42292,0.7896538916135657
20087,0.006159649801523397
24074,0.4360922030202007
64692,0.06518135284285399
96112,0.20626577085083808
55120,0.47090334673388307
51971,0.10673987399963714
27252,0.5059742888817647
77781,0.2261919619273357
13135,0.1977066632246277
33840,0.14938841704145656
78330,0.984884156589324
84185,0.4277608663623307
42654,0.4031634069067215
17109,0.2519209506412471
60530,0.06686187510971223
32772,0.39533964069836797
49208,0.26966721313269393
94561,0.35535855847445746
16723,0.9856601082491547
79821,0.6690508427961007
6106,0.4710269564916687
78275,0.15223530849656725
7689,0.9692402665376666
2328,0.02073091393715529
66480,0.1659601272588182
37355,0.27513127387975145
80884,0.7121374483303295
103705,0.8231275750660351
59714,0.10310449914285513
100837,0.2884809579852525
56301,0.2175156488268586
5411,0.14771324111327905
9658,0.04721021677147875
39760,0.5950004226052203
23202,0.16477372307933447
48343,0.9885506845389679
91294,0.3764693739570807
74660,0.6406864515696562
6399,0.6809815488291481
9119,0.26141823273284437
58061,0.5132587302327348
28351,0.9534034269454704
105514,0.02836137425583093
53114,0.39711372903389774
20750,0.5400657548944804
46578,0.1961367451941255
52358,0.21206086116126494
98343,0.9200295651285912
89694,0.2088520913067537
12697,0.5917994244301631
73166,0.23500919703434925
80002,0.37291866872783297
41069,0.2052227935263758
2034,0.897978126099918
8928,0.00481453792435027
68185,0.9876920179757294
83161,0.925652625445017
12405,0.03291340704347342
3471,0.14541331844164068
66568,0.34713847524405517
105055,0.11999631820290235
67896,0.1678337869689765
15905,0.9457271226499014
65908,0.2772175725319503
54125,0.568680631759754
4385,0.9474951871529316
41533,0.9985301911490363
4209,0.5192995186074648
6676,0.24184273296287667
54989,0.9430477296567477
46181,0.9803786603607957
61799,0.023541938798508317
22469,0.45633284693836607
107157,0.8477696036302473
20637,0.8954508609420591
57612,0.13828627898573892
83711,0.3991499259943343
39352,0.8766740735345296
7947,0.3800879719014687
7607,0.5671883706833342
68904,0.5743837137731471
37781,0.15336651119372985
79615,0.05681996658770565
18733,0.976406522967437
12398,0.1809084570761565
66207,0.152711047357099
56608,0.10578480973923926
102448,0.9947073672905431
12244,0.999984309670339
4832,0.14489567611218013
42673,0.8352722617294042
903,0.9002636496272154
37244,0.04090148769051798
69436,0.8739827275509171
25689,0.9982140566678547
39049,0.3421954400858588
102646,0.708040048970442
68325,0.07519501531729982
57463,0.4029766793062279
48178,0.03676740366194198
23014,0.5479329116478879
80092,0.3411911721173701
103270,0.563133486814016
23921,0.9729105867022892
64591,0.2651224351085262
91253,0.6111981284705135
31515,0.44522876423083146
26218,0.17396806013629007
15596,0.32175279881007873
13413,0.12388358680814637
11049,0.1410914936757625
82461,0.5574385482317838
11982,0.7988424466119886
65915,0.24701561924071797
40511,0.045762580679130506
22433,0.5681178041849142
58141,0.247894337646059
2750,0.25407930381803256
25979,0.9727184323021371
10155,0.7678102157637615
99776,0.9801178288535212
40215,0.09623806835874932
105401,0.1635147522625548
2384,0.7759309502104528
69519,0.08377937645081895
83363,0.35743055981665084
37895,0.9954355037083233
98191,0.8582815650258699
98740,0.5645470898142714
88686,0.9737253788292427
106492,0.31681566248938087
74955,0.31518356598721176
39688,0.6411328577395072
86780,0.3763394308548306
28423,0.18508185774044267
54109,0.9431741417590687
72700,0.036169982298603166
60079,0.11680994887527102
68108,0.21487013194956894
72120,0.0929135736794901
40885,0.008704656197321808
101144,0.9823189626526688
68920,0.38433225651659836
8266,0.7900916774230521
29163,0.9425628403632909
57837,0.906006628100347
26281,0.1429078706784805
81402,0.04940438355319309
39021,0.03048052415799554
61529,0.37576748601819415
52587,0.10536881812404275
56985,0.9861081118479706
63064,0.7494847285717325
94357,0.017958763410944673
91353,0.08253503918969723
85931,0.9215998054996907
4918,0.9861157081693676
50729,0.2266127778993829
57826,0.5819677119300806
71191,0.20385695300431134
105774,0.9156856794532182
10023,0.5050288591016906
41218,0.4306718378486821
98238,0.14315772756189526
37995,0.18403821409771698
83325,0.10200032859039193
51447,0.0984755733967318
94497,0.1397633129926859
30670,0.26027515121731304
13858,0.2135044814768075
34727,0.914519135144501
52123,0.19751464022450116
52200,0.5453350553099315
21611,0.8830048784638997
65726,0.12185082130477953
36502,0.507503733237439
102741,0.5473149650115635
92910,0.4167879472120914
66329,0.602468749812608
46266,0.43655186017552966
93789,0.3046196738916864
74483,0.7259141206652436
82877,0.9893332353419021
19578,0.6805164270956452
3150,0.8508227300099835
7795,0.030330673351098653
100091,0.4938946796133065
83204,0.08497814740397786
80606,0.9991940188993049
44874,0.3913430398592924
93047,0.9711619294384968
93488,0.3938290243772111
1805,0.11468591663255029
62917,0.9630258750642787
17899,0.2331921171057308
3849,0.4679359483288492
7118,0.2082400688609019
88547,0.03988677293517098
97092,0.5828946070137802
44105,0.20126016542521408
37481,0.8567820322552708
33563,0.14218744407971368
61042,0.6730767576373793
41714,0.1388860178716093
70454,0.07842464960542564
59857,0.44168345861907815
51036,0.35021537234289424
69184,0.005484363582118974
3234,0.17332500545388885
74841,0.32434731209398693
23186,0.6153018564288589
27181,0.8177095792289555
100045,0.0034071252292984457
28886,0.42964532070270345
73093,0.6072991224473429
900,0.896199888068172
19020,0.700302405933636
88602,0.21390013338555386
22700,0.7539693894331427
7526,0.033476641463792214
33457,0.9015938147495273
76909,0.6160205850895116
35423,0.9739403330263376
81166,0.13448874474281441
13660,0.9914750720200064
14412,0.9535750987183129
15714,0.9985374721800465
22063,0.12051188782770933
61727,0.8970709997285389
106614,0.7694948378307478
87164,0.9729694782763809
46710,0.36150345193342714
19162,0.7519784242423582
3254,0.8981447771153874
9038,0.15622934315690895
95150,0.07694953646032997
95704,0.10605355305522596
83830,0.17144245100201883
71414,0.275210752348086
38616,0.18030993517716176
103614,0.11465160283970549
88630,0.8438475987682599
52521,0.2312314217288472
93076,0.9999385135237696
89485,0.995224943119074
40660,0.3458489286704132
62817,0.08004168297644937
34049,0.27888325720264134
43571,0.5564358936424084
60077,0.9238876591345097
40460,0.9710758391367915
22185,0.9996933840359011
15237,0.1712112244841973
66961,0.04224461745440186
67110,0.4441001393136586
40897,0.3754906602429277
80317,0.15192663868716644
83200,0.05163019917800234
25955,0.38549704014284814
60010,0.9966637866468914
912,0.2281629740890419
21643,0.33806183902794856
30001,0.04806360868691976
71796,0.35432438722699766
74445,0.9746302330163946
14690,0.7315497519617068
45915,0.16377609618272437
71040,0.9999429187318142
19444,0.9286640940706827
101898,0.6199877636814154
19483,0.8189753056884899
45070,0.37603456935215723
96007,0.7979714857518285
8226,0.5889935981003358
14087,0.4533469332222881
19621,0.3531928162788766
68803,0.00765941876215291
28496,0.1669294042853101
15223,0.5524663776510496
71389,0.4651295075828881
18222,0.06345454915571386
63426,0.12107354753427435
2400,0.42207340288159384
90638,0.9907592647223645
93030,0.6336206219087186
47044,0.39614667900471123
95745,0.7593658048206201
93733,0.07277721816358153
9250,0.056717001653058645
12306,0.07003253678066329
64916,0.8652414036262069
97639,0.3687308235153408
93987,0.22798332431020496
69833,0.4517412191676344
65147,0.47143391866989665
1571,0.8210898945021721
52732,0.2716961804279564
24727,0.21433932356182528
36305,0.3382993365054179
33909,0.9798343185394351
36684,0.8241793054062556
88787,0.2718517110793081
5125,0.9998153572006555
96456,0.1937295889512533
100451,0.9031381046162195
672,0.7594428988857395
2769,0.4437611354003374
9242,0.006551157806242398
36840,0.7338567747821424
92915,0.876330248351068
53862,0.0363960897753213
92411,0.27578858868473954
2898,0.8588290042295101
19531,0.501772873533785
47770,0.7664598228501822
94350,0.43341800391515334
89205,0.0204479070617645
59271,0.17879930186570342
73559,0.7532480508840727
35876,0.16908372581336995
1124,0.812442713505311
55758,0.1181901074154289
27800,0.8730380565895319
95921,0.21801475670746145
90850,0.9891041454677816
67816,0.4167202163352536
70511,0.11920945614089057
12435,0.8209729064253959
82454,0.30312373486280664
78358,0.9697345787291152
46740,0.23903306002395852
100956,0.05509443972792125
92319,0.17057585882679943
18044,0.21881656250668757
23905,0.06090317814758462
5811,0.8473085568688572
81252,0.4704619058564336
62867,0.0888859808541782
41210,0.9399585200930599
43549,0.14350952286529872
103807,0.5326549032505762
60885,0.21541767373754228
7522,0.24824703885592175
85303,0.9970604528494017
106575,0.16078535940528366
20611,0.23681155724061764
71692,0.8471117357472994
2623,0.21434080127037214
35836,0.4089746793445609
20442,0.0603951259388867
61523,0.07556048419531305
77677,0.10106885033328306
80546,0.10869234857386162
36731,0.06654764953230959
406,0.9987428228179598
76807,0.7215007013908887
30786,0.22202885147906914
33955,0.6241092599677696
97280,0.18779063907081062
59464,0.16713112057476764
67539,0.8881306386313446
24006,0.17876290639090825
10504,0.9917716880679253
4761,0.9839834059190458
17116,0.2609500954355508
45348,0.34715183608966316
27158,0.5162950029343435
95018,0.46990314181628795
52617,0.5238893120605765
92514,0.34619395890004134
16579,0.13933462885594472
88082,0.21573276257862878
63377,0.9875931983600357
100532,0.0898016106399267
57329,0.010248284252211044
16635,0.9671870427877105
6974,0.0023292433140817905
17773,0.15152177017695628
8296,0.3805560139153085
99140,0.9677117294978391
55910,0.4930097419303436
18845,0.7912712913951263
75295,0.9536400259659238
21725,0.10665980910184059
22226,0.597615832619487
96840,0.13159288899425392
70051,0.20407540237957988
34100,0.4996910565442929
57844,0.5010713881457773
70993,0.03346804608973989
66414,0.8588797770245385
46674,0.15608079203042569
93752,0.25459315185142606
92435,0.9696096073221875
37500,0.31169814343356905
56853,0.4012958234714379
9443,0.9998038899853151
99816,0.6040977540456842
8717,0.8254529844778397
75599,0.5359400138791761
81971,0.4393016217877407
85158,0.1341325090775523
39350,0.04740421495399982
52049,0.6844411939310985
82140,0.045690871427054615
6755,0.2243302285131794
20683,0.46748682541290054
83701,0.8850972713059124
75241,0.8750481644870864
95970,0.062188826758729526
101659,0.008977542861434623
47233,0.5589206833304249
86028,0.48677122050197486
41131,0.31255477996302905
54595,0.36442795453683663
77569,0.024708462113521165
11808,0.07844898826204798
92335,0.7086319882539451
77221,0.9091876931120939
58213,0.06488368312796117
81687,0.027638724345787014
88983,0.07346132860989506
103781,0.07352582901001209
5839,0.9879092919134586
50704,0.1984771451239833
41307,0.1260947559770711
66524,0.9990991521187443
66762,0.19202984933423062
37291,0.038606122483350824
35582,0.024834409476527108
95763,0.9414292121545541
57070,0.7343764587998525
98262,0.649109806152061
102454,0.10335935730812734
77409,0.6281308563008462
96948,0.11424984965334739
63730,0.0579397415623804
96065,0.11697436998605776
19142,0.7929617181789044
80975,0.994317395276946
45052,0.9295100008186625
72532,0.3297377038130517
35240,0.060951683742399454
4074,0.9450699995959492
3116,0.0009452087741442905
40238,0.2969454991328627
83980,0.9852494062472382
71077,0.3131150827656705
36494,0.7061430141559154
102186,0.9976365482150652
8686,0.5799451180067875
33403,0.96152859142653
94903,0.47286256777804647
98535,0.33540632982099944
21363,0.8025910394118247
27301,0.4725595399932996
62190,0.15325788043979677
194,0.6043541086877149
59599,0.7819681601577176
41074,0.9847320913826657
27736,0.9674181649965118
68224,0.17351183349781668
2846,0.5871425868535133
73329,0.11376012460790158
5316,0.3015257496353557
2706,0.06052159466800157
18783,0.7333038095002379
7565,0.219010866834162
71519,0.0224013370147419
51119,0.44572148112497956
73556,0.09829908143729904
3629,0.4554425009814536
96197,0.9277216774342908
76831,0.761653882657543
41283,0.7646383299422488
57436,0.1540648569337862
55158,0.9577938738429039
13294,0.010347715302950974
36363,0.5903911421899739
92465,0.393941566038734
12609,0.9529670368327577
73237,0.038227360503730524
106084,0.9986689107635548
425,0.533053339943395
16773,0.9661226396862028
102694,0.9949799027599524
75930,0.4728504775606315
76772,0.9123289142755784
73463,0.2634724458712926
35492,0.40108650525689366
100962,0.12866617975982192
58898,0.28457104747090356
18809,0.34232066771904696
76369,0.4219322935655855
103775,0.5239870301738199
50947,0.19752502457211435
107105,0.13808472616516038
52820,0.4609885170111726
35491,0.9860811451648743
23943,0.7313440233949569
28067,0.3021762569370528
2091,0.7252126111586072
19327,0.9138615049653737
45743,0.8887729003753707
11684,0.20137555978518523
37212,0.9305605636770449
98860,0.9989995361188936
70244,0.3799827558358309
87254,0.4623209623095353
81809,0.42130680714669105
39662,0.9948024827080154
18993,0.9428294554167497
102329,0.1389825995989754
71104,0.9018289299856201
103136,0.8552155315570336
62301,0.4571368244365402
97951,0.41907269791523655
12261,0.24628435957174738
29607,0.39188522243588464
64961,0.5575946310271079
105560,0.01869911601210364
14058,0.2596872556070905
25224,0.3946215561544397
97216,0.23708395222703793
66479,0.9960587756827807
43400,0.6194651355179926
103361,0.9997170361090643
71857,0.17928249312971045
102951,0.5528635071298421
70474,0.6908953728048489
1561,0.9999921334039442
1056,0.22545982790601926
5929,0.2001012760833033
3326,0.20736393541240583
472,0.2858740896893388
105328,0.999327658402373
18584,0.9985032414906128
14336,0.7934504983658265
38718,0.6972838156223551
81705,0.009038642249654477
90578,0.999970939186207
21136,0.5498968122427339
96526,0.5916408636333765
70688,0.7502586013266781
32076,0.34323129139875763
79227,0.5673043058821517
70403,0.6727749206086449
36172,0.20828538589755308
69145,0.687812225768644
79692,0.12191439760078449
92917,0.06705081206024975
85506,0.7772463545522452
15441,0.9781863177760615
102805,0.17411425036036815
53322,0.3446046192556524
53628,0.24869959601906783
67053,0.19913865305214257
49664,0.18300138694151968
52379,0.15597183575170026
89927,0.1895219371484066
79306,0.9400929116658869
61848,0.7423381915457329
59894,0.7395808105550621
6343,0.08473398729552595
49379,0.3420766546320091
43932,0.06515036625910861
51891,0.09101686838776435
47684,0.4997910481496413
42368,0.4764590861011349
94677,0.9334598466575282
81349,0.5771435714273532
101549,0.19381975815208569
102583,0.27305755285330396
102751,0.6099752491792696
73545,0.4484154829813449
87746,0.9692826827823553
91360,0.9271888699156431
50130,0.04774271553795804
86506,0.7982344399479995
43251,0.9086984842818132
82991,0.9164837968163599
1196,0.5010999453725841
35346,0.9075996913448756
95915,0.8697126306465777
50942,0.6473064291892068
94004,0.784957035596197
67116,0.9000852744400839
85848,0.0032691707986346533
92443,0.8973540884960503
27564,0.3101038525100309
1052,0.04592680425145035
56865,0.5509717063951736
71213,0.4753781460512393
97167,0.048428230747629024
31611,0.4005750221296633
97081,0.40120676570904157
85914,0.08266437647492703
77780,0.3751303050331005
79735,0.0764987561127441
38070,0.412962588976952
104624,0.41105667863171436
85892,0.4539050171417811
61573,0.9997574828579302
106356,0.4065184362339464
32933,0.3210146767187487
68606,0.8631178484364089
26191,0.03839506836613371
72996,0.9999901227531562
14888,0.5890613482343586
15547,0.4283782489284795
82169,0.4864131593820374
79334,0.9948955614284037
71949,0.398229921086831
34097,0.043605120658021794
34726,0.15937413039336656
35190,0.9341819978261755
102937,0.14648677101706953
47205,0.8926809731981206
53487,0.25375198220282125
32023,0.43943254296952927
84844,0.08122997045967378
31030,0.7549463277646361
594,0.9820890999905125
95995,0.03814094889759754
29256,0.37212526673864077
28103,0.9992397263895443
101705,0.4081878103430542
54597,0.3178781123848146
86133,0.9990955636527624
48719,0.39606239861198983
13481,0.23505922365320642
56647,0.3632378157795908
103100,0.16768878084592814
61338,0.740898487113111
1745,0.38117934995380665
44981,0.707232958264303
21909,0.5433979294175938
63191,0.6974125238896255
105688,0.9998816477983827
50576,0.5209885992229917
59004,0.9806955346305541
78710,0.010248686750804944
81266,0.25677109659707936
53011,0.257124436210802
59454,0.4342432202202619
62370,0.3671892311083038
15436,0.8189472397915175
47496,0.21106062525197034
46929,0.16523191072711446
31547,0.10539913682779506
40230,0.08047124782945864
72864,0.1813723195040453
96419,0.24605872493529635
100337,0.7933541855340738
16843,0.11544524505037901
31034,0.11602529476666346
21759,0.6851516225156331
46175,0.9985695805549412
30282,0.9770831659553756
38301,0.3870010750724115
29861,0.09533236344417151
31215,0.06566985769515053
75124,0.047355952872806806
49611,0.030137480693092595
79184,0.6667887714000474
98827,0.9322363239424838
53215,0.9983035394596995
67845,0.9471870835822127
103204,0.5963966626273762
30524,0.9856892159277999
59626,0.910834355302726
74164,0.9996780832400892
33755,0.9420680091233079
86222,0.4337864065134854
41359,0.7267970170599257
88380,0.014388125838365625
34779,0.8788050102785558
20786,0.39160419673317154
27313,0.9311356432530622
1923,0.292535978728238
50465,0.09739241113177605
18269,0.14320910306591322
101096,0.8907075314762212
51741,0.7898034032185391
2655,0.029223001807040298
51362,0.22300045157974263
28358,0.3729687234367782
89742,0.08170709672251247
79000,0.12309999542852224
20164,0.5421956764342154
27133,0.45281665625740747
22732,0.10773817426825466
56571,0.9578212062376256
67016,0.5420958755520556
75456,0.012091615071334948
17639,0.08422929976589505
72842,0.15055851505396622
12597,0.8988014228286375
6071,0.5069379779133076
67489,0.2818496026495225
43846,0.7195219133268493
7860,0.16202198464947343
46167,0.32846633664784586
1043,0.17326226426316954
19831,0.15177590541233554
36952,0.4313405684697571
14413,0.9775958421342511
101104,0.141538379648398
29305,0.1373751854027606
14320,0.8818727303729517
83868,0.24062441619826358
19295,0.5622100768452828
50380,0.9701334158073543
41683,0.6184265539624756
11830,0.3145806432827141
76290,0.9967634502339983
27478,0.20690722307973042
10160,0.5267381712118315
34859,0.6633246185946555
17876,0.22331107827675517
89367,0.4913397849281583
62132,0.9561116929172334
79903,0.2574022237282356
99802,0.7195179975374498
91027,0.4052624347575924
31945,0.0240728619574808
103290,0.8496959314575897
77395,0.6649362391678875
39151,0.0919035360361915
14446,0.7300445398793814
56349,0.9956607149703296
84526,0.8558958841079383
62866,0.6705747202381971
48188,0.34876500143026423
1284,0.03545951471392915
34337,0.02729239990378258
73565,0.8653330232666574
93997,0.18277842827236462
94490,0.23876394758921726
104352,0.897338500601529
96339,0.6984243136133426
85425,0.9946435056234733
1773,0.45766111919576163
81364,0.08925009079638868
7846,0.8580120886583422
67297,0.6322263668497422
4437,0.43201178649710414
83380,0.14241733582128846
32965,0.09094083962105981
11367,0.4636851298043718
11935,0.8938358181875807
67673,0.7617560260770069
73183,0.07105004788872753
106947,0.1141482217073565
61526,0.17166845850418844
19961,0.9999991245928193
64622,0.009199532945688562
45930,0.8646211716686218
31971,0.18460853599314114
75761,0.28142332069906095
63725,0.5881352334753382
76687,0.3848592552844509
92060,0.6984209275841313
100387,0.11461782728642395
98217,0.09567683437413421
81871,0.2059457929098799
16317,0.1918742799065989
66790,0.5643244726687391
82663,0.817775893492059
73834,0.450130301647709
21347,0.7158014937089159
86955,0.75374243458988
86852,0.6558571627788023
68457,0.06506222460292643
88093,0.1034362061944506
81164,0.35218844960704443
61819,0.8956324140194138
13012,0.599974229998949
13155,0.08726807903515149
15783,0.807587279288456
15673,0.18782283803777983
35925,0.9639806284906328
106969,0.46540003462000173
25640,0.05876526181533398
97931,0.3515290661675292
50074,0.05906713788032855
29649,0.22703841947992337
91931,0.04256336892899154
61722,0.1311693186907953
20287,0.2323129812254469
76463,0.8969287830091969
62710,0.9540706802061092
35255,0.3450271566988268
85906,0.2237915585363352
11618,0.9968454558271066
94378,0.9405759805452439
100329,0.31894851322541173
17723,0.0831193162737972
39882,0.23729226531888975
11795,0.9839695793549453
66789,0.9787551282892083
102765,0.4086202214559753
13650,0.9712821323183822
97337,0.21200342050099819
23806,0.49337188135011384
34279,0.13023297426698321
98949,0.3443574375974324
82142,0.48779875938567746
15659,0.34499084440761757
63656,0.9348893876479722
40763,0.04725213117988247
80836,0.06075698199227013
104849,0.8734187032124714
86473,0.3523651194700856
51194,0.228500800498454
66403,0.003463315307229836
271,0.6488382735253454
2273,0.0346145600204288
81275,0.10415246770702175
14715,0.5254033550376365
57319,0.04602812217685132
35197,0.19898062522017335
98220,0.9607726237534739
94959,0.6491873334675176
91613,0.4440775950698387
94534,0.04413322637337536
81910,0.7932027636205641
76649,0.22531000567112813
23354,0.130319246013558
40827,0.9272523294432632
78654,0.056143661569805214
73369,0.14831823365173175
67659,0.9686734595202406
34111,0.7362391862780467
102361,0.40856644540690845
37171,0.9813431778500991
27744,0.6738578757677107
53767,0.5941489357248655
42072,0.9839277891803163
53742,0.02321733826701394
46497,0.9920553464983914
35788,0.665207466740043
88746,0.7031440194318133
4922,0.19400184427264566
41718,0.3128184054572978
8802,0.001489292161101299
38604,0.32302644591285457
57098,0.9515806016203562
13275,0.2819339461707516
18055,0.9108815046044076
49524,0.00749957151113718
76101,0.7163879004500182
66332,0.14174248795978234
91441,0.43685203754163304
81061,0.32037412707210666
96013,0.0658623203818647
33186,0.21067319868589268
75009,0.13959598998743222
73082,0.7324674575615083
3525,0.10013931522800046
1836,0.3917367340832678
34802,0.1951203685831615
19758,0.22494037074179407
15902,0.6612185728336493
23441,0.1856308755257715
57798,0.09591629656785616
68964,0.5270382333728759
68435,0.6501511264012022
26294,0.2205781135799832
45844,0.11248686754599785
60688,0.4552587296127063
95472,0.5452765176969906
39837,0.3932301288118767
46184,0.9950638732851359
64478,0.781012368322122
55688,0.42931235994332506
89513,0.07569704008337773
34602,0.9662124800201086
25366,0.8979782322425641
44642,0.5086576059618602
66923,0.6144111255599597
83881,0.15006914776815428
13996,0.9950454657014971
6535,0.338498088759227
75328,0.17193938079093074
69789,0.5099222878464675
102472,0.08110422660465477
27005,0.18733900896867134
94773,0.9083000673561383
39038,0.9699929643815138
59584,0.21819886680227635
75032,0.28918209898423686
94365,0.2074239249338437
86729,0.3088408018293841
103277,0.42145357275359013
96803,0.9635284591626719
58216,0.3424600598171709
59839,0.5296398719681841
98342,0.5637975298329769
60175,0.7484798340514986
82073,0.936330357515876
93301,0.9839537240403772
63588,0.47946707589342613
27987,0.9999574227686455
80054,0.8442373485493355
28762,0.925210434856514
92627,0.3654135908920895
37981,0.8058952255947346
103582,0.10464105004942903
26564,0.26457005494944236
54394,0.18565436181603867
44332,0.5294206690199645
22138,0.42254694221079636
94855,0.9241089357173871
4632,0.046906176443806125
32784,0.15717941992522683
32830,0.8231015867722951
5631,0.01527021895295093
16808,0.04488266307519157
99344,0.41947667441856
62996,0.18296058644434476
94028,0.23641888984813486
23890,0.6336480785996179
65380,0.8544504168451708
227,0.09536563787246122
67725,0.594891605657428
104891,0.14869516004231614
28004,0.27008853401898936
83787,0.08616658335323635
29242,0.39822205482080697
19087,0.6417663937003993
21662,0.9967721980571582
80430,0.9822977676276639
11521,0.07457035335905461
5769,0.13865500394849184
81749,0.8346229168975334
48697,0.9276522443765263
48172,0.9958637343069718
53034,0.05105760764504667
19406,0.8731313836584402
96433,0.18866710181776608
31600,0.9460650245790387
27238,0.23040719324948705
99691,0.8858260665695068
82316,0.5548776582707358
47283,0.9842605554952812
97742,0.4409033768852062
22508,0.979376204221797
49085,0.32574392192774837
35900,0.9889266182130266
87088,0.08137540932295967
24902,0.8935215633890892
94494,0.13538640071273417
28022,0.9999947343443041
2059,0.632128974136071
12010,0.9889573392090758
57179,0.9759587900784787
43643,0.6506686337133213
49136,0.24525402600150314
43229,0.16198701161390217
94695,0.6517912426315882
35330,0.007098854488778648
68583,0.010547199275141842
35691,0.6278303495290545
58106,0.6219515045331552
49013,0.3524460351019751
4021,0.7370530748757856
9736,0.5763318277286559
16976,0.6352680399685816
60727,0.5839319561083103
22616,0.23705971232872225
94363,0.014432009620119566
102735,0.4484530516525853
73328,0.2990255596912206
82486,0.0517945504410382
45754,0.020437793336595914
52339,0.003476020178424915
27609,0.31108930802539014
75284,0.3558646841686296
31833,0.485752166167899
43459,0.6661108742535857
43426,0.8857590632116749
16966,0.40542518401026106
67316,0.18355662821488106
90027,0.5351522159227414
21202,0.16224225809150133
60034,0.05282925316863882
100336,0.5615332589234647
104126,0.7541576004839663
10532,0.5331513266601989
19102,0.5163865874101874
70178,0.27116451608000147
89262,0.14146092844855357
59485,0.9385239767655028
39936,0.7529942235888523
84258,0.19657520827525793
98035,0.26169718426493727
13638,0.6897353563268851
104139,0.045814613531349725
93985,0.3388058870607322
15049,0.1889129741560689
17040,0.1490160172759466
21849,0.1911398290120645
27661,0.8791822111045
26382,0.06304375505477007
55516,0.3412361029533708
65056,0.9806426332562649
38204,0.8899731079051697
45724,0.5959518425647512
51528,0.4816799163619369
42609,0.8670890312572994
15379,0.3104436189410194
70841,0.9130453859211644
49635,0.7186523416870376
54418,0.4009330505383829
34898,0.9555268699531451
82519,0.06244654790060015
22371,0.20156302605592608
31017,0.15894435395652529
95026,0.5883084072929514
54736,0.5601852675405699
17067,0.8827748676947381
65336,0.4667090250072421
64461,0.1383794175449749
81513,0.15124812960231332
56947,0.9624271996074629
27779,0.08322138533240242
97067,0.5433956069854182
56463,0.3298431772707905
33626,0.8145448065528107
87493,0.11135347700111892
45569,0.9908063728502046
20981,0.0016274446965188142
145,0.22715110974369457
22884,0.3528763323665256
8896,0.24751950198923228
17763,0.05586297946921412
6716,0.12387307667013181
77738,0.9885368865217613
72793,0.16834119449866936
7354,0.9709508049695024
23390,0.4652845476577913
86826,0.1151746515715592
102897,0.5083123102094528
2390,0.8332757447720018
101532,0.8384762962431407
71510,0.16452186206602715
85733,0.43911353373730994
104850,0.9997063337524429
36937,0.6136940440851888
62521,0.3233901294847016
329,0.5253727306384646
58726,0.14898818010532106
104467,0.05949697504571251
11753,0.11694839909212457
75997,0.5318787758409895
44827,0.9127408504233238
81596,0.8135463113858334
5976,0.9376388368294034
14096,0.43149144719341426
32561,0.3082083863214382
97574,0.916096528473137
87563,0.46857676342857535
4012,0.07365993614117212
44065,0.10232347307989564
7357,0.08575045880162213
32431,0.7236086558233876
97914,0.8890877518324147
10926,0.6485251851694663
25951,0.9516075222048125
16993,0.06151341600688242
83006,0.6411743549419533
65555,0.22229096424049444
47229,0.9911319366094322
24230,0.3881496550192315
80478,0.14480572269072073
12794,0.0030385329660349452
101427,0.11955642528932403
77338,0.0699355575451467
60261,0.5521538439686483
61243,0.10724553784995894
52749,0.43928730846993524
35153,0.5798427536581855
1847,0.7092520682784472
37515,0.999369317664063
59715,0.024849683779322805
75508,0.26689630295602296
68453,0.42309856223806186
38857,0.43697447856427335
76901,0.5818059661956977
45312,0.9577876072567466
64699,0.9806867505566053
107124,0.8058191945525852
106450,0.1404288364512934
59034,0.9126556143933178
28823,0.9684236036515581
16562,0.5603184528923103
7111,0.9665369699985024
62848,0.19172031649859694
2065,0.19319682377364822
93643,0.22558895679426416
14995,0.9563285424641217
10652,0.5369531207757182
96790,0.5880825542396941
13931,0.9426874415595061
105910,0.3822637959623115
105867,0.35594726222033846
47543,0.3272676749701414
52396,0.2960188593204627
11384,0.08977024739947631
58047,0.5748734532760332
27059,0.13604748023242913
62378,0.9715839582752632
91044,0.7357199138033975
65285,0.3901190563714407
9793,0.06383887591094564
87140,0.2064967373601566
60724,0.9270753023539525
102439,0.24130117846910842
79462,0.17036075609725665
37993,0.9977009133532554
83192,0.4627785740678742
16217,0.8427277615190836
50809,0.779882542401126
69198,0.9062277356504509
4837,0.6126530894249337
1378,0.5930114585918317
6627,0.24440034743681127
44185,0.6135101652465186
89323,0.26331290999788604
30419,0.34113252157402163
44183,0.7457950176999161
70038,0.25404310422282983
42202,0.03816724323863799
68211,0.017875071268493324
86889,0.8593606626049154
70314,0.6412260514873807
28421,0.7024064024495643
79594,0.5201857262223093
63970,0.94988335863808
66554,0.8100537473824443
73096,0.9933098877508217
63901,0.47617565414577945
48610,0.9771040299014722
4433,0.5483210197278605
83417,0.49155177185465737
26109,0.0019361760523175066
107024,0.7709357602718991
103750,0.3793912513094685
83501,0.9996330809869823
29599,0.9427333454890824
7580,0.0442196040779562
90263,0.994349489298111
16027,0.8657777194338789
96145,0.32755748138369245
38150,0.8508788564011653
40057,0.3746166773587698
31590,0.09456539283587517
101651,0.8831659038537084
98893,0.7785743882118081
5608,0.7514228610910405
32223,0.5528530067903965
104466,0.6669309737056496
24293,0.6200101067286634
48837,0.011313570251960886
63309,0.04633890313223091
55433,0.09741923392326635
35375,0.15500158136269365
65396,0.3817816081510571
91489,0.9057900422653533
86721,0.5975323525130968
10224,0.13314764220216818
87346,0.44313546137479115
57170,0.9999999971103426
100290,0.01025696050047992
35196,0.530143254699509
44191,0.009049589638424275
92164,0.6060329890300873
29280,0.7220887706628487
25538,0.3482243260034181
83987,0.5829216391464969
62898,0.23606376313716465
106361,0.1072040539811207
25136,0.12444315653578208
29505,0.3173809773052714
83536,0.8401606102667811
45658,0.034646465115330274
3288,0.995434632749381
23616,0.9645685935567795
41581,0.17615355484036316
11609,0.8642690865344871
90769,0.21454347729123258
94406,0.03457880280022024
6965,0.07140890187611564
51073,0.6504107701350094
51777,0.2169325480355906
61494,0.14523103128687065
25372,0.40477703407159427
71318,0.603719546482895
46254,0.9483737737501367
46722,0.6280503913897755
42554,0.874423570026581
47197,0.11281205184213416
51552,0.05625915587399988
4582,0.18679625941174377
69685,0.7904969017645791
64327,0.5708000492701504
90833,0.1647105349059167
100852,0.7418218123780371
32398,0.036035670769697416
94635,0.7081883778699007
24454,0.20218822603679093
34791,0.9251233912385485
12741,0.013576035717603258
14778,0.7306147377514353
48422,0.14789513503584317
44847,0.2766156291581181
4140,0.059412970843596674
79918,0.340512071603587
11546,0.44499848841845924
8942,0.20918828595243366
40240,0.5297784646637425
70332,0.9554807923349602
27702,0.46249322894805023
30292,0.17632356940567817
95337,0.8773635391738728
53342,0.33750502886831035
23596,0.16285544793094298
16604,0.6868231193034962
23231,0.7356912342173443
54794,0.04912449252491381
94579,0.07847066042051899
88392,0.9832874363857494
25986,0.9214875716414188
102710,0.9999975718185329
55373,0.6837527244887956
20649,0.5048293024755044
48177,0.8657043354718044
76434,0.6013180557716679
70908,0.7919357423777129
102742,0.26135914192639265
25058,0.14734408029005203
78434,0.9207395867304526
80726,0.19287843670015964
65248,0.5260750307127042
88275,0.8007549097280617
74074,0.9978992522587521
21876,0.5071133350646482
103450,0.5901436033906478
67928,0.997559998597833
59256,0.6155535813688472
46298,0.9432777808997648
98195,0.4472828410058245
95110,0.9756331981578791
82195,0.15198419518618494
21832,0.9628954641574304
61503,0.45064527368595053
91959,0.30782054156792626
26200,0.08481372278663729
25686,0.20852533314100669
64370,0.6319700638233213
57104,0.19178292414376946
85740,0.5717816529353683
65082,0.24511906009359719
73465,0.9557427475045479
14815,0.8583315885196476
62566,0.1684852136372536
65389,0.14050122271064647
36629,0.6169888474797209
2761,0.23799524969535518
46122,0.8230660036473049
46708,0.935484446648495
48543,0.9550716627456383
38437,0.013716312685722732
41679,0.1483901348929767
11943,0.022293088345062093
80663,0.6232905027936996
57362,0.4178475217653701
78294,0.3951251120573965
11443,0.9934188273244474
3339,0.06676489141985492
8333,0.9962670562761431
73688,0.036101967540665
101048,0.2942968246052331
38807,0.22096530496059313
91992,0.10251532656771045
103660,0.22235150827728806
4349,0.03663970322210248
23900,0.0975833463648052
54890,0.9989748739952845
47554,0.32196199011824367
57897,0.14548568817079477
95129,0.16447843294413494
97155,0.5367099893878354
78284,0.6513246125682475
53620,0.8926298750151176
17540,0.9544646659703266
90980,0.004795299211840334
53178,0.49076922802783784
54282,0.04412021306300382
83611,0.9533489009521254
74832,0.19580317614593135
33521,0.5975291119330084
22312,0.5155937067191416
8327,0.9220487932936361
48181,0.16468026926871038
61597,0.9627377013711168
56734,0.7086347487106053
7246,0.15295954960201563
18123,0.9105325687185741
18892,0.9656331892482691
48849,0.48077620877952715
47669,0.7220376104639186
94924,0.8957569953878727
48512,0.9515486815667736
9957,0.06537473916250784
15707,0.40765096646105903
55630,0.9543929816645038
9362,0.1570746301839518
66120,0.029570858737698318
16363,0.04509943088788866
16402,0.41087390067710705
41921,0.8401480010430624
22353,0.9824001201923575
14686,0.03135861884925865
28415,0.1597459133632898
105355,0.9975771761028388
41053,0.05552512772220393
37061,0.20781029965502057
6933,0.10144659741821183
31839,0.2264733958093006
44786,0.1215081956541127
70036,0.9651733041983023
68703,0.07486956423442101
42378,0.1741389088960879
36526,0.19825762905591332
49901,0.2733514852845303
74032,0.5217717097566937
45628,0.09522625354418712
31979,0.9979392621028744
53486,0.4927436585729129
46763,0.3146226928717495
85408,0.3913571295203929
22637,0.3071936210976384
85061,0.309794182896967
22921,0.8206592153740175
29685,0.1375510193854625
44220,0.026629307669619413
1290,0.21917408093717478
35918,0.032503423378851676
95177,0.9797433433756697
31992,0.7492954154988377
61329,0.47516993385011275
58169,0.062402636090092535
7717,0.8803454114757399
81789,0.7218406037987444
12979,0.9085486947800502
43043,0.12784670883818605
75875,0.4929517447243525
42519,0.8787601229386319
78452,0.0026273538597934598
52550,0.458052132577942
106635,0.35731217444376784
95352,0.704044044807452
7091,0.9816447749445737
101511,0.4267697699849274
61044,0.9946878502259495
63031,0.11040735142108327
86820,0.8859494774316237
70201,0.30430297033370657
92595,0.9833402931953364
45050,0.13037922512733097
28950,0.20182615776858592
25218,0.14927044822524255
49914,0.052507024221228334
28318,0.2571186886734011
20136,0.7427097022272494
71667,0.7335769095336366
100422,0.28649243906519944
13447,0.24059840182176545
19832,0.7872019697130371
106236,0.10672443220075767
102494,0.6916130735421671
19099,0.5873814924925047
1374,0.17273322803357188
100798,0.9500126463848511
50458,0.1823304026147224
8098,0.6284987436878331
46587,0.8447707738768777
97916,0.9006923243097096
15653,0.08632165133943165
41534,0.9966104230477658
1648,0.7907571219783076
20773,0.7484199554313998
67182,0.29307462189500777
75074,0.23320234898135223
103776,0.9385074033762495
84381,0.6050094628491041
66906,0.3980233188327086
76170,0.801938665391567
3635,0.9661610041688447
100541,0.11812814221227835
42074,0.16697466716523546
61498,0.8360708246664795
5817,0.08514329375317964
5050,0.8965640511094766
79558,0.33709482965468646
93493,0.08095207237892266
3526,0.9982736567066481
14253,0.9803232236503363
41847,0.48811896235878
11067,0.9931029387174656
19072,0.9120728231512194
42248,0.04825402690474851
27783,0.661218202069036
97731,0.054604988545548905
65049,0.7110572302147657
48336,0.34961336158525425
87509,0.19091002224554815
22247,0.685691583866626
98041,0.9419501965092897
89133,0.8402489290531843
28435,0.2272590135610742
1568,0.1855183646263323
49259,0.6999264529024818
40251,0.6618154318325044
21063,0.713375260497278
39510,0.41751680309772676
84092,0.08327272004930852
21541,0.5682179533949178
56060,0.16853994247577236
58625,0.020096556211700055
55009,0.02745709975958533
4421,0.6663858467068131
58289,0.9912443068958835
81464,0.32243455267368154
56880,0.15977887451650052
94733,0.8632020708278305
89920,0.2221820086798647
95370,0.4368070614441264
86551,0.03923833787555991
64842,0.5134787330387331
98219,0.5493621916831026
14959,0.5344112671395159
61918,0.48163655550964135
30768,0.3335408582873991
84626,0.29495231963944135
87409,0.9916533423634283
71910,0.23883632918655623
76044,0.9400716620726787
93349,0.9373754347940144
83169,0.040444284727252734
40924,0.615118988269212
83906,0.9999980784569003
90343,0.6341309486566422
99624,0.5693873759318479
60372,0.34063945790245453
17360,0.23034424234432682
3376,0.9453896710341136
101531,0.2965608837411864
92693,0.5588660011045627
63830,0.1535234840879494
105550,0.11077334285154739
67793,0.32190614255526984
74065,0.3069151355166918
52043,0.417671354628538
101272,0.7325849719771507
95104,0.9831240091370784
12014,0.744205225465967
56921,0.004318102123215263
91011,0.09953602166083791
22278,0.24567790962138553
72818,0.5743487196347145
18017,0.05129829840433387
85902,0.6678907895546703
73281,0.4201860698737515
66154,0.12438641095640485
64930,0.40734864460809517
99208,0.9078795274433535
46912,0.16022445247407252
82434,0.9431272907629942
34011,0.31001752466454424
93158,0.9999460165623905
2811,0.7716733750653171
10413,0.15115225850495034
19194,0.18600470629418142
49608,0.9377929309159145
66841,0.999170877100424
58801,0.2401895540444295
102353,0.9915624905052147
48903,0.40209855358157043
59202,0.7294708978794414
88029,0.0488868286822741
77130,0.24595112215065074
40716,0.7469982819194312
51834,0.8174124066141896
2106,0.14053923430516468
43645,0.09358820192040673
103317,0.0532531294636727
90097,0.9542388853147719
67179,0.4409402936411718
75619,0.5084641645429605
91664,0.7329779292530887
84404,0.2541085138014393
62415,0.1961482565619308
44375,0.2682537920031646
99252,0.35875541767939345
62134,0.678087735457434
36512,0.6008314893458742
39584,0.23224879415030664
49182,0.1095638006256262
9209,0.13203458198194512
23385,0.9873123439492273
14286,0.4235909927155916
29787,0.14052569403552334
39647,0.6818304893883335
47671,0.7903972904065648
28786,0.8143802212246003
59678,0.8957890778427222
30071,0.20690613325843876
89480,0.2575209659612181
12125,0.031032163611790876
93053,0.19027782320820202
19649,0.6061766626686172
18321,0.7915586523905709
55999,0.1923806108714347
31501,0.1822528560744452
8089,0.004031815584414792
25411,0.36955838893419934
91874,0.06075744089218313
466,0.9328222874881374
49124,0.15785859725276996
16452,0.9165439355240925
51030,0.01661793252842306
14352,0.208399721445243
20051,0.9079153094688177
68506,0.6555645982684777
46932,0.09411529499605226
48724,0.46395175954942625
106754,0.6838282370215082
70520,0.8512209025860176
32716,0.025079465930810313
19783,0.3518747669103861
1729,0.009775832744287104
38511,0.9971119644240546
27811,0.6032057082015014
40368,0.1545740305390274
49438,0.4023448044623794
106631,0.0713916103216984
43598,0.038731462845582786
88438,0.2088342668964498
38912,0.22728403886111376
88719,0.7318682811718167
33208,0.1971643165795739
75282,0.9308654654088162
73266,0.527860947427912
19084,0.4842585684814552
5823,0.1604785816801358
34194,0.8090307450181347
36136,0.12993861990046995
55696,0.7757039450550297
27683,0.9405600107653532
49127,0.8334371030443009
58850,0.08880179135060773
19462,0.3897152586918773
25121,0.04542322977053095
32769,0.17803560376194738
67726,0.4062327190564517
30824,0.4608994161897925
104718,0.195539377216859
93260,0.7021864807661762
72559,0.05761274051659561
34565,0.6798032714848957
29042,0.8482433949395307
98338,0.6176672564160456
39563,0.15130157342124
70885,0.09522916005856946
7911,0.3868917107566828
23393,0.18821322225876636
29608,0.5230294782551858
55788,0.2330022069601832
30151,0.6370654333730171
88907,0.8170190140166628
2054,0.011611012479492096
24459,0.7834996463430841
21357,0.6676007216548706
10902,0.8710724592834391
46706,0.6970009292005451
47885,0.1965009534296453
105126,0.7007757936185217
51203,0.5691455404142194
87021,0.9975850334211908
16789,0.32967891430621044
104871,0.33353885311550097
36294,0.36113715155155646
7053,0.6010327553660124
71733,0.9705286826448597
80090,0.10046739106185615
6574,0.3543170250491695
31797,0.22284691954086605
19952,0.9325725481579796
16668,0.03074442492072641
48236,0.6594148293728005
40314,0.01596468544416515
66603,0.6707806616923181
23583,0.36428448602634167
61738,0.345003537625646
50567,0.18479799688842502
38284,0.7124144090171806
3562,0.8987007007880157
42704,0.8668297693839446
21007,0.32744475039212595
56284,0.024665746970445785
72475,0.8721932708393164
24080,0.2941715449469585
50203,0.9991704167718447
86643,0.23021885831807698
35152,0.42206068566531496
44133,0.30161309984287415
40041,0.4402734844130573
82527,0.9752513238341961
35320,0.2866320035768554
100607,0.7035577892926177
91405,0.7707657312044092
51837,0.03247613996730945
22239,0.012076616178861844
79207,0.9554266146115888
65262,0.655249525164275
65622,0.1290098511816669
29865,0.8165776356442285
90444,0.7449769499734482
58080,0.9763401191620833
96233,0.2665504294676906
104292,0.8231154939034482
23999,0.9894054067825616
87724,0.3104845768645852
61964,0.372271806020126
28233,0.9016088045018911
87041,0.9824234032349116
29483,0.3617329623170161
14131,0.18498994913382483
97450,0.9922746690628237
65873,0.854657938527851
44510,0.9898066891318705
35799,0.6819875286880336
91708,0.7686490422299777
93454,0.7725690859952961
8299,0.0028662770250224455
35919,0.2141934420617207
628,0.4809606285118837
21766,0.4863179957131433
44458,0.6406366557779897
60983,0.8735268290234984
4255,0.5252163463114969
49690,0.12534506552060992
67251,0.7784019575467038
18018,0.9755278952331933
64334,0.16922777679000317
23020,0.8584575305147526
64539,0.18593086679983722
2636,0.2777905142899257
4239,0.9171275913519393
2916,0.14011310137763577
47620,0.33728561137262614
95172,0.16806338034936574
87497,0.09682498907931869
102911,0.08718915642886838
62964,0.5391869613090298
17161,0.1685996637884653
67138,0.7682646014912358
16931,0.18427463552437334
2191,0.6904069380668403
85278,0.13968633702141414
32044,0.48687538766962807
13297,0.08634507311140066
22001,0.1494388990944695
25536,0.0513612464399022
82091,0.787170980240036
79109,0.913823858685622
99901,0.28972166434374225
87478,0.2784518121510058
80502,0.919324946932587
77107,0.6208703093127564
92705,0.8705678677764183
82783,0.2329606077816646
90183,0.1847229928018193
53221,0.4072173955469841
54010,0.13619209981739366
43465,0.09693608662269737
37604,0.8734675645483068
12589,0.7605521531106463
76240,0.9039754037125036
9378,0.44137087995678126
19599,0.838242296565891
58146,0.9926461132199821
15010,0.8188489248729869
61669,0.8464029167825743
389,0.6094679791712581
28590,0.24422062708140108
26249,0.7925568892142659
50580,0.797273781147678
91531,0.9983577542231624
76422,0.0475085993274768
98346,0.19430020700099243
64132,0.5530949294320641
2103,0.5409981581427522
52810,0.20520905047937082
99888,0.6463222785059453
105511,0.265642325647512
45949,0.45799250061845864
35279,0.38502959174622603
69937,0.06401636030901925
88281,0.1449059418271274
35458,0.5696644609168946
98724,0.3974988575471709
33661,0.25839589355765696
36453,0.9993721602822786
66277,0.05725152844249605
11313,0.7857577228357705
54039,0.12552567357115446
67162,0.25446328141353114
82272,0.9644880359539727
11190,0.6181376402861181
51756,0.700291302796272
87877,0.02323428153026855
65208,0.34188505682320125
938,0.7972037902444331
8843,0.18334649010644943
62361,0.9978337722096645
51842,0.5104244407544173
68472,0.15659094723469846
7764,0.19063349253531509
42727,0.18087320440210808
203,0.5125317075616488
37980,0.08200366542084064
102455,0.6798008942170679
83234,0.0029722334278555872
57168,0.12207557630356963
34845,0.47977151050539657
55704,0.4261628304066708
43121,0.1367913997598108
33031,0.23233278348294284
84017,0.9216868961724016
65439,0.251159609374463
76588,0.05330997880176688
97248,0.09871480745957789
36473,0.8192207346292233
33423,0.443600859179894
56678,0.02927909396559499
40269,0.4791955613459989
60140,0.18785977870726217
16164,0.8788926137752413
31227,0.5003433253319678
100102,0.3399728211579027
95294,0.030291151633683296
62010,0.1890001183920948
104912,0.8624471979044259
8993,0.7100591050023718
15518,0.9768867252639377
50328,0.9824445111265592
40417,0.13150674716150107
93859,0.04595791746012547
5016,0.4846278028078094
21094,0.983902077427446
26228,0.8259459010268748
39317,0.054378237892035566
6096,0.1729374601159867
71548,0.7338164090068717
24220,0.030190271260384354
21791,0.6615726361885813
20371,0.4380636273069925
67898,0.8596946563177854
103635,0.6860609648607991
49440,0.9829756785429249
94769,0.5666587833174488
10446,0.6155401559012279
33663,0.7314363329297653
16336,0.8377286901288802
13881,0.3531424152170005
45024,0.21803433302617653
18329,0.1762699888017027
71536,0.9606966501551462
45269,0.5180103561438304
53758,0.6862589973744059
30249,0.3182563789104209
16989,0.15273298806868701
66127,0.5850537793771866
20159,0.21523910719585138
23049,0.8755896455946524
106243,0.7157444420528764
91756,0.009011849555162993
30302,0.22881319074695755
50487,0.9553430698694495
94582,0.06753277624050355
85863,0.09104582088142443
54544,0.3712663480261994
24480,0.1412788523248848
66645,0.9154814444152259
48238,0.9999998359375515
87273,0.999999961803294
84861,0.49855806995048907
25328,0.02887310496197771
93455,0.46540711773368
76358,0.8287347081526626
64119,0.9496998796568165
95989,0.20066514482471648
14317,0.11589564763056842
29470,0.9906994996114202
74323,0.16663099583673324
80695,0.41709159189358835
26939,0.6840226934075618
29512,0.4854897933650261
74168,0.9191212345945559
48035,0.13580995583933297
95266,0.028367002755400793
1493,0.3501307782174905
50973,0.8324120297829114
74763,0.810876086511666
55922,0.9794329622846041
22062,0.03609726248765041
30450,0.25322237830644373
93468,0.30740200833422315
53150,0.8858887848828179
47326,0.2886067907282788
55563,0.47189684759285205
70116,0.9999950320643971
57580,0.41824584354765837
75952,0.2064203436758093
100913,0.9684420897999308
95057,0.31200048755808757
91782,0.16609428596224368
16983,0.005242379949970305
2975,0.5550345554964358
88963,0.9556333896945869
19730,0.6325407349713962
93990,0.27862568823495604
1787,0.22106241574393015
46145,0.12384435376941094
85637,0.4870003644976946
24327,0.2869628751991622
106396,0.4398817185160953
105351,0.12633324010649094
19104,0.9735541159471129
17291,0.21091088471110214
104618,0.518316495338553
97225,0.6621140140391202
101063,0.9490679464927195
63097,0.9894206335678759
39930,0.9290783970645415
80503,0.7516367628430173
32279,0.7678851898033314
70128,0.20196539594262164
29146,0.03438496315366401
48275,0.8936874471758007
61528,0.06788278545535273
39366,0.004999814360846039
80412,0.991951488003567
60591,0.15694482461641107
21378,0.6533026229924711
81393,0.17724927451461564
91555,0.508619113374606
71883,0.10002392979090718
44107,0.05635728802641757
79009,0.8144794199966534
93069,0.7826721416480283
52996,0.9631768687221683
6842,0.22985500286789928
49577,0.6346119926616753
52152,0.17249434478190379
69008,0.9918789191711257
32692,0.6403119385004205
58630,0.40814790083153046
35659,0.8750809866926424
42219,0.21381358387709365
81987,0.9313585241225004
74,0.08644136245551148
78664,0.5256480867522846
22392,0.08731608656329387
10881,0.6195146984913938
24942,0.12383477237875495
56862,0.43153375148917317
19427,0.19635254424560927
34266,0.39045741798962214
34763,0.9639105592600469
24096,0.9838803071037844
104578,0.28927583515465594
94951,0.25468698150678487
40265,0.36952277813942147
3839,0.5780622957085736
43888,0.2629084820542689
105288,0.0006419873035727548
12266,0.1149181074791959
30075,0.7166469044650471
95856,0.21285448849978061
52529,0.13199714057486578
91774,0.16185225353181115
54433,0.7740197319055839
103412,0.9991945704727059
45906,0.519963980149896
51747,0.9304022434405863
53810,0.08844368809411518
24965,0.952710840003627
17742,0.36755675378437935
1212,0.9994505036620335
59267,0.18358690223469698
66069,0.662040881500014
25825,0.14287585562265792
41556,0.8919308740582703
64267,0.45471285969974073
15754,0.4567436323250829
13892,0.44825829851242255
64328,0.6411055595571259
55212,0.6101328909154008
8371,0.6794148688443599
81568,0.012189049172306227
18101,0.9280349740914046
54160,0.3837640663164229
34453,0.8474246291662424
66343,0.6607206044282241
4086,0.047155132020999156
1085,0.8909055105463797
10156,0.39292981313455
21172,0.20529497468140168
67913,0.5258112763946876
78219,0.9991319054680214
28244,0.30142466195616524
51011,0.884198253132811
3011,0.5158090590444506
8356,0.20320924769946574
63902,0.3001215718885618
49992,0.009898334241134451
26714,0.4718405311655671
106503,0.13584457603101324
78596,0.026331392040759443
7829,0.9599473839990591
20002,0.6263172930288312
53668,0.43197647374573384
42773,0.386870126454986
72273,0.6298350099525502
81964,0.6821527078162368
88213,0.9429812071853318
21519,0.990984123211615
28541,0.37048193729333634
99540,0.47556001701900574
20708,0.9331193517387896
25251,0.8931427902749731
10159,0.2515176197063328
14546,0.6058798970869106
28348,0.031064618624121323
75697,0.191527285981203
34095,0.9506706831225271
78762,0.8951232854641726
82267,0.15119218358174413
69531,0.25575746959882995
93925,0.5664751521415216
57367,0.7064397097205853
94289,0.6062451920831103
73721,0.02212577722435233
44406,0.7487444183415926
79677,0.9969172181697932
99727,0.7588907166535428
90442,0.3627817501611236
103355,0.4447907691412702
65494,0.9838426872630909
38906,0.10342424205330786
73588,0.13681955610720048
45264,0.2864624366028017
99425,0.6971090860349898
20711,0.007728169401365554
52116,0.6551255056210707
101759,0.8802243779416097
78431,0.7153490933905058
52806,0.9737017640055187
22326,0.8921819513909246
19481,0.4289736401737071
29560,0.9564618280485314
45130,0.061263109308051976
59789,0.10739601114205582
40995,0.02486849640413164
48922,0.03203552265463612
63198,0.17161623701451612
63610,0.12915281481642416
75000,0.6550665034850339
36325,0.31086057781656007
15996,0.3425446186826323
52599,0.3954172217553944
1266,0.3025833360479413
92023,0.2268198856203495
86566,0.5575483401028027
61816,0.3853929621956777
4673,0.4846149955515831
57549,0.9967555893938017
22904,0.39439667313720794
80619,0.1694487497334608
48653,0.9941455034918077
74673,0.663689125896357
52436,0.46567049473096406
13915,0.9219994987869012
42346,0.07100079414188466
21030,0.1593380998390499
12289,0.6811719339449744
42408,0.043756001026021785
49915,0.778945972703413
78645,0.19357432479388986
73874,0.8854586321214186
82582,0.45261458528619797
16442,0.3089112708990968
11874,0.08697716387262222
61980,0.12588210757911478
23261,0.18735813886227692
82191,0.1330746389002928
51689,0.1496590628400007
5899,0.9711020802106126
96499,0.5356411218748561
102987,0.16715360453183203
82598,0.01915044721547973
99762,0.4748196334022819
78500,0.0778974546866718
63759,0.4990919403067965
13717,0.2166068075417767
16463,0.07824271037317843
44868,0.7193721707705887
91073,0.7357349645904474
20326,0.020471796979143725
9638,0.6040742265883473
50179,0.5952648481710628
67939,0.3705256385454495
81082,0.1099525221748095
83482,0.6626546757021186
103547,0.9990949727229539
47572,0.04072449719592611
8426,0.4431745504635344
82627,0.21473467382878286
29611,0.41631741180948356
14886,0.8901050348172967
35291,0.3372585704407303
86593,0.8354645509636037
47202,0.9753783645077816
6977,0.6350421167054874
102331,0.127682907153918
24357,0.756042258043049
74222,0.20710837027804896
38526,0.28341704880690655
44934,0.998987733521929
82699,0.8087622475641372
18191,0.04464772225029323
76815,0.10387943532722149
34754,0.989122860053452
3226,0.12629270060915537
94643,0.09344633926925894
45623,0.4627959487709261
8614,0.3678487433863993
8033,0.6276541506731614
98802,0.9949682172654712
97750,0.21192752641238105
3638,0.004151682247522737
42685,0.3040275048251843
52955,0.9360597534886327
100242,0.022818222809883826
102919,0.7483834468717916
16489,0.2814599687967114
101697,0.15925312878434578
96562,0.0011033323845469636
41528,0.7937477756513807
7450,0.18208830944691967
88369,0.44376560252636627
7919,0.36693973123562657
42515,0.9484561288333521
33567,0.23277379049934777
52062,0.9274585107462553
95469,0.6748707853723868
3189,0.35056300164905446
29365,0.009293298127458967
93701,0.19531861032520642
80260,0.873127590000285
100649,0.04021230210629525
53246,0.46273376595095994
91012,0.14814483959792363
17185,0.9244008488511334
1118,0.7588825988375242
5891,0.351957677225845
72853,0.9738342999629481
20340,0.19408737127293418
59057,0.9195451280516194
95083,0.8546615034809196
41544,0.2968227339614975
8584,0.16242389825730924
82913,0.20935272175366598
71575,0.4310070450597776
79719,0.012242759581197752
104129,0.04805500822831116
10317,0.523409542420275
27663,0.9973061709679009
22832,0.05589303115389898
50048,0.44754974624076005
70974,0.18281629748370215
28207,0.9658547462369191
13688,0.31537622532404785
995,0.027705338370546128
47354,0.7450669404935066
99701,0.5103656014867738
62148,0.3197987096277285
13409,0.5142853951825272
33367,0.10839484236047081
56974,0.2790409188941654
74442,0.5676869903221389
61515,0.38013489758829194
53062,0.7647880406313701
42478,0.09881523248885188
72667,0.8068332908723856
13944,0.19632397944149982
44207,0.9997553540023733
80275,0.8862707089313548
85960,0.2579769053984261
91032,0.14271198222914688
102511,0.2692333508857361
72265,0.7022468948473093
54713,0.05436186442598472
85697,0.7712046928750974
103872,0.10330234230559066
90881,0.9999998078082889
23006,0.5841999985255234
33177,0.28396126411926836
38093,0.8591036377929
14292,0.038752972431040984
94164,0.05324753248226344
7505,0.9742440441395787
28045,0.1197311886325978
40618,0.18672417763503574
45324,0.19459126627331752
57494,0.5861927322288576
34644,0.3436724062134012
104294,0.6664276761491771
33832,0.538035870327875
39588,0.1160364487604697
87158,0.7887910542185964
38524,0.9257443404010157
99879,0.9999637627079218
77420,0.03850668191971393
83432,0.7815206692475756
31875,0.6947977109411323
99635,0.09976999337228765
67714,0.9488120198721924
24552,0.9805302671291338
11900,0.43935748914204026
92004,0.1131200452693567
30687,0.8931140730781916
68401,0.15608213325535908
87198,0.9879818686447048
59808,0.8627111554519167
105525,0.28022349670689684
55013,0.7841925775163319
7316,0.37563793538956114
52527,0.24573623633435543
71735,0.9269437216510038
26045,0.2774168579129157
62203,0.40444625012643826
22328,0.04792585194796889
39358,0.2643500234930374
12055,0.20676016197944502
85025,0.9996530665787553
25527,0.5586089149425207
25415,0.152467055804002
14621,0.025226821729016264
48629,0.3167344787609
64113,0.33054733070312503
76973,0.3116525319179
26713,0.5523616474201768
31372,0.052065774120169425
55011,0.7383279361608958
26050,0.9644204663090205
99136,0.9910623014536522
106457,0.24422425595667885
47510,0.4722597423255942
61051,0.613518604799017
79394,0.966751397015066
83584,0.7365458515848013
16347,0.6901327302013183
56011,0.946850603815682
98299,0.3888238410329761
69772,0.9995986598555835
104626,0.11762976767009387
90275,0.24680766588933334
35908,0.865745311150852
48174,0.06418571105462559
22707,0.16190304962527824
45075,0.23281420493405786
78717,0.19012796404732135
92880,0.19574988516468506
99616,0.12931794794541657
40147,0.9877239072501798
67878,0.8222739783019144
5688,0.9613911926973495
29843,0.17557499464401216
93697,0.9999558431612577
77944,0.06990798696237287
10496,0.07632769484600917
35884,0.856713985528812
14897,0.3524099918517443
97000,0.9797326752601626
74501,0.38677953780886093
35821,0.031946097320755984
4888,0.9999877530802124
3176,0.22455958013288801
42938,0.08619346011103318
68361,0.4648176698255012
85859,0.5799316448769921
47267,0.8534244633630803
66499,0.16503065769986458
100083,0.5212393146222644
83134,0.5555527742733644
62253,0.13166286338193062
40822,0.9536129268126287
18377,0.16038731584547994
78837,0.198758728575536
20140,0.3962482720966979
19794,0.10673283286580382
26676,0.9999969934748514
75027,0.9569429375238014
30260,0.4649340983047211
12762,0.6309684262266704
46202,0.3935384980778889
2482,0.8632083390677854
19490,0.08220400477168283
16583,0.5000546065865266
35114,0.03626095824357603
53722,0.999955584060142
33729,0.9956249700767282
101747,0.3360791807695398
30627,0.0563474876672149
71514,0.28289867993594886
94384,0.9148445028379516
66833,0.6279701576049369
21412,0.7181353613412834
41926,0.09142166961800541
65530,0.6823042185726738
53842,0.08326789784656413
13505,0.3912783620181363
2411,0.5133369799614678
94830,0.9280308865064402
21680,0.22942623700381642
66212,0.1412567479918418
50007,0.6264806124030102
105932,0.26510515338231305
27844,0.3836005073196874
89481,0.3107157022651585
43317,0.4798263008507546
41947,0.9946177638300111
101165,0.04340524781492618
44602,0.20951637585322647
12673,0.2637191160222717
60746,0.17733945231731235
67705,0.3720439780040688
16913,0.993428728598959
15005,0.008822458793020403
13607,0.951572068878909
78049,0.16915929727304352
1253,0.16758161854195425
93833,0.49751580408604046
3236,0.9360921006728342
63170,0.8685093174902809
48337,0.5889994406324609
8170,0.4661094245975323
14341,0.6539831670168403
86045,0.47009642945541724
14679,0.4103662001581649
27186,0.7946585631178993
95164,0.16281402110406
98424,0.578699213862752
54091,0.19981257781070777
101540,0.8059364868436911
45523,0.7726128052792047
21227,0.8255417849410392
29555,0.8871417222817108
28851,0.2627394405559257
23068,0.3217599343790646
18148,0.971131813453175
99684,0.3977099396721344
44819,0.02944413744540779
43191,0.293286007360926
105945,0.32515572404856796
66889,0.8315329467922741
84551,0.47533785409277907
15466,0.7286782280821706
53972,0.11006005414704417
82578,0.9854036971431375
51330,0.1851837286538463
44020,0.5699751608716065
39564,0.09910458907419845
95189,0.6260941243302813
883,0.08413237764092363
38667,0.017913895508080514
17135,0.4601916641120566
71661,0.14645224864389805
89711,0.9999626381028064
13972,0.37780453938245373
100712,0.2765914355115684
48492,0.16155093493774197
59473,0.7934258995247843
81897,0.9996746998145105
21537,0.1402328665924037
2826,0.9568558494924595
94308,0.6332651373938811
3396,0.5124047157050624
2405,0.911506981762668
89372,0.06691686182741496
33708,0.9883117804783283
9461,0.44432368439147524
19859,0.136734863959865
63887,0.2441488037804445
73122,0.8407166373003452
82715,0.9672571941081146
67703,0.039869905856843794
24295,0.18644476762226853
32582,0.3041246661907915
85799,0.3374503244689554
20195,0.9962563403394239
47550,0.8625420266652835
46895,0.08603257437145939
29497,0.43015792322583873
74348,0.6088983164257457
36210,0.5213308009857853
22446,0.6153314227373082
75233,0.5929314514371344
106445,0.580871189140051
32445,0.7750232371566697
30797,0.01569630387544855
103642,0.7486937088923619
64029,0.07859230773229442
49215,0.09096087651060397
35695,0.3574100401848574
102275,0.9839039384453079
14142,0.4821269701318516
4152,0.18588969313662923
30678,0.46750587712664843
26282,0.19996127542439662
76198,0.4141109397404703
106055,0.4489609901857764
106491,0.1372444969962579
39059,0.006226116707076757
11665,0.4169990172946416
2387,0.07591010262175883
103031,0.2585736509125811
40496,0.19141523272055372
56135,0.12474178436612354
403,0.6007034733837041
10484,0.5551971669626729
64823,0.13260871446810046
45120,0.18957563921671877
49419,0.4866336845061884
101273,0.1404090822212956
47271,0.562593014177992
69213,0.20134355766656253
92835,0.14909146627665848
51893,0.9219575729059802
14547,0.19029657082273688
68392,0.36706401962019175
66218,0.8838167552887599
4600,0.5297960949068518
45819,0.04784812368213097
68767,0.04317683971338658
67047,0.48357409490693803
85484,0.9717397336080787
104509,0.9826922545979875
7036,0.24261638256322482
50165,0.02935431732428035
84954,0.16469080567590688
31011,0.9143287228054
70318,0.8197102931601845
82472,0.17757700274063148
92128,0.5624711565395157
65709,0.8087366047656583
55667,0.999810670216812
32659,0.8925583962562483
92473,0.42239233358262046
57335,0.5177567783464352
7319,0.609532893706335
53187,0.05076510511983042
102462,0.9346375123105946
105817,0.7997160621478658
52118,0.01814872628104532
95221,0.5202087160927563
49818,0.4949522586829183
52260,0.9989661064350959
36139,0.19965976254366097
77601,0.04940640508958405
5720,0.7300956164020923
89736,0.4734259098848195
95828,0.5404984533667132
52148,0.03184624954676081
92217,0.9612121151040378
37128,0.16176037640488056
3448,0.798920569479342
23882,0.19742591471648907
75919,0.5744906084455246
2773,0.9987816553453742
46545,0.18664093053683584
47383,0.3139742923450489
47764,0.9249064828850894
60087,0.8983421888003074
40895,0.7963205504327809
60037,0.6825102148664781
56735,0.1862618816448786
90269,0.13582632950116347
81695,0.4672758662215195
28667,0.28574189317219023
41830,0.45873672298100804
12071,0.9189751073144437
64758,0.1436477420923314
95667,0.5047966383370375
15970,0.6652161613599333
8714,0.9977890237468239
73494,0.4081653123020549
58667,0.17695169677393796
103827,0.27472369434814253
36019,0.47651828744177904
104906,0.8744680011210146
80456,0.01316319826011841
9779,0.8139875671224568
54446,0.23283969827994672
100246,0.8151127461697656
100011,0.6092206583093883
89389,0.027148314863923703
92286,0.02765074336139004
95191,0.25749391800652177
52556,0.28738932505835746
79106,0.39809795959966005
26182,0.29057225933508657
41784,0.9628673181786869
67515,0.1462616533456133
88718,0.35098239060149206
36028,0.8122799618887384
99110,0.21063698973227152
21228,0.8875881428423693
2517,0.0011939896950197487
96150,0.23165145681504534
92186,0.08929733038237547
71180,0.11143863788315317
30270,0.6743309389674753
62162,0.0261817367315471
80856,0.9076658817970076
76872,0.18023153482368487
2440,0.7732284538517509
41282,0.9970817484475519
60167,0.9690907333943184
42395,0.06507464418517865
68137,0.41631078450432657
61867,0.15123530160087406
68046,0.18579759951123725
11569,0.8512619217077089
103399,0.9931388717045011
87179,0.271160072253136
96885,0.2629397301985684
14901,0.9480078925450917
25975,0.47207320400635905
54082,0.7198266813032975
48998,0.18385728954613412
55300,0.9798952822915123
101585,0.4421217461610258
23064,0.9318652339679976
58738,0.17042969817146664
44346,0.1673492240707718
86930,0.8836054746574133
91506,0.9979300717369703
473,0.10214732695212048
48432,0.2068727420998105
32006,0.21030188619633872
77706,0.23604602553689308
97917,0.42115873529149156
51510,0.2540705163325149
57294,0.1757282331282028
15801,0.0883115477014042
65299,0.9891280213073665
96244,0.09381938973368648
70475,0.869482477348212
98757,0.9793686675519433
89247,0.6966756261080552
40225,0.20373580059128338
56253,0.0643215951382568
60914,0.2694751735413384
99823,0.3840748308022008
83113,0.0049780315233520465
40439,0.7069998629466175
27291,0.16559216376930158
62575,0.7011795021916759
66246,0.7990355775412274
96928,0.07816501608147108
85392,0.3422551123544771
66892,0.8855718812751534
43058,0.36530909767090397
90704,0.10439780376636554
9915,0.9669873032483836
26056,0.9954007094287476
66025,0.083022371371412
3230,0.32507374188866767
59951,0.18377372943454867
45409,0.5306535092080034
16258,0.17217302919615962
96360,0.14968542930113538
91311,0.612964525679252
30363,0.6609206894917932
84785,0.15184267087438208
87913,0.19630671966600038
16539,0.8337061811898747
60190,0.9682053010724196
57898,0.19729305370906286
72182,0.3969796833728706
95817,0.07448185265831123
63330,0.14389571423715336
90382,0.9996738682591213
106043,0.40641586017094494
61392,0.22013934913069405
83131,0.8729437633929096
98380,0.38903879075377146
51326,0.06310822343330524
17431,0.06748629896763522
105844,0.6367880407336195
47380,0.6346193997899205
64299,0.2546023504115871
62789,0.4085372342330805
87467,0.21023790092119582
28121,0.9994530252388651
37282,0.08597269072708241
82185,0.19616036208119525
17592,0.1290056620485367
45457,0.589614546209581
17879,0.20392354688642095
47347,0.991884012031443
88330,0.07187524207519118
3610,0.5959918183751759
76546,0.9152699175025787
87496,0.44746021141312675
6181,0.20451227955745233
95849,0.11574659926863246
25711,0.17050396229953924
67387,0.006580244420881414
38259,0.015657938799548014
62168,0.46455629335469995
9713,0.3125812437190214
81684,0.7835309978588377
46454,0.03341529718789252
55548,0.9698390626666541
96620,0.9656723896927366
58233,0.4837726034611894
29507,0.08727330081425128
104543,0.7921944464365765
38955,0.9591391237271948
100147,0.08296392103135536
25402,0.160569677930391
31586,0.047674006494418275
29310,0.5504078273274768
99618,0.15082527137318186
100224,0.5444936315295898
99149,0.8587445867358103
74254,0.13170331830117177
14071,0.09869534890886716
99246,0.9991677949832732
21852,0.04766343835337963
62708,0.24633669348943027
94288,0.8001769151193008
29514,0.9335542549547358
87479,0.7014251363784886
84918,0.8906936974216917
42449,0.11886151658325911
93629,0.07583975721470786
41948,0.5176517186319858
100684,0.2334899647257369
96099,0.6482941731283262
95464,0.5770240453746854
72015,0.664277087890617
87554,0.3169131582938865
70392,0.47508720501739715
67226,0.09185063851085162
71672,0.040757436007924995
99298,0.14163907171444673
13317,0.4132602496364124
68304,0.019466269116755676
55505,0.05020706816650546
56260,0.34305401112591305
71880,0.634232660479503
99580,0.6820669076207062
101003,0.8330817909438546
49593,0.9210907859673582
40638,0.7089794644125109
76115,0.11623578869669482
21445,0.08158932186456208
39470,0.5422354807710348
11142,0.45191696030605377
49054,0.6009363429585995
2462,0.21781262686018527
61317,0.8630013311859289
99570,0.8918177365223512
92798,0.11021739684153165
82303,0.4423319957336834
43375,0.18208090530019616
74108,0.08207627637617393
94584,0.6427942772555708
4811,0.3801201671584695
13896,0.9996786302229189
91390,0.07938266955434714
49275,0.8863133793315232
23659,0.03916880819325698
106175,0.4071050781263139
73272,0.19125022441404593
96921,0.07051486481702873
51358,0.5711956123678608
16956,0.9734916948295373
99792,0.37436408640779606
94547,0.12004389795569664
15924,0.13115391683033462
81313,0.7793464769417957
15929,0.7615109265283346
53867,0.028841956293078383
37989,0.7910719437139742
82371,0.024221862480265463
96366,0.20426183103100143
26743,0.2626097469431612
21493,0.5050030648441478
70163,0.950342326618977
2806,0.7297240189696064
52672,0.12781143953139945
102997,0.8150828924682377
22913,0.09205460772428037
102036,0.8400096336896845
53408,0.5966283638485594
23008,0.1293911053123536
31264,0.4661154011502914
76345,0.747853197128193
17198,0.017342989969706703
2679,0.2417608522308562
5095,0.2510792233033721
106767,0.6523963918254347
7731,0.5333697989898782
48598,0.5098153449022302
39950,0.3344364194726709
2772,0.17886843028736876
89479,0.35593459078114237
27308,0.3426162732219331
66124,0.060124173857610985
29808,0.8682386304503984
36108,0.9989797891089947
61131,0.10744312447201959
100018,0.4523548108603912
70535,0.333793884081733
32555,0.9093958237635911
51749,0.08978128061158319
74533,0.35005364307152464
14536,0.34755499586059435
45541,0.9999986520869002
44537,0.4260344258598937
62836,0.03901987036086824
68878,0.41408107189355947
8271,0.1318886553939813
51634,0.21874781159532647
69928,0.17793292060325744
35823,0.26716486461628364
2028,0.9816980449978646
46987,0.360564088818791
77389,0.23859895799585668
69142,0.22792676002721513
68128,0.28813402410265265
38330,0.8939399403930226
40839,0.021934937934744332
88762,0.9999220943178592
13202,0.4120889252247126
12164,0.18420312754689067
32314,0.3839561027191801
86213,0.32602728242512746
100193,0.5880465813659996
40830,0.18938979725948796
103382,0.6016781992441923
49266,0.3166883406221539
60873,0.9917845090061104
22141,0.04908549433513037
106176,0.05621116565110655
88056,0.9985683646471216
91514,0.8372976680703592
28593,0.20854871922124035
1527,0.990792429843029
47087,0.33316989580590073
34354,0.9942326967176778
45978,0.40757429769706255
42767,0.6134937535846284
82442,0.8572451390022324
65451,0.9255871121442405
98499,0.8194861363027004
87603,0.290929497708656
96190,0.3906719606334448
101620,0.09865142725494408
83753,0.22657022417100092
42516,0.06928914304562027
165,0.4740143355356783
84135,0.018158879046341184
83673,0.20480104162424861
38979,0.9022749693490375
82212,0.22511533717315158
80142,0.7862437341761168
9816,0.30455494855435444
92679,0.325030576460279
28269,0.29022573758872283
46357,0.5450246400144974
44452,0.08279439366954577
26166,0.7186891436038413
24461,0.7142814266472021
84233,0.9815294570896127
39606,0.8645611292344221
28982,0.14975893869996565
89961,0.9949022259293325
8755,0.9938352987347459
68495,0.3895204685065577
80258,0.4683088328241464
80935,0.8261267961717103
103064,0.6597465459223534
81312,0.5914833643454401
27595,0.025227790523769694
1206,0.17403125470892905
98601,0.008826138320236494
52470,0.8852950760164386
80555,0.023194150667986416
89749,0.017627294342847183
78441,0.5061627401745739
34119,0.025185985225248946
45545,0.4088466889434033
75653,0.7443210800142908
105022,0.9999708401439805
70019,0.9456456245430905
85760,0.12267537691138208
46440,0.9678680035032114
62491,0.4556280808384194
78165,0.632079465911171
44865,0.40149897524423045
32477,0.06721741665934912
66037,0.19586146860300313
8933,0.06463695886080557
20413,0.9135820600640676
59053,0.18487364013722196
80453,0.14267166531399955
73023,0.29040690595260477
76948,0.0656154074713001
79114,0.31676945566189085
6511,0.024204525837554055
22113,0.952271880806978
65212,0.8003535064717333
52385,0.24279893260404128
84622,0.5823850293296053
76885,0.43421181996201963
2346,0.35965814542311797
96048,0.7483555266732861
105509,0.384457839948919
22744,0.650724338914696
96713,0.9894841058583604
5977,0.9999721019793831
14216,0.01577717929837357
23871,0.7017415992312729
20971,0.02664032739902809
70406,0.06135246258555532
37062,0.5127885037917874
45720,0.9990830000373842
36993,0.3660326754793661
60299,0.953037849498109
105612,0.1428127006391297
56938,0.888476607385118
62552,0.40375773516972024
89960,0.09495218472282763
28761,0.05565575864802262
72155,0.3496123022925995
5840,0.8508196560804453
59392,0.015439630920083743
44682,0.8866387581158999
23326,0.9495134868887215
49234,0.9259623058522239
31127,0.06388828535008377
40377,0.3688138101538148
68034,0.7627734520651819
5458,0.1126526364370169
99973,0.35507702409164366
19165,0.0066422726641396385
41857,0.9871314778153999
48813,0.5993861033396336
70203,0.09202927529937888
24496,0.024680382814332467
40711,0.9869242691781279
84113,0.23257418073163727
79538,0.04637149048900116
31122,0.09200853293158678
52174,0.9638527040880857
56388,0.20664678436469203
81550,0.4655179319853247
25682,0.27325425039293894
101809,0.9046743025353343
101248,0.5180005603446839
76771,0.023920637263321606
28802,0.4459292322873597
65658,0.7282150661509013
52474,0.9064966599299263
86160,0.1857367298706044
45874,0.3621015917140231
106522,0.44790090433225216
67547,0.7049412727034311
60619,0.6751404102095727
62621,0.22095139860065105
17982,0.7079875483387152
65987,0.03820824640508611
59280,0.05848019806522212
45473,0.20764169903255814
69620,0.9892465833183114
12599,0.29675142037768204
105491,0.2838747111045573
34394,0.8201062121260994
96466,0.38970741625097793
99079,0.7668115123232495
1406,0.9988953411649721
38053,0.9571140463439138
66957,0.3110078516957531
90555,0.9948066491753982
15335,0.2746502877240769
588,0.30611140103603207
5956,0.8638224033254094
50798,0.4841940951146464
62318,0.8442770148014656
13452,0.35909772373514687
73019,0.005828440569062306
57538,0.9773361041182386
72347,0.742711452071381
10812,0.9049836700616118
57417,0.2621977942461778
52221,0.9379199999696839
104461,0.6651966227641567
57479,0.5321027864617117
83268,0.9940789615909141
71935,0.3994860962061986
21294,0.9916407329357784
63595,0.05773106205961413
80761,0.9999464337153148
94684,0.937905545979492
99244,0.7353497650790792
34208,0.07779027794029617
105649,0.2155502073567946
31941,0.9359390106754495
88250,0.22347665178931903
101079,0.12009557102622392
37863,0.8179319806169335
53277,0.02098695816062191
20997,0.013615608215436828
15875,0.09907389463639388
32719,0.9576081759765125
10485,0.07423350616694797
36855,0.044809092346199786
11755,0.15420525939894336
73214,0.4888501874004288
87506,0.434629357045514
101739,0.9980650051558235
50208,0.1517355978232005
64415,0.7845928571692455
58342,0.12325046236694004
8023,0.9175718883155726
40268,0.03889911219060564
80228,0.12328671998116053
90160,0.8500766329583067
2047,0.28207534444905646
101432,0.9508305040132566
98505,0.6814010159476749
30555,0.19273817646444935
73792,0.132527072317013
64632,0.6621438296167067
33499,0.11736900170993397
1119,0.4076334041773477
1058,0.8350195752683226
8283,0.27679788271925904
17200,0.9847089745109642
78328,0.6575271506410036
17321,0.007007133345648776
8073,0.17358377275992304
46654,0.986743416028583
25672,0.4159339277052856
1915,0.2238567019533148
44594,0.008933857380214995
35100,0.602359830413768
65672,0.7604021346114509
67775,0.5117940700129646
88131,0.6238770683570207
98134,0.0830384105427121
59219,0.002139922310789478
20236,0.7552418709183438
33606,0.7393016330134913
5476,0.25743069003288704
49834,0.9943454676171701
36743,0.23562744063472868
76508,0.15685253402525945
74082,0.8309531425407559
53128,0.6328346203228922
26944,0.7262584712463472
95272,0.1287789124741966
95663,0.057009897791980325
9514,0.6595207718367792
42561,0.011944694014289402
13562,0.02284093205802803
12109,0.9713289483746158
39454,0.958299387003894
104706,0.46257729786065843
22537,0.39586329845443946
4834,0.9578884142481469
63389,0.6293326079537771
74923,0.2681471163810612
72902,0.1398418820475148
23245,0.9559714707683182
3773,0.19635785813813106
106907,0.5334027890449422
11813,0.9972855329609028
103912,0.03386449347072048
74295,0.7870919365031336
97152,0.015557835488031205
66967,0.8861073358830929
23994,0.19838658113505475
72500,0.5118168119160104
71422,0.8553598311248272
15866,0.7854567488358741
28325,0.16856472344429924
30274,0.1079649642737629
75238,0.9999988758283689
1811,0.9999991822364667
3289,0.7225698592317735
63513,0.2901879591762266
91050,0.9987914953043526
102644,0.11726864835470441
4881,0.3584450868098711
21117,0.7427855936281452
21420,0.06075191993248099
93509,0.12957994902607406
5744,0.6916508579362394
39540,0.9022746607730255
74210,0.1377366893966238
50049,0.4757133119440996
87468,0.7410189378985966
67275,0.39899174124732695
104410,0.477285642820154
9216,0.060182142552557244
91600,0.09707974229532607
73326,0.2015832454701112
18060,0.6290529561322744
89128,0.8034614341654989
9150,0.9767991038378
51730,0.35317240525507615
6820,0.985404411518004
49732,0.9999415739609875
83047,0.3882150760556563
3568,0.14873039495792978
81542,0.1746275281989939
94590,0.9999976095144226
36340,0.981820737037195
107051,0.4408422440079597
11316,0.9072557821248275
70442,0.999641587923998
66737,0.2887340338688058
40642,0.9385599051507301
56152,0.8534349726440585
41682,0.26634361708842014
84689,0.8329658648252749
7463,0.010501389288627122
60975,0.4362770954949172
81390,0.04790601831880215
53082,0.38353315280573375
80283,0.05693043681510598
3319,0.8198948657076022
24253,0.9499919797123839
31457,0.9827590405706507
80082,0.7400274757095828
77132,0.6925720122178419
8641,0.00791505345305163
66561,0.04972325972490768
96769,0.24027922887308578
95247,0.6293006544174891
20139,0.45519594170341676
13195,0.8815222926054727
16834,0.44809746768482245
57606,0.8581153583978566
1841,0.9687743617647273
1977,0.9930934865048253
80231,0.284929071363221
5467,0.8352918740634048
7663,0.9719311348375329
107173,0.7004530463155463
550,0.6348117098023421
6315,0.9892527219638048
45508,0.9976167040543442
49549,0.30976942986897815
15121,0.3424043485781266
24177,0.372791685824961
98884,0.30104914914308323
59840,0.80306795994741
30810,0.9349031896265507
13522,0.7310569679175785
35897,0.7052267688800047
6943,0.5908854168382541
4178,0.023316302150177416
26928,0.18609197716674314
75220,0.19998074749219802
32592,0.20758197939544198
66134,0.512937381301047
47676,0.2490106234460418
72775,0.9697344888515167
30443,0.09278961450487938
101569,0.11651471215493142
30235,0.15586598024617704
30793,0.14670256375875368
59250,0.6452736373796384
94383,0.7871451305810244
20596,0.8399162378851653
34051,0.9859725965029101
23981,0.19759509027869365
74201,0.7935497266890148
51578,0.042250834969297386
20305,0.799174686024763
60703,0.8430560918790041
64082,0.051609883045476784
60147,0.8375603134293612
65815,0.33828404554385716
24922,0.21395830750222455
56182,0.2137727902801933
81076,0.4715780597038321
44501,0.44398403544946663
78868,0.5819407998809192
83613,0.694714022109767
8586,0.9983587433325516
100730,0.5049449491128526
73251,0.10261523119523941
82495,0.6796490322790625
90026,0.17715452686488153
54625,0.9985444882605583
62333,0.2502654798004071
78707,0.002329732801262023
960,0.9999999137103953
70001,0.7921248875956224
101246,0.11583258371368843
32801,0.5029529651645622
56595,0.12670412693044658
16065,0.2866246989215475
67082,0.28960392220818787
9168,0.44949133242911454
62656,0.5943999581435169
30789,0.2847568694418408
76112,0.9996073137472687
38813,0.26315511594277874
88451,0.3019965158029149
6867,0.12938632948071033
48437,0.28645801445923613
61178,0.08527483266665614
14753,0.13328521341916844
49058,0.8196637752503602
17279,0.9874768027075639
91458,0.013980468255760978
34487,0.9017724250850159
8037,0.7264538150151442
20133,0.976953670332747
22726,0.9276302928410862
2575,0.4267659653701954
104989,0.3411719386024559
47648,0.6410022966345508
56757,0.6490162612984294
57160,0.0012713094427439725
28203,0.3111739435407573
91906,0.01558712275762691
4741,0.7982427771530741
8066,0.04058659582202838
3488,0.7938024831967457
35405,0.32475593461598945
40583,0.11662012307186487
29373,0.9682756299026786
71316,0.6180849546772115
6297,0.3981442339182953
106650,0.06662061373049077
48873,0.5912405582484457
56782,0.1254731353519682
48493,0.9018636221400234
6687,0.08610582451762039
96262,0.9523877662792998
65583,0.1880345206520152
23039,0.22594632863630598
46288,0.9931572178482062
101519,0.5917439703673455
50678,0.5874407076821542
19338,0.2142145394216649
34333,0.8524154444331679
95157,0.14278763753897716
102009,0.9961175274322499
78600,0.09613733554679232
50120,0.41088582253101047
75303,0.3737607795929174
95981,0.1272824657243501
39346,0.3425510906847544
43176,0.6479939514851943
72905,0.8915595485110626
48686,0.08311907914092559
103602,0.367570800144268
101486,0.6548146754878111
92893,0.5529098272084406
61085,0.11675113980719598
43804,0.5731988343781558
72017,0.7865597079175057
45027,0.44794380072323553
6377,0.7254667890324079
82,0.7566215126247462
94158,0.01629766410308877
74754,0.013005770896010196
51691,0.4977204330980135
84566,0.07619426975730795
46750,0.22245163074965996
78298,0.18063266933579486
19777,0.8063878807423115
93311,0.8929547540862078
54630,0.9412170349030884
88750,0.14393783250326297
86677,0.06036959447795139
96078,0.14999156231722321
10884,0.31859073962638607
73376,0.2105564447941899
62042,0.7544233750228504
56531,0.3857322002700808
96054,0.34513866093062856
47090,0.904416908545221
12313,0.6191910961447892
95437,0.2885266920005728
47954,0.9960271936222379
79644,0.08458054340489879
85620,0.947302610607919
92921,0.11255781187820085
92507,0.7585785289337111
40689,0.7070334018346749
26726,0.03725622928795832
10648,0.09062746597729465
52156,0.9435306220930735
35583,0.05629838445270383
55810,0.5134736873801805
14241,0.3174422620859033
23864,0.5464880604739826
6324,0.15930142387112584
85321,0.18180381061571277
103017,0.4134024965065158
49734,0.5283418721934677
30677,0.05768781367471412
50259,0.01655025647772428
24519,0.1025130258441983
81153,0.1442447517389368
7638,0.07521344694579202
31760,0.20770516653511162
21407,0.6119081923926851
73056,0.7037182116637154
5397,0.13658671939186684
52648,0.9519827025031103
79404,0.09403100041204593
87318,0.004415071660685572
50063,0.95377027375051
62869,0.318582665494998
9282,0.25702452699965966
33207,0.06702446360032747
36832,0.07650733909751636
39168,0.578572424889155
39004,0.34412791799677467
42231,0.3802590917813745
71552,0.7026932485603568
32425,0.3846110410538351
39202,0.9166903758439968
64874,0.5006318669790317
38211,0.14623356072226007
92532,0.9999999940878901
56621,0.06568817302207354
52133,0.10147894740025837
45156,0.09898571541374401
72892,0.5751470541761328
35120,0.530215981466406
76104,0.1725602283323468
13086,0.005310945591103282
44734,0.8670776615739333
77203,0.18837011454715924
32919,0.9451731359383767
60903,0.23601611565698283
84000,0.7915632530580952
99303,0.8062696417392958
62158,0.14367960381609424
54089,0.48714963934401906
40710,0.5105783819631426
78004,0.20868364277682427
32074,0.16482740471051588
14113,0.043556252358133714
95540,0.9503975338881318
41386,0.5494753705541979
18064,0.45147894105330433
35811,0.4571227430357147
54232,0.8332115516729584
86245,0.9796634153876836
67616,0.21065843242643084
80266,0.7633625645767803
44141,0.6595949109634157
50584,0.897161155267377
98738,0.033114987888062546
11070,0.07417644624518521
105305,0.2917973804742553
58809,0.0676488437851429
72617,0.4778303114236195
37669,0.2632216715137754
73809,0.7996821401510669
49712,0.11694170212139854
85108,0.4018535519696432
32882,0.12248596356056951
37595,0.2022099779368967
79819,0.06819739930618553
65774,0.6957049344265254
32984,0.9745287122554054
92089,0.9880620389223967
83770,0.35227518170786454
57442,0.6444652051462203
38253,0.039438033744568175
54243,0.9319907586465258
15299,0.3584196151221595
32589,0.6492331486717229
16945,0.2015735715191826
51776,0.3399229202406727
59374,0.04058537963366967
65995,0.19397486379605772
26736,0.21934324940523459
84059,0.16061976036918607
17995,0.9059871354390561
63821,0.9994888100536274
63259,0.8255559842182689
6057,0.8118076820432379
85363,0.5459236338414328
86145,0.34196816108264716
17098,0.9116142739464382
73,0.02869136022618996
33560,0.5304164683280354
34813,0.9443307338272369
2011,0.05863671386908826
49904,0.5551141195759559
29527,0.090354494908641
19572,0.8889748769889448
70976,0.09223901859222494
103291,0.8863707907603571
367,0.7462658670690321
77990,0.42043324280861905
99323,0.07514699090076914
70762,0.9877615587235619
102691,0.7058127425272113
30827,0.24566518682821586
37704,0.11876909227692861
93738,0.6376776184132982
36077,0.9967405777922532
21236,0.602654003642002
54913,0.833392752971088
99433,0.13678278126171162
64038,0.9438341228139355
58228,0.6380383935234435
81187,0.07024535650108628
90101,0.9001732479160354
57523,0.4298278234755161
15695,0.3100239594606833
19808,0.13968538328317653
41702,0.03793926232542774
52520,0.3818331199177685
15014,0.646113168541282
33184,0.3946917331805152
32005,0.26181067805500025
101164,0.7237115055174137
21810,0.18775434906080007
14671,0.8284693654439126
25123,0.1980724496798189
10673,0.3461505207983337
34660,0.14623642993882302
59131,0.3689068191085296
40513,0.4601448405915695
91323,0.11315954445837284
6942,0.6091432463418556
6232,0.6993983002821942
47970,0.5718103499238312
55360,0.40810313757773165
42541,0.25522048639722705
1644,0.10385139080705058