id,score
34566,0.2576106205327769
50272,0.2700622915988309
69232,0.9116421764517882
86223,0.08548257094486335
53524,0.2840543580874372
42142,0.5647542514670286
22559,0.8602921935363013
28141,0.5167953046184548
72186,0.5046575239943725
46468,0.7804502021340337
33307,0.6916418751154907
96701,0.8486116438835534
43458,0.9894498542059507
50885,0.23806521021228605
73557,0.8242850181519931
88932,0.43752384934322053
44717,0.45070785481117676
99278,0.7867576358281188
59988,0.7732439423348662
41296,0.6034746279307038
25715,0.8980425963591911
98187,0.458900842389123
40635,0.5239404686275605
76486,0.4876790019568472
48161,0.6187500457220104
57858,0.07554123172491728
25848,0.9856475004670702
83247,0.8244060166461542
100820,0.6491954984313973
61843,0.9884491883742086
47864,0.8891778720546011
14338,0.9229936617097625
106760,0.7031488189863645
42892,0.48779488682089933
20995,0.27837683655235435
68283,0.7117816770988151
66796,0.10097097222501175
1175,0.8684817843940036
55171,0.23449265738268882
1693,0.09727195949087691
54411,0.22404286100617526
73718,0.9753609574440281
99036,0.8957454306490452
29757,0.6087497684099437
1352,0.9998497150633459
6970,0.3710018891848888
75513,0.8052788485718829
103376,0.5099286207968882
11566,0.7667607764569613
85724,0.14051006994885423
26255,0.6394385271510963
83078,0.721292643692566
22092,0.8805764011455206
31379,0.10417775872236279
20478,0.19672707233804337
70444,0.9644126065098796
41587,0.9848586874909011
74822,0.3007615951751654
88815,0.809929763025339
6351,0.39717794437961307
105177,0.27743459852972335
58297,0.24282878254627843
39926,0.4623354863334488
97160,0.14632306231379108
86332,0.5754368376351191
21551,0.3558998201186448
47546,0.32422008556207965
37196,0.7732682733687383
19800,0.15348904193921625
67091,0.19680158994323352
90146,0.23311100802691048
52084,0.26317795016302126
26000,0.459003114788612
20558,0.9972999999935709
32315,0.615308262151008
95299,0.2773606682487787
57575,0.9144764520158581
57431,0.2895017305058531
15164,0.8387664722424131
47959,0.41093480367769175
36213,0.8157824078882918
64598,0.06636761849644857
85180,0.9741566837874001
7330,0.17355827938179846
96758,0.1990338388058256
60760,0.633357569580173
95190,0.42220487897469916
70419,0.3431041437224181
104315,0.8735345917097952
80963,0.9169859194653864
104090,0.982697197024932
62040,0.8698168134793507
57462,0.6482437495914579
1752,0.9925998306428554
13352,0.44444552427682227
6969,0.43110024287358506
36448,0.20846808719035564
69866,0.902475353007048
37138,0.22656661889349566
37149,0.971330205593705
83158,0.6223266941169647
107034,0.5524024209895305
83603,0.4653413061893644
33886,0.07992026766160126
55417,0.2729490982569494
57938,0.9753640619254194
27867,0.054488894739523584
101800,0.8707393946954041
91813,0.7615757839305064
64083,0.45617354312405
29528,0.7948432703057958
71645,0.9472995151486443
14467,0.7273038376484435
60324,0.9933999848408519
10743,0.9437179368776678
64077,0.961571388629926
92251,0.24394964229409138
15067,0.2135946698326735
20047,0.035634789144155604
54463,0.22702454444133355
8025,0.031401133479701464
27998,0.606998610971907
91510,0.4833310626480496
49193,0.9625076650868709
5404,0.7537014303099784
98897,0.7628788049619659
46045,0.6752111161098423
95008,0.1534053152312572
43419,0.5534355597568016
58059,0.2386601066363052
10051,0.6218141702984137
95635,0.7048422795649085
89780,0.02491289568695319
98548,0.3413644252914104
27466,0.8449667829065004
2992,0.3169807778151713
105855,0.8598256628790766
14278,0.6024977820883027
13478,0.6542938054872329
81475,0.27871237949169914
21191,0.29414261923513385
13291,0.08226022146624784
67019,0.4397128746420339
67840,0.5309460382196067
61283,0.7834300113010825
99646,0.04387170825915909
90567,0.9672328576509894
95937,0.14867443612662687
98569,0.8210334900605691
83135,0.37902595025672625
63766,0.5040336138534519
58069,0.217846656765326
61012,0.02250459686994416
23811,0.16270059303628975
86719,0.2561500749336306
71966,0.6912740276362043
42822,0.337868719678506
41669,0.8826988448978806
45307,0.8679664409029331
81709,0.053055371264541275
7658,0.6300542375725046
12419,0.6593108519360987
50301,0.5348550358649888
54932,0.20687215763348482
40443,0.6693817680026469
89290,0.7553206532548382
18566,0.6857930199835187
25390,0.7681023486658429
86488,0.9467754511488425
29629,0.18361917104764286
11058,0.12027903428361077
54617,0.674191583643344
41981,0.49152407679783816
87296,0.3399835621927231
17667,0.1156605149872346
5896,0.511444648596859
75975,0.5292494352822239
27593,0.06812596444452707
40873,0.9954192272883899
70373,0.7938425215765756
43440,0.6126452296503682
13967,0.053326087939876705
105002,0.4271789373893035
18683,0.727679866587062
87657,0.7991862711965027
57708,0.35265319575257437
92606,0.8161146204746221
72712,0.8648374691919244
69218,0.654016585832961
58810,0.8511886215534331
95425,0.9681268362374198
95904,0.9228954662162343
79487,0.8828905800512235
46830,0.937568069618177
69561,0.2495994306052718
94968,0.7567213343976416
1988,0.9232942368478114
96273,0.7457848512920557
2418,0.9947499809362473
12473,0.38091244688563597
19291,0.14929717494333294
10962,0.14202895313180514
47640,0.27044735280870313
93483,0.8491931215290331
104092,0.2203485833238382
97169,0.9083949749593734
31477,0.711687318947489
75670,0.21190957305932312
65370,0.8124339715837607
10836,0.16303095584574245
68685,0.4622307799542691
93012,0.975936008582861
80205,0.7952519616276315
66783,0.2161622596821147
79142,0.8153249941799097
51106,0.08138459741846843
101527,0.9976617314249934
46079,0.9004225267001472
68864,0.3092876680195413
105489,0.40473558023292866
54811,0.06393092686352694
6426,0.29133242908791324
100841,0.98664992619648
65650,0.9645896858398118
57870,0.13116733832635777
55990,0.9329347245835273
106074,0.7300375525444267
49536,0.06597137032324815
89328,0.8763665946926765
18713,0.20030215789759148
91797,0.6717624832384234
106639,0.15766281467612392
5890,0.330269942118481
89684,0.31424944817491096
54023,0.2960454706105228
47021,0.4449723678143317
31128,0.7641880781954247
1963,0.8881629506901128
76891,0.41359924000689663
90892,0.3994765569835375
63803,0.14339601541091254
49662,0.8532201726518434
94938,0.38338405281206317
23162,0.05882448314027895
96698,0.8025079634996841
103791,0.6815161853116852
64992,0.56937933965611
58764,0.19635756188851736
5358,0.993145293992578
61333,0.9758314469958604
63475,0.6177101955690267
13214,0.6778284742985375
21817,0.22297960092702013
34789,0.8902943161000463
33534,0.6262885226566212
68438,0.4820232138528842
103299,0.9411987516955346
106707,0.12624649685678163
37671,0.06864225790195139
36142,0.9963999056287132
75447,0.12816771240220926
31898,0.3677593681020629
65458,0.964867108527105
20782,0.6233608366595094
93542,0.2690170256459692
28068,0.10696599078436653
13088,0.2529473049621225
91210,0.29214400595830925
73055,0.9142795438735005
2146,0.8862552570789088
45779,0.5664603064606852
53843,0.7862682475754328
6613,0.8114977316585275
85068,0.3543353330991619
34339,0.6984202869387475
1747,0.7998757104871074
100398,0.2519743647385947
77182,0.1304466144795634
16496,0.9059742867942366
50826,0.2870996131358057
54432,0.6268941069961323
106786,0.8636504302619206
60662,0.56124762240174
25319,0.6976060465428007
57166,0.5135545859578181
93039,0.6347042723275113
57408,0.14359314694328723
98502,0.6780693851595949
89627,0.1810264045680591
30063,0.8869091616076066
37625,0.44948538411044947
20751,0.3873795347751029
43244,0.9224640004847806
66830,0.9661775784074954
7174,0.6503220525920917
98246,0.8062364981374823
56972,0.2646034504677983
84719,0.0712216175834871
86073,0.631255355334537
49249,0.9905499970447085
72494,0.5086832348518314
56350,0.6910082417546759
75617,0.43415904677391703
61192,0.8651649076966157
95727,0.015185591049738519
53226,0.4605783065958373
11746,0.17488775801680906
56780,0.07458230541992578
48037,0.044065656849022625
67699,0.7251367891541312
52046,0.9942499988645199
7373,0.6476853674861045
55155,0.3824142398641947
87577,0.43444229538933377
97264,0.9063553604932915
73458,0.9068810770024474
86325,0.620151781589694
96463,0.626747612247305
16633,0.9439025219118096
75069,0.3703725151066769
35487,0.9797509316562256
24768,0.40463000539817734
34822,0.4726743825910968
101479,0.10790599350661023
79766,0.1813638637785986
49768,0.06316199074482269
22731,0.9251559916493479
33574,0.6563585466335815
55252,0.34610743146034
40683,0.4001623505928097
33771,0.7793608332711586
857,0.598738154298646
51226,0.5246878061954262
46831,0.40307737631427243
105253,0.46791478451231294
79491,0.9932999960880511
103022,0.8367849995999914
82950,0.4775319332454476
64234,0.852051916016724
78991,0.6175759339134653
83774,0.7158551766681492
48994,0.5605429074409589
84569,0.9247900441490922
80903,0.454304397596503
39230,0.8730387995046267
97195,0.5953584751261082
34972,0.8213217013896732
63621,0.5738331637580375
11553,0.7269766742449736
95009,0.37411653593147226
2753,0.48691873531928553
102798,0.821238602256955
35609,0.2730714355702683
45723,0.6702913065454932
36421,0.554616658256479
93564,0.054658740239185225
18673,0.6252960592757639
99963,0.4478384629179869
19921,0.24947020596344305
9379,0.875294474521773
63121,0.3975407250255604
55480,0.3451657666930951
102975,0.9929499904184323
55632,0.3406208938513129
74937,0.6392575404860699
51836,0.6456183211284187
12610,0.8242297140745569
46487,0.6976431504780687
42150,0.12796947451706525
2908,0.7293912227254886
11348,0.28213304242184545
104966,0.12766255556173586
56207,0.6730628536259846
47420,0.4733675568846383
70191,0.35756949352906886
30693,0.6904145098089293
82367,0.4395339392351536
56454,0.09581971439088137
40608,0.3351128383384003
590,0.9159456285561761
64431,0.1301828917937954
14717,0.10231193775071795
14898,0.6528078343552716
5949,0.3148461269722537
80059,0.262340208778505
24763,0.45996396775030207
46875,0.03372156823043837
26931,0.1829323889703742
72880,0.445066424132082
104802,0.8661740119850374
39042,0.1452834835243164
986,0.44412088224470603
7537,0.8175876450738826
74147,0.8734619984509653
24786,0.11926781265988626
94019,0.8326934763295628
29377,0.3649163772814377
16134,0.7033994591459267
9499,0.9511551117050128
64513,0.5874821498134681
15569,0.43060635065087927
47017,0.2504940194803679
13043,0.35716550200272623
56464,0.17542185135971838
8315,0.6770749677252972
31026,0.8120533087316893
74871,0.4171558183567774
46139,0.49297143563716395
57488,0.1700326423419506
263,0.8483456569423493
3394,0.2653948307257814
22237,0.40701631282754624
17299,0.3909365275907582
43048,0.30538224935406705
91934,0.051494015252684794
15814,0.9700036006625443
92661,0.40213465602629417
48500,0.8957052721864569
101522,0.6026217231827551
58058,0.8107716415480762
48310,0.7168185417951296
93528,0.39518741592836615
48732,0.16385654196293886
56815,0.9221269255652981
2861,0.5722233192139674
32056,0.032598945685246766
31686,0.12712105003144666
32212,0.4393409897999869
34433,0.5755558818560627
9154,0.9895687940729181
62686,0.12350566641035496
93196,0.9312471349504738
95261,0.18089040254131578
70962,0.4071876059735783
90520,0.8336697230265897
29033,0.6131954379867424
2713,0.7546950694796393
36946,0.15252585810327374
35993,0.77492236387979
100933,0.6309155784809395
14561,0.14054271829543258
97302,0.5485768743086487
9600,0.5551819485536533
10294,0.7695146515460352
44890,0.8092054634379445
87850,0.2782923626791978
101786,0.8616737209705119
69051,0.3238441292801184
54868,0.04650219536782912
6583,0.15131115997404665
63256,0.3271654570359135
53969,0.21911198675962007
69907,0.9149612266167299
45282,0.5380630076785945
95125,0.02789517604852276
54365,0.5985620916749642
63236,0.8330231295829622
104959,0.9471594320834247
105117,0.6077919145682358
18787,0.8297431360068194
77502,0.904373498193435
59084,0.865378050322388
91595,0.3066398868722112
80788,0.33936055276650395
99862,0.4255595849369673
87325,0.6205325950449895
57303,0.3761560647842602
37884,0.462305309176651
92059,0.7967889124152802
76261,0.928083593051942
79007,0.4382870259743702
97833,0.42539900194235264
40382,0.9976999999460452
42825,0.23336039261580585
73429,0.5342801812683147
67050,0.18770123907190384
67837,0.20581968695783548
11945,0.2945217059655701
4880,0.08430847557809502
104670,0.6865761815775282
69307,0.9925992060759861
2417,0.7790013638519739
20890,0.1771457635050869
60524,0.9672173154422107
67623,0.09917468401246657
79406,0.9708413532311732
81812,0.625819865322445
47792,0.5718493551048324
60455,0.9047106673545036
57967,0.5034577127745908
63131,0.799577925906862
77533,0.7896374718922183
75815,0.7782381395491307
17220,0.17316095886762
4822,0.25320650106160175
104299,0.41371984078720947
27396,0.05881902728800209
66788,0.3220321245230869
73691,0.9424110904652325
84699,0.7275923793788577
76468,0.051817693793134445
6868,0.055678314560802786
95938,0.22078311358205066
91872,0.3483065250866543
59054,0.9576437893752844
37147,0.7245821184356359
24966,0.19321455073568922
5668,0.6429443718618209
97600,0.8140772732286627
61930,0.26213059048536935
86934,0.6081175974920754
83678,0.42875509397905376
29827,0.3366244551688681
6206,0.988498629843467
93891,0.5053962993787879
22302,0.4599214794309616
53715,0.401154996233699
74452,0.2341927284096362
98097,0.19619335931526452
94492,0.7965634398237469
52873,0.5806959207658492
39371,0.8843599713126462
33321,0.6291617247321605
105024,0.5401133280368037
70699,0.20613928851915475
63945,0.7201054365687898
92000,0.6376177935708957
4990,0.7424478157320176
45293,0.44888390260302946
89028,0.9638606071349107
78250,0.9887491938829667
27659,0.6963123915810457
67546,0.021310330038961448
85206,0.08665217456072928
66829,0.6227354078729213
14360,0.20957637216396618
98129,0.7250997878852031
74522,0.7333401928272463
20811,0.813712518032194
76081,0.18334227510565898
38953,0.6877503296345802
8430,0.4313678266458008
89041,0.6929779816829754
99838,0.9211395709132089
79512,0.1340430340810506
103604,0.2770547759206797
55820,0.7193551928328326
65422,0.49849189672060973
72645,0.8425194258043074
91160,0.2830348241944003
62410,0.2656237648705248
52414,0.8941314061194212
5692,0.22054792168615467
77094,0.146768578264466
55179,0.12914748911168533
49202,0.6820777591759621
8841,0.3360787286818401
8096,0.5803526369855114
75832,0.721112688161668
39279,0.27683424790334793
100504,0.39714298640440404
37330,0.8796345833583666
71467,0.3958560108417592
27577,0.26815175689739457
59870,0.7560739757696305
64403,0.45439348531211476
47464,0.4087864730270294
79770,0.9146492174711738
99308,0.6303768373221879
57197,0.6661052929783304
37918,0.7839526854028638
43470,0.813285362535312
100219,0.30277523255099853
26510,0.658822429691449
25870,0.24470412293260946
65867,0.8575008065453807
51739,0.1279742149659759
99965,0.993717737308992
10534,0.9376489943740869
6664,0.7900931849950156
104971,0.18007792302794773
24615,0.10796511828177623
100862,0.32848807767792276
28018,0.46701865659739794
7345,0.7381259870912662
76059,0.6138410181848368
24256,0.9960499999999999
89943,0.8583392258330133
97303,0.29789675578447705
60280,0.09731409781085701
18324,0.9742497214488264
87641,0.2344785796896236
28970,0.6558793920579145
27363,0.2172136205824733
52902,0.27880003008619886
85294,0.1460912882558897
81480,0.8022889114908123
1744,0.7246875161347118
38002,0.6060693378685911
14284,0.7741604287435595
38484,0.27609984976855023
80584,0.9813499877765046
77050,0.5681351364082368
31259,0.26985637537158436
79077,0.030747319568800807
58886,0.8607414709192989
60954,0.272611881436264
70799,0.5150999259181145
52013,0.596021009699839
71904,0.24314425879304793
71844,0.7580380533649385
22734,0.0532900321943514
79724,0.10033381549868542
82508,0.42845597823024484
77802,0.5897707180540935
54576,0.23743579629332923
82046,0.8934211371763822
42787,0.5551881393711698
91919,0.7584150076742282
4764,0.8120662657926639
29079,0.7246101080811616
30254,0.39732228537491887
94013,0.5257469127655731
33643,0.6873375523601477
24238,0.5396782659283343
83026,0.49671756906810427
3164,0.29786678972267305
81900,0.6028274863992614
50519,0.5121662170301402
76320,0.6536385819761565
56165,0.9733940802215885
83166,0.02162706519708979
88675,0.8205200595169446
76380,0.19536862626531198
86709,0.8344532161826423
54070,0.8344848400232956
37157,0.04705298116404007
104166,0.46133574985455006
68285,0.44540025528801597
81848,0.20607909845167727
44145,0.8640224119070563
24019,0.921501732903204
86235,0.392052338658272
80353,0.8854359233057357
45854,0.6152296399771716
4402,0.18592527363534148
41645,0.6464649950506725
31674,0.3494447534676499
28987,0.22568385781027633
18766,0.7348958583471545
10355,0.8072778577265294
32427,0.47234085881880017
91400,0.43920904350321854
55295,0.5702864447976542
106782,0.5916089557022117
1645,0.4121946167305842
2610,0.7401556202473671
53836,0.271552912975034
63495,0.8389037741224392
53689,0.10652475924370243
99572,0.12932975531046695
4148,0.9988521059107955
93681,0.4311812175906683
82600,0.33074461345524664
63362,0.6464659741394362
58983,0.2301053305249028
66268,0.3715586780339485
83582,0.7585361790203814
104484,0.31156585120774816
39197,0.00967270967275906
70740,0.05003577214466551
75117,0.8849472577634807
56646,0.7647028180465697
103460,0.4118228269340305
19134,0.9174749221271662
87447,0.293627053749728
49659,0.06708084607463728
83556,0.5765986288581673
23993,0.37830070013894757
5813,0.11260620656270509
29916,0.21076530711204902
12340,0.25710518429041573
67255,0.8561665569978237
46508,0.09201262288556722
67248,0.41305220320165914
29461,0.9061871183540391
51279,0.026589554266121668
16059,0.5893094077253492
92016,0.7002597387942608
50313,0.29006670256979206
78370,0.5883680476378211
80708,0.3346868010757667
90075,0.7029308023176587
72748,0.7828105954723145
10128,0.024353673616960357
7858,0.7181897114285434
69469,0.29324740210865
607,0.6520188519679744
31648,0.7678521304109807
65947,0.1122044861420305
65612,0.26404220339797174
29127,0.92318435846375
71081,0.4264015464983537
28869,0.06338459298023498
13784,0.2703972996153944
98489,0.3260612640977022
38712,0.8845507449031723
1935,0.8742779042183076
81134,0.9382389141599556
97576,0.13017951247230042
100132,0.5822701155792249
41552,0.9053860307383672
104473,0.654625666698465
10886,0.8283436134182336
4608,0.5325254493918101
19638,0.08520846543547249
103726,0.8043959315738362
14088,0.3687558663244716
44367,0.640950032583887
77775,0.12777809346454738
43133,0.1867977949202692
11750,0.24531271781095598
38773,0.9256703069198907
80328,0.10870098125731673
36364,0.8397818756050044
72222,0.9771320857900443
24497,0.7491200400108154
81796,0.9780344925712312
68276,0.22350792964073846
95099,0.32125769025727074
104325,0.7911006485416352
72720,0.46982500167167296
81957,0.17878651330393291
68678,0.9089780664908997
6282,0.5272767904253479
39478,0.1532023702851561
64263,0.8526663893823703
56842,0.3478194542298382
71748,0.48885290903930223
101186,0.27787420775576704
77819,0.9530880023895947
82746,0.6152891335120396
75372,0.9647948498927933
86180,0.18250566798282608
103038,0.17106491873262492
53965,0.8384705169394797
51154,0.47173066293897803
68680,0.04396724470136542
10380,0.9076329918598396
15435,0.4961193385358025
80262,0.43291134268752807
72306,0.730838909426414
62687,0.34894425092031356
87244,0.40911926938433885
45990,0.4072302969564513
2832,0.2608732171255411
15117,0.6301581861581154
62567,0.17333932574770317
13436,0.19049109921079205
10683,0.2821698622925186
25182,0.9182713953072963
65739,0.23020723618258515
94520,0.10021432223429025
96784,0.7197871149478088
21531,0.14378710395413002
58971,0.8550992249766154
66147,0.41219587728451856
101483,0.610625621861333
79887,0.7133832236430065
29544,0.33952471441957977
69091,0.6289572447700935
11176,0.7096618476311218
60268,0.03707190181078206
71120,0.5873335199895705
31291,0.8359084926145086
43865,0.6282311059658514
40585,0.4415760432752097
37452,0.4879179580413194
52456,0.9420190328926327
90007,0.8500264024164136
16739,0.22421134573464557
91551,0.7297156279845098
23423,0.13818467360119274
1706,0.8720597037926219
7452,0.2714903068661505
8134,0.7731562902582425
58536,0.2392041096092984
105734,0.7582587653054242
1313,0.3418055758521155
84876,0.9282398824068261
100693,0.6166875304877979
57995,0.359154470600075
79811,0.37743486629665346
69139,0.45325584002980135
58534,0.9936758088876743
99375,0.32864029528015093
76796,0.16623733627004553
66626,0.9226583527157756
97721,0.8791949639648122
102488,0.5798120061719217
31116,0.16654043296308907
21065,0.42776278570078774
59272,0.8992396128351614
99469,0.583442911493986
46333,0.8888686424173716
28601,0.6683682500698307
25815,0.20072024718107903
102482,0.0913477136138637
34661,0.8681740326846875
65391,0.7810478844925293
81943,0.6242796583200894
28505,0.7456502569061515
88621,0.30740834016801716
62287,0.6897393346151485
25860,0.27334107568762545
58026,0.6839734608798937
59165,0.1345927575356516
21355,0.9118864170566103
724,0.92659259918432
61635,0.6513563824973296
10564,0.06464479152369457
41782,0.5599390362357932
6229,0.18123657551283373
42952,0.33985974210094305
56235,0.6261377012919014
104947,0.9229415460887359
7746,0.27741270190572387
100978,0.637676158776399
20646,0.6343874666367342
78149,0.2129925752322483
94746,0.2509568505259243
11466,0.6894727157929336
12787,0.6150124976923579
104608,0.5747775987340951
38068,0.7804048503600594
12230,0.37583214625155925
22667,0.12052539402138157
35855,0.2511858917764061
27932,0.20204831556605665
57277,0.3659381985775037
71908,0.6499451447667858
23047,0.46635280587241046
54288,0.5451842107103052
73157,0.9057272298438248
72434,0.7451123620208733
37676,0.4565330026067069
107058,0.08303014974964133
103029,0.1055253650305725
34947,0.4199103369453133
85834,0.9240501466059677
74743,0.6390188530266805
19940,0.8540900300150298
29136,0.7699287252309757
65700,0.8566486565703514
15352,0.9550417275542809
44799,0.35317875181582836
79640,0.17003162033539626
745,0.9327093611838194
68654,0.1894555975034082
75911,0.9077550241521031
814,0.6686651134906832
30903,0.7035119896745573
32545,0.25603550070809694
35506,0.7315498240032707
69863,0.16541106388932347
19443,0.9240451212861691
45375,0.68850740426984
22240,0.1511277965773957
86911,0.33136408951027346
68265,0.599220116836974
91954,0.453738936989331
99622,0.8647330701551874
47734,0.3240176931627512
53726,0.11032819425688226
94247,0.6166128150603654
154,0.9506915321629992
11650,0.546944904961472
27561,0.22518637716329323
49806,0.9131077801515435
94011,0.2446107391629883
50140,0.7913379947071923
93185,0.44815434788341024
78438,0.8554885541919606
2264,0.16491732947696694
62528,0.6395597521571099
4665,0.48085856550535977
7685,0.08320973233412438
39824,0.7578814299856997
65005,0.9382500574702171
68816,0.40119049526168116
102678,0.22256145175665637
63734,0.6107805139304767
40320,0.54303576109679
2545,0.6070016253962573
41278,0.7495884631292191
102661,0.6342429893445434
29550,0.052470647354906474
13831,0.7184189603116797
52921,0.5454715051454915
106351,0.14286300152592538
95864,0.3662010414893015
9087,0.9264450485111244
5591,0.8103941710843208
46258,0.06348366427998105
95865,0.8394964573171951
42844,0.7606126210718568
77093,0.06439349787640415
84201,0.9824497709994064
70165,0.5793425391667614
32357,0.6583875808500185
101296,0.514775521695255
67095,0.6607508012825468
85509,0.8561838812307566
50202,0.5448159322698802
12793,0.6649546736613203
94120,0.9104105353589023
16628,0.9199387486745563
88444,0.36732647708137006
48356,0.3324183105971887
57373,0.36687752553310393
20724,0.688472144206711
32265,0.9167565743141699
50643,0.7458251064508173
52320,0.7589407094727929
90770,0.6480078232505792
36345,0.2748846946762151
51312,0.7471488474105036
106826,0.5771322721521293
1659,0.872853485761354
16342,0.7195662831945338
14592,0.457103720213073
91973,0.5064090506770504
92819,0.6768064962075813
19977,0.9990425792119049
14955,0.5734843972517987
2250,0.9553753264068103
72244,0.3907976937860092
26420,0.9334616364085924
68772,0.9227308623921291
5213,0.995499921102343
51455,0.6992463180216298
81805,0.3283625929292353
85814,0.16227650735515725
26954,0.49682548401859217
69738,0.9622897568994877
65545,0.9873499994932912
83747,0.6077953232874412
71477,0.4389250539285612
69329,0.20946774637121474
1746,0.8641169050112374
87324,0.19771320922148825
45379,0.6091932382859953
89712,0.987512579391933
96389,0.0758741458090306
35886,0.6582684798708343
89497,0.9913999999999843
49775,0.7579301598754835
81178,0.19236376076265496
72632,0.3428940037736985
93516,0.9824999996007118
57472,0.9549518841565457
95100,0.9747056956300335
257,0.5178677831871463
97807,0.3503168056433762
42302,0.7197896778736252
103524,0.8055812778183093
89488,0.7135041860659376
76436,0.3139246209335713
95621,0.22483235060951762
88434,0.17323652089322678
106829,0.1446590435122038
36065,0.22371757629066386
85803,0.20710432473041968
26046,0.1183780028418735
57695,0.7636080082190339
49956,0.1445163833206733
41088,0.45494157014946685
46736,0.11044679655434883
45144,0.21472896702620886
99930,0.02571484126657373
27117,0.3508056001628137
53530,0.8436179031796482
49282,0.8118499483944754
1592,0.36603339028187365
2095,0.025406412614069257
105521,0.09243048171110846
93321,0.9752227013106576
77725,0.11756418916028816
52947,0.9206355653356793
43384,0.41881412729735923
41422,0.2863226133917083
102039,0.7767088858929667
69243,0.7012320687479981
100066,0.814207193829647
103522,0.4313690494018169
61424,0.5558749534722618
12304,0.8410218840076935
99845,0.9966999999999964
57141,0.13595922323320245
63639,0.8750621806175871
19505,0.8391330130318256
72803,0.6852523234264393
57130,0.894761554788913
104086,0.5990046067824218
95997,0.17578066899207873
73735,0.5967255979199849
17898,0.5025450010928657
63729,0.7897306261617892
62143,0.4281113997836773
76631,0.6053463708120421
24602,0.8276184651595532
69537,0.4091847268515255
57797,0.029512712410295527
95559,0.36011286714136714
90322,0.37531947077831734
80472,0.571378779405699
66595,0.6702294772696265
92922,0.2447941832274803
29561,0.9409155305691552
83239,0.6744161335014885
91457,0.36237647714769866
55134,0.1099750960083211
99539,0.06956934465045327
48374,0.244016602023839
36915,0.12872508783226305
65108,0.1295925592909111
29981,0.5198991867620589
93649,0.45278643445270705
89723,0.5607772977798385
76692,0.7948098061366292
54562,0.5114576820694869
43904,0.7947056074841384
33293,0.8582972797320177
73671,0.952849870016325
28238,0.301461347592998
27546,0.9938999991886693
2281,0.9026920162340549
80042,0.6692401579750322
47374,0.11023678959462457
67558,0.09553614122793844
58322,0.6272739101525685
106927,0.8795541991712872
81403,0.8543193338543504
86321,0.7936393321504656
50823,0.2503261708441723
97448,0.6711976298796244
105586,0.09661431557092559
75470,0.18760417607300783
9662,0.9092506179488902
91907,0.8005471559624449
41996,0.9460099051351931
59405,0.7868870890939796
52052,0.9960273660597614
30825,0.8829189724663651
95254,0.3898780327106477
58587,0.8876254162412582
98745,0.8239698968958156
29759,0.1717602722962892
101031,0.5833708856618102
20484,0.47808032046798704
25560,0.8549511574417186
61360,0.7383476317157978
29448,0.5275938166461418
19381,0.4601527425805776
35748,0.846082109502859
68222,0.6087935620092375
39947,0.9801469994665293
49604,0.8643801851052377
1877,0.9969995606531745
46967,0.11640518601347272
20173,0.03066637940862327
36385,0.7399333904381125
69799,0.19338625246147872
69403,0.22822055381659312
95633,0.2232433363371028
33998,0.5586974509850334
64813,0.05387520618968355
45104,0.2689856678113838
8400,0.6981452470486416
2873,0.43252791934934176
10001,0.6302073008111624
48294,0.4937010735253058
83497,0.05901402226228372
57145,0.47270717528559647
40968,0.7102200714930853
12970,0.8038833973306778
73741,0.09151366343293313
63151,0.9291657572105154
70917,0.6111058049457592
32230,0.7565361208683793
56209,0.9172079015639507
23490,0.6232377129947805
47058,0.4977351983066898
82884,0.3118752235950007
97008,0.8231418837619804
19504,0.12469603981716906
2297,0.8095191653361049
48473,0.18874310079305262
86212,0.718094546395683
38842,0.9275005856962085
39472,0.00854621808618576
51818,0.5892536455890469
23397,0.3444003507288793
96486,0.8336812757918997
88840,0.13639682494070532
40466,0.51352695128699
70317,0.9833999987262863
76574,0.31878338701466424
39341,0.847874713964788
7292,0.36136847207072764
2023,0.11726147699773398
77379,0.20362905013981092
58211,0.38438969543828005
33639,0.9863993959955459
104130,0.6909489264545081
99841,0.34139688549178354
106572,0.5352484526362847
76552,0.5456172143676014
101625,0.5806395656095829
66162,0.17960757156578505
41851,0.4111951998416732
101017,0.5224905496329826
92229,0.20200486889831093
82357,0.9614758031946804
15982,0.79851061011323
23136,0.16737462335733896
97759,0.02346739195509742
92316,0.48188850448130016
91913,0.6378313045372028
46431,0.6047615156496902
19270,0.8098596727933707
76264,0.14039324710087658
97433,0.2904764340729707
49813,0.45469559888408956
63267,0.11625698843940124
44030,0.2559269123336243
47029,0.24853679280958726
60911,0.1692626026889248
26852,0.6407426175863978
25495,0.744610256126897
30724,0.49908448922642107
97366,0.4626234740051648
88283,0.26489365717001406
99771,0.9504469559137004
22333,0.4218703320334457
32269,0.9395111495712759
8079,0.6079460305419173
2779,0.1843618967296387
13370,0.7108730906796037
67613,0.1772140821476878
84513,0.27202562814151116
8508,0.9788123140089979
66942,0.29645150850707985
56528,0.4687256859745853
63111,0.2765163325346882
43119,0.285876242530914
55170,0.8917591115865711
77456,0.6935896837674522
8406,0.6776013148806681
49227,0.4318490985256698
100176,0.9324060329054574
89671,0.9990999930786739
99750,0.6546653506329954
60128,0.6786803345693782
57307,0.17268884791065378
40250,0.1597904501568705
34581,0.23663657281825923
86220,0.203570004316456
49095,0.4369969926013969
63946,0.40010461084722804
10473,0.799390761840159
41895,0.3365117589107514
76107,0.21133023304677423
79867,0.5796808554318291
63319,0.2952627081753432
96015,0.7381575620163072
79850,0.23445813421568545
106860,0.7922193270981597
3663,0.8381187542600954
100342,0.12286529981052324
8091,0.04295194365817502
103769,0.3399752287677396
34494,0.8777397033664693
28174,0.31827391952163686
14089,0.8258670720457418
14851,0.8676413962720311
101546,0.16502953572472992
70823,0.8339286564047882
51750,0.5878989336752289
85313,0.0696918660346895
15457,0.15876431564134047
14421,0.45538774495869716
98252,0.9937720353640769
64105,0.6795949867900357
85486,0.6177645109107712
40484,0.9719066245502488
21023,0.5419512822223436
14530,0.05629390168596677
43162,0.3640717847555619
6006,0.9236947057195435
6263,0.37327165188578726
42898,0.7841087595816603
74764,0.13074895881868714
53230,0.30092502329901094
102952,0.762756263637792
17252,0.048033337946091166
91186,0.31940098850203996
29131,0.6667460806531612
78947,0.8557776941679205
3032,0.6482503082422861
98841,0.8398986976803651
8866,0.6841587122292374
72495,0.3231096191314117
67709,0.5849255749358543
90098,0.5163022534532009
59516,0.0163477597225071
50248,0.9998999847540431
94359,0.12229898857436908
27240,0.38939454115534633
96264,0.5807528012226095
52858,0.19073463445912475
46162,0.724562366921195
1134,0.2567662535154777
48949,0.42662813455747484
71960,0.07167274839344322
68910,0.19765595175747333
99982,0.8760910433747878
41393,0.9790439054346949
51375,0.06120729283813292
68467,0.7884702614820811
76589,0.43603718774578343
70180,0.1702957459409232
37487,0.7921082335377907
71815,0.3314969154954902
103508,0.152093350072058
82760,0.9786927534859647
58985,0.37339136496301506
16513,0.1549219007802707
31230,0.1745762743854262
59944,0.8813978686964978
43283,0.2918509771758101
31673,0.552778381750031
71637,0.889249052743063
84561,0.6438006772015803
96324,0.5682608680219664
11191,0.8956848490365632
50728,0.0818143238591386
22865,0.5752155052351918
62181,0.08078778793795383
87356,0.6642799642463818
77537,0.3434345706455256
22487,0.6026706141587601
45970,0.7126802871691333
20742,0.6376025058017247
64806,0.13531651395599767
98020,0.7819302452676251
49161,0.03839668612595555
1783,0.07985207365262087
64058,0.15535319686701982
1330,0.5839414682754999
86753,0.37465720415919146
85567,0.30943245768964517
92385,0.6493938257723866
63583,0.8654351485614136
41872,0.32279838387021365
4448,0.11757955534465661
10400,0.4130754871706855
54480,0.3733274576030674
897,0.07208497674010242
75005,0.9999499999644225
104744,0.2925428643098674
78050,0.9102057322541188
24984,0.13108719284311263
106112,0.14843464275933513
19932,0.23256996124771986
102896,0.5562325765168152
73105,0.6873531216437507
91330,0.014287612574540559
34731,0.055938959716044886
52739,0.6754405053009076
26932,0.2615742625362467
31165,0.2904663521388972
58551,0.89351000519729
21939,0.7156714197711913
91487,0.5540823367302139
97906,0.7631591899269411
44807,0.9679348850976057
39583,0.7060408187001463
93137,0.713239057169364
34927,0.9966842393001436
45200,0.485569516469771
14810,0.19443258555000348
97368,0.9082676860414566
49243,0.4219230082577144
22782,0.6123964072873898
23667,0.6349350478674856
71900,0.19657210740093745
25489,0.6382449625030484
27382,0.052689286085888236
46444,0.29051895615982726
78907,0.5583273983188849
54487,0.4203476283138935
4456,0.8972196779217845
39826,0.9989499999999802
66223,0.4886508760164092
56061,0.7889069515360021
62113,0.726310711423015
29214,0.5517889963586815
66149,0.8417834293020479
88109,0.6501593256773877
22342,0.39631413823427264
101632,0.40495699535133256
35544,0.16859761319978522
77028,0.32526110528158575
43616,0.8321908286067055
58907,0.6429525541068927
30899,0.8390263841231812
87933,0.853676723576807
18929,0.7617419457692309
50190,0.912134709223152
76597,0.8497060276917996
89900,0.783305559485528
83765,0.04292655906083169
13518,0.4212851132687577
45429,0.2882299898131024
50083,0.9967973689052678
66000,0.21522863061112468
94851,0.4348189541499553
10556,0.9742499999888831
63987,0.985499694121593
3997,0.8830601953938347
9047,0.17349083154963563
85872,0.14833214846369114
24822,0.7995271470439919
27379,0.9395560660625634
21940,0.05285506773467387
48077,0.4432026414175686
96284,0.6372645483064807
79651,0.9934797568621683
103427,0.7704844534615092
12807,0.1882518628726429
83175,0.9415293752737737
15840,0.4348470332076394
3484,0.7404473987889659
70845,0.5750651248401679
101606,0.9926158499260431
23783,0.06194829175996017
64445,0.19864965549874056
104412,0.579042266640687
70411,0.5965890514656979
19819,0.18385412003552373
65009,0.26104207843382576
92342,0.03259127021046722
19108,0.057286468528212495
6746,0.8952617401028413
94206,0.6943320077340238
94143,0.4292798993092417
99106,0.5968132881670323
69631,0.04655952162181021
53596,0.2741862988198138
101047,0.9624615167485747
56697,0.6831275258722145
55742,0.08441273673131168
70944,0.1183417109957291
92980,0.34010567665547686
34131,0.6271872132873166
44222,0.2996566324266806
43819,0.6918852056796203
19874,0.04385168534187884
49225,0.012469188512142067
5038,0.6257461517609969
29429,0.6894074052347473
86940,0.9145936527734706
21797,0.6909455385186044
54871,0.4575312746863252
44711,0.20220685314892406
9775,0.9114588002269832
98608,0.5047127661912372
33277,0.8474559686530347
47216,0.5414739047734405
6745,0.01032336775043556
42361,0.8586411944870136
27101,0.6371731247450325
72144,0.07738207105021855
87482,0.2371943197189229
52060,0.39242425926798585
26520,0.4240321767251829
16,0.0778300032335606
97049,0.7247256618653869
65365,0.8002775160576601
26077,0.06506804603249014
18424,0.44262941921746457
80684,0.42434297666892384
51997,0.7130185616458702
11295,0.273829610624887
255,0.5391464286795544
95708,0.4747404296933573
102388,0.5204141354747567
82724,0.18917592327159527
72032,0.19387094534953875
82147,0.29995087933991554
50404,0.4995536316627191
11290,0.10066176522138277
34522,0.7349347512088582
92537,0.33005366346538123
105140,0.5952632497095263
23560,0.07222856511759115
172,0.654801040578011
95703,0.6987761050982713
93174,0.673620123264793
52405,0.26457030171649537
28051,0.7115239875431478
4946,0.9961911748614998
43674,0.07095708831612901
50110,0.5601516887760374
1179,0.34664695682184965
60536,0.9767568418171366
79473,0.3037389201776449
104865,0.7259982613010273
74070,0.6202675702096128
97397,0.7583135286592599
76386,0.9961685223506125
41379,0.8494342544009947
10449,0.9614848486551724
33692,0.12197061443537394
38931,0.7801741539537195
40541,0.34966582364768
95816,0.1730608222669504
47147,0.33890806905394355
39952,0.035040834838579074
10941,0.952688761984144
5613,0.8760104028894145
29689,0.2824868455484075
21013,0.11777688610628739
12465,0.434111677054711
7029,0.9338821964563464
100032,0.35889969637903235
33975,0.7219284032008907
102570,0.3924185655062232
75071,0.2633936446681778
31504,0.46487209738401525
58867,0.4828765132238131
51215,0.6107888403386655
103693,0.4460813066540512
95082,0.3990419013139453
24245,0.9933999886175596
51808,0.722743611314911
26899,0.6755571679968815
83788,0.9713181299687959
15455,0.8943950167738193
6864,0.6981304139963089
43346,0.10704064467396177
45131,0.6035949192165301
59236,0.9402552494714931
60069,0.3795558953427701
97287,0.8544747765458306
73100,0.5217347702149079
2015,0.4341447801620587
67988,0.6801472182134771
15584,0.02934696333964333
104063,0.08631580126215613
15460,0.9538069766800614
95640,0.6169985057420955
77076,0.6352165940834533
4555,0.430196412452117
74424,0.8906987680405141
88710,0.7648692368188474
6054,0.7166070673248796
65620,0.19168199815075065
10605,0.37087647935675705
59261,0.991149581599041
25733,0.7002852711780944
58112,0.6851486313232339
81844,0.9965987461777566
49036,0.9409640979155428
26258,0.80997239178897
3535,0.5607410135639174
101998,0.621481498037527
66520,0.5604311108935978
87362,0.040878926653246495
99528,0.43027153949844
12377,0.8324143909145358
51345,0.5337616456974983
96938,0.44923932588034854
15312,0.12839882161540217
16353,0.38901898718429034
91008,0.4117921808116797
90835,0.06325079265112635
41820,0.08812180557767754
16151,0.11541038972882692
86348,0.9483460493670332
105669,0.65128691848324
101601,0.942369089112429
83311,0.4280514330194525
104640,0.8147460255428562
84406,0.1201619040589269
8453,0.3894360981170384
60994,0.24667750349711634
51636,0.1125098140243265
4373,0.1164234685931952
49091,0.11955576759526855
68042,0.9775411013106301
82902,0.9036940400844196
49391,0.17226688629338902
30984,0.7708879892929501
34967,0.5795764724478787
40341,0.45434197111266394
45873,0.7903533177762163
17905,0.6242348408183338
16839,0.6655991564340271
44541,0.9037729336322092
68437,0.8956860452749715
21404,0.6926987406228095
73479,0.3595407572715153
30359,0.7704637012857591
73351,0.9322417721239004
84959,0.8468037233500054
56513,0.876717375775036
103756,0.8136690794297586
67520,0.268571824107504
100986,0.999899999676994
27260,0.5469415077371824
731,0.07821150617989356
87687,0.38445194693634216
28660,0.7442083132158084
94391,0.2970643941104725
17446,0.5210123245665166
81498,0.30094906086705936
12219,0.9657883749564351
78778,0.4021238571424929
96356,0.12341665539348434
81985,0.22456225625077797
55448,0.9068370599671944
48604,0.16063043663189738
5094,0.2482580459622823
81185,0.7507177276248551
71771,0.7882199205258207
69712,0.3002772917453191
46044,0.3574812855915953
88764,0.43640045827342044
88216,0.6397550843324779
77232,0.3850993557545484
32466,0.08595532080912563
56837,0.8861680116239952
40092,0.733124751283696
99835,0.927942044104852
7863,0.7850450184441243
84264,0.8396352591061946
59001,0.5528864908632534
65318,0.7109003551387866
85921,0.6498019642166065
6507,0.053964633772907486
94886,0.6279771346496962
14161,0.9157445701483345
2774,0.9219072679854209
18113,0.9701384119705931
39735,0.16398166492024585
78002,0.9100882405083937
28895,0.9818083057951348
70029,0.17945885661366637
74120,0.6366633505671175
5053,0.026215545318446706
72518,0.3253474297387471
46275,0.15600687464331975
96136,0.908397441615981
14146,0.9240976633853177
48782,0.23833513591412436
71094,0.01409442358885096
4072,0.8659368096252252
22234,0.18818327049683625
40492,0.1524564299475436
79690,0.9979888455961601
23079,0.9692847101474653
17333,0.8240156883659403
87119,0.544391433586738
5834,0.3349835011743597
13551,0.7177045985448597
103021,0.7636785953103304
41991,0.8574124761004042
97997,0.9846500738218197
106143,0.4939064229209308
101996,0.6612975297196431
101236,0.21335224031997554
36530,0.3258301399432846
17414,0.37076471752667406
33019,0.7374634364147359
85006,0.9352527417597509
76140,0.4192024762709009
11309,0.6401302332875494
34063,0.8191407633685222
86991,0.8400485024887125
32286,0.03667832505568978
2524,0.7035193981199801
6279,0.2866633502682857
57030,0.31897927629232786
37289,0.46566734745119864
54436,0.8819535794521067
67667,0.0992763290741856
51861,0.21214348891031937
48301,0.4534499094854787
92372,0.015638384250749718
66076,0.04216238119279987
104068,0.8888189208004026
31387,0.05160649991056457
103070,0.310887094105552
102925,0.5373449296071963
99006,0.9054312161548843
34843,0.3799145591060682
38428,0.2785565428996599
50298,0.6870297770628337
51515,0.727626173089787
32828,0.8898373898945132
104127,0.08862729423341988
2186,0.12578106254732224
20434,0.9477996449616362
96378,0.14571892005444362
13398,0.6429103355957464
6188,0.5395846924591361
85871,0.2734745861671656
62571,0.973714555431601
11099,0.49222367355619157
94810,0.650588736993257
23998,0.6191305868848881
49636,0.24018396799564773
20494,0.4774622140690954
33693,0.9481180325946248
91076,0.13959197903690718
74944,0.041715871343406125
74179,0.9547519399910239
8337,0.6135578973841659
38300,0.8011312052291979
33038,0.010187184739817409
42301,0.5796271641192751
98406,0.9096124410218382
21120,0.059496610581166315
103069,0.07824251333775695
95270,0.5031214539358924
29415,0.9008284409954537
8936,0.9926189815712009
3064,0.2801227347819921
9208,0.993923638443118
3003,0.9357471078822942
19534,0.3571502515945769
38292,0.939236468381766
83724,0.12150309302446072
38364,0.9553198878477418
13128,0.05653667333643417
89959,0.8907674945904872
16895,0.22542871365168343
11341,0.04931491297748176
65488,0.7474103354290673
82592,0.38719297584283596
56114,0.01609874315104577
26861,0.29330708332463296
41746,0.22237950019937294
96149,0.36020757556415883
11061,0.6323491923573914
53212,0.965132980685352
70589,0.2951032835599814
78186,0.9470437828966684
54618,0.9999495206384728
23535,0.6684938333672437
76071,0.8475989828860255
6762,0.5741356762139923
21563,0.26640593115845584
8277,0.1472716226951169
68692,0.3469385871284324
16750,0.1609643406642789
106149,0.40351047581325217
32532,0.7965724268514096
32779,0.6752294191540592
102453,0.6175302792679925
30666,0.7040590419156472
61647,0.072358713950805
27147,0.8606781793666922
95403,0.027674232763211227
100710,0.7521387855649424
36015,0.23897750400327805
106331,0.5407647704206756
87580,0.743568401648552
41501,0.8663441611900553
98388,0.5951275891781107
30343,0.4658244747047
100663,0.698668492565717
48171,0.48229765984136896
56787,0.022769320306413057
14226,0.9745499951350323
21243,0.741153759564713
106770,0.5215482086637735
14458,0.16502703670303773
67170,0.1963834380405469
73977,0.9558648654317382
61569,0.16756933885020345
6221,0.397242993672718
1656,0.2622761462002623
70599,0.8563664532495319
33838,0.9734499867970519
59864,0.5671549902015248
74466,0.43628973939784954
11592,0.12077394727849919
15088,0.6961385042548078
97597,0.01683300369682537
18431,0.8589531477440866
42600,0.21578076784089867
81817,0.3428544110740961
80331,0.749894285946795
98567,0.9540544762856098
4097,0.3633480514688532
63923,0.5594805500989803
28027,0.4661332330777058
27503,0.4676153680547605
9715,0.25734797397151143
40488,0.14020298486914187
40166,0.07411776103455653
48582,0.6284033980743395
6797,0.9855819661385539
65019,0.15987275194333803
30617,0.9062359293299787
51701,0.7328096375461075
5761,0.5718664713139618
105934,0.8803383734708348
40390,0.8320663544876125
58403,0.9942324897815888
39690,0.40649513716648333
69613,0.5901312369592049
17650,0.2666342118542081
26592,0.107216504187962
70322,0.2647666939979
63130,0.43195215244967905
49616,0.7337187489629139
102088,0.11122759590546029
15405,0.18959018704663627
68466,0.2922038613991927
92294,0.1331703221449606
22524,0.3258240051270767
102550,0.41887595579539505
79178,0.8289436498546413
78481,0.037161239508152887
25017,0.49477067575047584
4939,0.38822818943982723
28702,0.15439597222425372
50712,0.14820145697752596
42190,0.5088077842932521
85508,0.28975311549972926
36452,0.29152904341786284
9538,0.922971286959516
35066,0.07845131864329594
38543,0.7690258523608363
11794,0.5317712932258364
66006,0.4863212442324632
21198,0.6908577664861533
80627,0.5685763277838674
72178,0.7574562563925747
52478,0.9998248744341693
54875,0.6699903601627961
93762,0.7519161485518504
86519,0.6407507760971011
78128,0.4736282299476621
82240,0.45343176818858144
100403,0.02645976678896464
46299,0.7117233780065788
105428,0.5126878676937964
76655,0.7816922359765033
87723,0.11117816564853261
39172,0.28251657186220097
105399,0.945835713767947
35620,0.9992062515155538
4285,0.0608235307774357
104852,0.3036306142444638
45967,0.7694280840431538
73419,0.747559262897762
88642,0.7664457715727576
66205,0.5677071943675824
48234,0.2427215251429739
6612,0.039107362428134576
18880,0.3323025430770653
69298,0.5381732258488965
87659,0.6598807464231502
81104,0.798242139085367
77462,0.8433600467367344
86422,0.28704290220854667
82575,0.47733816585658245
29597,0.8965971109330636
45809,0.19384067680101266
82953,0.33530759271305277
60684,0.12425266368015452
18764,0.04618482173063991
103360,0.7117850659621965
36723,0.7927972733582971
29224,0.4261266904388483
48812,0.6318109093140496
43786,0.8690985396630748
37907,0.6263218169028778
66750,0.2638353525274664
74666,0.21569790066647632
32708,0.1274710665678307
98157,0.9233605419214508
85100,0.9495720017970476
10959,0.39547006276537855
25471,0.7496278688031546
74863,0.28075013096857004
87242,0.31070017110752396
104648,0.6323428058226512
97052,0.7432569885352351
86805,0.39998161577383273
16681,0.09189276558244897
9645,0.1978060091423006
38003,0.17221891606444567
98423,0.703837829500977
43855,0.8510488160745496
80998,0.2962661026198297
51599,0.7162058090630419
86393,0.7565715767980864
97657,0.4496306340672327
68503,0.44286688891353043
62199,0.9304545805680842
22810,0.7485852425713142
25809,0.14451528929741306
31763,0.7379129838112337
56585,0.19170662778173653
82026,0.599804861292524
31013,0.8176344853335809
88505,0.7376325450177605
67862,0.10570421387506368
1083,0.6581812419163614
32019,0.08476972411874353
45514,0.6601027464582477
45705,0.8392371484899613
24442,0.616490349678364
2150,0.5748118748859251
44853,0.7711159456812192
87629,0.743773592153544
99796,0.26740274840832723
15349,0.01889442360489396
34765,0.9285284791050552
25818,0.02784771686892941
2666,0.8041034054083126
76793,0.04201129464072599
105647,0.35952487635602337
81361,0.4337196255660274
90799,0.988449542683711
35745,0.773340163985925
160,0.23012501053721235
69303,0.10787032910021985
14700,0.5911345958562153
69746,0.7360965182138506
961,0.8595818105105841
3962,0.07704062244049864
24511,0.7651462413901425
61817,0.48629547661523204
19533,0.9932999999982638
43332,0.2118311431152882
52787,0.40641701699636135
79254,0.26677231587566974
63398,0.1701328774318489
46236,0.6065405391475394
103175,0.8277190784869919
79229,0.3452764891414817
2444,0.8739761099936691
77714,0.8979102510259598
80153,0.6106221866427216
98530,0.7492047938859426
93242,0.9083299494614361
39888,0.9849497428884548
9964,0.9593455650870679
31540,0.9202051666945308
47142,0.3945405482113015
35348,0.7548619491888233
74182,0.224545741466056
5001,0.1483770286118536
37864,0.5764207035219606
14092,0.645723283262257
16748,0.867969880712796
104285,0.17604902075175222
41214,0.43078187288399994
27064,0.4418969873888784
1903,0.18672419171449997
9954,0.1469893112224802
86039,0.24010591707982337
54745,0.2046508186028183
9210,0.1962568437273893
103898,0.013531455405245179
21972,0.6800292863641324
67669,0.05388735688662867
484,0.7496223128783914
47825,0.5278641747855487
47939,0.7277287465707339
100475,0.2569085138531621
77167,0.37505354923018314
88023,0.9963954089882205
75237,0.7867105218637758
60778,0.37475654340181763
33347,0.49256963948764226
72757,0.7166484406860912
45691,0.3486074454368734
23169,0.746080352548816
49808,0.701588314775407
87952,0.5254835274466487
104831,0.7281123882284573
88511,0.7916110145150514
106076,0.3716695592570458
1970,0.8928969617159241
61596,0.11476247061935557
99009,0.9581743791407016
36950,0.9861540030060771
4566,0.4520672443305702
40783,0.6092928729080722
72599,0.4297863113166106
8221,0.28164202379112024
19699,0.8013838333171328
37292,0.6871719887621501
11863,0.5165534575640031
79578,0.7966112040191726
25995,0.44230847051439337
37913,0.6081819216554689
7465,0.9297252190865718
77555,0.11909860217183378
87837,0.01676516166287162
32407,0.6648973908272613
3374,0.9733177922658722
23096,0.5790566329086508
21436,0.5581685187921133
67879,0.564697690756655
105851,0.7160144816396734
84088,0.31358775418659035
33309,0.484805539314766
58284,0.436411906567216
67380,0.3126902195883722
51248,0.2441771670711548
7690,0.965007250333846
66797,0.6463072735872913
3928,0.5684889141886525
98699,0.8320766598439409
37209,0.9681453051001377
39834,0.11126856166421875
100208,0.53253845964182
92868,0.0373442478015
7592,0.5812470085775332
93101,0.14008734055097985
82473,0.46892565575245226
54104,0.17410505393930886
8772,0.9816794519629106
49171,0.37546524700228606
1186,0.3382241843629126
20672,0.8915362182232864
9230,0.6273444285647286
97020,0.08904018245198445
2270,0.8369338208683632
21016,0.09367393325898522
42750,0.8148340032548504
12134,0.07053400123957601
85442,0.6583513029385675
4196,0.524403658878321
45003,0.8893833777194089
173,0.6709637436784226
93374,0.8557305401667528
88695,0.06081634237199689
24428,0.5991494122373253
21794,0.9814066194537028
83160,0.6599913172927478
61147,0.9894749801730651
84498,0.23233745355266786
12837,0.89884058410753
55334,0.8797440588032324
23071,0.8227164607470532
86142,0.9097575480782754
82082,0.740833450585252
40099,0.5044742537722499
90999,0.42605771825940186
60262,0.7007801185950145
13806,0.14271602254345686
84354,0.8496720413297849
93197,0.3051812897601708
31336,0.18838651077799823
61346,0.931115577168135
64873,0.031504304023364016
32682,0.7587913807666868
91281,0.5737384152239922
18862,0.4265274300666122
69521,0.23254056022293976
89560,0.10439439689664906
35183,0.06744870447615026
101367,0.14769788447044124
80005,0.37944065685945827
28355,0.7342550527438818
81694,0.4940794922447237
67871,0.20946582669973773
40178,0.8565576337645346
18070,0.6389696304961058
30680,0.2461160403513643
56137,0.16440795167780034
84815,0.38039257758770223
86707,0.5654681595466053
55089,0.14713251079849368
59361,0.2970272020992851
64490,0.6993379328700281
57093,0.7801648050755261
15676,0.5018262921964921
39525,0.5358767742596529
47923,0.9522162447653939
45403,0.5894330762078502
83152,0.09517634124180438
98655,0.2750513165095912
50859,0.5709338086391417
65784,0.38650785751380434
70212,0.9653138083913475
21058,0.6969844563680754
74241,0.37180512974815877
62610,0.6454018242852846
7566,0.2229343363274021
97972,0.9769877861401728
67144,0.7052348734644813
87606,0.9403081852222283
46796,0.2336438946452296
4010,0.9866059408789037
76090,0.2448344790580685
12992,0.39551973967410725
96829,0.18694290709289016
84814,0.5516198106931108
57267,0.37091346869336483
6047,0.5000281409764771
69361,0.14946298286454507
17613,0.40730134211677926
51751,0.6211731986143672
42632,0.3107149274719233
36140,0.8203022406320652
85388,0.40377532672436245
71239,0.9515941178444554
15500,0.3527059547128114
61416,0.5673901816093496
31746,0.4971291127319235
50329,0.3420452637739855
73952,0.9226708472920417
32538,0.6336252357637565
13418,0.3536865024950809
12540,0.2337985034496029
43800,0.03175446197802966
14460,0.8061258568791225
55856,0.5432002650087112
62352,0.42678757987218924
94871,0.49583105532209715
91572,0.37338707690451556
26053,0.510215232143057
50065,0.9329553117933178
5865,0.8554059038162569
10612,0.4140517308563575
42136,0.07502916450468071
98225,0.9389368687174025
67911,0.794957851671803
58526,0.571427265885795
60638,0.5610867011105596
17491,0.23360275735135333
65807,0.4438435735398161
65190,0.9155334729571165
46855,0.19983727099164356
31550,0.40699333344888067
46678,0.6428615939193154
52586,0.47733493136938765
77083,0.5226406829623156
15946,0.05669109537426817
47152,0.23994516917557157
82477,0.33743546056397156
89509,0.18653275808518757
67809,0.04824171553699187
66336,0.2690641863582603
104012,0.08113548124078354
5903,0.45003214577706324
71203,0.08951140390740026
53679,0.5033717542391514
4649,0.36613092992500207
45837,0.661515576396207
47135,0.8829952414252293
100954,0.46235109824784226
91716,0.13408217005968648
85728,0.4879742417489259
1170,0.7767006394780576
31247,0.7710946749786919
7679,0.9020578398705136
28796,0.9166590484856905
44977,0.8642157887754249
39422,0.29343420255602465
61607,0.21676560930371572
106078,0.1805727419089187
9024,0.27349393834121033
87278,0.40769096463255483
69203,0.8785884191043517
1615,0.643611045099896
18592,0.312994591781007
102546,0.6588913528729268
92573,0.47290030491392887
99103,0.9416295987994383
64001,0.3869713896605698
10045,0.36007417833993655
85073,0.4441774307911268
63138,0.8735240091750183
33289,0.4406950958254976
25657,0.44608443166404255
105677,0.1288179604702435
67163,0.10800401030538004
13647,0.1482025175725198
76642,0.04290597470985324
51007,0.6326222791518202
68266,0.8293988681398586
44275,0.6823816882253796
20998,0.8715765537396895
37144,0.5806149752636403
22529,0.7965936743179917
107135,0.3237111873743313
10453,0.3023053390674816
44915,0.22523407641746368
71397,0.6915023091361636
87754,0.5778197547254836
94874,0.872760782530208
48273,0.8443464247144306
83799,0.41926987582418723
59725,0.817857258700939
17919,0.32229044176380206
38410,0.3476740248898906
96210,0.20788777066704411
52102,0.6585015453038168
71858,0.37659877188414587
35019,0.8023380309215891
100257,0.5550212638765967
92012,0.6716077932083279
62039,0.5835974974044269
62999,0.3916432257785166
71724,0.025415688091361258
45444,0.7954318614547613
92009,0.4694931254226131
19636,0.8826184560049878
55464,0.13902102087624163
71250,0.08654446376222186
7439,0.18941451274555945
49016,0.6716350520331091
23337,0.17152092150888776
60876,0.7576602145586073
49078,0.3468926564607019
74833,0.0516588466469225
29020,0.4571389968318863
26583,0.45274431848180446
29303,0.07024141174555633
42586,0.7475735742365581
71875,0.8196237019351111
34508,0.6222230240582911
6165,0.7078221343135273
58493,0.6531127881882248
94887,0.2659443442725793
102986,0.9744990586299952
28098,0.9689048565660402
25087,0.200360825874682
8009,0.1199888498303138
89579,0.37615149082481325
54770,0.9709046598286157
51653,0.8659895280340402
45760,0.22292870271324416
4476,0.9545411381649128
54421,0.39979198670263205
59509,0.8850603162019426
98689,0.9807394666135074
60921,0.06727264449515422
39461,0.6644045456424277
70274,0.330278311514556
37090,0.4066079968433744
37016,0.02202875240504846
13411,0.8032526430764602
51088,0.8654768213646618
56925,0.7928013196843231
98002,0.38241465486820453
35495,0.28341185106683786
93475,0.7916256811427212
68261,0.26048393168527595
98947,0.7345323745900193
50552,0.5424388947387511
59028,0.8901760734611157
88386,0.5711791368049126
96380,0.4978851156716853
45376,0.7142148025451338
43984,0.6741853169325154
24711,0.5531761349315777
97312,0.563628951296606
26141,0.5711415599507823
16602,0.09061416375447953
23781,0.3312074907855807
28258,0.04402719822606579
64800,0.40381339099646096
37795,0.9736407105360971
62740,0.10122419185256919
41201,0.02716925503548108
1954,0.3045067512754655
81573,0.21748276522352047
21215,0.02006131869753446
70981,0.2579984396588839
67761,0.1924556259559702
104537,0.39151000553452014
52595,0.8315005724502131
28616,0.03394817636075216
17775,0.9926940722697429
35248,0.06271164505274014
34106,0.45917817639310093
13399,0.4600059241930937
62348,0.985813516341073
22348,0.4696873247088038
78412,0.27277135309483624
79202,0.07836984533428241
28300,0.7075653928348387
57415,0.45633416162642404
24325,0.6066924396315161
104667,0.42832597514274773
102884,0.786114070599716
75881,0.5059816779249277
89545,0.20006640911412626
53802,0.14781384586646054
8428,0.8183814166681738
1947,0.3001071789956354
39582,0.8350106830694457
98781,0.4605142310766795
10914,0.7276904003723117
68116,0.259522067280631
89336,0.645678601076674
23088,0.8665015204655147
24498,0.6369024089819078
20680,0.341889559838483
72863,0.27157658053398354
9853,0.7328687510668193
34780,0.10188512561928689
47982,0.3471207407505137
23029,0.3169674980001422
99217,0.9762010590551387
65189,0.14801305621532748
32702,0.3068781865239112
29196,0.5365755402921673
92311,0.6507878661746425
78556,0.7053036454963264
790,0.18131489421609895
61109,0.3321110766008159
27468,0.4843912547054068
59155,0.5172799786141923
77199,0.6897187478877506
5278,0.8461006828519408
74444,0.03932563753402886
82691,0.07525856995838884
16226,0.24037973340555813
52549,0.549679044451879
44851,0.766137996399544
59450,0.6778416713441012
94386,0.5811672630229306
17225,0.32575902112878174
36121,0.6219463464923422
70641,0.48115841723602926
23081,0.9821587894678026
26293,0.294755488580635
19672,0.37308287757113173
75867,0.5369901075150223
12380,0.6471294678409247
58603,0.4744263484661295
75965,0.4929638426940795
89363,0.7220718904673065
93676,0.9495892165022559
14307,0.20569081406349468
91126,0.9991639089421485
25779,0.3219599277648921
6628,0.8134834179207541
4388,0.1697338992353002
93791,0.5727559756505054
31487,0.9268070521793523
90708,0.44759309701295785
30088,0.8798120382358152
83553,0.6286306265818715
74383,0.14210344139229217
25927,0.6960092196513963
7414,0.02909690909438456
20334,0.1205731020925387
21744,0.7101567663033062
21251,0.24710069727457906
60748,0.4675936617108133
43515,0.29632849586436116
74308,0.2584987732750606
106088,0.5214474150991326
34656,0.27935303592239225
50547,0.3950536970301931
95637,0.8591445954762065
30704,0.2684693768010835
15030,0.2686810586266479
24654,0.38646963940734075
9002,0.5930634898134102
39090,0.5919212942875269
50634,0.49065971371008654
97316,0.4305209944054156
84069,0.6082636348275424
15263,0.42665390920006385
17371,0.4066770612588847
92665,0.524884262310062
68592,0.3452284531068325
34934,0.29732432082850613
60754,0.05732864394625935
11212,0.2864302397840171
57395,0.8823900668260688
87247,0.40595806439290916
10163,0.36202617193685566
19818,0.015065536845564727
86469,0.8886476798736072
5163,0.3830911008377559
89755,0.34569743298645317
15091,0.24962652421154452
54328,0.21896852562392122
26074,0.9985499999999998
70959,0.3671597666292612
84334,0.8845302244043383
65282,0.5381608212860592
33477,0.7371843987941655
6641,0.1634726780557617
23339,0.7698417481285544
224,0.8606130227387042
16607,0.07188947728653014
106110,0.09621919813622387
75941,0.08714852709754474
45252,0.5701213778077617
832,0.4220885135493383
55056,0.19624366481655975
89743,0.9687266859906214
60890,0.2326312160304832
55078,0.609735306310361
48751,0.5760294409362744
64538,0.2803196576095306
40381,0.12543727129810872
80868,0.31750564282258303
39323,0.889827967164783
87561,0.984123832465811
16654,0.7197382918757849
41696,0.5159298131712728
13283,0.944575471830775
24227,0.9015403406835989
9617,0.9365450889778465
56613,0.8819199582166639
87591,0.2634042881951614
51253,0.9751604287263169
79479,0.26468327777537043
90168,0.01124980385886617
63042,0.6306419991351024
37035,0.23034710786424273
52909,0.7094698074162465
69625,0.6840081812486447
10939,0.1610838660781022
43090,0.8405143933886917
23167,0.6493029012273591
16387,0.7234897233817179
40661,0.9408236046526678
71384,0.48960959847494206
19426,0.24519253200797636
45384,0.867270961857893
60704,0.43522215834673006
14812,0.4299731337442737
42412,0.15348431076466684
70876,0.46732487855455723
63689,0.8033873037612479
33546,0.787842700236532
15735,0.9383937264152881
40798,0.4058856338767298
13733,0.33784392122973184
67133,0.1765415408669205
18911,0.01827757672598348
31669,0.4255233733873534
80993,0.3094379659056123
48559,0.6189927193768827
6089,0.3664980360219787
75724,0.06303893127594525
76026,0.4781995227447545
31984,0.5223907184691433
10651,0.7858721390597531
31300,0.2566284366171442
28564,0.11455002195073063
18914,0.34333489657666183
58189,0.7495712208503413
79828,0.5489305514147937
66402,0.6322547205339255
40202,0.38145414235771824
95576,0.09323972565203467
94270,0.8754194729181856
29226,0.7895517381063872
53270,0.4952705328230603
35383,0.2794425998487412
29566,0.7790986156528241
2547,0.5877981013649902
70342,0.9045800397508685
1061,0.8925259373001716
78036,0.6395706847391153
72994,0.871955273627501
34506,0.9430335881261642
102711,0.8662320714066144
41440,0.5259761653457009
39328,0.6447337268014945
82236,0.7672995210355291
54557,0.35495779130192245
8590,0.24231765303167446
49268,0.9392576079992057
53084,0.48683489554182324
32658,0.8117965814657828
40205,0.367723590713668
16606,0.21753512831269167
21653,0.04320798411768388
38824,0.0374622115972561
72356,0.9514774711714165
58357,0.9125911489482035
5784,0.635568576256129
10202,0.6903267554199879
9417,0.3500014017408086
33193,0.8188524715211991
107160,0.028067670883731136
70310,0.9460534872689015
18909,0.5715236532031835
60021,0.40406889860623574
20427,0.7826051150573375
104311,0.6119058622273048
86023,0.524181212067349
31203,0.16796914821732123
63103,0.11503719945211818
98109,0.034776835130196936
21297,0.9616998934463945
52144,0.5753204955714363
88901,0.7077245359386662
38225,0.3604731950475902
84696,0.8329769897071693
20497,0.6571316669634601
29476,0.7849586379885789
24075,0.7592939531201042
22804,0.9464260299961123
91118,0.30184657345503824
80940,0.9140650170227773
43319,0.14825702046045458
29975,0.1786367205082976
87083,0.5277713832239719
52097,0.5788041516614459
40409,0.45104569796676536
38669,0.7898152109510788
3473,0.2950460255490665
42303,0.20989555828805143
55987,0.698585906397748
29956,0.38872393188556803
85955,0.6732574132266453
25404,0.8457378207462289
10515,0.9435361354557094
94826,0.7263747011053534
24313,0.15958848582568283
7440,0.894487667318179
37739,0.9784033872922122
65222,0.46598989603190766
21842,0.23590309518620306
13616,0.05631119558170274
62725,0.20777564750942562
82094,0.7036004901183219
28784,0.7586541785571216
90341,0.14385581106802303
90871,0.16992436835044866
97153,0.7246078445675185
34477,0.12399020743330852
27288,0.6892794145380654
6645,0.19501750061230805
106487,0.21681782595350396
103799,0.08452126313180115
100795,0.24496543357543
50441,0.9359639007958838
25656,0.9816161010671312
42091,0.5317222682142231
31393,0.9960065426303271
105245,0.8181678284425972
30771,0.6791441352489337
63295,0.9684993723266557
92846,0.8246571972204646
76532,0.3055893191028305
55699,0.29121933186723226
51532,0.7546953279086741
81462,0.6768696892211955
55743,0.8978513668876043
5471,0.9548185752641803
50734,0.5453651552777891
77357,0.19179816850206008
42814,0.8228181872903407
56981,0.49572189861772326
15870,0.6480501543244299
62263,0.7890057366176595
32459,0.11827906588552312
69113,0.8792427397781013
41655,0.22037688412388826
73181,0.7688206202794047
106893,0.55746011957018
95135,0.09110441764163851
250,0.9042739490098324
46233,0.8764372237181435
61352,0.7286617559959327
78753,0.3176889882498559
36900,0.4587629102236203
20266,0.22767064612630886
100210,0.49312619887404197
12736,0.6606153247450145
72307,0.9167681389022821
88205,0.9015526585147277
8442,0.6667265452626396
5266,0.8229390097306326
68454,0.08654844072142905
42471,0.30759937946816385
88656,0.23485172771004545
39599,0.7077459449827842
52067,0.3708623844563741
36330,0.21882520326958116
64700,0.368527049609945
45548,0.11124318192431157
25933,0.23994827163517934
15386,0.9178298764546822
5678,0.5727033991714499
64586,0.9473761145125907
42264,0.4603539447539329
82239,0.041792812205092816
12472,0.635361083260134
80615,0.4892379865105253
90894,0.5273664953474311
33993,0.635525065652679
68985,0.5337625968157342
48858,0.984048162888786
2365,0.11817737589216112
61432,0.6242723642954343
55956,0.52722963993368
72981,0.93207107323857
3931,0.207185328266391
102498,0.3898323245144035
65577,0.5725047837025637
104607,0.9395296406655458
3574,0.045734009625729544
48736,0.33798968744882074
17630,0.7566131193716439
92273,0.4194239759343311
88264,0.8400060917603707
46131,0.17621364333604828
65601,0.2825335254676921
11263,0.2809509265012423
56695,0.01232401606799281
52600,0.4567596750427687
5653,0.8312923590793422
23233,0.620114320072944
102262,0.9648573319427446
19938,0.1221949963062863
43484,0.5995584566096237
85166,0.5448475123407244
3085,0.09354501183639133
18921,0.08559907688288423
24771,0.7534360049685113
58897,0.09356275976039231
94516,0.49680642476605363
78453,0.634869572684307
91211,0.5901603457631607
105987,0.6462315024599734
43111,0.32404248210534564
28487,0.315649363037467
8124,0.29506297000345844
82311,0.32314813596587455
98877,0.7684673314609054
74159,0.502988069289235
33511,0.5654791658491229
95473,0.1922118411748352
19725,0.3554616770215532
41003,0.2919694393896284
16427,0.9314769632213509
100963,0.9620581205579002
52106,0.4860886153870944
39236,0.965299550077167
44120,0.963614229517062
105658,0.6763811022472912
13655,0.393190751969552
26906,0.5138534701703621
88670,0.6404043595266337
10846,0.8080435615519808
61451,0.8090007021065191
22909,0.43231925210151423
5603,0.36579529274697264
71995,0.7659526185321797
13659,0.9769726455236376
33676,0.04648262449125515
99479,0.9940902732693444
87944,0.3607742451674394
98866,0.8559056323830683
101832,0.17224360930986515
41896,0.8919546531920977
3179,0.5463454904630234
51753,0.3388712512578177
27493,0.7581669613241069
49726,0.2420901895235218
12631,0.6320790664891597
72865,0.6300792043403978
80074,0.9923653838425257
25077,0.4804111202553272
2911,0.2653387898738817
6033,0.40151841201487587
11734,0.3917877700766712
49339,0.08684854567914227
3717,0.531485369642327
81240,0.9591236816743296
94153,0.8960440042599098
78852,0.8325388396323862
54176,0.34612318404278486
65079,0.5100142106621957
42937,0.6784476937558956
37077,0.336350125757078
90291,0.5072821793816377
64253,0.8729844144497142
56721,0.3205047132187382
14315,0.2924230850269413
71554,0.024761209347344337
83088,0.10996467929748913
14641,0.8693258546864842
48788,0.016099484886540498
37948,0.8288065513830052
80385,0.8917659689561739
33468,0.4996405070931715
18095,0.2517146373296052
33431,0.08702746032127301
92258,0.01357122620491982
78347,0.18533877257858894
56274,0.9861988263804891
53441,0.4183952487496604
9495,0.9536041017878308
80729,0.24055120554408793
12433,0.6297196525007335
86376,0.19970140415385249
52615,0.9132658968273397
64847,0.07908261935639303
19409,0.24868821490313786
207,0.8071069338088159
68122,0.32660739731933197
92545,0.8392546326193429
95519,0.9272254387807553
50682,0.7012522697729628
55649,0.6079575271023792
81728,0.12929158938333532
11486,0.687668833224442
57854,0.9496117756834508
1370,0.948297754024258
30096,0.8156209410955858
37053,0.6350792600855485
54074,0.036938747388247754
33195,0.619002575941676
102230,0.945542798598697
45171,0.6236468181558723
46872,0.7986648917203133
9345,0.9920875138098126
82785,0.12419127718380245
48943,0.22261590176857132
106349,0.09031369183251259
21593,0.7121620760620581
78571,0.5411426071623441
91788,0.25315322195493856
86361,0.986248332475127
52065,0.9150272710203169
84555,0.3915443499137943
3855,0.3856596966022431
43401,0.24732522453952327
69390,0.14458191803126147
56654,0.5251344722532296
28773,0.4403530512870896
100080,0.9424484991145387
89691,0.5370781811566359
80744,0.2974844957946438
27515,0.019379406488779397
101721,0.5521435526674662
23643,0.4798821950821218
47182,0.6846315920295785
56109,0.7038672945825412
81489,0.26891422791702024
72660,0.9374312354515841
25454,0.2766070551321912
89294,0.6607722070359532
74774,0.9085716643175842
30573,0.4139493662226488
55258,0.06161690127216353
5170,0.02915825351149557
88336,0.5573983374800904
5643,0.34823458187029716
62813,0.46155498224311664
72060,0.530112518938327
36505,0.2272375490596631
30556,0.15927230197406766
80742,0.46572740496734544
81442,0.8476100285606136
84357,0.22768812303478425
8437,0.7825804456827883
89498,0.9823927491384525
52323,0.22371666106896315
6105,0.7073541303472123
28306,0.8605421469028478
817,0.34515565783146374
21262,0.33772458036856257
101935,0.23138709076910413
84337,0.06618174761146328
14451,0.10410457031656398
16999,0.8321340359549084
106000,0.7915821437014278
54478,0.9235947099607885
74663,0.9213442039090272
45704,0.9149710984998851
19643,0.5044304743090575
61567,0.9616781482559992
15631,0.6805254743473256
41554,0.8574883741879584
83039,0.9602285108048783
103446,0.0839731533433807
98345,0.26840376991980175
58781,0.03663104515527292
36507,0.727425548720086
93968,0.4056335974476857
69970,0.2643431890271898
29264,0.467180847962117
72447,0.7379399268113491
49490,0.34807825025935685
78217,0.6120677715765127
102159,0.8190791738465107
70273,0.01408180167818748
26338,0.6249250897337313
56176,0.7906558458192274
48531,0.605225211389181
87778,0.7225397052709956
31072,0.7931189687271712
102437,0.7539046344266793
74391,0.0970077399990824
99487,0.21783866083640577
1181,0.4753791753535744
98967,0.08377611634478654
40784,0.10281221950580749
13252,0.33411630028543626
35927,0.9812998489989093
10450,0.8925678952511238
26024,0.9228013437063715
85777,0.8714515715990647
79959,0.3399446163687724
42224,0.2285959596281035
79732,0.8091384694966071
13077,0.21311033532890522
45919,0.990620320948379
48481,0.32494570436332004
23051,0.32921809033174504
53396,0.6624637357041602
25990,0.9915832524425934
65930,0.15013078966669013
84275,0.6758421013731708
55555,0.7590782555301525
13571,0.23941728956712877
19734,0.5779449093103652
99263,0.6381640072881252
40884,0.9972537958033513
76709,0.30163051912752903
91081,0.28933491686854185
99608,0.9702850665874033
101938,0.10681111484129961
31299,0.4090044257625494
54312,0.44970649063665724
75331,0.34561772725049844
26718,0.9293676202804795
39625,0.6182046676251605
10154,0.4877114119164181
52480,0.539387951213301
86492,0.05710191038996941
67218,0.3911146904942421
90249,0.3955078257238306
107061,0.6172361901445634
31114,0.43276493189942467
22242,0.44363711192864397
103709,0.07381691149872044
25534,0.03286268694271574
11076,0.42489503877997803
59426,0.5542907288452573
40405,0.6196449901828864
44754,0.8641137382957884
22684,0.8422088587366916
5801,0.5869156391130177
36924,0.1989076000753836
53384,0.9386721149982356
92712,0.9434114527832296
96901,0.7972159771540762
66228,0.9790633776474966
6751,0.5312439460395716
16380,0.99885
67691,0.1559995760253829
69021,0.6361667632340197
96902,0.08599113370919764
47769,0.7262979610675174
31218,0.7175287836279771
38635,0.6200410125547112
84440,0.7298759012770426
80700,0.9791497820417367
83305,0.4113494020619132
77004,0.6349170134940585
35493,0.9343301209894429
57640,0.0629268888447846
22467,0.8614948190670861
37776,0.8962906552764897
69920,0.3107080462102489
27536,0.6117056185296784
52622,0.2272718939707526
99130,0.1708909126067171
34826,0.5545218269591853
13530,0.9078956361246747
54219,0.8684231792403986
75359,0.05293409110611277
27285,0.24754710409690459
22077,0.8032534253495768
90788,0.37834782966355396
104322,0.8217470130876415
32897,0.9972999999999994
55677,0.13397177509516456
42319,0.11105471045763496
92559,0.3460055069222877
29282,0.9653057313547554
65013,0.2232042106219065
4817,0.8056912702705532
37540,0.5872376325099421
68712,0.013292324665388138
56007,0.13614018251724344
47616,0.00505603463522832
79058,0.9082844504894274
81738,0.21804405473170138
100015,0.9817057124210843
54572,0.3089925572528797
49533,0.06723027294813305
101178,0.5998112508340011
95017,0.8734533986568769
105751,0.6843881840577899
78944,0.8919175462658495
2093,0.5858056207204393
105969,0.7819431312635761
104250,0.6193610327074096
83042,0.10781671747390062
1065,0.8331960228336002
37529,0.5284522304560555
13780,0.9686571343610403
46453,0.6813197131916384
64631,0.9795233824337835
20384,0.1355599560580742
47912,0.9529268755594541
18,0.15077326931801616
77554,0.7156449464219236
15582,0.5992793252879354
99666,0.9033679589749211
79962,0.9208617301783366
57979,0.13760746186053596
781,0.8633226466196825
65466,0.1362153317887784
95252,0.49020587038277097
32661,0.2708536519248258
51127,0.18658839579127903
17798,0.6949807407570768
39908,0.61905772139571
25867,0.43080990416451087
21529,0.02461926726433831
28279,0.542607087623894
11637,0.27459624282677836
64726,0.9478497620261466
74392,0.5341491981098763
15857,0.11989772302605148
97309,0.32456450383976565
37463,0.8687413250329448
32071,0.4891859036925835
21323,0.270425784365228
26312,0.8279968049212578
71930,0.65075049268892
3492,0.21525385586618856
65456,0.16452233280272352
96936,0.3234832857434755
76724,0.6226285233972195
10868,0.7123121740029789
82591,0.21520087638632163
35387,0.03986307914603157
38546,0.9824843256389264
89839,0.49211394229862315
14754,0.710642742960564
48921,0.19891256036832244
5482,0.4355374268808262
105128,0.11337402244432461
31526,0.4119688432429923
93278,0.6819327368404314
37389,0.2589301024275783
85513,0.4330672288080256
71873,0.8295674106596849
14912,0.21185916859716947
81004,0.055248322069638395
43896,0.2771734089194855
14272,0.2413800788578715
10717,0.22688340271143953
64257,0.7909713123309778
11434,0.23943077723910514
66130,0.6093035784197571
35204,0.773294952677515
54695,0.3335181398667592
14350,0.7614533328751156
100672,0.12290795664938121
3169,0.027493700873842536
82931,0.8762455821639774
92433,0.6423252554507715
24263,0.9806806567993754
14767,0.5946209660803
10604,0.9903573970886768
100318,0.3903454974647993
75663,0.8791748248142655
43684,0.7779051253473925
30373,0.978526064605969
17867,0.6656210435512605
33900,0.2861631152769
29003,0.49684948151343433
33694,0.1169049902802432
84087,0.9119953711500801
29852,0.5123829495424804
63545,0.673036410743036
62292,0.06899649167745796
57258,0.2734623986925849
95073,0.9284095681883853
50685,0.5626410780050242
104221,0.7932157249643017
51911,0.5352404563242499
48975,0.49164647732938194
58430,0.8132361922341185
63383,0.30426980093153366
35526,0.38354962514407287
64270,0.3138476601297661
23285,0.8406327299923682
89158,0.4144353487683946
77528,0.2941019658369129
38446,0.1706089186730026
19382,0.5502931499500037
17453,0.5779634645927383
39175,0.1269706921659126
102238,0.3316374904926992
85718,0.6781548462855316
24010,0.996901147280184
54821,0.3816095956853527
13440,0.15068424630223434
11394,0.021546893053595507
23805,0.7578289217820874
43147,0.506283633823342
1333,0.6960505558798794
1639,0.4349921918405685
37376,0.2686572958712029
63387,0.621130665468077
23614,0.9657997654880711
32136,0.6493523556050739
49294,0.4055776789000143
13594,0.941318512163556
42326,0.1812742014266912
82587,0.023665903220184338
62487,0.6250773818874901
61281,0.4342752606765502
1204,0.17863781446848925
85035,0.4692963595142618
63270,0.42158772474868655
54681,0.7011846217311262
38823,0.29947904568913986
88510,0.3483499103454371
73301,0.8902009926202016
97118,0.14118096749495931
56486,0.02173984443818824
70896,0.2801280311981179
9348,0.43044598565046893
103274,0.8002033077034127
33539,0.42189104681559125
91382,0.9799556985030935
42087,0.1479403098393991
38095,0.6677486580112761
37681,0.8125249252901747
8143,0.31563801778604217
19535,0.9158184852893694
100274,0.5255928922701356
47783,0.5502063583796849
63781,0.46523734147386997
96617,0.5639770095868467
75551,0.5529164039309147
17255,0.9914999988492099
53787,0.20814337185248288
635,0.842706884856949
85183,0.3743625543616472
103397,0.3581534595418398
82756,0.9173341100620199
100666,0.11636236735325978
50949,0.2505642919502381
28357,0.5132037856847442
45721,0.7675399906961756
56031,0.9203361657634767
28691,0.06395298661409195
16837,0.601564187888708
5685,0.5752868302062515
92766,0.9315562074221233
46208,0.34176025641266405
39047,0.9397819563536998
6910,0.351702507347164
70669,0.8666944068991793
49926,0.8278614530844952
67684,0.059891786009210975
22819,0.11725435289732605
64125,0.3590014525553198
15652,0.1412928738592379
23464,0.8888203023744037
29177,0.134073432162587
35062,0.8135897480051569
68536,0.6734069438488172
51118,0.30821337771200746
90260,0.8014738360162312
60622,0.10675325273743141
72104,0.9845400519906093
7291,0.38600290711176477
68799,0.02871233556474565
26509,0.7782629902030749
96133,0.11059953962327353
64710,0.7681726236366803
34161,0.853123970202726
4172,0.5726354544193086
26504,0.13551270738859544
42383,0.24888444078491911
48827,0.7004149239294584
62023,0.9801986690595784
53381,0.6057977091791324
42672,0.7745037871835827
40352,0.937880239586562
98188,0.8475363104005154
55579,0.33273287633123494
95699,0.8691722294324593
22073,0.6923765397381461
7510,0.6389946782954454
61926,0.7757795311476958
12524,0.04306363321060507
30272,0.1643767974541836
84597,0.8006616507413697
82478,0.9365209039387419
64991,0.7081320779160161
33087,0.35364565804763026
102366,0.0654916509381425
83565,0.061635482431226685
83122,0.10922396198042059
52131,0.2321161415443026
910,0.4716587654826877
5111,0.5155352010258925
54693,0.1939557186323187
98190,0.9178830456125835
10111,0.9035076564126019
37371,0.08315880237304639
34857,0.13856047041093292
14501,0.5257785929808623
36005,0.3312421757345372
25749,0.27608478926069846
78921,0.8591153281430375
44951,0.9944498841757363
14333,0.8221366472397518
83840,0.5254040736269585
27079,0.2020422630888175
13278,0.6721758240391695
23037,0.27251654579028184
67764,0.6487978615261081
15310,0.287655952848954
94802,0.9549228950689738
87951,0.3054989362462153
78943,0.12730656748432212
97872,0.06035393753858056
81410,0.5164790158259964
50882,0.8576540887291841
27223,0.5743837475970651
65094,0.14769960426996603
78051,0.9692986942471558
70230,0.3037778243700941
14759,0.26121686576664527
59979,0.3884932646257079
43844,0.9648954939165602
79018,0.29552004722343206
27232,0.8545488555194096
26744,0.2568116167898747
42401,0.8874422979996301
78332,0.15316053985686948
76194,0.8532336133122186
384,0.3410888677884488
63682,0.16855223835394534
49119,0.8880103465694285
54063,0.5748986823717852
64585,0.45183927993645684
79519,0.897090190814544
51401,0.41184079886742103
30357,0.5093660761223402
13880,0.7866102035762514
58055,0.9754731860703945
45641,0.8299313377727294
21988,0.3012250098247412
54004,0.32283123763807975
24290,0.4906700891159933
77273,0.14551345396830467
76128,0.3928935081888123
65644,0.9992369183989103
79017,0.2827870789302249
101808,0.14890372043324396
99951,0.7895019415396398
60253,0.5668688626666673
94900,0.5502789165187445
48007,0.4045457470574205
98057,0.46866734049690517
47744,0.47588397346173683
98823,0.7336940626386526
101068,0.5978066732611139
102961,0.7598610800242104
74087,0.20155762401362926
7420,0.9943881440314379
70975,0.6015215091753723
105748,0.1405393897921991
42214,0.8227670367203027
13477,0.629356465410331
104778,0.902015195483417
43685,0.28364982269838385
100408,0.06852889511076697
51947,0.01884959671670634
75354,0.9303197467317282
15888,0.33389208638219425
33178,0.7249532438000419
101604,0.08440324625801746
11544,0.48861756643517285
58903,0.9359419490491423
41792,0.05684353688711564
93189,0.10398428522227085
41555,0.6419644995513938
79590,0.5947315724882718
3426,0.7163560409716959
25278,0.91202775599291
25008,0.8136328157274868
81536,0.648135201148276
95607,0.9155610041473188
98558,0.3098953557787575
48761,0.2123407097664307
11198,0.9173174930528543
2451,0.9095931327476527
46648,0.8795997588481166
51384,0.6386736878072543
62978,0.8886266791176163
27721,0.7946440290469775
64172,0.21120570493694318
77418,0.6176385997050394
72441,0.7225350124441702
29063,0.7499317370889098
18090,0.866459089247444
2491,0.4710860702638689
70301,0.38126988330834755
52348,0.8231279833640796
82167,0.8931932031555239
32365,0.891301999690751
6896,0.8004102137969278
54908,0.4921505114863033
50459,0.7715228550645705
60554,0.4958920024527047
17023,0.4352694613811574
65066,0.6053660656376922
66344,0.31086974203410295
37911,0.46995044228397553
22161,0.7898026238803825
30356,0.3456683076947866
60676,0.1471789883312447
31531,0.4820661841264293
4843,0.04885397514657229
99733,0.6872690999298843
83507,0.5701552172453349
82773,0.6227366616137158
74473,0.14395052754581736
88188,0.8281013380125253
88215,0.3104075137011429
63735,0.4983826312408679
70619,0.8906591764238647
61200,0.11221979926516168
30655,0.40177529667884926
65913,0.07745119289130667
54326,0.3806426957802531
56131,0.9661348493874814
58175,0.9361245868324091
98975,0.9796883321583096
94819,0.6457213534049772
90301,0.1309099752371911
25780,0.4283155989316879
60452,0.9171678417836158
50411,0.12952661048398806
35018,0.5335066570589736
73380,0.9633783330000751
17467,0.07854007580146674
3094,0.9219662595713476
9738,0.39510641840639704
44418,0.8326468043803177
84598,0.9979269257746927
93058,0.8312307595716235
101249,0.2999212415725194
3313,0.03216963812304617
98711,0.5129363201261404
27602,0.3526486019041078
49587,0.5029750944516611
80445,0.26043314637029247
39073,0.2565629537078907
77240,0.040252998833427325
64521,0.6733870646410405
14191,0.18752830922636854
84975,0.8206770136311451
41952,0.8295730671583115
26320,0.9687487998412885
4556,0.704644818084122
15168,0.08425113984724694
26457,0.9404128697075689
59345,0.5664454752560037
29189,0.1196434546252036
71307,0.8733069953866021
71078,0.233220561731872
3900,0.924093082245641
22304,0.6904978354782763
38231,0.3791698720693747
81720,0.8615088658935658
81431,0.7429398612259708
583,0.39101225366889714
53552,0.9819541678498407
84043,0.47283600710207835
16175,0.10820475169821717
34979,0.6393268396288471
64150,0.6156288186726556
75806,0.39792442028626707
93116,0.04505866568258913
29562,0.833041575925758
28371,0.7982963180216298
69331,0.07723448539941519
44586,0.9023727703408877
91778,0.2576241802973068
99087,0.5974350131942058
36336,0.8619984322505398
76742,0.19861857694309126
103873,0.8909551033138028
41887,0.20241084523240832
36456,0.43247788418582733
8347,0.3640432021847866
105701,0.8791896748464267
18727,0.6684677510757948
48456,0.8011999967267045
67345,0.609746363537765
18115,0.25068314999690977
88646,0.7321306847356143
16889,0.9545677012588394
12294,0.8615244005341293
83601,0.9139257646071997
73687,0.2013701184466463
51259,0.05616664055523794
69885,0.0826598455524733
45997,0.7382007497613368
65402,0.9796492792135099
24272,0.6930039874513401
26111,0.29111283675487326
14340,0.39379049166330937
106932,0.9902765671624865
10072,0.49717495188653
42275,0.26412965873544786
12585,0.4695566706985228
19345,0.9301099139157333
51382,0.7741466069838329
17188,0.9896335255726261
61288,0.7894222594238327
83262,0.632314616284486
86120,0.9995592620800777
71597,0.09251948427895118
56009,0.5090770933301642
23672,0.988028303101891
87182,0.28705080836048424
30917,0.8229205272132103
45016,0.3691448661774455
27513,0.8563162972287609
23688,0.11363575510566903
91552,0.9579810011260994
36671,0.35572119255636175
61761,0.03425536716277082
85490,0.4935515336827676
102143,0.7391423195088407
4545,0.033110233702210015
25878,0.657185667125247
40704,0.7399897395184332
88727,0.17936459155182657
21689,0.6155449866551526
53724,0.3550316433197467
23022,0.33632504161298604
77592,0.613845813544509
77918,0.5901737124003539
94200,0.622008738661818
37600,0.1783395064182584
43202,0.3502669397339022
75128,0.1995658097134973
47481,0.9219773610833301
80803,0.6649858783044245
97638,0.3915484896377526
67851,0.6368360047279866
69733,0.9850698289491552
96141,0.20259074690604134
72491,0.8987675540632936
77467,0.6338685659572212
61997,0.8691640503251308
34472,0.2699611537424463
69452,0.9589760858256249
105256,0.6570428502124227
38288,0.6154725815499313
61579,0.7604638508629344
81861,0.8904569873612574
91388,0.18895448142921537
66355,0.36153029490839683
9772,0.5485453872573816
91345,0.4577966544794028
89020,0.9517996655358252
47843,0.27927734202603816
40239,0.6142185522051467
7984,0.4313487937914311
12457,0.02356938226717461
48634,0.9011715597534138
54494,0.534210730409153
36007,0.6553073185316532
13859,0.16410547207582432
104132,0.8192318631474467
106444,0.6925588894845534
77743,0.8524424981051122
12930,0.7846786001954822
75523,0.7581223203264962
74575,0.39830937955085366
87066,0.23216941798402974
72953,0.8164085458752544
75330,0.751503001785407
35634,0.17382957056664244
32681,0.9031177328798357
54719,0.7616492816121393
11158,0.46093214516417147
59927,0.6264837006235902
104545,0.9765356989109704
40117,0.3937735414264595
61413,0.27190108359616105
21715,0.6083373123758471
32714,0.44034426951616334
24981,0.6855563189335532
35347,0.38943086133594385
93329,0.3922723942541507
62636,0.15700357056213096
81546,0.6603064466561568
98273,0.5293666288076947
7217,0.0460043262971645
93418,0.4302591196536833
37177,0.7001951336541422
64677,0.8338335178974374
17229,0.6170804653853915
97054,0.9902827533048941
79937,0.679209028640078
54263,0.6339296965490546
71751,0.40078920841471555
82528,0.776565426038653
72064,0.9151556714585759
79587,0.36047934853099034
28466,0.9614497977015501
78377,0.6219994940059814
46316,0.9344403377104158
36085,0.9881511549139842
17461,0.8065467185301839
68795,0.9125253006811063
92838,0.41824571220139384
7155,0.8341233363031753
18487,0.17874184723137834
66346,0.19198743397789397
99,0.05384858620817923
101572,0.9974433230703983
89347,0.4815464717735394
68407,0.7155612749539715
49849,0.9417712819784725
33062,0.48571212275281983
57697,0.8684965680724652
43349,0.08213597904190517
83428,0.5856906060967254
105864,0.8850062309043738
15474,0.4722309934797113
27327,0.3658282913542302
81606,0.9631260626420565
46310,0.80106749246845
7460,0.947044495584473
13550,0.2756366699318351
101547,0.6370233624333448
37085,0.5660721709733774
90070,0.7247259356383087
21549,0.7131012821856533
20421,0.9798154788935898
85729,0.8685237551013552
94349,0.8987904246274365
97059,0.6720660965437886
74765,0.8817254595217036
13726,0.5795131232378585
337,0.7258578999862086
51845,0.8206166701396127
58858,0.9688888716216278
46319,0.5932790622751556
55111,0.10342073097897704
11656,0.8797299644627299
78676,0.7439934421475447
60093,0.8493396067744725
91884,0.6892907061828263
51111,0.6563573632388834
17141,0.7985776352736891
58149,0.9477812474283213
61320,0.40199444701955467
1131,0.8014244098898329
22772,0.14501874634446377
43664,0.9650261179467183
43501,0.987038908423447
81414,0.2870880330265108
52958,0.9363446330923961
89750,0.42471761615191966
83877,0.5534428008876938
65308,0.8598799843576741
9200,0.8352140126907754
23749,0.9956457700504824
13672,0.26619507618330607
74683,0.7504738909993576
53904,0.7298948909892908
105146,0.9947480988968662
40098,0.1684465503870395
54660,0.23646038829507132
93339,0.11657852355256902
106801,0.4187421931969213
26778,0.29180151644184804
72106,0.8316074456480536
20868,0.26775277117366614
75989,0.46447740186777503
105541,0.9959230623379647
13843,0.5485978421837874
98710,0.8185221724359344
48313,0.34146642615511313
31664,0.9915141017857506
19568,0.7851786400218433
47754,0.15568177706628694
96276,0.8830718028031026
95056,0.8936000231693906
92257,0.8905247401182894
85089,0.23960179835172143
20080,0.8237780704383917
52366,0.915678383495879
43572,0.28155117417301817
29109,0.8956316930243529
52191,0.7037298072075857
62260,0.5199951167783602
47485,0.5943071165477525
52129,0.6937796596533743
59497,0.07070213619271305
73830,0.21470051846192473
27949,0.23772538686103867
16537,0.6774177689018517
84391,0.11144600975167934
54134,0.8334415844816625
13467,0.8506962320595914
86868,0.6798257956932742
95993,0.8659277937411356
60827,0.8716235604624254
68151,0.5595363818814876
57843,0.6534312152482182
2809,0.9301443896448771
46015,0.21880216333477734
20238,0.41429319637641393
106281,0.8789108283495634
50264,0.024615428252075817
73468,0.1796773933036894
15834,0.6390917597064674
72045,0.6604434353907662
56366,0.6871939891773955
9996,0.9434767673992819
100234,0.7817318181956232
36929,0.17774839544867194
68444,0.7118598942021128
563,0.353194455467932
80583,0.7303053554844011
103138,0.5088312301180277
65733,0.2081699899475688
32278,0.925308324574924
88389,0.632075057776692
56450,0.8240792501176631
29640,0.6474261035340081
101098,0.7342008485023759
89131,0.8631978801476499
102285,0.49606242546611234
1174,0.2668954882128485
86355,0.11089754791476739
68228,0.8935077664080887
49846,0.8422227749843763
107146,0.7483989565539215
7072,0.424258787387653
56520,0.4340764428038393
73045,0.804057576884794
28365,0.22955485657263425
68322,0.7910595500372242
102037,0.9945531968855263
18716,0.39710385618264554
67893,0.15496061700557529
81841,0.9718256766056091
38298,0.043992490838118375
90742,0.60500569025458
72516,0.6806747715156446
37424,0.560546780473104
40673,0.024186358382068326
105362,0.8474122193961799
64238,0.6098691653315929
35480,0.041241808680886755
84378,0.17886420483580548
2635,0.4468252948525283
63605,0.42285110542634935
45588,0.9939544189482731
46577,0.8247117450736454
99481,0.24345064150674983
808,0.20409283718912294
36596,0.5704260389171907
60836,0.22819441681069108
27095,0.030178722661885468
78127,0.5116525632418737
32525,0.8678705352251668
102468,0.392856382903399
8884,0.5902497393731025
16939,0.23810887096765007
88921,0.6045597249499135
67854,0.9697769576648431
88238,0.867929581000344
39425,0.15102118815438226
23801,0.8179953556071548
4572,0.5432239890467507
56382,0.017277415091942937
11124,0.6813677727494394
45994,0.873422218929378
85602,0.10837862652614987
104776,0.32200587492715976
49788,0.7394030901851509
29069,0.3008548498836602
75167,0.9464470395625836
64727,0.32040904039741935
36990,0.9086933941203424
8472,0.27800452462017766
21020,0.3400919353660974
22816,0.1946942462029117
15066,0.9712261077570936
13058,0.8767060239799207
38179,0.8735654836514246
42100,0.8055561121358932
89612,0.07843652293174311
64576,0.1058998290182848
106162,0.33026811522946753
20322,0.49080100358337464
2401,0.6384145272534181
9479,0.13118640808220478
12406,0.5037224029958698
26699,0.2768156722869303
56948,0.2174117519709269
9085,0.6333196963414818
84168,0.6033026333969351
102128,0.6128632320757808
453,0.930682518848398
66887,0.7665085878884339
88581,0.021453977178730703
11297,0.1430580311635717
23061,0.20692768531333028
35290,0.8160291068993802
79126,0.8845680892473686
100424,0.647643092632664
99590,0.9936499998222925
79363,0.7524493335719058
14879,0.6875366165299721
63376,0.1016876517579837
28444,0.8391856025136863
1687,0.472177922599943
2805,0.1681193449840556
86217,0.1786655488796262
91622,0.4343647414173022
74692,0.2390745545582214
22137,0.12914000645763374
55905,0.6284296029671727
16878,0.8219218533532331
104755,0.7435289442401829
53967,0.33842528486958146
10164,0.9003209352603796
75949,0.10242761819016899
58759,0.3420721259557762
52757,0.20072793622302462
50056,0.8545867201973525
24815,0.8223802063515757
103539,0.3236554470453916
102891,0.2997529903844781
105114,0.22474846688387878
4702,0.7031894426620413
1300,0.22279683757540403
58992,0.9029565035107305
70748,0.5229953441505154
21924,0.984149696928939
62586,0.8548947746820466
69942,0.3587545616546389
64693,0.7145014879450056
72381,0.26158151371583177
44443,0.34419031045510917
61988,0.7496777006482388
69769,0.6087340777434265
83105,0.6428374115608118
70937,0.8713308578285699
102976,0.8526853696914622
34980,0.8742647651611448
102923,0.09070765682474584
67750,0.63355465718145
89720,0.05014210379946486
50254,0.09006433132493671
61340,0.856864003878269
105000,0.6935202298857476
78651,0.9068011584543887
37221,0.8442932501876846
74552,0.719350576607734
20119,0.02613753579540288
49309,0.874075027790548
53555,0.07337517949492124
69286,0.565127192227591
20397,0.5561933632691557
42406,0.4860437393294218
27295,0.11910957351674017
89123,0.8948216775216808
8632,0.721139310447005
56707,0.23549967362345442
14260,0.2686885910483291
23663,0.9010406623804234
30928,0.2211590639311402
78074,0.05058490718506078
6546,0.06606991636528807
6852,0.5541432038529789
73970,0.23467670215898961
44144,0.11062679750864414
19404,0.07641241087227696
60135,0.4851670448877249
59957,0.9368185385683854
88442,0.6606130160367254
44843,0.22873086964039357
96970,0.39183248600798426
31533,0.42816771845389134
23234,0.11130040055379448
29494,0.9170123238489141
58974,0.22537101711786323
85477,0.8974972021710562
13687,0.495039346969932
3528,0.5795999624128126
86408,0.8653802820055005
12633,0.8168024635234095
53912,0.19247245987616657
23436,0.4264017858093304
36474,0.8335544012939569
9368,0.8796431345775038
10622,0.8355438145384135
60229,0.5903364082410658
57535,0.07257262060860747
18260,0.6263100886755758
100375,0.47604072933888597
6719,0.3708435572784603
84698,0.8646047238719385
77211,0.9104567603683685
76173,0.6652877297674336
98124,0.13214362162315257
64226,0.3165213721697182
42597,0.13745219506205952
20593,0.4633244099649656
91129,0.993247354093193
28266,0.6299195449867798
64792,0.04934575287873877
64536,0.9997499995624013
23351,0.0836257308778922
34599,0.23401815420696614
60849,0.10347883890116913
75638,0.4846351617012119
8952,0.7651762499340362
17746,0.8821852304423337
90900,0.7238198931911399
3670,0.5542075540658498
101865,0.7344702284174145
4530,0.31292489425156356
65170,0.9455889426929642
9744,0.11124713208606818
39873,0.8380858294461275
91786,0.8052240460742817
57820,0.3911332032231803
91877,0.6570031635895373
40613,0.7099936195527496
84749,0.46393645569264264
25907,0.5079651705091656
37232,0.8274381934772506
6210,0.26991543475374935
7938,0.2639528840401341
95412,0.622891836853521
44476,0.5445743002619922
31793,0.2993187756589696
84765,0.2275359821175746
64213,0.5404634814822902
28955,0.8305963592099774
18364,0.718739803893604
38157,0.3524499459209921
106432,0.9208396966314747
32546,0.15037105946523655
35523,0.1919947287936877
24024,0.23416927774305307
96602,0.01789205255190348
45276,0.5174426674181821
8780,0.9424453376791129
3428,0.6843064476311539
88887,0.634695557161498
85306,0.5675918484383123
51200,0.6720725266481382
9741,0.5094492097432038
105941,0.8239035143769893
101835,0.18425735049470543
80754,0.8731459263074257
51816,0.5597809614501258
13724,0.8773176362012831
28720,0.7121581123251688
64272,0.41830103754944803
105788,0.9879937227599687
67220,0.34285656210177784
60928,0.6873534721324945
58158,0.465715804199076
16293,0.7244612932257013
13608,0.9954991577931342
37565,0.8836222260367417
2344,0.08685928511008872
44877,0.7771367681729512
62709,0.7260404262640697
16477,0.9322513134701109
64979,0.4843217757616839
42339,0.21223725858201628
90112,0.6160168186057013
106386,0.9723626604983349
42538,0.9307493364008407
77626,0.9992499892694381
21935,0.964307265711015
24877,0.6597477329696281
88325,0.8569330400430395
82182,0.5352640459597485
58608,0.7650988867556063
78682,0.9184040833286049
106195,0.5543223780047578
8743,0.4936049941335443
59128,0.07602380683475747
55870,0.9312263026120948
12945,0.2356801444842617
65772,0.6424453195296307
38756,0.25081405224813935
58762,0.5474982769655546
59866,0.5337676096257881
79358,0.8387274990435627
97545,0.41964033819569435
98879,0.6625074684288996
75144,0.5782644001841354
15726,0.7507498176174973
83258,0.7476390484997323
29722,0.31552401934675234
21225,0.8201653847459743
37385,0.20735592479302195
7776,0.18535148586201872
85049,0.041543594245962844
5438,0.3372873555639072
45836,0.17929359260406996
93302,0.20009542565872387
103757,0.1860992755980474
31211,0.22901627886142767
41452,0.7134750300828321
101536,0.14007705231047515
13279,0.27219359205117344
33464,0.6275197212475507
56130,0.6925451669494751
16350,0.5980772878239291
104573,0.4446045537131009
61257,0.799023687630174
83150,0.9188914366748488
51218,0.3642401833927158
10030,0.7995735242211435
75294,0.34762113852041826
72392,0.40132334407683734
106535,0.08857142704064612
39072,0.34400601800112524
71774,0.6333019677822006
3813,0.16322661221429466
79029,0.16297542565878825
47657,0.8358017896580238
40796,0.27368115994325837
62226,0.4650302061936903
44770,0.8925479185341467
20967,0.5796157992248776
19530,0.5427026678030078
64597,0.11310273408188465
6049,0.324654799520538
39893,0.034506161480074904
69451,0.4082870130980989
79504,0.1113350189277126
42596,0.48310388947438243
69849,0.5191994891294087
38319,0.8893756503732518
28744,0.9559185298530899
6512,0.07340337427726756
85429,0.932602917028188
22398,0.29648235792421995
73177,0.2804877605555775
67313,0.0169632261835861
69839,0.15563855126645806
11597,0.08394862716461637
76130,0.75605556974346
18004,0.8105430984680407
91777,0.8949963001483382
37778,0.008232737209215088
42533,0.11293313258371457
14180,0.8931789169845478
31629,0.36937045995818985
38402,0.9353908389103551
60267,0.5438778166864249
89185,0.47040066361886035
8790,0.6529009612210903
92276,0.54502465903706
37313,0.9555477228144826
89912,0.621716542137495
32844,0.15241904991662858
51184,0.8188963789382541
79150,0.27112463874403464
25238,0.5526388932227106
25505,0.5549765657915097
39320,0.42224018000548014
92590,0.34829419301166264
35742,0.2174352082945858
54874,0.5814667265571984
51835,0.23761083640025676
101025,0.6990160569085075
32035,0.2339776088119631
104832,0.9775788680962676
96308,0.11825968514656904
89594,0.886306329358026
51113,0.7496518870064663
97964,0.659861445829393
73407,0.9407025530218679
18136,0.5273960783019628
20781,0.01567010893453854
86581,0.5164702576521929
1141,0.548147826877111
67867,0.9583305564046509
91354,0.7210226162532851
65023,0.6502763915140313
47815,0.6428417512533132
78565,0.06332776974610815
60513,0.26162210750538845
103024,0.9378676093473883
100646,0.7691056552253503
17208,0.5273993761514432
57658,0.9372747119083547
26741,0.9512010981091551
26804,0.9883075066621201
50177,0.04677099600784037
41831,0.17174871966204858
30193,0.9406144441290771
25632,0.11228588112699187
65114,0.9705955066813976
75884,0.932294358282203
91701,0.15869936163042594
63329,0.7307198272052162
78493,0.6855080851429676
50302,0.46800304045787583
39297,0.20520937574720508
86271,0.8453231442950051
93965,0.41525248367543266
93018,0.3703862363809154
89674,0.1830710350406142
32657,0.10118919449082431
69309,0.1899698078266
739,0.07397827141477928
52481,0.8367426130329358
99104,0.43530382288018604
69591,0.4621780203493243
47162,0.44640457870217964
43009,0.9721319066997479
38346,0.4690641211498907
10816,0.24444653136882913
72013,0.43376486749469184
78283,0.20907354846086434
41660,0.6211633697755274
1166,0.5079384159223764
39181,0.720897616798809
59263,0.019798124806273888
104487,0.13777434149473458
91734,0.445099612487588
86175,0.8497838911528368
76412,0.8565996272980307
20616,0.6349040750293063
7844,0.5423237054383324
4995,0.30646499345780764
27159,0.29936264866960666
78130,0.9858842593807364
104326,0.6125269640281397
44435,0.08345017097126561
84988,0.6708317486690883
13069,0.46530761415610117
15486,0.2420612850153223
76480,0.11432335938470928
94250,0.8331708805129403
1856,0.984999748425951
37078,0.04132003534090362
32927,0.9038289937033288
101015,0.7759473030594882
14773,0.23184002565544004
89981,0.7306969464974795
52854,0.5651436863726984
41491,0.6294341450013408
63546,0.2567025944471655
23877,0.11505277795529009
2149,0.9380681465479259
9083,0.1431711843079175
78774,0.5828425138026371
99819,0.8806967376304757
61787,0.9969741027703197
66605,0.9810998858890971
8298,0.5522365305815229
42299,0.31508569666053626
4249,0.6365683931256189
25742,0.025331532816393488
16651,0.7649338085125565
84877,0.02017404441107677
37553,0.9122990282724446
18573,0.25690563740260847
80133,0.6625763815502648
84558,0.1758077672762792
50562,0.219445625945835
11790,0.3356636628432014
66033,0.9720692153391142
11819,0.5452633280435337
6828,0.6622749400232911
46362,0.52652489997928
1047,0.5993429905624172
34500,0.8022799815571636
47127,0.9785701409902625
23736,0.8526058368049318
60737,0.5385051149622032
4594,0.7041249029689831
29273,0.28707998461861534
46532,0.38212932537330035
6737,0.24287592885615272
23304,0.893799899240707
29593,0.8868699151958677
61846,0.17081137863048032
104922,0.7398960536983044
87475,0.09343348688593493
7027,0.09763122779145737
87211,0.18378647187249122
18614,0.4961695087798822
94606,0.7467765218240704
106394,0.7555803800028174
17033,0.630548793716222
46062,0.1251418091545874
83179,0.3682634611974292
44306,0.6499590749400104
3022,0.6259628005205875
39701,0.2917647734891229
86774,0.6026793503764692
35156,0.07927005122857925
81341,0.628773684883231
83819,0.7502809954135635
70455,0.4564159160053153
53485,0.8687707431244647
23025,0.46143186286181737
4129,0.5841215833320815
95738,0.8129958844442386
19184,0.8391946405459969
15154,0.534651418574266
61594,0.6026080278042061
103597,0.8343065011668823
64491,0.9700992250452445
23899,0.27340635064631436
31417,0.041074009219725476
61755,0.33177172845644387
34455,0.9557519357057664
94925,0.8383139201398688
91768,0.17948888500318444
12323,0.5816598346489774
72970,0.07205060131439033
27442,0.5293323806527761
30731,0.8994994280783869
102947,0.45295396831995416
10048,0.6687579083073247
7261,0.5996317496075201
37831,0.10007739948101488
61159,0.9697999664126975
100500,0.1204073829521772
66747,0.7052091066078361
22855,0.23143411601876446
29650,0.5597798992625007
96881,0.4096489982582077
47013,0.8376774853412181
19585,0.5479866527117944
30273,0.36260957100598895
91628,0.6865287123771331
79418,0.39944187429910344
72730,0.29878566223806835
84753,0.3216479190478874
97421,0.3731082798014062
45767,0.08088166959130236
9679,0.0756421222563663
88797,0.04716299055568417
1492,0.43939711536344633
55280,0.6995966084433305
9098,0.09555948859822287
101671,0.12759896246258223
89413,0.5407831178070138
84730,0.5021131912880051
79999,0.2976862821930732
30862,0.2925385700195019
35416,0.6279875680609398
46917,0.15035206580418686
92930,0.9085040618598594
58243,0.2398209690287892
100799,0.0387468593269355
60694,0.503652063061878
71555,0.8929513094225361
19179,0.9051956232993839
50184,0.8203040029868184
5008,0.32695933470476957
17878,0.7855526402584768
81669,0.995845445239524
77718,0.3004223114294503
39440,0.792599459780284
4895,0.30709157591568226
71071,0.8789718351460933
21702,0.21604883822464532
87491,0.7859406021720672
65486,0.9326267648882909
25309,0.8452520121441383
42323,0.8460643461044791
48639,0.8670437106718365
73967,0.9527133737935868
65998,0.24343605278901093
23198,0.6832446443488006
82664,0.26823704761439027
26094,0.9899991312165105
37411,0.18756307898722197
65951,0.6384172954822287
35218,0.9528869740795842
35957,0.2538018898967397
84554,0.8431891489038164
61197,0.2439283693229888
61094,0.5592018157396602
26711,0.6364913170650759
59195,0.6922771446430489
49121,0.4069622170180951
40914,0.29920524424216355
47302,0.5263543216714281
98853,0.060130865129077324
103900,0.7201999130173331
64853,0.4939733321703679
2554,0.6681596213406402
92599,0.7110257841272672
25802,0.9912219735577036
99452,0.03261010841483814
55109,0.04926744739249454
21922,0.5750446936592313
93639,0.7764948109519467
99499,0.46029857601286883
75518,0.00590800345886854
30710,0.30754565792111477
70028,0.6768803623815534
101769,0.5696294953109756
37794,0.6521340523012975
96543,0.9335507292259992
47526,0.037540968754980315
23159,0.6927953523589726
40146,0.022745736694116777
94847,0.4042061731158443
53362,0.9088141643105792
14037,0.24803384824134944
37453,0.5043135975962292
5647,0.1279012025646375
14673,0.06620867505060862
106600,0.03718603192605817
73748,0.7512110636173278
80308,0.5224701426499048
19383,0.9823361589947228
55496,0.10069069840460992
9225,0.9681119884233648
106906,0.07829764711852684
75394,0.7366532366800882
88551,0.39738634629615344
37699,0.6372374056928776
39763,0.9810997251200428
70482,0.93645047540194
25050,0.7411749237112362
17857,0.31038844392655296
58429,0.09938581584952291
49416,0.30325131567170655
61552,0.8836233895021535
49623,0.3603296016877845
44617,0.13183620684774397
27909,0.1487636959037567
24871,0.9589461216208905
20942,0.22161420577135307
103516,0.765486655273853
69077,0.8470802421796986
15187,0.2745253355802697
3968,0.07407094376932724
46406,0.2834191679044509
95105,0.4185011021185597
49338,0.26251018554122113
64276,0.6378544707854095
4821,0.09203035942541192
40021,0.19035372317706428
83326,0.028106715576474806
42177,0.40312962188812507
70199,0.25421301231755455
48119,0.258784909516864
13343,0.23183324190602717
11053,0.5302075980346113
11870,0.5875863218881674
35640,0.15520221740304216
43612,0.6281512301644224
81628,0.32808283371600266
37574,0.16813725261485948
33387,0.30117381993233816
3627,0.9071266536746765
83186,0.22827288182034072
99491,0.5874571723913202
59700,0.5609543664738927
16223,0.777329072416457
64126,0.10186202212423084
42160,0.5816952902381022
69097,0.9910993736606017
102364,0.09805246265176244
68107,0.5951417480444791
8108,0.29397060901355193
22927,0.9131380678641723
59791,0.30943715204189304
100302,0.3357655813000695
61388,0.9141574181728941
57499,0.6632609131988787
106814,0.2489173293324555
46493,0.3062308657652204
101988,0.6508332116793284
3718,0.459604436259947
97345,0.21860045905210046
44816,0.6704265980763074
15636,0.9716229221161712
14332,0.834013345341012
20814,0.02933160898583406
9395,0.23264145254819357
29142,0.6320953736558182
44552,0.27594112642895535
49858,0.3855907375227743
23478,0.6674569935243944
101156,0.7900937229151419
17780,0.20324696371328116
40135,0.23944954992108491
90279,0.16397349294513308
9595,0.6546299588113417
11287,0.35340195773162497
52334,0.07428411239122633
45378,0.23673470307637162
60285,0.38600994602705907
104931,0.11327775488651498
20338,0.0898304850425749
14294,0.7019731633431665
81500,0.7703704201915156
26366,0.3897315267741649
15562,0.8858924388901275
77960,0.6202323803905785
61174,0.1329829885869836
12765,0.0253580197885517
93396,0.4409062304619181
32026,0.1600566543870831
77586,0.2860192459130596
10668,0.28136081267594043
84486,0.14430371335002945
98561,0.1329164058880217
15057,0.14521849157659825
62129,0.01839452925210242
46701,0.6639563097483061
35331,0.8148660448374108
3820,0.7823011445189678
21476,0.4518000681923563
81388,0.24844486387331433
65518,0.5870482895888439
25936,0.9937499828997611
58641,0.8408890107996753
39010,0.037147350829952144
10723,0.7136811021616983
28862,0.495138025115308
59404,0.4894760214433397
51779,0.9720823816899621
60999,0.07077340705887145
55446,0.9799285218295499
82958,0.9856651055879984
103671,0.2226914829373517
70579,0.31508778243560576
21621,0.770367765327057
40399,0.29514363979693825
66405,0.4255027904553653
40122,0.18750741395125606
105767,0.8432071471919216
67391,0.9189967461789992
31052,0.5213075041066197
6398,0.7628755070525981
66954,0.6527009632599692
99686,0.9860951755688125
14802,0.7806749492024168
96257,0.6966543051072926
28401,0.2044307099144786
44017,0.30828502275459807
27168,0.9506621214179942
79508,0.8008250033717994
76641,0.23371927119673952
101422,0.31243623857604225
57776,0.8427428552131397
24347,0.44845502643116314
58970,0.2513397111930732
4306,0.7758343750910972
87525,0.7032727624518419
50287,0.7715058865537289
35911,0.09578960924796066
40403,0.9608050211474719
94371,0.6752448358656774
88677,0.7419366498580197
102789,0.5927736574700173
82807,0.9471265214589901
101560,0.5151030870198092
102214,0.5251898676932145
92213,0.9627097022696285
78847,0.7318892875846708
87625,0.6626518902997938
59098,0.9760353806052572
95200,0.2749558831449337
13169,0.41681367755495535
52736,0.5675067839305321
31036,0.26416797099311484
32733,0.12838280937864646
39585,0.9014292336078791
65224,0.7829134281634147
34555,0.295051849550295
35503,0.9172359164626326
91563,0.9946499938080098
64642,0.22164494659974426
25351,0.17200312366956483
60263,0.1251139788014697
6918,0.22270786400302178
49218,0.7868560513372358
99645,0.9981316913058029
96340,0.8695678940561685
22938,0.43880409219053096
7914,0.63397939470429
47223,0.35592319856642113
46877,0.8886475213005376
102108,0.8143161511881178
67497,0.5834385079222449
2800,0.24670453598477837
77619,0.9918628932000708
82667,0.6368352515215625
47138,0.8762916294384597
78393,0.598229177004304
7564,0.5325148753984558
33316,0.02790786067197676
67518,0.16259631790711448
76570,0.8532077207834508
5453,0.9401693134859048
105472,0.8608473260958367
9,0.9319769761398377
65582,0.7295844572925222
104768,0.11467187810266
44236,0.6746362583247976
30578,0.6488817093408936
28938,0.6875556946584537
38579,0.9238886060490842
95781,0.21104207496619543
44215,0.8370558135805322
41530,0.6699541439103119
5456,0.30935544910955914
75529,0.8904560471136935
82386,0.9020471195707833
54766,0.3162656861283871
2689,0.5878074674451998
90046,0.21933390621130172
72503,0.4085176474557243
96582,0.911307969165924
37143,0.27130985973729016
49719,0.3637945293304079
11305,0.9339325206106681
38853,0.968602355638059
30018,0.05192367055133131
89997,0.68344515352659
76441,0.9429536965753023
63974,0.9304601174149343
5818,0.4162677119377409
93750,0.8887874596775791
103189,0.6247701902724256
16117,0.0798980340859606
101288,0.37127991684538914
78644,0.5476897173358762
85356,0.2214335665181515
6264,0.11843533757594532
7677,0.5022561001762809
62883,0.7701386462498675
78514,0.4298384209598022
73040,0.5697041591645831
31444,0.06950694651132966
17921,0.44652187645964275
58623,0.44875305464161674
83516,0.606142911443479
15353,0.877632030704159
100110,0.4259297145533474
19879,0.21321751440213466
81914,0.634869754406795
54921,0.8032117992630423
11156,0.44585090933442717
47710,0.6972092760785049
75545,0.13377799535679405
86014,0.8599657579117002
15013,0.15299563682224515
7602,0.5506716636529118
9536,0.7343783578864067
9037,0.7460698028724082
67680,0.2801516712503478
40930,0.7100346689790962
22323,0.2282839523959398
26556,0.9832865136762761
95977,0.9295981281859396
70938,0.8032836171667159
71118,0.8591859729889912
65686,0.7780285358476339
13752,0.08652661282656227
74760,0.4160370715417342
4314,0.11520930821673957
59908,0.4118960789516649
43180,0.20265959461590594
36161,0.6757963123211258
77291,0.28409750745138646
74333,0.12394554528334988
32013,0.19847340244160827
50705,0.3059485348660925
82354,0.4644688695583264
60823,0.45183415281525174
81132,0.2868831439559065
49721,0.692249617496952
81135,0.17479968123122036
68556,0.28454541229384744
51109,0.8718861591378255
29436,0.4601751284626363
70014,0.8700798051616687
89999,0.8947220392240893
55129,0.7855421821964296
57625,0.20007288238004423
72056,0.23126593120096878
30958,0.7506991097655835
28837,0.8226301891004918
78812,0.15132017093288658
69050,0.3836186059047385
78026,0.6359148727351633
74753,0.4453061326380604
84865,0.5665572105760618
10850,0.13082837306956263
103364,0.9504897573184761
20843,0.4970574364553984
95753,0.08263583884972173
49437,0.19421427121519572
96961,0.8677740828797968
96265,0.9681201910921668
90957,0.3219394642806795
9510,0.45979702448420323
62612,0.3700922650132059
46685,0.48739629020761965
73471,0.7344604574962326
96293,0.35731436908955605
27856,0.050205201362621826
86010,0.8833979144826971
85800,0.43708362087541963
100478,0.013682037005490179
84480,0.07485059507912095
39977,0.22356695153167017
42904,0.12359687887217914
97388,0.6834222151195876
73786,0.9779499999038306
32342,0.7703931326294577
19969,0.14781641561447195
35477,0.42837847557718434
60115,0.6362627911157925
29585,0.7896884910604401
36206,0.25398422715362245
65018,0.028163467173549776
84906,0.42265414147000513
67728,0.9974410484541729
53915,0.05655647714999856
28542,0.8796316399778602
19447,0.18139974015075006
87416,0.25833082233451055
7078,0.30782978356488894
64687,0.6990355703639518
26446,0.9551298365752944
5907,0.1892435483204067
69202,0.8720809237474864
67936,0.03580914828326234
94444,0.5117985255446127
52945,0.5838837605152812
33725,0.8092547638233307
17587,0.5932189079756708
41915,0.4406537280590065
73767,0.32592362186410007
15216,0.6219738578348224
106363,0.016075017857972978
101703,0.09319778652894439
75411,0.58746927704101
57804,0.6920898679830049
25148,0.8525295200008629
9571,0.2701649402843347
57022,0.2072408022677669
99972,0.5631008560990123
51158,0.5620646965700592
35954,0.45666033315420873
97826,0.6830313575223401
99843,0.48261547766097146
90377,0.8870414289486281
63783,0.7629799969100358
88725,0.2404815534282555
104039,0.5666762794451543
31961,0.2761355936980913
104009,0.7819509253427338
47318,0.6703858136361673
86974,0.3833461251015747
9421,0.621371309036866
84516,0.3866580865507998
44731,0.38555400914563087
76057,0.17492217444329666
87073,0.13091845731473822
43289,0.24134349465282032
100878,0.8815971463590041
4386,0.6335155700578678
38237,0.5864367415888285
75202,0.7865365854692301
101400,0.6825996037095865
107136,0.251037867690753
30179,0.7643322786304612
36766,0.9643996569562869
56597,0.7719772484469833
37426,0.40601444950898663
67271,0.87555331301379
37507,0.352942461595017
33863,0.9555692997679821
102791,0.8002421553432042
61814,0.595749957711968
66968,0.07872196486915617
15746,0.8108276183971769
69405,0.5264228266599477
81775,0.7985497448785319
10874,0.6830880584544117
80486,0.07430767570990236
80102,0.8604943446446276
31570,0.8016712076865922
58348,0.2119344940411938
93731,0.6108854335484039
87697,0.6505164227680963
71238,0.9451304731016632
19955,0.7521424830941088
63568,0.6170613691884844
29279,0.1985625554563445
63613,0.33454670258248137
50050,0.8910476630615165
49381,0.7910199906755366
42724,0.3198919033371122
3748,0.02017091027338074
103567,0.3942362609355546
14418,0.986349999320487
92431,0.0958923011691846
89830,0.016537869756456422
69665,0.2447033995711932
82270,0.954734267369008
28942,0.8257283633128972
52103,0.7745567646495377
49028,0.24024272424199158
73933,0.7319914047893112
50783,0.09354129721621716
78350,0.7898548435693347
4902,0.926478949534312
53013,0.53351181425828
76554,0.9126340276047752
23980,0.20963155042384096
41145,0.23407044053755394
42225,0.5407118587258466
89264,0.4865559176798231
62543,0.18486800089933508
64809,0.14126358863313193
11702,0.8649798313337638
55003,0.19960375315093193
94451,0.27382349489278857
56327,0.7513430484301782
81325,0.8363129068155848
39310,0.8588897139891505
58708,0.7884987003308088
97817,0.7552771191324841
53379,0.7294045989919538
79932,0.6315297649750776
63512,0.41631457855646903
20779,0.5184227084863605
95212,0.48273462140876117
59462,0.602662421573399
87290,0.7095711552626542
11427,0.0211066948166049
62734,0.672387720963633
32888,0.14419000881581764
28020,0.9420521918416652
107166,0.03476538203630693
34403,0.6188551038478634
39879,0.9388243851719071
42599,0.4323507913604885
65668,0.8057258561666107
70872,0.061854908014240484
58351,0.02852565436436801
57847,0.8902497063856539
24231,0.7179784632974868
73322,0.19938309630379558
87567,0.7361464987388053
83106,0.557364777833687
62857,0.9193352158672115
6190,0.1839914355365605
76216,0.8125204624268425
68017,0.419403515735425
87105,0.29791947843725053
106867,0.19661273648114586
55927,0.5049250042923342
103438,0.9417833828632889
51124,0.09944481032273694
12368,0.032924529214595225
86766,0.7280562743207405
105444,0.14699666932644181
87040,0.6827111013185849
22916,0.9991499999973412
50027,0.2895762361785531
81159,0.05359404080134546
58672,0.7671201123457168
30619,0.5308845864097724
33627,0.9517998559740979
50283,0.542052062405332
52216,0.2991120064134933
59067,0.36963790938260643
14396,0.2232553624665169
11892,0.2765988535995527
16812,0.570842283795808
5522,0.2623946832550705
1553,0.975044674832264
68393,0.5075512500609338
56743,0.9313737803346993
96945,0.5647942488169413
46038,0.9343441109521182
57272,0.11115104240224734
90756,0.6788428174919853
52367,0.5260484707061964
106160,0.9768499504308508
90017,0.4837310304287632
3398,0.07188900523039335
9373,0.6647580735015078
105247,0.13480837714798727
90087,0.9034527474851682
69444,0.21920974637093332
17257,0.9821187624530263
35505,0.6248819311975242
81005,0.9185497001034517
44186,0.00777151988278911
13463,0.24540622205477985
46564,0.33972832515544577
79444,0.30975878314693006
99670,0.32219501068798784
11219,0.5925054466106048
57773,0.31361907032819325
8456,0.25360541127418845
68047,0.6215587703691567
36885,0.11615336326248141
85280,0.17292925799534714
35496,0.6744741346315108
8287,0.7767814441669675
99197,0.21580934017151365
84028,0.4267634590593067
57813,0.20526421235492304
24111,0.14443680897329728
32341,0.9391034637440437
11617,0.7536454031203461
51488,0.8999708831244866
54632,0.4585465228887357
92675,0.10027939093784947
25288,0.0583078439669397
60316,0.6847593061341184
74303,0.10722631058672386
100457,0.9543993785930173
39057,0.10886217670173978
106818,0.4731055991600101
87856,0.8492388316780232
48380,0.037228929947053874
88962,0.9482225972234243
30684,0.23958862736368508
34006,0.9623281072776972
39375,0.5474589043714724
38271,0.6838908070960684
103594,0.6720142270816356
65919,0.6836332416293014
32465,0.2273972272159961
95680,0.4573641963341204
21927,0.8738911500038178
82834,0.5909868483589703
86607,0.49435378454369794
23273,0.3660163614032678
86094,0.12530107498776477
39379,0.6786643384644148
59333,0.2809920063320448
89309,0.9501769171573429
36521,0.30424554096922474
20234,0.4549244758833698
42743,0.18519852451153723
50713,0.23146995137412174
50917,0.6965515696667368
56471,0.5118529200927984
50938,0.820911127133322
98079,0.658891927980757
45607,0.535551341787998
99068,0.8120019869222708
32866,0.8634321331958497
86916,0.2772823242071182
21587,0.6746326890643648
92191,0.9644371024309911
103849,0.0871307693975319
38587,0.35384262339499717
72196,0.18121995581153233
6939,0.051445032652815054
27786,0.4118061721724268
34537,0.30105254580397717
58057,0.4151271918448387
70154,0.3123079698115558
91928,0.6214850289205763
40528,0.47778045614203246
12496,0.4275631749074681
24646,0.9912493027536666
11256,0.9494047240663845
21388,0.47337459738414217
85853,0.9998991593713538
44259,0.0770308863048515
36591,0.7719488831180243
59439,0.3120621050369831
74647,0.9513834681532041
4875,0.3346477059363333
6490,0.10003535183794796
28346,0.6504227181551478
651,0.658363414608897
1618,0.9175132372420762
13410,0.8025423883588427
106091,0.10940630814519772
57915,0.635264740891738
28113,0.05308840782283254
71395,0.22951163489798895
96316,0.2766637255594278
13993,0.3056063815531965
49317,0.6493592964828862
45502,0.3407658233962405
93262,0.7904153446944464
17644,0.6931144845419492
52028,0.2332471856925819
103808,0.38323199131149494
20253,0.05790418060719413
22006,0.7524719856541902
80743,0.707679279159079
93485,0.13849200691412875
44777,0.24147021840641328
6100,0.43428108316950187
79220,0.888234613555476
56337,0.7609873279207354
11203,0.5600073888434858
21197,0.5513879778149282
84879,0.7348074938096694
27735,0.7625551756745682
40048,0.8808686183230496
21142,0.47942197978361234
17502,0.8668568462863444
74085,0.3136545505877596
104674,0.09311052705249813
43454,0.9332054092298476
55533,0.8082575816831364
10115,0.6830841282601285
4005,0.12100303604679882
38690,0.3342667026573175
76350,0.02993212491217269
33946,0.9405143802577951
88651,0.5950888604691855
6441,0.0795044576430754
29013,0.12893177992091204
58126,0.6217312074840369
1579,0.6370673255590692
45737,0.8770775468349032
20715,0.8051374377957209
35446,0.2220045988192808
24700,0.1251861047279619
40662,0.03909230744151581
2825,0.4133553694962972
70461,0.6717157210387278
24568,0.48547274038075894
90464,0.2911816992870839
28517,0.320056112112038
1466,0.42437301489596096
17097,0.5592078757961843
30017,0.5723826748513917
55539,0.9060694761041403
59782,0.608247005035319
71033,0.2982420501209583
64496,0.07462759312960522
40937,0.012191870536822528
94343,0.6435302150507461
10785,0.8591169051000407
57477,0.14996460865311634
88509,0.5424714622023181
13448,0.9991810012945666
28448,0.21743217935764358
15736,0.06348623603600591
93766,0.07846435857553723
28790,0.6146300470589396
104620,0.9245718253098104
102286,0.7968539205867529
40916,0.1235125641816793
27594,0.8887717284813172
52570,0.28211622981626083
57700,0.4356632677510863
56086,0.3052785581634645
15381,0.11570210618626703
46128,0.23838873549983317
76957,0.2241966063577976
27584,0.5192614081288082
47349,0.9044737858060661
13242,0.35913159365261865
21958,0.8241043397109115
82887,0.9148450742960277
106452,0.41628022539880705
8805,0.23835068011256771
39780,0.697708061594732
98329,0.639346056629774
50527,0.8441583286708427
82425,0.19252766250008788
23328,0.5712344558248559
43312,0.9960757985478128
62595,0.47113403722880287
85134,0.3847039880209543
47366,0.9514997192965879
23299,0.9085606874195357
106554,0.6113564747870878
30402,0.3747991742733203
82605,0.5103942114300153
91467,0.5212530621206111
87186,0.11686836593633179
16903,0.10435703117512415
1913,0.055557734169167476
24210,0.8456592572350693
72558,0.4350736798936608
63823,0.8539537547264823
37579,0.8511330052569736
23677,0.18025353697356278
43647,0.995699971625021
74682,0.9479990236797607
61036,0.6769271471310718
68754,0.15477083957301432
4629,0.07131796935992295
45675,0.42913880816438454
87890,0.9548720244120648
69007,0.17812878790364242
107046,0.7746377212652376
57177,0.4990880871184078
58179,0.9687359822850634
59861,0.1899001735649991
52378,0.8697159693803777
77012,0.7273699065188752
36232,0.36629189342686663
68330,0.7085481321549053
12004,0.2916740580644259
11504,0.6346909094343305
45682,0.447124259780888
23369,0.605923506561531
9711,0.7590222315038313
87557,0.8094619839807204
42759,0.3154210895097794
1961,0.840491233200634
79192,0.31907450405794713
65297,0.3844660857042572
90391,0.3404282177012777
31179,0.8757758022243807
85934,0.6516545650465995
2233,0.29922849909464444
104465,0.5260374016642122
97156,0.1543591290281553
21082,0.5090356313878822
43222,0.7631244510814659
101903,0.9646192877628275
91631,0.9650125783860088
104772,0.7855225755620436
69306,0.47897810303639066
2246,0.26059838415598047
55523,0.7624985230864056
35636,0.4759699550382349
58346,0.04466864029004587
97733,0.5388220736555747
54318,0.9651354306649487
10406,0.8207581191311815
73686,0.3001434106208661
23697,0.9807196415179182
28920,0.8508861975280582
74967,0.4247787739279469
22282,0.2537912747255959
46359,0.20896174406292975
100017,0.15852176416440014
66476,0.9237322231267698
95495,0.9488720651835801
39500,0.32675281164274594
13256,0.6605838128400365
87733,0.9787999997986121
50150,0.5385858644399195
101746,0.3260924437970515
43926,0.9338936577456138
62829,0.9062928337516873
16572,0.8672495975436026
19011,0.889677010636063
34704,0.22338831089570166
52519,0.4825075590458119
29435,0.446581942220398
14187,0.4421700679289951
25743,0.512014719459367
21024,0.47067042691922567
91627,0.2571415550906885
24278,0.3905195527643561
51417,0.9254853945175452
59575,0.811093106790161
38791,0.22434074882495464
43295,0.680190833180776
76291,0.2419325841519422
61760,0.44661434748567713
3559,0.20613567855195786
59749,0.8921929301813293
8520,0.9851490563664661
99593,0.6729111456349228
19907,0.8370310228100482
55802,0.7624240732136667
49581,0.023549123297443946
63636,0.2191599756558344
68309,0.9741427715347997
32757,0.11552374892785879
69987,0.9927453519023421
40061,0.12266764421905027
56151,0.6545390511165294
104281,0.02687207678554824
37146,0.22869998981052383
52784,0.9990499980236514
22973,0.6901741205424171
52110,0.9213183034102888
48457,0.40107432565698853
83878,0.03517502308156851
41602,0.8322430183355611
12922,0.5037881499611124
106228,0.9523969366847183
32284,0.12621376576402393
71166,0.03527525085364815
61893,0.4829767238258058
82610,0.5784889652334217
9468,0.8819347231264318
7366,0.6352711326522031
130,0.3756292738728189
93873,0.8194859413735919
104680,0.7914659819115867
13871,0.45968354653926613
92467,0.4346524333392805
43810,0.7955472691954724
88262,0.932753191197409
78513,0.42107545792172685
33147,0.9387889329879301
39542,0.9740341628215717
86068,0.9878966230585777
17818,0.7547260156317385
49539,0.8155803253311975
80464,0.05152282465048821
4168,0.34133682909510454
43550,0.6320283925900101
24085,0.8283587381925122
102374,0.838779848067722
23041,0.2968285376597391
73095,0.0739325178800108
74551,0.1567557245598497
58922,0.33807647456877293
54757,0.6415165473887013
86390,0.45474245910178923
49045,0.4759175209244384
63062,0.7603588937891989
45963,0.999299992476339
3268,0.09268326250273204
94045,0.3847158845089329
93471,0.9158056945735238
47014,0.8069077415760647
25463,0.39213968243478614
59914,0.7644963082608587
70929,0.44562228575635054
105229,0.3495089280640743
55727,0.9835935455113669
68877,0.202356713862148
36240,0.9855509014295454
12342,0.9307779373583025
45781,0.6568004843163676
64221,0.4543611002350192
25152,0.3402233820096321
19946,0.6557423989041146
35848,0.7605368832197814
50988,0.23995899229577594
81228,0.8812481008410072
70634,0.9899757037677657
62087,0.3457886895857077
83705,0.9084469139703473
28135,0.6425941420319158
72269,0.8143726902808615
57765,0.8997150886207972
48237,0.8171796804010738
60935,0.2590681378909545
96395,0.9260328935724838
17552,0.5994188462554357
6012,0.19586893287320203
32339,0.3034875428779229
100348,0.8652227164742303
18042,0.9040717317559308
96315,0.8993527370983241
29764,0.15513580238422361
23929,0.7588356419964273
77311,0.7442280775707497
70607,0.3039187616316034
30780,0.8479862341366053
80346,0.665397264449866
98674,0.005866875177040529
81392,0.9702365706149392
97354,0.2361737402490597
81018,0.04359798637131958
67914,0.10643898089482283
73740,0.979149953608124
17349,0.12649285178298442
92248,0.5914235442221119
7410,0.9540395594008817
38801,0.020548333984955966
2980,0.41170755158016814
8343,0.8911591375780983
4978,0.19450645466927158
17304,0.6990806606854435
97200,0.15390816120238338
29661,0.5423448844707182
90326,0.1696305364506166
46507,0.4604422518881153
29043,0.2179886044955812
10362,0.05320606731850876
98378,0.566746531451518
106758,0.5606021462369277
51017,0.9038738246925133
79812,0.774279267619996
13356,0.8746901873558219
55569,0.8176777222077138
65657,0.8743827449190735
51044,0.4231324241438552
66567,0.9725469135159504
46552,0.9698586100707508
46891,0.7978006033792895
63607,0.09442046258296612
38370,0.583267126964818
57361,0.925714166754332
36803,0.5813343119758339
39652,0.5503967863558026
98980,0.33686184593371454
39367,0.99620572364318
42936,0.6773060264771784
103002,0.43800091867564617
53733,0.33697548273463696
64932,0.025437492270706248
14694,0.016080958333966368
22051,0.6711906763441201
86459,0.8728321879910613
6391,0.1293574686314254
66928,0.02096400757345967
49982,0.9984999181478438
100643,0.0312382115808236
56457,0.2959223177391596
30800,0.4487444216022023
33516,0.6799699924371634
10149,0.05626552132219895
59814,0.5073927753940028
95253,0.304058017975087
53569,0.5141105975946849
98810,0.08681312535916202
37667,0.833279667089283
28177,0.7018506183588635
38991,0.1306521283346238
16662,0.6228477883860404
84074,0.6619039314792887
74835,0.08373284373024052
64707,0.01923946853314466
92839,0.18555840927969175
7848,0.0303324210578026
14932,0.6997564331895578
95426,0.9825144949121023
10705,0.839343367373662
36497,0.995447465970526
45194,0.07145895094845243
91760,0.6072893311164547
42730,0.7105487070025656
73723,0.5677013158342118
106197,0.37300187003388896
68082,0.20120409425529445
18144,0.9761985266639128
80046,0.6260938847573133
11278,0.37484955324758584
80340,0.23605209981003206
13789,0.9827483742096821
70923,0.9988727713398997
102287,0.8131079111939928
91972,0.32083461184899315
34636,0.32610814338578065
15424,0.3129180677695866
27169,0.8882901784037601
44400,0.38844335126872287
61822,0.6271903574712875
72751,0.9526638549978892
13516,0.5217753286609103
106505,0.8664565749973916
76387,0.5749776088718159
15239,0.7484191713849468
103844,0.7809368805355534
53314,0.6655516226797173
39223,0.05114869142715997
9030,0.9799999866964962
14079,0.643361752242955
105615,0.5000823499481146
12812,0.01587474853957101
75439,0.09412130968879313
39088,0.9188361521989326
43363,0.062199468955990454
32020,0.01289296726589189
64754,0.9818114258676722
3089,0.7757313421899197
23362,0.2744663347404171
84010,0.626819058121884
28153,0.142562352189744
38509,0.06972186297115085
11368,0.9152463020036281
38142,0.13675253463171955
97444,0.22600993679316297
41034,0.05543712831536553
8873,0.5369422098447841
30735,0.32998124781867383
61272,0.7809292501998162
56414,0.6036584640128393
89014,0.9358492144753334
24736,0.4212347291667611
36720,0.9652530078461652
83888,0.5706032940082564
55059,0.8891340189427683
50353,0.0376098062619736
1263,0.7971657899287052
9747,0.018478799329428038
100121,0.3682767695331223
101541,0.6028017240863636
107110,0.6996600106533323
13870,0.12668861615797988
53841,0.30859463657347747
99366,0.4816468167205342
97714,0.7680472325168536
105818,0.2887507867564997
50824,0.9612627322977028
79245,0.1500732358757547
20566,0.6790432554626655
31568,0.9538775237936725
61681,0.28676833199936436
61035,0.8749472959899816
82910,0.056838043699771246
104534,0.9557436651230338
30508,0.7600753959190336
36852,0.7545812472792632
78740,0.9444461288706552
93787,0.13174237049434526
99385,0.20927732326733967
8541,0.14320915197305273
40986,0.821184715376804
59356,0.7995895743045573
24418,0.43613459241496816
73614,0.5868738175357227
27415,0.43902708879806185
11105,0.06004518764419856
38620,0.9185167472061604
73791,0.10836445473069385
84218,0.425416032063174
57917,0.500417264911546
26115,0.9247444220000428
39220,0.7215709989943533
86510,0.6950326152797008
2620,0.5430779027400274
80769,0.2722807408501349
63158,0.691630580722879
68262,0.6106813096326488
75959,0.19182091047693117
11908,0.9122905999697053
82650,0.041899589419559326
67201,0.7524461752861549
38281,0.9964499999983639
94080,0.39353060059173534
26958,0.2534000620301661
12229,0.15721326939549177
7322,0.20675669255661697
101820,0.8297296942259167
58402,0.5732720391347474
53298,0.7943216578275232
55864,0.1645541192513336
80201,0.1338075833694065
27368,0.386366340936737
51937,0.6422037690050415
75944,0.2046143794147372
17981,0.4514288216113289
36458,0.7043123696241919
19330,0.9382903130860007
70747,0.02570548966978281
52093,0.3046626630366612
48248,0.28402682509663885
30444,0.5239441710441688
100114,0.9769497559117994
75809,0.9570004893115258
83567,0.5302262589172859
22666,0.8419219910568941
49879,0.09342111206022322
63185,0.8464926363371024
71537,0.23412017427446324
84881,0.8395217936297559
11039,0.5435725744246331
2226,0.8283423721077257
9498,0.7095585177215786
103461,0.7825998886861376
8026,0.9233331946619903
67743,0.5244635693303987
80470,0.1285292317331757
3702,0.7923423266568371
60275,0.5593753289618304
32622,0.3488314476054558
30739,0.36428430579810267
87448,0.995497313908014
98899,0.9113953837822464
89514,0.06702408629372714
10765,0.9058520542060776
76915,0.5214656665126538
22471,0.03287185798794256
104758,0.36978341439461837
106834,0.9582346783794348
21256,0.5617825066121285
72448,0.8154017144734053
76560,0.877494177836272
72417,0.34235994237304257
76712,0.13033350209506336
81087,0.9475400563782205
106580,0.8995111611766599
29575,0.030951128564554297
93875,0.17304354903357
57554,0.2042161289131512
60491,0.30132114146739586
93238,0.9616828074290329
3821,0.36193142712061244
28650,0.018564777892836767
66585,0.5898825354891966
3771,0.28820643292036907
21931,0.17836683916940246
6465,0.42582951498292215
12104,0.20874254597628433
100297,0.5980021448772294
12303,0.8413907728656038
63834,0.9992127576476882
72813,0.4462348748563799
24228,0.03128206791297679
62072,0.24075449321337206
87548,0.1743285623143485
34142,0.22316236605776224
102479,0.47446246605583964
81878,0.39428273481161596
5322,0.2662520249616843
8225,0.7221792204036627
87700,0.4191905548862617
34160,0.9489160083873538
84726,0.5916851262997236
18698,0.706931935589954
21961,0.10798768198250902
98296,0.4593663161034653
35011,0.16033431653002683
72197,0.9937754695456283
52751,0.14111010852679157
2665,0.06633677912786731
13552,0.3461331544420104
74433,0.07663311909063579
55838,0.012644871001541758
3623,0.16261045179769468
18897,0.8714974148944933
97971,0.6883004627481684
54183,0.9150046092841646
36709,0.7334098938546414
45328,0.8183411942719951
45544,0.4013759851148663
88069,0.9867584717385097
38880,0.980638192387191
29390,0.39580148338643517
17213,0.4414561159063275
103211,0.15198236954847927
103784,0.3846759400037251
21672,0.4339579269758458
12667,0.1329612791327746
42330,0.4788353755308441
64762,0.8728942106759342
38996,0.7070495405908401
81858,0.4233114868288893
63013,0.30919497993412
97541,0.7177296320421571
94335,0.42330349704212955
27705,0.5703602895923592
27775,0.28975504587723955
90297,0.9007849962610064
17894,0.2942894487297327
89326,0.7727132944348141
14532,0.271018292511252
29304,0.10297756288471516
60991,0.6653939722966424
26862,0.9193295430659673
36231,0.5233814932869758
68918,0.24372530878148702
87020,0.5312255210772205
68071,0.26614535219348734
74517,0.7715549598097179
68399,0.9210338920848248
4125,0.0633999751777915
87538,0.525030398788386
90505,0.5875737176785626
26154,0.170496169729257
94063,0.3987410647887909
4801,0.10025333046904719
79421,0.45586592905982415
22506,0.2875016165111425
90383,0.7263001150849206
31996,0.0804671173573194
94098,0.03038678066531984
23918,0.02748628670822268
14872,0.9367586594961825
52194,0.3886155161516878
79112,0.7211797933360468
79767,0.7771697785716463
88807,0.9903817297190496
80213,0.9210459214828658
97386,0.3824615570891042
18855,0.16661054135063322
14420,0.7833242337127007
20050,0.06760977359986158
12401,0.2580690501610384
78505,0.8483451198395893
39219,0.598031635232525
23939,0.974499979100171
16295,0.7163809298102817
38830,0.5635172892625373
63612,0.3576142561611024
13290,0.8552606854272393
53494,0.3293727435810476
5746,0.9315725336597861
30513,0.2655416697253238
96344,0.7116562856341482
76550,0.4275611190409415
15269,0.9592361406135358
47320,0.979647823907146
51950,0.1993953111870111
9128,0.6867902321708798
34285,0.8742205511976311
93842,0.027022322261682517
8487,0.7120749935376767
98151,0.05089181150119001
5934,0.2190959496331023
68794,0.8472385952357739
11126,0.814337377230161
77657,0.14793952924144027
470,0.8069860232705338
29040,0.6940287552580053
92265,0.4467356307495505
29171,0.49737954911814886
53105,0.16056299878770433
22797,0.8839572110902614
100238,0.7770981348602541
76873,0.06783357867352632
51495,0.36056279942602126
60063,0.4129832268472878
97666,0.9129946652155416
71208,0.3108963266382824
25864,0.9637194167765437
37431,0.912942115894789
52917,0.6020963577138119
97589,0.3069946305052971
33482,0.9671791632662472
20425,0.8888078002184157
66723,0.6840374723343234
38765,0.2527466808554785
34844,0.7850640321998672
23794,0.52497618603677
71459,0.43783082133535084
104091,0.846085051455191
891,0.38684763311209663
72288,0.7752083244593053
42364,0.8727499688536453
30967,0.7074467060835337
16582,0.2829115757483331
42961,0.03824187599164166
22874,0.3416294838607303
64063,0.6848589646015515
89992,0.7422262497352936
37817,0.1517070191084428
21008,0.3922544275615334
65846,0.6060433049202076
30491,0.9685950654783149
10225,0.6272918384830672
946,0.14111105475405056
57835,0.42358714464330327
68530,0.6751301114142834
89954,0.04765059445913344
55861,0.24136439987857916
26313,0.14134347621373355
79078,0.36634972274690636
45288,0.9320187188900803
41449,0.14081769383814155
105992,0.03619011607405018
22657,0.25243533525160144
59879,0.0784665106114386
61469,0.32747411482197014
34052,0.7844032961293361
75633,0.8314694417579512
99091,0.43736019089720957
25249,0.6677354969095501
89585,0.6079384292157042
25639,0.6480293806998059
47314,0.6204259715579843
27762,0.5091280766988302
52628,0.9847185262120545
84293,0.8067157236253275
68901,0.5322781559720541
90319,0.8252636982439026
55559,0.035216710569178244
16705,0.25908464301991063
79054,0.13154996402018607
8171,0.5958799116645067
59206,0.31183654238369074
52753,0.02524121209864043
99521,0.8543379371868288
59828,0.66449009220156
66975,0.6357227452278496
33055,0.7408324259460848
11361,0.42332403010697484
10272,0.06382597403383053
15838,0.1655270626259268
52127,0.5604771363545054
17172,0.12036155301799463
61054,0.633409188393744
92688,0.03105860217073899
25633,0.9633320163850976
13746,0.7819617613864224
49271,0.4523043443916175
74219,0.9364661022244676
95641,0.3589825526904822
31442,0.10129724278521701
61505,0.9469187994162349
4848,0.05006330834341624
35411,0.019537546778090262
41728,0.10608106166491199
11289,0.6863012977501445
54303,0.2901568291247315
87207,0.977080769666723
50770,0.9894486532159557
19455,0.568547755094439
79660,0.9762812624934167
45640,0.426899842791592
19680,0.2590864576926868
80064,0.35741776451301427
45921,0.8077605052386972
102330,0.5985498062115566
104779,0.8991537229327298
41647,0.6639131357597017
62255,0.9203274199160376
69850,0.8481263690946853
59083,0.9969986647714119
29617,0.31745078290320794
68036,0.05828546569172641
34081,0.7787957671952983
7571,0.07207636807317153
27687,0.42306723213842234
9248,0.27545369694720007
70304,0.7344781219987111
68494,0.9572996122299056
34488,0.6101215641217328
91948,0.18674442008642902
83596,0.7254997342416274
6539,0.8893234402443498
50333,0.1786068180726078
103218,0.6534834316743068
10795,0.03943067172763269
64519,0.32194984158034734
55023,0.3209360300264873
79698,0.821569661057937
12137,0.5035144215022609
26981,0.8280467879097091
16418,0.4584699332804876
19562,0.6100467366623543
54980,0.15669452745465695
8983,0.8021806328338151
44060,0.3722008384481099
40837,0.1451096611941114
50598,0.6284121793584585
96359,0.7820583440946856
106537,0.9792719336399012
25890,0.6170021349923153
82625,0.8752737916008639
6701,0.2579783416674089
8350,0.8100191725175524
82763,0.27357406374402576
101464,0.9505108853849233
21356,0.2979684880456699
39215,0.11679401451279986
67377,0.5443835468021727
28181,0.96429985487571
41563,0.8213251984651636
26345,0.5229061534020643
16648,0.02719221906731279
31584,0.9983684897501099
1960,0.46103266030838175
9044,0.9020654941970339
91655,0.9598340563093821
46682,0.3197234345206591
50998,0.4421499065524279
67563,0.8372835841486392
21973,0.5383248401548726
66386,0.4065194405779624
67164,0.5674144894118316
48558,0.9727981841505206
12620,0.06416058566267473
64680,0.5847489669921387
63616,0.8756966989538896
107035,0.9114762439515114
59071,0.3795806801605236
102880,0.7535116176002514
35126,0.01175031158684452
41487,0.652530777732849
31091,0.24764344460396584
59940,0.9275363123162373
46433,0.6234648226722461
31705,0.7702342991319235
80481,0.5031945252380944
12116,0.02469173218498577
35783,0.9400693766600039
2593,0.0850967758462904
47474,0.9143647958328671
52930,0.4455614138229309
44350,0.017734975824786156
77265,0.8674990324781111
55073,0.5905425252419022
41302,0.01013928138010683
94253,0.9485191213374429
21658,0.25108492862650644
38103,0.6369390212317547
73971,0.05459536755625412
39871,0.9959956261250629
78320,0.4643065079529785
11438,0.43654614253146296
59470,0.9776883660067801
55759,0.9699216950989121
104592,0.24370187937449922
96295,0.00015035634379052297
56214,0.37262049251208823
89317,0.6676352994602528
99372,0.44740443117618234
47947,0.05147431031596844
92170,0.3714678879138409
1522,0.02438016887144879
49519,0.9315939862888292
83847,0.2728509740413477
25956,0.46205178220905196
54284,0.7291188216114044
75756,0.3560190674636947
46005,0.4417041431795776
95327,0.4777554849348472
67211,0.8666098736531214
57848,0.2314864238459521
62669,0.9564000215683106
103424,0.6447908763654999
6568,0.5577088345404171
20985,0.7946150463035315
2606,0.3136715423801564
51468,0.1174808774651666
58979,0.7042174425812995
44348,0.2529593776346721
97129,0.7715333578263304
106323,0.6364974434993157
83866,0.8082620517189982
59690,0.582263582951488
77224,0.8915882432317547
55814,0.24167969123867744
423,0.9746263721800772
51386,0.7909850242672734
54584,0.8514363890310555
20650,0.8268928380935119
67619,0.15604377111451267
80649,0.6165175792871569
98240,0.9281632293053413
51543,0.6482543642239846
3995,0.6354919093380917
68167,0.8166115626862407
6440,0.8571793967908611
42990,0.46097977980506755
27893,0.39423365170794344
292,0.43045131405143244
60869,0.9477763388764002
83757,0.6603580952436312
71190,0.34106170312609
43134,0.1367417107561319
26387,0.9625630097647304
41140,0.17819729055508288
41330,0.32565112419534353
59444,0.5020939780048922
30220,0.15172070758844847
57850,0.7490633102695075
68720,0.5121404952999697
83784,0.39129846846645955
75058,0.41158873130654594
9990,0.6316853669182488
70601,0.4301732180109177
496,0.4614047206583595
4219,0.5556273647798396
20921,0.7182976218489128
63436,0.8644078851851884
102995,0.8595953983079719
46697,0.7753253631487309
105445,0.8386792469855675
17416,0.5928401504804786
100999,0.8975468265882461
89296,0.5803012281526052
74224,0.27148235255319264
88876,0.15663379808913183
76981,0.9029284442652911
16408,0.14252164810477153
54241,0.7779115930175932
12554,0.5424334654636261
90727,0.2616132786958651
28056,0.7521895925426624
5562,0.9881968436935212
80195,0.7873685734498421
87069,0.9464504052344311
43216,0.22358784022485154
79579,0.12839438158070943
9937,0.2250584438640843
42856,0.904746614032248
56247,0.04061160007582366
89203,0.9932999995041527
75302,0.25766964791072944
9324,0.062025340564377106
88477,0.897726698931566
65720,0.5733691536569085
83822,0.7808663417163648
106308,0.24130640446654927
88320,0.11939512132479022
3472,0.7343745746844511
43027,0.7677107095359792
77392,0.6599085796095286
41026,0.5331048152161354
34970,0.21186406393487484
85811,0.6873678821813065
51037,0.7460051849143842
39911,0.32685298575721605
54621,0.291851788486021
63702,0.27478876833202626
88917,0.9727736844128234
15936,0.9966999999687751
68562,0.5228914739380784
82320,0.6790594515105925
95565,0.9487446687567269
98754,0.47836438687341903
61204,0.9818378826588632
94434,0.3936342689317998
62405,0.8868420163793581
65452,0.9814746416939362
35549,0.33672464291811227
105446,0.9379736165566055
29245,0.2007078410119797
40566,0.9966839162560293
77668,0.2528526107332893
65167,0.48352908946558903
25913,0.8091294203511854
67005,0.6413473960853628
65537,0.804749101244922
76894,0.1021670078986105
79304,0.4212572287765429
47879,0.8489741001602094
71762,0.593462501314453
94313,0.6335987842579556
23432,0.6607824908197899
96020,0.18994925803051263
95380,0.7539327717464919
76613,0.62268060623883
90665,0.922567889631315
77768,0.9399213333474699
83357,0.3592165580195855
70714,0.36394291358579184
89872,0.981299462618669
41797,0.37979083308342443
13868,0.2244762532840015
106550,0.7187699755640837
39844,0.10285242541957205
42075,0.8976404786064587
62095,0.7500094306337307
70425,0.5507560568594001
78138,0.8316713320166372
25349,0.9576027116613017
86030,0.05052719435788976
11281,0.9250771187971579
92556,0.9941852845264578
32183,0.5004352546198138
95511,0.6987310121587275
14000,0.3445684854040754
8192,0.19171618336348317
46625,0.04491261964632111
80759,0.4929539848601312
53529,0.8340090619390579
39661,0.762799784859939
18735,0.04968236248731836
43096,0.6363846189578877
35406,0.375136836393668
19563,0.9477696647560798
44955,0.18028671139757768
51195,0.5893111907746613
104716,0.9938367352556745
78032,0.9090765075803756
54763,0.8083139880210658
54472,0.16687270508360036
63165,0.14015831415119537
59237,0.47791955830537924
80008,0.2355985566024888
41274,0.18572396571367672
69397,0.34017356777444185
58538,0.8283542031978903
12556,0.7332957473502961
22194,0.02814627964159932
13877,0.6195814911758839
28486,0.11677197150471486
40470,0.5903953347685168
3803,0.9623783769989085
27605,0.7056505090936549
12596,0.6294054430766531
51958,0.47045184205601304
100371,0.8062066761769346
35292,0.5077083396757253
106651,0.4349997553634114
67973,0.9267545802519173
24261,0.3599650461870068
42465,0.0324331815133122
13861,0.6449056170882119
15827,0.1879198943465481
96979,0.7118977102200176
21464,0.4626715888896953
33217,0.4013334334097166
31921,0.47016001674082575
87306,0.31593888344829446
82440,0.42728657253523683
100467,0.08989125809896834
101153,0.7551944939549118
59418,0.28592928246412946
34456,0.9970999999999495
78306,0.06028972493371365
60321,0.634991809169034
106857,0.4806506715338021
35073,0.2814111678655892
61217,0.9155436520370106
40071,0.9790416429109583
82248,0.5202334306932425
74965,0.4861398790217999
71583,0.5387496747193765
83997,0.2260181667844411
80322,0.20915335137968874
1386,0.9173437871992854
30888,0.258173115217161
46174,0.8241481285415744
68484,0.8201209670672762
17329,0.8447613037450004
93726,0.4002015016651368
14464,0.8985704308778684
67944,0.8324464542934309
95240,0.803770110769702
43653,0.9204160977363796
74712,0.7870017820809817
89456,0.39143515299565435
8122,0.6432086275414819
80123,0.22920272886869336
100955,0.6649815528116798
19190,0.5526907972128811
17483,0.1105775776113024
21509,0.5440378142253717
67611,0.5477372443143442
91018,0.7423180253336732
11502,0.9614768570123216
41634,0.5891484919077977
58647,0.9539935060857825
397,0.14915144273602077
94236,0.5323920837119969
34471,0.1799339162568131
95449,0.4353995409479342
45263,0.13868568156199723
1312,0.08541939163241502
1701,0.2592470418489873
10211,0.3445802057104004
19877,0.6919180905434394
10820,0.11641024076123868
48605,0.16551830084225427
105197,0.6591725069153338
101055,0.6103836858571022
72026,0.933007138953958
40241,0.25992203314313944
21775,0.9725489206316913
2675,0.6828089613509847
44002,0.5640564943260148
42988,0.2306582049625181
1719,0.29761795223918885
44005,0.9788579300678155
293,0.2168393875398001
67526,0.6245469933468082
20436,0.02339100101357251
47583,0.23319836107293263
54329,0.2035175613806955
44312,0.7268137950840101
46747,0.8384235094235568
42297,0.25615073894368756
36740,0.9711499886502069
15115,0.06275972864887121
54215,0.3964683965956686
50632,0.2285139102972663
67796,0.6695970831946477
24974,0.8904701809294636
17987,0.10547825293301319
57932,0.7188281373603926
58445,0.5708101201583657
71758,0.4702975285612576
27568,0.5626336526777708
77343,0.3607902042909179
74960,0.21644588949136612
71199,0.4277910448080572
63696,0.8819795268967308
7032,0.3871433682266694
23824,0.49988290026137217
30498,0.714121791441037
71626,0.6613151832641778
45937,0.6884730966859087
58185,0.5347533267533098
63250,0.22428034123515111
93821,0.6726766543938336
75253,0.3147651102637643
105476,0.6543798235731689
94786,0.42433809357667096
64336,0.11222297359703612
71947,0.31765469953085756
92182,0.903912528747048
20086,0.9788541111994502
76618,0.40305351511562293
14910,0.4060706153906064
37519,0.2174035014734016
18587,0.8228717678486449
72152,0.0936563988208195
104014,0.41970238644353963
40614,0.9589908487281351
88400,0.21633170843470145
31994,0.027652126796493
87528,0.17247038562599665
63934,0.4008270108169143
49409,0.4383467346837654
774,0.9899000020241422
32495,0.7383521978496824
88382,0.4645388826080801
15155,0.8346690099484675
93745,0.7813981516417468
27703,0.4185153344819441
75787,0.870750927329626
90254,0.6462780823840153
13614,0.5213676408862412
28304,0.659087513774708
41678,0.25475071022308377
98764,0.14508751717208596
82284,0.7931675864001293
31660,0.9431661805650788
67449,0.41451801611908445
32695,0.12172561513485666
73704,0.8477728117554277
13185,0.8284645466098663
41481,0.860927481081198
71990,0.8580970416327408
64342,0.17532834506800582
52716,0.08207561972702232
23590,0.7897745304189236
19738,0.6904028466653711
81722,0.0844697266838487
43441,0.03231553118020558
56076,0.37949941855451796
36062,0.14724150251327872
93470,0.06029311754508263
57631,0.9400975924621391
104065,0.37464525534884296
542,0.23625288621669505
22750,0.21718312350089497
65825,0.9151312468499149
63929,0.21820354546337897
71150,0.87081643391326
82911,0.6243650569449982
65991,0.8387695591875951
17471,0.17167652897439534
96142,0.31028135230952036
20569,0.830544815120658
38497,0.45933038313612573
2685,0.40014938734071465
38408,0.7235043047096255
100635,0.9337195925509062
29619,0.11110987777365193
63490,0.21818408424200086
83339,0.58794067083387
36539,0.3415027966304926
79339,0.9544445596450615
72290,0.23128118358880512
3220,0.8887111717860392
81270,0.4879221933971746
35843,0.39702831306437353
44327,0.10592225267478411
30665,0.6263204160894483
1548,0.4177080049440124
75171,0.9367959409800901
99712,0.9751816784868712
33884,0.7610150127439813
65379,0.5358453396616945
62016,0.9273090950616822
35402,0.9840294372178522
42879,0.5756229466225896
74818,0.2816008325684572
12495,0.8367216956455523
20003,0.7330840681889299
22125,0.6911084581735398
70889,0.7439342787277571
2024,0.9650879331206
95385,0.9730385007813984
80643,0.13260194285936427
86163,0.14496834887297844
67694,0.4101078208775359
26798,0.8828046329877122
81103,0.9779549384771424
19085,0.5597043144243411
4898,0.8004630552426311
6355,0.4031164231827316
14518,0.056770185152161375
14647,0.1865662381761162
42001,0.24265322084187912
77785,0.9712019217748624
35657,0.5132215379080536
56488,0.1182484128106572
21443,0.895397159531113
84978,0.2003624653912079
89651,0.11648641736701329
79791,0.2944249038642348
97990,0.908349406608775
71970,0.36847170688432934
92259,0.2227900085193363
63637,0.9189363853997259
85746,0.22990135403952147
72226,0.8629016137865411
8706,0.3487129561269746
53923,0.8613125678435316
21760,0.4217117535429341
52327,0.9732526586852773
13615,0.6697355125183273
3156,0.6992563814821455
17888,0.9861116312240831
27794,0.091040134632303
17951,0.8641860351553147
106260,0.7722492453367258
86128,0.03594991129266499
78519,0.3239380771314013
103081,0.891402060486553
8118,0.8039391259276932
83982,0.9036422419487563
29893,0.9108644565789232
49405,0.5735720214187708
52266,0.41372433179412466
36470,0.405921500124666
1846,0.4618098109774817
3349,0.6234815667812399
93690,0.8289148624257114
50314,0.03511497776913959
186,0.4042720820594772
65432,0.4801786883600975
37728,0.9005928250043254
19567,0.2697386150825542
30657,0.4314486037865276
82531,0.15904875884619565
22826,0.7495271912042342
22919,0.4065506192306167
87442,0.3158374984919006
104588,0.4940081863580402
64949,0.3340149362697619
63321,0.6310398533181696
44202,0.8334055788151267
85518,0.9918026297147482
70363,0.599893980183654
38760,0.36726205375993487
99477,0.5683488977018819
41258,0.34405282272142346
88460,0.058322758622584576
49151,0.05929512346658015
96318,0.6021361593895038
15268,0.4734250543111962
39971,0.08173900692798819
68688,0.6124995654192363
106285,0.5648009815077049
3186,0.993843501453507
39622,0.8317528496426867
77353,0.5710522568386596
88812,0.7932562030446095
6527,0.07288691959132382
59187,0.5630235558927412
61590,0.2659886153143237
56408,0.3975422753319943
94523,0.8950765209027571
35641,0.7843409159436684
74177,0.9030504085529277
103345,0.0978039285552427
43538,0.8812545125305365
28070,0.8162791140357438
18799,0.9769322103492979
49071,0.01400805982334706
95746,0.8268201521911538
32734,0.66178030420221
94400,0.9766301329044695
85387,0.3212914367852461
73483,0.508178586844822
14503,0.30191064748112445
49355,0.35912426790656726
104699,0.5612667499473869
34977,0.34752902409637637
105745,0.6511146503704407
46195,0.03017809612446571
21807,0.7657361914160634
38567,0.41149819336714183
22107,0.2336724647992092
29812,0.24177300276840763
11423,0.06772194216977248
17429,0.5738489935459303
33210,0.6752916381579959
24307,0.5963447451828267
25930,0.0316906110818721
83021,0.6841260823118298
102384,0.07885084993315719
16069,0.2596487000086834
89177,0.9567576947453313
14322,0.5985129896360468
47929,0.4234284161174732
95274,0.9744380114246294
91895,0.5325958829017592
30333,0.6205848486758153
63018,0.5233499521758338
13130,0.01692177369157932
48136,0.9453347926803698
65112,0.3194009075570006
96303,0.954870245043542
32221,0.7963439497797011
9939,0.20993827462122788
58276,0.23328647505449573
95046,0.406790956131549
95608,0.8299599153530414
5449,0.5413746501969968
60819,0.7216982854310071
106929,0.10417357850448426
70887,0.16716629307868075
107168,0.42251161790909214
1665,0.31432328538496973
62485,0.4475333516873231
26165,0.7999774570614131
54830,0.08651660731775968
98131,0.7444849738101388
11417,0.21382667563842123
54957,0.7385799305634622
16542,0.9482784914778641
46696,0.15976678090606142
23398,0.9481999081470179
82966,0.8629254192296181
98212,0.4238029970510614
47665,0.223310108234492
71236,0.07886974409477235
23789,0.3660999351514289
52331,0.28634894171764835
42,0.6976281276956733
44162,0.847720632587246
89991,0.5017230218510936
86732,0.17854861126344507
97084,0.7149426795572849
96648,0.40415824727979727
43358,0.922323102476347
33225,0.3421978621257907
100947,0.9279081142360641
30048,0.8557187565401335
13538,0.7504668894299142
61920,0.7969804050358493
90739,0.2903109896070536
33099,0.3944123295708367
5687,0.8631447643010297
37971,0.9267465913375312
104107,0.8950627016774108
15261,0.3472493174687761
79583,0.9570496946115896
12417,0.9255121933519195
42928,0.026013937747589328
81291,0.4784574906660113
44398,0.6327112376796418
64245,0.9458087977684708
62296,0.6648891387136193
89490,0.5749114829850777
27804,0.38432296852429104
86896,0.9205902184391255
31142,0.9328601543945181
100499,0.9183524202101805
41462,0.6302868233459127
11490,0.49670577986764586
41182,0.4043136588016921
88788,0.4873636125200887
85936,0.5392951377084887
25717,0.7631892997903167
39604,0.9291818276017765
2113,0.4919697717529827
19841,0.11147342466261848
85276,0.7938983331123686
38085,0.45350487315162735
33856,0.17592024300567655
16285,0.8077495567957782
102958,0.8545088924413854
32690,0.6687734131825446
65286,0.9987492535195237
87828,0.5453956732034536
72944,0.6586551206161081
47478,0.18584638115342594
94238,0.2858446919854442
25276,0.44546992794814755
51125,0.3860958810506364
59341,0.9301151624189993
37015,0.3441211223536855
48326,0.19474597259564358
55339,0.20704622121958557
54809,0.8326086751931959
95448,0.9729764537686585
92455,0.8754226080328309
41479,0.7030896426380648
50990,0.5625599437769389
97606,0.3538623490553181
64386,0.16090089056867737
59016,0.9659017567399684
34793,0.6820059164474254
35103,0.544232031729811
62419,0.90448860911304
44749,0.5768478108504407
51217,0.7557084708942295
76088,0.6187420090650471
50731,0.1749569524682268
21634,0.02183601654326964
99187,0.19065160101062636
74983,0.2105980258028043
74636,0.7872756802026798
70918,0.984830336633578
48025,0.06750185206286087
1202,0.24781045264654883
29773,0.7105123937347297
104392,0.545445149171921
36134,0.6702719228809522
56611,0.9169206479997614
98347,0.8665651358959009
76408,0.6606763179633168
43641,0.27104199546121494
75570,0.24688310251968998
7090,0.6076451383145234
82189,0.19255276384726633
48190,0.0950851557806606
4985,0.6211353312250811
1702,0.21277530402456066
97091,0.2890210332820772
67132,0.05516020875915423
52003,0.6478555941188565
60130,0.2533366933980717
52734,0.38780818030769354
54975,0.337207193815958
79908,0.8302306202459883
75883,0.8051024586362976
7708,0.09092789959913233
20788,0.9923137300017403
29713,0.20931264713229458
2168,0.04205291081408376
19624,0.4855959674170931
15339,0.9811255797223968
63973,0.4645919048549252
104124,0.872985775846705
82919,0.45388927135138213
57759,0.4450251268391055
30517,0.40089100055985666
67562,0.7154301197484618
60871,0.12265193715986136
73670,0.7992547350664615
12046,0.6638087524740393
29703,0.25479773774512354
57997,0.9610673116784865
104071,0.6555312394631185
23798,0.9790137067540201
63304,0.9455509116357531
29328,0.8707389442255522
54042,0.4935858779984548
43085,0.020662393428635448
41458,0.8239026467300471
65632,0.07247184195647716
61938,0.8602425055239982
43481,0.04571462568869565
23810,0.805350110801975
74207,0.8192163656285478
40078,0.08164530312088716
67888,0.526881748872039
54635,0.7478011160583958
37281,0.0135665381945295
92696,0.03141996915437602
40103,0.7023251239978211
12388,0.7422460348120623
65827,0.9163900205451533
13632,0.6233479299166084
55474,0.15799741528911287
5448,0.5030472317870011
39340,0.8471947664217092
1321,0.6153782150171003
53096,0.833563525559692
93846,0.8596124924747381
84889,0.2579136748026942
53938,0.37991948915834706
104973,0.7304833977652292
74968,0.7426388096065324
26581,0.6389839758403082
84369,0.6836527394347066
51684,0.7878646677555474
24583,0.8329403099057165
93592,0.6415014211093731
80678,0.38314283397437576
34799,0.7313008827455222
50595,0.1985492669665614
107043,0.8937009838469789
81783,0.9715641818408208
8163,0.8919805339325724
65011,0.6648603418747323
88170,0.21255141994244336
18337,0.9998992372595126
72949,0.9710961053879366
70736,0.6635882973631175
96312,0.9992999999999792
83629,0.8726086823239867
85060,0.5609124952634704
65661,0.7813769322245295
66651,0.8094462269282476
74786,0.6905240091234764
57298,0.05113139038474026
42230,0.024734206873667855
20537,0.11647008698757472
97674,0.8088484072041902
65960,0.11223554887792181
55108,0.5909974304198015
49101,0.909176999670253
19384,0.3599066696518157
29553,0.4185083129001327
40469,0.27729469658384376
63625,0.27965674692559295
32081,0.4645353767542453
37229,0.8411259020048163
92189,0.5839517580037091
14893,0.06612729014607228
44609,0.619712177781441
63754,0.19480266906516946
56244,0.3891037451231162
13791,0.10828938813050744
97514,0.20709740433968798
62715,0.097544966935757
80723,0.8573730851238879
31649,0.8465368017476882
35868,0.26372076167312697
26020,0.6653749666932697
94291,0.23141385828582087
63036,0.09938943188110422
71036,0.6926707141037814
49693,0.250557173257069
7862,0.43231127866121066
106251,0.08282318353107876
6411,0.08007746987646179
2227,0.16465802992730827
12739,0.5682787283282964
13897,0.9365905778647592
51843,0.7302846571596104
68337,0.5017776820530097
62399,0.3790894469639921
83642,0.1257930087647005
62576,0.5442812987787545
76355,0.6981123411484224
88532,0.906344661376921
870,0.6175273188419865
26067,0.4142518752682649
45412,0.37792345791674686
93632,0.695337495188169
34710,0.9572214768575231
49010,0.7587772069084495
20800,0.9184449506780605
91234,0.5293775841257811
106720,0.17165715873796875
39399,0.9892799799023609
30906,0.19763530963679932
55880,0.24696850644136725
86772,0.3193217316680199
50257,0.232575170697502
89524,0.668054565516792
53238,0.9298875677467038
8234,0.2421788268587684
106696,0.8920947662445997
29446,0.2800110945290596
23987,0.4326680898453431
64819,0.10982325380125914
35094,0.733369887311937
45865,0.2445081484776641
8562,0.9199732823777107
75593,0.991389198882936
8341,0.5637659215067709
59981,0.5441567792298057
87038,0.41258318747969647
60298,0.48952056492130286
660,0.9485868669739751
6334,0.7845955422543311
40173,0.8781676375978729
60604,0.7202549396718412
77550,0.11472153178506472
34391,0.9975992416580066
65498,0.15081635779654665
12883,0.6700557484860226
28396,0.831318553592091
20072,0.7008886178212117
29955,0.9612904970287512
93410,0.8202584267914443
19195,0.7773406676780226
86600,0.319537845057782
11096,0.8619004333297224
100641,0.1270041718589795
2876,0.9070387446786283
98508,0.08107363502645319
8183,0.8918932642012476
61746,0.461803545462518
65016,0.33779668903732785
98667,0.6451356330310289
26907,0.4875050716248366
118,0.8217335006264996
17226,0.19409779154632903
101387,0.7306934873711102
2477,0.4513267687288312
42711,0.26597403214451115
45007,0.21784233285752008
16318,0.10088222255388536
86150,0.21811287242684588
8105,0.7910161297908973
29329,0.01516585788367299
24199,0.9747709878031398
28490,0.27990923240718507
15922,0.5050089910540778
59384,0.6905792879440429
11373,0.8440951298328438
101542,0.11307858474503871
106469,0.052568577369033226
90450,0.8753739160069118
57117,0.6754260886202084
46768,0.4517523587596896
101203,0.8297725329093728
73606,0.15810379907778258
107050,0.7290017394731755
92108,0.03712178350482945
20429,0.32368273413525456
91152,0.5474485391589521
78479,0.5840509939424451
104962,0.6724398132645137
65927,0.02675275336095747
29567,0.8622462580905517
3521,0.9089539407548906
77782,0.532808941973484
74900,0.47812796452340933
20583,0.29581426845778175
51369,0.4914067823617694
33036,0.05281883854819011
1020,0.03889303005578452
81918,0.38524027798472354
71786,0.8114030728080903
29021,0.2355970111630809
42473,0.630562332654952
76563,0.8505505802742339
76009,0.5956223917764654
75090,0.7830461135769218
91847,0.7407406020284939
78056,0.3212723655239209
22275,0.12116669382179338
64351,0.2137547428894167
101193,0.09607491311173849
49286,0.900411649016519
89043,0.7428447352444645
41575,0.11023728527703616
105212,0.41397204352009453
796,0.23327433934186081
89918,0.9016261910242042
26836,0.8298458146560875
15916,0.15457732717651593
66393,0.6442010607193183
74777,0.08555703471327107
215,0.8629225130456653
70103,0.07341696347936374
106169,0.4824344485811466
81879,0.18891699111115462
25104,0.009552787119516919
37041,0.2984815237323586
91290,0.628490838096704
7967,0.07510949019149743
61699,0.1877060659007082
11430,0.9987315200480962
99907,0.24055014822303156
15587,0.7762522544223857
17770,0.7561092492358403
51183,0.9494497685970087
10924,0.9391539589110514
5241,0.21915895734537563
79879,0.7904259649446101
57849,0.10005995765268313
10135,0.8718408725205091
28930,0.9100805580733339
84980,0.9948496994145462
35035,0.5683241952684632
1544,0.23040090547101125
57299,0.09699480953859804
53790,0.8654889596422423
27413,0.015173820055955248
38165,0.030899483206934947
48208,0.8957196589927308
56627,0.4761698189857474
65033,0.31643408648896976
62849,0.06161807738808262
53653,0.4465212206609787
49325,0.17748574212619395
72723,0.6739058657937449
90690,0.96967504960855
106400,0.9076314739777521
33103,0.11853561914723545
25088,0.9584683426117815
101515,0.4893244879617734
97145,0.7396840837576258
55520,0.4917696996735592
77374,0.12767689155685258
30393,0.0273100978344672
51247,0.7643684108538888
102444,0.36731816975912845
73823,0.7675173332300168
77961,0.9320664129978558
92334,0.4135229349536574
20875,0.14083747730184712
8968,0.6406507813785376
46253,0.12139929122437924
65138,0.9756446900061525
103803,0.7869040168284523
48240,0.27130658783047773
37216,0.5933241148483136
37070,0.9672188045075254
100791,0.9485027070035638
65296,0.9561116871259928
55217,0.27485296043924634
61439,0.39170696469367783
28910,0.2923884459445942
68977,0.5681318805384225
73799,0.7071821028955424
87205,0.1689644680992743
24133,0.37083929392434867
5545,0.8210679048129865
54239,0.9129990455459795
58376,0.29976253675782777
102502,0.6239267355671655
4217,0.8796969439938032
24943,0.9956499784720378
76677,0.10054575972223354
30672,0.9043924944334063
103813,0.8119017512051643
19301,0.6839334327501376
66545,0.7893827618617102
6418,0.30214210275534314
105393,0.685633618216849
26256,0.6304421013689434
73036,0.27764144004566066
90905,0.9779671817942277
53703,0.00271305412143231
19896,0.7285556727195008
38549,0.9575266879192946
50747,0.3711392838189373
7384,0.8428417157121197
38634,0.6144824639390887
2243,0.6679643173645081
34358,0.23704519672913138
9905,0.06696344359190495
2600,0.44049879702105055
30934,0.6734898894039539
11956,0.9766499999856331
65971,0.22527430425291572
41054,0.9799999997880741
86656,0.6153646701901501
96579,0.599271807932527
468,0.9932242093806422
95086,0.033817624275603
36410,0.7274635234007907
61026,0.45227508964585084
49759,0.8516617623814375
18786,0.7166485188693439
81012,0.7329142587838211
19445,0.7116006184762753
50756,0.7885593579405096
85673,0.6037466157386998
66960,0.8402050432790305
31365,0.5987719085813732
37640,0.689855298607249
101325,0.7211989080716084
104267,0.06613596735382701
64787,0.7478101351676502
54097,0.9260468309098557
90089,0.7527392674512283
79611,0.33446591698825207
3872,0.07569277251719542
90845,0.5756108463941596
75838,0.16127293859154862
16157,0.6725162009029019
21349,0.3806916555532963
34130,0.060560797146769756
83045,0.8587364763291954
83033,0.3149768038200889
18190,0.25438385413018694
98007,0.03497190111655483
95308,0.9199905807134565
7197,0.7759129747212633
79403,0.0594667827571738
7653,0.3081404020012421
59611,0.9839701639264586
93070,0.17754691406458922
33837,0.9283571938060237
86990,0.9761975132749561
38486,0.19023408098846625
49647,0.7436253157021134
49217,0.06771740011895772
89090,0.8339005868449203
6634,0.8264172441099307
106711,0.5663517383171185
98643,0.3423382405040345
64122,0.046310086596348325
95757,0.2323955554108999
52941,0.9737460733830292
73928,0.4982019737814043
96735,0.7742503643728162
76375,0.4407986848834621
26187,0.6733779614614356
61250,0.708162916936608
101730,0.5460019234046211
96681,0.5040787958390159
81672,0.047456495062167564
941,0.17652175814885354
73571,0.2944039251822891
102835,0.14377468361720683
84015,0.5931685047342641
15822,0.8691516212694037
26528,0.2757212682522263
34458,0.4322536435519037
22406,0.9565920935759893
77570,0.029935104286825512
60677,0.983906546555549
16163,0.2624748033746053
58610,0.5999746357502307
87762,0.07198595433808075
48705,0.3768174440973988
78339,0.955808938622253
27015,0.9791870382312988
63869,0.23771243886802298
32867,0.8532720336844346
18094,0.7655272629656559
31953,0.3410719832436234
3489,0.06769282525670695
8990,0.9034150197805517
89863,0.8971337458116856
18547,0.5364228881248105
75256,0.5949007665737338
93963,0.9673999955837868
71978,0.28416752478900265
30679,0.71593998016772
102609,0.5355631991573417
83019,0.26780323209001095
48135,0.22914165921775675
61409,0.68240727656056
58564,0.8171810185427897
3946,0.6650494123196021
106020,0.8945030078716301
3723,0.7471333321917333
22108,0.9523632361137383
4674,0.8750341609459161
4358,0.6494328070084916
31186,0.4429015613778037
136,0.9464629426165498
46915,0.9489604913637923
95526,0.21636363219369492
12145,0.4951307787512179
18631,0.048352373386790735
95178,0.5226178503296988
6569,0.18590662021513693
74472,0.5035752139080893
53618,0.08055224734641536
82117,0.33205965532224263
33139,0.9779988768047705
101127,0.5619663015659205
78109,0.22989422972110402
71560,0.386049699915023
4873,0.5545793010420309
38063,0.22794381953228676
1060,0.3141945013460964
45447,0.9909417683677285
14151,0.022957952292323267
79580,0.03835818385413572
37219,0.43194595527214813
84736,0.26678032144445096
15780,0.8037019939237937
82921,0.18845849019597222
40348,0.8398637398022819
74895,0.39191740669232955
93609,0.09266821695581648
60230,0.7728414897315299
65745,0.3533771452791965
16278,0.12170662952161962
66171,0.20848280232327393
76515,0.8952758398799878
87170,0.8806355463016313
104704,0.9217986192377612
95572,0.5158465298801436
41881,0.8074333641852657
30757,0.6937871173808361
83846,0.6063510819408955
72285,0.9280764937270152
29064,0.06813636905943213
5381,0.8220867717121834
83070,0.20792143791584472
7175,0.21025506364625762
49176,0.9768009990778361
51188,0.38545467405199285
60730,0.09866721722903568
89396,0.8774591754582974
50581,0.10481283670649806
9406,0.5767988689760859
16599,0.072221114835673
69783,0.940539904944022
27796,0.3789798540845256
592,0.17680188287394022
18133,0.5508440616685943
105112,0.6849367026125188
51799,0.618314607791887
75583,0.42665963143549873
22160,0.6672397635750349
28229,0.3847128799671077
59965,0.8999542216486238
25798,0.5957724689012028
1799,0.6351526341738437
37007,0.28859586015683203
99962,0.12886702749981715
106489,0.811554023896841
39063,0.4415162684122142
46435,0.3129875249539738
45589,0.758917694667125
6956,0.6683702068663113
106021,0.7489719569551807
92285,0.4108487731019792
40437,0.6340807918186626
7039,0.807384809879079
94842,0.8355561773496654
105806,0.6008308005088971
19957,0.4430039571675808
91743,0.9778326132697654
71819,0.7952267581299013
71859,0.8397891153307437
77846,0.33832710206593886
75254,0.7592503127770065
86699,0.8514109846545308
41680,0.15088800400011704
40684,0.5441610522493743
102752,0.7856092913928472
59996,0.5160045140795702
75002,0.5335318898265986
83944,0.549706399573663
71542,0.06459117891385383
102795,0.5298918298938298
13533,0.8535714440652106
86443,0.5850845898471302
72601,0.0706386464243395
48252,0.7359277524117979
59918,0.8807701788152835
70105,0.8712379131343626
36420,0.3127013851794186
72545,0.6970172274708097
66628,0.10640677099208008
87076,0.1848022983384523
56017,0.11357265086439089
36830,0.7194796590061994
61259,0.3831972369527761
106785,0.9233512364346366
102001,0.08668999460485759
41694,0.057319886927252525
59274,0.9468478737001721
69342,0.6919879671699241
52666,0.37197408418771205
78739,0.19709936559326208
103615,0.1455681148992798
96522,0.24456651389875894
33713,0.9945113138171309
94194,0.7290239694810247
56624,0.9070787134304055
14026,0.12250046178687593
37800,0.30039214734708586
101163,0.6693200686531118
50282,0.8393548821496802
24359,0.998487720569455
37213,0.5686936686059565
27574,0.20848223555389694
18777,0.175576291009455
32485,0.8047938561769227
95455,0.1654188687803891
56526,0.8218811432875793
9732,0.14868448181172608
63133,0.7357267761067598
6017,0.344971598082307
56227,0.22289735159710283
81330,0.09433450518555517
14674,0.962249580615919
83842,0.5422353544505831
59121,0.4527279046507473
4795,0.1785699372868661
8699,0.9903438438854246
62846,0.6321032572659456
3664,0.9344687877681968
79101,0.5912036576519872
97114,0.6318992718601848
61736,0.8178254831969556
71338,0.15440902154886682
75649,0.6574483823757368
47207,0.7529802982415759
69617,0.7843794655380196
92019,0.2454316808391713
33803,0.13539331672202637
102709,0.5686491010071713
60644,0.11006554903235663
35921,0.7318368584396833
53503,0.6614104822765425
39017,0.5506506819596897
21033,0.7108718513651597
7356,0.5578788879480951
63010,0.17494545905754272
105483,0.6459074291118454
48414,0.3497185983134491
34491,0.10863298074332615
98515,0.22311593368311075
44473,0.8907277079460123
16918,0.23744199668284965
5705,0.42015906095347616
50265,0.5386635895187379
69220,0.09826390727313797
54833,0.965149849125617
28549,0.1236971205372849
106607,0.47691024167151536
82444,0.1180288911101261
61201,0.976999975908999
33681,0.9573063674875764
10979,0.2596505243677061
17203,0.2693513419101532
75276,0.03385659779374744
46716,0.3454676924832407
27002,0.9428927976656583
875,0.5506404043193651
73244,0.8577631334489533
42973,0.902570646512449
87462,0.41431231827093545
79246,0.7385399095755858
80060,0.8061147857595906
83791,0.5867579939502743
95066,0.08946164214865596
65369,0.7283134978771377
17234,0.980016665371789
33597,0.4713342279068733
57641,0.8099118311316942
79712,0.11820814908902255
90671,0.880457111884726
68092,0.5397473222539068
87841,0.9838996555202538
26092,0.309381501507653
19324,0.835906929385825
64133,0.19866941792977388
64722,0.0608729136370663
67293,0.4679932462286813
13110,0.31733150477061517
15704,0.9932892145463064
90272,0.993120588554165
16320,0.32412187850519303
51605,0.3617732600775478
57816,0.4804755997399084
10303,0.3382646339920483
81915,0.270597008144176
22954,0.5302469493587725
20905,0.2367350691845729
94219,0.9492057767940829
59383,0.12529680921209402
55882,0.23197365373422763
105848,0.7833919520765017
76012,0.30302926675677927
28343,0.05865121111855348
12621,0.25708278211634533
20544,0.9263181187737906
68058,0.73898617631014
45481,0.44232903578570854
43866,0.9293067681630564
43638,0.8355569364892201
78798,0.7603922006614289
51931,0.247006441578558
81788,0.3763346231343948
39806,0.8492042771832939
104308,0.6536439565662995
23191,0.7628281309695779
58799,0.8664186537148542
74274,0.24208721689136287
97712,0.08206003272437334
62011,0.1455960690218443
97060,0.6446077834183523
6430,0.42851705416475844
42197,0.6446882519187018
33642,0.8691900565512913
34385,0.26070935120532485
56499,0.14209741386034888
103727,0.2906833791296505
22082,0.3640892810198997
5577,0.1710702992166008
18877,0.28494550651141776
72302,0.798957860775079
48798,0.661610900939203
95670,0.7446764950435525
12360,0.6954391263622786
99919,0.7552938803723026
57548,0.9001493851429955
8498,0.9024379904921653
55369,0.8955446407043279
64135,0.03440776225569732
96186,0.008978071470512859
88968,0.9760492583022506
16581,0.4829639772550204
69477,0.6277953106408667
60073,0.6768929942190232
78470,0.7694596439920408
73934,0.675424283291035
48728,0.5189944805123763
12948,0.6645648312376593
35801,0.2926519446560997
11714,0.5469465728153223
79286,0.8882564346773969
61682,0.18667656377257297
67216,0.5611714138869702
28124,0.9841490527617394
47487,0.11037914762411072
89951,0.6980999391140567
39746,0.6394453663758956
51772,0.055669205930308836
74373,0.10997179539922625
91542,0.03450077583355004
11693,0.4045781106187247
58395,0.9858558112391307
10213,0.4870137766330529
87308,0.5644201988565052
52212,0.8303628373155273
21565,0.8087255857695643
38272,0.9297796421068459
45624,0.11303757490810531
63049,0.4012128992761989
86283,0.9512999929104877
61244,0.7282753840612788
84701,0.5865603106564713
94243,0.9803251214770519
79039,0.08676598062342676
54726,0.20411126553228634
52867,0.02043990185850823
7832,0.7426574374609637
48004,0.511606836565712
52691,0.7427129771747811
94319,0.9244466658885966
14013,0.40715977238486845
66372,0.5023266150232419
22294,0.9898115016736082
14732,0.6143704349518889
105955,0.47174486976851476
57702,0.9904138206150839
89178,0.5513542972459077
31050,0.21160618175738416
40074,0.41703904896536736
23085,0.4968862587556136
8847,0.43978467644838676
43142,0.6612332307307456
24141,0.33642742285026617
75344,0.5358056182515183
44956,0.8944387525110935
100259,0.0575320942574634
15289,0.2086051806851158
40766,0.7935173895941617
75727,0.3910396416540157
16710,0.4252296916245274
3858,0.7790371203678439
51761,0.1659131252942332
57803,0.6165440543832177
18436,0.2696800169699455
21616,0.5531618257467179
40997,0.20164954896257628
72876,0.869558620870712
98668,0.06238363166158849
17562,0.6547621832344821
53942,0.7241737155630014
7798,0.9751626217471159
6728,0.1600471470813132
68182,0.6250770418679239
32206,0.9868999679233018
2446,0.950851650274125
30812,0.4247511898008238
29775,0.22267201523949368
4146,0.23659705030952521
10519,0.573990373543967
66933,0.6063692653916599
94981,0.8920129937793829
95320,0.02761342342368757
47430,0.9534579347970271
35069,0.10232317847231805
76488,0.028905429031302488
33904,0.9201324451237625
86619,0.9638842754606844
91955,0.5307979406535965
6389,0.07664323904640997
12914,0.6251266526079439
78123,0.05593563513124363
59570,0.7592077758320512
10892,0.8400022909280612
31139,0.5336953405377403
47002,0.6811153923403239
15376,0.43004549580739004
84669,0.03046141181556985
28204,0.42443492229533103
49096,0.3411595923864704
95324,0.422763262087153
46589,0.5350141347053583
16484,0.12683181312529546
92516,0.3410244305527702
88724,0.7950614296313803
65849,0.1960915685092993
51527,0.8668661014147677
60854,0.9784462957752813
11279,0.02133399940526443
67908,0.9477015651229825
82313,0.49266857402050357
79035,0.6107177414212482
91010,0.5758522752534511
27611,0.08709307717287872
7952,0.8760487708134814
19379,0.8653293468146007
66702,0.04372100399393173
2296,0.6878604462420119
28138,0.41817067787160145
551,0.3182804379687598
67795,0.36074350643238295
39137,0.43310222760449224
25040,0.6968958088566781
47656,0.49381229925075965
53154,0.6214290441109209
73026,0.07717110640729699
50163,0.5895946212681147
17664,0.7391114129284396
81237,0.1338632123217966
43288,0.15623323694223315
101830,0.18376885317627878
68661,0.19383860292406313
100832,0.8209439490930628
4191,0.4838862990447584
62424,0.8744310634511687
40305,0.012489003276740948
54860,0.13982392885310138
92588,0.6322196497408501
76669,0.9942499749458416
46395,0.19347030035194152
44253,0.30362278088174127
22443,0.41551030824489765
84100,0.945548111377415
42951,0.5553924096636849
51210,0.44712305677699954
18367,0.664304856599506
12437,0.4731282518578032
57121,0.6890645946006004
5477,0.2806390586727048
81334,0.46465116204312407
102259,0.08294887864424363
56973,0.27909309523123216
55634,0.13269112486638684
50796,0.16826380444698744
64854,0.8673002294918337
17212,0.10504619443815164
95586,0.7558342142235484
96608,0.18049493046888368
8178,0.810221004536998
69463,0.7559849286889564
25843,0.9686637759275838
89879,0.4454647957599699
64458,0.44844011405183815
1825,0.01857456210800679
104937,0.3913746587044104
76514,0.3871612461827578
67638,0.19024823354024534
32550,0.058332946425583274
2594,0.21991005960259885
104050,0.6977998361952307
15063,0.5695066827873608
7750,0.36769747156957433
78835,0.8340583423783712
62313,0.045306925185046906
79534,0.2810635989478383
10735,0.37491364321891185
66647,0.7813400442271617
80698,0.9860965057962934
106237,0.715091334738838
14230,0.6185666366408479
24699,0.6597695354587274
20670,0.6785477858734318
24398,0.9542247837338733
28813,0.5871626690716769
90926,0.4559449105397972
21442,0.10232886829029515
15503,0.9666755445797879
104158,0.9547487480145334
11944,0.47942997791915354
54953,0.03763285414854499
100285,0.7559967804461166
92129,0.9655636481203014
86569,0.7978888973433738
51849,0.3070125528583237
59984,0.9905906203509549
84169,0.48113955587962887
85915,0.2592371489124253
26350,0.874637516299445
81869,0.3758855696988578
101771,0.5655108716098075
71107,0.8469772567870043
8127,0.48877838140071284
67433,0.42061827294925086
103885,0.8442683468720881
14634,0.5963282039663944
35211,0.2507765019705455
78895,0.9593263658650856
78807,0.9920999998291615
14540,0.41239378657685133
34698,0.6123986172026326
103779,0.3926985272097263
9813,0.17817927305987488
7716,0.9498163522833265
70272,0.35892201519841865
98794,0.9891948862756015
5378,0.40407398831742053
75584,0.1410886865559277
65199,0.5265918980903481
69468,0.4084744100487859
53908,0.23788125806090665
97132,0.7829228032988743
84136,0.7552113720043694
65196,0.5758315195468875
101330,0.08267980220645885
45065,0.2522354932249019
101372,0.10429260342814711
40945,0.5843964722351518
36818,0.4400538813789229
16262,0.965459077292628
71302,0.8941370683356148
56867,0.9667613480592394
31727,0.7981642496220442
22376,0.06982267983306678
93929,0.8003917892959591
18448,0.9890966511005987
29101,0.9066166714236936
76956,0.26813649914483156
52458,0.09818287735304118
42922,0.9084590150048573
16743,0.38730214806783136
29879,0.8670226240637993
54016,0.5887004958688951
44531,0.4208941993790851
3780,0.48603282730539343
18492,0.12872034739357247
43326,0.6024568575584152
97048,0.5879709424934156
102784,0.6109054927267525
78950,0.5542117767807917
69256,0.9132992078340343
71845,0.8178353710103163
23511,0.8166587836716498
41984,0.3197346349016265
73207,0.301829382496278
100220,0.5915988903493405
55424,0.7744362472854613
61058,0.3059064411858291
61570,0.3685813725067548
85636,0.9245525991450261
91625,0.5066051917929256
37965,0.8108271368133608
71595,0.8350467234060847
40247,0.7014362712140305
84223,0.4438794428103605
104638,0.6064566356083136
70859,0.8921843405673098
12624,0.4305074359447849
100127,0.08646318646062334
54697,0.1786173179079738
36640,0.31626715325681753
63935,0.9785269352001174
62422,0.10660125514422988
19138,0.6926201668277268
98037,0.7267340753864758
80946,0.477527663296948
60171,0.17460041450137678
106524,0.9680158854706005
53120,0.5338668371101193
17020,0.4817595649436658
96643,0.05422895001969484
20516,0.7654146326835015
53943,0.6457248799130884
12422,0.8270759953677267
99924,0.8312396525813286
84727,0.4230802320734547
105231,0.7587754054686251
57263,0.8341809909920691
70353,0.5305697571407479
33980,0.8417482510132128
85067,0.4696950365778588
101473,0.1509179544381388
32806,0.34136946250905714
22737,0.7394836425427415
33701,0.18091274540996555
26272,0.6547945953306298
20245,0.12913647757748253
57009,0.23419430126536706
70177,0.565489640635005
80949,0.9359397085268427
68868,0.35560863578997315
3463,0.33760112074955434
22480,0.5578300951335603
51061,0.2463414169744982
42467,0.7670741023321406
22644,0.04008636998974375
77987,0.12109507382886137
38066,0.06149247699373796
74817,0.1984535391318036
33548,0.10365640869638942
55282,0.9537380177062535
68474,0.5609629410148853
28750,0.14931879229005277
100953,0.6668440849455496
9783,0.01544100204578958
88666,0.4983574823992385
95892,0.9217192333507849
45165,0.086938107513584
88759,0.594406141900637
42942,0.5466667171672088
45155,0.6584173473340401
93405,0.5140398935943968
40672,0.22514444630657143
59171,0.9782605655938958
65048,0.04665025912643487
96568,0.13602199511197438
55750,0.040335871065544426
94417,0.2857599086581224
98907,0.15935388541552287
26355,0.1687857090725431
75221,0.6722328475030225
81834,0.9896998651691804
70358,0.735353938408904
60686,0.6350634348384496
16970,0.9536552600516087
105727,0.9553410170542689
27635,0.5325234412010547
22266,0.2815497815426605
72325,0.2313484967088138
73454,0.6218249241437717
61216,0.9042369630999859
15107,0.6327905551225803
20351,0.8694442229027334
7447,0.6822859040218759
27058,0.03706608145294177
52745,0.14973501342764453
97367,0.8565466984418421
80966,0.34871515000188935
76862,0.5064991636926386
101425,0.47237325126065
41987,0.4311073793753152
41607,0.4448564373456375
24817,0.019923293875895413
18230,0.3632082876407426
24592,0.4307143624524321
26735,0.47517867449705165
335,0.9266328161876477
23192,0.31191495478113024
70543,0.9510983900635253
52914,0.8271019114820167
93275,0.4367163221462546
53299,0.8034773934722408
73633,0.4628046341719604
6516,0.6943465979433858
62779,0.8156754160845183
37748,0.5204168398741951
32439,0.8617272750549798
26327,0.9672488506621348
72512,0.5009880680380728
34319,0.37414857519027944
71151,0.3969544417875329
75755,0.7914710760174193
95040,0.7304093205540982
14016,0.2958254452570302
64918,0.6663875475686694
54132,0.8899863103227739
15137,0.7614409901766261
16885,0.5147913445324027
73850,0.8443699027149872
27701,0.7109541394529111
45458,0.3870889381582068
35206,0.5505962440185903
4690,0.11949732235201657
48327,0.2713080817952997
13359,0.5703879131550279
74847,0.19944393212967051
58263,0.64541662436681
83921,0.47404385886449835
78541,0.3772301496933639
89353,0.03495856290139866
46859,0.8384054283012354
43017,0.93592302635885
33143,0.49830563493469954
44724,0.41838605599455725
98313,0.9399378577290884
18397,0.9023893432712788
33628,0.6969091928675754
83851,0.9862948486439738
59975,0.8150065135452746
90976,0.19467183999803236
17729,0.8531922665252905
103091,0.645965892633579
48359,0.17895990952485763
52136,0.43650562229817313
92597,0.4573676470163916
102907,0.9670351629156175
31101,0.4328757725972212
72001,0.45530673677784433
26604,0.9826982646686345
32653,0.148367816286083
92403,0.969071206670373
19371,0.34394974963935965
33679,0.07365250591964598
100430,0.7680598369888421
46581,0.30139612836166213
46918,0.08922575917583875
1939,0.7449716358711838
65741,0.2606271074904094
64268,0.9592496267381934
5722,0.16521094883351004
52128,0.6215860442369339
32782,0.9640670581970616
55399,0.6106854593519183
67305,0.3710264609959083
27575,0.9465999911669941
10174,0.7281565798143982
20288,0.6004932905116258
100583,0.7437462114576223
94644,0.6626709201008746
69259,0.7842935564950954
66508,0.6760585384233376
75933,0.24459609157128434
73087,0.45144230731612367
62772,0.2379043557252038
7082,0.47572985887701547
14313,0.3473219474717347
34351,0.9735007505249365
13661,0.287470500381169
84983,0.5221938178216201
71650,0.1436468651092139
25289,0.15358938224400343
53203,0.7707056488782271
104021,0.9546306986581365
45430,0.1663944004590573
13936,0.30754727655544045
36331,0.8559017781909877
69153,0.575624581168884
28211,0.05198408963501887
14716,0.5721029889754655
102105,0.1709466546518998
14825,0.6956004486537485
73448,0.8613581247171995
25227,0.1219305444466449
70935,0.49456488828158407
24046,0.13524754927339072
16283,0.9244758136030761
31587,0.7089244308839328
21546,0.898987971355751
79216,0.13405685032610676
59515,0.22014644634516994
21638,0.4233997060216685
106058,0.1904908181541719
83605,0.2734189195969448
36027,0.25434207843382584
97547,0.632063553736744
35922,0.8920423914034424
730,0.28592890727199427
91023,0.38864758885677286
41874,0.8573580812296733
63479,0.6520010074953709
53948,0.9786242951145464
612,0.45125984103399575
44842,0.9445940159437793
88286,0.519786190982677
19006,0.7891921276574487
15792,0.2894889299844708
31289,0.4845804161625876
5520,0.7146479678836122
102071,0.9309717030968574
51757,0.9497031070107635
101502,0.6496541364148604
86153,0.0270596099539407
53017,0.777332722433145
35422,0.5711086123246085
47390,0.17251045824396988
6754,0.6373581631451584
15689,0.6853442202662762
60671,0.4972055405421514
91200,0.8197300769577529
52291,0.9012791903686139
64996,0.7655679597745302
105948,0.29209994561466723
9304,0.6401902551681363
80363,0.6858365253406331
34303,0.9208485807616442
90897,0.8379117510088043
6223,0.42251380048442444
30391,0.5633835739892379
32600,0.28521222950137903
22314,0.9205062234429041
46471,0.9423540293146546
62205,0.11608039908488123
9315,0.3820054246205415
88242,0.9342363752623069
16829,0.04414802019801577
10937,0.9352938492685972
75185,0.9409164353158088
2126,0.3311736131157147
66867,0.3721054401438247
27698,0.9687449794906224
69135,0.08416869421525974
28872,0.9020258276415618
73182,0.5869927792097537
99186,0.12854885777038208
53803,0.8855787859295501
15957,0.00596832150766733
13066,0.3377412966249632
59759,0.07765312717734808
78727,0.9983499934487463
87613,0.6266284859050811
97014,0.8951753678607434
15607,0.17011118982379891
95372,0.3728795097209741
13583,0.16830908285547658
21859,0.05823297659468453
37066,0.13775402230104541
20559,0.07135331241144055
28407,0.6799162799416325
22575,0.2004094704621345
587,0.039730388691026554
34019,0.6879638164793799
44046,0.09024870662557054
88009,0.9538305993622355
28935,0.8357766253586805
8002,0.4301397168870279
89504,0.9444064551978038
41174,0.6131359453014895
61524,0.282157429306064
47615,0.7769420962873388
105017,0.1294759652331528
102282,0.5411890319516139
38116,0.1466568400025779
77889,0.531918391321852
39771,0.22088034529575204
49032,0.40355568410538195
88482,0.9554058813505938
14111,0.8938908114485508
86854,0.26086996830819076
60957,0.6110386066925654
39641,0.5383751339727064
42799,0.8627233230414177
12118,0.2654259215368622
51727,0.5174147347024314
15511,0.6881862012857648
98396,0.846357885485753
82341,0.4829916941675546
59102,0.9941058299587358
9319,0.8561800891302438
76311,0.14799797216947186
88119,0.05491051157645779
88687,0.4753500665370356
2030,0.6869510052844111
93612,0.07209870340404494
11548,0.8941087944297553
12642,0.6181721023770017
99898,0.10596554471106809
105337,0.42296912042262313
71373,0.7819647444214619
79240,0.48532704261983617
2341,0.10995405518638751
70902,0.5607984857752164
96103,0.6440909882471402
41700,0.5499323607504282
7147,0.8400577528959869
7007,0.7747794828353012
28257,0.5010039818674693
34787,0.14416734122404498
85535,0.856830354953797
56441,0.2557497443778578
2699,0.2191625270887012
8631,0.991299530369411
84841,0.19903461579024284
39509,0.9289397702747453
43930,0.6848413997610172
47111,0.06750672324420467
49131,0.8055912813240032
90388,0.600841567024271
94044,0.2855707678596883
9162,0.41067258128466333
82380,0.4358744061971313
9411,0.7140948011188801
98182,0.7774006456524835
90514,0.6048879175858708
31378,0.9127365855091378
45250,0.47596876672649724
9598,0.37045924556880483
97221,0.7406614219152131
81497,0.9858042487963736
98919,0.08831869507727197
27463,0.37593622824654327
5343,0.8000714162266955
17970,0.1964725493801094
67267,0.7491345178555657
2920,0.5878168170133964
69177,0.26408140893991494
78678,0.18551298779722658
624,0.6610368340285506
93344,0.7086532557777515
46833,0.9649265047343112
6484,0.27368706505544055
34094,0.2599917592889569
68673,0.15525069334571084
102049,0.5853617158297925
78665,0.60476740822344
30774,0.4493762083263716
71388,0.5118077252605806
18098,0.1859173237666702
61249,0.22959803612029134
37708,0.178298733904885
64796,0.4336496393078585
31522,0.25834236451101755
15285,0.30293889341722363
94412,0.16845271074310464
59543,0.7769193451485716
3384,0.9224633325815299
37901,0.7473234511786331
4160,0.9698729319914015
92593,0.16969868051864523
36246,0.841269182429179
95420,0.5974337168571436
100479,0.43181459000153
79834,0.5788532853568567
50875,0.04107256697296401
87895,0.19545692275944598
30615,0.18964069998152666
59995,0.3785911823930681
96199,0.16214133523132856
13289,0.2649318208573238
29169,0.13863676860196406
36913,0.29454232249801565
25147,0.42277032522757274
61781,0.4696675337395986
22565,0.4352046515205505
7300,0.055776340572948
24634,0.7339014768094231
79365,0.17996265204312112
16978,0.27446606901993664
29800,0.6459711750625495
41469,0.24419883503449402
77934,0.9541790046942302
69715,0.7995637781662408
2744,0.25816352765696027
18563,0.2602288614785567
96077,0.6039666288831625
23587,0.28594751874914204
10769,0.06980198851024517
75143,0.8461129484269331
38952,0.7808942151641018
92487,0.09180944248779599
92852,0.8881925920980457
33741,0.24075021581281647
33902,0.9849598490153256
8387,0.6223378541658788
47210,0.4252332981008178
46410,0.4330373593466592
100548,0.2974908133490494
840,0.12229602219841623
16871,0.8164192521350497
69437,0.930120067999642
80467,0.11407240047308127
39798,0.6962365093803935
1323,0.2699629668958152
106370,0.7473766356886312
41262,0.8916648982197335
12529,0.1518919592264515
44727,0.7783383412940477
52761,0.8024823029592878
25451,0.649384162460189
73342,0.10703750660567518
51204,0.29593629106411456
50219,0.9480258710184606
19132,0.09224131193030538
49538,0.26692913674472885
53730,0.5259807467122513
83910,0.6473190046438424
29115,0.9852970365916554
41208,0.1658652245478397
45546,0.7049509322775184
24811,0.4399543233395009
45037,0.2352618433605521
75843,0.5094893039171307
25941,0.20817719058084944
94261,0.9157303963427099
19173,0.5427297395769256
48509,0.8113093461886629
93072,0.1693088855391842
58237,0.2923505334521832
74013,0.7824278906768185
75227,0.3844103590038841
74340,0.17354423751058562
52427,0.6800605899566746
76151,0.33775309144294663
47316,0.13228867583614495
55460,0.549849387024494
97175,0.6431249748798056
38989,0.9819805546737688
10205,0.246749326067636
82051,0.29363979627247533
35157,0.03670770899691879
3684,0.24924972379159463
62742,0.057391466634900405
74496,0.05020935198926549
75673,0.938488398825313
15522,0.9583111577911695
13945,0.3962684024596464
1132,0.23440966493103138
35054,0.8171914976692842
21891,0.354873860022294
28508,0.8250046777781743
99815,0.7115348154684573
22532,0.12441875635381218
58976,0.26751288818723373
16774,0.4947708944496757
98786,0.7447156472259837
46517,0.18773103183800782
17633,0.252492852976962
11745,0.02496051870950177
84784,0.6556189629395018
71139,0.10922593192175034
104770,0.9822499831507365
89719,0.7413428963109407
5742,0.5875815493425979
37390,0.6465793260188143
45416,0.26795468934184263
30994,0.7252358862555888
104066,0.5652068324613463
13560,0.9629564270097721
94239,0.8500291945268038
39032,0.5733069715304265
95684,0.6657190351629383
64663,0.31493723405555124
42612,0.5094586938441659
69293,0.04304055107882672
100463,0.9328725911188953
104864,0.6733368651436904
79177,0.976962755111455
69146,0.4177426102992754
51569,0.4881130443769832
35303,0.9835966465069571
38169,0.43550162836025286
26110,0.36836773000364087
66133,0.36195063452928056
3140,0.07904798031173907
29193,0.6065970000522773
66040,0.8933800011729425
67577,0.20243370035259606
75311,0.10268143250790107
8345,0.8860845511494444
90116,0.7802401333300377
46161,0.8763014317185454
84368,0.6278463204010502
78423,0.3882735506431745
56887,0.9729598736338974
10505,0.17345592797522874
83449,0.16847184359982365
75064,0.0868263455282857
45316,0.8557215747758398
81514,0.7573559166902697
17823,0.22437661804537917
45536,0.12513981418919307
81655,0.6895039046877672
6158,0.9321465552495387
3300,0.18607229323899216
81142,0.221818817379552
18928,0.10669613489303251
61741,0.9484951798678902
81049,0.16622167199725768
45626,0.608328045494902
64241,0.29932391698782085
25516,0.7292893168304231
72170,0.16719012142567066
100821,0.7327592070280856
100960,0.9217324733685981
104637,0.8366244986074196
80263,0.8350649702828528
40346,0.20265327225331886
51405,0.4186099459866498
96165,0.22178297965236687
62043,0.2374294242334768
104120,0.46492314569637366
25968,0.8671526370505463
91802,0.8137785261602893
7133,0.36646090320064645
18262,0.3871252705752129
36397,0.12266210678069578
64608,0.12049063510141883
45205,0.3083919166941968
25746,0.9415806110596256
2804,0.8775560341465762
10138,0.2987229181796038
30962,0.3747652833085814
71016,0.5651067753382641
8465,0.4010065466337305
59750,0.5637644337860104
94078,0.7531389659176885
30547,0.30882107226359345
69169,0.6543605551924833
48894,0.264798397723666
64141,0.34606816987661587
33295,0.8510300051918658
55670,0.2701868033426652
13345,0.8463274273622863
99022,0.7998122129934246
55163,0.17740230399096563
71695,0.9787448169281394
37627,0.6740824571620732
36532,0.7293977346099273
38401,0.0647175024813593
65083,0.8205955731257282
98493,0.8425095364270172
23491,0.5400898552779196
47409,0.43485902031821816
73059,0.6373982192202637
38282,0.3358462796713212
78331,0.6305899006143052
41343,0.3260281166439775
19089,0.20545808632929147
50730,0.07997634316996051
29709,0.033207052581890634
17481,0.4523454100636878
80830,0.29284619731361583
5293,0.579773955600223
22072,0.44789069818042015
70083,0.3460878534672014
82737,0.5395848394968061
84345,0.9832418213353504
58697,0.8967816119331592
39276,0.1312642959889822
39945,0.9265005504571926
33739,0.3336244857014771
3954,0.2227557671575416
16658,0.17852121380446162
57750,0.5138913781171979
20077,0.4927144625444114
86803,0.7949940871413221
2956,0.06420113005549662
72623,0.4759000730916899
16102,0.8594591494969024
21732,0.7019033632757373
67154,0.07899957371668734
54507,0.8029896755900114
86594,0.45433754519274305
35692,0.2174364100978393
65734,0.8067103728140297
18208,0.5285876816281667
104960,0.4764136027769934
98614,0.6939074266568163
12300,0.07869985032416363
77125,0.03164592690456909
104456,0.5491851461410322
19143,0.2898562346577936
42960,0.8231022155996603
29258,0.45119753192470946
44894,0.07747099502592669
4672,0.99060473030213
69189,0.6587671965948321
59597,0.07983940301635277
4210,0.6640040210419675
62642,0.32354025322960484
55902,0.9739010832326248
33596,0.02719192629686673
88952,0.7749616501891714
25537,0.47620389212282044
93630,0.9904999999918072
56945,0.14690940325789067
89831,0.5679166599072685
28455,0.586928750955765
101881,0.37402732234474434
99064,0.7910518805812636
2793,0.962904580794981
59290,0.897991219770518
6529,0.4456711686910093
102926,0.6317757241603998
91793,0.45054430039343446
33522,0.8736423791736799
20955,0.6561036928023872
92720,0.6952564899414502
57316,0.2367522661338296
53863,0.970549993807559
4669,0.98665
28736,0.6465750828313639
49200,0.232794626557151
66982,0.11130419700310393
96637,0.3948237292993572
41900,0.714435457133718
81511,0.5459115663265406
88616,0.804702482187968
9190,0.7908094957737792
34235,0.5748348496835888
27646,0.7576188736114471
39697,0.7596254671690224
58532,0.8393979142146913
28966,0.9880999999179871
35518,0.2984551179508779
103877,0.3603288859380768
30623,0.8467022630645332
86938,0.29035589964662467
65653,0.12072569834023258
88180,0.8933960192025262
62795,0.7152690338423285
4105,0.06725760850123283
78024,0.9760345452765187
32038,0.23197548171330537
53792,0.22971270446705458
55852,0.4319858498519016
57315,0.157647826440268
9790,0.9075012733197418
17167,0.8313696579257129
3719,0.6327221938549763
75499,0.1790510172425917
47165,0.6868456300281724
73307,0.05440582794154927
41648,0.9173226454542827
69039,0.21238186162618597
105121,0.6697925180959698
43914,0.1362536162113431
71009,0.23865843888662908
95183,0.8745870861211432
30480,0.24418107335237937
53988,0.5107418453572846
79258,0.3757685375095894
90968,0.4726284188172076
42384,0.8616668028080751
83707,0.6284642809391052
4101,0.2641295009330428
56912,0.9946482327343915
60741,0.1835512613799981
25120,0.3449930023680678
10721,0.9967531986634395
56580,0.8171921278928673
101869,0.6662847642886115
445,0.7681782286364411
20685,0.5959493682366384
23309,0.8920690057775709
77783,0.6316042980613826
63074,0.2743683807577936
107081,0.44239280870718556
70761,0.00778400534426319
73498,0.9359263750095594
31250,0.5402149965913093
72200,0.9530337475210344
51071,0.34366937886990157
40842,0.8375403309141722
54965,0.3309198732224661
42180,0.8047877944998553
57221,0.18924735561297643
45115,0.908436628268666
87784,0.4235057736722584
83808,0.04437574053070841
21793,0.44665029604297735
99415,0.10261970058195607
81686,0.3803815483958253
98808,0.9235507013155632
48005,0.15729021109953983
59693,0.09580446610324603
22613,0.2893956878479803
10661,0.7913580126826237
93545,0.8124478195381943
36781,0.01915753452705122
49972,0.623826892197258
100683,0.12746049067127346
79955,0.06792095680186078
83111,0.9782056074699118
14099,0.5338739681005542
85792,0.23618811905568127
27385,0.3503406858346878
33173,0.9791792746057113
75895,0.7353471489689375
84183,0.9759911982808382
37174,0.2647550464983227
89403,0.5172343963798447
57812,0.3106304326076494
3185,0.2777910868442713
39174,0.5476334477847374
69360,0.8766336775494783
22507,0.7907992492573163
81591,0.6074611896737946
102166,0.7836623962786605
34669,0.9711948053321716
82246,0.8688834980151063
5417,0.009143198809883799
45202,0.7884097688904255
42806,0.9423726363841821
8407,0.6382899762071762
78372,0.09572340029413035
96394,0.33091099244399114
5368,0.7031755174400733
34576,0.9777684235013109
4612,0.7758830379998443
89532,0.3630700935931541
86314,0.6399101222082489
95227,0.569064478466027
77002,0.11691056405716256
86850,0.607498870873924
83431,0.8803664685899455
8573,0.06446836631831718
83053,0.8131627260473036
92077,0.4767651120617289
66619,0.783139982075554
2864,0.8862702180288733
93017,0.513931313940208
83756,0.1431633924705393
6958,0.7176460015878823
106099,0.48085115376325005
92752,0.02510733084600889
26016,0.8002832396303761
9794,0.7841426465164689
55053,0.4886444904431202
32697,0.9407422046234628
23931,0.553999572433354
40261,0.8118526637312732
87744,0.1666193891362283
34747,0.9157360718900072
91828,0.26182967570173765
60789,0.313874366573473
38808,0.00332907621820374
18662,0.9921578186667735
6236,0.28505561190596107
19728,0.9255663758225483
91822,0.2941675503473543
81110,0.986572630659009
47527,0.30095702573899047
90318,0.18987191269874545
44876,0.12882216158590573
71809,0.5185730885440254
13625,0.01138037943479863
43644,0.333669252249381
83971,0.8348829676273308
82581,0.8157271915486235
42259,0.12587786641640875
85536,0.5655813205090758
8810,0.9528353293054588
78459,0.8654187515945443
33500,0.5710027904830218
4257,0.7250612397328386
93240,0.23624693264258523
18763,0.5942164171327686
11424,0.24190369673213918
12884,0.6560143750351592
59731,0.8153267460738314
22634,0.23580652549095532
62732,0.5262200201213427
82430,0.3215577587024817
97227,0.44360558973892056
5764,0.32885494383257746
50370,0.50592255855907
89427,0.06915595262877644
8497,0.2581392947175553
26922,0.826592782671101
40011,0.17924691774066498
22981,0.13617923894607958
10271,0.4016760968285157
37880,0.9526772659998395
83457,0.6993377485725282
29979,0.38692223504962964
22629,0.8809236644588416
90503,0.1991063991391186
15109,0.7186046716283986
86748,0.12401766433778336
17755,0.7278413122382353
93089,0.11800212542509651
4336,0.5572870394258644
54923,0.4909179648832284
20668,0.04067795716345701
102335,0.9390166182457074
79895,0.09809450296804938
88203,0.0922961546496471
57553,0.3552643764671346
61759,0.018115784892200698
40449,0.4856162661819133
37942,0.8296169428160033
52407,0.5294669378262603
97596,0.25262696896577
15372,0.089318796499984
71980,0.6232495352021272
8007,0.8963029265642573
5142,0.8056308926131395
76923,0.4838129125609526
32475,0.05562952628777207
29178,0.8621307562092398
43300,0.9326878466167848
105217,0.9556230597278497
90316,0.2537351725396449
48026,0.9614242809106743
27332,0.6336072751976805
105230,0.7369555755561752
97829,0.2387796830810032
99198,0.04621592144453105
53937,0.3754146568972772
44244,0.9991478227037212
95415,0.838983353755324
83331,0.0826422078293554
83346,0.6879835180459535
82768,0.17321309603178714
34756,0.7327668328145092
26171,0.3796953182282874
50245,0.7847510334521488
42457,0.5033470331650504
50373,0.13661240376590486
28575,0.6618758902266181
91319,0.9038231825573332
68711,0.8160302396507433
25464,0.8077974391848377
101221,0.76132144633636
12830,0.9206250888300183
88138,0.11201364040006356
72978,0.9514196922950147
103836,0.04158716835793495
66988,0.5145880183377884
85081,0.14255982788676536
73508,0.05738323827400169
91178,0.7578906562497305
9724,0.32123005400425453
38974,0.4388746693839652
3592,0.5122494679235827
61440,0.23694392130853664
86583,0.3984698412286904
106458,0.423826049180862
13015,0.340623926612338
21510,0.07038191007567732
48484,0.8583408566864374
104183,0.32034126566282356
71906,0.7863932650894985
59569,0.12029819168731251
60361,0.6507650445187896
2057,0.10514287825383897
17177,0.990197255074555
62283,0.6955640278658818
52036,0.8023832662713969
7523,0.14034768982057472
33337,0.9174669229188206
107091,0.9799497294058197
63922,0.584873702257793
54527,0.3093817738314465
52444,0.7396814209325144
20137,0.4460131653583931
38681,0.8169897354048924
97847,0.5587564710507362
84840,0.419662891725486
55970,0.32391765852023197
41342,0.8121531360667162
59140,0.949714139344326
66421,0.33743933731715403
8148,0.45803559213561973
104694,0.4003112515192031
40263,0.0756649742997473
31403,0.8769372176177037
58366,0.8891014294080511
13510,0.6028552276672332
10521,0.37399880909472394
62092,0.9342725583444526
4466,0.6235065785297926
55710,0.3946756903375393
62393,0.8176326205637898
29986,0.639487721733603
41376,0.49028353176486694
49512,0.7404654126920316
74880,0.9949883042734977
100373,0.9665957418153599
88792,0.1098998205077315
102491,0.5685473128297528
42734,0.30947937060394876
51057,0.07198393213152589
83560,0.9953998941961222
48485,0.38567217583566277
52786,0.7032159093293485
20893,0.6302949337960077
30127,0.9862499999661689
107087,0.9769490503974936
76504,0.19447023582209805
41143,0.05923573885529663
6901,0.6898183147319035
22673,0.26575974579277173
60889,0.09585198279912388
105169,0.9712158915880111
95140,0.07341567169762224
63297,0.6303705125094239
106392,0.09112489498107046
88395,0.7246752500404814
102557,0.0729291744919228
23934,0.8209994158005383
82077,0.8290678450811485
11249,0.9797971007593715
49965,0.8116012854444203
73811,0.16659130352395823
48603,0.7508160304661737
45876,0.8886005159259808
48268,0.3401695638337531
79541,0.7204354733494917
58721,0.019964262808039382
16201,0.18190336411165475
97864,0.10993750294828337
89613,0.8577846023143663
42372,0.4473646555252
38734,0.8075544775524037
37127,0.9514481701169386
54144,0.31187138013583365
91637,0.9118203809481499
47504,0.7361601592994812
21559,0.30363036788119774
10931,0.6211243125828068
93217,0.8578505169958753
21914,0.48045689115882434
10161,0.7956626669141464
103111,0.08791447875536357
79662,0.9954385949534091
105156,0.3685704617426623
85806,0.3629528934952252
44614,0.8407753945135095
41219,0.31308830167669693
71606,0.2094213133086978
95894,0.821577795444794
80629,0.5591638559238489
23741,0.0548795531353522
87653,0.8018456588869257
51403,0.5360160120725116
87417,0.8782546613637275
100308,0.8061124458185376
35312,0.9108890347788683
25292,0.6452151744501703
74924,0.5934753776387902
32872,0.7762145670194599
30911,0.5863293515424045
101341,0.12095664104227227
104179,0.3642312183169687
63203,0.07118026234370502
50326,0.682820312118152
105499,0.9533378026867256
10766,0.7096678216927266
1285,0.8861077047106449
51132,0.47161250569633745
6558,0.29349215154611424
37407,0.4136840656497874
37418,0.6613843173625528
27612,0.46174321629091164
54642,0.2636609254154477
66683,0.30120239259340276
11716,0.02761375239459496
55668,0.061729351975375366
105308,0.8411012372697187
17721,0.9632922282455573
15348,0.37565773484454007
84198,0.44962295330845203
87057,0.8029737342789771
43591,0.31422569707825576
82058,0.696445881326248
103957,0.6826559539891216
71609,0.1717389683087085
71336,0.18980431524452918
3950,0.5532997494991785
95071,0.08156186464369183
7367,0.7077363744388181
67381,0.14994749805582577
94939,0.4279066492678058
27144,0.10136850013644329
65879,0.2923520141760729
28707,0.9990149987540218
103783,0.1645960755862361
1633,0.3582996908463914
3921,0.9956364429440474
59606,0.17663610878900882
56268,0.9704869591968127
52884,0.8201287962822298
534,0.7282948787066679
32921,0.18122812109767178
75744,0.5306031263422122
53067,0.6823631462593257
61464,0.9987560690508186
34755,0.2515208327479652
9339,0.7260603701404755
78018,0.16482333368628477
46704,0.5944159598837495
47227,0.7844542040508651
49061,0.7589562707214683
34870,0.4134990734871829
8242,0.9031025427049402
93720,0.5420040967769715
100551,0.2614801232616185
9180,0.46588851763850314
76741,0.043160938297688176
4263,0.7800757448836634
24905,0.12465631213396772
5098,0.5931127926871774
66297,0.2578918284442227
40786,0.6898571957919316
84270,0.6838232575623534
47703,0.6929501036990077
98906,0.578048449781936
51148,0.019923593040363157
81097,0.9953646432728496
7699,0.28814390309784127
25472,0.7058178356242426
25664,0.22251363272593133
64195,0.2100704418779664
78344,0.866473141815328
97718,0.5635457975489773
37288,0.10271687357783454
3645,0.44987462375899345
48948,0.49955744907097027
72958,0.9545573844294504
16042,0.9947499605107858
71646,0.1622926141683141
85711,0.5511560763833463
100769,0.10251493460085594
65382,0.4064358169349922
73602,0.9827835385467277
4202,0.2609027268440248
22149,0.9714414182468017
40010,0.887609717119918
27650,0.8773774823496174
100452,0.7991463217545265
80137,0.3388168420339809
28510,0.13420156850899678
7165,0.32191532691463354
101807,0.3606583635867275
39464,0.10825644305395853
75805,0.18944684326429984
91920,0.2935538058234314
39745,0.7667390301287327
82288,0.525327829461476
102738,0.539987564672487
45685,0.38936244697423444
41576,0.8487423569351542
62792,0.25872641043610484
55996,0.9602089948050926
47448,0.7741395743630538
75224,0.051956469198670106
9998,0.636356782253926
66460,0.11363873664956159
11277,0.02697017325073192
106840,0.5546098023852204
13405,0.2680630761051517
56969,0.32801704934154596
9838,0.38604006891840337
35955,0.6389070342234411
25532,0.2675183627605869
21441,0.8099785924327976
9503,0.9333588682231064
8880,0.6276931432171431
16314,0.9136852031378282
59726,0.4585606138793889
86100,0.3385755931106405
82970,0.44876979511278003
39111,0.03948851342762972
87080,0.6542635119674107
76817,0.7335152770984996
43078,0.296012642299208
67620,0.27860521126677
24319,0.16722735562314664
79643,0.12193358424794198
73709,0.367092806310427
95459,0.9613492499680911
96430,0.5096275706187383
16801,0.856779008955791
46047,0.9746896719961308
55978,0.05021237325119645
27843,0.7753110186794562
34122,0.05559864177433663
43576,0.6155215112636517
83429,0.27013600988411185
1778,0.25553181799760677
67745,0.9154036514322664
21855,0.382026260185971
61740,0.6996540654924284
103793,0.6647008544958203
15920,0.25966330296704193
67490,0.1668638131291913
15756,0.9498098875428616
916,0.04974002477785286
69333,0.852462358228798
157,0.3302180664439349
56053,0.18840161858402452
96323,0.1303100747246105
35005,0.40239473862360275
12926,0.48603358279695863
42523,0.6217690735547234
78491,0.36989321359799743
36954,0.6867269757480319
20095,0.37898740272057574
27457,0.9808316254320697
37067,0.1528535510189693
98125,0.7953811605559507
98454,0.7876888241763436
1655,0.05558176834873952
53739,0.350540826564461
37825,0.9136228040808512
77336,0.7823257187689104
84582,0.4681094206588401
67061,0.1030765265217293
3584,0.1921164610201728
90723,0.6707464864880666
65421,0.7695666906038934
84127,0.23757098100440416
75622,0.2956058262167769
42404,0.564603019889287
79522,0.7410220551272542
72976,0.8901204136413818
14077,0.6371973633611863
93324,0.2593104800555148
62303,0.6782604311381035
74728,0.2528109522714311
73053,0.6986552478870999
18672,0.7375988628480685
107162,0.6682814718665511
68611,0.4763623594601243
97984,0.5237746037023895
64440,0.725563358364688
106360,0.8578611240832332
12252,0.5734906485014108
68088,0.4311729501369129
59223,0.7379387660779367
7341,0.22483816674549506
52311,0.8669892330931068
92580,0.03390522607746332
15850,0.4367019635810482
47112,0.5908413690248673
17840,0.622541241086888
63433,0.41604196335573057
30976,0.3390137055956337
59214,0.5613941069609031
11767,0.13130225680810492
2569,0.6504393430797624
34246,0.06229660019692447
68725,0.691038063365112
38118,0.9387347721406363
28619,0.6806311509253756
28721,0.49672910238536594
56811,0.2646256568778118
32609,0.5357612589469382
98733,0.8175276190065214
60450,0.9705889850566329
42416,0.5284724847073516
63694,0.01719629456142737
70553,0.13099411168031952
22850,0.8638801434426406
48756,0.4314292076993737
57246,0.06873423635712989
104854,0.35087327008801583
100932,0.9697188997852234
1125,0.23039658096304177
39762,0.6292454014977904
52919,0.7131536259646802
29817,0.5210071291157253
101696,0.7895169613507408
5808,0.16866119757489612
67597,0.5182516592791082
104055,0.9849494345575753
46600,0.2875809147007533
97440,0.367777338498221
58768,0.6273015566168938
35074,0.20784915225238254
99450,0.5623722729199253
68486,0.2766059532410375
33665,0.4370152683889156
52918,0.9585136955511664
90284,0.14866949970610244
101159,0.1691678712432036
135,0.9754275434462176
38045,0.6256904237723061
56648,0.06007031119762937
36159,0.07633252360271627
64225,0.1878505283617546
92833,0.09634468429481495
4591,0.9017771612985257
33095,0.7425133069009549
83857,0.6734397414541075
103262,0.6949162458550431
96494,0.8377594264570982
28081,0.5357010684136385
56014,0.3939342296013895
68780,0.5547546300702197
61532,0.8860518187416222
72605,0.11215345913302613
69316,0.9510847680837899
93904,0.8352401483298255
2934,0.8768970318348381
1878,0.7057037060221352
85705,0.4576927564581803
91577,0.6446175054931755
7250,0.774124418960499
48804,0.7063344281837645
95013,0.9874979784648867
50457,0.2230618861620565
46414,0.7571183992398245
3284,0.9681962602739518
71376,0.66722317896481
44493,0.048144502724155755
81588,0.02752064469020631
8994,0.529949560857069
17124,0.7457461718418685
55422,0.3606621473641366
11562,0.7595638107527837
12086,0.8807193722595519
80526,0.20857638500083214
40115,0.5077635885165038
102586,0.6044516673953862
53343,0.09454658468736343
70382,0.011114534913017159
22615,0.6836159851200764
42924,0.46438814842157927
86601,0.15301046231945764
40393,0.985299999973847
102281,0.8348913492999632
44481,0.02535353384373225
101276,0.9640692268367935
23296,0.9631292864936789
17649,0.25134583590752985
67509,0.9571297960409293
32363,0.15601918561954337
89440,0.9912836022306968
91099,0.9467956773035238
80637,0.05797243410758493
85526,0.9915952317614269
82456,0.2909670158183709
84242,0.2942020693236119
16361,0.26443229681167013
102119,0.7344158491830369
68479,0.9419318435751038
67209,0.9992485885514091
18542,0.4040957977802714
92854,0.880494529825374
93243,0.28935114031460474
91451,0.28261617117999954
5295,0.06222784976573002
60797,0.5105726612731141
38001,0.9753842552614471
94119,0.5005005886286373
57684,0.9054968177812885
73427,0.8232937573486074
65312,0.4517409851334867
79589,0.28648268453909564
56257,0.3362273121782396
103145,0.11453087439020462
56980,0.13543581077656683
15829,0.6409364670069915
6905,0.03601017519258979
57594,0.3579775583879775
63118,0.5686512130998216
10383,0.886986237690111
50890,0.23223421774460418
73451,0.9818997144307116
75946,0.971589092099954
15132,0.631559054682819
10636,0.8658833199016425
70920,0.9841872890682347
29213,0.30627750692311173
92386,0.23196887347317435
76339,0.2425797889619789
76246,0.3717860398822612
99785,0.05860709248858373
89465,0.9687822101869799
55918,0.9006847792899071
45899,0.1794521651962107
39400,0.41191880439830414
17310,0.8687766808576753
31284,0.9340022826319043
55262,0.23079037652383388
40292,0.23691170957877947
10063,0.04630480184098354
96989,0.33973175742367273
69908,0.029906802955760536
27525,0.6498174252643663
23382,0.47857209407478246
22213,0.15942468414174701
75722,0.3935765692556754
100231,0.4430889248915518
43606,0.38227039733725965
697,0.662289038484399
18823,0.9435178226413252
94353,0.5936083582989897
14417,0.4336388485570401
87023,0.7531493042447968
20149,0.19293252317684648
42557,0.6222041834580437
68970,0.9297102691516321
63926,0.7880907881828757
88152,0.04422601694108837
12998,0.1400379159728827
57911,0.883524159594643
94631,0.9857246447397865
14833,0.5871881370819683
69160,0.33937477948352424
26277,0.4828837272720768
10398,0.6735297415732001
106582,0.9038682707706495
51161,0.7367165436492535
11660,0.06534572273362022
84105,0.6255904294132509
44266,0.7689768166910039
20714,0.37537608518131377
40284,0.625552909434336
29765,0.5380191191047634
21739,0.4613343314804956
57896,0.6202898137705608
98889,0.926290318293089
21034,0.09472294293403455
93075,0.02606074357449851
39388,0.4378333715584125
34445,0.19931211631350812
89148,0.10112654356738254
100822,0.9847204013158855
87616,0.9473400090588685
43267,0.45142652308732645
77726,0.6595305984542934
74819,0.4728884452259391
34091,0.09808391119569318
36160,0.9879517964648401
16567,0.6788668230360506
36427,0.9501848807096942
89343,0.8866627684397714
5236,0.6273333186131974
19656,0.6677427877132565
17120,0.16406026343701763
78119,0.9192812884566175
67326,0.2668383359902414
56988,0.00902795456998263
42774,0.24772380296910224
4252,0.3869617506687618
45036,0.4501434746950741
93503,0.30668120710422875
36503,0.9574211546521203
6668,0.790889407102026
56927,0.5299142389351564
91031,0.03244175933234018
38040,0.11049373594848813
8788,0.37275098839345383
44341,0.94009845096491
30446,0.5292260297926298
22399,0.49213650348517424
19626,0.5919531447519004
57714,0.6902932415240799
106679,0.5757275710411366
101317,0.40730322447598405
11638,0.3503973839688288
80259,0.1833467291876792
43094,0.8454540666425466
97482,0.7443893540179836
97261,0.9705614287147898
56527,0.5854854620101589
66716,0.049624286729188796
75174,0.5974480295965172
80517,0.07546979754351871
96147,0.8972554525126729
73544,0.11881496156086112
101381,0.9053544048258308
5786,0.02958769145533105
11843,0.441409625274219
13605,0.7940111301268524
15923,0.6992033620911405
78457,0.07664190311931031
89640,0.40410638197616855
61076,0.2866663374715751
65399,0.6711161332191022
21070,0.2366094764298065
13288,0.6404213738263043
92767,0.32552264752687665
88463,0.17421356248789954
5771,0.27167471009390387
52482,0.19876732378113504
52211,0.028147933830682266
35699,0.29100388590921783
82819,0.6983158174405824
58323,0.7259521166730271
79455,0.5902615002235299
101021,0.08752594388692558
101900,0.23660650305948622
100855,0.13559709028791714
48913,0.18172363881668485
8422,0.25829596646979336
21591,0.43769831062836567
68410,0.8437422069966001
82562,0.5073897776827847
20162,0.9255363933617414
35733,0.9862302110258543
83896,0.18673998401899922
79445,0.7553479288629563
87804,0.06136499231492431
17189,0.02032893005779554
23028,0.16291637072676995
14654,0.45867018962848105
43912,0.8299535730228305
105665,0.2736991168823574
81324,0.7722241860411518
37554,0.16595053478962363
65714,0.04075172007625737
80642,0.6106424022687627
24924,0.9869496204456376
104113,0.49518394066056093
97902,0.5132536905858519
32324,0.03919741142704798
46628,0.2998192155321026
22477,0.04046138118485642
26253,0.08724977186004329
59764,0.014904351311494188
74929,0.6346960642187011
62838,0.7761745766994104
41245,0.8642926252191494
106914,0.10669155485229997
38662,0.9423952341501862
83189,0.19395142678179977
77736,0.2915240935971811
60421,0.8843890435312936
12258,0.56847416581605
47169,0.9149239952249268
56070,0.03370846964027564
99194,0.4809023496715925
104296,0.19671005156891858
90967,0.7861411414909103
50117,0.5684066893710386
4203,0.27631094081323737
44757,0.7717508461551899
78023,0.9534714550767065
100320,0.07628677055641889
40426,0.3661986725882716
40344,0.6879180174061139
20063,0.4106616464013554
94130,0.6802292322846326
34724,0.1540373034967736
100774,0.08910282180579747
2965,0.4582082872029796
71324,0.8098726603321177
46590,0.2884763124885761
17034,0.4211234889212335
14757,0.16730757374867508
72404,0.5575055503194175
26576,0.6762178198751025
17312,0.06409960135367286
95378,0.7144957505025087
77843,0.6945455279139909
88236,0.07199716766994127
15364,0.3156391385621268
104748,0.8182558736893719
20900,0.13916634845226805
93581,0.9036408116823083
71,0.9551514858672565
80931,0.6080424403660116
40609,0.868309932640655
93206,0.17842010715391032
94585,0.5997196927829713
41345,0.8118919499526984
93711,0.8958592389052091
3892,0.23746894858817527
29616,0.9805498080806253
39536,0.24320429739859104
9635,0.6130186605785041
26716,0.2770715292265642
96815,0.4414457286871572
37465,0.09975085636300877
64776,0.461294013877373
55191,0.6201124279948086
49384,0.6455915506177352
98150,0.8100533177844145
5983,0.9542311200317749
55979,0.08975520235448858
54609,0.21003825094143339
32907,0.5477780919460717
90159,0.9277606676024486
81811,0.2590359786617632
7903,0.1253413448791698
82655,0.3224560236391966
28323,0.8063539277992333
100157,0.3542689738468138
14820,0.2911181688660315
68270,0.6219241082427196
29311,0.49386953815485735
24196,0.3879172738532992
38767,0.9749999900705835
5309,0.16304757833652256
24604,0.821291520296489
15359,0.6760965019310053
25016,0.24364276530658235
34009,0.7369335385912921
59027,0.8628147141129032
31696,0.7689706852613236
69253,0.850414506586965
74784,0.01294480546278096
77584,0.6858247017639745
16787,0.06439739740754125
42800,0.03169851439413385
86632,0.4755032636083679
3360,0.11259354421324472
74757,0.4175912080318434
105540,0.5671574379697556
59718,0.4375666647932393
1718,0.8358435870781448
31278,0.997312170541404
21179,0.47812855232753926
90986,0.794698038289063
47055,0.358276643240078
100970,0.8029812709491742
88689,0.375997633811229
25021,0.5869104822404982
42462,0.6114177418737526
47329,0.6455259313515234
5460,0.9452028101727952
21478,0.5530740849850629
21844,0.742279014893104
77282,0.3279706971804314
66671,0.9959482104112601
56501,0.9538726103997631
60408,0.6444659738427535
37442,0.7415286783339882
65504,0.6250325530780741
94680,0.44269831904307555
25638,0.7813288834857017
26857,0.23292413734293904
30161,0.6135517080346287
19249,0.654196911379728
19272,0.9153950468590745
101223,0.43950535353371134
25996,0.024639843966123908
74216,0.4328573904458227
7180,0.4634796947672259
68770,0.7552386224958042
6169,0.9956596932899692
78728,0.14218027041701223
8912,0.27693361868817934
44692,0.5531800013135366
5796,0.11344221677377223
96444,0.5560188175087074
22025,0.16006679975205756
67542,0.9849264076899524
39829,0.8925445463164863
63480,0.2836851395313329
24746,0.6428982186814323
8869,0.9977856646718999
28270,0.6310047603483783
17620,0.37771648014656267
63764,0.2557968548680839
63645,0.06772746582488315
94642,0.7106249522068107
76334,0.13818097768617962
75870,0.0771146125433716
34423,0.27754979854540607
39206,0.7180601181183967
52695,0.5267733392314334
44667,0.6964357824147134
93087,0.6783795293454159
82078,0.2570171789723571
38856,0.531002690902379
44589,0.8590650915541749
54968,0.29334624332605513
53493,0.07509465371363483
94457,0.29883028741991746
20758,0.8060683056721519
76530,0.23472059179150226
97913,0.7071363905546524
107013,0.09193648512984523
82356,0.24614635025553327
21399,0.9335299516737787
58494,0.5002741918011735
37976,0.17993592335059452
61479,0.5435885528497034
2431,0.825576666806038
62209,0.6228703400390825
15426,0.2038059803284853
94139,0.589734188883284
13017,0.9810495088998132
82215,0.9848989743902861
56462,0.02689052968923317
33241,0.29722519532683606
47577,0.29821094248579083
82529,0.684471602202504
51906,0.6163645821614727
90797,0.5217349307088966
98464,0.7276496782487141
38836,0.9989499991253242
82556,0.029012369499862137
54209,0.9798120765897773
71204,0.924453470059696
89986,0.9933192195054957
9441,0.0025261290548331296
2382,0.5625811693533329
97624,0.8453459966094815
64522,0.04404399604360044
62720,0.40577263680679215
63260,0.8749095732373591
46366,0.4556986348137637
20018,0.8829981457525251
95759,0.9013274256264883
41475,0.8833117081981563
22357,0.9436789163088455
27428,0.5997835120737449
27990,0.1365242864135024
54772,0.9550407418627755
24712,0.3874319394058159
7205,0.322244444256832
12194,0.707636167046549
100588,0.3495915272508898
66999,0.9416575248271462
47513,0.32626206686061654
103881,0.23321808001667832
92995,0.9221080196272333
63769,0.9802332200902226
36527,0.08752524072694816
93808,0.29473772702393447
13250,0.9631970423172396
74570,0.4345908538000939
76458,0.9202614229827295
79467,0.3681823911576931
60931,0.904820530188265
28392,0.5408519994349491
2066,0.46696725962099844
82596,0.7265119995670898
92902,0.7543607172524627
79623,0.7687026572386085
76197,0.659949957038737
62060,0.4431228845486569
19675,0.7081308419384115
85056,0.9678261677253468
76790,0.6796962914830801
89036,0.7030109612040056
105060,0.7704459343980896
87598,0.5359279277413309
8811,0.37853317945861875
65186,0.8861344578312167
96504,0.14563238878743795
51370,0.6064769734293131
20954,0.2774005444098586
14384,0.6367606233759797
75075,0.9892330403298688
105486,0.6569246028319149
58219,0.49612111076457976
90856,0.8732885410542945
38246,0.4147824921058185
13794,0.17203569431335874
45460,0.28567050892600093
38350,0.954499986282405
51286,0.4226272976961951
69129,0.07390827372760853
62307,0.9000068172740755
25937,0.7918099501827907
96685,0.41087530234736214
88296,0.3502990921417625
23100,0.7085289294055652
63373,0.8763162479657819
30548,0.2901308054038949
57481,0.8043402681660216
75015,0.709208538654462
28009,0.22103962968361324
65271,0.5837842031506311
30923,0.6577745546940266
38234,0.16423744252812816
98658,0.2900910304700295
36138,0.37056682835118415
71234,0.6296475476451154
36834,0.33807286869127334
18327,0.1329003909474647
73897,0.6813435904923137
98523,0.7854817996641306
44093,0.4817727426646772
78230,0.3729937786852206
29537,0.8946449949375801
96994,0.4476022953251906
61463,0.157175687430585
47503,0.8289348039012037
84628,0.03240210123982238
33697,0.2619566805616097
7664,0.9572313172233105
102577,0.8117681743147283
57598,0.6199972950271697
101337,0.3465773251359863
44242,0.8842372867549262
40509,0.9226170447504451
106230,0.6319976122407324
94979,0.7331949691993671
39277,0.8733108020973763
1103,0.18848822167463058
52694,0.07639642392379782
98301,0.7231640277924674
45047,0.40183248612088385
92421,0.3772915916451649
63527,0.993849999999985
99354,0.7584845697078848
24653,0.035429035170631555
3650,0.912600282294127
92368,0.8672890945578893
31691,0.0435862205113309
99264,0.9352991693163193
70625,0.8828099609135591
59442,0.21719084013213869
36904,0.9890867823711244
76594,0.31768268225426416
51094,0.2472930412038212
54796,0.3573353684402028
16359,0.9045810161114615
43475,0.6676792839017427
14904,0.7470394613404326
18225,0.48047833591420247
21746,0.9893683170251435
91365,0.27615691021811917
49509,0.8592852553175456
6862,0.9163131065544283
32973,0.6268714936519689
31736,0.49623794983239267
70198,0.41128016817789415
96185,0.05408728094755648
68163,0.7582782759507385
62480,0.7896597636771359
9796,0.7890087008417253
58856,0.6865023906067245
98594,0.6657098123784355
48215,0.8965077445360972
41876,0.7945496706144639
55372,0.578210235600466
53819,0.3663567136281445
40964,0.2580632248623695
39785,0.9168205230318589
84252,0.47067035379561817
24881,0.4572098003953111
59551,0.8250262321970813
94934,0.9859097717390966
73316,0.2829575589930445
38688,0.5648509287881047
84428,0.9841326900253489
24959,0.06369198785297714
52262,0.1882930493656854
7973,0.9380784654724847
4535,0.7983350206236051
57248,0.6115512710161838
51268,0.3881672247094696
35606,0.22786300861125344
24109,0.7195331532644723
38380,0.13295163093834675
21466,0.9101024617241464
46404,0.11633090978694222
7629,0.2907926608555066
104026,0.957129139053456
98556,0.31775032852102636
13492,0.11632088488720418
70499,0.9776825275117224
19664,0.8395363467223858
17732,0.5749228279297135
57639,0.5055787246193448
23925,0.9173826729580766
67036,0.15094374119543635
63907,0.3469089384399579
47528,0.7251840636361617
56591,0.5346757527554581
90598,0.12085702696593101
23272,0.0622828709731415
105984,0.9542303384203283
39878,0.3801237539254223
90430,0.3432835101472975
25496,0.0904626497036244
54257,0.022029400090915578
73962,0.9675002881115484
55229,0.9342209263062959
92703,0.9697533760443577
88087,0.38367490389326625
66877,0.23144478575134725
40634,0.6192810670320245
44284,0.6704972504865593
60860,0.32227548788532423
51419,0.958692283153258
7202,0.529804995111763
31373,0.9565704310516143
19159,0.5025625769028764
56830,0.3768580216184323
4651,0.9900584425098867
32591,0.2325977724392223
66858,0.6563621173719203
104887,0.3316691715947613
21724,0.7589369678983416
2300,0.29050623089309485
87101,0.5573749429585442
63342,0.9296133385297296
60131,0.08357123115786448
41712,0.9204372778100176
67422,0.28502167781823495
41436,0.26172207511716383
96764,0.19709361176027618
22425,0.05829726907181923
14074,0.5982449495573108
40157,0.8655466006264297
79972,0.5143646201126117
73049,0.36034506819318074
21087,0.8463463522182381
15123,0.9896818076093021
62453,0.9737334651822016
11463,0.7527255753938296
20470,0.27853465998019333
14846,0.995152758708181
84401,0.1715271945110731
55485,0.09190761208057766
58853,0.34753302891276183
76432,0.27507553333625046
11042,0.33042465345723526
21945,0.5536383965396359
66300,0.9712402035211162
99439,0.4658845781986739
103587,0.6754536832496116
25155,0.6222773574077456
55318,0.7019149852520089
552,0.15827827055498433
13676,0.9126288896808112
8550,0.634160825758006
69830,0.9861208214676349
17051,0.2943711235905086
67049,0.6798214953891257
17302,0.8695432401015049
60304,0.8975741257036804
37252,0.20107150377346106
68955,0.6661907324462226
22759,0.16609088974035088
101744,0.6855867379768724
88006,0.11590049075038261
84681,0.8262832141176447
40573,0.9410194111331867
38144,0.5146993948974681
99086,0.9728142609957142
62729,0.9943857347450886
43599,0.15515823174303806
43628,0.1337446853137375
4299,0.47629431605115313
57146,0.7545430028780142
104464,0.08355062945329492
17001,0.5555351471568252
50131,0.6118194636662921
20091,0.34915292188001157
40732,0.6482437949570105
52880,0.324589470539146
60414,0.6251662054325215
104612,0.06908902357607416
46476,0.02545892854901898
100335,0.4400982652460671
66799,0.10110952193335132
56503,0.8847328654591944
31616,0.7201653868900899
10889,0.9264146221620952
88749,0.2936031732854295
8157,0.887634369224189
51234,0.2575332150660433
452,0.21761368906671347
102601,0.48395380317418757
58299,0.5599881457687199
71493,0.327940412115678
28453,0.6215720317770399
86185,0.88763221520993
77641,0.30312683552599695
83232,0.7832904752077042
6003,0.5128015643706499
30076,0.5673278747273941
100000,0.8598912365393775
65002,0.5183398806686849
105207,0.047835744812472464
36824,0.587228066659317
1634,0.8065120231490902
105978,0.0886587098336961
60831,0.8283404345175529
31530,0.9043059476570674
8745,0.9792449951190025
52151,0.27328433162987137
23481,0.780416744624395
100706,0.12750372057298545
31785,0.435327833373539
73638,0.7043394529380885
30514,0.4074470902862223
95942,0.8806655478979561
101397,0.12917239043395023
29352,0.7210370384121707
78898,0.5260577925065173
72271,0.7215540535429814
21124,0.9588587677760259
73922,0.5160540040072576
17687,0.4799353421037158
20103,0.5749815413514978
42805,0.30416559597772663
70994,0.7309827941907517
35768,0.8248966848785384
94034,0.2037867497648614
22971,0.069612428224826
72373,0.6408925762948795
105008,0.4958324531956023
64388,0.8847431339569342
27709,0.5560367619043175
63655,0.9918970430566838
62981,0.509223729771286
57133,0.5837498428951379
80257,0.9136173906996121
52226,0.9051875943215033
30023,0.6623443426355202
60731,0.9036073398080673
105408,0.7294981524000073
37988,0.17967214759780253
12743,0.9218258230165217
104293,0.7133978590605142
86318,0.9322855048209702
13853,0.8660740146693501
71228,0.6875297064692245
61309,0.6524040435417268
2561,0.8055234502003931
88497,0.8404872116034906
47812,0.598632398574356
49097,0.9657139600172868
56769,0.7812361340794228
1636,0.41702789907689314
43807,0.04989879109633313
71529,0.03626619608252047
17792,0.9757425901997152
29051,0.9463915263267664
16886,0.671377547416868
93546,0.06177212815951515
100085,0.5544863662513435
57120,0.24375865300099614
9226,0.13071882631702725
40121,0.31701223796381345
39123,0.9745485657683579
5065,0.44190130439267394
39749,0.9723247604913314
44240,0.7364341076907672
15753,0.9329385994736903
102695,0.29375514582128837
96922,0.09613641739122344
84376,0.8738056058612669
6971,0.6730136226548442
69532,0.8579922545121985
21552,0.6630471962163191
96626,0.42883759963114515
68507,0.133051795703911
91522,0.7620928871375449
58877,0.31750434936828764
12209,0.9735801744925934
14153,0.9432499713029205
87985,0.901294626855267
12308,0.9248167148592343
80234,0.27893435121785465
89301,0.9632641905505517
31424,0.6729120630652233
75706,0.7481250447861822
17126,0.8050133985462178
48742,0.8708805039934785
91497,0.6920722658589494
68297,0.5548095313643893
95310,0.9992898955074425
26060,0.08962102665295879
70451,0.4645391091221279
798,0.712332516499268
93850,0.018786865275676946
25018,0.13784639831946333
22400,0.9774091455263924
22174,0.47744992849148643
13391,0.6572865181194805
54791,0.9156150092685529
2642,0.02005391816235488
67213,0.9681161292468998
27889,0.07499694645847328
87372,0.9485024931613546
100776,0.7011571916795747
39723,0.22648283743454353
103809,0.33259474802220823
51725,0.8220143862145814
67129,0.5394744961023271
87060,0.6352114348271827
96530,0.45525147234076513
40302,0.9485845461769294
24038,0.377557310629095
34258,0.38023751168532555
106629,0.987128674504099
15543,0.016130423393645302
87383,0.11983286162495596
1015,0.5305909581594395
97485,0.7521530848824252
67644,0.4864169263331589
66203,0.819539380991728
84154,0.9409146865201783
24414,0.0031609270500951698
56141,0.1710079043021688
75383,0.4941827534991572
53768,0.19806816133289923
28929,0.674805212883274
23852,0.06929529626175081
1297,0.29121781813173725
73347,0.16312966003917662
52950,0.22890154023152443
10811,0.08068894344108815
58896,0.9800499999593926
68070,0.7113280320596823
64562,0.030815590439755687
102229,0.37369102757010725
100812,0.6069938811406373
49250,0.8363130458976362
13035,0.7316794318474865
45861,0.492231319517124
43825,0.31798323029301157
79567,0.43064635326801637
21486,0.3474275492600561
3324,0.13923748967183783
107164,0.2754470499185321
26780,0.6830338014694324
77676,0.271066562123712
56804,0.9588622900036274
77658,0.20261853931271662
73143,0.8717126985275081
96275,0.2296751285909739
41414,0.2835443853809514
48807,0.9658948070869363
69427,0.7918233257394538
139,0.5603767600927112
37206,0.5784913895981632
30436,0.9474917756848187
17017,0.053578209063546114
23718,0.1933646062182831
55378,0.4914426780644806
4892,0.007556630093706921
16589,0.12399716622924234
18204,0.10529210797503932
8205,0.2989566660196488
56744,0.5147688579686729
8053,0.08601121071153707
85850,0.18625720400257376
17765,0.8707397477904673
65323,0.8406873672812807
38352,0.9532739226003485
22841,0.6605821469753959
79699,0.9842131863198529
14831,0.2295911896487336
28240,0.3443428021037104
12536,0.9465180683831148
44152,0.4829510428890938
66864,0.3192060725351748
49004,0.8910573881986641
105381,0.9737910313932789
85548,0.8594751728279981
36613,0.9612499969047892
86481,0.66074436652853
10075,0.3188232458335391
54197,0.6782621732306984
70970,0.33142225333328124
55435,0.650300231625148
83324,0.26381448623140313
66816,0.46782411782421063
48267,0.46972983452773887
36636,0.9217528725062877
72138,0.7884979719185756
57278,0.3088837248210793
71659,0.37590852941229436
102210,0.7662954755038112
39170,0.44175788460852683
10423,0.7576361849067238
1630,0.31741738557662547
52409,0.21797719499858015
74633,0.12536795873100567
23859,0.13127442343332013
94716,0.6190949572844968
70644,0.3697342813432162
74105,0.38013734256470944
106755,0.5561473711009708
42476,0.22377586484785486
27598,0.16051457192236634
38586,0.29812992018154505
45556,0.9419358804527256
62264,0.2112423504394504
10318,0.7860430790279371
78770,0.8701196703747378
80509,0.5875517979349489
58271,0.7803960231857654
74134,0.9769785622722686
99903,0.6238091885874648
82988,0.38829512647719167
95205,0.3750815852638775
95741,0.04922736164321678
80661,0.5484684528708685
94682,0.34334712699576353
56607,0.20869132340642033
92900,0.7357544694723688
96137,0.345453279391259
94344,0.7963947303172854
27722,0.8595709862337424
80310,0.9542056446771845
922,0.3481424024245362
25571,0.42306818480964853
58516,0.9985051178387142
106511,0.11470582193364616
52788,0.3266344502904077
105406,0.7090857134378847
88057,0.7997417034550497
29097,0.04799368927551895
34909,0.9840983520506701
75042,0.23300537925607917
11886,0.8256143979384092
89965,0.8655703163974633
48375,0.8393390045731468
96484,0.8683561511880964
70676,0.7462097327700319
83287,0.5723225582731969
102033,0.9986105945394524
1765,0.7015592205110989
96066,0.968765314767857
89316,0.6093026048140046
626,0.7348786332272712
60314,0.658121675387983
85348,0.407368674122897
29251,0.2505093473108228
48886,0.8799163116329969
57687,0.1339859108867839
31118,0.07746494487409919
28689,0.19656932900992552
92961,0.5411595019193316
16310,0.37124653075535535
44436,0.09130111914039424
70378,0.8545883678745407
39568,0.44552850833678853
27441,0.8758368962281399
28939,0.16514638337113424
43110,0.6196650800578005
9082,0.7084817513210163
104837,0.46057496698025135
75890,0.5695367108735063
3688,0.4052648454882453
53825,0.15409177565840443
62324,0.6331924273798711
103507,0.1101013377920221
106541,0.424586105629443
97431,0.3425825392927349
93525,0.9518994085287584
55075,0.7641298252254543
98795,0.4432445241323099
71928,0.7199045560424476
58959,0.624437370704424
68242,0.07477170463130228
94908,0.50685044059481
3244,0.05070244855452368
103068,0.5933099055537387
2925,0.3885489546777352
34196,0.8058633774471049
91161,0.0965036108938427
94596,0.8989601475711538
78960,0.5894715250934595
55380,0.2960502615774983
33881,0.2668959635666023
71565,0.8232214759959429
11832,0.31545179448804794
85390,0.48822133906128873
50684,0.3199902589760545
99934,0.7633781152145516
77377,0.2115662723041819
76935,0.6613695956112267
104175,0.21098912709460158
12528,0.7255465789137757
75265,0.6505699147389303
95712,0.6478225276837073
65433,0.3426400462972959
10431,0.28967286643104706
51297,0.7544595161600879
90393,0.17336862863217223
487,0.09032243722233388
104511,0.1666192576104163
89320,0.9402024851937886
46443,0.41519278733812603
93423,0.49163981992454353
38846,0.6543725440732753
44979,0.5077582265268519
73142,0.6482642186184486
69730,0.462583363863998
6899,0.40597642491386843
78210,0.24236810656126268
69950,0.15887968674043196
45936,0.7600685624977976
105329,0.28781128212825974
106726,0.8954909950894886
69820,0.3756547736989254
87051,0.9006079874049927
7554,0.5365224341385368
88367,0.38240447779007813
36258,0.9471488092178232
24848,0.20989427826167079
25340,0.38853941249236135
76019,0.6484939142794515
49687,0.43145028961652454
103964,0.8153454938646615
24116,0.4314151149510911
89840,0.37536152681975665
55265,0.5639452439434989
21513,0.9198837839840777
14011,0.5914090578778134
74797,0.2039002692010664
106509,0.8645464648122059
31239,0.5347502726384931
77948,0.7586546551773925
31083,0.9954499998013342
71017,0.4410882721135521
58123,0.8879800740529824
86986,0.21126223206893419
90834,0.9396482522932514
28049,0.9048491479938774
23547,0.9797410877937383
101750,0.11060064953137448
79995,0.6441824563577371
69207,0.9687751246593213
30465,0.6182196617237232
60786,0.5829788652831629
84190,0.01372987851095037
14807,0.3192750331347705
90045,0.3915415457161058
38429,0.8520645775447281
14622,0.5255401316484009
44434,0.627937547667696
64333,0.5725731506454469
95306,0.6466638448633979
26137,0.36050135417145285
76680,0.8260044944141198
27861,0.44852966933703975
76113,0.8785603080069722
99383,0.03365396457548697
67210,0.9807512317892939
106836,0.7575390847312102
83887,0.5848769595680883
92123,0.3174216545496036
12806,0.9363910416660528
49958,0.7175139808447056
41165,0.9748496970640119
102918,0.7950722168260353
59475,0.20110676730627752
55272,0.3495172515288469
45885,0.20953557108521076
8720,0.5587123300060672
22847,0.2778619566226764
18951,0.318507584883831
76600,0.0701491273159318
70407,0.5803024125819691
80197,0.5163384407699138
89087,0.20643103310620958
38945,0.2986763176196189
48070,0.5603468327078179
80022,0.9994992079586111
101121,0.7866499909558264
50475,0.8774659008014144
20313,0.796361068243292
103960,0.826444399157003
98087,0.9839881742539573
85487,0.6837079435617373
50001,0.02474291796462035
91222,0.4971095283952323
63071,0.13488349775629557
42397,0.3344505942180892
45032,0.22420449842452062
37891,0.8628152660634703
3642,0.5756388020146112
32947,0.30707675553950614
37430,0.7771563390303607
76430,0.722362475829782
39591,0.064909671827012
66009,0.6176882530522607
45415,0.2644637393537227
70006,0.6463509837305543
57592,0.4556739602772828
1712,0.49670577535364757
4496,0.13577265650549758
72693,0.7187163946841796
62701,0.21572862577020804
94551,0.05400226833572819
54202,0.7330329821911344
1309,0.678300211217945
84751,0.6079355429865101
71737,0.40286757683500984
31353,0.5003508246095559
27296,0.8205695959655348
32193,0.9479364013674973
72367,0.7699620454413226
13260,0.6629265826602109
75259,0.6180738744738326
1628,0.8334257866091853
35217,0.8968735887672603
5328,0.23139143935008694
10568,0.6368494558991824
79074,0.6252553436114705
17025,0.8319347642532728
99638,0.3092797922056066
67734,0.29655618510863574
22777,0.6757778349534274
85719,0.7622448994740523
7506,0.49258048906695934
86728,0.4811536123684296
73467,0.9273433673780925
67086,0.2498053634078083
3107,0.974297090879995
46597,0.8941727381075977
10922,0.4564906545738463
67556,0.03620275788450479
7441,0.6403780918853397
31089,0.8233474466388196
61601,0.7506557039909496
14847,0.08863818757495072
35697,0.7992102026447525
64197,0.22363311037256686
46963,0.02402791695183106
41147,0.025843197246808818
13811,0.7011798461427592
68928,0.9860499999486794
35308,0.11438132398356535
94983,0.6622610777921583
74508,0.5896377585424843
44931,0.8536389819196304
30960,0.5510019513269335
91080,0.18132291540948478
49216,0.6200122813308537
34340,0.8133196215467867
75536,0.9018341388925555
76424,0.5890859484758251
105797,0.6572964895273483
76336,0.18037186455396298
34164,0.4489371203490935
91149,0.2586216891290754
7162,0.29728810689688606
18604,0.035691815698752356
83905,0.11756251702737236
44615,0.10400165064484693
92168,0.8943544476450217
5462,0.22594014785578875
85219,0.01897913785586223
26937,0.9195603181510698
10670,0.9921741749227477
57,0.5512098286688774
93177,0.46600648906571984
34485,0.3883596487153287
68925,0.6189491347874042
100142,0.9784094472800164
73993,0.949634780929371
15790,0.191823521211964
106598,0.5378174833817894
90142,0.41369695452037014
96949,0.8676309209929736
40049,0.5331941567735474
98288,0.0917079981122222
43452,0.13040837488531903
22569,0.16828570305805413
5611,0.618295715019838
37750,0.9988483695975275
26421,0.9587837608150089
92422,0.5124274096780579
89352,0.6305745786088408
45761,0.5385600943090026
52232,0.3638646222496581
90421,0.9292022702783653
78709,0.9608552686975427
56320,0.9392784630967395
37763,0.7826858688032113
46567,0.6455664328342136
68911,0.857279435652902
27099,0.16598824862502737
73795,0.7843348670421912
59380,0.29217186515609905
48205,0.7736214409309754
43413,0.9658542076094305
9655,0.7558164690532958
32377,0.4523651746947152
30523,0.8266912323162801
64260,0.7776781386234322
12302,0.09259260543934333
69453,0.4706246234027649
62392,0.11099934927625452
78449,0.49495417097263605
52714,0.5426332796219651
87352,0.5781474725025006
61091,0.11105159120419669
63242,0.3120135846225873
66399,0.7105910470045518
54903,0.4461895816144613
67957,0.12609141536622173
88573,0.2312897059393158
42545,0.995291679192677
17008,0.05954298397661958
87917,0.22226811396892598
23181,0.29761812733601717
95015,0.2833854361726947
4188,0.24344523339096757
72957,0.9429608342844453
98126,0.8129683057427687
73695,0.5839828844732682
86412,0.7072541116276124
87550,0.3812603365606249
98272,0.9790498137819054
105660,0.5494768298505874
89434,0.6903191586261312
44125,0.4228263127956815
90837,0.16450079236775048
46442,0.801438085243035
75672,0.2060357032255392
31938,0.9198325361822322
49532,0.22612436700494892
65836,0.7213129105145627
85029,0.8644254663817392
71793,0.28188431530238145
28148,0.18136098403616815
18266,0.8998250669447336
68352,0.4781338686357576
27061,0.3295536405786552
22985,0.27400212127036616
91305,0.6678268169249817
8795,0.22014275105595432
50663,0.2694359368196029
37397,0.0545309098842931
20058,0.3593502894358217
9312,0.9870834368107659
80532,0.4465149617140569
14830,0.026768956578791317
103737,0.09086492039726707
48438,0.08855955641611758
34089,0.966917334128613
32605,0.35360546983819724
62126,0.35902568779947674
99398,0.4765501642518518
25307,0.9433703988131223
708,0.8008578986611545
65514,0.8798247259733136
61917,0.5300698475682594
70611,0.698746079412125
20762,0.13101899780125498
64985,0.7921454912168947
93723,0.18638987104222732
61541,0.6217483790521041
29197,0.23190353553785886
79929,0.04731228364832684
22641,0.34829829447402316
92709,0.8799582653915733
38048,0.45083939284329033
7305,0.8218616236594873
21740,0.031679421031866155
85485,0.9779800217949948
3615,0.5854274285008162
11020,0.3030382773451727
25188,0.7281169619674519
43652,0.024311393522804467
36192,0.5624389253741872
75957,0.881765369167129
88832,0.8476644398921438
60444,0.9468682472008663
89932,0.7256023011500677
94105,0.9006455187533376
4755,0.4420752230189341
41737,0.4137707835054505
79543,0.17670013670385132
5273,0.18248395721808805
68791,0.9667692733590111
60228,0.9309767235534508
61289,0.8466116225544043
18009,0.6433224488164716
1837,0.4536445361127651
79532,0.535749898718496
55273,0.67471993740958
21431,0.21682106142815566
64794,0.9496165495289843
81887,0.8240223065980381
17964,0.9622609129108909
10972,0.2593527666732614
9294,0.12182279765177698
1983,0.4022371828782064
31490,0.3055787861265173
3548,0.6378997634752719
38711,0.4589771500259422
55591,0.3142422430835094
32376,0.5193164719697707
23684,0.04553679068520797
57874,0.7649557324950691
48713,0.033471684983949715
5106,0.11863532922267186
56224,0.8705128696606843
43354,0.8756151452727656
25836,0.7763355967189233
55845,0.26540721319139043
2588,0.7123754910133303
1845,0.9282307595591845
11254,0.10414240568888677
49014,0.8896570278805142
59168,0.9806987291981222
32158,0.9451270766082525
106482,0.8983251600152848
103536,0.952632776208402
18105,0.37103559250275786
89530,0.2151372943932414
20602,0.9822604113416702
28623,0.5351955548446858
44630,0.05255054111474608
8252,0.7158424848445996
32280,0.925001554235692
54952,0.8730888794983329
11378,0.8944790469274112
57914,0.4127652979572118
31376,0.7081340325489626
26646,0.5085583006292056
55328,0.5666607107118283
5958,0.22001394441139954
63839,0.056537142541431995
69304,0.11975805332787944
3100,0.6034778189191525
37173,0.9910441265677548
100453,0.7415402224835306
12253,0.7282042621361997
74226,0.14645493423718722
28495,0.8255313528593335
12372,0.6556873908106384
73968,0.30705291325702405
56212,0.35740563340653514
12655,0.20635705653015557
69853,0.4431188013037792
67111,0.9417685255838846
8325,0.7508096039839046
91304,0.5839628749509425
93245,0.28406711180366745
17300,0.04253144466703901
17331,0.6782841204605046
6291,0.05770775730137674
14892,0.4276796882097997
103278,0.5797760872193837
97196,0.7769575355791181
26858,0.40024347660591425
34982,0.8409678137229144
74003,0.07588155137923337
29347,0.10641163104128037
21220,0.13252258100130926
82090,0.9735999505515807
41613,0.3735982870718425
64303,0.5532402184548183
22182,0.6864132683268873
13504,0.7800155283122402
106774,0.21646044501271025
97978,0.7608157233773011
39162,0.6112633936821472
90912,0.2623419194212883
103240,0.9303439355342045
103157,0.8729963902639053
48423,0.26415836126212505
53055,0.49228103251979893
87595,0.7055909191722821
80780,0.04004400473137901
78794,0.1676334177332252
67805,0.8684289383295891
60188,0.8497305944178357
67146,0.5817008972090071
52978,0.778263875879146
61623,0.30740385210334237
76558,0.38820314621884466
48118,0.43115600950913363
48547,0.2581263781306762
21302,0.7971340560306484
29500,0.07872229405909437
21585,0.9214435066074569
103436,0.24148783410265118
78681,0.40197313128916645
84602,0.1422951671461899
81342,0.94463883316934
67363,0.47843216067082284
63318,0.952055504340596
18802,0.6229606049494382
26594,0.10620366007461261
106701,0.7007308487057848
63187,0.34351047874305085
25393,0.5720343489907285
70867,0.047782489762697576
96689,0.7676960983433438
94172,0.9258736329908963
4913,0.7497506741946802
29337,0.2531170650038237
18759,0.8921330294475713
86816,0.8381919456470475
84442,0.937448846051258
28896,0.8878810520185976
25659,0.6528779343673548
2345,0.7338340921528873
22781,0.041419259412350896
93530,0.0535028541881751
58435,0.8917709206782489
16096,0.09954623025371709
76360,0.9963486542244004
92650,0.31605384338060394
94136,0.855332398575527
12855,0.6562617317088393
48613,0.7961250203148558
98930,0.4250486140375282
17850,0.17840788437157368
68426,0.21912542074131836
8807,0.9772499116446249
77682,0.177615944427889
70262,0.9451232432707826
101688,0.7144661459537619
34538,0.4354070913460999
13445,0.7408931201922576
69689,0.9229700777819859
87006,0.7369629380158566
51615,0.4623253329919298
69533,0.4500437761850697
15420,0.8630329190213564
25501,0.9776538831064985
75037,0.9941930788570903
82250,0.20596840393525784
34582,0.9890999736424453
34900,0.5613683348490752
106606,0.7305773883403375
68574,0.434752174069876
78879,0.3174646409893482
72523,0.44918251399374953
74109,0.16841052665399298
102780,0.7846405408913263
41350,0.41816470572925774
6776,0.8272982348682947
4752,0.9108894621538417
79710,0.28448792476268814
94872,0.7577725355749532
87768,0.010470835776846368
84545,0.19053714973762279
47364,0.2980432100211996
29565,0.8004783087030758
38176,0.36678484869338
1523,0.666498668605065
71965,0.7302194368701322
46011,0.5423468510756759
101166,0.9556379719160568
96157,0.9589168201728344
4599,0.13136156301399654
57139,0.16914827212801084
46502,0.07235442411403639
32147,0.9468602019138136
8727,0.8228393305781634
64,0.5648028561539626
87977,0.9790454872219596
81911,0.8750432103826837
62494,0.38836019596442406
98355,0.23320482647745538
13701,0.7779653683047768
60982,0.22710210508191525
92575,0.6155928700902878
48249,0.9578569571590242
34171,0.6978941534369213
89055,0.261671991370097
20920,0.8935457580229894
44323,0.9767203629600385
93856,0.6683777733918608
29936,0.5342465101532711
84606,0.7991637520416532
14714,0.8999721408160096
98673,0.7092593119708464
103736,0.28009967619325454
82642,0.4554644978359748
12030,0.8380101888999822
51674,0.7275496462055114
12718,0.19409606143738914
106852,0.35417168855595277
16294,0.8253259089456142
66475,0.2338582027443138
41485,0.5714253912751668
30323,0.42094821664763055
83992,0.9193082340130267
54682,0.3138696750711055
92127,0.7213594689544076
35902,0.17387418949786257
28139,0.02914070937429423
90412,0.5525592466443738
74418,0.5163327875448833
78510,0.7339082152595
100330,0.49854934806141943
29036,0.8091988011991065
44485,0.384919628888311
16848,0.49019526358377086
10544,0.9892012973903641
94780,0.970499832401611
21582,0.47367641080387307
87225,0.11950632373827905
93669,0.8460369766226488
87901,0.5516728955014796
49697,0.166052894760088
5036,0.5720453820510277
67043,0.3245788163762042
85540,0.298933817762885
43921,0.09818715874051517
12644,0.8679214453334669
2676,0.7148866477197631
58412,0.5531685002114142
12909,0.4180729655556601
95061,0.3099001403190564
61837,0.868583924561147
93884,0.3558596026196129
8939,0.6285207123400951
84360,0.9669874500134958
75469,0.1154094450911558
16441,0.7892580722903579
26500,0.027526298335893408
26617,0.8563739613446084
70080,0.7565405556148255
4320,0.41527880592554633
87274,0.18515233514630158
77249,0.7151891888052156
49626,0.9579956644507643
6237,0.9211354582323574
35626,0.9689687296734182
102000,0.9233645457351787
83002,0.9296283990804055
104492,0.15295044056266324
18532,0.6418355793329515
87016,0.636594855875763
90720,0.18961890528787817
93144,0.5501216860818362
47367,0.9934499230786005
98201,0.3464726887485249
97722,0.5727902855353016
41849,0.4314563506612108
26633,0.6955710916569018
77169,0.18459582604138414
57349,0.9674253002410835
91177,0.4960284409818615
22794,0.6330220273824897
14637,0.8704823157680648
104038,0.9833870423727014
49505,0.9472222493145317
39769,0.14855855702665915
75395,0.01708991226011984
84177,0.3361066065107482
90804,0.06220307083316318
17129,0.5575861111466955
24386,0.278250950428651
73235,0.506417107844134
40321,0.6457516466109878
93445,0.29377051624675127
101488,0.8511630017981405
62,0.5897961673886012
150,0.4357123739423364
26870,0.31021779177180475
85644,0.16103598399020963
16864,0.4490671863040494
9800,0.9256558088184181
60156,0.49695575613651566
100967,0.39093467250576935
91352,0.6437724636368994
84613,0.16047815947233937
46913,0.49453090175177894
58417,0.808569845178567
45651,0.41656800005313893
42020,0.6120115487450564
34497,0.6404679101764854
92156,0.47382183371156233
96062,0.27870278912908936
15862,0.9217122974072607
19527,0.07807933129043809
51620,0.6425866387166141
83964,0.22526742865601668
11283,0.43798030842610514
56397,0.16773720889462912
70095,0.4734039631071355
5355,0.35897717448504163
3853,0.3891002409613889
82993,0.45102727576859014
82541,0.7447961800308494
8571,0.01935438218883909
59954,0.5730281837122753
32906,0.20829741755501507
80732,0.025867127953428288
25197,0.36310448239250875
19175,0.9478709949209567
65975,0.7420210861442118
35001,0.11437282670891677
7468,0.591496367687184
81927,0.6119791360694213
100585,0.5953337929887909
41885,0.30152254633083303
19845,0.4748339125330572
14709,0.6079821528652003
86121,0.19282623339586322
50416,0.9257056450548701
39496,0.04753506802435052
92117,0.8671167395555875
41500,0.4793728464700397
90525,0.7091445799061467
55859,0.18480223920475009
59665,0.028439743281881424
62490,0.6802711480043966
15347,0.3889371445885582
104307,0.5132540763962793
74223,0.6958145318687786
11063,0.9950062647229405
83506,0.6317481140792983
6916,0.11442932376114937
79549,0.4613755147172358
80961,0.9880818619663347
55185,0.5261713259222376
86688,0.8350014830777961
38336,0.10828917095362625
75289,0.21336779595000804
31850,0.0481859938093039
67058,0.2945573823371076
3142,0.8491065635983153
20576,0.29073365038127347
58998,0.7562660883007741
74310,0.7058200360282482
20310,0.9992395235824102
79457,0.9452093294128002
54490,0.19397403981405947
5551,0.5016670101281585
26589,0.9022680807954584
30949,0.6319185781915011
80634,0.2567841884585314
24053,0.22544684288265263
105705,0.7466631163965941
71481,0.4205469676582714
76219,0.8285823296248997
13259,0.981046564104808
10688,0.7512945320573499
53517,0.3564661063999669
43806,0.9870701715921775
21306,0.06716318115133349
58650,0.37672559427459484
42221,0.629377432030989
28489,0.1995026653639953
105906,0.9874956903900637
44764,0.9183558957963548
51940,0.9223743507128038
53776,0.08731591592078786
74872,0.01785351849664018
86885,0.8101986323155623
14008,0.5271543823944785
80154,0.18458648235176486
30459,0.14845756606416965
36850,0.526616036231342
19357,0.4709545332510754
103820,0.7307050922769731
77806,0.8144494024224661
43592,0.9617523066210425
91314,0.2862137948469264
102915,0.96073989859834
83656,0.8632054473994064
34066,0.16351194313424247
65063,0.43511002734328336
105304,0.6964285381353567
94799,0.9864579901202128
81931,0.6670100972158851
102755,0.9240288868276668
91521,0.8261196610722019
105307,0.5661802519834254
4994,0.36638955290027847
55303,0.9976887558872174
13462,0.2674226866922718
48714,0.3577716018373777
18107,0.11062310555834917
47219,0.26564175368133186
69705,0.8409642068193361
49115,0.45012027213454875
24789,0.3832147897158813
54685,0.9351389251767457
13191,0.22105339172662025
70514,0.14723387658084783
97653,0.051639193531990826
49100,0.7880496865814957
66241,0.8485062075299433
75096,0.3965007254988544
51437,0.7760600412453769
3485,0.7427672360583981
73283,0.21740563227045095
78073,0.41393836125349126
60245,0.28766051937898235
91386,0.1691639723536956
84247,0.34253618153146415
46800,0.15834992655777352
89578,0.36690044288717194
102579,0.5012737199345296
60142,0.3085117884425853
12605,0.18532935076616577
94193,0.17576538992987967
3262,0.5508053779069727
89167,0.6924779241301873
89102,0.029356922099013617
98102,0.35809478850203247
92864,0.49472799070469076
4026,0.9061590048458561
78523,0.0670280402666259
66934,0.07054562592967065
30775,0.01764989560002336
77984,0.9902529420232187
61830,0.7234694989336896
86793,0.2370510936123184
3088,0.13008880292179165
92361,0.3652553564369831
70055,0.9533489923164338
7589,0.6979325679982982
7321,0.2590126404402188
53376,0.76890085197894
61157,0.25971314446936333
19255,0.5335634025584933
52728,0.535206612027121
92812,0.8460166405573608
7334,0.21729485737300097
77022,0.9329540675635394
1514,0.6077586324497553
3021,0.26680564716432587
72,0.9938498879716526
51949,0.25408074941526904
39748,0.2196333926946914
24668,0.22959158797807216
69159,0.8723083443992975
299,0.5097456941532731
88560,0.7209264821570709
53647,0.9644339029046736
37116,0.3398104608152885
88047,0.5158968709617521
104297,0.7557735640879394
18150,0.0971170595540333
41495,0.6748434297242527
87072,0.9567385127831701
84509,0.065578795348919
66345,0.12151172587330195
85910,0.6366737876204218
93319,0.4302733795941483
99571,0.16887761508451904
69020,0.3017987065231718
45649,0.8030721223839529
19278,0.716307369317089
39419,0.9479073110603271
90724,0.02078195345116439
29701,0.0363487526208883
95971,0.7946005551445012
88105,0.671811900231621
34031,0.3861936611656194
6197,0.4861304416959584
80768,0.1652896301906741
101621,0.9484166694462617
50213,0.5377540549067994
29831,0.9977876185154815
97230,0.48804728943909426
6515,0.29861701509428035
44625,0.27983606000299516
80198,0.4965392774853142
31448,0.1814077966895759
92797,0.6060511755845226
81488,0.3217019487496207
82624,0.3947071031424642
101000,0.7417196559957069
68204,0.9656007867186691
106980,0.862123923916974
46656,0.3184307658659395
29895,0.6981831629998598
48271,0.3975121866818474
59674,0.3435145261645052
17209,0.6166949676068627
70143,0.8650981206563936
22053,0.21886939361075963
29008,0.21811404541000634
2770,0.08590880610526845
101525,0.9107492796060034
87696,0.015360667054839381
39562,0.22319187995605003
49435,0.5818428457586151
40823,0.6705141446479412
63705,0.4157421784493053
56819,0.8163968301525505
97881,0.5235067426159952
6760,0.9300083103336081
28540,0.014617618330666769
78209,0.28573242428174733
91063,0.2553387702102997
102830,0.8627785053944903
18571,0.9961296331459543
40967,0.0231874331868036
64391,0.1726799459415537
71605,0.7800900907609973
8656,0.18400743385401525
23453,0.07629583338368724
8292,0.649560547325439
68623,0.2280464304408365
70141,0.8999161361660102
93759,0.21947827670809122
47030,0.989952320423046
56920,0.583315614197987
58010,0.693706038635364
71866,0.5819308401244437
7377,0.8848008301964764
6387,0.9570498743652063
73694,0.07535682694174604
34839,0.5616442699012933
8274,0.3982590665741093
10859,0.5555505486695892
98069,0.3372262021479351
50225,0.9685484998641777
33496,0.6755674702952809
97355,0.9941499999993946
77204,0.1717931604357194
51034,0.9932481551256198
98613,0.5336396286522362
102538,0.7861319991779087
26262,0.8945503719844548
27246,0.024610085473375228
61517,0.8412536211389697
48877,0.28200604148251246
97466,0.6966876627180851
20765,0.3290242956365942
50907,0.4525046345886816
20357,0.6364383323263295
89118,0.24425349162677037
88826,0.3933658109795293
79998,0.05324086457263413
23686,0.6854896673487803
44738,0.716024366050882
47441,0.5308857308721928
26675,0.3532063532422737
89018,0.9734358987507594
54426,0.12057208374055109
26917,0.9169352539322602
39330,0.9778804784511883
72454,0.8795066588805229
512,0.9106421990672452
27000,0.8467518342787705
16916,0.42301420563640635
82601,0.02955015793466343
50585,0.5438622205210937
90157,0.2796137993335565
99011,0.9769998949322534
11090,0.2186009438340502
56882,0.33490783903858456
46807,0.0733361015230414
26274,0.5956592249453743
21057,0.58338304039109
107016,0.3393487970189185
29285,0.27333690244727293
26994,0.6089949833610944
54882,0.23005844225629873
97151,0.4030127762246951
101908,0.5816661476472096
58321,0.2000289343035952
72935,0.3534624623339783
35038,0.2811740602417458
31558,0.46345359531035857
30229,0.10141764210008272
66387,0.9697383789779543
106184,0.6120553587315752
32157,0.2969798466695856
37322,0.2806376460751187
97778,0.36813127176614563
100556,0.1525391941186819
21107,0.6887913148719635
14565,0.9345390587961754
106771,0.9621993573377047
31702,0.18172466883962946
28968,0.6665597605249942
15262,0.9234390804574956
106853,0.08144342217369957
84107,0.26932636619278993
36081,0.2890886318487566
99310,0.5704358579912834
85288,0.5216427665814435
31700,0.7933197712670672
69457,0.7433849617345596
65445,0.7213153671049568
51328,0.053208117656199885
23469,0.8188127116642603
41656,0.5629830441771505
68236,0.9004091887311073
4543,0.2186639344009465
105551,0.19999818717937354
106499,0.9684996033295603
33682,0.167203854515305
82662,0.837513933670524
96711,0.9997484349224235
8946,0.6109744017579426
52833,0.7878672117309122
100177,0.521129039045375
75365,0.268646307933441
56614,0.6524470685403316
93146,0.9783997862624443
15623,0.3334619235429198
61031,0.39648787115203854
40030,0.6428143432277696
63009,0.48655259318163097
50512,0.9548887877269276
33745,0.719865174533663
77126,0.33528329486953573
58831,0.8430200528040164
85528,0.6625633730950506
86769,0.16336014606936192
12353,0.6104092298427217
5033,0.02771479680215423
43805,0.6913636351247181
8236,0.9956999263279545
1005,0.33348108347789196
44333,0.057092009798766566
38577,0.8792097898108067
62334,0.8972268802720789
27401,0.22984068002800276
78839,0.6690601015948041
3940,0.9274174576118365
23793,0.6881043848263183
100263,0.9554859696893805
102002,0.9837322740621446
51731,0.5777349078731887
65989,0.9936303937345852
59878,0.9482442214258087
28048,0.24330347276629613
77972,0.17295904566643844
105413,0.8632151399712953
10633,0.998310469021193
84009,0.1017592035870157
69394,0.31698292043226894
68091,0.9860692808614839
12153,0.9488553518234624
83996,0.5919799158623198
94985,0.910027720494132
84160,0.9975999999999983
102031,0.5137665173370946
88072,0.5548986094899593
54589,0.13195853876210553
6543,0.1296340228788867
1951,0.6333636071001754
80496,0.6091214774567668
28686,0.8517710147395192
46858,0.7514009707618229
24178,0.9317140785226442
15417,0.7791754205648032
61325,0.8235149805626514
96179,0.322520669997732
19755,0.9965579464709707
80528,0.672053432076786
35917,0.34837864089406456
85424,0.251565122639648
21490,0.9125007118389934
55313,0.06326921811190533
13235,0.4591288912746634
17378,0.6164531327052023
3754,0.11763028915006793
7603,0.3451508843243173
38664,0.619769426662165
75116,0.22588465755131482
65638,0.3621357662093844
53353,0.6085847661330581
100516,0.23249798213185824
18288,0.2659947979186826
85445,0.9580925265866593
67231,0.9490460974823276
72174,0.2714839986499432
34922,0.9565037302588746
71299,0.9075938962173049
105802,0.25488323711508504
87938,0.35241719961397233
35328,0.649628112053535
15184,0.6167185496425658
62637,0.292871856236519
14237,0.9168027155560389
95613,0.6256611288668494
9311,0.5173859775268517
6338,0.35033335657069387
66264,0.3274416196698636
72899,0.6440806676360367
100726,0.454815577652944
86966,0.5294948280349074
75358,0.017443021625800248
65405,0.5422290231296076
16911,0.18964396757919866
8692,0.5071048854900392
100578,0.05385827216447704
84090,0.20673168305184875
45411,0.8343803750115402
90547,0.5854161962195604
62081,0.4641402098194465
89570,0.8399305763981157
105449,0.6679804456999455
66998,0.6664816637410753
69996,0.7835721390858852
56064,0.18533186392526718
103577,0.11059160120004895
35449,0.31674040924858177
35385,0.7543077507171527
39853,0.6035660917328991
101610,0.6960431223957115
40619,0.05192270460847486
17788,0.6845654885094871
81583,0.6087378365732357
35278,0.4322560321154596
15496,0.8653233149684787
46000,0.31307896041120203
1795,0.9986667419055277
43415,0.9970672871707926
291,0.2106994740756435
38181,0.23974937139224017
55029,0.9792272831192559
34803,0.45016125657332345
55045,0.8616985851011719
46367,0.7280980369340025
62574,0.3766952558503212
94354,0.3644862614578183
96625,0.3564589173596348
21468,0.6212005503566638
76612,0.95481485100841
19753,0.5996200350137395
34261,0.21295646214835356
56113,0.5299861708540816
15452,0.20157387400751853
27416,0.183046876256072
48539,0.9824781644425242
85145,0.675690972308644
18354,0.4914254159210617
18244,0.13931392811830812
55640,0.7947308996556713
47570,0.0958304807731846
74054,0.33666668588373966
5058,0.2771380317634408
17045,0.8099749433034162
105717,0.6600488185990763
29187,0.9969999300592951
37420,0.45855421662192664
38161,0.5673119005302124
106344,0.6378491580331087
70853,0.2708959291448424
46322,0.5154330104312698
6538,0.2923918826903062
72697,0.8666446469154178
97920,0.7467819492184181
56360,0.2913152181590153
40525,0.5501547400429361
46536,0.38706242457211515
74034,0.7631688425187562
43594,0.09433498017564987
100866,0.535858518996215
38073,0.7067811871460077
59899,0.4436944824306679
3724,0.42460776686816915
79957,0.48027735312835756
13422,0.9618167654475391
26786,0.8365068527260924
39319,0.5780854547641923
18657,0.7917575589121457
15823,0.11534394670417905
102599,0.30021624345723935
66427,0.8569642376486303
52079,0.06914978879020602
37002,0.9932295896979966
49086,0.4600920491949412
28115,0.9545815390616023
98844,0.5894780388947289
27917,0.6828554196346392
64994,0.2731286835277241
72140,0.36599767685851886
35277,0.02742929417987839
53684,0.8997340313418644
93054,0.8348940703551835
44188,0.03400156450369325
49190,0.9348054149991748
15979,0.03551429239185297
50195,0.412508540821673
5878,0.506056516065729
43508,0.18628988699829752
62207,0.8386945489182316
76999,0.8520211313148601
30839,0.038122304048166016
40160,0.9082258275371888
86895,0.9938855385578159
104572,0.2170309336214114
20661,0.8710784425125181
94376,0.9191926451675074
549,0.6693341357812557
33591,0.2784250416210359
32334,0.3691231805019901
80680,0.11874972401491146
66911,0.37990398284881816
101640,0.980436980414491
55786,0.09870228465187302
50889,0.20673810077488677
47434,0.9451025690185907
80157,0.7734787439305606
73354,0.1920807350797471
30185,0.0172159638836609
21137,0.08513649564892568
36235,0.8826514463661321
65221,0.510385840211861
100973,0.7825822846502857
41736,0.3167164634828007
60659,0.6606874553530795
55254,0.4340033572732557
97165,0.6917927825006489
45498,0.8470897035446696
36819,0.03545552013128494
2263,0.9734395788941113
19482,0.4530677572155194
481,0.2829722738779193
83893,0.7132867077616007
81124,0.6165992560448249
99520,0.9453816610101962
57905,0.10467998021585403
11179,0.7455060254698982
88133,0.30927948737104316
84405,0.2665349157520321
55684,0.8820161915043165
90310,0.22978149879770104
39133,0.36771047801924284
10350,0.4333186361653897
27036,0.19147164122396118
29858,0.9631809430261538
68022,0.3249152118263155
89283,0.3501847868276582
70631,0.9234969862370314
28055,0.41831601757896375
62587,0.25929551478309887
102721,0.8058198975353565
105913,0.9684402533479932
94589,0.6891712366250473
56437,0.797965134197639
40514,0.19032990192325053
102125,0.927582044314871
40771,0.49492792094448024
44858,0.8253208284250557
98624,0.8512861062076106
92222,0.6390068678894365
11344,0.7084304279606064
14991,0.17761736067695977
101078,0.5915863925103825
96328,0.23392618749791577
19565,0.4801813554292979
84603,0.5926863541692154
70089,0.07844676558705208
87015,0.5677397797672505
75449,0.6229514786070642
51372,0.8745867101158601
32632,0.23965616268996157
22313,0.2534990153928897
39923,0.4065906095801655
12179,0.8701025389416304
59346,0.5213425338743882
26935,0.8631256356912752
55296,0.3276741239432143
106127,0.10447287454372917
43033,0.29273088708591544
7375,0.04457297959808743
738,0.7213556538563353
83984,0.49564820963625145
71556,0.48783224113193596
24649,0.6182711610056887
46866,0.11206649993214235
1177,0.3578508134337801
55964,0.48687415645881427
70811,0.9572792123936669
3101,0.126892381834538
56164,0.25342069484096746
99319,0.6161476970538623
63891,0.9671487994662447
42324,0.26320150066706993
19250,0.6814080225934347
3836,0.3212914495380913
66176,0.5980663297164118
21763,0.6035591330834377
97198,0.8568299727343776
65280,0.9749352146702114
22078,0.6772637080326855
34758,0.852972798553387
28904,0.41170914435569483
98450,0.8804451199166962
22911,0.7301869501874767
66745,0.646635299325512
22343,0.37208759548665904
16396,0.33004335684082253
35882,0.8340174509161067
75364,0.9503904016584612
6319,0.98960278527914
7977,0.17348277687023939
56091,0.9732098393208755
21635,0.4700972140043112
57416,0.9213615866082161
31734,0.5919180442424159
24139,0.25816338776025416
30143,0.745294159928743
27508,0.2283550390126295
7109,0.8844047121615322
28644,0.9705498912576058
41673,0.2638391112961228
49619,0.13075048408404746
18491,0.3994270239432849
95292,0.9562451315069169
9760,0.7905812664496288
10222,0.2783539487930984
80480,0.3901628211005194
53545,0.9119661097276683
20625,0.6218249932568979
77596,0.6952052753199477
22175,0.9287635485283784
33721,0.7138588576435898
105986,0.3559121039956718
16798,0.9730482346532727
89143,0.3020908971868141
63701,0.1869652506459357
44219,0.7309018880040827
54963,0.25131740943157926
39620,0.6964817183667474
56293,0.541118637521814
54135,0.28298161599164173
95599,0.7682804224809499
17022,0.5101719054226019
49880,0.9678862620991925
28119,0.33301495453025665
71651,0.9992996757782363
47348,0.9645011148048458
81945,0.8711075859549109
50920,0.07992479946030334
90637,0.36286296515928285
55655,0.6868118406294107
62941,0.27473557610322685
64372,0.4391102755553667
7304,0.4957273950067012
32520,0.9734991108942342
71344,0.3662545601651275
58410,0.26828581346001895
13184,0.622610410350293
44331,0.9005466461021259
43791,0.4055776093779141
17232,0.8394117108308584
54897,0.8878679047734237
765,0.1773301608454932
37380,0.5943939138294009
81060,0.333775105290406
68905,0.9087951147621769
83301,0.10868815457828052
42923,0.2940288058352522
23076,0.9701604834547617
10281,0.5638085133586499
31748,0.6131943488234359
67737,0.8999314763169478
65211,0.13738020808732046
70362,0.9909999999999025
26257,0.9785482213037275
56940,0.5290400728346047
65813,0.1025203059338621
92988,0.2902529175019829
16122,0.07258201234643849
84680,0.061821054898695264
27274,0.13281404703998717
16499,0.577388975555971
55898,0.13460753342956133
24751,0.8862469179720613
89006,0.18169276815103844
6031,0.8303426877410904
1205,0.9415229085883485
51698,0.4905132286082011
67654,0.5534263175234299
25205,0.4219509793385777
80702,0.7249287253564471
52308,0.2607520061975155
87803,0.35535945856903434
94807,0.6568351074040024
93477,0.24998526701479895
53829,0.5366030430280682
84772,0.7912233274277027
228,0.6606035657476168
37489,0.8802629802416708
20495,0.7576069620603013
90411,0.8637274161212642
19363,0.41688647527002043
4982,0.911011248032013
79133,0.6193529790206276
97768,0.6597407807054885
89516,0.10210395300971331
42386,0.49044722553925535
83318,0.6295727001453676
16592,0.4348105828636741
98504,0.58097914238563
26521,0.49728253096466246
33722,0.9990415017716967
19597,0.6273726687538341
16796,0.9542787518621954
32394,0.7316771830773775
9792,0.8255882141495194
80507,0.9011205300864702
66828,0.15064368946746798
36837,0.38140647896037105
89000,0.974221511470837
90354,0.1273750235630936
24923,0.7909098809161281
78251,0.18311354264050375
71058,0.6273287503676426
4675,0.8802008912924038
78882,0.9306824953464692
66181,0.1960240800540583
106231,0.2191151160743144
44901,0.045498127897626854
104733,0.6109727139791661
52939,0.8544018470520481
54295,0.31299763190345126
47718,0.9554403276636647
96189,0.9469912686078074
71678,0.22275251678976735
21975,0.8738403291228749
23230,0.7085725098788702
74979,0.23425144797438804
31343,0.671623200389158
37690,0.18765598769737774
64014,0.8883278583272418
79553,0.52969367665591
17285,0.21488239545285154
18395,0.7377525292018875
102935,0.9952427271742185
44006,0.9252029844844865
53481,0.8471461442351211
80909,0.14541469177016098
86409,0.9677862056757305
83439,0.46685088965798793
66298,0.10085573766353903
102980,0.23913570422210462
36916,0.15730265567403817
83407,0.8814279270075385
102149,0.6217582777876774
57269,0.1862048233919485
72800,0.24225123212578703
93810,0.5855248763788797
89535,0.9383334886782756
79225,0.6210182987185674
74314,0.5783591576558864
89169,0.05624595595747654
96248,0.4948733534790454
95740,0.051057781411228964
64451,0.9803947406204376
58200,0.9575365897509486
63294,0.13978885356926823
99139,0.08988510394681197
43370,0.999299999997675
89845,0.1441205253349342
3479,0.675286900644047
23489,0.40991662094836445
70085,0.5894907856756652
54886,0.9822499999772416
94038,0.06328994614567277
91086,0.6992414287689637
47252,0.15106910054459738
69541,0.9779444012563999
95949,0.05959644140758053
17451,0.6428918246473967
30838,0.9357090848367945
58315,0.5847529613902652
73213,0.7032285982826132
30924,0.7547201569185564
32505,0.45297173412243175
103443,0.1549036795434805
79900,0.6538754155602136
64862,0.7183577564457608
30456,0.6588087421924895
99152,0.6206514207930184
1901,0.6532362819290206
17049,0.9684043057725933
5894,0.7806574054340776
10665,0.442667428600221
30536,0.24264563808303047
50878,0.25665955629049014
92809,0.3285582987838047
39864,0.22838144292389312
101957,0.9259174877530107
57285,0.10133248959747314
14329,0.7965790494893336
66872,0.5938421850564357
94020,0.22549394986260554
48685,0.9493382474058325
27119,0.4106685485416339
46397,0.18950170129552357
10133,0.8788348787882065
36017,0.02873765828541981
37527,0.3378778045826296
76263,0.16417831546062164
2560,0.5240825791444844
2662,0.9854921695019296
106427,0.1212291909092452
40163,0.09417796243346514
100345,0.7652365677977198
98682,0.9354973344508895
25789,0.13892634720974767
67820,0.8778776605555862
59591,0.8815586057507699
2269,0.17543588159551338
19494,0.16261782761484744
79641,0.20580099588558784
14432,0.5317486412069391
94686,0.4948371279633188
46365,0.8100639735677642
52584,0.41297178689648323
89365,0.9555333947318143
81199,0.8349546973778607
70712,0.8054530162346532
63089,0.5420998010860918
52567,0.5746793070790398
41571,0.06090969070089894
47361,0.0676099902897234
73083,0.19261407804812644
90557,0.4094269203136223
64735,0.3645613386963701
71108,0.2559825335840426
87464,0.39836063134155697
70003,0.2541392049274759
17270,0.07654505254516204
20924,0.8918926541851807
27207,0.01974064698897289
93294,0.7725097442770846
19858,0.49528379186728455
22,0.5032843702750689
49371,0.9769545952432841
85587,0.8755821632738907
65258,0.6735992177335701
81090,0.21013121829647288
28146,0.29730550122966243
68187,0.41820526906447153
39921,0.09793004572128734
26644,0.2964719750233515
43284,0.47946178469561984
94367,0.6208241210647463
72801,0.17424649491228966
14197,0.4470132780644325
26273,0.396171137444428
61001,0.25738731475477655
47789,0.9311940751865525
67460,0.30797766172015273
57393,0.45527796737279813
36379,0.46178968397853654
94624,0.7940397369618708
615,0.4244462859891136
72048,0.841800894479862
66036,0.497377236479843
14899,0.33576033315485665
105042,0.18756229501209534
99430,0.38788057374151896
18239,0.9780368144938468
15965,0.12635968256508598
72704,0.3660043237209697
13018,0.5137237675110875
23958,0.5396005736453963
41950,0.5517410740453426
105425,0.8438587331143146
87752,0.9107874687719317
7327,0.008412035954329738
16772,0.08402993027615746
13973,0.8006942332043646
27322,0.4709896909695672
55624,0.8758091819393929
83263,0.47841710811309446
29260,0.4689295065001017
8978,0.1676844440521031
17217,0.5972662672635338
35489,0.01749190470066581
43040,0.06761294079045127
90491,0.39340794943279905
34960,0.5681000452313586
99779,0.9249998093172053
9631,0.6462133141693429
82917,0.5199025881485889
28657,0.5170484625874914
72365,0.9653631739617443
24415,0.5851493441068871
84084,0.9034231155120122
4944,0.3989976897034663
81767,0.7062911971237069
100930,0.5692885998099112
30692,0.8631357858398165
56344,0.6143442304735595
98782,0.9631286053368604
2164,0.24472570118030257
24949,0.06997911441010202
103937,0.9960288975871152
93064,0.24681517179702217
37866,0.3152507263949316
23562,0.9787878116432884
105861,0.15951466309848533
20541,0.8122730284144598
88399,0.08837908493588117
37955,0.8354179308240184
31536,0.07596258948575203
46676,0.8108110418872053
35175,0.6429087513495972
100936,0.3538598165344019
101447,0.1778817412683352
11041,0.8796650891072841
42194,0.8838052506647827
99532,0.18925490344920268
46596,0.26448597536892515
21233,0.4249614936889996
27154,0.9832499629213416
53112,0.07255628953258873
5790,0.8332316130620392
64198,0.10546773022166855
70538,0.8984370172192598
26779,0.4797872510789033
1691,0.5401644019804415
81757,0.9767318534872561
15392,0.6260361653260923
1332,0.28619352590836344
53535,0.8715333028474452
102852,0.8261829994399339
105946,0.15709140870833124
10256,0.4901688502547723
82927,0.936549868996343
30371,0.8469396532884843
46489,0.862418053105229
58019,0.02181880117064876
71955,0.8573944407171183
37356,0.39238781186619653
42292,0.5401885010764454
20087,0.0088979875488028
24074,0.6238080281176077
64692,0.028216093935232854
96112,0.150474022799639
55120,0.3540981739573732
51971,0.07974855666989532
27252,0.5587227018229987
77781,0.3089237929298535
13135,0.4218345724403262
33840,0.23209254603421212
78330,0.9420329917232082
84185,0.5976109248692498
42654,0.6008558585560417
17109,0.3701740253000771
60530,0.06012953263381634
32772,0.5722028616424822
49208,0.3582173020348838
94561,0.3290710883134276
16723,0.8470645001369939
79821,0.5061265411244048
6106,0.5646271549410985
78275,0.1668224027722795
7689,0.8650809662723522
2328,0.02978815008932676
66480,0.23464135971604186
37355,0.4693187893923922
80884,0.8330559010323392
103705,0.8598532108452266
59714,0.2061759545539045
100837,0.3553369143516907
56301,0.2973330244692193
5411,0.13627328215342044
9658,0.02654904225122358
39760,0.7061086898528871
23202,0.2115606210301922
48343,0.9935051809284932
91294,0.39163623445814655
74660,0.7193483692065392
6399,0.797435591356725
9119,0.5628799828563179
58061,0.6078994504505832
28351,0.8937533675302376
105514,0.14068135088492673
53114,0.4468652011801869
20750,0.6569613993838437
46578,0.2874932973217844
52358,0.5696708355414661
98343,0.9072152960749833
89694,0.292018150705359
12697,0.6669015090450406
73166,0.41436881785824087
80002,0.436509323878453
41069,0.3366146359398383
2034,0.7513781968261553
8928,0.040841086850016896
68185,0.9137437663420782
83161,0.8612386894473676
12405,0.052789838371451216
3471,0.4074924705799563
66568,0.4534503838116567
105055,0.10730344477928147
67896,0.22376096474781576
15905,0.9910618102863443
65908,0.5148121970113949
54125,0.6630317477905008
4385,0.933135374795816
41533,0.9955120392740981
4209,0.6438807237578812
6676,0.18239461666369583
54989,0.9311109961243641
46181,0.9795742734999664
61799,0.045691954184927074
22469,0.5904157698723166
107157,0.869861819187632
20637,0.908450990448673
57612,0.20513422350767369
83711,0.5767593152802766
39352,0.8495086715963132
7947,0.5913561480601306
7607,0.6698993539937563
68904,0.7180412412336393
37781,0.18381105149027227
79615,0.11530052467946368
18733,0.867581222449372
12398,0.3730698132802794
66207,0.1943119958803012
56608,0.26426500767495875
102448,0.9922049663423315
12244,0.9863999999926949
4832,0.34026878607552846
42673,0.7924553982713085
903,0.9148661665301776
37244,0.1341690950146758
69436,0.766872629566846
25689,0.9925898638497345
39049,0.6234724047574316
102646,0.22637869403987293
68325,0.087802225067479
57463,0.4853710262888064
48178,0.02351157546444433
23014,0.6315834880996536
80092,0.40714504692249076
103270,0.5965026699437881
23921,0.8965026131715963
64591,0.3332787553962635
91253,0.8464621617405712
31515,0.6987409164569403
26218,0.33931695939146994
15596,0.4457502147096592
13413,0.3115794344092229
11049,0.346717246693646
82461,0.6362686783088353
11982,0.9388362749362325
65915,0.41982560384170897
40511,0.0873311022333216
22433,0.67082874414586
58141,0.37400573406296506
2750,0.40401755184935007
25979,0.9543785503726265
10155,0.7959393764224922
99776,0.9174793759291309
40215,0.2632049572725901
105401,0.3215476706920062
2384,0.8420336360383183
69519,0.09879465137049204
83363,0.5559313186405662
37895,0.9572597934719794
98191,0.8210739047101943
98740,0.6424304112050466
88686,0.937997070285097
106492,0.5702535602950554
74955,0.41941872574264105
39688,0.7472594334106689
86780,0.36381696892694015
28423,0.2531403533993355
54109,0.9522746261989518
72700,0.07757327498277813
60079,0.3369693655711654
68108,0.49479427450719066
72120,0.0443512068521658
40885,0.03144247183666647
101144,0.90890381538347
68920,0.5262251448130835
8266,0.7922960992186019
29163,0.9220691579795038
57837,0.8754116792324833
26281,0.17965482506995706
81402,0.0953385812356912
39021,0.02852633941810765
61529,0.3882604243773491
52587,0.2419347454100128
56985,0.9742172727449157
63064,0.8661083544934443
94357,0.03567780120959887
91353,0.11444122678158425
85931,0.8182903472221096
4918,0.9862054093298553
50729,0.2738237100803445
57826,0.6593357845530876
71191,0.2777355407765612
105774,0.8859362783794402
10023,0.5188256349539868
41218,0.5211799598855911
98238,0.16836352359472218
37995,0.30047379976747746
83325,0.2281902232702781
51447,0.04795565711396686
94497,0.28380889189253367
30670,0.3687530323892755
13858,0.24957317735304582
34727,0.916346209209295
52123,0.2639810060076003
52200,0.7573391194173646
21611,0.84325509071811
65726,0.1375555846907628
36502,0.5609792301345915
102741,0.6694134638869466
92910,0.44399005883602827
66329,0.7004931929499623
46266,0.6453848879794022
93789,0.3025741733533206
74483,0.7864385835188109
82877,0.914543344945199
19578,0.7355179005420002
3150,0.8201311489702149
7795,0.09798140348839257
100091,0.7652418921160772
83204,0.07946834203311913
80606,0.9860491949125499
44874,0.6738354818082097
93047,0.9212759177002092
93488,0.6493634502317422
1805,0.28934886005147376
62917,0.940701601945504
17899,0.4106305023981323
3849,0.6392122569010172
7118,0.3948485388970395
88547,0.05642348422866655
97092,0.574752386494653
44105,0.2899605273163123
37481,0.8243417100848918
33563,0.3419261140345152
61042,0.7525368365092203
41714,0.19065309901863287
70454,0.1436757495640763
59857,0.5555202736865094
51036,0.4029973626363561
69184,0.02806488118774827
3234,0.22729435027190908
74841,0.4193770607829278
23186,0.7198131302848062
27181,0.8319844873027368
100045,0.018047133706547078
28886,0.7070010537383112
73093,0.6801487626478558
900,0.8874201931855408
19020,0.7697587317138279
88602,0.4043304189970973
22700,0.7417865462425242
7526,0.09681914424076829
33457,0.8724719384975337
76909,0.6625986522774676
35423,0.8377064109928377
81166,0.19537801789074882
13660,0.9489614893334664
14412,0.9275314074739112
15714,0.9503341125134532
22063,0.33034587963769424
61727,0.8137509992911185
106614,0.826000145131413
87164,0.9844782570814614
46710,0.3958474874111754
19162,0.8371698015403822
3254,0.9825900953400493
9038,0.18883538282270584
95150,0.1887002162192904
95704,0.1893962314265374
83830,0.3737427769146027
71414,0.3946879787191848
38616,0.3688315720222924
103614,0.08145743307811673
88630,0.8954406283029618
52521,0.32308755314240456
93076,0.9976998967317747
89485,0.9776436968458191
40660,0.6264397640591083
62817,0.16078646101198077
34049,0.4784878302684149
43571,0.7295619781686663
60077,0.8775698639324663
40460,0.9508728419740686
22185,0.9924968852958889
15237,0.25827258162928357
66961,0.05320943450547996
67110,0.5709042971101987
40897,0.6419417707873085
80317,0.17267547035390512
83200,0.12453362242273688
25955,0.5840370384233471
60010,0.9909999927518006
912,0.34510910348529145
21643,0.4069881191092224
30001,0.08276288395481506
71796,0.36311721075190756
74445,0.8969876632953397
14690,0.8173601070219461
45915,0.276338177541629
71040,0.9965983161904198
19444,0.8657774620111625
101898,0.6922701539930862
19483,0.7294565583540942
45070,0.609785556509606
96007,0.847049358864332
8226,0.6098661215235534
14087,0.6032646264728091
19621,0.564434131846104
68803,0.012854611197455389
28496,0.24250158031140656
15223,0.5256406522485719
71389,0.4256965972893503
18222,0.0933589513477129
63426,0.18061560400338184
2400,0.26274130569655796
90638,0.8792884886024891
93030,0.7226926900722656
47044,0.47795740697728994
95745,0.7053471270210234
93733,0.13086480837107345
9250,0.11758112777548645
12306,0.10813153222639771
64916,0.8008195445922786
97639,0.5126497923764994
93987,0.41415015151343404
69833,0.5989033956944994
65147,0.5919295846435997
1571,0.7966690940745849
52732,0.4053079251661851
24727,0.29601546445307875
36305,0.5893565444998521
33909,0.9858350998476825
36684,0.7321820076426828
88787,0.5169264759489278
5125,0.9824493103976557
96456,0.35090669821011133
100451,0.9311976559048273
672,0.8759152617177262
2769,0.5878849802194175
9242,0.016794332876856888
36840,0.8258432034317773
92915,0.9371227209345685
53862,0.049284168846019064
92411,0.48905101433115217
2898,0.8217446278895439
19531,0.5159820237145283
47770,0.8693108002719647
94350,0.4933873724286124
89205,0.08586322655290227
59271,0.2604793095010047
73559,0.8785461350885699
35876,0.2262487326624887
1124,0.7131634066439143
55758,0.28421731687318835
27800,0.8393483637010308
95921,0.29380956282877835
90850,0.9363030988706131
67816,0.6137916069372521
70511,0.21907144408455487
12435,0.8334105186776969
82454,0.3137558222719147
78358,0.8730795521197234
46740,0.30856816579046936
100956,0.1593023670833761
92319,0.2856775334562316
18044,0.40949085126534907
23905,0.13948443835452518
5811,0.9122677340502561
81252,0.48960834562328726
62867,0.15327332587637726
41210,0.9006579152876117
43549,0.25339290816831883
103807,0.6769817969811013
60885,0.3040765299380761
7522,0.5158080368953931
85303,0.9519778451450811
106575,0.20194028738505893
20611,0.4176186943379974
71692,0.8110279734961293
2623,0.32319474140940163
35836,0.5144810998190084
20442,0.15976399088180332
61523,0.19963182662101298
77677,0.14110470153189533
80546,0.3785711576775377
36731,0.2544042967106632
406,0.924787687157961
76807,0.7437937504149884
30786,0.3056612862961821
33955,0.14918430404250574
97280,0.3057773637536057
59464,0.29987432712857803
67539,0.9438979763017112
24006,0.2945172906552108
10504,0.9985246101031776
4761,0.8360665701224823
17116,0.5411668730514196
45348,0.3921787265356841
27158,0.6324214502668923
95018,0.58262394104667
52617,0.5068876110718258
92514,0.5470426522587049
16579,0.1793801649434875
88082,0.4602660697115654
63377,0.9483946812738651
100532,0.1534237325059002
57329,0.03155941140844381
16635,0.949584369159497
6974,0.01635912753590996
17773,0.21067248375458672
8296,0.42069229876306946
99140,0.9466548994881145
55910,0.7256722455101174
18845,0.8488241830591354
75295,0.9655069956008544
21725,0.18652952507972526
22226,0.6569052953174768
96840,0.30135206444447765
70051,0.27583218378291235
34100,0.6184185923370271
57844,0.6202276765541306
70993,0.05824303406417671
66414,0.7853478442635414
46674,0.2598629816807747
93752,0.406495618192208
92435,0.9830795171320922
37500,0.5608594632396735
56853,0.5870084023244316
9443,0.9537925885529313
99816,0.7722881135018269
8717,0.2302166981804708
75599,0.548568477693012
81971,0.6729336636142101
85158,0.11965316305921775
39350,0.1762987849868342
52049,0.5645351880734905
82140,0.11582719566218452
6755,0.4081468997287777
20683,0.5699136704858361
83701,0.832000385210012
75241,0.8979750977236687
95970,0.14646609338603134
101659,0.03341273601232478
47233,0.6967457675761495
86028,0.524170898900099
41131,0.25045273312537913
54595,0.41564740945004075
77569,0.0292027192681809
11808,0.20587840771575036
92335,0.7736983386085943
77221,0.8059838064776231
58213,0.11890802313502574
81687,0.04961365180645781
88983,0.09854604781599424
103781,0.09369999873813324
5839,0.9817754951511913
50704,0.3727281223446603
41307,0.34610988311836716
66524,0.9857945934568282
66762,0.26406922648302494
37291,0.1794105555397866
35582,0.0430365447147731
95763,0.9000204365461815
57070,0.6562031620784471
98262,0.7743051657705089
102454,0.0673780042103509
77409,0.7338187059239951
96948,0.14439719800530093
63730,0.0754856641345278
96065,0.16957081458990064
19142,0.8328366693013041
80975,0.9852784626750817
45052,0.8811113319817362
72532,0.5540025029543243
35240,0.08270546831682994
4074,0.9035097694608403
3116,0.01931300808395008
40238,0.3039229684725725
83980,0.930819995125563
71077,0.42521138087917976
36494,0.7991904735104508
102186,0.9785934444051084
8686,0.5343350186121397
33403,0.9529008995411854
94903,0.548691023293153
98535,0.3675844502474753
21363,0.861670201577521
27301,0.5878630084393893
62190,0.25304711248933287
194,0.5730927489584117
59599,0.7127730158064949
41074,0.925560953920006
27736,0.9744818036524245
68224,0.19476761915295776
2846,0.729627483555126
73329,0.30872582031012785
5316,0.4099161757719333
2706,0.05791782807426071
18783,0.6340731891777107
7565,0.3411883338649788
71519,0.03485157762695713
51119,0.6783660347296301
73556,0.1400316242725587
3629,0.5628240406266437
96197,0.833221999347488
76831,0.7409098331090206
41283,0.7286568424651274
57436,0.26550838197180643
55158,0.9470556355593728
13294,0.018216489321634808
36363,0.58595404513301
92465,0.4740828304333451
12609,0.8891637790187145
73237,0.07118121820868725
106084,0.9954768485115045
425,0.6294284165485411
16773,0.9019943586027319
102694,0.9697175974618195
75930,0.5512225951787492
76772,0.8160820294617399
73463,0.40151488958281567
35492,0.5926910596726825
100962,0.3337925055481175
58898,0.238867628719472
18809,0.45284508573494947
76369,0.5466351416796902
103775,0.6971312671571099
50947,0.26856431933971286
107105,0.15071476200113543
52820,0.6539094203907047
35491,0.9677484373722037
23943,0.6681985429742016
28067,0.3641079557820024
2091,0.7896039775038195
19327,0.866006965807594
45743,0.8859435146463983
11684,0.38917190413331937
37212,0.8960520385510689
98860,0.9738464773599584
70244,0.4728872155633086
87254,0.5989310340216977
81809,0.508352639986898
39662,0.9568366427848658
18993,0.8080358486637491
102329,0.12841204275575197
71104,0.9511436096474649
103136,0.8519719130590562
62301,0.4879673077791397
97951,0.5744416942988078
12261,0.45680356717432835
29607,0.42924970170233856
64961,0.5483329054176934
105560,0.10619317293834912
14058,0.41898302425911504
25224,0.4476741332350537
97216,0.37264777323731524
66479,0.9847827995387519
43400,0.5376845791707114
103361,0.973498045737331
71857,0.3105289525523623
102951,0.7384412093559315
70474,0.8710510370769433
1561,0.9830456952361952
1056,0.3925636800654133
5929,0.26828546270373294
3326,0.29081993959081165
472,0.3466830776416069
105328,0.9922738129873256
18584,0.941531205683865
14336,0.7158824350390705
38718,0.7664850735043067
81705,0.032217734846762276
90578,0.9600992851718835
21136,0.6151789093890818
96526,0.6697700067544291
70688,0.657559583684939
32076,0.41236139692487817
79227,0.63528128021064
70403,0.6424566485927818
36172,0.27698480610417653
69145,0.7551502625727304
79692,0.10358434399755506
92917,0.07403617538797858
85506,0.8870627259252574
15441,0.9228138748556423
102805,0.3706701214970774
53322,0.12062048754427372
53628,0.31534266729953425
67053,0.28067648456666516
49664,0.25746471281558786
52379,0.3420414430911904
89927,0.4139437147868148
79306,0.8854629699999659
61848,0.7648619234599623
59894,0.8582286736790491
6343,0.1049614920155551
49379,0.6267121200586289
43932,0.3136761943722172
51891,0.2899443628820444
47684,0.633067201824041
42368,0.5306561204828282
94677,0.920112034043197
81349,0.6852855508106994
101549,0.2986867454566276
102583,0.38980731868524743
102751,0.514725879048211
73545,0.4619843457379938
87746,0.9638624872052266
91360,0.9100339414336656
50130,0.08527786161498072
86506,0.7921794247649606
43251,0.9457731422943553
82991,0.8832722155217441
1196,0.5179270537506381
35346,0.8688878149104382
95915,0.7857142807114643
50942,0.670528399214745
94004,0.9663747670339025
67116,0.9590470564850364
85848,0.03160761663217326
92443,0.9458705272294938
27564,0.21622796918529125
1052,0.057203323011126656
56865,0.6432264683909477
71213,0.6006501105640493
97167,0.12628803055149124
31611,0.6716262380962803
97081,0.740176598819043
85914,0.33705934750781885
77780,0.598146541707427
79735,0.15045973363189374
38070,0.6885078831858484
104624,0.445468678785092
85892,0.40009853097570736
61573,0.9685999807502212
106356,0.5578244980943645
32933,0.5690691164016519
68606,0.8520279781624946
26191,0.056277860007527394
72996,0.9986939558226968
14888,0.6540574821413685
15547,0.7204615691059626
82169,0.6435875527139778
79334,0.997100819218997
71949,0.5873908013859792
34097,0.08107396590875421
34726,0.2560750798079894
35190,0.862141555319206
102937,0.18100770140630423
47205,0.8858230741849854
53487,0.4046597721955406
32023,0.6210165085247741
84844,0.211937939996047
31030,0.7084956828940239
594,0.9879548470512638
95995,0.0213799658732533
29256,0.4232711494952015
28103,0.966021841989923
101705,0.5881108495737267
54597,0.5452762055393269
86133,0.9750005527517787
48719,0.4636810470714847
13481,0.3366794445501756
56647,0.5362936065261635
103100,0.2159092435518325
61338,0.7889927057953621
1745,0.48186007235022854
44981,0.9208557536979174
21909,0.6472756964471751
63191,0.53396340921206
105688,0.9889372777816852
50576,0.533827163034223
59004,0.8587792412271245
78710,0.04071651802822568
81266,0.44593507169158364
53011,0.524185228511144
59454,0.711169183999077
62370,0.6489818655137802
15436,0.8384085508832952
47496,0.20550205524944637
46929,0.36705017558190267
31547,0.1559876808025389
40230,0.0674414619714445
72864,0.34399116561319504
96419,0.25053744768894654
100337,0.8482518248757317
16843,0.24679133194247677
31034,0.17513063460593797
21759,0.7667895078468359
46175,0.9953647100935089
30282,0.9954376169378504
38301,0.3643958371503946
29861,0.18633711894089028
31215,0.29151108427714567
75124,0.0691687920910802
49611,0.14435468624899328
79184,0.6877425814291991
98827,0.9392997793155511
53215,0.961797077287693
67845,0.9072168586666087
103204,0.727706259209512
30524,0.9575476869448798
59626,0.8480260819805593
74164,0.9953880706065046
33755,0.8999326349809498
86222,0.5457425524286033
41359,0.8678587059854306
88380,0.025378921428923448
34779,0.8840298101922925
20786,0.49529786020267574
27313,0.871129018657812
1923,0.4488625862185348
50465,0.1695322741604103
18269,0.3175248880613027
101096,0.9679959819165785
51741,0.7266683674757457
2655,0.044434217904782004
51362,0.18042301443629458
28358,0.6322045343556861
89742,0.3481494927336822
79000,0.3066132526155685
20164,0.5325412929765238
27133,0.5193302378365967
22732,0.23438382933602903
56571,0.9192723522919959
67016,0.6680245335979507
75456,0.03285471057732869
17639,0.14411147509007566
72842,0.18792852026359086
12597,0.85489309374846
6071,0.5775308401054726
67489,0.402322723319312
43846,0.9274998572038935
7860,0.2892853210581344
46167,0.47837908393471396
1043,0.24016147730597998
19831,0.22650836745146974
36952,0.6631745690081242
14413,0.9651516520705199
101104,0.16117576054599836
29305,0.12308284631974895
14320,0.8015785587417646
83868,0.452646713498083
19295,0.6850054816255697
50380,0.9490483603562369
41683,0.6866880376448424
11830,0.570668532189823
76290,0.9677973127409143
27478,0.31764909611417186
10160,0.4431628192284385
34859,0.8149626080825394
17876,0.2358181862963995
89367,0.5648991387926676
62132,0.8943714314641442
79903,0.4004653482186914
99802,0.8819584697805394
91027,0.625462501416717
31945,0.08067798600234515
103290,0.8302824175851563
77395,0.6615112912041983
39151,0.12232373653164452
14446,0.849021672181494
56349,0.9122851066100824
84526,0.8997415760911931
62866,0.7950816689248288
48188,0.3166466840224005
1284,0.0863252507685636
34337,0.047949141128473094
73565,0.8198419257849741
93997,0.25620396373037385
94490,0.4595512078007379
104352,0.9349436387596632
96339,0.7013797973827923
85425,0.9576999999806702
1773,0.5159645105657382
81364,0.22916647641011192
7846,0.830990145395865
67297,0.7298935418425893
4437,0.5479115147681423
83380,0.22368641621469673
32965,0.17442362525226432
11367,0.6373480917794203
11935,0.8829957757858226
67673,0.8082244205737923
73183,0.11732759993604977
106947,0.08470541375559826
61526,0.1413627666783033
19961,0.959168701591117
64622,0.08951504821908228
45930,0.8782312075419649
31971,0.36366953401330865
75761,0.49877006881606445
63725,0.6285131486960525
76687,0.39057880848958987
92060,0.8216610818340572
100387,0.08342223107903839
98217,0.3546528644830077
81871,0.28680654728402905
16317,0.3043794286365424
66790,0.6892330517373053
82663,0.744157751087422
73834,0.7208311355408806
21347,0.8186470920382063
86955,0.8993732139484449
86852,0.6167338819448835
68457,0.11649637272264374
88093,0.24407700499090482
81164,0.4028086227486898
61819,0.8717532596860218
13012,0.6611816606370596
13155,0.062192201215330284
15783,0.8317062982219463
15673,0.20819259692653963
35925,0.9632588263095618
106969,0.4313780314574339
25640,0.20592356629572744
97931,0.6356421661695032
50074,0.1245929393769309
29649,0.36106551698843886
91931,0.07076162394401755
61722,0.36826568687948114
20287,0.31078441768657006
76463,0.8600096533781044
62710,0.9111554368155458
35255,0.3944059951480644
85906,0.31698042008028077
11618,0.9966962650113455
94378,0.9245075816413808
100329,0.42119422290134284
17723,0.2047900535201543
39882,0.33093330533801585
11795,0.9751957507149343
66789,0.9805104137436893
102765,0.5437987763681641
13650,0.9508794732589063
97337,0.3293272789816597
23806,0.5623977772686446
34279,0.32079686423560744
98949,0.49694823439556673
82142,0.601803317033905
15659,0.6252567126317452
63656,0.8333694584435896
40763,0.03707680205629241
80836,0.2828329225928009
104849,0.9409646997937073
86473,0.3838194739438874
51194,0.38583356510872246
66403,0.014498250654706458
271,0.6472041860533264
2273,0.05600291312030334
81275,0.19696413521652328
14715,0.6955200330989503
57319,0.09338382351768122
35197,0.28381092259668095
98220,0.8726600441815294
94959,0.7033754935248777
91613,0.7525704109703142
94534,0.03567848870834004
81910,0.8329424862687556
76649,0.17643820834117516
23354,0.37556091273968556
40827,0.9055808352805828
78654,0.06961833029392256
73369,0.06752311287709288
67659,0.9016182482451944
34111,0.7211766785884337
102361,0.5774529848179767
37171,0.975052228330587
27744,0.8017807118423439
53767,0.5996982839292614
42072,0.9316530096267488
53742,0.12245717917083523
46497,0.9169783097470978
35788,0.8924338252711002
88746,0.9246248527992884
4922,0.2834484101493342
41718,0.3888976689801285
8802,0.00585230052501392
38604,0.37654651639964787
57098,0.9027361967767666
13275,0.5130996623336335
18055,0.836671730499273
49524,0.02024190249717808
76101,0.6750520955710597
66332,0.19752394055307704
91441,0.5323640502247419
81061,0.02361446514453826
96013,0.20236204343768416
33186,0.3938620891013451
75009,0.20998169861110613
73082,0.583983535199328
3525,0.25562917126426266
1836,0.5548554370875609
34802,0.25667845255478067
19758,0.24049056480554315
15902,0.7999437381947565
23441,0.4138480302333273
57798,0.051910114134090815
68964,0.6661712924593647
68435,0.6997287164839425
26294,0.43681764685860613
45844,0.16114196346187526
60688,0.6451839736817715
95472,0.6297795427588846
39837,0.40086375027745436
46184,0.9091096092564019
64478,0.7396765912137773
55688,0.43335134508657425
89513,0.06371476937290656
34602,0.9360867144193863
25366,0.8676858161173988
44642,0.6768004141881157
66923,0.7414107585184002
83881,0.2049754803592414
13996,0.9619914734262829
6535,0.622876209665247
75328,0.1245276408264966
69789,0.5636263451588035
102472,0.1929319960940384
27005,0.2649609476763661
94773,0.8491987626599766
39038,0.8954641681006077
59584,0.3142441097385873
75032,0.508410410627005
94365,0.42058712301213214
86729,0.5802747612308268
103277,0.48113593014291534
96803,0.9144421887591294
58216,0.6258173963440391
59839,0.6376942947244857
98342,0.22361654375464246
60175,0.8387689267096651
82073,0.9167032829266235
93301,0.9854096813955614
63588,0.7373900978704792
27987,0.9899986927888186
80054,0.9270289562948069
28762,0.8772252302799844
92627,0.4804996730894343
37981,0.8656565431116512
103582,0.06801196348749664
26564,0.3100449458093346
54394,0.25804894200098305
44332,0.4337980533718091
22138,0.6790748469197067
94855,0.8802810876940541
4632,0.09200798624680426
32784,0.20456770664282786
32830,0.7766366185248139
5631,0.058812624601787586
16808,0.0947432333666858
99344,0.5762439847914254
62996,0.4841297456707844
94028,0.42413688671588157
23890,0.8885109650688465
65380,0.8447141838627295
227,0.2798473410675398
67725,0.6705973440309703
104891,0.2552706367612898
28004,0.3959372436249434
83787,0.15736775500388617
29242,0.4641296966537455
19087,0.5611659969228431
21662,0.9730976663714939
80430,0.9272805588060985
11521,0.17877502228706676
5769,0.3540707252944795
81749,0.8542164462157636
48697,0.9351436241621691
48172,0.973286008504137
53034,0.11810820893889991
19406,0.8342895316995341
96433,0.29346620078479374
31600,0.8832228945600877
27238,0.056146049370149276
99691,0.9362110181657644
82316,0.6880411171443886
47283,0.9411475442348054
97742,0.5624395398495448
22508,0.901364694422945
49085,0.08618748713516385
35900,0.9588999994284115
87088,0.293485204656908
24902,0.8437437816039477
94494,0.2098325630027018
28022,0.9849496998836789
2059,0.7981139154282316
12010,0.8994862125068992
57179,0.8897407882065451
43643,0.7609456090954941
49136,0.41281199557787296
43229,0.17607183207808652
94695,0.7713259062117283
35330,0.03260504783501158
68583,0.0335449151339189
35691,0.6666117340308434
58106,0.6274611208567682
49013,0.40234777361074703
4021,0.7872628986101468
9736,0.6319017970871629
16976,0.8791844838041354
60727,0.7726812631479187
22616,0.4528156979896917
94363,0.01399331263082461
102735,0.5113260965309204
73328,0.5795580017666264
82486,0.081110918601564
45754,0.07602720573073085
52339,0.02584617626710436
27609,0.3586089524763494
75284,0.38732117166332886
31833,0.47749326132056713
43459,0.778985921064422
43426,0.7765246713416545
16966,0.4133777545090306
67316,0.33099917802157086
90027,0.4326994338666994
21202,0.4130947297743819
60034,0.029160129138327457
100336,0.6990838322020114
104126,0.8499286902271412
10532,0.6327357379203589
19102,0.5866026031296456
70178,0.33037663317143856
89262,0.24647843128424252
59485,0.9397860496690961
39936,0.8013431918450981
84258,0.31678600717556094
98035,0.2778741790648217
13638,0.7855235680197644
104139,0.12925685732335632
93985,0.3888965115783054
15049,0.2737057452745729
17040,0.20270426303268269
21849,0.3007606267116643
27661,0.8413511882755048
26382,0.1409088624015571
55516,0.6218545219300502
65056,0.9400945579108517
38204,0.8101608742916019
45724,0.7606732004896342
51528,0.6443185639984136
42609,0.8349903174502245
15379,0.48530105462243334
70841,0.9841777033858103
49635,0.620219342635468
54418,0.5041539369795961
34898,0.8408170433608091
82519,0.13738843080774363
22371,0.31165691952875535
31017,0.28003846023669515
95026,0.6842394864403321
54736,0.4595498552719791
17067,0.8662219596536701
65336,0.7510883708116527
64461,0.19667046991295178
81513,0.1677507134568892
56947,0.8745986586197607
27779,0.13280233127187702
97067,0.5959872670938486
56463,0.1967793018185866
33626,0.7556723812583008
87493,0.12294336024061367
45569,0.9360395830603729
20981,0.01969675439325757
145,0.34201640956701174
22884,0.4261891336876029
8896,0.4480901699145104
17763,0.0814283317516225
6716,0.3236632941659361
77738,0.9721933290628376
72793,0.23964516821061416
7354,0.9474765809422012
23390,0.7895916910559518
86826,0.2636548132416301
102897,0.6735671904189953
2390,0.9110967111429409
101532,0.9152176804839878
71510,0.1026476593200557
85733,0.5986026818656474
104850,0.9630998978347642
36937,0.6868187362060948
62521,0.43126515511094676
329,0.5634311607753388
58726,0.4335197698836038
104467,0.17902615702690203
11753,0.20056748643959338
75997,0.5543554568291216
44827,0.8547237995407166
81596,0.7904794842216092
5976,0.88436150312341
14096,0.7110669496458468
32561,0.4310536719681759
97574,0.9274903158980502
87563,0.5360629703639765
4012,0.13180775866826946
44065,0.18166152446525685
7357,0.11471529875098344
32431,0.7718676812233225
97914,0.8458770476824153
10926,0.6149344174176958
25951,0.9345419590936854
16993,0.06134647183151265
83006,0.8039489776727655
65555,0.33513864028998563
47229,0.9659314249551544
24230,0.5396420944967134
80478,0.22787173728500748
12794,0.014298695925000188
101427,0.09559544321181451
77338,0.2411972346247211
60261,0.6242972307643713
61243,0.21221537156461162
52749,0.48605206876753904
35153,0.612659349520678
1847,0.8153078792706913
37515,0.9972388843532642
59715,0.11902476387572725
75508,0.246153470887786
68453,0.67507248116458
38857,0.6268911104246225
76901,0.6930645551289827
45312,0.9529915621923777
64699,0.9205284734843455
107124,0.8933539223735744
106450,0.13705237107326596
59034,0.9536711616181924
28823,0.8590586758081186
16562,0.4442741318514951
7111,0.8294210995869638
62848,0.28084376151588303
2065,0.2816106877699208
93643,0.3135003995346644
14995,0.8832767813979626
10652,0.6425063159972526
96790,0.657532143588747
13931,0.8728565064629673
105910,0.6384604836063605
105867,0.45053531817602976
47543,0.5125995712431345
52396,0.4316895586583242
11384,0.08778812051476212
58047,0.6472321048649652
27059,0.11077407133051809
62378,0.9274280371296209
91044,0.5218744938731669
65285,0.4717581435463944
9793,0.15836190596484787
87140,0.23495016379716227
60724,0.7767268457306724
102439,0.43672617909003564
79462,0.23331688514113041
37993,0.9685965373578125
83192,0.39544977019660504
16217,0.6854498054209385
50809,0.8788915520902656
69198,0.9306298809058684
4837,0.5691844738377363
1378,0.6533618722026442
6627,0.3813288982989297
44185,0.6835889878897563
89323,0.47099298962229963
30419,0.3548102485840754
44183,0.7877823075896626
70038,0.41256783448983947
42202,0.03396148926461661
68211,0.04405473085040691
86889,0.8305815729885597
70314,0.7302345991617498
28421,0.5630949317194669
79594,0.6365107110992135
63970,0.8832220595228669
66554,0.8195883168343487
73096,0.9015583944841739
63901,0.5745972070648918
48610,0.8507331653765857
4433,0.670526310283563
83417,0.6159494432225237
26109,0.01704332969185755
107024,0.7646000049353752
103750,0.33085153757173885
83501,0.9898485637260012
29599,0.9215110319135746
7580,0.04346096594478871
90263,0.9488808881807342
16027,0.8736898111596154
96145,0.5398822504178548
38150,0.8663910244353996
40057,0.4535995948652074
31590,0.17575084231554805
101651,0.8499145808941164
98893,0.8189301369451499
5608,0.7228630034117765
32223,0.621715004004569
104466,0.5517048337387671
24293,0.7226455669314065
48837,0.029743970479396246
63309,0.21464188103829096
55433,0.22169391418697365
35375,0.15854579254586126
65396,0.562069238250731
91489,0.9152539100080819
86721,0.6969278532706147
10224,0.10603725291341903
87346,0.5337695248263084
57170,0.9994999999614752
100290,0.04487848013910965
35196,0.5823054238052836
44191,0.050619434315100256
92164,0.5781564928083387
29280,0.8201210123659183
25538,0.6225285763239538
83987,0.6184673639013584
62898,0.39712675424444854
106361,0.08553483180731662
25136,0.343221632019365
29505,0.5469569911750969
83536,0.8204605807329628
45658,0.10601279759982142
3288,0.916939616298393
23616,0.9248107954762745
41581,0.41591980320577204
11609,0.9269390564084481
90769,0.3054987472071756
94406,0.023122968113508988
6965,0.1684960952131296
51073,0.7214469420241643
51777,0.29067667203664704
61494,0.3159140506108568
25372,0.5326520500456197
71318,0.642869986640658
46254,0.9536470827292858
46722,0.5959450077325391
42554,0.8463794062565209
47197,0.27451178681891386
51552,0.06589353449489771
4582,0.34068777720208304
69685,0.7111309412267933
64327,0.6876945074218525
90833,0.21035409584393405
100852,0.7768865152473885
32398,0.06026541926953717
94635,0.7134211438779103
24454,0.20742591805812366
34791,0.9148549847323242
12741,0.012118173850350331
14778,0.7182903943341895
48422,0.3261160630418173
44847,0.42887160582336464
4140,0.09614436159539805
79918,0.3300769343992803
11546,0.47021023071036794
8942,0.2894140355482556
40240,0.4886648743471069
70332,0.9396269396004713
27702,0.4873939196482091
30292,0.26312446940888723
95337,0.8841558823248008
53342,0.4287090227617004
23596,0.22280373638845263
16604,0.8245343791671955
23231,0.7545757420146915
54794,0.1095731145333447
94579,0.2701829695963403
88392,0.9262943906306338
25986,0.951966416307823
102710,0.9749991373027864
55373,0.6667414327102316
20649,0.6234676266515478
48177,0.8446949188161449
76434,0.6398016035901624
70908,0.7910569210121259
102742,0.4045670372987745
25058,0.2631546628719198
78434,0.8970670626633834
80726,0.29983354972255233
65248,0.6070172806021684
88275,0.8817648395885085
74074,0.9912356684152385
21876,0.8240485932651447
103450,0.7029078503475602
67928,0.9519054191615313
59256,0.6692955942677109
46298,0.9350016788687335
98195,0.7431900142278058
95110,0.9856818416631549
82195,0.1715333882120868
21832,0.947401203962575
61503,0.4698028978754195
91959,0.43953609693711604
26200,0.3382765838918282
25686,0.36307538765494607
64370,0.7181825453429764
57104,0.10538279643381882
85740,0.5830470956754046
65082,0.23650818242642446
73465,0.9418311987187964
14815,0.7511962934938858
62566,0.22422050870351157
65389,0.20137993458725223
36629,0.6742458582502737
2761,0.5234809168577198
46122,0.879912344768041
46708,0.8862359684773189
48543,0.8035432254099979
38437,0.03213047230175555
41679,0.2873406518750884
11943,0.03257008352969876
80663,0.6273812878695055
57362,0.6943122490280743
78294,0.5875596306330172
11443,0.9635727329254341
3339,0.09012189346506602
8333,0.9630973363466925
73688,0.10779260096813496
101048,0.38547683463777493
38807,0.33929335407750366
91992,0.3851033639317928
103660,0.05644769057897189
4349,0.15484157716520713
23900,0.25085746012506455
54890,0.9585245554263735
47554,0.24957216934311496
57897,0.18917759316632285
95129,0.29094965237155
97155,0.49672170657186354
78284,0.7311646724001051
53620,0.9201171795742853
17540,0.9471430728923831
90980,0.00940257392422291
53178,0.6530972168701825
54282,0.10864760004628712
83611,0.9259039263290665
74832,0.27499928993035083
33521,0.8013133626729856
22312,0.4757464341371278
8327,0.9044679626950387
48181,0.21354527020063344
61597,0.921441968897097
56734,0.8913601994235092
7246,0.14862554789596472
18123,0.8699259784967572
18892,0.9930598309576497
48849,0.43972401524871607
47669,0.8508608326093394
94924,0.8584201151632778
48512,0.9397200211583736
9957,0.2508548126853778
15707,0.6725260856050046
55630,0.9765110647133808
9362,0.3969601596635683
66120,0.03632207270616473
16363,0.06003468021253433
16402,0.44432941326391423
41921,0.8462302711957184
22353,0.9052776261278237
14686,0.02378555441513766
28415,0.23134137865839133
105355,0.9923984862650157
41053,0.0617607930859646
37061,0.29556307281945315
6933,0.1521511068199324
31839,0.31203740473756103
44786,0.22137881890458078
70036,0.8528985966802911
68703,0.07904997252824102
42378,0.25229621676566055
36526,0.2765463402759498
49901,0.35001384352085313
74032,0.6800973614064978
45628,0.19448981938659124
31979,0.9741575179816209
53486,0.6491132156968049
46763,0.536532219847917
85408,0.491809857527271
22637,0.49808299003474665
85061,0.34986930201142746
22921,0.8604946566557745
29685,0.3452707788659763
44220,0.09341822201962219
1290,0.3677600662033778
35918,0.02330424628974794
95177,0.9356741907036557
31992,0.6979253933022427
61329,0.5473661183244999
58169,0.07021832526499304
7717,0.7656659699923459
81789,0.8032317567561165
12979,0.7391919094069109
43043,0.23321814738087324
75875,0.6731005415792668
42519,0.9186880200957567
78452,0.02352782337912552
52550,0.5608675436926829
106635,0.44518952199266004
95352,0.8744688631651913
7091,0.9602937470136013
101511,0.5806355618222007
61044,0.9932498839042507
63031,0.19759137331295712
86820,0.9528512921830466
70201,0.35624601774475495
92595,0.9262115321553417
45050,0.0797297946424222
28950,0.27535471853880933
25218,0.1625202736707222
49914,0.1674428252259969
28318,0.3261488510533348
20136,0.8039406620133693
71667,0.8602231576714485
100422,0.4846605362035259
13447,0.33722095163118637
19832,0.8340743440955211
106236,0.0794466925026798
102494,0.6993101140844877
19099,0.7722706659964053
1374,0.30230597384803115
100798,0.8945069882252843
50458,0.23670255109833427
8098,0.7612502246274961
46587,0.8763224646061667
97916,0.9289967661791347
15653,0.11817394877394446
41534,0.9523199394661219
1648,0.6477002670866174
20773,0.7867692462801013
67182,0.42103358960445253
75074,0.26288771693395635
103776,0.9390574908961222
84381,0.14776612666800376
66906,0.49848034524504664
76170,0.870532774594178
3635,0.8867823507153106
100541,0.24368369031465764
42074,0.33173378406960574
61498,0.9266538440176985
5817,0.2686010743848152
5050,0.7762516265851769
79558,0.42935375585465013
93493,0.03186925189009463
3526,0.9655833230028767
14253,0.9462413826833584
41847,0.4275147487002038
11067,0.9016915233587482
19072,0.9454921148432515
42248,0.08675191936866346
27783,0.6955141939506518
97731,0.08992779480011553
65049,0.7994747252179236
48336,0.6172479755157678
87509,0.2714780535419399
22247,0.86071508908189
98041,0.9318380188273521
89133,0.7967598589130802
28435,0.37515488530318053
1568,0.2962216843102459
49259,0.5161264380066448
40251,0.7585272751962595
21063,0.7407508463372146
39510,0.49215793009250475
84092,0.12209534385966161
21541,0.7798506233625286
56060,0.23491429032099773
58625,0.09897151193511058
55009,0.13833054192505417
4421,0.8306042595904414
58289,0.9358610179093201
81464,0.4792196208371643
56880,0.3619700391689318
94733,0.7059250710251673
89920,0.4621851335872766
95370,0.5832186085185416
86551,0.06466408631401226
64842,0.593715665732459
98219,0.7581942471535666
14959,0.7037991302202156
61918,0.6624695399164156
30768,0.6170962390094888
84626,0.41382074200678676
87409,0.9687804744705284
71910,0.2925678064920585
76044,0.9536373888460308
93349,0.8859915201149393
83169,0.0628046042715924
40924,0.6854153296995519
83906,0.9794935115174563
90343,0.7747647062574725
99624,0.6567601945134212
60372,0.30637738308015483
17360,0.393716773393206
3376,0.93306555055286
101531,0.4754604510932564
92693,0.5958370557296904
63830,0.23329167482052326
105550,0.20256170027022657
67793,0.39397536855519666
74065,0.5846814886241561
52043,0.4857801487513248
101272,0.7797476809224007
95104,0.9665580974858965
12014,0.8322236882315739
56921,0.01799561534330905
91011,0.2587332205224141
22278,0.5034678805929372
72818,0.7570069923245593
18017,0.11604601801902023
85902,0.7633202457146224
73281,0.5994218541978367
66154,0.33364459801940016
64930,0.563351077797576
99208,0.8406444748433941
46912,0.4419529561711464
82434,0.9726897261660896
34011,0.6140487975440768
93158,0.9861995023140596
2811,0.8507361986130959
10413,0.2106879392444553
19194,0.4260401557220539
49608,0.9363672543563928
66841,0.9875771258627359
58801,0.5373204626182041
102353,0.9814327033908464
48903,0.6637514868958866
59202,0.7955884195839205
88029,0.17750141082390447
77130,0.3485738611302833
40716,0.6844224250811843
51834,0.9480803281289454
2106,0.18885377541891843
43645,0.12416040928447934
103317,0.16812195989242323
90097,0.8890323800301003
67179,0.6004281095928571
75619,0.5496791835997559
91664,0.6583924509070582
84404,0.32759670546989944
62415,0.28349434771828685
44375,0.31459727929729386
99252,0.6324930467437619
62134,0.6700044623168956
36512,0.763811438914836
39584,0.298913037462171
49182,0.10308197548479824
9209,0.11508416417471909
23385,0.9312466508284933
14286,0.6067220257947418
29787,0.18768874263824709
39647,0.780641939373115
47671,0.7580895043605146
28786,0.813808435938651
59678,0.8506326315065269
30071,0.3197674569028125
89480,0.47312261361800445
12125,0.09597686733671154
93053,0.16322487107047834
19649,0.8174761226339564
18321,0.7770714229903248
55999,0.23270237759311024
31501,0.2645195460076971
8089,0.04154918995982112
25411,0.6134576638067346
91874,0.11221199755782772
466,0.8546439043723253
49124,0.38311932167196316
16452,0.8849512860932658
51030,0.046711522505201414
14352,0.2936735698296517
20051,0.8599396969252577
68506,0.9004337257876991
46932,0.24569703716347857
48724,0.6576833418336702
106754,0.7889511453091524
70520,0.7634193046585855
32716,0.040301269456940916
19783,0.6114376478697026
1729,0.036687507251809956
38511,0.9865829489420119
27811,0.4868795319079584
40368,0.3134403552399916
49438,0.5468457923944071
106631,0.03871507119135295
43598,0.11347711958609313
88438,0.3137916083444738
38912,0.33889912716752757
88719,0.697638695551995
33208,0.30130844014226843
75282,0.9365115499132366
73266,0.45093044146385597
19084,0.546023463878802
5823,0.17840890078507443
34194,0.8608125874395144
36136,0.09380957025915704
55696,0.8261471249902649
27683,0.7929422570342287
49127,0.878886647331306
58850,0.2757011069977917
19462,0.4112087127227172
25121,0.031192304496923257
32769,0.2701609085852645
67726,0.4702790564707975
30824,0.6501118624766113
104718,0.4277000685728849
93260,0.7440920691351145
72559,0.15301556941892813
34565,0.7374776060931767
29042,0.8446120340355198
98338,0.7188822337287093
39563,0.1547265100291379
70885,0.11206127713358326
7911,0.5351520471844856
23393,0.16383530563872634
29608,0.4797830828211685
55788,0.2629377675664057
30151,0.6250034112478109
88907,0.7938813342667935
2054,0.01638818321805843
24459,0.7544150371750585
21357,0.7353704385249241
10902,0.9089348609752397
46706,0.6676703516635243
47885,0.30650827547842824
105126,0.7774117572005939
51203,0.6943583479017266
87021,0.9909499997561255
16789,0.22861351905526286
104871,0.4364060957956484
36294,0.42356381980230906
7053,0.5471904195022314
71733,0.879990417364436
80090,0.18019940834500298
6574,0.34187156547064756
31797,0.5460821673883651
19952,0.885107303837871
16668,0.01062024079229742
48236,0.810887456586552
40314,0.05118694465521974
66603,0.7049101242135661
23583,0.5680703533469225
61738,0.6242863544945125
50567,0.2585817252047903
38284,0.8311289070409724
3562,0.8490176713998451
42704,0.9197786357953966
21007,0.5789674685421521
56284,0.07707482688893447
72475,0.8289745309115382
24080,0.512281500109258
50203,0.9059341210012919
86643,0.16693998568035412
35152,0.5416875899309894
44133,0.5043301192281073
40041,0.6231181289790142
82527,0.9445688042815827
35320,0.41605186570001557
100607,0.7832388000769117
91405,0.7844481736060741
51837,0.04761818924973635
22239,0.08789958133873554
79207,0.9721534725556007
65262,0.7047593402919563
65622,0.11997509193221997
29865,0.929407809573621
90444,0.7128025171501037
58080,0.9193606658438334
96233,0.6207743226377114
104292,0.9193333913377499
23999,0.9304840260688295
87724,0.34640480235478993
61964,0.4797070281681165
28233,0.8856366790377086
87041,0.929818705364036
29483,0.3721199579434272
14131,0.2562589962611026
97450,0.9595937954629928
65873,0.8864856356954613
44510,0.8884673341286131
35799,0.8075534771742698
91708,0.7906168043798155
93454,0.7067833407555514
8299,0.012829730797161298
35919,0.28868154098372106
628,0.6414056217130033
21766,0.5437007434497221
44458,0.8265963617307779
60983,0.9036023895389428
4255,0.7367646516493638
49690,0.11470949981063192
67251,0.859879436083
18018,0.9226829617023797
64334,0.2275098960360123
23020,0.7987372834946885
64539,0.5264312181505184
2636,0.6144265183584764
4239,0.7384808905721425
2916,0.33360405693764533
47620,0.5359407254188508
95172,0.31697073122548913
87497,0.1417106431378895
102911,0.17624360098210665
62964,0.4787930362461228
17161,0.24717459559867205
67138,0.7497005241269198
16931,0.2446133771432557
2191,0.7484479602645081
85278,0.12844802925649657
32044,0.6008591664380261
13297,0.2221401321549079
22001,0.30338906769826146
25536,0.13214465876924247
82091,0.8689340245302325
79109,0.939180215582387
99901,0.4166815208105371
87478,0.3961124903694839
80502,0.8513888941134391
77107,0.6764998696669228
92705,0.9296473288384008
82783,0.45899025640930846
90183,0.257296344064738
53221,0.3365821642354444
54010,0.22475448560227018
43465,0.13820993512085678
37604,0.767773832806002
12589,0.8490018314983021
76240,0.8695522521003431
9378,0.4691380240576395
19599,0.8833916140692988
58146,0.9489869810740259
15010,0.8566953109995121
61669,0.7715094526125561
389,0.6047881956120307
28590,0.27456751115267075
26249,0.7837637556363491
50580,0.8817471448482446
91531,0.9519343436664618
76422,0.0977495304577766
98346,0.30663334067536485
64132,0.7417418129565895
2103,0.6041531111091417
52810,0.2616901396392154
99888,0.682197906210016
105511,0.31998391216887656
45949,0.7256463901235605
35279,0.4499772745939282
69937,0.08971459384127625
88281,0.43957220354337667
35458,0.569957237454692
98724,0.6063629887752209
33661,0.3831311394102062
36453,0.9770282853274627
66277,0.04936720763001639
11313,0.6816574149555668
54039,0.3252031300002169
67162,0.257808850445595
82272,0.9374863391102188
11190,0.5182739958566155
51756,0.533682375917033
87877,0.024778302335834328
65208,0.5497765903677546
938,0.8445340676350412
8843,0.2569526577610458
62361,0.985648236757114
51842,0.565379661204836
68472,0.23251041238530307
7764,0.27494760169323207
42727,0.4600723743497759
203,0.5316751908664631
37980,0.20482259818664245
102455,0.8916781119847991
83234,0.02401685284526075
57168,0.21470338783618736
34845,0.6138468787949436
55704,0.45416510532919596
43121,0.16089446322743428
33031,0.3084361112021581
84017,0.8850561573964617
65439,0.44399396385891493
76588,0.1611087571834879
97248,0.14394231485385317
36473,0.8159961223095878
33423,0.5488557158050591
56678,0.10977661142867057
40269,0.49435239110208196
60140,0.37393356594224175
16164,0.8183841090616021
31227,0.5431371495451954
100102,0.4442156193288132
95294,0.05448407384024215
62010,0.32790497312174566
104912,0.8627944091059889
8993,0.5607163518606317
15518,0.9011517251603812
50328,0.978970897510923
40417,0.16409290337328433
93859,0.054972056704193806
5016,0.6590337977314201
21094,0.8895867535516452
26228,0.8069525635196617
39317,0.05590981561994318
6096,0.206341577218699
71548,0.7018587705214883
24220,0.06221362027349667
21791,0.7823552021222058
20371,0.6512204042179186
67898,0.8426465523536475
103635,0.7638760282992653
49440,0.9498245339867712
94769,0.6692548658595577
10446,0.7360279879558812
33663,0.6366906910241972
16336,0.8978619435545232
13881,0.48927615976548944
45024,0.34477591898143006
18329,0.20848156984602856
71536,0.9339163654411129
45269,0.6919035182490249
53758,0.8036248708612035
30249,0.5283884337399889
16989,0.25539819119717383
66127,0.5847879879368184
20159,0.33468036051767464
23049,0.7898184829894038
106243,0.7716996978088015
91756,0.04363188049023598
30302,0.4741653714197488
50487,0.8643293560535232
94582,0.08361988637437505
85863,0.13989478806202152
54544,0.43613130183835186
24480,0.1560066575364329
66645,0.8187069601219359
48238,0.9955999999887746
87273,0.9999430364596593
84861,0.49445655845675196
25328,0.04163372210204578
93455,0.7227986429519248
76358,0.8766640204874627
64119,0.9539686284060287
95989,0.2842794085791118
14317,0.136688487956301
29470,0.964239124984525
74323,0.2124043309070749
80695,0.42915318692285387
26939,0.6892743164510207
29512,0.5887314749746613
74168,0.8729069160696532
48035,0.22010297936379203
95266,0.1732492785541614
1493,0.6290089364665512
50973,0.8519634123595423
74763,0.8092784505531818
55922,0.833693338377371
22062,0.0541549925963669
30450,0.4677752118232443
93468,0.38933400608264246
53150,0.9336134129183113
47326,0.4599596108805474
55563,0.6506014047191037
70116,0.9972462014248978
57580,0.6282619949972184
75952,0.28366778624769184
100913,0.9717317497248332
95057,0.47396831662464356
91782,0.2191848454867738
16983,0.02625738705708636
2975,0.7348054565002539
88963,0.9876431106560427
19730,0.8254095407831783
93990,0.4609430779622289
1787,0.2916392328505655
46145,0.11366896569890332
85637,0.5103435875571829
24327,0.4262696113326306
106396,0.6156728109616866
105351,0.12829271031948125
19104,0.9159764341715013
17291,0.5022589547416015
104618,0.6456093841409363
97225,0.6319688428828584
101063,0.8605942960841391
63097,0.9869622634987889
39930,0.9830647924000313
80503,0.7746771149640742
32279,0.844954822252066
70128,0.3461499638215216
29146,0.051342825693492536
48275,0.7971916529434182
61528,0.08586087896781473
39366,0.027565970118522805
80412,0.9478313830521188
60591,0.2866028335185625
21378,0.7190869028023675
81393,0.22424793248401093
91555,0.5109060160844008
71883,0.10818764295256598
44107,0.17189318803928072
79009,0.8662227290684409
93069,0.7898018792617632
52996,0.9006342198929882
6842,0.4833713444029797
49577,0.7948046569447189
52152,0.23707933039033927
69008,0.9538513249562692
32692,0.7848685449723758
58630,0.4721373211139964
35659,0.8037247489604419
42219,0.4100264477266745
81987,0.9496898912938011
74,0.2747100797822713
78664,0.7804463248588405
22392,0.12176778499983687
10881,0.6525144625582989
24942,0.27293354843472617
56862,0.6198357837344675
19427,0.2742260788242661
34266,0.8147981471615101
34763,0.9291565712363332
24096,0.9067759862521357
104578,0.5393825358448768
94951,0.4328683557084272
40265,0.6452117637137547
3839,0.6002744176398696
43888,0.42976287303970373
105288,0.013200904199526829
12266,0.1003128578434143
30075,0.7521986342374207
95856,0.3086086058592769
52529,0.2370950950542063
91774,0.2668929661726893
54433,0.7956168720645782
103412,0.9955982101215193
45906,0.7729685936716942
51747,0.8566237149080229
53810,0.19278373210837194
24965,0.930158107174855
17742,0.3130213140162145
1212,0.9787987058277536
59267,0.2599506959035077
66069,0.6454289295624069
25825,0.32876275397894283
41556,0.8807513939221672
64267,0.5214090525114593
15754,0.47153643887443625
13892,0.7107259115367198
64328,0.5804366260319181
55212,0.6697608632927199
8371,0.6333981286737104
81568,0.03901805523057019
18101,0.9480893221896538
54160,0.5599315034663815
34453,0.8214803424086496
66343,0.8833921900178838
4086,0.06636408952486898
1085,0.884339516227242
10156,0.6711299733403842
21172,0.41631222711993515
67913,0.6055892894734214
78219,0.9945463660567925
28244,0.4132631572755372
51011,0.8612756896142635
3011,0.6096640021327986
8356,0.3231281645633376
63902,0.31620571264312375
49992,0.03142110937494576
26714,0.5301736779994344
106503,0.11687081608783718
78596,0.03554800739494716
7829,0.9476712475237358
20002,0.8024908618561499
53668,0.6111463481916286
42773,0.6450484176521183
72273,0.7325884111543581
81964,0.7061217032690746
88213,0.9676797642416312
21519,0.994697961602256
28541,0.5339715060653163
99540,0.5870932581624869
20708,0.8472965472504748
25251,0.8949169094457792
10159,0.32670448963873655
14546,0.6470186949648049
28348,0.10811542177925326
75697,0.21314802127551627
34095,0.7873194114936233
78762,0.9317746484364131
82267,0.2758588424729164
69531,0.6702593451411148
93925,0.6444678573397613
57367,0.7937539421988598
94289,0.6254178242199284
73721,0.015828359766835578
44406,0.7679163218397135
79677,0.9091965798624664
99727,0.7938365210183173
90442,0.4613354166062076
103355,0.6415366990512464
65494,0.8812822152249902
38906,0.35742386067711684
73588,0.2972051917784821
45264,0.5308510655144161
99425,0.7407392355202378
20711,0.04065968423304234
52116,0.6287603297082675
101759,0.9024680068901421
78431,0.7131417975924192
52806,0.9748249934142523
22326,0.7484887972545105
19481,0.711358184363343
29560,0.8911986698545201
45130,0.01475231070163378
59789,0.23859837904564143
40995,0.08146547816468772
48922,0.12731262383151126
63198,0.4315181916163292
63610,0.18063925292573543
75000,0.8271377255200121
36325,0.5287359928927375
15996,0.4794991529386949
52599,0.3152015268735068
1266,0.3793834171908831
92023,0.4303287616752715
86566,0.45355868235136093
61816,0.6649063203903032
4673,0.6385550840764667
57549,0.966397325122934
22904,0.7437757468279083
80619,0.24546974508553687
48653,0.976145543610192
74673,0.7986394645551889
52436,0.44580475596429553
13915,0.8930237091456625
42346,0.15619069331405616
21030,0.19544340514171674
12289,0.717511397016875
42408,0.03899047699740493
49915,0.8748092428708418
78645,0.2585470314222309
73874,0.8938321355310825
82582,0.5628303664503626
16442,0.4446037275297413
11874,0.16659668634963673
61980,0.27766764766666696
23261,0.2761720530346815
82191,0.12019366835436904
51689,0.4502114383453669
5899,0.8741332090210514
96499,0.6982559406538486
102987,0.15715244240710208
82598,0.07680247231918441
99762,0.5288469238818617
78500,0.2190704492706716
63759,0.6489567506720915
13717,0.34700094790192837
16463,0.08065715488728767
44868,0.7363020859203098
91073,0.8731999507268479
20326,0.035707279317471544
9638,0.6217631062497135
50179,0.672406510363181
67939,0.4779444427033592
81082,0.2931615997139182
83482,0.7412802261705541
103547,0.9918627373242841
47572,0.11874934684424315
8426,0.5313241688113972
82627,0.43543503535353933
29611,0.6044217464838607
14886,0.875398508731867
35291,0.42520215916306436
86593,0.8533033734241442
47202,0.9102239653975075
6977,0.7324355961201403
102331,0.10146528933303745
24357,0.8466382578529081
74222,0.1440028179728228
38526,0.533259234145395
44934,0.9969992663223797
82699,0.8318580873242318
18191,0.0467338428634002
76815,0.1910346461546208
34754,0.9072256418195119
3226,0.32613986690427754
94643,0.17707204680863514
45623,0.5832656601687635
8614,0.46604746006456
8033,0.701623725015071
98802,0.9705420981670091
97750,0.24247016202728489
3638,0.03302590204631091
42685,0.5427731975178777
52955,0.9117012598696979
100242,0.08138384959894662
102919,0.8772184793119735
16489,0.4572774086659523
101697,0.2228768782874623
96562,0.014004026510990409
41528,0.8214644292034665
7450,0.2492154187741522
88369,0.526336409194393
7919,0.46136336401747885
42515,0.9006480584715908
33567,0.316684311142786
52062,0.8501769306046162
95469,0.6447016917483539
3189,0.39950527991767004
29365,0.02200791820132169
93701,0.4244177806316736
80260,0.7812571759126393
100649,0.06738561258854517
53246,0.4644256288402321
91012,0.38004416125526486
17185,0.9303986040804253
1118,0.7309131313847281
5891,0.5621558066003973
72853,0.8827927973854208
20340,0.2776893800470858
59057,0.8777054248908589
95083,0.7864616107046254
41544,0.23276805677434556
8584,0.23915725438527657
82913,0.5878205912597607
71575,0.6268828608575046
79719,0.01907369539071957
104129,0.04013624487662444
10317,0.656910956744033
27663,0.9425862335684122
22832,0.15786592821790751
50048,0.5120463750543129
70974,0.37116137612950084
28207,0.9513176678482878
13688,0.29014906734952106
995,0.06885768066753117
47354,0.8434738791740173
99701,0.6771270449581488
62148,0.4252619689600772
13409,0.6780698074286308
33367,0.2035119955688151
56974,0.23758485212100533
74442,0.6557032362457282
61515,0.5581292837009876
53062,0.8488038277768937
42478,0.1120564073671128
72667,0.808918222054616
13944,0.3080287664111064
44207,0.9886999709091633
80275,0.975233808943421
85960,0.02620432543560414
91032,0.3175010419767496
102511,0.39297229688871727
72265,0.8070725375880525
54713,0.05670506710497059
85697,0.8680528146484023
103872,0.15748867430074265
90881,0.979990472470667
23006,0.6501354653601301
33177,0.5670158040915358
38093,0.7504212713658391
14292,0.03275582778191638
94164,0.019201377256294117
7505,0.9424326020501239
28045,0.13595086168946077
40618,0.2561460536723798
45324,0.4038365697940723
57494,0.5888713654210014
34644,0.4336403065552257
104294,0.6643750572571689
33832,0.5942829249712589
39588,0.1796250366799115
87158,0.7432472448021283
38524,0.8910834088082209
99879,0.9803499973672829
77420,0.08278024324066308
83432,0.8663067328360814
31875,0.7954684608178033
99635,0.14344724373448103
67714,0.8764268032362617
24552,0.882410728400547
11900,0.7189362252932928
92004,0.19171920219183738
30687,0.6696247325312181
68401,0.27380511369151705
87198,0.9678839406298003
59808,0.966152648380805
105525,0.4676366388201305
55013,0.7497465820735977
7316,0.5397412916344265
52527,0.3794753253209442
71735,0.8808523710072067
26045,0.46519445762771616
62203,0.545812395637124
22328,0.056453243169506916
39358,0.45547453649580494
12055,0.28918536385349813
85025,0.9793999999991445
25527,0.6320031505828889
25415,0.24172305636910288
14621,0.13766381412278914
48629,0.4241147996726088
64113,0.6153673912017903
76973,0.603711693415993
26713,0.49175380659984214
31372,0.24197424721005795
55011,0.8332796227528055
26050,0.9219036151926263
99136,0.9854759748433122
106457,0.2881223458478612
47510,0.561204536509571
61051,0.763524510646418
79394,0.9699253465559221
83584,0.5617021589347868
16347,0.7502198304724261
56011,0.9243325009865209
98299,0.11221593525434188
69772,0.9623499996060473
104626,0.3858673335112711
90275,0.3485895442904198
35908,0.8421452101976301
48174,0.235944138537242
22707,0.25326264820399896
45075,0.3598386421661133
78717,0.3620332125874751
92880,0.2749531211375605
99616,0.18608426448338328
40147,0.9458919050292615
67878,0.6330549413790989
5688,0.8584492677735096
29843,0.3556549353769488
93697,0.9948492605051854
77944,0.3369436028106787
10496,0.12496339088162867
35884,0.8231190043625878
14897,0.26674603616748654
97000,0.9762855948322062
74501,0.699540559215357
35821,0.09809113940021538
4888,0.996599994493734
3176,0.2737609072065713
42938,0.1079740204166741
68361,0.5611448112002035
85859,0.6512908563243414
47267,0.7777095957195719
66499,0.2236479593943777
100083,0.6972601461517537
83134,0.5973237812222811
62253,0.16281738028448617
40822,0.9426917747571943
18377,0.32913752194409013
78837,0.2822402888802451
20140,0.5260038774201082
19794,0.05030235222484847
26676,0.9938999995711532
75027,0.8800592518421709
30260,0.6192990751203921
12762,0.7636123767009582
46202,0.4573339678422516
2482,0.754064376227195
19490,0.1746566488411409
16583,0.689285930619744
35114,0.00330573393800726
53722,0.9798995452053805
33729,0.9657996403656434
101747,0.3142646361954789
30627,0.22149799666060882
71514,0.5670585263396694
94384,0.9317464657562149
66833,0.6552154634330352
21412,0.822275683390008
41926,0.12402769897959462
65530,0.7769660112085961
53842,0.18701922801618026
13505,0.44938737359210223
2411,0.5952567877822494
94830,0.8733616926090159
21680,0.3218225649161095
66212,0.1497839034699378
50007,0.6549367729260428
105932,0.543777628785344
27844,0.5119736505379973
89481,0.5214565996728593
43317,0.5982168966845561
41947,0.9816849267080633
101165,0.0007625327838515699
44602,0.3137849315525789
12673,0.49858397008072214
60746,0.3116271098427746
67705,0.4970446670144185
16913,0.9141750973883018
15005,0.016789862317392358
13607,0.9615008223906673
78049,0.36053429745031496
1253,0.3501970932017283
93833,0.6372256005183508
3236,0.8698395675758542
63170,0.8656043140902436
48337,0.7411349300550147
8170,0.5670570060437657
14341,0.6668833549537456
86045,0.5754006024606013
14679,0.5705244070821928
27186,0.808905422743724
95164,0.2283417635907774
98424,0.5825191046363211
54091,0.2864953027441317
101540,0.8205969097109707
45523,0.7894393421770913
21227,0.754367957148575
29555,0.7357320985317869
28851,0.4480877970539172
23068,0.5095194467292412
18148,0.8915418905476605
99684,0.6563037141540623
44819,0.14792397455535636
43191,0.49948309454446693
105945,0.39169291427056196
66889,0.8471909367302708
84551,0.4477454645240915
15466,0.6610640635349792
53972,0.19080196696087584
82578,0.9591955473556248
51330,0.29972113969108466
44020,0.7337777769988959
39564,0.15023198886627803
95189,0.6447360475853048
883,0.17656480661425608
38667,0.10506098279010677
17135,0.41388545095523166
71661,0.40588693980947854
89711,0.9863498749787969
13972,0.39449075115619764
100712,0.287856384599004
48492,0.3907530552620794
59473,0.8597754217332003
81897,0.9941387737676082
21537,0.018237281850064
2826,0.9319948545373735
94308,0.5437039399715046
3396,0.6296893040530617
2405,0.8524885095527484
89372,0.19349703803007356
33708,0.8855979444873643
9461,0.5769269769430159
19859,0.12151842584456236
63887,0.48457369841411935
73122,0.8928464157431344
82715,0.9222917286013003
67703,0.1344691169088864
24295,0.2975099308318514
32582,0.4178072694090563
85799,0.46526480573202955
20195,0.9977983352178246
47550,0.8377722910871528
46895,0.06800025448407185
29497,0.5229343703164714
74348,0.6660754711200831
36210,0.6397371488502792
22446,0.6942366410973227
75233,0.7354920494550791
106445,0.6480654728673831
32445,0.8357805179000344
30797,0.04661156801499091
103642,0.8248837378984084
64029,0.07853563164725827
49215,0.12926325492494073
35695,0.2753883147538118
102275,0.9619591951077993
14142,0.6405057567134417
4152,0.5156411493770912
30678,0.6031598751442521
26282,0.4739079850101413
76198,0.697988566967249
106055,0.553890560102057
106491,0.1501956723959113
39059,0.05956923817120561
11665,0.6192299245909996
2387,0.18096359255746183
103031,0.2894925568514053
40496,0.36619071856257446
56135,0.21610866980004634
403,0.6969081410354788
10484,0.43381196952613654
64823,0.10045897908216642
45120,0.3776548200324622
49419,0.6493316118039563
101273,0.16484493634866923
47271,0.4605746398531465
69213,0.48585902537601233
92835,0.20359983297914802
51893,0.8363051128193064
14547,0.3112711996179055
68392,0.4066226493214413
66218,0.878418679113669
4600,0.6146752601997947
45819,0.10376638821461827
68767,0.06620371648756966
67047,0.555030691500558
85484,0.9054970841364602
104509,0.9764503119056791
7036,0.33992332303535305
50165,0.055928302234671864
84954,0.43076659001062356
31011,0.9697857159106217
70318,0.7641217531995482
82472,0.2879059828213958
92128,0.5712285969969634
65709,0.7546502653086653
55667,0.9916499956807009
32659,0.8810104495300939
92473,0.42226059815171735
57335,0.6268061480418232
7319,0.6229063999881068
53187,0.0715932843340136
102462,0.8326180031762225
105817,0.7346894755756187
52118,0.07074693369348864
95221,0.5888230025387191
49818,0.6788856311177527
52260,0.9858935352571074
36139,0.4014240592203125
77601,0.02997502906419141
5720,0.7503286183309599
89736,0.6003294347819847
95828,0.6581569846234132
52148,0.0970022653011983
92217,0.8936301968952568
37128,0.24186823425068527
3448,0.6814404998968031
23882,0.4699795938363892
75919,0.6895842838247099
2773,0.9837483304427542
46545,0.409189806653313
47383,0.4599786989143425
47764,0.9487409173764478
60087,0.9094102922555818
40895,0.8109611344207506
60037,0.861921770332481
56735,0.22043193555685708
90269,0.15146038561601655
81695,0.6506227323614042
28667,0.4378007507455872
41830,0.5118668976235803
12071,0.8698836730916184
64758,0.15170308509342717
95667,0.5977136959062024
15970,0.7452882539438754
8714,0.9984969272994115
73494,0.5155068597932073
58667,0.3194432272195929
103827,0.4250821505701047
36019,0.6376122189928055
104906,0.9128863959512861
80456,0.02806031214384367
9779,0.7140192123548741
54446,0.4077482264786859
100246,0.8313646687408115
100011,0.8502108782937348
89389,0.06857990948838269
92286,0.0367495262435602
95191,0.49679943318621
52556,0.34039065598101426
79106,0.557446142247161
26182,0.370351038595619
41784,0.9391689996698949
67515,0.20778214320382946
88718,0.6335154430623466
36028,0.8041052607787216
99110,0.3103037248022956
21228,0.9162048139803901
2517,0.030318768242711774
96150,0.20498427907430453
92186,0.1446931170162358
71180,0.28476772839012343
30270,0.7816702588788534
62162,0.02854037900563277
80856,0.9294613266868839
76872,0.2934115851096949
2440,0.9461022063089524
41282,0.9471477278001641
60167,0.9500999774005183
42395,0.08441048923817382
68137,0.5975743253095719
61867,0.01340927255485058
68046,0.2577245987150005
11569,0.7803200079821808
103399,0.9921290328494681
87179,0.37502259423766143
96885,0.5144691833457187
14901,0.8997818683903508
25975,0.42820241624229344
54082,0.6631944808786137
48998,0.2557316814819153
55300,0.9536291994020494
101585,0.6354745545977064
23064,0.9210384539049434
58738,0.2882160807803797
44346,0.18032181383752305
86930,0.9157315114639919
91506,0.9652260132716575
473,0.3917783225848227
48432,0.32628213984743737
32006,0.31210297696181943
77706,0.3969773577820074
97917,0.4756759683648686
51510,0.352366696760121
57294,0.23659838045485151
15801,0.16473852180773924
65299,0.9725861297512494
96244,0.25757294429061317
70475,0.8662393346024716
98757,0.9782183120242435
89247,0.7800903935992954
40225,0.28614506846969057
56253,0.09558101713512847
60914,0.23000447357888737
99823,0.348952786885628
83113,0.01667166147234266
40439,0.7315734347065732
27291,0.3053638579949893
62575,0.5383286823236144
66246,0.8357582623210467
96928,0.3030150917162654
85392,0.2981815641105674
66892,0.8495853957607626
43058,0.6495639300645474
90704,0.23420386029465412
9915,0.9725595493063808
26056,0.9692099743863527
66025,0.23403184386984288
3230,0.5200740345438813
59951,0.3867090141159507
45409,0.6936872431589524
16258,0.3277690247089998
96360,0.1636478222289061
91311,0.7453251652287461
30363,0.9020597026276216
84785,0.1790398317093232
87913,0.461523102756219
16539,0.7862065228600895
60190,0.9482144524796232
57898,0.4328672523591521
72182,0.4722150659818861
95817,0.17147226472711047
63330,0.33955990149345333
90382,0.9797499742051825
106043,0.5326221586400347
61392,0.3083964780681242
83131,0.9608522541140979
98380,0.49963538181297656
51326,0.06561740906676278
17431,0.06207147291555588
105844,0.7757033028897738
47380,0.8290468212076813
64299,0.4230603624712855
62789,0.5504122933962402
87467,0.3008797307996024
28121,0.9962907332904469
37282,0.19915540657194075
82185,0.3281871086998954
17592,0.11007648877144276
45457,0.6693786313898905
17879,0.11891257110670247
47347,0.9950109530320352
88330,0.2979878575083129
3610,0.7138966765909621
76546,0.7354521126941882
87496,0.5439434377542837
6181,0.3960650229216863
95849,0.10450715496965404
25711,0.3813817307009876
67387,0.02653178021759057
38259,0.01954201763505157
62168,0.5315859502365032
9713,0.5446160987107838
81684,0.8214537945062415
46454,0.16463335843954083
55548,0.9830721913947645
96620,0.9670002708690707
58233,0.6267128307382855
29507,0.10261630741017831
104543,0.8644894026305905
38955,0.9323224895844779
100147,0.16785267944678167
25402,0.3728996495401551
31586,0.06075713980854422
29310,0.5872611971220185
99618,0.1367057529294468
100224,0.5495461759752642
99149,0.9686997331278209
74254,0.18521712493771983
14071,0.24943532305891894
99246,0.9683969851732005
21852,0.043527322654399014
62708,0.4812321118874827
94288,0.8110122684047636
29514,0.8594164992965814
87479,0.767482699347428
84918,0.939253962457113
42449,0.1457303638391496
93629,0.09060307836585765
41948,0.5678870442822382
100684,0.638771436227096
96099,0.7185356751158938
95464,0.635155766671872
72015,0.7052588136283834
87554,0.6745982568368959
70392,0.5191609417141934
67226,0.13244735784410883
71672,0.20085860298863278
99298,0.3240393114567907
13317,0.4166128382138049
68304,0.11604638428552343
55505,0.07691794368960614
56260,0.6214694952218043
71880,0.6276619536805383
99580,0.7888989051517308
101003,0.8567399557356838
49593,0.8341570055426937
40638,0.7104853056033101
76115,0.24912949172235638
21445,0.19312248430539503
39470,0.7713249125381885
11142,0.4702202763290882
49054,0.5945638352808187
2462,0.6014295717391601
61317,0.8898779263212404
99570,0.9204503456167674
92798,0.27267315391256197
82303,0.6978714676638769
43375,0.2671255635137748
74108,0.27645069920138143
94584,0.6737597713793357
4811,0.5687854245620158
13896,0.9575999948906486
91390,0.1364251011617384
49275,0.9839725346659336
23659,0.02055798309924161
106175,0.5818260998998086
73272,0.25222796092917815
96921,0.0919049757241827
51358,0.6024840845847339
16956,0.9859480582351545
99792,0.3167215712448739
94547,0.2704041800223194
15924,0.1140014927174832
81313,0.8712192937595742
15929,0.8076305932889397
53867,0.03088944231583684
37989,0.9435336872831651
82371,0.04512993804065503
96366,0.2507704009599001
26743,0.29260242846850937
21493,0.6754089430303306
70163,0.8859700616049726
2806,0.9488608643727279
52672,0.32833395601798904
102997,0.8389657621684155
22913,0.30806379199706796
102036,0.6600658604762899
53408,0.5614072302085452
23008,0.2462567293510949
31264,0.6959605505891082
76345,0.80563201099526
17198,0.0291595919050692
2679,0.43906203492323936
5095,0.48510224043749656
106767,0.8582124976764616
7731,0.5909447701871986
48598,0.714855037042576
39950,0.38321320797454606
2772,0.3025453324123206
89479,0.44766480411876103
27308,0.4987692353332033
66124,0.06357517813510476
29808,0.9008608875370145
36108,0.9776989460201257
61131,0.33709983875264804
100018,0.6404691672527245
70535,0.46361567109159185
32555,0.8699715202668333
51749,0.16758064278357546
74533,0.45102752597559126
14536,0.47796526179390286
45541,0.996399996540352
44537,0.5119965737517376
62836,0.11646581379387541
68878,0.5285423729552337
8271,0.15358801933481991
51634,0.3667158597986403
69928,0.26233371001445305
35823,0.3426165216279494
2028,0.9198125967991453
46987,0.5492377738451593
77389,0.38009089453499845
69142,0.32643601979597503
68128,0.5280306869412699
38330,0.8985452209581448
40839,0.05182912518338143
88762,0.9817985997323391
13202,0.5770995424633624
12164,0.2974918126487563
32314,0.5320047245234204
86213,0.3272977868817839
100193,0.7317188460534736
40830,0.30004876753304144
103382,0.5182782847246934
49266,0.5128700440576421
60873,0.9311859301295613
22141,0.03382843947889447
106176,0.16566069145529014
88056,0.9828472584105272
91514,0.774184292477456
28593,0.29462229572876364
1527,0.9449200711363702
47087,0.4696424886881312
34354,0.9883464448560824
45978,0.6943011421820404
42767,0.6374551106484412
82442,0.7762516303406548
65451,0.9274639734208759
98499,0.9088822342923109
87603,0.4748709882591667
96190,0.4071190904197085
101620,0.17589862912380086
83753,0.22904831572692913
42516,0.11074880913543467
165,0.565548094466747
84135,0.02458593567201032
83673,0.36394380349836203
38979,0.8233774772678786
82212,0.21190377851871622
80142,0.8480401858634931
9816,0.5280427301580849
92679,0.4795686719767408
28269,0.5103528939418175
46357,0.6299544876472271
44452,0.165720810285825
26166,0.8354145237909629
24461,0.7311685229532355
84233,0.9038470021494998
39606,0.7703939761947027
28982,0.2325924431883707
89961,0.9842727595641328
8755,0.9431356540834406
68495,0.4321926394019884
80258,0.3751080315543731
80935,0.8665468500538217
103064,0.700112589142754
81312,0.7272236119701798
27595,0.03211750301522222
1206,0.2377803239530336
98601,0.02569010611971483
52470,0.8957203211265883
80555,0.03555137243154184
89749,0.09768755008087188
78441,0.5149387715373983
34119,0.00275745612889546
45545,0.6247443730437569
75653,0.7554042286239503
105022,0.998592874815031
70019,0.897306183981527
85760,0.33617174667550653
46440,0.9964163088315338
62491,0.7309510659201972
78165,0.7403364154410538
44865,0.5572384789211873
32477,0.1784123178287927
66037,0.30984404533848353
8933,0.061814177993372875
20413,0.8671376237125228
59053,0.2842765273086002
80453,0.15302286401044138
73023,0.45499972894821383
76948,0.1238620795020196
79114,0.47324514396712003
6511,0.06945966495895065
22113,0.9720997365549915
65212,0.8693952828973728
52385,0.3453212441487561
84622,0.671906583729041
76885,0.5620997571032482
2346,0.6378583411804839
96048,0.9131795147266708
105509,0.5141885174440601
22744,0.7989713474379672
96713,0.9282569968882339
5977,0.9965979323941522
14216,0.04739343175496893
23871,0.7564068142081397
20971,0.06097610397035029
70406,0.0019467369069139499
37062,0.6136182000525481
45720,0.9807963643339772
36993,0.5275203213744283
60299,0.8779874038014805
105612,0.3850738999814278
56938,0.7850103909309747
62552,0.5419011323218258
89960,0.3025306974283166
28761,0.05232729352610915
72155,0.6334466430904181
5840,0.8495148253302272
59392,0.12832612302518032
44682,0.9062852517278117
23326,0.9401119315569201
49234,0.9017932952665566
31127,0.21516355078574878
40377,0.5415408371710861
68034,0.8201896807315876
5458,0.32759140229151795
99973,0.4395154893802219
19165,0.0035971387208311597
41857,0.9609298387281614
48813,0.6440142049824714
70203,0.20422642836405075
24496,0.08069321098810808
40711,0.9129585918869211
84113,0.39541328966980455
79538,0.05422823050971519
31122,0.23574992021861957
52174,0.8812288626607845
56388,0.2571431823730644
81550,0.6856170543113274
25682,0.22822932187380515
101809,0.9096604249532003
101248,0.5525428384401184
76771,0.06813677907417212
28802,0.4756971166907785
65658,0.6911927411363108
52474,0.9328971177935992
86160,0.2769988990846712
45874,0.49299599518528514
106522,0.6401664390590228
67547,0.8062492427007584
60619,0.6537379049881306
62621,0.31530439559698625
17982,0.7217743123538297
65987,0.059531205964183535
59280,0.1665511440542786
45473,0.307319553658264
69620,0.8882112264132281
12599,0.6963717805537788
105491,0.422318790173706
34394,0.8138758575245
96466,0.4437423733569887
99079,0.8415756772563707
1406,0.9867891920125864
38053,0.9948106714644662
66957,0.545910662748873
90555,0.9858907783542366
15335,0.4795284604840898
588,0.46519357936342703
5956,0.8733421764751188
50798,0.6533336881801314
62318,0.854098991698895
13452,0.6287621521352599
73019,0.018490545626598017
57538,0.9498894998217899
72347,0.5973231406715507
10812,0.8770466110387268
57417,0.32016254427404567
52221,0.9135925727867737
104461,0.7078998992950234
57479,0.5931688029295994
83268,0.9657343920591348
71935,0.38309862699568537
21294,0.9278341313603817
63595,0.10172019332279666
80761,0.9987499971604967
94684,0.8886016264049726
99244,0.8387029639955718
34208,0.16394963953065234
105649,0.22995354344698976
31941,0.8808844817622038
88250,0.22310515983078372
101079,0.08653237134244332
37863,0.8882403672304748
53277,0.04788237205861255
20997,0.02633387768841682
15875,0.1839001184312629
32719,0.8876273617986468
10485,0.19391938330883873
36855,0.06731431682788977
11755,0.34777787867569654
73214,0.485403377183706
87506,0.45079298295278686
101739,0.937430669977944
50208,0.0438759654687136
64415,0.7656282069115805
58342,0.1737652328894969
8023,0.9322558208123284
40268,0.12484987496714459
80228,0.24767754867967384
90160,0.9102478498182638
2047,0.5316526195810649
101432,0.9550238205627418
98505,0.5740861605965155
30555,0.21631369179737808
73792,0.1855447749215552
64632,0.8578396695167674
33499,0.21748062379897873
1119,0.5914141427363703
1058,0.8330562570223525
8283,0.5130062745540256
17200,0.9090180502492113
78328,0.7026473487729199
17321,0.010693775732247689
8073,0.29578888989715846
46654,0.8650034536069293
25672,0.48602701401720205
1915,0.3641492891467878
44594,0.02583102867586557
35100,0.6332928981589131
65672,0.9289240212984459
67775,0.6366599231092958
88131,0.7097038636749886
98134,0.21421746568239658
59219,0.01905570113290321
20236,0.7987370812094592
33606,0.838722306598038
5476,0.19546068405955108
49834,0.998608889965518
36743,0.2492388461911748
76508,0.26810517748525997
74082,0.8227235080527668
53128,0.7965421613010681
26944,0.6199818058465658
95272,0.2090371966910085
95663,0.11644359568662208
9514,0.778354718253792
42561,0.0520578141018144
13562,0.14997396153048276
12109,0.9100956147184556
39454,0.8860223688304922
104706,0.6239872912705272
22537,0.5150078236309535
4834,0.8752326172804639
63389,0.6621046339688419
74923,0.5101484051013404
72902,0.21589969200023168
23245,0.8951459038696625
3773,0.2652964785331147
106907,0.6997571790478936
11813,0.9424776103715324
103912,0.02274900664423299
74295,0.8127888364464277
97152,0.08804402637431552
66967,0.8606521871846133
23994,0.1639726692086969
72500,0.638023274842736
71422,0.81845859292988
15866,0.728769234927585
28325,0.15838001389260675
30274,0.22362666753442526
75238,0.9720100263600845
1811,0.9916497946803247
3289,0.7960820422604742
63513,0.32765953601553144
91050,0.978968361756615
102644,0.07955524307178968
4881,0.47038543302204183
21117,0.7082791975354759
21420,0.1089363481643556
93509,0.3387663359074813
5744,0.7172489343604498
39540,0.9000829898870685
74210,0.1301245613561978
50049,0.563752579182343
87468,0.8280173399493842
67275,0.6179421550561065
104410,0.6087202817474895
9216,0.2715495806409497
91600,0.15374141404101194
73326,0.28923139035402934
18060,0.7976456183958108
89128,0.8211712394236057
9150,0.9172539662172772
51730,0.4329563760281331
6820,0.9378347565550273
49732,0.997599855758633
83047,0.4570703625870959
3568,0.34047150281171146
81542,0.20813810396154536
94590,0.9965890767530546
36340,0.9633517851283093
107051,0.5744872068492326
11316,0.9812881671998627
70442,0.9962675600191331
66737,0.38974341057381073
40642,0.9137677510677166
56152,0.9364625578431871
41682,0.2441030212840054
84689,0.8127439906683533
7463,0.03289622513261821
60975,0.4886319525365129
81390,0.08915179988017366
53082,0.5222066136804189
80283,0.1334728952523703
3319,0.9061866901845543
24253,0.8958464547022083
31457,0.9713265076650028
80082,0.8067436605442528
77132,0.6983082141847257
8641,0.06990981463072024
66561,0.13540929631945542
96769,0.04601647528214574
95247,0.7092943790497326
20139,0.5640337310801495
13195,0.9688927334830499
16834,0.60821782354744
57606,0.9162794222169958
1841,0.9833483046739303
1977,0.9388337832489846
80231,0.40793585679684324
5467,0.7993549228466873
7663,0.9686329748175881
107173,0.8039513860998966
550,0.6543169091141363
6315,0.9450964454660176
45508,0.9826659663482369
49549,0.5306174611052141
15121,0.5900786295502383
24177,0.6527228382998601
98884,0.41831792809288537
59840,0.815728174783053
30810,0.9525264018612392
13522,0.7786337268775178
35897,0.6072425771573935
6943,0.6060047018219752
4178,0.040564636545150856
26928,0.2100243692800314
75220,0.405813971787461
32592,0.36071080773664976
66134,0.5709493159213898
47676,0.6638316070894232
72775,0.9537647926376289
30443,0.15642607998519067
101569,0.08229793431017837
30235,0.28036950273028066
30793,0.1908033583859845
59250,0.6927646196122833
94383,0.8188749882654801
20596,0.8508987696096746
34051,0.9650013235383371
23981,0.3061611726207709
74201,0.9376640451410794
51578,0.1551922127215915
20305,0.8778239269775612
60703,0.7733132876423701
64082,0.12046295495803692
60147,0.8622596182790797
65815,0.4631694781228981
24922,0.16903230896184734
56182,0.550511703725026
81076,0.6040818008708448
44501,0.7525471511974464
78868,0.6264270584147977
83613,0.7562258597214683
8586,0.9987499805944817
100730,0.746514285261295
73251,0.39268624349934583
82495,0.8111754261222313
90026,0.22496560683634476
54625,0.9702994295438386
62333,0.5609854976822941
78707,0.04353834374176599
960,0.99315
70001,0.8206495708024006
101246,0.09111183153622684
32801,0.45799394945990746
56595,0.18994103550139613
16065,0.5113502599554113
67082,0.5492358636644274
9168,0.5666369563782211
62656,0.5937637484992175
30789,0.389223371499384
76112,0.9879433883156684
38813,0.5013837696877124
88451,0.41619259236649064
6867,0.12119363538852043
48437,0.4664467394877349
61178,0.1901322837530792
14753,0.11067877601545786
49058,0.945370784982764
17279,0.8406587377604253
91458,0.01954671143372976
34487,0.9206413305892505
8037,0.7107486544617847
20133,0.9149748414745831
22726,0.9213240488207349
2575,0.6183995790601362
104989,0.361284258776822
47648,0.6340725029966814
56757,0.5448808875359784
57160,0.008166217127651889
28203,0.4795738244662735
91906,0.01803659660472132
4741,0.8577217508315134
8066,0.05060940937154136
3488,0.6936207425801995
35405,0.4410797266534424
40583,0.20344020912862282
29373,0.8814172361369184
71316,0.7819029484598301
6297,0.12121937728580913
106650,0.1485496458283881
48873,0.7063630094442213
56782,0.27772241850313967
48493,0.8818717869554944
6687,0.058877072637444586
96262,0.884514749376387
65583,0.27164257943233394
23039,0.34335615259191443
46288,0.9685923830778114
101519,0.6969264938122606
50678,0.4961717304576103
19338,0.3134344004035495
34333,0.8547500282421024
95157,0.2991877657548897
102009,0.9972493929208512
78600,0.21452114231201425
50120,0.5059489981522031
75303,0.5713756358891573
95981,0.43450639103439603
39346,0.5042444755135144
43176,0.7795907306511656
72905,0.8459930976489638
48686,0.21331412783056997
103602,0.33257071696437857
101486,0.49136522242604497
92893,0.5888097608803385
61085,0.2313669776254736
43804,0.7205820010848432
72017,0.7387477566652161
45027,0.5213221174554551
6377,0.8531795530878918
82,0.8292628368269268
94158,0.05116765049281147
74754,0.10269639381946687
51691,0.37789414800372
84566,0.05587602208812581
46750,0.4093371919535217
78298,0.17929003949235633
19777,0.8647029678583416
93311,0.7885130897589805
54630,0.9271446711024061
88750,0.2968109290394333
86677,0.1345552613992351
96078,0.19084759069423082
10884,0.4654717383877745
73376,0.41176639344938337
62042,0.7764691554758556
56531,0.5708995005485734
96054,0.44297408089349627
47090,0.6774360507295625
12313,0.5782966604794187
95437,0.5057561355000991
47954,0.9768867790295377
79644,0.09209537270396717
85620,0.8406851881115476
92921,0.15471063259976026
92507,0.779885249731698
40689,0.8277803716296924
26726,0.09426228557773461
10648,0.15747826394763062
52156,0.9143229264357258
35583,0.15415503740198871
55810,0.5925655737214499
14241,0.6602722749558535
23864,0.6512147114247048
6324,0.16110977519677105
85321,0.2662631739878207
103017,0.643774607968336
49734,0.6927931392115946
30677,0.06917421790973573
50259,0.0307523361061699
24519,0.12903679764543652
81153,0.1409540846317795
7638,0.18810297055709638
31760,0.3105162666684087
21407,0.7883915885922306
73056,0.7371758011492009
5397,0.1752238825914732
52648,0.932692689682889
79404,0.14105888012183643
87318,0.023279842803246947
50063,0.9841199683862274
62869,0.48186735545182385
9282,0.2666501079151611
33207,0.17874358277313313
36832,0.14822520117070348
39168,0.5417014247765308
39004,0.6311148588417406
42231,0.44310569370067043
71552,0.7373034749929357
32425,0.667792410745526
39202,0.8786043154295128
64874,0.7300709092889353
38211,0.6476410791776315
92532,0.9997999999999674
56621,0.15754900715462644
52133,0.25824339656855394
45156,0.26396827484158586
72892,0.7286170714123525
35120,0.668237734961387
76104,0.28100401252725715
13086,0.020953468431519726
44734,0.8490942600942422
77203,0.4252937074442793
32919,0.8271042341970327
60903,0.4094531455586961
84000,0.7597859564526708
99303,0.8447755982647032
62158,0.14706550489385561
54089,0.5238289368150167
40710,0.5254208388840944
78004,0.18911966873370734
32074,0.26594857855951126
14113,0.032232144785305866
95540,0.9762957511286756
41386,0.7900216197815673
18064,0.5131572606437221
35811,0.5196492516371732
54232,0.8000329391253052
86245,0.8690349001731361
67616,0.2929062274672017
80266,0.7820113921648937
44141,0.646288550379898
50584,0.8230940828973986
98738,0.03533131317583065
11070,0.08078927766512144
105305,0.05709209433949334
58809,0.07904153323622937
72617,0.8386636533921514
37669,0.25009986275663965
73809,0.8532281692421648
49712,0.3426232851445768
85108,0.5964693559541887
32882,0.20116022390274607
37595,0.31971384275520015
79819,0.04043565188836161
65774,0.8630707107138542
32984,0.9214002636524108
92089,0.948431327918412
83770,0.482534993249091
57442,0.800336513348909
38253,0.0735454169562974
54243,0.7864438418223865
15299,0.552350988007248
32589,0.5948581769743548
16945,0.29434688337204507
51776,0.44690393063654377
59374,0.10272993689554295
65995,0.340086125086307
26736,0.43532269979709337
84059,0.33539299554250734
17995,0.8405501203446404
63821,0.9956834455677469
63259,0.8346420422382075
6057,0.7961184317482268
85363,0.6580258121854148
86145,0.5618995066288475
17098,0.7938465884817166
73,0.019101770349268
33560,0.6930726729370392
34813,0.918587537524584
2011,0.02844280826324035
49904,0.5849236761665594
29527,0.1537576891935044
19572,0.8650230345884251
70976,0.1501772209113347
103291,0.8708179270167191
367,0.6908474150939306
77990,0.4151356776155545
99323,0.09734418200317067
70762,0.9012257843988651
102691,0.6857547879309669
30827,0.3915257787045038
37704,0.2693834875787193
93738,0.6251036274699049
36077,0.9991165119098386
21236,0.6646352572924237
54913,0.8178989013220643
99433,0.22601743431575722
64038,0.909618255241629
58228,0.656307760850864
81187,0.04118173707419802
90101,0.8646275129462473
57523,0.5372380794520473
15695,0.4522380374817671
19808,0.2152477307010618
41702,0.16059141773124164
52520,0.4791166054031941
15014,0.636732967397794
33184,0.36747805462795324
32005,0.36339089658247165
101164,0.6847539371515114
21810,0.2775365910090359
14671,0.9076229515723737
25123,0.31088886279419303
10673,0.49867228499916516
34660,0.3041046275192015
59131,0.6460674004298111
40513,0.5782152767964893
91323,0.21937397618894594
6942,0.7354498024009277
6232,0.6675858436012486
47970,0.630867372460243
55360,0.3964354585391645
42541,0.6640363680378907
1644,0.24156597789303574
