id,score
34566,0.23957142857142857
50272,0.25292857142857145
69232,0.8743571428571428
86223,0.006071428571428571
53524,0.26707142857142857
42142,0.4625714285714286
22559,0.8355714285714285
28141,0.47735714285714287
72186,0.41878571428571426
46468,0.7928571428571428
33307,0.6757857142857143
96701,0.7999285714285714
43458,0.9849285714285714
50885,0.2345
73557,0.8244285714285714
88932,0.4620714285714286
44717,0.48807142857142854
99278,0.7348571428571429
59988,0.6828571428571428
41296,0.6017857142857143
25715,0.8686428571428572
98187,0.40964285714285714
40635,0.5677857142857143
76486,0.3947857142857143
48161,0.4982142857142857
57858,0.06307142857142857
25848,0.9795
83247,0.7699285714285714
100820,0.6686428571428571
61843,0.9835
47864,0.8441428571428572
14338,0.8998571428571429
106760,0.7174285714285714
42892,0.5195
20995,0.2860714285714286
68283,0.64
66796,0.08278571428571428
1175,0.8138571428571428
55171,0.224
1693,0.0865
54411,0.16785714285714284
73718,0.9667142857142857
99036,0.8535
29757,0.6205714285714286
1352,0.9997857142857143
6970,0.3856428571428571
75513,0.7439285714285714
103376,0.49292857142857144
11566,0.7574285714285715
85724,0.098
26255,0.6272142857142857
83078,0.6602857142857143
22092,0.8298571428571428
31379,0.10485714285714286
20478,0.17871428571428571
70444,0.9495
41587,0.9785714285714285
74822,0.26242857142857146
88815,0.7425714285714285
6351,0.3432142857142857
105177,0.28735714285714287
58297,0.2392142857142857
39926,0.427
97160,0.12264285714285714
86332,0.6141428571428571
21551,0.30342857142857144
47546,0.32257142857142856
37196,0.712
19800,0.11264285714285714
67091,0.14921428571428572
90146,0.22514285714285714
52084,0.2565
26000,0.49064285714285716
20558,0.9961428571428571
32315,0.49007142857142855
95299,0.28885714285714287
57575,0.8805
57431,0.29814285714285715
15164,0.7876428571428571
47959,0.42814285714285716
36213,0.7804285714285715
64598,0.08292857142857143
85180,0.9645
7330,0.15092857142857144
96758,0.18642857142857142
60760,0.49542857142857144
95190,0.3826428571428571
70419,0.35278571428571426
104315,0.8447857142857143
80963,0.8857142857142857
104090,0.9763571428571428
62040,0.8281428571428572
57462,0.5374285714285715
1752,0.9894285714285714
13352,0.4612857142857143
6969,0.4682857142857143
36448,0.1365
69866,0.869
37138,0.19957142857142857
37149,0.9590714285714286
83158,0.6266428571428572
107034,0.5131428571428571
83603,0.37592857142857145
33886,0.09007142857142857
55417,0.23514285714285715
57938,0.9649285714285715
27867,0.055857142857142855
101800,0.8202142857142857
91813,0.6770714285714285
64083,0.3585714285714286
29528,0.7702857142857142
71645,0.9305
14467,0.7375
60324,0.9905714285714285
10743,0.9196428571428571
64077,0.9452142857142857
92251,0.22642857142857142
15067,0.18328571428571427
20047,0.03907142857142857
54463,0.1962142857142857
8025,0.0007142857142857143
27998,0.5328571428571428
91510,0.39621428571428574
49193,0.9467857142857142
5404,0.7791428571428571
98897,0.7154285714285714
46045,0.6599285714285714
95008,0.11564285714285714
43419,0.5871428571428572
58059,0.2387142857142857
10051,0.5507142857142857
95635,0.6166428571428572
89780,0.021357142857142856
98548,0.31992857142857145
27466,0.7809285714285714
2992,0.32507142857142857
105855,0.8301428571428572
14278,0.6027142857142858
13478,0.5307142857142857
81475,0.22714285714285715
21191,0.21964285714285714
13291,0.09478571428571429
67019,0.3934285714285714
67840,0.5177142857142857
61283,0.7585714285714286
99646,0.04271428571428571
90567,0.9537142857142857
95937,0.127
98569,0.7577857142857143
83135,0.3567142857142857
63766,0.4655
58069,0.23464285714285715
61012,0.022714285714285715
23811,0.19964285714285715
86719,0.24357142857142858
71966,0.7472142857142857
42822,0.293
41669,0.8329285714285715
45307,0.8538571428571429
81709,0.0057857142857142855
7658,0.5297142857142857
12419,0.7097857142857142
50301,0.49607142857142855
54932,0.19064285714285714
40443,0.6557857142857143
89290,0.7216428571428571
18566,0.7389285714285714
25390,0.7037857142857142
86488,0.9264285714285714
29629,0.15014285714285713
11058,0.08842857142857143
54617,0.6921428571428572
41981,0.5105714285714286
87296,0.24807142857142858
17667,0.10507142857142857
5896,0.4557857142857143
75975,0.5300714285714285
27593,0.07521428571428572
40873,0.9935
70373,0.7182857142857143
43440,0.5424285714285715
13967,0.027928571428571428
105002,0.41514285714285715
18683,0.7320714285714286
87657,0.7983571428571429
57708,0.309
92606,0.8208571428571428
72712,0.8105714285714286
69218,0.5984285714285714
58810,0.8009285714285714
95425,0.9545
95904,0.8900714285714286
79487,0.8382142857142857
46830,0.9205
69561,0.25485714285714284
94968,0.6848571428571428
1988,0.8942142857142857
96273,0.6867857142857143
2418,0.9925
12473,0.37057142857142855
19291,0.14971428571428572
10962,0.10607142857142857
47640,0.2744285714285714
93483,0.7917142857142857
104092,0.1662857142857143
97169,0.8705
31477,0.6312142857142857
75670,0.2107857142857143
65370,0.7795
10836,0.15
68685,0.3608571428571429
93012,0.9703571428571428
80205,0.7155714285714285
66783,0.16028571428571428
79142,0.7932142857142858
51106,0.005714285714285714
101527,0.9976428571428572
46079,0.875
68864,0.2802857142857143
105489,0.378
54811,0.069
6426,0.285
100841,0.9809285714285715
65650,0.9495
57870,0.0875
55990,0.9412142857142857
106074,0.727
49536,0.04485714285714286
89328,0.8572142857142857
18713,0.15985714285714286
91797,0.6657142857142857
106639,0.135
5890,0.34035714285714286
89684,0.2715714285714286
54023,0.23135714285714284
47021,0.4531428571428571
31128,0.7174285714285714
1963,0.8426428571428571
76891,0.40235714285714286
90892,0.40014285714285713
63803,0.15835714285714286
49662,0.8108571428571428
94938,0.4135
23162,0.03728571428571428
96698,0.7207142857142858
103791,0.7251428571428571
64992,0.6009285714285715
58764,0.2047857142857143
5358,0.9902142857142857
61333,0.9655
63475,0.5815714285714285
13214,0.662
21817,0.208
34789,0.8465714285714285
33534,0.5534285714285714
68438,0.47835714285714287
103299,0.9166428571428571
106707,0.09821428571428571
37671,0.07085714285714285
36142,0.9948571428571429
75447,0.1457142857142857
31898,0.3207857142857143
65458,0.9555
20782,0.532
93542,0.25857142857142856
28068,0.07864285714285714
13088,0.22392857142857142
91210,0.23057142857142857
73055,0.8815
2146,0.851
45779,0.5372857142857143
53843,0.7055714285714285
6613,0.8341428571428572
85068,0.34314285714285714
34339,0.7026428571428571
1747,0.7977142857142857
100398,0.251
77182,0.11328571428571428
16496,0.8678571428571429
50826,0.2652857142857143
54432,0.6528571428571428
106786,0.8533571428571428
60662,0.5740714285714286
25319,0.6077142857142858
57166,0.48878571428571427
93039,0.5372857142857143
57408,0.10757142857142857
98502,0.6846428571428571
89627,0.16157142857142856
30063,0.8622142857142857
37625,0.462
20751,0.4159285714285714
43244,0.8892857142857142
66830,0.9612857142857143
7174,0.6005
98246,0.7641428571428571
56972,0.2547142857142857
84719,0.06264285714285714
86073,0.5305714285714286
49249,0.9865
72494,0.4243571428571429
56350,0.6564285714285715
75617,0.44807142857142856
61192,0.8185714285714286
95727,0.017857142857142856
53226,0.4878571428571429
11746,0.12871428571428573
56780,0.06257142857142857
48037,0.040214285714285716
67699,0.6772857142857143
52046,0.9917857142857143
7373,0.6152142857142857
55155,0.3137857142857143
87577,0.40285714285714286
97264,0.8815
73458,0.8692857142857143
86325,0.586
96463,0.652
16633,0.9352142857142857
75069,0.3195
35487,0.9714285714285714
24768,0.41364285714285715
34822,0.4747857142857143
101479,0.07785714285714286
79766,0.15878571428571428
49768,0.06592857142857143
22731,0.8932142857142857
33574,0.5237142857142857
55252,0.3529285714285714
40683,0.37192857142857144
33771,0.7625714285714286
857,0.5376428571428571
51226,0.49192857142857144
46831,0.3271428571428571
105253,0.48592857142857143
79491,0.9904285714285714
103022,0.7697857142857143
82950,0.4809285714285714
64234,0.7915714285714286
78991,0.5059285714285714
83774,0.7022857142857143
48994,0.5143571428571428
84569,0.8925714285714286
80903,0.45571428571428574
39230,0.8955
97195,0.5794285714285714
34972,0.7887857142857143
63621,0.6091428571428571
11553,0.7152857142857143
95009,0.36014285714285715
2753,0.4285
102798,0.8055714285714286
35609,0.277
45723,0.5752142857142857
36421,0.45257142857142857
93564,0.04314285714285714
18673,0.5459285714285714
99963,0.41085714285714287
19921,0.2352857142857143
9379,0.8261428571428572
63121,0.3826428571428571
55480,0.31992857142857145
102975,0.9899285714285714
55632,0.32835714285714285
74937,0.5361428571428571
51836,0.6225
12610,0.7532142857142857
46487,0.6113571428571428
42150,0.09764285714285714
2908,0.6381428571428571
11348,0.2686428571428571
104966,0.1435
56207,0.5941428571428572
47420,0.41364285714285715
70191,0.2654285714285714
30693,0.6231428571428571
82367,0.4200714285714286
56454,0.13192857142857142
40608,0.35064285714285715
590,0.8801428571428571
64431,0.11878571428571429
14717,0.06657142857142857
14898,0.6499285714285714
5949,0.30028571428571427
80059,0.25114285714285717
24763,0.4992142857142857
46875,0.03564285714285714
26931,0.19364285714285714
72880,0.3354285714285714
104802,0.8524285714285714
39042,0.13757142857142857
986,0.38835714285714285
7537,0.8058571428571428
74147,0.8633571428571428
24786,0.12242857142857143
94019,0.7897857142857143
29377,0.31892857142857145
16134,0.6722857142857143
9499,0.9311428571428572
64513,0.5721428571428572
15569,0.40235714285714286
47017,0.243
13043,0.3449285714285714
56464,0.18664285714285714
8315,0.575
31026,0.8211428571428572
74871,0.31942857142857145
46139,0.4867142857142857
57488,0.1662142857142857
263,0.8007857142857143
3394,0.2925714285714286
22237,0.32157142857142856
17299,0.37892857142857145
43048,0.3181428571428571
91934,0.06242857142857143
15814,0.9700714285714286
92661,0.38735714285714284
48500,0.8512857142857143
101522,0.5838571428571429
58058,0.7821428571428571
48310,0.6475714285714286
93528,0.36378571428571427
48732,0.10478571428571429
56815,0.8895
2861,0.46514285714285714
32056,0.016285714285714285
31686,0.14664285714285713
32212,0.44357142857142856
34433,0.544
9154,0.9856428571428572
62686,0.1412857142857143
93196,0.9121428571428571
95261,0.13414285714285715
70962,0.41635714285714287
90520,0.7900714285714285
29033,0.48807142857142854
2713,0.6682142857142858
36946,0.0034285714285714284
35993,0.7498571428571429
100933,0.6085
14561,0.11221428571428571
97302,0.5113571428571428
9600,0.5334285714285715
10294,0.7182142857142857
44890,0.7575
87850,0.29335714285714287
101786,0.8322857142857143
69051,0.2905
54868,0.046357142857142854
6583,0.10757142857142857
63256,0.2864285714285714
53969,0.15835714285714286
69907,0.8937142857142857
45282,0.5557142857142857
95125,0.006142857142857143
54365,0.6238571428571429
63236,0.7704285714285715
104959,0.9360714285714286
105117,0.6055714285714285
18787,0.7856428571428572
77502,0.8727857142857143
59084,0.8920714285714286
91595,0.3207857142857143
80788,0.36757142857142855
99862,0.45671428571428574
87325,0.5504285714285714
57303,0.34864285714285714
37884,0.4845
92059,0.7194285714285714
76261,0.9019285714285714
79007,0.4509285714285714
97833,0.3895
40382,0.9967142857142857
42825,0.24678571428571427
73429,0.4847142857142857
67050,0.18778571428571428
67837,0.17742857142857144
11945,0.3027142857142857
4880,0.08985714285714286
104670,0.6968571428571428
69307,0.9894285714285714
2417,0.7217142857142858
20890,0.18721428571428572
60524,0.9537142857142857
67623,0.08507142857142858
79406,0.9589285714285715
81812,0.6770714285714285
47792,0.5781428571428572
60455,0.8640714285714286
57967,0.4760714285714286
63131,0.7537142857142857
77533,0.7235714285714285
75815,0.692
17220,0.12971428571428573
4822,0.2502857142857143
104299,0.33835714285714286
27396,0.069
66788,0.325
73691,0.9185714285714286
84699,0.6599285714285714
76468,0.03042857142857143
6868,0.032214285714285716
95938,0.20642857142857143
91872,0.31842857142857145
59054,0.9413571428571429
37147,0.7330714285714286
24966,0.22007142857142858
5668,0.565
97600,0.7763571428571429
61930,0.2596428571428571
86934,0.6449285714285714
83678,0.36892857142857144
29827,0.30114285714285716
6206,0.9837142857142858
93891,0.5387142857142857
22302,0.44992857142857146
53715,0.4062857142857143
74452,0.22271428571428573
98097,0.221
94492,0.7564285714285715
52873,0.5783571428571429
39371,0.8369285714285715
33321,0.6168571428571429
105024,0.5007857142857143
70699,0.18942857142857142
63945,0.7231428571428572
92000,0.6492857142857142
4990,0.7079285714285715
45293,0.4505
89028,0.9612857142857143
78250,0.9839285714285714
27659,0.6871428571428572
67546,0.017285714285714286
85206,0.06578571428571428
66829,0.6376428571428572
14360,0.19614285714285715
98129,0.6207142857142857
74522,0.6528571428571428
20811,0.7753571428571429
76081,0.13014285714285714
38953,0.5837142857142857
8430,0.4590714285714286
89041,0.6772857142857143
99838,0.8890714285714286
79512,0.1175
103604,0.2591428571428571
55820,0.6396428571428572
65422,0.5238571428571429
72645,0.8269285714285715
91160,0.2785714285714286
62410,0.2285
52414,0.8647142857142858
5692,0.20657142857142857
77094,0.14942857142857144
55179,0.14864285714285713
49202,0.6034285714285714
8841,0.2777857142857143
8096,0.4627142857142857
75832,0.6822142857142857
39279,0.26407142857142857
100504,0.3157857142857143
37330,0.8281428571428572
71467,0.341
27577,0.2639285714285714
59870,0.7167857142857142
64403,0.40014285714285713
47464,0.2957142857142857
79770,0.8818571428571429
99308,0.6804285714285714
57197,0.6708571428571428
37918,0.7340714285714286
43470,0.7679285714285714
100219,0.3261428571428571
26510,0.5693571428571429
25870,0.25585714285714284
65867,0.8027142857142857
51739,0.16635714285714287
99965,0.9912857142857143
10534,0.9112857142857143
6664,0.7372857142857143
104971,0.15178571428571427
24615,0.09264285714285714
100862,0.27185714285714285
28018,0.3782857142857143
7345,0.7430714285714286
76059,0.6317142857142857
24256,0.9943571428571428
89943,0.8077857142857143
97303,0.3037142857142857
60280,0.1035
18324,0.9632142857142857
87641,0.22835714285714287
28970,0.5545
27363,0.1667857142857143
52902,0.2700714285714286
85294,0.10278571428571429
81480,0.7256428571428571
1744,0.6666428571428571
38002,0.5103571428571428
14284,0.7341428571428571
38484,0.2849285714285714
80584,0.9733571428571428
77050,0.5739285714285715
31259,0.2615
79077,0.030714285714285715
58886,0.8301428571428572
60954,0.28735714285714287
70799,0.4082142857142857
52013,0.543
71904,0.2362142857142857
71844,0.7627857142857143
22734,0.06878571428571428
79724,0.067
82508,0.3390714285714286
77802,0.5434285714285715
54576,0.18271428571428572
82046,0.8524285714285714
42787,0.4769285714285714
91919,0.7
4764,0.7970714285714285
29079,0.7079285714285715
30254,0.39585714285714285
94013,0.5406428571428571
33643,0.5868571428571429
24238,0.5679285714285714
83026,0.4169285714285714
3164,0.2943571428571429
81900,0.463
50519,0.4845714285714286
76320,0.6522857142857142
56165,0.962
83166,0.02142857142857143
88675,0.7453571428571428
76380,0.19614285714285715
86709,0.8230714285714286
54070,0.7823571428571429
37157,0.04307142857142857
104166,0.4724285714285714
68285,0.41185714285714287
81848,0.1705
44145,0.82
24019,0.8879285714285714
86235,0.3329285714285714
80353,0.9093571428571429
45854,0.5183571428571428
4402,0.16714285714285715
41645,0.626
31674,0.2737857142857143
28987,0.18971428571428572
18766,0.7934285714285715
10355,0.7680714285714285
32427,0.47764285714285715
91400,0.34964285714285714
55295,0.5048571428571429
106782,0.5977142857142858
1645,0.3315714285714286
2610,0.6664285714285715
53836,0.2732142857142857
63495,0.7722857142857142
53689,0.07228571428571429
99572,0.12192857142857143
4148,0.9985
93681,0.41164285714285714
82600,0.3437142857142857
63362,0.6315714285714286
58983,0.17114285714285715
66268,0.3440714285714286
83582,0.7605714285714286
104484,0.24414285714285713
39197,0.008571428571428572
70740,0.04485714285714286
75117,0.8871428571428571
56646,0.6867142857142857
103460,0.3595
19134,0.8827857142857143
87447,0.28935714285714287
49659,0.03478571428571429
83556,0.49514285714285716
23993,0.3202857142857143
5813,0.07935714285714286
29916,0.16064285714285714
12340,0.15242857142857144
67255,0.8245714285714286
46508,0.08714285714285715
67248,0.42542857142857143
29461,0.8682857142857143
51279,0.03214285714285714
16059,0.5601428571428572
92016,0.6253571428571428
50313,0.284
78370,0.4680714285714286
80708,0.355
90075,0.6711428571428572
72748,0.7375
10128,0.02835714285714286
7858,0.6407857142857143
69469,0.28835714285714287
607,0.5715
31648,0.685
65947,0.09564285714285714
65612,0.26385714285714285
29127,0.9039285714285714
71081,0.4225714285714286
28869,0.045214285714285714
13784,0.2797142857142857
98489,0.32307142857142856
38712,0.8495
1935,0.8213571428571429
81134,0.9138571428571428
97576,0.006214285714285714
100132,0.5268571428571428
41552,0.8650714285714286
104473,0.632
10886,0.7655714285714286
4608,0.4451428571428571
19638,0.08392857142857142
103726,0.7895
14088,0.3617142857142857
44367,0.6924285714285714
77775,0.08857142857142856
43133,0.14857142857142858
11750,0.2485
38773,0.9196428571428571
80328,0.10428571428571429
36364,0.7904285714285715
72222,0.9673571428571428
24497,0.7262142857142857
81796,0.9687142857142857
68276,0.22607142857142856
95099,0.2267142857142857
104325,0.7375
72720,0.3841428571428571
81957,0.18985714285714286
68678,0.8802857142857143
6282,0.45435714285714285
39478,0.13071428571428573
64263,0.7911428571428571
56842,0.31735714285714284
71748,0.5255714285714286
101186,0.22392857142857142
77819,0.9338571428571428
82746,0.5067142857142857
75372,0.9497142857142857
86180,0.10992857142857143
103038,0.14564285714285713
53965,0.7930714285714285
51154,0.4019285714285714
68680,0.03678571428571428
10380,0.8923571428571428
15435,0.4377857142857143
80262,0.34885714285714287
72306,0.7403571428571428
62687,0.30114285714285716
87244,0.4253571428571429
45990,0.3787857142857143
2832,0.2597857142857143
15117,0.6788571428571428
62567,0.1505
13436,0.18771428571428572
10683,0.2885714285714286
25182,0.8835714285714286
65739,0.15435714285714286
94520,0.12321428571428572
96784,0.6098571428571429
21531,0.11314285714285714
58971,0.8529285714285715
66147,0.339
101483,0.6147142857142858
79887,0.6668571428571428
29544,0.3515
69091,0.5824285714285714
11176,0.7108571428571429
60268,0.017785714285714287
71120,0.4942857142857143
31291,0.8214285714285714
43865,0.5420714285714285
40585,0.42457142857142854
37452,0.4705714285714286
52456,0.9172142857142858
90007,0.7971428571428572
16739,0.21007142857142858
91551,0.6994285714285714
23423,0.11171428571428571
1706,0.8299285714285715
7452,0.29285714285714287
8134,0.6924285714285714
58536,0.23985714285714285
105734,0.8151428571428572
1313,0.359
84876,0.8976428571428572
100693,0.6104285714285714
57995,0.31064285714285716
79811,0.36578571428571427
69139,0.3807142857142857
58534,0.9910714285714286
99375,0.25442857142857145
76796,0.1155
66626,0.907
97721,0.8405
102488,0.5955
31116,0.12607142857142858
21065,0.4253571428571429
59272,0.8620714285714286
99469,0.49842857142857144
46333,0.8432142857142857
28601,0.6705714285714286
25815,0.22842857142857143
102482,0.060714285714285714
34661,0.8178571428571428
65391,0.7187857142857143
81943,0.6371428571428571
28505,0.6447857142857143
88621,0.3027142857142857
62287,0.5852857142857143
25860,0.26357142857142857
58026,0.6670714285714285
59165,0.12421428571428571
21355,0.8812142857142857
724,0.8952142857142857
61635,0.6479285714285714
10564,0.06378571428571428
41782,0.6007142857142858
6229,0.19942857142857143
42952,0.29414285714285715
56235,0.6575
104947,0.9047142857142857
7746,0.279
100978,0.569
20646,0.5528571428571428
78149,0.20507142857142857
94746,0.24407142857142858
11466,0.5781428571428572
12787,0.5661428571428572
104608,0.5538571428571428
38068,0.7886428571428571
12230,0.37057142857142855
22667,0.08885714285714286
35855,0.24307142857142858
27932,0.1432857142857143
57277,0.3257857142857143
71908,0.6031428571428571
23047,0.453
54288,0.41585714285714287
73157,0.8708571428571429
72434,0.6989285714285715
37676,0.4402142857142857
107058,0.0515
103029,0.07264285714285715
34947,0.3977857142857143
85834,0.8948571428571429
74743,0.5542857142857143
19940,0.8
29136,0.7220714285714286
65700,0.8285714285714286
15352,0.9365
44799,0.3812142857142857
79640,0.1457857142857143
745,0.9099285714285714
68654,0.15757142857142858
75911,0.8972142857142857
814,0.6867857142857143
30903,0.6915
32545,0.20257142857142857
35506,0.665
69863,0.11992857142857143
19443,0.9000714285714285
45375,0.7223571428571428
22240,0.14721428571428571
86911,0.3157857142857143
68265,0.6121428571428571
91954,0.45171428571428573
99622,0.8108571428571428
47734,0.33735714285714286
53726,0.09442857142857143
94247,0.6150714285714286
154,0.9383571428571429
11650,0.4747857142857143
27561,0.21164285714285713
49806,0.8812142857142857
94011,0.24314285714285713
50140,0.7169285714285715
93185,0.36542857142857144
78438,0.8282857142857143
2264,0.13785714285714284
62528,0.5842142857142857
4665,0.39785714285714285
7685,0.08485714285714285
39824,0.723
65005,0.9215
68816,0.41414285714285715
102678,0.19321428571428573
63734,0.5875
40320,0.5366428571428571
2545,0.5331428571428571
41278,0.6490714285714285
102661,0.6141428571428571
29550,0.056857142857142856
13831,0.6632857142857143
52921,0.5344285714285715
106351,0.12192857142857143
95864,0.3782857142857143
9087,0.8949285714285714
5591,0.7686428571428572
46258,0.04921428571428572
95865,0.7745714285714286
42844,0.664
77093,0.07042857142857142
84201,0.9749285714285715
70165,0.48707142857142854
32357,0.6207857142857143
101296,0.5344285714285715
67095,0.665
85509,0.8112857142857143
50202,0.3992142857142857
12793,0.6473571428571429
94120,0.8901428571428571
16628,0.8857857142857143
88444,0.34014285714285714
48356,0.34685714285714286
57373,0.36464285714285716
20724,0.6818571428571428
32265,0.882
50643,0.6764285714285714
52320,0.7307142857142858
90770,0.7014285714285714
36345,0.2635
51312,0.7395714285714285
106826,0.5888571428571429
1659,0.8205
16342,0.6565
14592,0.4129285714285714
91973,0.5014285714285714
92819,0.6945714285714286
19977,0.9986428571428572
14955,0.5522142857142858
2250,0.966
72244,0.407
26420,0.907
68772,0.9365
5213,0.9935714285714285
51455,0.6708571428571428
81805,0.285
85814,0.135
26954,0.48564285714285715
69738,0.9464285714285714
65545,0.9819285714285715
83747,0.5719285714285715
71477,0.3565714285714286
69329,0.162
1746,0.8262142857142857
87324,0.18021428571428572
45379,0.509
89712,0.9833571428571428
96389,0.09264285714285714
35886,0.6077857142857143
89497,0.9877142857142858
49775,0.6995714285714286
81178,0.15235714285714286
72632,0.3097142857142857
93516,0.975
57472,0.9386428571428571
95100,0.9650714285714286
257,0.4225714285714286
97807,0.2982142857142857
42302,0.7327857142857143
103524,0.8009285714285714
89488,0.6652857142857143
76436,0.31192857142857144
95621,0.2165
88434,0.15771428571428572
106829,0.13707142857142857
36065,0.1992142857142857
85803,0.23535714285714285
26046,0.11971428571428572
57695,0.6747142857142857
49956,0.10785714285714286
41088,0.4759285714285714
46736,0.05357142857142857
45144,0.16235714285714287
99930,0.017
27117,0.28135714285714286
53530,0.7856428571428572
49282,0.7430714285714286
1592,0.3610714285714286
2095,0.019928571428571427
105521,0.05735714285714286
93321,0.9646428571428571
77725,0.10335714285714286
52947,0.8909285714285714
43384,0.412
41422,0.28885714285714287
102039,0.787
69243,0.7511428571428571
100066,0.7915714285714286
103522,0.34335714285714286
61424,0.5799285714285715
12304,0.8317142857142857
99845,0.9952857142857143
57141,0.12514285714285714
63639,0.8246428571428571
19505,0.7718571428571429
72803,0.7056428571428571
57130,0.8552142857142857
104086,0.5748571428571428
95997,0.1662142857142857
73735,0.5958571428571429
17898,0.36428571428571427
63729,0.7057142857142857
62143,0.4019285714285714
76631,0.47635714285714287
24602,0.8171428571428572
69537,0.33285714285714285
57797,0.024785714285714286
95559,0.3013571428571429
90322,0.36014285714285715
80472,0.5433571428571429
66595,0.6922142857142857
92922,0.24728571428571428
29561,0.9204285714285714
83239,0.6543571428571429
91457,0.38607142857142857
55134,0.1205
99539,0.0665
48374,0.2915
36915,0.13857142857142857
65108,0.0029285714285714284
29981,0.5424285714285715
93649,0.4780714285714286
89723,0.49028571428571427
76692,0.7928571428571428
54562,0.372
43904,0.768
33293,0.7992857142857143
73671,0.9326428571428571
28238,0.2587857142857143
27546,0.9912857142857143
2281,0.8612142857142857
80042,0.5789285714285715
47374,0.12892857142857142
67558,0.08535714285714285
58322,0.6790714285714285
106927,0.8354285714285714
81403,0.7927142857142857
86321,0.7225
50823,0.19228571428571428
97448,0.6745
105586,0.06185714285714286
75470,0.1672142857142857
9662,0.8911428571428571
91907,0.7271428571428571
41996,0.9245
59405,0.758
52052,0.9960714285714286
30825,0.8408571428571429
95254,0.3520714285714286
58587,0.8407857142857142
98745,0.7873571428571429
29759,0.1365
101031,0.5977142857142858
20484,0.511
25560,0.8495
61360,0.6457142857142857
29448,0.5090714285714286
19381,0.4465
35748,0.8265
68222,0.5452857142857143
39947,0.9716428571428571
49604,0.8441428571428572
1877,0.9957142857142857
46967,0.13071428571428573
20173,0.0345
36385,0.6722857142857143
69799,0.1725
69403,0.1155
95633,0.20957142857142858
33998,0.5165714285714286
64813,0.027
45104,0.2572857142857143
8400,0.6856428571428571
2873,0.3387142857142857
10001,0.6565
48294,0.39257142857142857
83497,0.05457142857142857
57145,0.4115
40968,0.7137857142857142
12970,0.781
73741,0.08342857142857144
63151,0.899
70917,0.5042857142857143
32230,0.7799285714285714
56209,0.8867857142857143
23490,0.6516428571428572
47058,0.4531428571428571
82884,0.24257142857142858
97008,0.7674285714285715
19504,0.0815
2297,0.754
48473,0.15585714285714286
86212,0.6166428571428572
38842,0.8976428571428572
39472,0.00907142857142857
51818,0.6193571428571428
23397,0.3171428571428571
96486,0.7733571428571429
88840,0.10521428571428572
40466,0.3944285714285714
70317,0.9762857142857143
76574,0.2854285714285714
39341,0.8258571428571428
7292,0.33021428571428574
2023,0.0905
77379,0.20957142857142858
58211,0.29314285714285715
33639,0.9805714285714285
104130,0.6870714285714286
99841,0.35728571428571426
106572,0.5235
76552,0.4888571428571429
101625,0.5430714285714285
66162,0.13635714285714284
41851,0.3697857142857143
101017,0.4580714285714286
92229,0.1982142857142857
82357,0.9457142857142857
15982,0.741
23136,0.14164285714285715
97759,0.02085714285714286
92316,0.5145
91913,0.5314285714285715
46431,0.4833571428571429
19270,0.7772142857142857
76264,0.15278571428571427
97433,0.2072142857142857
49813,0.3767142857142857
63267,0.08342857142857144
44030,0.20085714285714285
47029,0.22235714285714286
60911,0.16157142857142856
26852,0.5729285714285715
25495,0.7066428571428571
30724,0.5384285714285715
97366,0.3967857142857143
88283,0.25292857142857145
99771,0.9355
22333,0.4305
32269,0.9140714285714285
8079,0.4724285714285714
2779,0.17357142857142857
13370,0.6665714285714286
67613,0.186
84513,0.262
8508,0.9702142857142857
66942,0.28485714285714286
56528,0.4240714285714286
63111,0.26885714285714285
43119,0.2932142857142857
55170,0.8592142857142857
77456,0.6309285714285714
8406,0.72
49227,0.4570714285714286
100176,0.9050714285714285
89671,0.9987142857142857
99750,0.6528571428571428
60128,0.7075714285714285
57307,0.15485714285714286
40250,0.132
34581,0.19885714285714284
86220,0.187
49095,0.3182857142857143
63946,0.3757857142857143
10473,0.7160714285714286
41895,0.3389285714285714
76107,0.1987857142857143
79867,0.5043571428571428
63319,0.27185714285714285
96015,0.7327857142857143
79850,0.224
106860,0.7174285714285714
3663,0.7768571428571428
100342,0.08985714285714286
8091,0.0515
103769,0.3382857142857143
34494,0.8258571428571428
28174,0.2735714285714286
14089,0.7715
14851,0.8143571428571429
101546,0.16142857142857142
70823,0.7795714285714286
51750,0.6214285714285714
85313,0.047714285714285716
15457,0.12507142857142858
14421,0.43807142857142856
98252,0.9922142857142857
64105,0.6497142857142857
85486,0.5435714285714286
40484,0.9600714285714286
21023,0.522
14530,0.048857142857142856
43162,0.40264285714285714
6006,0.891
6263,0.35214285714285715
42898,0.6972142857142857
74764,0.0925
53230,0.22335714285714287
102952,0.7212857142857143
17252,0.014642857142857143
91186,0.33007142857142857
29131,0.6449285714285714
78947,0.8028571428571428
3032,0.5372142857142858
98841,0.7760714285714285
8866,0.6076428571428572
72495,0.24971428571428572
67709,0.4630714285714286
90098,0.4805
59516,0.01864285714285714
50248,0.9998571428571429
94359,0.133
27240,0.4029285714285714
96264,0.4639285714285714
52858,0.174
46162,0.6532857142857142
1134,0.2522142857142857
48949,0.4099285714285714
71960,0.07807142857142857
68910,0.14007142857142857
99982,0.8309285714285715
41393,0.9700714285714286
51375,0.05857142857142857
68467,0.7915
76589,0.4690714285714286
70180,0.17542857142857143
37487,0.728
71815,0.29678571428571426
103508,0.12692857142857142
82760,0.9707142857142858
58985,0.3432857142857143
16513,0.1682857142857143
31230,0.17842857142857144
59944,0.8818571428571429
43283,0.2292857142857143
31673,0.5670714285714286
71637,0.8592142857142857
84561,0.5780714285714286
96324,0.4787142857142857
11191,0.8642857142857143
50728,0.09771428571428571
22865,0.5685714285714286
62181,0.061285714285714284
87356,0.6267857142857143
77537,0.3444285714285714
22487,0.4845714285714286
45970,0.6246428571428572
20742,0.6545
64806,0.12235714285714286
98020,0.7674285714285715
49161,0.033857142857142856
1783,0.08571428571428572
64058,0.11385714285714285
1330,0.5613571428571429
86753,0.3667142857142857
85567,0.31585714285714284
92385,0.5634285714285714
63583,0.8178571428571428
41872,0.3205
4448,0.12628571428571428
10400,0.38521428571428573
54480,0.34885714285714287
897,0.04535714285714286
75005,0.9999285714285714
104744,0.29914285714285715
78050,0.8774285714285714
24984,0.12471428571428571
106112,0.14235714285714285
19932,0.17821428571428571
102896,0.5209285714285714
73105,0.6072142857142857
91330,0.012428571428571428
34731,0.053
52739,0.6085
26932,0.24621428571428572
31165,0.2795714285714286
58551,0.8506428571428571
21939,0.7317857142857143
91487,0.4072142857142857
97906,0.7584285714285715
44807,0.9545
39583,0.6281428571428571
93137,0.7317142857142858
34927,0.9952857142857143
45200,0.4795714285714286
14810,0.16707142857142857
97368,0.9324285714285714
49243,0.4305
22782,0.511
23667,0.6368571428571429
71900,0.17857142857142858
25489,0.6842857142857143
27382,0.006857142857142857
46444,0.2943571428571429
78907,0.5122857142857142
54487,0.43407142857142855
4456,0.8532857142857143
39826,0.9985
66223,0.41785714285714287
56061,0.7186428571428571
62113,0.6668571428571428
29214,0.5552857142857143
66149,0.8067857142857143
88109,0.6282142857142857
22342,0.3632142857142857
101632,0.39721428571428574
35544,0.15378571428571428
77028,0.31907142857142856
43616,0.7881428571428571
58907,0.5867857142857142
30899,0.8068571428571428
87933,0.8169285714285714
18929,0.7542142857142857
50190,0.8812142857142857
76597,0.7922857142857143
89900,0.7618571428571429
83765,0.04478571428571428
13518,0.34714285714285714
45429,0.28114285714285714
50083,0.9956428571428572
66000,0.19957142857142857
94851,0.39514285714285713
10556,0.9632142857142857
63987,0.9804285714285714
3997,0.8420714285714286
9047,0.127
85872,0.12892857142857142
24822,0.7519285714285714
27379,0.9144285714285715
21940,0.05307142857142857
48077,0.42064285714285715
96284,0.6317142857142857
79651,0.9923571428571428
103427,0.7760714285714285
12807,0.18314285714285714
83175,0.9290714285714285
15840,0.3226428571428571
3484,0.7931428571428571
70845,0.4982142857142857
101606,0.9895714285714285
23783,0.05942857142857143
64445,0.1662142857142857
104412,0.5936428571428571
70411,0.5446428571428571
19819,0.1992857142857143
65009,0.24978571428571428
92342,0.037714285714285714
19108,0.033857142857142856
6746,0.8538571428571429
94206,0.7000714285714286
94143,0.4569285714285714
99106,0.5867857142857142
69631,0.05021428571428571
53596,0.22271428571428573
101047,0.9472857142857143
56697,0.6711428571428572
55742,0.08578571428571428
70944,0.09664285714285714
92980,0.33085714285714285
34131,0.536
44222,0.28285714285714286
43819,0.6119285714285714
19874,0.006857142857142857
49225,0.012428571428571428
5038,0.5688571428571428
29429,0.6112857142857143
86940,0.8877142857142857
21797,0.6709285714285714
54871,0.48264285714285715
44711,0.199
9775,0.8748571428571429
98608,0.4035
33277,0.8285714285714286
47216,0.5277142857142857
6745,0.00907142857142857
42361,0.7995714285714286
27101,0.5885
72144,0.05928571428571429
87482,0.23857142857142857
52060,0.2839285714285714
26520,0.4382142857142857
16,0.06721428571428571
97049,0.6531428571428571
65365,0.7625714285714286
26077,0.04585714285714286
18424,0.4222142857142857
80684,0.4257142857142857
51997,0.6204285714285714
11295,0.259
255,0.45457142857142857
95708,0.42214285714285715
102388,0.5494285714285714
82724,0.13885714285714285
72032,0.165
82147,0.31242857142857144
50404,0.5067142857142857
11290,0.07557142857142857
34522,0.6772857142857143
92537,0.2909285714285714
105140,0.571
23560,0.06942857142857142
172,0.6162142857142857
95703,0.6292857142857143
93174,0.6565
52405,0.22007142857142858
28051,0.607
4946,0.995
43674,0.07985714285714286
50110,0.509
1179,0.2925714285714286
60536,0.9690714285714286
79473,0.3246428571428571
104865,0.6765
74070,0.5420714285714285
97397,0.6594285714285715
76386,0.9949285714285714
41379,0.8167857142857143
10449,0.9457142857142857
33692,0.06428571428571428
38931,0.7262142857142857
40541,0.23757142857142857
95816,0.14942857142857144
47147,0.2740714285714286
39952,0.0095
10941,0.9348571428571428
5613,0.8327142857142857
29689,0.2895
21013,0.08592857142857142
12465,0.45721428571428574
7029,0.9056428571428572
100032,0.37007142857142855
33975,0.6661428571428571
102570,0.332
75071,0.2735714285714286
31504,0.4745714285714286
58867,0.5086428571428572
51215,0.5238571428571429
103693,0.37057142857142855
95082,0.4137857142857143
24245,0.9905714285714285
51808,0.6147142857142858
26899,0.7179285714285715
83788,0.9590714285714286
15455,0.8538571428571429
6864,0.6034285714285714
43346,0.1035
45131,0.6244285714285714
59236,0.9187857142857143
60069,0.2934285714285714
97287,0.8044285714285714
73100,0.448
2015,0.3947857142857143
67988,0.6317142857142857
15584,0.03678571428571428
104063,0.05607142857142857
15460,0.9349285714285714
95640,0.5129285714285714
77076,0.6875714285714286
4555,0.44571428571428573
74424,0.8842857142857142
88710,0.7508571428571429
6054,0.7337142857142858
65620,0.1595
10605,0.2980714285714286
59261,0.9873571428571428
25733,0.7546428571428572
58112,0.7117142857142857
81844,0.9951428571428571
49036,0.9568571428571429
26258,0.7330714285714286
3535,0.5331428571428571
101998,0.6141428571428571
66520,0.4699285714285714
87362,0.029642857142857144
99528,0.35528571428571426
12377,0.7900714285714285
51345,0.4680714285714286
96938,0.4747857142857143
15312,0.10064285714285715
16353,0.41635714285714287
91008,0.4092857142857143
90835,0.04171428571428572
41820,0.07864285714285714
16151,0.10135714285714285
86348,0.9262142857142858
105669,0.6569285714285714
101601,0.9306428571428571
83311,0.39414285714285713
104640,0.7616428571428572
84406,0.08864285714285715
8453,0.4125
60994,0.2602857142857143
51636,0.09178571428571429
4373,0.08657142857142858
49091,0.0925
68042,0.9680714285714286
82902,0.8638571428571429
49391,0.18457142857142858
30984,0.6842857142857143
34967,0.6007142857142858
40341,0.4402142857142857
45873,0.724
17905,0.6747142857142857
16839,0.5955
44541,0.8866428571428572
68437,0.8677857142857143
21404,0.7490714285714286
73479,0.291
30359,0.7136428571428571
73351,0.915
84959,0.7848571428571428
56513,0.8404285714285714
103756,0.8130714285714286
67520,0.2810714285714286
100986,0.9998571428571429
27260,0.5803571428571429
731,0.08192857142857143
87687,0.4095
28660,0.7311428571428571
94391,0.2820714285714286
17446,0.5418571428571428
81498,0.2562857142857143
12219,0.9521428571428572
78778,0.39785714285714285
96356,0.07407142857142857
81985,0.21278571428571427
55448,0.8827857142857143
48604,0.1332142857142857
5094,0.23635714285714285
81185,0.7152857142857143
71771,0.7362142857142857
69712,0.2815714285714286
46044,0.30478571428571427
88764,0.3846428571428571
88216,0.6529285714285714
77232,0.3387142857142857
32466,0.0605
56837,0.8815
40092,0.7035
99835,0.8972857142857142
7863,0.8335
84264,0.84
59001,0.5783571428571429
65318,0.6097142857142858
85921,0.6729285714285714
6507,0.04321428571428571
94886,0.6216428571428572
14161,0.8817142857142857
2774,0.891
18113,0.9600714285714286
39735,0.16228571428571428
78002,0.8758571428571429
28895,0.9740714285714286
70029,0.1925
74120,0.5515714285714286
5053,0.027785714285714285
72518,0.2905
46275,0.13328571428571429
96136,0.8693571428571428
14146,0.8916428571428572
48782,0.23142857142857143
71094,0.008571428571428572
4072,0.8202857142857143
22234,0.16335714285714287
40492,0.1635
79690,0.9976428571428572
23079,0.9561428571428572
17333,0.7615714285714286
87119,0.5421428571428571
5834,0.291
13551,0.6886428571428571
103021,0.7537857142857143
41991,0.8358571428571429
97997,0.9781428571428571
106143,0.4427857142857143
101996,0.6782857142857143
101236,0.0035
36530,0.3330714285714286
17414,0.3685
33019,0.7137857142857142
85006,0.9076428571428572
76140,0.4215714285714286
11309,0.6937857142857143
34063,0.7622857142857142
86991,0.7835714285714286
32286,0.03585714285714286
2524,0.6587142857142857
6279,0.27385714285714285
57030,0.25307142857142856
37289,0.4095714285714286
54436,0.8505714285714285
67667,0.09485714285714286
51861,0.21721428571428572
48301,0.4709285714285714
92372,0.009285714285714286
66076,0.032928571428571425
104068,0.8462857142857143
31387,0.035
103070,0.30128571428571427
102925,0.5442857142857143
99006,0.8679285714285714
34843,0.3826428571428571
38428,0.3055
50298,0.6025714285714285
51515,0.6545
32828,0.8481428571428572
104127,0.004428571428571428
2186,0.11564285714285714
20434,0.9408571428571428
96378,0.128
13398,0.6749285714285714
6188,0.4722857142857143
85871,0.2725714285714286
62571,0.9635714285714285
11099,0.5027857142857143
94810,0.6137857142857143
23998,0.6693571428571429
49636,0.22692857142857142
20494,0.3357142857142857
33693,0.927
91076,0.128
74944,0.04278571428571429
74179,0.9354285714285714
8337,0.6098571428571429
38300,0.7547857142857143
33038,0.009785714285714286
42301,0.5420714285714285
98406,0.8715
21120,0.053785714285714284
103069,0.04914285714285714
95270,0.4179285714285714
29415,0.8642857142857143
8936,0.9899285714285714
3064,0.2699285714285714
9208,0.9914285714285714
3003,0.9085714285714286
19534,0.3663571428571429
38292,0.9218571428571428
83724,0.1035
38364,0.9365714285714286
13128,0.05857142857142857
89959,0.8778571428571429
16895,0.1687142857142857
11341,0.064
65488,0.7000714285714286
82592,0.3722142857142857
56114,0.01107142857142857
26861,0.24621428571428572
41746,0.2302857142857143
96149,0.33764285714285713
11061,0.6202142857142857
53212,0.962
70589,0.2392142857142857
78186,0.9247857142857143
54618,0.9999285714285714
23535,0.566
76071,0.8397857142857142
6762,0.5846428571428571
21563,0.24735714285714286
8277,0.1702142857142857
68692,0.3043571428571429
16750,0.11135714285714286
106149,0.3330714285714286
32532,0.735
32779,0.6898571428571428
102453,0.49842857142857144
30666,0.6922857142857143
61647,0.05285714285714286
27147,0.8162857142857143
95403,0.03314285714285714
100710,0.8147142857142857
36015,0.22942857142857143
106331,0.45521428571428574
87580,0.7002142857142857
41501,0.8168571428571428
98388,0.5494285714285714
30343,0.3982857142857143
100663,0.622
48171,0.38385714285714284
56787,0.00842857142857143
14226,0.9636428571428571
21243,0.7075
106770,0.4095714285714286
14458,0.15521428571428572
67170,0.19292857142857142
73977,0.9370714285714286
61569,0.1437142857142857
6221,0.3678571428571429
1656,0.2345
70599,0.8358571428571429
33838,0.9620714285714286
59864,0.5489285714285714
74466,0.37585714285714283
11592,0.1065
15088,0.64
97597,0.015785714285714285
18431,0.8005714285714286
42600,0.22
81817,0.3472857142857143
80331,0.6753571428571429
98567,0.9365
4097,0.2804285714285714
63923,0.5809285714285715
28027,0.3945714285714286
27503,0.42078571428571426
9715,0.258
40488,0.11871428571428572
40166,0.061142857142857145
48582,0.6141428571428571
6797,0.9815714285714285
65019,0.183
30617,0.8697142857142857
51701,0.7609285714285714
5761,0.5232142857142857
105934,0.8799285714285714
40390,0.7689285714285714
58403,0.9917857142857143
39690,0.39321428571428574
69613,0.6311428571428571
17650,0.2561428571428571
26592,0.10042857142857142
70322,0.248
63130,0.4387857142857143
49616,0.6491428571428571
102088,0.08735714285714286
15405,0.1417142857142857
68466,0.2975
92294,0.133
22524,0.25892857142857145
102550,0.41978571428571426
79178,0.7980714285714285
78481,0.03492857142857143
25017,0.39621428571428574
4939,0.4034285714285714
28702,0.15092857142857144
50712,0.12714285714285714
42190,0.5437142857142857
85508,0.28135714285714286
36452,0.2810714285714286
9538,0.891
35066,0.04207142857142857
38543,0.7215
11794,0.44685714285714284
66006,0.4392142857142857
21198,0.6369285714285714
80627,0.5700714285714286
72178,0.7187142857142857
52478,0.9998571428571429
54875,0.5515
93762,0.6627142857142857
86519,0.5330714285714285
78128,0.5026428571428572
82240,0.45121428571428573
100403,0.029214285714285713
46299,0.6355
105428,0.4660714285714286
76655,0.7623571428571428
87723,0.08528571428571428
39172,0.2385
105399,0.9282857142857143
35620,0.9989285714285714
4285,0.038642857142857145
104852,0.3117857142857143
45967,0.6765
73419,0.7247142857142858
88642,0.8095714285714286
66205,0.5402142857142858
48234,0.0035
6612,0.03428571428571429
18880,0.3422142857142857
69298,0.5301428571428571
87659,0.6224285714285714
81104,0.7265714285714285
77462,0.8115714285714286
86422,0.25657142857142856
82575,0.44621428571428573
29597,0.8534285714285714
45809,0.18435714285714286
82953,0.3445
60684,0.09292857142857143
18764,0.023714285714285716
103360,0.7093571428571429
36723,0.7083571428571429
29224,0.3469285714285714
48812,0.6462142857142857
43786,0.8335
37907,0.6782142857142858
66750,0.24992857142857142
74666,0.19842857142857143
32708,0.14085714285714285
98157,0.8922142857142857
85100,0.9285714285714286
10959,0.38685714285714284
25471,0.7605714285714286
74863,0.24757142857142858
87242,0.25485714285714284
104648,0.611
97052,0.6944285714285714
86805,0.4192142857142857
16681,0.103
9645,0.14407142857142857
38003,0.12107142857142857
98423,0.727
43855,0.8262142857142857
80998,0.25007142857142856
51599,0.6195714285714286
86393,0.6756428571428571
97657,0.4705
68503,0.42992857142857144
62199,0.9007142857142857
22810,0.7624285714285715
25809,0.11571428571428571
31763,0.6407142857142857
56585,0.14871428571428572
82026,0.6428571428571429
31013,0.7592142857142857
88505,0.7160714285714286
67862,0.12678571428571428
1083,0.6467142857142857
32019,0.07621428571428572
45514,0.5725714285714286
45705,0.7985714285714286
24442,0.5397857142857143
2150,0.5572142857142857
44853,0.7212857142857143
87629,0.6944285714285714
99796,0.257
15349,0.023785714285714285
34765,0.9034285714285715
25818,0.02542857142857143
2666,0.7266428571428571
76793,0.05307142857142857
105647,0.3667142857142857
81361,0.45985714285714285
90799,0.9835
35745,0.7277857142857143
160,0.22414285714285714
69303,0.07728571428571429
14700,0.4838571428571429
69746,0.6747142857142857
961,0.8316428571428571
3962,0.07407142857142857
24511,0.7395
61817,0.3632142857142857
19533,0.9904285714285714
43332,0.214
52787,0.3335
79254,0.19735714285714287
63398,0.1452857142857143
46236,0.64
103175,0.8116428571428571
79229,0.3387857142857143
2444,0.8332142857142857
77714,0.8552142857142857
80153,0.5889285714285715
98530,0.6765
93242,0.8707857142857143
39888,0.9785
9964,0.942
31540,0.891
47142,0.40935714285714286
35348,0.6924285714285714
74182,0.18185714285714286
5001,0.11721428571428572
37864,0.5547857142857143
14092,0.5565
16748,0.8376428571428571
104285,0.1357142857142857
41214,0.4347142857142857
27064,0.47385714285714287
1903,0.17464285714285716
9954,0.1635
86039,0.23014285714285715
54745,0.19221428571428573
9210,0.18821428571428572
103898,0.0029285714285714284
21972,0.5661428571428572
67669,0.027785714285714285
484,0.6846428571428571
47825,0.5265
47939,0.7422857142857143
100475,0.20864285714285713
77167,0.39621428571428574
88023,0.9948571428571429
75237,0.7145
60778,0.3865
33347,0.5135
72757,0.6290714285714286
45691,0.36542857142857144
23169,0.6663571428571429
49808,0.6646428571428571
87952,0.5057857142857143
104831,0.7330714285714286
88511,0.7405714285714285
106076,0.36742857142857144
1970,0.8786428571428572
61596,0.08685714285714285
99009,0.9474285714285714
36950,0.9802857142857143
4566,0.39585714285714285
40783,0.5027142857142857
72599,0.3977142857142857
8221,0.2710714285714286
19699,0.7342857142857143
37292,0.5722142857142857
11863,0.5312857142857143
79578,0.7318571428571429
25995,0.4546428571428571
37913,0.6154285714285714
7465,0.8997857142857143
77555,0.087
87837,0.005071428571428571
32407,0.5745
3374,0.9622142857142857
23096,0.5809285714285715
21436,0.5345
67879,0.4812142857142857
105851,0.6989285714285715
84088,0.2982142857142857
33309,0.5396428571428571
58284,0.4574285714285714
67380,0.22985714285714287
51248,0.2047142857142857
7690,0.9528571428571428
66797,0.6296428571428572
3928,0.46235714285714286
98699,0.7807857142857143
37209,0.9545
39834,0.09214285714285714
100208,0.5199285714285714
92868,0.025285714285714286
7592,0.5834285714285714
93101,0.111
82473,0.41614285714285715
54104,0.17535714285714285
8772,0.9738571428571429
49171,0.37464285714285717
1186,0.28714285714285714
20672,0.8716428571428572
9230,0.5879285714285715
97020,0.09064285714285714
2270,0.7672857142857142
21016,0.08835714285714286
42750,0.7464285714285714
12134,0.0635
85442,0.6770714285714285
4196,0.41764285714285715
45003,0.8456428571428571
173,0.664
93374,0.8582142857142857
88695,0.05292857142857143
24428,0.5905714285714285
21794,0.974
83160,0.6613571428571429
61147,0.985
84498,0.1955
12837,0.8675
55334,0.8739285714285714
23071,0.7535714285714286
86142,0.8762142857142857
82082,0.681
40099,0.46235714285714286
90999,0.33735714285714286
60262,0.6412857142857142
13806,0.14564285714285713
84354,0.8058571428571428
93197,0.2992142857142857
31336,0.18871428571428572
61346,0.9025714285714286
64873,0.02142857142857143
32682,0.6637857142857143
91281,0.5741428571428572
18862,0.4097857142857143
69521,0.2235
89560,0.06821428571428571
35183,0.053642857142857145
101367,0.13064285714285714
80005,0.3922857142857143
28355,0.7288571428571429
81694,0.4524285714285714
67871,0.19228571428571428
40178,0.8005714285714286
18070,0.6708571428571428
30680,0.238
56137,0.12485714285714286
84815,0.3469285714285714
86707,0.42507142857142854
55089,0.14114285714285715
59361,0.2925714285714286
64490,0.652
57093,0.7145714285714285
15676,0.45285714285714285
39525,0.5175
47923,0.9320714285714286
45403,0.5715
83152,0.08335714285714285
98655,0.29664285714285715
50859,0.5434285714285715
65784,0.30164285714285716
70212,0.9505
21058,0.6673571428571429
74241,0.29135714285714287
62610,0.5301428571428571
7566,0.22628571428571428
97972,0.9671428571428572
67144,0.5980714285714286
87606,0.9306428571428571
46796,0.23585714285714285
4010,0.9815714285714285
76090,0.26242857142857146
12992,0.34385714285714286
96829,0.17714285714285713
84814,0.4823571428571429
57267,0.39
6047,0.48542857142857143
69361,0.09821428571428571
17613,0.4352857142857143
51751,0.6184285714285714
42632,0.22157142857142856
36140,0.7512142857142857
85388,0.4072142857142857
71239,0.9313571428571429
15500,0.36514285714285716
61416,0.5975
31746,0.38185714285714284
50329,0.35464285714285715
73952,0.8952142857142857
32538,0.6521428571428571
13418,0.3147857142857143
12540,0.23814285714285716
43800,0.040214285714285716
14460,0.7536428571428572
55856,0.5795
62352,0.3337857142857143
94871,0.42828571428571427
91572,0.41878571428571426
26053,0.5067142857142857
50065,0.9065714285714286
5865,0.8408571428571429
10612,0.36228571428571427
42136,0.07714285714285714
98225,0.9167857142857143
67911,0.7266428571428571
58526,0.5782142857142857
60638,0.5493571428571429
17491,0.18621428571428572
65807,0.35264285714285715
65190,0.8862857142857142
46855,0.18657142857142858
31550,0.37335714285714283
46678,0.5494285714285714
52586,0.39371428571428574
77083,0.458
15946,0.054857142857142854
47152,0.23092857142857143
82477,0.3767857142857143
89509,0.15835714285714286
67809,0.04235714285714286
66336,0.2362142857142857
104012,0.052071428571428574
5903,0.45121428571428573
71203,0.0815
53679,0.5027142857142857
4649,0.34185714285714286
45837,0.6397857142857143
47135,0.8544285714285714
100954,0.368
91716,0.10792857142857143
85728,0.4432142857142857
1170,0.6984285714285714
31247,0.7422142857142857
7679,0.8790714285714286
28796,0.8845
44977,0.8162857142857143
39422,0.26507142857142857
61607,0.19957142857142857
106078,0.13564285714285715
9024,0.26085714285714284
87278,0.3037142857142857
69203,0.8385
1615,0.5462857142857143
18592,0.3305
102546,0.6527142857142857
92573,0.4352857142857143
99103,0.9166428571428571
64001,0.3522857142857143
10045,0.3304285714285714
85073,0.3527142857142857
63138,0.8292142857142857
33289,0.42578571428571427
25657,0.4402142857142857
105677,0.12828571428571428
67163,0.12178571428571429
13647,0.1405
76642,0.03514285714285714
51007,0.6097142857142858
68266,0.7807142857142857
44275,0.6734285714285714
20998,0.8268571428571428
37144,0.6210714285714286
22529,0.7212857142857143
107135,0.3397857142857143
10453,0.3073571428571429
44915,0.22457142857142856
71397,0.7
87754,0.5923571428571428
94874,0.8229285714285715
48273,0.8305714285714285
83799,0.4451428571428571
59725,0.7886428571428571
17919,0.301
38410,0.3405714285714286
96210,0.1987142857142857
52102,0.5752142857142857
71858,0.383
35019,0.7361428571428571
100257,0.4850714285714286
92012,0.7249285714285715
62039,0.5797142857142857
62999,0.39357142857142857
71724,0.017285714285714286
45444,0.8041428571428572
92009,0.35692857142857143
19636,0.8354285714285714
55464,0.15892857142857142
71250,0.08842857142857143
7439,0.16942857142857143
49016,0.6491428571428571
23337,0.18414285714285714
60876,0.7825714285714286
49078,0.2710714285714286
74833,0.06878571428571428
29020,0.4382142857142857
26583,0.4622142857142857
29303,0.06492857142857143
42586,0.7330714285714286
71875,0.754
34508,0.6490714285714285
6165,0.6631428571428571
58493,0.591
94887,0.25285714285714284
102986,0.9635714285714285
28098,0.9571428571428572
25087,0.18328571428571427
8009,0.09007142857142857
89579,0.30028571428571427
54770,0.9589285714285715
51653,0.8335
45760,0.20957142857142858
4476,0.9350714285714286
54421,0.31314285714285717
59509,0.8614285714285714
98689,0.9725
60921,0.0775
39461,0.6907857142857143
70274,0.3727857142857143
37090,0.43514285714285716
37016,0.01042857142857143
13411,0.7412857142857143
51088,0.8084285714285714
56925,0.7245714285714285
98002,0.33314285714285713
35495,0.20085714285714285
93475,0.7124285714285714
68261,0.20985714285714285
98947,0.6740714285714285
50552,0.5595714285714286
59028,0.8505714285714285
88386,0.5512857142857143
96380,0.5300714285714285
45376,0.6678571428571428
43984,0.6247857142857143
24711,0.5434285714285715
97312,0.5552142857142857
26141,0.4750714285714286
16602,0.06978571428571428
23781,0.2744285714285714
28258,0.05678571428571429
64800,0.3811428571428571
37795,0.9624285714285714
62740,0.08342857142857144
41201,0.03092857142857143
1954,0.2895
81573,0.20192857142857143
21215,0.019428571428571427
70981,0.25957142857142856
67761,0.17614285714285716
104537,0.3585714285714286
52595,0.7706428571428572
28616,0.021857142857142856
17775,0.9895714285714285
35248,0.056357142857142856
34106,0.48707142857142854
13399,0.4402142857142857
62348,0.9805714285714285
22348,0.4435
78412,0.2651428571428571
79202,0.08078571428571428
28300,0.6534285714285715
57415,0.4888571428571429
24325,0.5130714285714286
104667,0.42328571428571427
102884,0.7686428571428572
75881,0.4903571428571429
89545,0.15728571428571428
53802,0.1747857142857143
8428,0.7449285714285714
1947,0.30614285714285716
39582,0.8055714285714286
98781,0.49207142857142855
10914,0.7197142857142858
68116,0.24785714285714286
89336,0.6911428571428572
23088,0.8592142857142857
24498,0.6184285714285714
20680,0.3547142857142857
72863,0.26307142857142857
9853,0.7680714285714285
34780,0.1035
47982,0.3507142857142857
23029,0.32685714285714285
99217,0.9693571428571428
65189,0.11707142857142858
32702,0.30492857142857144
29196,0.47564285714285715
92311,0.5607857142857143
78556,0.7237857142857143
790,0.17114285714285715
61109,0.34035714285714286
27468,0.45435714285714285
59155,0.4452857142857143
77199,0.7256428571428571
5278,0.8265
74444,0.016714285714285713
82691,0.07364285714285715
16226,0.2455
52549,0.4407857142857143
44851,0.6797857142857143
59450,0.6133571428571428
94386,0.6162857142857143
17225,0.30314285714285716
36121,0.5384285714285715
70641,0.42664285714285716
23081,0.98
26293,0.27885714285714286
19672,0.37807142857142856
75867,0.43264285714285716
12380,0.5442142857142858
58603,0.36578571428571427
75965,0.41514285714285715
89363,0.6195
93676,0.9282142857142858
14307,0.1357142857142857
91126,0.9989285714285714
25779,0.307
6628,0.7725
4388,0.15085714285714286
93791,0.49835714285714283
31487,0.8957857142857143
90708,0.4655714285714286
30088,0.8336428571428571
83553,0.6455
74383,0.11392857142857143
25927,0.616
7414,0.031785714285714285
20334,0.09957142857142857
21744,0.6164285714285714
21251,0.1942142857142857
60748,0.3990714285714286
43515,0.2787142857142857
74308,0.24621428571428572
106088,0.47835714285714287
34656,0.2815714285714286
50547,0.3747142857142857
95637,0.8445714285714285
30704,0.1915
15030,0.2810714285714286
24654,0.45307142857142857
9002,0.5946428571428571
39090,0.5300714285714285
50634,0.4477857142857143
97316,0.34685714285714286
84069,0.6185714285714285
15263,0.42214285714285715
17371,0.3055
92665,0.5099285714285714
68592,0.3186428571428571
34934,0.2067857142857143
60754,0.06428571428571428
11212,0.29214285714285715
57395,0.8689285714285714
87247,0.3335714285714286
10163,0.37692857142857145
19818,0.020214285714285716
86469,0.8542857142857143
5163,0.2890714285714286
89755,0.35564285714285715
15091,0.22657142857142856
54328,0.19735714285714287
26074,0.9979285714285714
70959,0.3896428571428571
84334,0.8366428571428571
65282,0.4838571428571429
33477,0.7055714285714285
6641,0.19592857142857142
23339,0.6945
224,0.8177857142857143
16607,0.0815
106110,0.06185714285714286
75941,0.08171428571428571
45252,0.45985714285714285
832,0.39514285714285713
55056,0.18135714285714286
89743,0.9553571428571429
60890,0.1615
55078,0.5172857142857142
48751,0.5693571428571429
64538,0.23757142857142857
40381,0.11207142857142857
80868,0.28
39323,0.9132142857142858
87561,0.9802142857142857
16654,0.6447857142857143
41696,0.5301428571428571
13283,0.9301428571428572
24227,0.8602857142857143
9617,0.9093571428571429
56613,0.8387142857142857
87591,0.24757142857142858
51253,0.9645714285714285
79479,0.24364285714285713
90168,0.009571428571428571
63042,0.6435714285714286
37035,0.21107142857142858
52909,0.634
69625,0.6711428571428572
10939,0.135
43090,0.7836428571428572
23167,0.6676428571428571
16387,0.7032142857142857
40661,0.9174285714285715
71384,0.5008571428571429
19426,0.163
45384,0.8178571428571428
60704,0.4097857142857143
14812,0.31542857142857145
42412,0.15
70876,0.45407142857142857
63689,0.7361428571428571
33546,0.7438571428571429
15735,0.9185714285714286
40798,0.3097857142857143
13733,0.33071428571428574
67133,0.2365
18911,0.009571428571428571
31669,0.43514285714285716
80993,0.23192857142857143
48559,0.5939285714285715
6089,0.38535714285714284
75724,0.05735714285714286
76026,0.495
31984,0.4531428571428571
10651,0.6972142857142857
31300,0.21307142857142858
28564,0.08142857142857143
18914,0.3037142857142857
58189,0.7557857142857143
79828,0.541
66402,0.5765
40202,0.39464285714285713
95576,0.08842857142857143
94270,0.8300714285714286
29226,0.733
53270,0.49257142857142855
35383,0.2739285714285714
29566,0.7426428571428572
2547,0.5964285714285714
70342,0.8649285714285714
1061,0.8466428571428571
78036,0.5776428571428571
72994,0.8475714285714285
34506,0.9206428571428571
102711,0.8207142857142857
41440,0.41992857142857143
39328,0.6977142857142857
82236,0.7257142857142858
54557,0.34935714285714287
8590,0.19678571428571429
49268,0.9547857142857142
53084,0.4524285714285714
32658,0.7857142857142857
40205,0.36514285714285716
16606,0.20107142857142857
21653,0.024142857142857143
38824,0.030714285714285715
72356,0.9307142857142857
58357,0.9031428571428571
5784,0.6872142857142857
10202,0.5890714285714286
9417,0.3389285714285714
33193,0.7492857142857143
107160,0.036571428571428574
70310,0.923
18909,0.5988571428571429
60021,0.42328571428571427
20427,0.7622857142857142
104311,0.5804285714285714
86023,0.5677857142857143
31203,0.14242857142857143
63103,0.07814285714285714
98109,0.04485714285714286
21297,0.9452857142857143
52144,0.4535
88901,0.692
38225,0.338
84696,0.7778571428571428
20497,0.6705714285714286
29476,0.7326428571428572
24075,0.6995
22804,0.9264285714285714
91118,0.29842857142857143
80940,0.8961428571428571
43319,0.009642857142857142
29975,0.17014285714285715
87083,0.4667142857142857
52097,0.6020714285714286
40409,0.3975714285714286
38669,0.7298571428571429
3473,0.3087857142857143
42303,0.17407142857142857
55987,0.6827857142857143
29956,0.31107142857142855
85955,0.5875714285714285
25404,0.7884285714285715
10515,0.9449285714285715
94826,0.6372857142857142
24313,0.12157142857142857
7440,0.8917142857142857
37739,0.9692142857142857
65222,0.42214285714285715
21842,0.2245
13616,0.053642857142857145
62725,0.22135714285714286
82094,0.7160714285714286
28784,0.6632857142857143
90341,0.13557142857142856
90871,0.16714285714285715
97153,0.661
34477,0.14564285714285713
27288,0.5997142857142858
6645,0.2067857142857143
106487,0.24485714285714286
103799,0.048785714285714286
100795,0.23642857142857143
50441,0.9218571428571428
25656,0.9744285714285714
42091,0.47314285714285714
31393,0.9944285714285714
105245,0.8023571428571429
30771,0.667
63295,0.955
92846,0.8358571428571429
76532,0.29764285714285715
55699,0.2980714285714286
51532,0.6666428571428571
81462,0.593
55743,0.8582142857142857
5471,0.939
50734,0.45721428571428574
77357,0.1727857142857143
42814,0.793
56981,0.4192142857142857
15870,0.6818571428571428
62263,0.7147857142857142
32459,0.08907142857142857
69113,0.8287142857142857
41655,0.2047142857142857
73181,0.7306428571428571
106893,0.5570714285714286
95135,0.05735714285714286
250,0.8697857142857143
46233,0.8275
61352,0.6965
78753,0.2869285714285714
36900,0.49342857142857144
20266,0.195
100210,0.4665714285714286
12736,0.5982857142857143
72307,0.8857857142857143
88205,0.8609285714285714
8442,0.5625714285714286
5266,0.7978571428571428
68454,0.08528571428571428
42471,0.3132142857142857
88656,0.15014285714285713
39599,0.6972142857142857
52067,0.3226428571428571
36330,0.20435714285714285
64700,0.3177142857142857
45548,0.11385714285714285
25933,0.2292857142857143
15386,0.883
5678,0.6141428571428571
64586,0.9385714285714286
42264,0.3712857142857143
82239,0.036571428571428574
12472,0.6045714285714285
80615,0.5038571428571429
90894,0.4972857142857143
33993,0.6853571428571429
68985,0.5571428571428572
48858,0.9772142857142857
2365,0.12121428571428572
61432,0.5345
55956,0.44842857142857145
72981,0.919
3931,0.21878571428571428
102498,0.37985714285714284
65577,0.5381428571428571
104607,0.9285714285714286
3574,0.05771428571428571
48736,0.3397857142857143
17630,0.7209285714285715
92273,0.3990714285714286
88264,0.785
46131,0.15114285714285713
65601,0.29564285714285715
11263,0.2705
56695,0.012428571428571428
52600,0.39307142857142857
5653,0.7816428571428572
23233,0.6479285714285714
102262,0.95
19938,0.09035714285714286
43484,0.5613571428571429
85166,0.43614285714285717
3085,0.09592857142857143
18921,0.08378571428571428
24771,0.7446428571428572
58897,0.0054285714285714284
94516,0.5062857142857143
78453,0.6109285714285714
91211,0.5283571428571429
105987,0.6409285714285714
43111,0.3181428571428571
28487,0.2705
8124,0.30164285714285716
82311,0.29664285714285715
98877,0.6765
74159,0.5005714285714286
33511,0.45621428571428574
95473,0.15128571428571427
19725,0.3472142857142857
41003,0.266
16427,0.9115
100963,0.9458571428571428
52106,0.5130714285714286
39236,0.9504285714285714
44120,0.9600714285714286
105658,0.6875714285714286
13655,0.3522857142857143
26906,0.40385714285714286
88670,0.6530714285714285
10846,0.7444285714285714
61451,0.7569285714285714
22909,0.46385714285714286
5603,0.39421428571428574
71995,0.685
13659,0.9671428571428572
33676,0.04971428571428571
99479,0.9917857142857143
87944,0.3889285714285714
98866,0.8336428571428571
101832,0.17257142857142857
41896,0.851
3179,0.43292857142857144
51753,0.33371428571428574
27493,0.6732857142857143
49726,0.19807142857142856
12631,0.6516428571428572
72865,0.6812857142857143
80074,0.9891428571428571
25077,0.4883571428571429
2911,0.2515
6033,0.30042857142857143
11734,0.37542857142857144
49339,0.09092857142857143
3717,0.5165714285714286
81240,0.9417142857142857
94153,0.8675
78852,0.7815714285714286
54176,0.34364285714285714
65079,0.5325
42937,0.5955
37077,0.32957142857142857
90291,0.509
64253,0.8186428571428571
56721,0.23864285714285716
14315,0.3315
71554,0.024642857142857143
83088,0.14185714285714285
14641,0.8244285714285714
48788,0.010142857142857143
37948,0.8087142857142857
80385,0.8506428571428571
33468,0.45207142857142857
18095,0.24992857142857142
33431,0.07528571428571429
92258,0.013142857142857144
78347,0.1615
56274,0.9802857142857143
53441,0.3755
9495,0.9337857142857143
80729,0.18321428571428572
12433,0.6115714285714285
86376,0.13328571428571429
52615,0.8972142857142857
64847,0.10385714285714286
19409,0.24485714285714286
207,0.737
68122,0.28885714285714287
92545,0.7921428571428571
95519,0.8962857142857142
50682,0.7036428571428571
55649,0.6002857142857143
81728,0.15757142857142858
11486,0.613
57854,0.9284285714285714
1370,0.927
30096,0.7384285714285714
37053,0.5545
54074,0.021285714285714286
33195,0.6547142857142857
102230,0.9387142857142857
45171,0.6753571428571429
46872,0.7232857142857143
9345,0.9888571428571429
82785,0.0285
48943,0.2087142857142857
106349,0.06042857142857143
21593,0.7098571428571429
78571,0.49964285714285717
91788,0.2686428571428571
86361,0.9803571428571428
52065,0.8879285714285714
84555,0.30564285714285716
3855,0.37492857142857144
43401,0.2591428571428571
69390,0.12871428571428573
56654,0.563
28773,0.4542857142857143
100080,0.9415
89691,0.5286428571428572
80744,0.31064285714285716
27515,0.019428571428571427
101721,0.5505714285714286
23643,0.437
47182,0.6532142857142857
56109,0.7271428571428571
81489,0.26921428571428574
72660,0.9168571428571428
25454,0.24142857142857144
89294,0.6546428571428572
74774,0.8774285714285714
30573,0.3962857142857143
55258,0.056428571428571425
5170,0.02107142857142857
88336,0.4600714285714286
5643,0.30714285714285716
62813,0.3615714285714286
72060,0.46614285714285714
36505,0.2002857142857143
30556,0.12842857142857142
80742,0.48628571428571427
81442,0.7838571428571428
84357,0.1777142857142857
8437,0.7906428571428571
89498,0.9748571428571429
52323,0.21878571428571428
6105,0.5896428571428571
28306,0.8076428571428571
817,0.37257142857142855
21262,0.2905
101935,0.22142857142857142
84337,0.08092857142857143
14451,0.10157142857142858
16999,0.7696428571428572
106000,0.7913571428571429
54478,0.8982857142857142
74663,0.8949285714285714
45704,0.9052857142857142
19643,0.5349285714285714
61567,0.9574285714285714
15631,0.6324285714285715
41554,0.8007857142857143
83039,0.9528571428571428
103446,0.054142857142857145
98345,0.2597857142857143
58781,0.02057142857142857
36507,0.7271428571428571
93968,0.3692857142857143
69970,0.26757142857142857
29264,0.37464285714285717
72447,0.6335714285714286
49490,0.2720714285714286
78217,0.5972857142857143
102159,0.7586428571428572
70273,0.011428571428571429
26338,0.6002857142857143
56176,0.8262142857142857
48531,0.5143571428571428
87778,0.6519285714285714
31072,0.7915714285714286
102437,0.7278571428571429
74391,0.09807142857142857
99487,0.20971428571428571
1181,0.4192142857142857
98967,0.054214285714285715
40784,0.09107142857142857
13252,0.35478571428571426
35927,0.9732857142857143
10450,0.8977142857142857
26024,0.8997857142857143
85777,0.8275
79959,0.3524285714285714
42224,0.22228571428571428
79732,0.7327857142857143
13077,0.1987857142857143
45919,0.9870714285714286
48481,0.3175
23051,0.31192857142857144
53396,0.6757857142857143
25990,0.9880714285714286
65930,0.15671428571428572
84275,0.5645714285714286
55555,0.7404285714285714
13571,0.2097857142857143
19734,0.4845
99263,0.597
40884,0.9961428571428571
76709,0.21971428571428572
91081,0.2067857142857143
99608,0.9576428571428571
101938,0.073
31299,0.42557142857142854
54312,0.47814285714285715
75331,0.31485714285714284
26718,0.8992142857142857
39625,0.6078571428571429
10154,0.5130714285714286
52480,0.43192857142857144
86492,0.0565
67218,0.384
90249,0.3827857142857143
107061,0.5955
31114,0.4684285714285714
22242,0.46585714285714286
103709,0.04328571428571429
25534,0.04314285714285714
11076,0.4432857142857143
59426,0.5235
40405,0.49842857142857144
44754,0.8205
22684,0.7891428571428571
5801,0.5285
36924,0.20942857142857144
53384,0.9144285714285715
92712,0.9235714285714286
96901,0.7327857142857143
66228,0.9702142857142857
6751,0.5111428571428571
16380,0.9983571428571428
67691,0.1465
69021,0.5896428571428571
96902,0.086
47769,0.6300714285714286
31218,0.6225714285714286
38635,0.6712142857142858
84440,0.6525
80700,0.9702142857142857
83305,0.39685714285714285
77004,0.6512142857142857
35493,0.9062142857142857
57640,0.061285714285714284
22467,0.8580714285714286
37776,0.8531428571428571
69920,0.2837142857142857
27536,0.5413571428571429
52622,0.2285
99130,0.165
34826,0.5916428571428571
13530,0.9337857142857143
54219,0.8785714285714286
75359,0.029214285714285713
27285,0.279
22077,0.7455
90788,0.34885714285714287
104322,0.8287857142857142
32897,0.9961428571428571
55677,0.1425
42319,0.06442857142857143
92559,0.28714285714285714
29282,0.9553571428571429
65013,0.21071428571428572
4817,0.7917142857142857
37540,0.5027142857142857
68712,0.012428571428571428
56007,0.163
47616,0.0015714285714285715
79058,0.8690714285714286
81738,0.168
100015,0.979
54572,0.32407142857142857
49533,0.059
101178,0.6020714285714286
95017,0.8214285714285714
105751,0.663
78944,0.8509285714285715
2093,0.5239285714285714
105969,0.8013571428571429
104250,0.5985
83042,0.06664285714285714
1065,0.8020714285714285
37529,0.5253571428571429
13780,0.9582857142857143
46453,0.573
64631,0.9719285714285715
20384,0.09935714285714285
47912,0.9355
18,0.12742857142857142
77554,0.642
15582,0.5645714285714286
99666,0.8794285714285714
79962,0.8894285714285715
57979,0.15857142857142856
781,0.8057142857142857
65466,0.14507142857142857
95252,0.4084285714285714
32661,0.2779285714285714
51127,0.17857142857142858
17798,0.6779285714285714
39908,0.5794285714285714
25867,0.40885714285714286
21529,0.02057142857142857
28279,0.5757142857142857
11637,0.2919285714285714
64726,0.9255
74392,0.5238571428571429
15857,0.08321428571428571
97309,0.292
37463,0.8171428571428572
32071,0.36907142857142855
21323,0.22785714285714287
26312,0.7622142857142857
71930,0.6315
3492,0.20985714285714285
65456,0.20192857142857143
96936,0.3469285714285714
76724,0.6266428571428572
10868,0.7369285714285714
82591,0.162
35387,0.04307142857142857
38546,0.975
89839,0.3979285714285714
14754,0.7096428571428571
48921,0.17592857142857143
5482,0.3429285714285714
105128,0.008142857142857143
31526,0.3590714285714286
93278,0.6865
37389,0.24635714285714286
85513,0.39535714285714285
71873,0.7736428571428572
14912,0.19557142857142856
81004,0.02835714285714286
43896,0.22835714285714287
14272,0.20735714285714285
10717,0.21328571428571427
64257,0.7092857142857143
11434,0.22228571428571428
66130,0.526
35204,0.7743571428571429
54695,0.33414285714285713
14350,0.6787142857142857
100672,0.11992857142857143
3169,0.03557142857142857
82931,0.8317142857142857
92433,0.5768571428571428
24263,0.9725714285714285
14767,0.5132857142857142
10604,0.9912857142857143
100318,0.36242857142857143
75663,0.8459285714285715
43684,0.702
30373,0.9773571428571428
17867,0.6037142857142858
33900,0.2779285714285714
29003,0.39157142857142857
33694,0.13007142857142856
84087,0.9020714285714285
29852,0.40035714285714286
63545,0.6443571428571429
62292,0.08778571428571429
57258,0.2522142857142857
95073,0.8982142857142857
50685,0.4258571428571429
104221,0.7597857142857143
51911,0.5472142857142858
48975,0.40885714285714286
58430,0.7409285714285714
63383,0.31242857142857144
35526,0.41185714285714287
64270,0.322
23285,0.8084285714285714
89158,0.41114285714285714
77528,0.3002142857142857
38446,0.12264285714285714
19382,0.4225
17453,0.44735714285714284
39175,0.09635714285714286
102238,0.2362142857142857
85718,0.5888571428571429
24010,0.9962142857142857
54821,0.36228571428571427
13440,0.1387857142857143
11394,0.010785714285714286
23805,0.6572142857142858
43147,0.4192142857142857
1333,0.6949285714285715
1639,0.33071428571428574
37376,0.2557142857142857
63387,0.5157142857142857
23614,0.9511428571428572
32136,0.6041428571428571
49294,0.3618571428571429
13594,0.9296428571428571
42326,0.15271428571428572
82587,0.009785714285714286
62487,0.5748571428571428
61281,0.3469285714285714
1204,0.16735714285714287
85035,0.37192857142857144
63270,0.38185714285714284
54681,0.6202142857142857
38823,0.2287857142857143
88510,0.3712142857142857
73301,0.8893571428571428
97118,0.09692857142857143
56486,0.012142857142857143
70896,0.2829285714285714
9348,0.462
103274,0.7375
33539,0.34564285714285714
91382,0.9715
42087,0.11135714285714286
38095,0.6535
37681,0.7922142857142858
8143,0.3507857142857143
19535,0.882
100274,0.5164285714285715
47783,0.49857142857142855
63781,0.46835714285714286
96617,0.5519285714285714
75551,0.5207857142857143
17255,0.9878571428571429
53787,0.19328571428571428
635,0.82
85183,0.37057142857142855
103397,0.32342857142857145
82756,0.9001428571428571
100666,0.08492857142857142
50949,0.27664285714285713
28357,0.5301428571428571
45721,0.7547142857142857
56031,0.8862142857142857
28691,0.065
16837,0.6067142857142858
5685,0.4702142857142857
92766,0.9155714285714286
46208,0.31107142857142855
39047,0.9142142857142858
6910,0.35385714285714287
70669,0.8281428571428572
49926,0.7603571428571428
67684,0.062285714285714285
22819,0.10435714285714286
64125,0.3697142857142857
15652,0.15071428571428572
23464,0.8817142857142857
29177,0.11385714285714285
35062,0.7479285714285714
68536,0.5991428571428571
51118,0.3018571428571429
90260,0.7395714285714285
60622,0.07585714285714286
72104,0.9799285714285715
7291,0.37014285714285716
68799,0.03464285714285714
26509,0.7797142857142857
96133,0.11392857142857143
64710,0.6941428571428572
34161,0.8116428571428571
4172,0.5542857142857143
26504,0.1275
42383,0.19157142857142856
48827,0.7564285714285715
62023,0.9717142857142858
53381,0.6313571428571428
42672,0.7115
40352,0.9307142857142857
98188,0.8275
55579,0.3247857142857143
95699,0.8176428571428571
22073,0.6157142857142858
7510,0.5896428571428571
61926,0.7487857142857143
12524,0.04907142857142857
30272,0.1377857142857143
84597,0.7554285714285714
82478,0.9093571428571429
64991,0.6975
33087,0.29678571428571426
102366,0.03728571428571428
83565,0.048285714285714286
83122,0.135
52131,0.19271428571428573
910,0.5002857142857143
5111,0.5005714285714286
54693,0.18157142857142858
98190,0.9365
10111,0.866
37371,0.06407142857142857
34857,0.14985714285714286
14501,0.42628571428571427
36005,0.28164285714285714
25749,0.28885714285714287
78921,0.8015
44951,0.9920714285714286
14333,0.7878571428571428
83840,0.534
27079,0.20985714285714285
13278,0.6407142857142857
23037,0.26221428571428573
67764,0.6002857142857143
15310,0.251
94802,0.9464285714285714
87951,0.30892857142857144
78943,0.15778571428571428
97872,0.04064285714285714
81410,0.4482857142857143
50882,0.8117142857142857
27223,0.5080714285714286
65094,0.11207142857142857
78051,0.9562857142857143
70230,0.29914285714285715
14759,0.24778571428571428
59979,0.35478571428571426
43844,0.9598571428571429
79018,0.30364285714285716
27232,0.8035
26744,0.2572857142857143
42401,0.866
78332,0.15671428571428572
76194,0.7942857142857143
384,0.3442142857142857
63682,0.12828571428571428
49119,0.8429285714285715
54063,0.6045714285714285
64585,0.37314285714285716
79519,0.8582142857142857
51401,0.3512857142857143
30357,0.3942857142857143
13880,0.7498571428571429
58055,0.965
45641,0.7603571428571428
21988,0.29478571428571426
54004,0.32707142857142857
24290,0.49742857142857144
77273,0.11364285714285714
76128,0.30464285714285716
65644,0.9989285714285714
79017,0.2825
101808,0.14564285714285713
99951,0.7519285714285714
60253,0.46064285714285713
94900,0.45764285714285713
48007,0.41735714285714287
98057,0.4627142857142857
47744,0.4809285714285714
98823,0.7462142857142857
101068,0.5784285714285714
102961,0.7711428571428571
74087,0.19678571428571429
7420,0.992
70975,0.5065714285714286
105748,0.11257142857142857
42214,0.8201428571428572
13477,0.525
104778,0.8827857142857143
43685,0.2747142857142857
100408,0.032214285714285716
51947,0.025214285714285713
75354,0.9025714285714286
15888,0.3524285714285714
33178,0.6814285714285714
101604,0.07914285714285714
11544,0.4372857142857143
58903,0.9296428571428571
41792,0.07071428571428572
93189,0.12028571428571429
41555,0.6932142857142857
79590,0.4860714285714286
3426,0.6815
25278,0.8801428571428571
25008,0.7752857142857142
81536,0.5572857142857143
95607,0.8844285714285715
98558,0.314
48761,0.19957142857142857
11198,0.882
2451,0.8708571428571429
46648,0.8301428571428572
51384,0.5645714285714286
62978,0.8412857142857143
27721,0.7887857142857143
64172,0.21185714285714285
77418,0.6317142857142857
72441,0.6915714285714286
29063,0.7143571428571428
18090,0.8307857142857142
2491,0.5125
70301,0.37764285714285717
52348,0.7946428571428571
82167,0.8602857142857143
32365,0.8521428571428571
6896,0.7229285714285715
54908,0.48857142857142855
50459,0.7184285714285714
60554,0.4760714285714286
17023,0.39
65066,0.49364285714285716
66344,0.2749285714285714
37911,0.45457142857142857
22161,0.779
30356,0.33
60676,0.12321428571428572
31531,0.3775
4843,0.06492857142857143
99733,0.5709285714285715
83507,0.5982857142857143
82773,0.6722857142857143
74473,0.1175
88188,0.8077857142857143
88215,0.3063571428571429
63735,0.4595714285714286
70619,0.8705
61200,0.1035
30655,0.3335
65913,0.086
54326,0.41728571428571426
56131,0.952
58175,0.909
98975,0.9762142857142857
94819,0.6964285714285714
90301,0.12121428571428572
25780,0.3397142857142857
60452,0.89
50411,0.09607142857142857
35018,0.48707142857142854
73380,0.9542142857142857
17467,0.056857142857142856
3094,0.8929285714285714
9738,0.3617142857142857
44418,0.7672142857142857
84598,0.9978571428571429
93058,0.8322857142857143
101249,0.27914285714285714
3313,0.032357142857142855
98711,0.4524285714285714
27602,0.3672142857142857
49587,0.3931428571428571
80445,0.32435714285714284
39073,0.203
77240,0.02107142857142857
64521,0.5742142857142857
14191,0.11942857142857143
84975,0.7446428571428572
41952,0.7758571428571429
26320,0.9553571428571429
4556,0.6145714285714285
15168,0.07221428571428572
26457,0.9152857142857143
59345,0.5042142857142857
29189,0.11957142857142856
71307,0.8431428571428572
71078,0.15857142857142856
3900,0.909
22304,0.676
38231,0.2915714285714286
81720,0.8077857142857143
81431,0.6412857142857142
583,0.3171428571428571
53552,0.9744285714285714
84043,0.4574285714285714
16175,0.11357142857142857
34979,0.6087857142857143
64150,0.5180714285714285
75806,0.37542857142857144
93116,0.04921428571428572
29562,0.7680714285714285
28371,0.8123571428571429
69331,0.003
44586,0.8962142857142857
91778,0.2512142857142857
99087,0.5413571428571429
36336,0.8258571428571428
76742,0.16342857142857142
103873,0.8634285714285714
41887,0.20507142857142857
36456,0.44707142857142856
8347,0.3067142857142857
105701,0.8595714285714285
18727,0.5593571428571429
48456,0.7850714285714285
67345,0.5621428571428572
18115,0.24792857142857141
88646,0.6808571428571428
16889,0.9355
12294,0.8959285714285714
83601,0.8838571428571429
73687,0.24621428571428572
51259,0.03907142857142857
69885,0.0815
45997,0.636
65402,0.9709285714285715
24272,0.7457857142857143
26111,0.2785
14340,0.42214285714285715
106932,0.9864285714285714
10072,0.5337142857142857
42275,0.26107142857142857
12585,0.43685714285714283
19345,0.9006428571428572
51382,0.7044285714285714
17188,0.9852142857142857
61288,0.7409285714285714
83262,0.5432142857142858
86120,0.9994285714285714
71597,0.06407142857142857
56009,0.43614285714285717
23672,0.9837142857142858
87182,0.2780714285714286
30917,0.7519285714285714
45016,0.38221428571428573
27513,0.7992142857142858
23688,0.09728571428571428
91552,0.9542857142857143
36671,0.3570714285714286
61761,0.02692857142857143
85490,0.4799285714285714
102143,0.7132142857142857
4545,0.04535714285714286
25878,0.5779285714285715
40704,0.663
88727,0.12885714285714286
21689,0.5862142857142857
53724,0.3658571428571429
23022,0.2915
77592,0.6407142857142857
77918,0.5612857142857143
94200,0.5362857142857143
37600,0.1457857142857143
43202,0.3582142857142857
75128,0.0015714285714285715
47481,0.9042857142857142
80803,0.6406428571428572
97638,0.37192857142857144
67851,0.5288571428571428
69733,0.9815714285714285
96141,0.2052142857142857
72491,0.8667857142857143
77467,0.6867857142857143
61997,0.8262142857142857
34472,0.26935714285714285
69452,0.9425714285714286
105256,0.649
38288,0.5301428571428571
61579,0.6801428571428572
81861,0.8505714285714285
91388,0.154
66355,0.3425714285714286
9772,0.5760714285714286
91345,0.37707142857142856
89020,0.9311428571428572
47843,0.2802857142857143
40239,0.5060714285714286
7984,0.406
12457,0.013571428571428571
48634,0.8755714285714286
54494,0.5728571428571428
36007,0.707
13859,0.14235714285714285
104132,0.7548571428571429
106444,0.6939285714285715
77743,0.8324285714285714
12930,0.7569285714285714
75523,0.6631428571428571
74575,0.33364285714285713
87066,0.219
72953,0.8118571428571428
75330,0.647
35634,0.15014285714285713
32681,0.8634285714285714
54719,0.7418571428571429
11158,0.4252142857142857
59927,0.5795714285714286
104545,0.9680714285714286
40117,0.4180714285714286
61413,0.19192857142857142
21715,0.5677857142857143
32714,0.42878571428571427
24981,0.563
35347,0.38492857142857145
93329,0.4087857142857143
62636,0.15471428571428572
81546,0.7157142857142857
98273,0.5350714285714285
7217,0.0515
93418,0.44257142857142856
37177,0.7201428571428572
64677,0.8205
17229,0.56
97054,0.9861428571428571
79937,0.5717142857142857
54263,0.521
71751,0.4050714285714286
82528,0.7001428571428572
72064,0.8824285714285715
79587,0.3807857142857143
28466,0.9449285714285715
78377,0.5340714285714285
46316,0.9090714285714285
36085,0.9869285714285714
17461,0.7308571428571429
68795,0.8863571428571428
92838,0.3947857142857143
7155,0.7660714285714286
18487,0.16607142857142856
66346,0.18578571428571428
99,0.059571428571428574
101572,0.9996428571428572
89347,0.3841428571428571
68407,0.6049285714285715
49849,0.9300714285714285
33062,0.5081428571428571
57697,0.8282857142857143
43349,0.061285714285714284
83428,0.48857142857142855
105864,0.8431428571428572
15474,0.49557142857142855
27327,0.35185714285714287
81606,0.9473571428571429
46310,0.7819285714285714
7460,0.9243571428571429
13550,0.2072142857142857
101547,0.6415714285714286
37085,0.5538571428571428
90070,0.6912857142857143
21549,0.7026428571428571
20421,0.9725
85729,0.8133571428571429
94349,0.8597857142857143
97059,0.6124285714285714
74765,0.8498571428571429
13726,0.578
337,0.6243571428571428
51845,0.7908571428571428
58858,0.9568571428571429
46319,0.5105
55111,0.10028571428571428
11656,0.8365
78676,0.6519285714285714
60093,0.8327142857142857
91884,0.6945
51111,0.5519285714285714
17141,0.7659285714285714
58149,0.9255
61320,0.37692857142857145
1131,0.7495
22772,0.1035
43664,0.9572142857142857
43501,0.9815
81414,0.2532857142857143
52958,0.9327142857142857
89750,0.37157142857142855
83877,0.47735714285714287
65308,0.8373571428571429
9200,0.7663571428571428
23749,0.9937857142857143
13672,0.29492857142857143
74683,0.6548571428571428
53904,0.6535
105146,0.9925
40098,0.18407142857142858
54660,0.22757142857142856
93339,0.08021428571428571
106801,0.338
26778,0.24392857142857144
72106,0.7862142857142858
20868,0.2654285714285714
75989,0.496
105541,0.9942142857142857
13843,0.46135714285714285
98710,0.7464285714285714
48313,0.2847142857142857
31664,0.9879285714285714
19568,0.7942857142857143
47754,0.1757142857142857
96276,0.8372857142857143
95056,0.8985
92257,0.8635
85089,0.004357142857142857
20080,0.7697857142857143
52366,0.8905
43572,0.303
29109,0.8509285714285715
52191,0.6709285714285714
62260,0.5055
47485,0.588
52129,0.5960714285714286
59497,0.06457142857142857
73830,0.18085714285714286
27949,0.23564285714285715
16537,0.6323571428571428
84391,0.11707142857142858
54134,0.7635714285714286
13467,0.8300714285714286
86868,0.5878571428571429
95993,0.8982857142857142
60827,0.8358571428571429
68151,0.5541428571428572
57843,0.5704285714285714
2809,0.9002857142857142
46015,0.2047142857142857
20238,0.4132142857142857
106281,0.8325
50264,0.007214285714285714
73468,0.13957142857142857
15834,0.6915714285714286
72045,0.6415
56366,0.5835714285714285
9996,0.9206428571428571
100234,0.7932142857142858
36929,0.22542857142857142
68444,0.7172142857142857
563,0.3306428571428571
80583,0.6209285714285714
103138,0.5105
65733,0.2092142857142857
32278,0.8974285714285715
88389,0.6542857142857142
56450,0.7502142857142857
29640,0.5865714285714285
101098,0.6632857142857143
89131,0.82
102285,0.5177142857142857
1174,0.24957142857142858
86355,0.06735714285714285
68228,0.8505714285714285
49846,0.783
107146,0.7356428571428572
7072,0.4575
56520,0.4605
73045,0.7417142857142857
28365,0.2515
68322,0.7556428571428572
102037,0.9923571428571428
18716,0.4057142857142857
67893,0.17392857142857143
81841,0.9599285714285715
38298,0.039214285714285715
90742,0.5452857142857143
72516,0.7172142857142857
37424,0.45207142857142857
40673,0.023571428571428573
105362,0.8065714285714286
64238,0.5562142857142857
35480,0.013428571428571429
84378,0.135
2635,0.39085714285714285
63605,0.33814285714285713
45588,0.9937857142857143
46577,0.7584285714285715
99481,0.238
808,0.23885714285714285
36596,0.5424285714285715
60836,0.18292857142857144
27095,0.014428571428571428
78127,0.5433571428571429
32525,0.8239285714285715
102468,0.37757142857142856
8884,0.4867142857142857
16939,0.23107142857142857
88921,0.5843571428571429
67854,0.9568571428571429
88238,0.8388571428571429
39425,0.14007142857142857
23801,0.8084285714285714
4572,0.5822142857142857
56382,0.008142857142857143
11124,0.6557857142857143
45994,0.8240714285714286
85602,0.09321428571428571
104776,0.32207142857142856
49788,0.6475714285714286
29069,0.34385714285714286
75167,0.9237142857142857
64727,0.34314285714285714
36990,0.8821428571428571
8472,0.2807142857142857
21020,0.2870714285714286
22816,0.19057142857142856
15066,0.9589285714285715
13058,0.8880714285714286
38179,0.8203571428571429
42100,0.7807857142857143
89612,0.09585714285714286
64576,0.07078571428571429
106162,0.25485714285714284
20322,0.4034285714285714
2401,0.6915714285714286
9479,0.10407142857142856
12406,0.40264285714285714
26699,0.25114285714285717
56948,0.20914285714285713
9085,0.6662857142857143
84168,0.5122857142857142
102128,0.5973571428571428
453,0.9065714285714286
66887,0.7317142857142858
88581,0.013142857142857144
11297,0.1445
23061,0.15685714285714286
35290,0.7632857142857142
79126,0.8376428571428571
100424,0.5721428571428572
99590,0.9909285714285714
79363,0.728
14879,0.6077142857142858
63376,0.11371428571428571
28444,0.7776428571428572
1687,0.3979285714285714
2805,0.1667857142857143
86217,0.178
91622,0.4545
74692,0.22835714285714287
22137,0.09992857142857142
55905,0.6249285714285714
16878,0.7675714285714286
104755,0.7319285714285715
53967,0.2975714285714286
10164,0.8822857142857143
75949,0.09957142857142857
58759,0.3105
52757,0.19328571428571428
50056,0.7997142857142857
24815,0.7687857142857143
103539,0.2557857142857143
102891,0.24378571428571427
105114,0.005714285714285714
4702,0.7004285714285714
1300,0.21257142857142858
58992,0.8635714285714285
70748,0.4137857142857143
21924,0.9773571428571428
62586,0.8146428571428571
69942,0.37192857142857144
64693,0.7051428571428572
72381,0.23535714285714285
44443,0.37007142857142855
61988,0.7242857142857143
69769,0.5042142857142857
83105,0.6964285714285714
70937,0.8224285714285714
102976,0.8245714285714286
34980,0.8320714285714286
102923,0.05892857142857143
67750,0.5522142857142858
89720,0.04757142857142857
50254,0.08928571428571429
61340,0.8007857142857143
105000,0.6519285714285714
78651,0.8693571428571428
37221,0.8708571428571429
74552,0.7552857142857143
20119,0.027928571428571428
49309,0.8242142857142857
53555,0.0485
69286,0.4987857142857143
20397,0.5943571428571428
42406,0.4602857142857143
27295,0.10407142857142856
89123,0.9160714285714285
8632,0.6284285714285714
56707,0.18821428571428572
14260,0.26914285714285713
23663,0.8587142857142858
30928,0.20992857142857144
78074,0.055
6546,0.06742857142857143
6852,0.5507142857142857
73970,0.22421428571428573
44144,0.10928571428571429
19404,0.05771428571428571
60135,0.5113571428571428
59957,0.9099285714285714
88442,0.6267857142857143
44843,0.22028571428571428
96970,0.4042857142857143
31533,0.44492857142857145
23234,0.09264285714285714
29494,0.8821428571428571
58974,0.21121428571428572
85477,0.863
13687,0.4847142857142857
3528,0.6145714285714285
86408,0.811
12633,0.7409285714285714
53912,0.17407142857142857
23436,0.3575
36474,0.7647857142857143
9368,0.8291428571428572
10622,0.768
60229,0.5023571428571428
57535,0.052071428571428574
18260,0.5425714285714286
100375,0.49892857142857144
6719,0.3489285714285714
84698,0.8116428571428571
77211,0.8830714285714286
76173,0.6859285714285714
98124,0.12728571428571428
64226,0.3274285714285714
42597,0.12714285714285714
20593,0.5200714285714285
91129,0.9903571428571428
28266,0.6534285714285715
64792,0.05085714285714286
64536,0.9996428571428572
23351,0.07378571428571429
34599,0.19792857142857143
60849,0.12485714285714286
75638,0.5057857142857143
8952,0.7707142857142857
17746,0.8427857142857142
90900,0.6559285714285714
3670,0.5405714285714286
101865,0.7565
4530,0.29864285714285715
65170,0.9307142857142857
9744,0.005928571428571429
39873,0.7736428571428572
91786,0.733
57820,0.35728571428571426
91877,0.6167142857142857
40613,0.7228571428571429
84749,0.4945
25907,0.46064285714285713
37232,0.7703571428571429
6210,0.26142857142857145
7938,0.2669285714285714
95412,0.6106428571428572
44476,0.45207142857142857
31793,0.293
84765,0.2032857142857143
64213,0.5673571428571429
28955,0.7822142857142858
18364,0.6423571428571428
38157,0.38385714285714284
106432,0.9355
32546,0.007642857142857143
35523,0.1987857142857143
24024,0.23592857142857143
96602,0.00907142857142857
45276,0.5572857142857143
8780,0.9177857142857143
3428,0.5884285714285714
88887,0.5645714285714286
85306,0.44842857142857145
51200,0.7262142857142857
9741,0.4175714285714286
105941,0.7627857142857143
101835,0.15157142857142858
80754,0.8218571428571428
51816,0.5896428571428571
13724,0.8253571428571429
28720,0.7179285714285715
64272,0.38571428571428573
105788,0.9828571428571429
67220,0.32107142857142856
60928,0.6068571428571429
58158,0.4943571428571429
16293,0.6505
13608,0.999
37565,0.8830714285714286
2344,0.09128571428571429
44877,0.7083571428571429
62709,0.7816428571428572
16477,0.955
64979,0.40485714285714286
42339,0.1962142857142857
90112,0.6295714285714286
106386,0.9630714285714286
42538,0.92
77626,0.9989285714285714
21935,0.9535714285714286
24877,0.7117142857142857
88325,0.8320714285714286
82182,0.5052142857142857
58608,0.6876428571428571
78682,0.8857857142857143
106195,0.5552142857142857
8743,0.5177857142857143
59128,0.048928571428571425
55870,0.9056428571428572
12945,0.2557142857142857
65772,0.5232142857142857
38756,0.2285
58762,0.4845
59866,0.46235714285714286
79358,0.7849285714285714
97545,0.32492857142857146
98879,0.5772857142857143
75144,0.5972142857142857
15726,0.6700714285714285
83258,0.7225
29722,0.3527142857142857
21225,0.7545
37385,0.19107142857142856
7776,0.16592857142857143
85049,0.04307142857142857
5438,0.3505
45836,0.1402142857142857
93302,0.20614285714285716
103757,0.1372142857142857
31211,0.2045
41452,0.6700714285714285
101536,0.12014285714285715
13279,0.25407142857142856
33464,0.6372857142857142
56130,0.6043571428571428
16350,0.5996428571428571
104573,0.46335714285714286
61257,0.7142142857142857
83150,0.8904285714285715
51218,0.30464285714285716
10030,0.7680714285714285
75294,0.3424285714285714
72392,0.3043571428571429
106535,0.05992857142857143
39072,0.31485714285714284
71774,0.6535
3813,0.11564285714285714
79029,0.13814285714285715
47657,0.7660714285714286
40796,0.2759285714285714
62226,0.44142857142857145
44770,0.9155
20967,0.48564285714285715
19530,0.4200714285714286
64597,0.11778571428571429
6049,0.2927142857142857
39893,0.02092857142857143
69451,0.3382857142857143
79504,0.11642857142857142
42596,0.38871428571428573
69849,0.4595714285714286
38319,0.8602857142857143
28744,0.9370714285714286
6512,0.08335714285714285
85429,0.9540714285714286
22398,0.2807142857142857
73177,0.29692857142857143
67313,0.022357142857142857
69839,0.133
11597,0.07292857142857143
76130,0.7156428571428571
18004,0.7391428571428571
91777,0.8506428571428571
37778,0.009
42533,0.10614285714285714
14180,0.8904285714285715
31629,0.3722142857142857
38402,0.9395714285714286
60267,0.4702857142857143
89185,0.42614285714285716
8790,0.678
92276,0.5732142857142857
37313,0.9365
89912,0.6118571428571429
32844,0.11471428571428571
51184,0.7569285714285714
79150,0.30464285714285716
25238,0.5470714285714285
25505,0.5392857142857143
39320,0.32671428571428573
92590,0.3655
35742,0.2047857142857143
54874,0.44992857142857146
51835,0.17614285714285716
101025,0.6531428571428571
32035,0.17857142857142858
104832,0.9709285714285715
96308,0.08657142857142858
89594,0.8881428571428571
51113,0.6689285714285714
97964,0.6102142857142857
73407,0.9166428571428571
18136,0.5552857142857143
20781,0.019214285714285715
86581,0.4810714285714286
1141,0.44985714285714284
67867,0.9452857142857143
91354,0.645
65023,0.5364285714285715
47815,0.6927857142857143
78565,0.057
60513,0.24864285714285714
103024,0.9126428571428571
100646,0.6747142857142857
17208,0.44785714285714284
57658,0.9122857142857143
26741,0.9310714285714285
26804,0.9833571428571428
50177,0.052714285714285714
41831,0.12807142857142856
30193,0.9255714285714286
25632,0.11064285714285714
65114,0.9621428571428572
75884,0.9048571428571428
91701,0.16035714285714286
63329,0.6810714285714285
78493,0.6976428571428571
50302,0.38407142857142856
39297,0.17857142857142858
86271,0.782
93965,0.38335714285714284
93018,0.3884285714285714
89674,0.18442857142857144
32657,0.08485714285714285
69309,0.13814285714285715
739,0.0525
52481,0.7763571428571429
99104,0.34385714285714286
69591,0.3881428571428571
47162,0.39685714285714285
43009,0.9607857142857142
38346,0.4205714285714286
10816,0.26935714285714285
72013,0.44821428571428573
78283,0.1667857142857143
41660,0.606
1166,0.44064285714285717
39181,0.6581428571428571
59263,0.013285714285714286
104487,0.12971428571428573
91734,0.4097142857142857
86175,0.8617857142857143
76412,0.8142142857142857
20616,0.5562142857142857
7844,0.48642857142857143
4995,0.3202857142857143
27159,0.291
78130,0.9810714285714286
104326,0.609
44435,0.04235714285714286
84988,0.6247857142857143
13069,0.35428571428571426
15486,0.187
76480,0.08278571428571428
94250,0.7742142857142857
1856,0.9785714285714285
37078,0.03635714285714286
32927,0.9072142857142858
101015,0.6898571428571428
14773,0.26757142857142857
89981,0.6732857142857143
52854,0.48035714285714287
41491,0.6247857142857143
63546,0.1965
23877,0.09092857142857143
2149,0.9118571428571428
9083,0.12264285714285714
78774,0.6115
99819,0.8352142857142857
61787,0.9957142857142857
66605,0.973
8298,0.45471428571428574
42299,0.3107142857142857
4249,0.5532857142857143
25742,0.029214285714285713
16651,0.7519285714285714
84877,0.02057142857142857
37553,0.8814285714285715
18573,0.24421428571428572
80133,0.5677857142857143
84558,0.16714285714285715
50562,0.2275
11790,0.30378571428571427
66033,0.9601428571428572
11819,0.5562142857142857
6828,0.6895714285714286
46362,0.4245
1047,0.5569285714285714
34500,0.7227142857142858
47127,0.9697142857142858
23736,0.7928571428571428
60737,0.5315
4594,0.6991428571428572
29273,0.2875
46532,0.3217857142857143
6737,0.2387142857142857
23304,0.8488571428571429
29593,0.8475714285714285
61846,0.16457142857142856
104922,0.7070714285714286
87475,0.04357142857142857
7027,0.09735714285714285
87211,0.1752857142857143
18614,0.5362857142857143
94606,0.676
106394,0.6700714285714285
17033,0.6021428571428571
46062,0.08435714285714285
83179,0.31907142857142856
44306,0.5528571428571428
3022,0.6761428571428572
39701,0.285
86774,0.5180714285714285
35156,0.07257142857142856
81341,0.573
83819,0.7231428571428572
70455,0.3881428571428571
53485,0.845
23025,0.4650714285714286
4129,0.6222857142857143
95738,0.8267142857142857
19184,0.8441428571428572
15154,0.45585714285714285
61594,0.6449285714285714
103597,0.7892142857142858
64491,0.9572857142857143
23899,0.2729285714285714
31417,0.027928571428571428
61755,0.3097857142857143
34455,0.9375
94925,0.8117857142857143
91768,0.161
12323,0.6031428571428571
72970,0.056285714285714286
27442,0.49842857142857144
30731,0.861
102947,0.47514285714285714
10048,0.6132142857142857
7261,0.4887142857142857
37831,0.09792857142857143
61159,0.9568571428571429
100500,0.08907142857142857
66747,0.5927857142857142
22855,0.20257142857142857
29650,0.5037857142857143
96881,0.41964285714285715
47013,0.7791428571428571
19585,0.563
30273,0.3902857142857143
91628,0.5955
79418,0.34964285714285714
72730,0.30264285714285716
84753,0.3490714285714286
97421,0.3897857142857143
45767,0.09157142857142857
9679,0.07721428571428571
88797,0.04542857142857143
1492,0.4592857142857143
55280,0.6092142857142857
9098,0.08928571428571429
101671,0.09507142857142857
89413,0.4169285714285714
84730,0.4312857142857143
79999,0.2832142857142857
30862,0.2652857142857143
35416,0.6207142857142857
46917,0.134
92930,0.8693571428571428
58243,0.24757142857142858
100799,0.0515
60694,0.5357857142857143
71555,0.9168571428571428
19179,0.8803571428571428
50184,0.7997142857142857
5008,0.2867142857142857
17878,0.708
81669,0.9940714285714286
77718,0.30542857142857144
39440,0.7647857142857143
4895,0.30578571428571427
71071,0.9256428571428571
21702,0.18228571428571427
87491,0.7142142857142857
65486,0.9041428571428571
25309,0.7900714285714285
42323,0.8007857142857143
48639,0.8151428571428572
73967,0.9453571428571429
65998,0.19328571428571428
23198,0.684
82664,0.21107142857142858
26094,0.9857142857142858
37411,0.16864285714285715
65951,0.6529285714285714
35218,0.9415
35957,0.2649285714285714
84554,0.7950714285714285
61197,0.17364285714285715
61094,0.5142142857142857
26711,0.5076428571428572
59195,0.5990714285714286
49121,0.40514285714285714
40914,0.2882857142857143
47302,0.5152142857142857
98853,0.0295
103900,0.708
64853,0.5291428571428571
2554,0.6015
92599,0.6222142857142857
25802,0.9876428571428572
99452,0.0027142857142857142
55109,0.032357142857142855
21922,0.5472857142857143
93639,0.7404285714285714
99499,0.4790714285714286
75518,0.0007142857142857143
30710,0.3593571428571429
70028,0.5948571428571429
101769,0.5622857142857143
37794,0.6
96543,0.9099285714285714
47526,0.0395
23159,0.6479285714285714
40146,0.028214285714285713
94847,0.3876428571428571
53362,0.9335
14037,0.161
37453,0.4252142857142857
5647,0.09664285714285714
14673,0.08421428571428571
106600,0.04485714285714286
73748,0.685
80308,0.5455714285714286
19383,0.9789285714285715
55496,0.07821428571428571
9225,0.9547142857142857
106906,0.04707142857142857
75394,0.6390714285714286
88551,0.3524285714285714
37699,0.5996428571428571
39763,0.973
70482,0.9100714285714285
25050,0.6945
17857,0.2725
58429,0.05771428571428571
49416,0.3087857142857143
61552,0.8368571428571429
49623,0.25885714285714284
44617,0.12085714285714286
27909,0.116
24871,0.9413571428571429
20942,0.22221428571428573
103516,0.8224285714285714
69077,0.8356428571428571
15187,0.27714285714285714
3968,0.08821428571428572
46406,0.2770714285714286
95105,0.3489285714285714
49338,0.25807142857142856
64276,0.6298571428571429
4821,0.002785714285714286
40021,0.17614285714285716
83326,0.03364285714285714
42177,0.32635714285714285
70199,0.25135714285714283
48119,0.24771428571428572
13343,0.22228571428571428
11053,0.5519285714285714
11870,0.47185714285714286
35640,0.14142857142857143
43612,0.5087857142857143
81628,0.25485714285714284
37574,0.14307142857142857
33387,0.2970714285714286
3627,0.8875
83186,0.22378571428571428
99491,0.5856428571428571
59700,0.49614285714285716
16223,0.7049285714285715
64126,0.10221428571428572
42160,0.5572857142857143
69097,0.9872857142857143
102364,0.06442857142857143
68107,0.5480714285714285
8108,0.30114285714285716
22927,0.8787142857142857
59791,0.3294285714285714
100302,0.3429285714285714
61388,0.8827857142857143
57499,0.5942142857142857
106814,0.24378571428571427
46493,0.32835714285714285
101988,0.6063571428571428
3718,0.4632142857142857
97345,0.18735714285714286
44816,0.7247142857142858
15636,0.9622142857142857
14332,0.8417857142857142
20814,0.015642857142857142
9395,0.22442857142857142
29142,0.6133571428571428
44552,0.24635714285714286
49858,0.3171428571428571
23478,0.5896428571428571
101156,0.7873571428571429
17780,0.18642857142857142
40135,0.23242857142857143
90279,0.1372142857142857
9595,0.6323571428571428
11287,0.2867142857142857
52334,0.07107142857142858
45378,0.218
60285,0.4137142857142857
104931,0.098
20338,0.09628571428571428
14294,0.6893571428571429
81500,0.6849285714285714
26366,0.3861428571428571
15562,0.864
77960,0.6722857142857143
61174,0.11892857142857143
12765,0.0017857142857142857
93396,0.3975714285714286
32026,0.133
77586,0.2779285714285714
10668,0.28264285714285714
84486,0.11942857142857143
98561,0.13378571428571429
15057,0.11992857142857143
62129,0.01792857142857143
46701,0.5899285714285715
35331,0.7546428571428572
3820,0.6945714285714286
21476,0.38335714285714284
81388,0.24071428571428571
65518,0.5727857142857142
25936,0.9910714285714286
58641,0.8332857142857143
39010,0.041928571428571426
10723,0.6581428571428571
28862,0.505
59404,0.41614285714285715
51779,0.9601428571428572
60999,0.06628571428571428
55446,0.9715714285714285
82958,0.9796428571428571
103671,0.155
70579,0.32821428571428574
21621,0.7071428571428572
40399,0.28914285714285715
66405,0.3777857142857143
40122,0.20642857142857143
105767,0.8122857142857143
67391,0.8849285714285714
31052,0.5564285714285714
6398,0.7215
66954,0.5432142857142858
99686,0.9801428571428571
14802,0.7179285714285715
96257,0.6151428571428571
28401,0.15507142857142858
44017,0.2988571428571429
27168,0.9335
79508,0.7318571428571429
76641,0.23857142857142857
101422,0.34685714285714286
57776,0.8307857142857142
24347,0.49685714285714283
58970,0.23714285714285716
4306,0.7241428571428571
87525,0.6455
50287,0.7925714285714286
35911,0.07307142857142856
40403,0.9440714285714286
94371,0.6015714285714285
88677,0.6425714285714286
102789,0.6065
82807,0.9288571428571428
101560,0.5551428571428572
102214,0.5017857142857143
92213,0.9482142857142857
78847,0.6386428571428572
87625,0.6061428571428571
59098,0.9657857142857142
95200,0.2087857142857143
13169,0.4085714285714286
52736,0.6049285714285715
31036,0.24585714285714286
32733,0.07814285714285714
39585,0.8634285714285714
65224,0.7790714285714285
34555,0.3075
35503,0.9438571428571428
91563,0.9923571428571428
64642,0.19221428571428573
25351,0.16392857142857142
60263,0.13021428571428573
6918,0.20985714285714285
49218,0.7907142857142857
99645,0.9974285714285714
96340,0.8873571428571428
22938,0.37064285714285716
7914,0.5674285714285714
47223,0.2647857142857143
46877,0.8419285714285715
102108,0.7356428571428572
67497,0.6096428571428572
2800,0.23114285714285715
77619,0.9887142857142858
82667,0.5838571428571429
47138,0.8261428571428572
78393,0.47614285714285715
7564,0.5677857142857143
33316,0.02207142857142857
67518,0.16357142857142856
76570,0.8122857142857143
5453,0.9172857142857143
105472,0.8525714285714285
9,0.9062142857142857
65582,0.6821428571428572
104768,0.086
44236,0.6882857142857143
30578,0.5805714285714285
28938,0.5923571428571428
38579,0.8916428571428572
95781,0.17407142857142857
44215,0.8260714285714286
41530,0.6545
5456,0.30057142857142854
75529,0.8524285714285714
82386,0.8902857142857142
54766,0.32221428571428573
2689,0.4952142857142857
90046,0.2382857142857143
72503,0.41814285714285715
96582,0.8735
37143,0.25435714285714284
49719,0.355
11305,0.9056428571428572
38853,0.9650714285714286
30018,0.056857142857142856
89997,0.6961428571428572
76441,0.9185714285714286
63974,0.901
5818,0.3886428571428571
93750,0.8875
103189,0.6197142857142857
16117,0.04764285714285714
101288,0.3767142857142857
78644,0.5847857142857142
85356,0.20735714285714285
6264,0.0955
7677,0.44257142857142856
62883,0.6823571428571429
78514,0.38171428571428573
73040,0.5743571428571429
31444,0.0067857142857142855
17921,0.41014285714285714
58623,0.3628571428571429
83516,0.537
15353,0.8346428571428571
100110,0.3425714285714286
19879,0.20042857142857143
81914,0.5552142857142857
54921,0.7475714285714286
11156,0.4255
47710,0.6089285714285714
75545,0.12407142857142857
86014,0.8283571428571429
15013,0.12242857142857143
7602,0.5650714285714286
9536,0.6558571428571428
9037,0.6773571428571429
67680,0.30264285714285716
40930,0.679
22323,0.2282142857142857
26556,0.9765
95977,0.9008571428571429
70938,0.7245714285714285
71118,0.8410714285714286
65686,0.7547857142857143
13752,0.059571428571428574
74760,0.35878571428571426
4314,0.10292857142857142
59908,0.3226428571428571
43180,0.21614285714285714
36161,0.6453571428571429
77291,0.2735714285714286
74333,0.11492857142857144
32013,0.17342857142857143
50705,0.3055
82354,0.47464285714285714
60823,0.375
81132,0.23192857142857143
49721,0.7010714285714286
81135,0.18657142857142858
68556,0.3008571428571429
51109,0.8227857142857142
29436,0.40014285714285713
70014,0.8152142857142857
89999,0.8496428571428571
55129,0.7205
57625,0.186
72056,0.25207142857142856
30958,0.7873571428571429
28837,0.7638571428571429
78812,0.12178571428571429
69050,0.385
78026,0.6773571428571429
74753,0.39914285714285713
84865,0.5748571428571428
10850,0.09135714285714286
103364,0.934
20843,0.43057142857142855
95753,0.08821428571428572
49437,0.19885714285714284
96961,0.8190714285714286
96265,0.9545714285714286
90957,0.31842857142857145
9510,0.4823571428571429
62612,0.37192857142857144
46685,0.5227142857142857
73471,0.7865714285714286
96293,0.3017142857142857
27856,0.030714285714285715
86010,0.8652142857142857
85800,0.40385714285714286
100478,0.007285714285714286
84480,0.05307142857142857
39977,0.21021428571428571
42904,0.13685714285714284
97388,0.6769285714285714
73786,0.9685
32342,0.7519285714285714
19969,0.1352857142857143
35477,0.31542857142857145
60115,0.5992142857142857
29585,0.7373571428571428
36206,0.22442857142857142
65018,0.018
84906,0.43735714285714283
67728,0.9967857142857143
53915,0.06335714285714286
28542,0.8962142857142857
19447,0.16514285714285715
87416,0.24585714285714286
7078,0.314
64687,0.5913571428571428
26446,0.936
5907,0.1595
69202,0.8209285714285715
67936,0.04557142857142857
94444,0.42964285714285716
52945,0.6208571428571429
33725,0.7547142857142857
17587,0.5667857142857143
41915,0.36514285714285716
73767,0.2825
15216,0.6725714285714286
106363,0.02057142857142857
101703,0.05785714285714286
75411,0.4647142857142857
57804,0.6599285714285714
25148,0.8004285714285714
9571,0.2592857142857143
57022,0.1825
99972,0.5450714285714285
51158,0.5827857142857142
35954,0.35364285714285715
97826,0.7341428571428571
99843,0.5233571428571429
90377,0.8405
63783,0.7266428571428571
88725,0.21621428571428572
104039,0.5661428571428572
31961,0.2295
104009,0.7645
47318,0.6788571428571428
86974,0.38435714285714284
9421,0.5403571428571429
84516,0.3772857142857143
44731,0.3311428571428571
76057,0.13035714285714287
87073,0.13364285714285715
43289,0.19064285714285714
100878,0.8692142857142857
4386,0.6092142857142857
38237,0.5261428571428571
75202,0.7609285714285714
101400,0.6867857142857143
107136,0.21021428571428571
30179,0.693
36766,0.9491428571428572
56597,0.6893571428571429
37426,0.31921428571428573
67271,0.8997857142857143
37507,0.36542857142857144
33863,0.9370714285714286
102791,0.7864285714285715
61814,0.6407142857142857
66968,0.08021428571428571
15746,0.7319285714285715
69405,0.5405714285714286
81775,0.7989285714285714
10874,0.6284285714285714
80486,0.09585714285714286
80102,0.8120714285714286
31570,0.7341428571428571
58348,0.2047142857142857
93731,0.58
87697,0.6790714285714285
71238,0.9218571428571428
19955,0.6565
63568,0.5477857142857143
29279,0.18142857142857144
63613,0.345
50050,0.8693571428571428
49381,0.8190714285714286
42724,0.25885714285714284
3748,0.013285714285714286
103567,0.31385714285714283
14418,0.9805
92431,0.05992857142857143
89830,0.011785714285714287
69665,0.2810714285714286
82270,0.9359285714285714
28942,0.7546428571428572
52103,0.7327857142857143
49028,0.2372142857142857
73933,0.7833571428571429
50783,0.08471428571428571
78350,0.7622857142857142
4902,0.8956428571428572
53013,0.4730714285714286
76554,0.8755
23980,0.15557142857142858
41145,0.20214285714285715
42225,0.4642142857142857
89264,0.4102857142857143
62543,0.19221428571428573
64809,0.11128571428571428
11702,0.8146428571428571
55003,0.18957142857142859
94451,0.21907142857142858
56327,0.7695
81325,0.7872142857142858
39310,0.8258571428571428
58708,0.708
97817,0.6547857142857143
53379,0.7493571428571428
79932,0.6179285714285714
63512,0.39385714285714285
20779,0.4535
95212,0.38621428571428573
59462,0.5114285714285715
87290,0.5984285714285714
11427,0.0225
62734,0.5542857142857143
32888,0.11907142857142858
28020,0.9177857142857143
107166,0.028714285714285713
34403,0.6665
39879,0.9309285714285714
42599,0.43042857142857144
65668,0.737
70872,0.04914285714285714
58351,0.031785714285714285
57847,0.845
24231,0.6993571428571429
73322,0.18128571428571427
87567,0.7294285714285714
83106,0.5802142857142857
62857,0.885
6190,0.1915
76216,0.7382857142857143
68017,0.3625
87105,0.29014285714285715
106867,0.07392857142857143
55927,0.5109285714285714
103438,0.9282142857142858
51124,0.103
12368,0.03635714285714286
86766,0.7145
105444,0.12614285714285714
87040,0.6047142857142858
22916,0.9987857142857143
50027,0.22835714285714287
81159,0.04607142857142857
58672,0.731
30619,0.5412857142857143
33627,0.9311428571428572
50283,0.5768571428571428
52216,0.2887857142857143
59067,0.3057142857142857
14396,0.21071428571428572
11892,0.25064285714285717
16812,0.5818571428571429
5522,0.3175
1553,0.9644285714285714
68393,0.43142857142857144
56743,0.9126428571428571
96945,0.5076428571428572
46038,0.9206428571428571
57272,0.08442857142857142
90756,0.6148571428571429
52367,0.5390714285714285
106160,0.9669285714285715
90017,0.39535714285714285
3398,0.08407142857142857
9373,0.605
105247,0.10521428571428572
90087,0.8730714285714286
69444,0.18407142857142858
17257,0.9747857142857143
35505,0.6761428571428572
81005,0.9017857142857143
44186,0.009642857142857142
13463,0.2970714285714286
46564,0.31942857142857145
79444,0.29842857142857143
99670,0.28714285714285714
11219,0.6317142857142857
57773,0.3302857142857143
8456,0.24692857142857144
68047,0.5875
36885,0.07835714285714286
85280,0.15078571428571427
35496,0.5740714285714286
8287,0.7439285714285714
99197,0.2015
84028,0.4569285714285714
57813,0.18971428571428572
24111,0.11257142857142857
32341,0.9154285714285715
11617,0.6659285714285714
51488,0.8595714285714285
54632,0.3623571428571429
92675,0.11757142857142858
25288,0.0165
60316,0.5678571428571428
74303,0.0775
100457,0.9446428571428571
39057,0.11707142857142858
106818,0.4506428571428571
87856,0.804
48380,0.002357142857142857
88962,0.9260714285714285
30684,0.233
34006,0.9555
39375,0.4932142857142857
38271,0.5879285714285715
103594,0.6594285714285715
65919,0.6693571428571429
32465,0.23542857142857143
95680,0.41578571428571426
21927,0.8404285714285714
82834,0.5962857142857143
86607,0.4825
23273,0.30657142857142855
86094,0.09485714285714286
39379,0.6740714285714285
59333,0.27985714285714286
89309,0.9597142857142857
36521,0.294
20234,0.47564285714285715
42743,0.168
50713,0.23192857142857143
50917,0.6666428571428571
56471,0.5351428571428571
50938,0.7795714285714286
98079,0.6787142857142857
45607,0.45321428571428574
99068,0.7489285714285714
32866,0.8061428571428572
86916,0.26357142857142857
21587,0.658
92191,0.9509285714285715
103849,0.05892857142857143
38587,0.33764285714285713
72196,0.13414285714285715
6939,0.04557142857142857
27786,0.41435714285714287
34537,0.3055
58057,0.33185714285714285
70154,0.3314285714285714
91928,0.5615
40528,0.40564285714285714
12496,0.36214285714285716
24646,0.9875
11256,0.9278571428571428
21388,0.4536428571428571
85853,0.9998571428571429
44259,0.0034285714285714284
36591,0.7617857142857143
59439,0.31407142857142856
74647,0.9306428571428571
4875,0.2745
6490,0.09514285714285714
28346,0.5815714285714285
651,0.5357142857142857
1618,0.8827142857142857
13410,0.7247142857142858
106091,0.061785714285714284
57915,0.6416428571428572
28113,0.033428571428571426
71395,0.19642857142857142
96316,0.2686428571428571
13993,0.2829285714285714
49317,0.5637857142857143
45502,0.3894285714285714
93262,0.7140714285714286
17644,0.6837857142857143
52028,0.22228571428571428
103808,0.38535714285714284
20253,0.03142857142857143
22006,0.7150714285714286
80743,0.7223571428571428
93485,0.09764285714285714
44777,0.21657142857142858
6100,0.43807142857142856
79220,0.8404285714285714
56337,0.6790714285714285
11203,0.5010714285714286
21197,0.47435714285714287
84879,0.7025
27735,0.6941428571428572
40048,0.8474285714285714
21142,0.5007857142857143
17502,0.8107142857142857
74085,0.34385714285714286
104674,0.05914285714285714
43454,0.9047142857142857
55533,0.7717857142857143
10115,0.5833571428571429
4005,0.09635714285714286
38690,0.32385714285714284
76350,0.03242857142857143
33946,0.9219285714285714
88651,0.5227857142857143
6441,0.08957142857142857
29013,0.11707142857142858
58126,0.6727857142857143
1579,0.5354285714285715
45737,0.8407857142857142
20715,0.7667857142857143
35446,0.2077142857142857
24700,0.123
40662,0.045214285714285714
2825,0.3514285714285714
70461,0.6602857142857143
24568,0.4622142857142857
90464,0.25957142857142856
28517,0.31192857142857144
1466,0.467
17097,0.45571428571428574
30017,0.5412857142857143
55539,0.8671428571428571
59782,0.6032857142857143
71033,0.29014285714285715
64496,0.04971428571428571
40937,0.01507142857142857
94343,0.6336428571428572
10785,0.8032142857142858
57477,0.17314285714285715
88509,0.4407142857142857
13448,0.9989285714285714
28448,0.19657142857142856
15736,0.0665
93766,0.07964285714285714
28790,0.6317142857142857
104620,0.8954285714285715
102286,0.7886428571428571
40916,0.10442857142857143
27594,0.8580714285714286
52570,0.2834285714285714
57700,0.4357857142857143
56086,0.31164285714285717
15381,0.08307142857142857
46128,0.17457142857142857
76957,0.21085714285714285
27584,0.5433571428571429
47349,0.9072142857142858
13242,0.26635714285714285
21958,0.7679285714285714
82887,0.892
106452,0.41614285714285715
8805,0.20642857142857143
39780,0.588
98329,0.5328571428571428
50527,0.7886428571428571
82425,0.13757142857142857
23328,0.5709285714285715
43312,0.9944285714285714
62595,0.49857142857142855
85134,0.33564285714285713
47366,0.9307142857142857
23299,0.8787857142857143
106554,0.6192857142857143
30402,0.35692857142857143
82605,0.4466428571428571
91467,0.5489285714285714
87186,0.14492857142857143
16903,0.10314285714285715
1913,0.06292857142857143
24210,0.7817857142857143
72558,0.4292142857142857
63823,0.8096428571428571
37579,0.8178571428571428
23677,0.17357142857142857
43647,0.9938571428571429
74682,0.9257142857142857
61036,0.6097857142857143
68754,0.15742857142857142
4629,0.06364285714285714
45675,0.45071428571428573
87890,0.9389285714285714
69007,0.15014285714285713
107046,0.7577142857142857
57177,0.429
58179,0.9553571428571429
59861,0.189
52378,0.8269285714285715
77012,0.6555714285714286
36232,0.3727857142857143
68330,0.6510714285714285
12004,0.2945
11504,0.5780714285714286
45682,0.4509285714285714
23369,0.5403571428571429
9711,0.6689285714285714
87557,0.7474285714285714
42759,0.3175
1961,0.7757857142857143
79192,0.312
65297,0.33485714285714285
90391,0.35628571428571426
31179,0.8237857142857142
85934,0.5605714285714286
2233,0.21471428571428572
104465,0.5541428571428572
97156,0.12714285714285714
21082,0.5469285714285714
43222,0.7142142857142857
101903,0.9572857142857143
91631,0.9500714285714286
104772,0.7409285714285714
69306,0.44957142857142857
2246,0.23935714285714285
55523,0.754
35636,0.5154285714285715
58346,0.02507142857142857
97733,0.5422142857142858
54318,0.9700714285714286
10406,0.7510714285714286
73686,0.3171428571428571
23697,0.9744285714285714
28920,0.7982142857142858
74967,0.4217142857142857
22282,0.25792857142857145
46359,0.17342857142857143
100017,0.15535714285714286
66476,0.8937857142857143
95495,0.927
39500,0.24192857142857144
13256,0.6219285714285714
87733,0.9697142857142858
50150,0.5739285714285715
101746,0.30078571428571427
43926,0.9072857142857143
62829,0.8722857142857143
16572,0.8186428571428571
19011,0.869
34704,0.18142857142857144
52519,0.3797142857142857
29435,0.41942857142857143
14187,0.429
25743,0.5502142857142858
21024,0.45914285714285713
91627,0.2445
24278,0.36528571428571427
51417,0.8937857142857143
59575,0.7980714285714285
38791,0.24685714285714286
43295,0.6762142857142858
76291,0.2257142857142857
61760,0.3405714285714286
3559,0.19028571428571428
59749,0.8516428571428571
8520,0.9787857142857143
99593,0.6264285714285714
19907,0.7795
55802,0.7135714285714285
49581,0.025285714285714286
63636,0.21307142857142858
68309,0.9632142857142857
32757,0.004214285714285715
69987,0.9902142857142857
40061,0.0895
56151,0.6049285714285715
104281,0.032785714285714286
37146,0.21657142857142858
52784,0.9986428571428572
22973,0.6612857142857143
52110,0.8882857142857142
48457,0.3927857142857143
83878,0.036642857142857144
41602,0.7747857142857143
12922,0.5187142857142857
106228,0.9370714285714286
32284,0.12807142857142856
71166,0.03371428571428572
61893,0.4337857142857143
82610,0.5543571428571429
9468,0.8345
7366,0.5358571428571428
130,0.4109285714285714
93873,0.7851428571428571
104680,0.7895
13871,0.3524285714285714
92467,0.38871428571428573
43810,0.7233571428571428
88262,0.9041428571428571
78513,0.37385714285714283
33147,0.9125714285714286
39542,0.9634285714285714
86068,0.9827142857142858
17818,0.7487857142857143
49539,0.7937857142857143
80464,0.03992857142857143
4168,0.3352142857142857
43550,0.6204285714285714
24085,0.7897857142857143
102374,0.8080714285714286
23041,0.2965
73095,0.07207142857142858
74551,0.15464285714285714
58922,0.3469285714285714
54757,0.6713571428571429
86390,0.40414285714285714
49045,0.45607142857142857
63062,0.6827857142857143
45963,0.999
3268,0.07407142857142857
94045,0.38835714285714285
93471,0.8848571428571429
47014,0.8047142857142857
25463,0.3767142857142857
59914,0.6915714285714286
70929,0.40035714285714286
105229,0.3472142857142857
55727,0.9777857142857143
68877,0.15
36240,0.9811428571428571
12342,0.9034285714285715
45781,0.7083571428571429
64221,0.3792142857142857
25152,0.31264285714285717
19946,0.5718571428571428
35848,0.6709285714285714
50988,0.2285
81228,0.8465714285714285
70634,0.9871428571428571
62087,0.3663571428571429
83705,0.8723571428571428
28135,0.5634285714285714
72269,0.7413571428571428
57765,0.8588571428571429
48237,0.7636428571428572
60935,0.30107142857142855
96395,0.8972142857142857
17552,0.6262142857142857
6012,0.20207142857142857
32339,0.24378571428571427
100348,0.8167857142857143
18042,0.8815
96315,0.8718571428571429
29764,0.12757142857142856
23929,0.658
77311,0.6682142857142858
70607,0.3027142857142857
30780,0.8029285714285714
80346,0.7197142857142858
98674,0.008142857142857143
81392,0.9579285714285715
97354,0.24928571428571428
81018,0.034
67914,0.101
73740,0.9702142857142857
17349,0.0995
92248,0.5228571428571429
7410,0.9343571428571429
38801,0.012642857142857143
2980,0.39157142857142857
8343,0.8527857142857143
4978,0.18178571428571427
17304,0.6045
97200,0.15128571428571427
29661,0.5466428571428571
90326,0.1615
46507,0.48807142857142854
29043,0.16457142857142856
10362,0.05621428571428572
98378,0.5717142857142857
106758,0.5659285714285714
51017,0.8799285714285714
79812,0.6879285714285714
13356,0.831
55569,0.7597142857142857
65657,0.8221428571428572
51044,0.35692857142857143
66567,0.9815714285714285
46552,0.9622142857142857
46891,0.7296428571428571
63607,0.08335714285714285
38370,0.5692142857142857
57361,0.8941428571428571
36803,0.5996428571428571
39652,0.5081428571428571
98980,0.2835
39367,0.9958571428571429
42936,0.6267857142857143
103002,0.39614285714285713
53733,0.33735714285714286
64932,0.029642857142857144
14694,0.02092857142857143
22051,0.6464285714285715
86459,0.8187857142857143
6391,0.13757142857142857
66928,0.01792857142857143
49982,0.9978571428571429
100643,0.03357142857142857
56457,0.26171428571428573
30800,0.43714285714285717
33516,0.6047142857142858
10149,0.05007142857142857
59814,0.5461428571428572
95253,0.33121428571428574
53569,0.4536428571428571
98810,0.09
37667,0.8262142857142857
28177,0.6720714285714285
38991,0.10085714285714285
16662,0.5627857142857143
84074,0.5984285714285714
74835,0.039857142857142855
64707,0.0125
92839,0.1662142857142857
7848,0.016928571428571428
14932,0.6074285714285714
95426,0.9752142857142857
10705,0.7821428571428571
36497,0.9935
45194,0.08478571428571428
91760,0.6306428571428572
42730,0.607
73723,0.478
106197,0.3
68082,0.2047142857142857
18144,0.9671428571428572
80046,0.676
11278,0.36642857142857144
80340,0.23357142857142857
13789,0.9753571428571428
70923,0.9984285714285714
102287,0.8029285714285714
91972,0.33185714285714285
34636,0.32121428571428573
15424,0.30657142857142855
27169,0.8950714285714285
44400,0.32492857142857146
61822,0.6783571428571429
72751,0.9325714285714286
13516,0.4092857142857143
106505,0.8227857142857142
76387,0.6117142857142858
15239,0.6637857142857143
103844,0.7025714285714286
53314,0.536
39223,0.061642857142857145
9030,0.9714285714285714
14079,0.6332857142857143
105615,0.5051428571428571
12812,0.01657142857142857
75439,0.09707142857142857
39088,0.8972142857142857
43363,0.046714285714285715
32020,0.017
64754,0.9754285714285714
3089,0.727
23362,0.2632857142857143
84010,0.5267857142857143
28153,0.16464285714285715
38509,0.005928571428571429
11368,0.8789285714285714
38142,0.1377857142857143
97444,0.22228571428571428
41034,0.054
8873,0.5630714285714286
30735,0.33421428571428574
61272,0.7429285714285714
56414,0.5009285714285714
89014,0.9092857142857143
24736,0.3924285714285714
36720,0.9504285714285714
83888,0.49064285714285716
55059,0.8634285714285714
50353,0.026857142857142857
1263,0.7849285714285714
9747,0.009785714285714286
100121,0.2787142857142857
101541,0.5987857142857143
107110,0.6923571428571429
13870,0.09628571428571428
53841,0.317
99366,0.4594285714285714
97714,0.6782857142857143
105818,0.2185
50824,0.9455
79245,0.12035714285714286
20566,0.6139285714285714
31568,0.9425
61681,0.2932142857142857
61035,0.8308571428571428
82910,0.06857142857142857
104534,0.9413571428571429
30508,0.7228571428571429
36852,0.6595714285714286
78740,0.9206428571428571
93787,0.004
99385,0.19492857142857142
8541,0.13214285714285715
40986,0.7647857142857143
59356,0.7328571428571429
24418,0.44057142857142856
73614,0.6155714285714285
27415,0.4072142857142857
11105,0.07221428571428572
38620,0.8840714285714286
73791,0.07378571428571429
84218,0.4352857142857143
57917,0.42114285714285715
26115,0.8925714285714286
39220,0.6430714285714285
86510,0.6828571428571428
2620,0.5141428571428571
80769,0.25435714285714284
63158,0.6449285714285714
68262,0.5994285714285714
75959,0.1422857142857143
11908,0.875
82650,0.04914285714285714
67201,0.7367857142857143
38281,0.9949285714285714
94080,0.3095
26958,0.24778571428571428
12229,0.13214285714285715
7322,0.21778571428571428
101820,0.8113571428571429
58402,0.5316428571428572
53298,0.7372857142857143
55864,0.1642142857142857
80201,0.144
27368,0.31992857142857145
51937,0.5760714285714286
75944,0.1717142857142857
17981,0.44571428571428573
36458,0.6587142857142857
19330,0.9197857142857143
70747,0.015642857142857142
52093,0.32421428571428573
48248,0.26085714285714284
30444,0.5677857142857143
100114,0.9670714285714286
75809,0.9386428571428571
83567,0.5532857142857143
22666,0.8231428571428572
49879,0.07685714285714286
63185,0.7890714285714285
71537,0.22214285714285714
84881,0.7783571428571429
11039,0.4283571428571429
2226,0.8187857142857143
9498,0.6273571428571428
103461,0.7362142857142857
8026,0.8917142857142857
67743,0.5494285714285714
80470,0.12392857142857143
3702,0.8258571428571428
60275,0.588
32622,0.3605
30739,0.3509285714285714
87448,0.9938571428571429
98899,0.927
89514,0.060571428571428575
10765,0.8713571428571428
76915,0.49464285714285716
22471,0.03464285714285714
104758,0.32042857142857145
106834,0.9443571428571429
21256,0.5512857142857143
72448,0.7397142857142858
76560,0.8267142857142857
72417,0.28714285714285714
76712,0.103
81087,0.9250714285714285
106580,0.8870714285714286
29575,0.03671428571428571
93875,0.14857142857142858
57554,0.19457142857142856
60491,0.23714285714285716
93238,0.9465
3821,0.3707857142857143
28650,0.02092857142857143
66585,0.5685714285714286
3771,0.3028571428571429
21931,0.17871428571428571
6465,0.4637142857142857
12104,0.2042857142857143
100297,0.5138571428571429
12303,0.7850714285714285
63834,0.999
72813,0.39007142857142857
24228,0.02142857142857143
62072,0.194
87548,0.16914285714285715
34142,0.22357142857142856
102479,0.4847142857142857
81878,0.3767142857142857
5322,0.25657142857142856
8225,0.643
87700,0.3275
34160,0.9275
84726,0.498
18698,0.6826428571428571
21961,0.05728571428571429
98296,0.4242142857142857
35011,0.14235714285714285
72197,0.9912857142857143
52751,0.135
2665,0.06407142857142857
13552,0.3432857142857143
74433,0.0865
55838,0.013285714285714286
3623,0.14235714285714285
18897,0.82
97971,0.6736428571428571
54183,0.8917142857142857
36709,0.6945
45328,0.7565
45544,0.33514285714285713
88069,0.9830714285714286
38880,0.9723571428571428
29390,0.38242857142857145
17213,0.365
103211,0.09714285714285714
103784,0.3747857142857143
21672,0.4185714285714286
12667,0.09707142857142857
42330,0.5026428571428572
64762,0.8205
38996,0.7577142857142857
81858,0.33414285714285713
63013,0.31485714285714284
97541,0.701
94335,0.3735
27705,0.5357142857142857
27775,0.27785714285714286
90297,0.8605
17894,0.28785714285714287
89326,0.689
14532,0.26121428571428573
29304,0.08628571428571429
60991,0.62
26862,0.8962142857142857
36231,0.4635714285714286
68918,0.18307142857142858
87020,0.468
68071,0.22335714285714287
74517,0.7107142857142857
68399,0.8888571428571429
4125,0.038642857142857145
87538,0.4647142857142857
90505,0.5362857142857143
26154,0.13364285714285715
94063,0.43114285714285716
4801,0.07057142857142858
79421,0.45171428571428573
22506,0.26171428571428573
90383,0.7479285714285714
31996,0.06457142857142857
94098,0.031785714285714285
23918,0.029714285714285714
14872,0.9099285714285714
52194,0.3524285714285714
79112,0.6977142857142857
79767,0.7207142857142858
88807,0.9872857142857143
80213,0.8940714285714285
97386,0.3261428571428571
18855,0.11642857142857142
14420,0.7026428571428571
20050,0.047142857142857146
12401,0.24542857142857144
78505,0.7951428571428572
39219,0.6045
23939,0.9635714285714285
16295,0.769
38830,0.49357142857142855
63612,0.37692857142857145
13290,0.7966428571428571
53494,0.31107142857142855
5746,0.9037142857142857
30513,0.2807142857142857
96344,0.6334285714285715
76550,0.3392142857142857
15269,0.943
47320,0.9709285714285715
51950,0.19614285714285715
9128,0.6397142857142857
34285,0.8445714285714285
93842,0.029214285714285713
8487,0.7241428571428571
98151,0.04557142857142857
5934,0.2047142857142857
68794,0.8127857142857143
11126,0.8042142857142857
77657,0.1535
470,0.7405714285714285
29040,0.5977142857142858
92265,0.46285714285714286
29171,0.38821428571428573
53105,0.11964285714285715
22797,0.8492857142857143
100238,0.7821428571428571
76873,0.061285714285714284
51495,0.37657142857142856
60063,0.44207142857142856
97666,0.8972142857142857
71208,0.3469285714285714
25864,0.9501428571428572
37431,0.8766428571428572
52917,0.6381428571428571
97589,0.334
33482,0.954
20425,0.8505714285714285
66723,0.6092142857142857
38765,0.005928571428571429
34844,0.7415714285714285
23794,0.4739285714285714
71459,0.382
104091,0.8358571428571429
891,0.37892857142857145
72288,0.7891428571428571
42364,0.8469285714285715
30967,0.6247857142857143
16582,0.28114285714285714
42961,0.0425
22874,0.3667142857142857
64063,0.7373571428571428
89992,0.7193571428571428
37817,0.11385714285714285
21008,0.32385714285714284
65846,0.5105
30491,0.9551428571428572
10225,0.5507142857142857
946,0.16764285714285715
57835,0.4262142857142857
68530,0.5728571428571428
89954,0.04214285714285714
55861,0.19057142857142856
26313,0.1462142857142857
79078,0.28935714285714287
45288,0.9255
41449,0.12364285714285714
105992,0.03585714285714286
22657,0.2077142857142857
59879,0.08257142857142857
61469,0.34685714285714286
34052,0.6984285714285714
75633,0.786
99091,0.3432142857142857
25249,0.5822857142857143
89585,0.5063571428571428
25639,0.5717142857142857
47314,0.647
27762,0.3767142857142857
52628,0.9785714285714285
84293,0.8000714285714285
68901,0.5272142857142857
90319,0.8021428571428572
55559,0.026
16705,0.24778571428571428
79054,0.16764285714285715
8171,0.5489285714285714
59206,0.3132142857142857
52753,0.031785714285714285
99521,0.7953571428571429
59828,0.667
66975,0.5519285714285714
33055,0.726
11361,0.37335714285714283
10272,0.04957142857142857
15838,0.14085714285714285
52127,0.49564285714285716
17172,0.08735714285714286
61054,0.6457142857142857
92688,0.029785714285714287
25633,0.9487857142857142
13746,0.6993571428571429
49271,0.38521428571428573
74219,0.9587857142857142
95641,0.3374285714285714
31442,0.06571428571428571
61505,0.9245
4848,0.024785714285714286
35411,0.018714285714285715
41728,0.07092857142857142
11289,0.6235714285714286
54303,0.307
87207,0.9674285714285714
50770,0.9849285714285714
19455,0.48957142857142855
79660,0.9671428571428572
45640,0.3073571428571429
19680,0.26607142857142857
80064,0.3891428571428571
45921,0.7685
102330,0.48192857142857143
104779,0.8642857142857143
41647,0.6791428571428572
62255,0.8863571428571428
69850,0.7892857142857143
59083,0.9957142857142857
29617,0.30457142857142855
68036,0.056857142857142856
34081,0.6964285714285714
7571,0.05821428571428571
27687,0.37042857142857144
9248,0.283
70304,0.6587142857142857
68494,0.9399285714285714
34488,0.6148571428571429
91948,0.1667857142857143
83596,0.6386428571428572
6539,0.8640714285714286
50333,0.156
103218,0.6032142857142857
10795,0.0135
64519,0.3532142857142857
55023,0.32135714285714284
79698,0.7911428571428571
12137,0.5342142857142858
26981,0.7928571428571428
16418,0.49014285714285716
19562,0.634
54980,0.1205
8983,0.7187857142857143
44060,0.40235714285714286
40837,0.11707142857142858
50598,0.5297142857142857
96359,0.6937857142857143
106537,0.9707142857142858
25890,0.6047142857142858
82625,0.8307857142857142
6701,0.25357142857142856
8350,0.7762857142857142
82763,0.2655
101464,0.9326428571428571
21356,0.2337857142857143
39215,0.10892857142857143
67377,0.4947142857142857
28181,0.949
41563,0.7741428571428571
26345,0.45435714285714285
16648,0.0017142857142857142
31584,0.9979285714285714
1960,0.4885
9044,0.8651428571428571
91655,0.9503571428571429
46682,0.24378571428571427
50998,0.44885714285714284
67563,0.8181428571428572
21973,0.44657142857142856
66386,0.3469285714285714
67164,0.566
48558,0.9611428571428572
12620,0.046357142857142854
64680,0.6084285714285714
63616,0.8312857142857143
107035,0.8966428571428572
59071,0.32221428571428573
102880,0.7404285714285714
35126,0.012714285714285714
41487,0.6106428571428572
31091,0.27014285714285713
59940,0.8992857142857142
46433,0.5656428571428571
31705,0.7305714285714285
80481,0.5389285714285714
12116,0.028428571428571428
35783,0.9195
2593,0.06292857142857143
47474,0.8795714285714286
52930,0.37607142857142856
44350,0.012428571428571428
77265,0.8366428571428571
55073,0.5205714285714286
41302,0.008714285714285714
94253,0.9373571428571429
21658,0.24564285714285714
38103,0.5457857142857143
73971,0.04257142857142857
39871,0.9950714285714286
78320,0.3990714285714286
11438,0.44657142857142856
59470,0.9681428571428572
55759,0.9571428571428572
104592,0.21871428571428572
96295,0.00021428571428571427
56214,0.3645
89317,0.6480714285714285
99372,0.4845
47947,0.05664285714285714
92170,0.4084285714285714
1522,0.02092857142857143
49519,0.9027857142857143
83847,0.24721428571428572
25956,0.359
54284,0.7804285714285715
75756,0.3547142857142857
46005,0.4185714285714286
95327,0.45007142857142857
67211,0.8231428571428572
57848,0.14664285714285713
62669,0.9378571428571428
103424,0.6230714285714286
6568,0.4878571428571429
20985,0.7177142857142857
2606,0.24964285714285714
51468,0.12835714285714286
58979,0.6037142857142858
44348,0.2412857142857143
97129,0.7248571428571429
106323,0.5604285714285714
83866,0.7545
59690,0.5081428571428571
77224,0.8455714285714285
55814,0.2507142857142857
423,0.9637857142857142
51386,0.7282142857142857
54584,0.8202857142857143
20650,0.7807857142857143
67619,0.13842857142857143
80649,0.6445
98240,0.9008571428571429
51543,0.5565714285714286
3995,0.615
68167,0.7905
6440,0.8034285714285714
42990,0.42164285714285715
27893,0.32185714285714284
292,0.42707142857142855
60869,0.9282857142857143
83757,0.6773571428571429
71190,0.2545
43134,0.1455
26387,0.9468571428571428
41140,0.14064285714285715
41330,0.3337857142857143
59444,0.48792857142857143
30220,0.11514285714285714
57850,0.6668571428571428
68720,0.5452857142857143
83784,0.3662142857142857
75058,0.35185714285714287
9990,0.6735714285714286
70601,0.3667142857142857
496,0.34785714285714286
4219,0.45635714285714285
20921,0.6371428571428571
63436,0.8127142857142857
102995,0.8272142857142857
46697,0.7158571428571429
105445,0.8520714285714286
17416,0.5796428571428571
100999,0.9001428571428571
89296,0.5977142857142858
74224,0.26321428571428573
88876,0.138
76981,0.8643571428571428
16408,0.12378571428571429
54241,0.7429285714285714
12554,0.5528571428571428
90727,0.21757142857142858
28056,0.7452857142857143
5562,0.9831428571428571
80195,0.7205
87069,0.9242142857142858
43216,0.18871428571428572
79579,0.132
9937,0.21421428571428572
42856,0.8750714285714286
56247,0.04485714285714286
89203,0.9904285714285714
75302,0.21985714285714286
9324,0.045214285714285714
88477,0.8543571428571428
65720,0.526
83822,0.7682142857142857
106308,0.23314285714285715
88320,0.1442142857142857
3472,0.7142857142857143
43027,0.7915714285714286
77392,0.5645714285714286
41026,0.5642857142857143
34970,0.18585714285714286
85811,0.6057857142857143
51037,0.7182857142857143
39911,0.298
54621,0.30228571428571427
63702,0.266
88917,0.9614285714285714
15936,0.9952857142857143
68562,0.4524285714285714
82320,0.5862857142857143
95565,0.9273571428571429
98754,0.5171428571428571
61204,0.9742142857142857
94434,0.42842857142857144
62405,0.8505714285714285
65452,0.9735714285714285
35549,0.35714285714285715
105446,0.9299285714285714
29245,0.2005
40566,0.9958571428571429
77668,0.19228571428571428
65167,0.38585714285714284
25913,0.8021428571428572
67005,0.5404285714285715
65537,0.7890714285714285
76894,0.08835714285714286
79304,0.3515
47879,0.7856428571428572
71762,0.5985714285714285
94313,0.5610714285714286
23432,0.6589285714285714
96020,0.183
95380,0.6531428571428571
76613,0.673
90665,0.8998571428571429
77768,0.9152857142857143
83357,0.33185714285714285
70714,0.3607142857142857
89872,0.9732857142857143
41797,0.32
13868,0.21192857142857144
106550,0.7355714285714285
39844,0.06692857142857143
42075,0.859
62095,0.722
70425,0.576
78138,0.8107142857142857
25349,0.9487857142857142
86030,0.0665
11281,0.893
92556,0.9917142857142857
32183,0.5237857142857143
95511,0.6142857142857143
14000,0.3722142857142857
8192,0.15828571428571428
46625,0.023428571428571427
80759,0.41614285714285715
53529,0.768
39661,0.6913571428571429
18735,0.030285714285714287
43096,0.5446428571428571
35406,0.37257142857142855
19563,0.9255
44955,0.18314285714285714
51195,0.5265
104716,0.9912142857142857
78032,0.939
54763,0.8258571428571428
54472,0.14085714285714285
63165,0.14007142857142857
59237,0.48728571428571427
80008,0.22778571428571429
41274,0.14507142857142857
69397,0.2285
58538,0.7686428571428572
12556,0.7388571428571429
22194,0.03271428571428572
13877,0.5363571428571429
28486,0.10335714285714286
40470,0.6053571428571428
3803,0.9707142857142858
27605,0.6172857142857143
12596,0.6791428571428572
51958,0.4170714285714286
100371,0.8135714285714286
35292,0.4395
106651,0.4190714285714286
67973,0.8972142857142857
24261,0.3615714285714286
42465,0.03214285714285714
13861,0.5646428571428571
15827,0.14721428571428571
96979,0.7253571428571428
21464,0.49292857142857144
33217,0.339
31921,0.42928571428571427
87306,0.3078571428571429
82440,0.4047857142857143
100467,0.053714285714285714
101153,0.7376428571428572
59418,0.2905
34456,0.9958571428571429
78306,0.07307142857142856
60321,0.612
106857,0.5143571428571428
35073,0.24978571428571428
61217,0.9047142857142857
40071,0.9700714285714286
82248,0.4225714285714286
74965,0.41235714285714287
71583,0.5653571428571429
83997,0.21214285714285713
80322,0.20957142857142858
1386,0.8872857142857142
30888,0.19678571428571429
46174,0.7547857142857143
68484,0.7662857142857142
17329,0.7865714285714286
93726,0.33414285714285713
14464,0.8600714285714286
67944,0.7676428571428572
95240,0.7251428571428571
43653,0.9285714285714286
74712,0.7241428571428571
89456,0.37192857142857144
8122,0.5172857142857142
80123,0.21707142857142858
100955,0.6604285714285715
19190,0.5827857142857142
17483,0.11764285714285715
21509,0.40535714285714286
67611,0.5540714285714285
91018,0.6814285714285714
11502,0.9782142857142857
41634,0.6002857142857143
58647,0.9355
397,0.12057142857142857
94236,0.4732142857142857
34471,0.17042857142857143
95449,0.3884285714285714
45263,0.1255
1312,0.09721428571428571
1701,0.2325
10211,0.29842857142857143
19877,0.6495714285714286
10820,0.11478571428571428
48605,0.142
105197,0.5937142857142857
101055,0.6275714285714286
72026,0.9545
40241,0.1967142857142857
21775,0.9607857142857142
2675,0.5706428571428571
44002,0.5435714285714286
42988,0.24814285714285714
1719,0.29178571428571426
44005,0.9746428571428571
293,0.21892857142857142
67526,0.676
20436,0.02057142857142857
47583,0.22228571428571428
54329,0.18428571428571427
44312,0.7140714285714286
46747,0.7928571428571428
42297,0.17192857142857143
36740,0.9587857142857142
15115,0.031714285714285716
54215,0.32485714285714284
50632,0.21792857142857142
67796,0.6900714285714286
24974,0.8469285714285715
17987,0.07085714285714285
57932,0.6132142857142857
58445,0.5129285714285714
71758,0.4087857142857143
27568,0.5507857142857143
77343,0.348
74960,0.204
71199,0.38185714285714284
63696,0.8962142857142857
7032,0.3712857142857143
23824,0.5543571428571429
30498,0.6661428571428571
71626,0.5581428571428572
45937,0.614
58185,0.4215714285714286
63250,0.211
93821,0.725
75253,0.2681428571428571
105476,0.6543571428571429
94786,0.4162142857142857
64336,0.08735714285714286
71947,0.28714285714285714
92182,0.8825714285714286
20086,0.9712142857142857
76618,0.39
14910,0.4252142857142857
37519,0.20507142857142857
18587,0.7624285714285715
72152,0.08335714285714285
104014,0.3489285714285714
40614,0.9414285714285714
88400,0.23914285714285713
31994,0.018357142857142857
87528,0.15264285714285714
63934,0.35264285714285715
49409,0.37807142857142856
774,0.9857142857142858
32495,0.6282142857142857
88382,0.39307142857142857
15155,0.8057142857142857
93745,0.7160714285714286
27703,0.38042857142857145
75787,0.8230714285714286
90254,0.6407142857142857
13614,0.45671428571428574
28304,0.5677857142857143
41678,0.24292857142857144
98764,0.1477857142857143
82284,0.7102142857142857
31660,0.9236428571428571
67449,0.4097142857142857
32695,0.09857142857142857
73704,0.8113571428571429
13185,0.7685714285714286
41481,0.8368571428571429
71990,0.8052142857142857
64342,0.12835714285714286
52716,0.08857142857142856
23590,0.7475714285714286
19738,0.6712142857142858
81722,0.10435714285714286
43441,0.03464285714285714
56076,0.3987857142857143
36062,0.12407142857142857
93470,0.03357142857142857
57631,0.9172857142857143
104065,0.3782857142857143
542,0.2277142857142857
22750,0.1965
65825,0.8865714285714286
63929,0.2037857142857143
71150,0.8395
82911,0.611
65991,0.7856428571428572
17471,0.13692857142857143
96142,0.3247857142857143
20569,0.8165714285714286
38497,0.39471428571428574
2685,0.3505
38408,0.6488571428571429
100635,0.9057857142857143
29619,0.07678571428571429
63490,0.15485714285714286
83339,0.6144285714285714
36539,0.3435
79339,0.9455
72290,0.22021428571428572
3220,0.9122857142857143
81270,0.4785714285714286
35843,0.41364285714285715
44327,0.08407142857142857
30665,0.5357142857142857
1548,0.3875
75171,0.927
99712,0.9645714285714285
33884,0.7942857142857143
65379,0.4845714285714286
62016,0.8963571428571429
35402,0.9803571428571428
42879,0.5532857142857143
74818,0.2857857142857143
12495,0.7779285714285714
20003,0.6352142857142857
22125,0.6081428571428571
70889,0.7160714285714286
2024,0.9553571428571429
95385,0.9666428571428571
80643,0.08821428571428572
86163,0.10407142857142856
67694,0.31564285714285717
26798,0.8356428571428571
81103,0.9687142857142857
19085,0.5984285714285714
4898,0.7340714285714286
6355,0.4114285714285714
14518,0.05857142857142857
14647,0.23507142857142857
42001,0.2455
77785,0.9658571428571429
35657,0.4556428571428571
56488,0.086
21443,0.9127142857142857
84978,0.23864285714285716
89651,0.11128571428571428
79791,0.29742857142857143
97990,0.8718571428571429
71970,0.349
92259,0.25157142857142856
63637,0.8844285714285715
85746,0.218
72226,0.8362857142857143
8706,0.2839285714285714
53923,0.8466428571428571
21760,0.4147142857142857
52327,0.9625714285714285
13615,0.6913571428571429
3156,0.6665
17888,0.9803571428571428
27794,0.09585714285714286
17951,0.8062142857142857
106260,0.7175714285714285
86128,0.026214285714285714
78519,0.3432857142857143
103081,0.8857142857142857
8118,0.7216428571428571
83982,0.8634285714285714
29893,0.8735714285714286
49405,0.568
52266,0.45021428571428573
36470,0.32535714285714284
1846,0.4875
3349,0.4987142857142857
93690,0.7917142857142857
50314,0.03992857142857143
186,0.38221428571428573
65432,0.5059285714285714
37728,0.9255714285714286
19567,0.23907142857142857
30657,0.44421428571428573
82531,0.15685714285714286
22826,0.7433571428571428
22919,0.41114285714285714
87442,0.2890714285714286
104588,0.47764285714285715
64949,0.36378571428571427
63321,0.6067857142857143
44202,0.7646428571428572
85518,0.9885714285714285
70363,0.634
38760,0.35585714285714287
99477,0.5942857142857143
41258,0.3332857142857143
88460,0.03892857142857143
49151,0.06985714285714285
96318,0.5985
15268,0.4667857142857143
39971,0.10521428571428572
68688,0.5541428571428572
106285,0.5507142857142857
3186,0.9912142857142857
39622,0.8233571428571429
77353,0.5348571428571428
88812,0.7111428571428572
6527,0.06492857142857143
59187,0.5435714285714286
61590,0.27835714285714286
56408,0.4175714285714286
94523,0.8638571428571429
35641,0.7179285714285715
74177,0.8637142857142858
103345,0.06628571428571428
43538,0.8362142857142857
28070,0.797
18799,0.9670714285714286
49071,0.0012857142857142856
95746,0.764
32734,0.7127857142857142
94400,0.9666428571428571
85387,0.3042142857142857
73483,0.4427857142857143
14503,0.2935714285714286
49355,0.3745
104699,0.5717142857142857
34977,0.384
105745,0.536
46195,0.015785714285714285
21807,0.7618571428571429
38567,0.43542857142857144
22107,0.22314285714285714
29812,0.23514285714285715
11423,0.06921428571428571
17429,0.5462142857142858
33210,0.6856428571428571
24307,0.5156428571428572
25930,0.03157142857142857
83021,0.613
102384,0.03842857142857143
16069,0.25957142857142856
89177,0.9416428571428571
14322,0.4775714285714286
47929,0.3402857142857143
95274,0.9662857142857143
91895,0.4799285714285714
30333,0.588
63018,0.5515
13130,0.017714285714285714
48136,0.9245
65112,0.31785714285714284
96303,0.9637857142857142
32221,0.7879285714285714
9939,0.18121428571428572
58276,0.22628571428571428
95046,0.3990714285714286
95608,0.7746428571428572
5449,0.5676428571428571
60819,0.6772857142857143
106929,0.0715
70887,0.16171428571428573
107168,0.3407857142857143
1665,0.31485714285714284
62485,0.46664285714285714
26165,0.7246428571428571
54830,0.09257142857142857
98131,0.7012857142857143
11417,0.21935714285714286
54957,0.6711428571428572
16542,0.9579285714285715
46696,0.11071428571428571
23398,0.926
82966,0.8088571428571428
98212,0.44307142857142856
47665,0.21871428571428572
71236,0.0485
23789,0.32621428571428573
52331,0.3132142857142857
42,0.6315
44162,0.7911428571428571
89991,0.5320714285714285
86732,0.14664285714285713
97084,0.6747142857142857
96648,0.27085714285714285
43358,0.8965
33225,0.35464285714285715
100947,0.9324285714285714
30048,0.7995
13538,0.6530714285714285
61920,0.7966428571428571
90739,0.29314285714285715
33099,0.4009285714285714
5687,0.8075714285714286
37971,0.8954285714285715
104107,0.8703571428571428
15261,0.3489285714285714
79583,0.9386428571428571
12417,0.9357857142857143
42928,0.030214285714285714
81291,0.4805
44398,0.5779285714285715
64245,0.9226428571428571
62296,0.5621428571428572
89490,0.4685714285714286
27804,0.3887857142857143
86896,0.8867142857142857
31142,0.9517142857142857
100499,0.8883571428571428
41462,0.5460714285714285
11490,0.5234285714285715
41182,0.3727857142857143
88788,0.48564285714285715
85936,0.571
25717,0.7302142857142857
39604,0.899
2113,0.5298571428571428
19841,0.077
85276,0.7098571428571429
38085,0.3797142857142857
33856,0.15614285714285714
16285,0.7999285714285714
102958,0.839
32690,0.645
65286,0.9982142857142857
87828,0.5804285714285714
72944,0.7145
47478,0.14007142857142857
94238,0.2775714285714286
25276,0.3767142857142857
51125,0.3836428571428571
59341,0.928
37015,0.38135714285714284
48326,0.15464285714285714
55339,0.2317857142857143
54809,0.7802142857142857
95448,0.9625714285714285
92455,0.8324285714285714
41479,0.6065
50990,0.6136428571428572
97606,0.33071428571428574
64386,0.156
59016,0.9625714285714285
34793,0.6125
35103,0.5572857142857143
62419,0.8642857142857143
44749,0.47828571428571426
51217,0.7508571428571429
76088,0.5534285714285714
50731,0.15114285714285713
21634,0.025857142857142856
99187,0.19628571428571429
74983,0.22392857142857142
74636,0.8159285714285714
70918,0.9784285714285714
48025,0.08092857142857143
1202,0.23857142857142857
29773,0.7179285714285715
104392,0.5116428571428572
36134,0.6527857142857143
56611,0.8824285714285715
98347,0.8285
76408,0.6359285714285714
43641,0.235
75570,0.24564285714285714
7090,0.546
82189,0.1325
48190,0.08885714285714286
4985,0.5313571428571429
1702,0.20192857142857143
97091,0.22992857142857143
67132,0.02557142857142857
52003,0.6992142857142857
60130,0.22085714285714286
52734,0.4233571428571429
54975,0.3432142857142857
79908,0.786
75883,0.7507142857142857
7708,0.087
20788,0.9891428571428571
29713,0.197
2168,0.03214285714285714
19624,0.40514285714285714
15339,0.9742857142857143
63973,0.412
104124,0.8475714285714285
82919,0.38435714285714284
57759,0.45721428571428574
30517,0.3335
67562,0.6982857142857143
60871,0.127
73670,0.7817142857142857
12046,0.5864285714285714
29703,0.25114285714285717
57997,0.9447142857142857
104071,0.6107857142857143
23798,0.9700714285714286
63304,0.9237857142857143
29328,0.8301428571428572
54042,0.4397857142857143
43085,0.024214285714285716
41458,0.8204285714285714
65632,0.07178571428571429
61938,0.8042142857142857
43481,0.04307142857142857
23810,0.7498571428571429
74207,0.761
40078,0.051571428571428574
67888,0.39535714285714285
54635,0.7546428571428572
37281,0.008785714285714286
92696,0.02292857142857143
40103,0.6668571428571428
12388,0.6486428571428572
65827,0.8947857142857143
13632,0.5487857142857143
55474,0.14971428571428572
5448,0.518
39340,0.7928571428571428
1321,0.5176428571428572
53096,0.7866428571428571
93846,0.8010714285714285
84889,0.2636428571428571
53938,0.33814285714285713
104973,0.6801428571428572
74968,0.7197857142857143
26581,0.6609285714285714
84369,0.6606428571428572
51684,0.7063571428571429
24583,0.7784285714285715
93592,0.5155714285714286
80678,0.36378571428571427
34799,0.7349285714285714
50595,0.19535714285714287
107043,0.8637142857142858
81783,0.9700714285714286
8163,0.8585
65011,0.6587142857142857
88170,0.19735714285714287
18337,0.9998571428571429
72949,0.9589285714285715
70736,0.7187142857142857
96312,0.999
83629,0.8360714285714286
85060,0.5645714285714286
65661,0.7124285714285714
66651,0.7565
74786,0.7043571428571429
57298,0.04114285714285714
42230,0.0265
20537,0.11471428571428571
97674,0.7315714285714285
65960,0.10914285714285714
55108,0.6124285714285714
49101,0.8745714285714286
19384,0.36914285714285716
29553,0.3372142857142857
40469,0.27035714285714285
63625,0.2770714285714286
32081,0.46285714285714286
37229,0.7971428571428572
92189,0.5023571428571428
14893,0.05142857142857143
44609,0.6295714285714286
63754,0.15228571428571427
56244,0.40614285714285714
13791,0.12842857142857142
97514,0.15628571428571428
62715,0.09664285714285714
80723,0.8431428571428572
31649,0.8062142857142857
35868,0.2656428571428571
26020,0.6246428571428572
94291,0.17342857142857143
63036,0.06992857142857142
71036,0.6606428571428572
49693,0.25114285714285717
7862,0.37892857142857145
106251,0.04807142857142857
6411,0.05242857142857143
2227,0.13242857142857142
12739,0.4928571428571429
13897,0.9103571428571429
51843,0.737
68337,0.5289285714285714
62399,0.4174285714285714
83642,0.09585714285714286
62576,0.4957857142857143
76355,0.5953571428571428
88532,0.8705714285714286
870,0.5008571428571429
26067,0.3811428571428571
45412,0.42164285714285715
93632,0.6800714285714285
34710,0.9395714285714286
49010,0.7335714285714285
20800,0.9056428571428572
91234,0.42857142857142855
106720,0.1457857142857143
39399,0.9849285714285714
30906,0.19628571428571429
55880,0.23757142857142857
86772,0.251
50257,0.21135714285714285
89524,0.5835
53238,0.9012857142857142
8234,0.22785714285714287
106696,0.8787142857142857
29446,0.21071428571428572
23987,0.46
64819,0.07621428571428572
35094,0.6982857142857143
45865,0.25264285714285717
8562,0.8858571428571429
75593,0.9877142857142858
8341,0.541
59981,0.5247142857142857
87038,0.3617142857142857
60298,0.5213571428571429
660,0.9307142857142857
6334,0.7165
40173,0.8316428571428571
60604,0.7087857142857142
77550,0.09057142857142857
34391,0.9965714285714286
65498,0.09085714285714286
12883,0.6620714285714285
28396,0.7614285714285715
20072,0.6212857142857143
29955,0.9447142857142857
93410,0.7617857142857143
19195,0.7356428571428572
86600,0.33314285714285713
11096,0.8188571428571428
100641,0.12964285714285714
2876,0.8801428571428571
98508,0.0015714285714285715
8183,0.8491428571428571
61746,0.49464285714285716
65016,0.2686428571428571
98667,0.6292142857142857
26907,0.4095
118,0.7544285714285714
17226,0.16257142857142856
101387,0.7347857142857143
2477,0.42242857142857143
42711,0.26221428571428573
45007,0.2027857142857143
16318,0.004285714285714286
86150,0.2045
8105,0.7169285714285715
29329,0.014714285714285714
24199,0.9643571428571428
28490,0.29464285714285715
15922,0.4531428571428571
59384,0.6324285714285715
11373,0.7856428571428572
101542,0.08378571428571428
106469,0.05335714285714286
90450,0.8476428571428571
57117,0.651
46768,0.4436428571428571
101203,0.793
73606,0.14721428571428571
107050,0.713
92108,0.03428571428571429
20429,0.3275
91152,0.5059285714285714
78479,0.5905714285714285
104962,0.6867857142857143
65927,0.032785714285714286
29567,0.8105714285714286
3521,0.8797857142857143
77782,0.49592857142857144
74900,0.3811428571428571
20583,0.22964285714285715
51369,0.4802142857142857
33036,0.04414285714285714
1020,0.019928571428571427
81918,0.39321428571428574
71786,0.764
29021,0.22742857142857142
42473,0.6761428571428572
76563,0.7872142857142858
76009,0.5037857142857143
75090,0.696
91847,0.7551428571428571
78056,0.2547142857142857
22275,0.07378571428571429
64351,0.18685714285714286
101193,0.05928571428571429
49286,0.8827142857142857
89043,0.6689285714285714
41575,0.1055
105212,0.4238571428571429
796,0.22242857142857142
89918,0.8607857142857143
26836,0.7609285714285714
15916,0.15071428571428572
66393,0.561
74777,0.04342857142857143
215,0.8455
70103,0.065
106169,0.48664285714285715
81879,0.13592857142857143
25104,0.010785714285714286
37041,0.29564285714285715
91290,0.563
7967,0.0775
61699,0.1717142857142857
11430,0.9992857142857143
99907,0.23814285714285716
15587,0.7519285714285714
17770,0.6742142857142858
51183,0.931
10924,0.9355
5241,0.1707857142857143
79879,0.7645
57849,0.064
10135,0.8233571428571429
28930,0.8822857142857143
84980,0.9926428571428572
35035,0.5300714285714285
1544,0.19842857142857143
57299,0.09607142857142857
53790,0.8225
27413,0.015928571428571427
38165,0.03528571428571429
48208,0.8720714285714286
56627,0.45307142857142857
65033,0.309
62849,0.06857142857142857
53653,0.461
49325,0.16335714285714287
72723,0.6222857142857143
90690,0.9572142857142857
106400,0.8734285714285714
33103,0.08464285714285714
25088,0.9425714285714286
101515,0.47735714285714287
97145,0.6365
55520,0.5177142857142857
77374,0.11435714285714285
30393,0.0045
51247,0.6957857142857143
102444,0.37614285714285717
73823,0.7220714285714286
77961,0.9089285714285714
92334,0.3419285714285714
20875,0.15778571428571428
8968,0.6932857142857143
46253,0.12628571428571428
65138,0.9661428571428572
103803,0.7740714285714285
48240,0.26142857142857145
37216,0.49614285714285716
37070,0.9567142857142857
100791,0.928
65296,0.9375
55217,0.28714285714285714
61439,0.3459285714285714
28910,0.2387142857142857
68977,0.5130714285714286
73799,0.6937142857142857
87205,0.11721428571428572
24133,0.35385714285714287
5545,0.7508571428571429
54239,0.8766428571428572
58376,0.28885714285714287
102502,0.6154285714285714
4217,0.8302857142857143
24943,0.9937857142857143
76677,0.09778571428571428
30672,0.8678571428571429
103813,0.7409285714285714
19301,0.6373571428571428
66545,0.7002142857142857
6418,0.30935714285714283
105393,0.5803571428571429
26256,0.5775
73036,0.27635714285714286
90905,0.9685714285714285
53703,0.00035714285714285714
19896,0.6519285714285714
38549,0.9445714285714286
50747,0.3167857142857143
7384,0.785
38634,0.5305
2243,0.5598571428571428
34358,0.2372142857142857
9905,0.036071428571428574
2600,0.42442857142857143
30934,0.6932857142857143
11956,0.9666428571428571
65971,0.21564285714285714
41054,0.9714285714285714
86656,0.5405714285714286
96579,0.5640714285714286
468,0.9903571428571428
95086,0.02085714285714286
36410,0.6292142857142857
61026,0.4437857142857143
49759,0.8032142857142858
18786,0.617
81012,0.6407857142857143
19445,0.6900714285714286
50756,0.7137857142857142
85673,0.6132857142857143
66960,0.8211428571428572
31365,0.5718571428571428
37640,0.6162142857142857
101325,0.7223571428571428
104267,0.07935714285714286
64787,0.7647857142857143
54097,0.9122857142857143
90089,0.6910714285714286
79611,0.3482142857142857
3872,0.06857142857142857
90845,0.5856428571428571
75838,0.15892857142857142
16157,0.6162857142857143
21349,0.3632142857142857
34130,0.021214285714285713
83045,0.8082857142857143
83033,0.3296428571428571
18190,0.1942142857142857
98007,0.0295
95308,0.8865714285714286
7197,0.7795
79403,0.0565
7653,0.3132857142857143
59611,0.9782857142857143
93070,0.15464285714285714
33837,0.899
86990,0.9751428571428571
38486,0.21364285714285713
49647,0.716
49217,0.03435714285714286
89090,0.8264285714285714
6634,0.7567142857142857
106711,0.5498571428571428
98643,0.39685714285714285
64122,0.0045
95757,0.17242857142857143
52941,0.9625
73928,0.42457142857142854
96735,0.6834285714285714
76375,0.37242857142857144
26187,0.622
61250,0.7622857142857142
101730,0.5470714285714285
96681,0.5272142857142857
81672,0.032785714285714286
941,0.1715
73571,0.22392857142857142
102835,0.11321428571428571
84015,0.6162142857142857
15822,0.8242142857142857
26528,0.2661428571428571
34458,0.4585714285714286
22406,0.9642857142857143
77570,0.010928571428571428
60677,0.9775
16163,0.28
58610,0.4952142857142857
87762,0.052
48705,0.3489285714285714
78339,0.9551428571428572
27015,0.9702857142857143
63869,0.23157142857142857
32867,0.8185714285714286
18094,0.6937857142857143
31953,0.3525714285714286
3489,0.06721428571428571
8990,0.8705
89863,0.8538571428571429
18547,0.4203571428571429
75256,0.6047857142857143
93963,0.9534285714285714
71978,0.29035714285714287
30679,0.6888571428571428
102609,0.43885714285714283
83019,0.258
48135,0.218
61409,0.6597142857142857
58564,0.7840714285714285
3946,0.6765
106020,0.8676428571428572
3723,0.7592142857142857
22108,0.9339285714285714
4674,0.8252142857142857
4358,0.5313571428571429
31186,0.46064285714285713
136,0.9383571428571429
46915,0.9307142857142857
95526,0.204
12145,0.5022857142857143
18631,0.019928571428571427
95178,0.4585714285714286
6569,0.165
74472,0.4858571428571429
53618,0.06242857142857143
82117,0.328
33139,0.9685714285714285
101127,0.5667857142857143
78109,0.21878571428571428
71560,0.4137857142857143
4873,0.5162142857142857
38063,0.16464285714285715
1060,0.28785714285714287
45447,0.9870714285714286
14151,0.013785714285714287
79580,0.029642857142857144
37219,0.44485714285714284
84736,0.2551428571428571
15780,0.7519285714285714
82921,0.1757142857142857
40348,0.7797142857142857
74895,0.4115714285714286
93609,0.11585714285714285
60230,0.7110714285714286
65745,0.34835714285714287
16278,0.09978571428571428
66171,0.16635714285714287
76515,0.8595714285714285
87170,0.8314285714285714
104704,0.9127857142857143
95572,0.5007142857142857
41881,0.7887142857142857
30757,0.6259285714285714
83846,0.6206428571428572
72285,0.8981428571428571
29064,0.06571428571428571
5381,0.8165714285714286
83070,0.16028571428571428
7175,0.17864285714285713
49176,0.9669285714285715
51188,0.3712142857142857
60730,0.0024285714285714284
89396,0.8521428571428571
50581,0.07857142857142857
9406,0.6147857142857143
16599,0.012428571428571428
69783,0.9152857142857143
27796,0.40014285714285713
592,0.15371428571428572
18133,0.447
105112,0.6505
51799,0.6194285714285714
75583,0.39271428571428574
22160,0.5592857142857143
28229,0.4192142857142857
59965,0.86
25798,0.5636428571428571
1799,0.6867142857142857
37007,0.2397142857142857
99962,0.12807142857142856
106489,0.7531428571428571
39063,0.464
46435,0.34164285714285714
45589,0.7619285714285714
6956,0.6335714285714286
106021,0.6923571428571429
92285,0.4357857142857143
40437,0.6426428571428572
7039,0.734
94842,0.8697857142857143
105806,0.4962142857142857
19957,0.465
91743,0.9775714285714285
71819,0.7209285714285715
71859,0.7891428571428571
77846,0.34714285714285714
75254,0.6764285714285714
86699,0.8136428571428571
41680,0.1632142857142857
40684,0.45185714285714285
102752,0.7428571428571429
59996,0.5005714285714286
75002,0.4267142857142857
83944,0.5620714285714286
71542,0.054357142857142854
102795,0.5232142857142857
13533,0.8638571428571429
86443,0.5207857142857143
72601,0.08321428571428571
48252,0.6955
59918,0.8302857142857143
70105,0.8267142857142857
36420,0.3182142857142857
72545,0.5781428571428572
66628,0.10371428571428572
87076,0.1545
56017,0.07992857142857143
36830,0.6633571428571429
61259,0.3782142857142857
106785,0.8917142857142857
102001,0.04971428571428571
41694,0.04278571428571429
59274,0.9566428571428571
69342,0.5964285714285714
52666,0.30464285714285716
78739,0.16
103615,0.121
96522,0.23935714285714285
33713,0.9957142857142857
94194,0.6412857142857142
56624,0.8918571428571429
14026,0.10878571428571429
37800,0.29214285714285715
101163,0.634
50282,0.7776428571428572
24359,0.9978571428571429
37213,0.5884285714285714
27574,0.19192857142857142
18777,0.15285714285714286
32485,0.7229285714285715
95455,0.16
56526,0.7992857142857143
9732,0.14914285714285713
63133,0.6689285714285714
6017,0.3544285714285714
56227,0.21328571428571427
81330,0.0805
14674,0.9460714285714286
83842,0.49735714285714283
59121,0.362
4795,0.17314285714285715
8699,0.9905714285714285
62846,0.5469285714285714
3664,0.9067857142857143
79101,0.5942857142857143
97114,0.683
61736,0.7592142857142857
71338,0.10442857142857143
75649,0.5785714285714286
47207,0.7484285714285714
69617,0.7312142857142857
92019,0.19364285714285714
33803,0.10492857142857143
102709,0.49685714285714283
60644,0.10135714285714285
35921,0.6448571428571429
53503,0.5575
39017,0.49357142857142855
21033,0.6230714285714286
7356,0.512
63010,0.14971428571428572
105483,0.6532857142857142
48414,0.3605714285714286
34491,0.10878571428571429
98515,0.15692857142857142
44473,0.8449285714285715
16918,0.2535
5705,0.40264285714285714
50265,0.4780714285714286
69220,0.08871428571428572
54833,0.9503571428571429
28549,0.11471428571428571
106607,0.4600714285714286
82444,0.11378571428571428
61201,0.9671428571428572
33681,0.9399285714285714
10979,0.2705
17203,0.26671428571428574
75276,0.03942857142857143
46716,0.2572857142857143
27002,0.9184285714285715
875,0.5382857142857143
73244,0.8377857142857142
42973,0.8794285714285714
87462,0.36892857142857144
79246,0.7273571428571428
80060,0.7791428571428571
83791,0.509
95066,0.10107142857142858
65369,0.6259285714285714
17234,0.9715
33597,0.41264285714285714
57641,0.7711428571428571
79712,0.09864285714285714
90671,0.8358571428571429
68092,0.5300714285714285
87841,0.977
26092,0.32185714285714284
19324,0.7757857142857143
64133,0.18492857142857144
64722,0.056857142857142856
67293,0.4702857142857143
13110,0.31785714285714284
15704,0.9923571428571428
90272,0.9902142857142857
16320,0.34164285714285714
51605,0.2852857142857143
57816,0.5105
10303,0.26257142857142857
81915,0.2611428571428571
22954,0.4615714285714286
20905,0.2412857142857143
94219,0.9337857142857143
59383,0.09321428571428571
55882,0.2245
105848,0.7932857142857143
76012,0.3102142857142857
28343,0.053
12621,0.2759285714285714
20544,0.9035
68058,0.7234285714285714
45481,0.35728571428571426
43866,0.9008571428571429
43638,0.8299285714285715
78798,0.7791428571428571
51931,0.2455
81788,0.3707142857142857
39806,0.7886428571428571
104308,0.6526428571428572
23191,0.7223571428571428
58799,0.8178571428571428
74274,0.195
97712,0.04064285714285714
62011,0.12035714285714286
97060,0.6494285714285715
6430,0.43614285714285717
42197,0.5766428571428571
33642,0.8344285714285714
34385,0.25492857142857145
56499,0.17057142857142857
103727,0.21564285714285714
22082,0.35864285714285715
5577,0.148
18877,0.23864285714285716
72302,0.7227857142857143
48798,0.5447142857142857
95670,0.6453571428571429
12360,0.6919285714285714
99919,0.6544285714285715
57548,0.8595714285714285
8498,0.8696428571428572
55369,0.8533571428571428
64135,0.002785714285714286
96186,0.011214285714285715
88968,0.9657857142857142
16581,0.44585714285714284
69477,0.5984285714285714
60073,0.6181428571428571
78470,0.6829285714285714
73934,0.6587142857142857
48728,0.5526428571428571
12948,0.604
35801,0.31092857142857144
11714,0.44692857142857145
79286,0.8520714285714286
61682,0.14085714285714285
67216,0.5902857142857143
28124,0.9775
47487,0.10085714285714285
89951,0.5878571428571429
39746,0.6905714285714286
51772,0.05657142857142857
74373,0.09785714285714285
91542,0.022785714285714284
11693,0.32507142857142857
58395,0.9800714285714286
10213,0.4322857142857143
87308,0.5399285714285714
52212,0.7714285714285715
21565,0.7597142857142857
38272,0.8997857142857143
45624,0.07935714285714286
63049,0.4258571428571429
86283,0.9304285714285714
61244,0.6972142857142857
84701,0.46314285714285713
94243,0.9723571428571428
79039,0.08757142857142858
54726,0.2002142857142857
52867,0.016928571428571428
7832,0.6526428571428572
48004,0.5145
52691,0.6495
94319,0.8920714285714286
14013,0.3685
66372,0.502
22294,0.9855
14732,0.6433571428571428
105955,0.45457142857142857
57702,0.9869285714285714
89178,0.4810714285714286
31050,0.21257142857142858
40074,0.42707142857142855
23085,0.4407142857142857
8847,0.4426428571428571
43142,0.6802857142857143
24141,0.30842857142857144
75344,0.4785714285714286
44956,0.8505
100259,0.036642857142857144
15289,0.1845
40766,0.7554285714285714
75727,0.37057142857142855
16710,0.44871428571428573
3858,0.7696428571428572
51761,0.17257142857142857
57803,0.6397142857142857
18436,0.27785714285714286
21616,0.5405714285714286
40997,0.19735714285714287
72876,0.8261428571428572
98668,0.052071428571428574
17562,0.5534285714285714
53942,0.6311428571428571
7798,0.9666428571428571
6728,0.13414285714285715
68182,0.5385
32206,0.9812857142857143
2446,0.9326428571428571
30812,0.40635714285714286
29775,0.20935714285714285
4146,0.23142857142857143
10519,0.5818571428571429
66933,0.5421428571428571
94981,0.8503571428571428
95320,0.020285714285714285
47430,0.9355
35069,0.12128571428571429
76488,0.021714285714285714
33904,0.8964285714285715
86619,0.9486428571428571
91955,0.43292857142857144
6389,0.046785714285714285
12914,0.5914285714285714
78123,0.07121428571428572
59570,0.7302142857142857
10892,0.7978571428571428
31139,0.5684285714285714
47002,0.6617142857142857
15376,0.3816428571428571
84669,0.002214285714285714
28204,0.3926428571428571
49096,0.2709285714285714
95324,0.31107142857142855
46589,0.563
16484,0.13178571428571428
92516,0.31835714285714284
88724,0.7282142857142857
65849,0.1482857142857143
51527,0.8117857142857143
60854,0.9692142857142857
11279,0.021142857142857144
67908,0.9255
82313,0.5067142857142857
79035,0.6082857142857143
91010,0.5933571428571428
27611,0.087
7952,0.8350714285714286
19379,0.8140714285714286
66702,0.040357142857142855
2296,0.5875
28138,0.44942857142857146
551,0.2656428571428571
67795,0.37635714285714283
39137,0.45521428571428574
25040,0.6115714285714285
47656,0.4243571428571429
53154,0.6193571428571428
73026,0.06292857142857143
50163,0.4967142857142857
17664,0.646
81237,0.10335714285714286
43288,0.13707142857142857
101830,0.13242857142857142
68661,0.1777857142857143
100832,0.7674285714285715
4191,0.42707142857142855
62424,0.8322142857142857
40305,0.010928571428571428
54860,0.15214285714285714
92588,0.6823571428571429
76669,0.9917857142857143
46395,0.1762857142857143
44253,0.29564285714285715
22443,0.4352857142857143
84100,0.9223571428571429
42951,0.5260714285714285
51210,0.44685714285714284
18367,0.5658571428571428
12437,0.4342857142857143
57121,0.6115
5477,0.27514285714285713
81334,0.3802857142857143
102259,0.04414285714285714
56973,0.23457142857142857
55634,0.1165
50796,0.1377142857142857
64854,0.8637857142857143
17212,0.06157142857142857
95586,0.7148571428571429
96608,0.18957142857142859
8178,0.7804285714285715
69463,0.7200714285714286
25843,0.9552857142857143
89879,0.4328571428571429
64458,0.45785714285714285
1825,0.021357142857142856
104937,0.39621428571428574
76514,0.41614285714285715
67638,0.18964285714285714
32550,0.07007142857142858
2594,0.205
104050,0.6357142857142857
15063,0.5760714285714286
7750,0.31014285714285716
78835,0.834
62313,0.04971428571428571
79534,0.27514285714285713
10735,0.35435714285714287
66647,0.7032142857142857
80698,0.9801428571428571
106237,0.7079285714285715
14230,0.48978571428571427
24699,0.6005
20670,0.6462142857142857
24398,0.9355
28813,0.5175
90926,0.48428571428571426
21442,0.12907142857142856
15503,0.9528571428571428
104158,0.9495
11944,0.45435714285714285
54953,0.0265
100285,0.8107142857142857
92129,0.9521428571428572
86569,0.7172142857142857
51849,0.2934285714285714
59984,0.9865714285714285
84169,0.3876428571428571
85915,0.24778571428571428
26350,0.9022142857142857
81869,0.3097857142857143
101771,0.5717142857142857
71107,0.8052142857142857
8127,0.42942857142857144
67433,0.4585714285714286
103885,0.8137142857142857
14634,0.618
35211,0.26385714285714285
78895,0.9474285714285714
78807,0.9887142857142858
14540,0.39985714285714286
34698,0.5036428571428572
103779,0.36507142857142855
9813,0.18585714285714286
7716,0.9287142857142857
70272,0.3509285714285714
98794,0.9849285714285714
5378,0.42942857142857144
75584,0.10521428571428572
65199,0.44821428571428573
69468,0.4303571428571429
53908,0.2305
97132,0.7160714285714286
84136,0.6753571428571429
65196,0.49257142857142855
101330,0.0525
45065,0.2422857142857143
101372,0.07057142857142858
40945,0.5173571428571428
36818,0.43864285714285717
16262,0.9511428571428572
71302,0.8503571428571428
56867,0.9597857142857142
31727,0.7422142857142857
22376,0.04957142857142857
93929,0.7597142857142857
18448,0.9844285714285714
29101,0.8675714285714285
76956,0.24492857142857144
52458,0.09892857142857144
42922,0.8697142857142857
16743,0.28885714285714287
29879,0.8157857142857143
54016,0.6031428571428571
44531,0.3735
3780,0.4795714285714286
18492,0.11264285714285714
43326,0.5896428571428571
97048,0.4617142857142857
102784,0.5644285714285714
78950,0.5955
69256,0.8832142857142857
71845,0.7496428571428572
23511,0.8345
41984,0.25285714285714284
73207,0.26407142857142857
100220,0.4620714285714286
55424,0.7803571428571429
61058,0.3122142857142857
61570,0.3520714285714286
85636,0.898
91625,0.48857142857142855
37965,0.7433571428571428
71595,0.8047857142857143
40247,0.5941428571428572
84223,0.40014285714285713
104638,0.6120714285714286
70859,0.8477857142857143
12624,0.45871428571428574
100127,0.04971428571428571
54697,0.1455
36640,0.25307142857142856
63935,0.9707142857142858
62422,0.08278571428571428
19138,0.6098571428571429
98037,0.7190714285714286
80946,0.41978571428571426
60171,0.21371428571428572
106524,0.9579285714285715
53120,0.49464285714285716
17020,0.4511428571428571
96643,0.0565
20516,0.6740714285714285
53943,0.5480714285714285
12422,0.7822857142857143
99924,0.7914285714285715
84727,0.4570714285714286
105231,0.7065
57263,0.7637142857142857
70353,0.4155714285714286
33980,0.7741428571428571
85067,0.38185714285714284
101473,0.11892857142857143
32806,0.32057142857142856
22737,0.7070714285714286
33701,0.222
26272,0.6510714285714285
20245,0.09807142857142857
57009,0.22357142857142856
70177,0.4985
80949,0.9126428571428571
68868,0.338
3463,0.3495
22480,0.5357142857142857
51061,0.25157142857142856
42467,0.7020714285714286
22644,0.023571428571428573
77987,0.1175
38066,0.024214285714285716
74817,0.18064285714285713
33548,0.09178571428571429
55282,0.934
68474,0.423
28750,0.07242857142857143
100953,0.6233571428571428
9783,0.011142857142857144
88666,0.4982142857142857
95892,0.8907857142857143
45165,0.03614285714285714
88759,0.5490714285714285
42942,0.5424285714285715
45155,0.634
93405,0.47928571428571426
40672,0.18914285714285714
59171,0.9700714285714286
65048,0.03842857142857143
96568,0.11292857142857143
55750,0.05
94417,0.27585714285714286
98907,0.1357142857142857
26355,0.19842857142857143
75221,0.6115714285714285
81834,0.9852857142857143
70358,0.6569285714285714
60686,0.5387857142857143
16970,0.9340714285714286
105727,0.9397857142857143
27635,0.4790714285714286
22266,0.23614285714285715
72325,0.23442857142857143
73454,0.4818571428571429
61216,0.8652142857142857
15107,0.6822142857142857
20351,0.898
7447,0.7362142857142857
27058,0.04121428571428572
52745,0.10928571428571429
97367,0.8346428571428571
80966,0.3265
76862,0.39421428571428574
101425,0.47135714285714286
41987,0.45007142857142857
41607,0.45071428571428573
24817,0.0085
18230,0.2810714285714286
24592,0.2945
26735,0.3767857142857143
335,0.8959285714285714
23192,0.30557142857142855
70543,0.9331428571428572
52914,0.8295
93275,0.43764285714285717
53299,0.7623571428571428
73633,0.35278571428571426
6516,0.6638571428571428
62779,0.8077857142857143
37748,0.5518571428571428
32439,0.806
26327,0.9681428571428572
72512,0.4762142857142857
34319,0.37685714285714284
71151,0.424
75755,0.7076428571428571
95040,0.6735
14016,0.30028571428571427
64918,0.7157142857142857
54132,0.8496428571428571
15137,0.6811428571428572
16885,0.4303571428571429
73850,0.7809285714285714
27701,0.6634285714285715
45458,0.3945714285714286
35206,0.5421428571428571
4690,0.14407142857142857
48327,0.2970714285714286
13359,0.6102857142857143
74847,0.21421428571428572
58263,0.5362857142857143
83921,0.46785714285714286
78541,0.29464285714285715
89353,0.040214285714285716
46859,0.8285714285714286
43017,0.9085714285714286
33143,0.45357142857142857
44724,0.4537857142857143
98313,0.9289285714285714
18397,0.8795714285714286
33628,0.6907142857142857
83851,0.9848571428571429
59975,0.7375714285714285
90976,0.1662142857142857
17729,0.8185714285714286
103091,0.5794285714285714
48359,0.15714285714285714
52136,0.37892857142857145
92597,0.47735714285714287
102907,0.9537857142857142
31101,0.4134285714285714
72001,0.43164285714285716
26604,0.9752857142857143
32653,0.13364285714285715
92403,0.9612857142857143
19371,0.30014285714285716
33679,0.08678571428571429
100430,0.7667857142857143
46581,0.30014285714285716
46918,0.07092857142857142
1939,0.6372857142857142
65741,0.2561428571428571
64268,0.9417857142857143
5722,0.16171428571428573
52128,0.6722857142857143
32782,0.9545714285714286
55399,0.6545
67305,0.4025714285714286
27575,0.9237142857142857
10174,0.7252142857142857
20288,0.5878571428571429
100583,0.7452142857142857
94644,0.5667857142857143
69259,0.7274285714285714
66508,0.6910714285714286
75933,0.2285
73087,0.39614285714285713
62772,0.22835714285714287
7082,0.5002142857142857
14313,0.36214285714285716
34351,0.9705714285714285
13661,0.2362142857142857
84983,0.504
71650,0.11642857142857142
25289,0.1447142857142857
53203,0.6874285714285714
104021,0.9358571428571428
45430,0.16764285714285715
13936,0.2485
36331,0.8042142857142857
69153,0.49157142857142855
28211,0.03528571428571429
14716,0.4702142857142857
102105,0.18964285714285714
14825,0.6941428571428572
73448,0.8322142857142857
25227,0.10785714285714286
70935,0.4622142857142857
24046,0.10435714285714286
16283,0.922
31587,0.7614285714285715
21546,0.861
79216,0.10435714285714286
59515,0.12621428571428572
21638,0.36892857142857144
106058,0.17692857142857144
83605,0.18821428571428572
36027,0.2402142857142857
97547,0.6822142857142857
35922,0.8481428571428572
730,0.27614285714285713
91023,0.3452857142857143
41874,0.8227142857142857
63479,0.6614285714285715
53948,0.9702142857142857
612,0.39007142857142857
44842,0.9218571428571428
88286,0.5541428571428572
19006,0.7712142857142857
15792,0.25992857142857145
31289,0.3527142857142857
5520,0.6689285714285714
102071,0.9173571428571429
51757,0.9345
101502,0.6317142857142857
86153,0.014785714285714286
53017,0.6947142857142857
35422,0.47814285714285715
47390,0.16692857142857143
6754,0.5371428571428571
15689,0.679
60671,0.5300714285714285
91200,0.7473571428571428
52291,0.8844285714285715
64996,0.7180714285714286
105948,0.21721428571428572
9304,0.6918571428571428
80363,0.5669285714285714
34303,0.8871428571428571
90897,0.7953571428571429
6223,0.4094285714285714
30391,0.5838571428571429
32600,0.27785714285714286
22314,0.9045714285714286
46471,0.9537142857142857
62205,0.07928571428571428
9315,0.34185714285714286
88242,0.9167857142857143
16829,0.026857142857142857
10937,0.9079285714285714
75185,0.9170714285714285
2126,0.337
66867,0.3482142857142857
27698,0.9553571428571429
69135,0.0615
28872,0.8645714285714285
73182,0.5071428571428571
99186,0.12421428571428571
53803,0.8368571428571429
15957,0.0032142857142857142
13066,0.32157142857142856
59759,0.07042857142857142
78727,0.9976428571428572
87613,0.5619285714285714
97014,0.8564285714285714
15607,0.17314285714285715
95372,0.3727857142857143
13583,0.18457142857142858
21859,0.06207142857142857
37066,0.15478571428571428
20559,0.059571428571428574
28407,0.6948571428571428
22575,0.18242857142857144
587,0.049928571428571426
34019,0.6841428571428572
44046,0.08957142857142857
88009,0.9620714285714286
28935,0.8018571428571428
8002,0.4275
89504,0.9285714285714286
41174,0.6114285714285714
61524,0.27814285714285714
47615,0.7132142857142857
105017,0.08021428571428571
102282,0.5312857142857143
38116,0.11571428571428571
77889,0.5217142857142857
39771,0.17085714285714285
49032,0.34714285714285714
88482,0.9442142857142857
14111,0.8485714285714285
86854,0.2485
60957,0.6131428571428571
39641,0.5647142857142857
42799,0.8213571428571429
12118,0.2686428571428571
51727,0.5041428571428571
15511,0.5842142857142857
98396,0.8049285714285714
82341,0.3841428571428571
59102,0.9917142857142857
9319,0.7953571428571429
76311,0.13121428571428573
88119,0.06207142857142857
88687,0.461
2030,0.6603571428571429
93612,0.09092857142857143
11548,0.8670714285714286
12642,0.4843571428571429
99898,0.09792857142857143
105337,0.37892857142857145
71373,0.7025714285714286
79240,0.5112142857142857
2341,0.078
70902,0.5865714285714285
96103,0.6312142857142857
41700,0.4757857142857143
7147,0.7981428571428572
7007,0.6828571428571428
28257,0.5007142857142857
34787,0.1757142857142857
85535,0.8320714285714286
56441,0.2392857142857143
2699,0.1477857142857143
8631,0.9875714285714285
84841,0.16842857142857143
39509,0.9072142857142858
43930,0.6603571428571429
47111,0.07321428571428572
49131,0.816
90388,0.5238571428571429
94044,0.2882857142857143
9162,0.36092857142857143
82380,0.3872857142857143
9411,0.6513571428571429
98182,0.6967857142857142
90514,0.6037142857142858
31378,0.9132142857142858
45250,0.4888571428571429
9598,0.3939285714285714
97221,0.6528571428571428
81497,0.9829285714285714
98919,0.031357142857142854
27463,0.3999285714285714
5343,0.7282142857142857
17970,0.13885714285714285
67267,0.6515
2920,0.5043571428571428
69177,0.25157142857142856
78678,0.1765
624,0.6035
93344,0.6475
46833,0.9500714285714286
6484,0.2725
34094,0.24728571428571428
68673,0.11907142857142858
102049,0.5801428571428572
78665,0.5005
30774,0.4267142857142857
71388,0.4595
18098,0.15907142857142856
61249,0.20242857142857143
37708,0.2037142857142857
64796,0.4441428571428571
31522,0.25385714285714284
15285,0.2985714285714286
94412,0.169
59543,0.8113571428571429
3384,0.8907857142857143
37901,0.6729285714285714
4160,0.9600714285714286
92593,0.11064285714285714
36246,0.8197142857142857
95420,0.6273571428571428
100479,0.31792857142857145
79834,0.5896428571428571
50875,0.0015
87895,0.15214285714285714
30615,0.174
59995,0.3965714285714286
96199,0.118
13289,0.22478571428571428
29169,0.134
36913,0.2973571428571429
25147,0.42328571428571427
61781,0.37257142857142855
22565,0.4645
7300,0.069
24634,0.6502142857142857
79365,0.14978571428571427
16978,0.306
29800,0.6594285714285715
41469,0.19221428571428573
77934,0.9355
69715,0.7246428571428571
2744,0.25307142857142856
18563,0.25492857142857145
96077,0.6182857142857143
23587,0.2787142857142857
10769,0.06
75143,0.8051428571428572
38952,0.7205
92487,0.0975
92852,0.874
33741,0.162
33902,0.9803571428571428
8387,0.5512857142857143
47210,0.4132857142857143
46410,0.37692857142857145
100548,0.3063571428571429
840,0.08985714285714286
16871,0.7583571428571428
69437,0.9047142857142857
80467,0.0025
39798,0.7081428571428572
1323,0.2795714285714286
106370,0.7511428571428571
41262,0.8485714285714285
12529,0.11828571428571429
44727,0.753
52761,0.7430714285714286
25451,0.5994285714285714
73342,0.12207142857142857
51204,0.221
50219,0.9311428571428572
19132,0.06907142857142858
49538,0.2825714285714286
53730,0.5071428571428571
83910,0.6456428571428572
29115,0.979
41208,0.12864285714285714
45546,0.6777857142857143
24811,0.41264285714285714
45037,0.17942857142857144
75843,0.5034285714285714
25941,0.21214285714285713
94261,0.8863571428571428
19173,0.5164285714285715
48509,0.7677857142857143
93072,0.13235714285714287
58237,0.28835714285714287
74013,0.7115
75227,0.338
74340,0.17757142857142857
52427,0.7044285714285714
76151,0.31564285714285717
47316,0.18657142857142858
55460,0.45007142857142857
97175,0.6445714285714286
38989,0.9747857142857143
10205,0.20957142857142858
82051,0.229
35157,0.030642857142857142
3684,0.21228571428571427
62742,0.055142857142857146
74496,0.05121428571428571
75673,0.9142142857142858
15522,0.9514285714285714
13945,0.3497142857142857
1132,0.17714285714285713
35054,0.8064285714285714
21891,0.27021428571428574
28508,0.8139285714285714
99815,0.6668571428571428
22532,0.12828571428571428
58976,0.24707142857142858
16774,0.4436428571428571
98786,0.7036428571428571
46517,0.1752857142857143
17633,0.23857142857142857
11745,0.03142857142857143
84784,0.7073571428571429
71139,0.07657142857142857
104770,0.9746428571428571
89719,0.6522142857142857
5742,0.5182142857142857
37390,0.6987142857142857
45416,0.1942142857142857
30994,0.7025
104066,0.458
13560,0.9495
94239,0.7922142857142858
39032,0.5435714285714286
95684,0.5676428571428571
64663,0.31035714285714283
42612,0.4860714285714286
69293,0.048214285714285716
100463,0.9163571428571429
104864,0.6611428571428571
79177,0.9672142857142857
69146,0.40235714285714286
51569,0.4772142857142857
35303,0.9772857142857143
38169,0.4059285714285714
26110,0.3281428571428571
66133,0.3452857142857143
3140,0.061214285714285714
29193,0.4957142857142857
66040,0.8483571428571428
67577,0.18614285714285714
75311,0.10107142857142858
8345,0.8373571428571429
90116,0.6862142857142857
46161,0.833
84368,0.5422142857142858
78423,0.38571428571428573
56887,0.9619285714285715
10505,0.18064285714285713
83449,0.1435
75064,0.08078571428571428
45316,0.8404285714285714
81514,0.6757857142857143
17823,0.1705
45536,0.13307142857142856
81655,0.6872142857142857
6158,0.9060714285714285
3300,0.18692857142857142
81142,0.1662857142857143
18928,0.06628571428571428
61741,0.927
81049,0.1672142857142857
45626,0.5497857142857143
64241,0.29964285714285716
25516,0.6581428571428571
72170,0.18642857142857142
100821,0.7213571428571428
100960,0.8905
104637,0.8281428571428572
80263,0.8105
40346,0.1987142857142857
51405,0.3274285714285714
96165,0.2215
62043,0.19228571428571428
104120,0.4457857142857143
25968,0.8167857142857143
91802,0.797
7133,0.3605
18262,0.41135714285714287
36397,0.11207142857142857
64608,0.13071428571428573
45205,0.30514285714285716
25746,0.9166428571428571
2804,0.8272142857142857
10138,0.24378571428571427
30962,0.4100714285714286
71016,0.5875714285714285
8465,0.3512142857142857
59750,0.4818571428571429
94078,0.6822142857142857
30547,0.2725
69169,0.6453571428571429
48894,0.22285714285714286
64141,0.3132142857142857
33295,0.8027142857142857
55670,0.3068571428571429
13345,0.7811428571428571
99022,0.7327857142857143
55163,0.19285714285714287
71695,0.9697857142857143
37627,0.6602857142857143
36532,0.7200714285714286
38401,0.04314285714285714
65083,0.764
98493,0.7982142857142858
23491,0.5079285714285714
47409,0.3977857142857143
73059,0.6895
38282,0.3517142857142857
78331,0.6777142857142857
41343,0.28135714285714286
19089,0.16185714285714287
50730,0.076
29709,0.010214285714285714
17481,0.38835714285714285
80830,0.28864285714285715
5293,0.52
22072,0.4465
70083,0.3474285714285714
82737,0.5129285714285714
84345,0.9760714285714286
58697,0.8738571428571429
39276,0.12714285714285714
39945,0.9412857142857143
33739,0.31992857142857145
3954,0.2275
16658,0.17885714285714285
57750,0.5452142857142858
20077,0.42978571428571427
86803,0.7779285714285714
2956,0.08178571428571428
72623,0.4387142857142857
16102,0.8616428571428572
21732,0.6159285714285714
67154,0.054357142857142854
54507,0.7449285714285714
86594,0.4215714285714286
35692,0.18685714285714286
65734,0.7922142857142858
18208,0.46035714285714285
104960,0.49042857142857144
98614,0.6139285714285714
12300,0.03157142857142857
77125,0.003642857142857143
104456,0.5677857142857143
19143,0.26935714285714285
42960,0.7884285714285715
29258,0.34685714285714286
44894,0.0345
4672,0.9879285714285714
69189,0.5929285714285715
59597,0.06621428571428571
4210,0.6742142857142858
62642,0.33735714285714286
55902,0.9645
33596,0.0195
88952,0.733
25537,0.3767142857142857
93630,0.9864285714285714
56945,0.13121428571428573
89831,0.44885714285714284
28455,0.5875714285714285
101881,0.3747142857142857
99064,0.7163571428571428
2793,0.9509285714285715
59290,0.8624285714285714
6529,0.3357142857142857
102926,0.6255714285714286
91793,0.4252142857142857
33522,0.8202857142857143
20955,0.5905
92720,0.6565
57316,0.24107142857142858
53863,0.9579285714285715
4669,0.9809285714285715
28736,0.6234285714285714
49200,0.2305
66982,0.005571428571428572
96637,0.4117857142857143
41900,0.6195714285714286
81511,0.5462142857142858
88616,0.7437857142857143
9190,0.7530714285714286
34235,0.5472857142857143
27646,0.6922142857142857
39697,0.7190714285714286
58532,0.8281428571428572
28966,0.983
35518,0.2787857142857143
103877,0.2632857142857143
30623,0.7965714285714286
86938,0.2837142857142857
65653,0.072
88180,0.8858571428571429
62795,0.7097857142857142
4105,0.061714285714285715
78024,0.9657857142857142
32038,0.2445
53792,0.2392142857142857
55852,0.4115714285714286
57315,0.133
9790,0.9264285714285714
17167,0.8285
3719,0.5353571428571429
75499,0.17442857142857143
47165,0.6398571428571429
73307,0.03621428571428571
41648,0.8831428571428571
69039,0.16842857142857143
105121,0.6638571428571428
43914,0.10942857142857143
71009,0.2357142857142857
95183,0.8374285714285714
30480,0.18514285714285714
53988,0.5077857142857143
79258,0.3628571428571429
90968,0.40014285714285713
42384,0.8177857142857143
83707,0.6783571428571429
4101,0.26085714285714284
56912,0.9923571428571428
60741,0.1485
25120,0.36578571428571427
10721,0.9955
56580,0.7490714285714286
101869,0.6578571428571428
445,0.7475714285714286
20685,0.6299285714285714
23309,0.8559285714285715
77783,0.5852857142857143
63074,0.26935714285714285
107081,0.36742857142857144
70761,0.010571428571428572
73498,0.9090714285714285
31250,0.5644285714285714
72200,0.933
51071,0.31985714285714284
40842,0.7679285714285714
54965,0.3440714285714286
42180,0.768
57221,0.17057142857142857
45115,0.8738571428571429
87784,0.3205
83808,0.052142857142857144
21793,0.4712857142857143
99415,0.09214285714285714
81686,0.3042142857142857
98808,0.8975
48005,0.1657142857142857
59693,0.09585714285714286
22613,0.27614285714285713
10661,0.7205
93545,0.7821428571428571
36781,0.0155
49972,0.5055
100683,0.09564285714285714
79955,0.047
83111,0.9702142857142857
14099,0.5630714285714286
85792,0.22985714285714287
27385,0.3505
33173,0.9703571428571428
75895,0.6752142857142858
84183,0.9657857142857142
37174,0.2562142857142857
89403,0.5443571428571429
57812,0.33414285714285713
3185,0.28214285714285714
39174,0.4552857142857143
69360,0.8309285714285715
22507,0.7708571428571429
81591,0.4962142857142857
102166,0.7392142857142857
34669,0.9589285714285715
82246,0.8180714285714286
5417,0.009785714285714286
45202,0.7545714285714286
42806,0.9177142857142857
8407,0.571
78372,0.06328571428571429
96394,0.3407857142857143
5368,0.6440714285714285
34576,0.9717857142857143
4612,0.7886428571428571
89532,0.3865
86314,0.6572142857142858
95227,0.48078571428571426
77002,0.07921428571428571
86850,0.5145
83431,0.8317142857142857
8573,0.04814285714285714
83053,0.7638571428571429
92077,0.43557142857142855
66619,0.7470714285714286
2864,0.8707857142857143
93017,0.43164285714285716
83756,0.12635714285714286
6958,0.6966428571428571
106099,0.4942857142857143
92752,0.026214285714285714
26016,0.7408571428571429
9794,0.7
55053,0.47935714285714287
32697,0.9334285714285714
23931,0.5334285714285715
40261,0.7932857142857143
87744,0.1345
34747,0.8825714285714286
91828,0.25585714285714284
60789,0.3067142857142857
38808,0.003
18662,0.9901428571428571
6236,0.2787142857142857
19728,0.901
91822,0.2572857142857143
81110,0.9815714285714285
47527,0.29678571428571426
90318,0.09478571428571429
44876,0.09664285714285714
71809,0.4552857142857143
13625,0.008214285714285714
43644,0.34514285714285714
83971,0.8281428571428572
82581,0.7374285714285714
42259,0.16385714285714287
85536,0.5372142857142858
8810,0.9333571428571429
78459,0.8112142857142857
33500,0.6063571428571428
4257,0.6472142857142857
93240,0.22678571428571428
18763,0.5328571428571428
11424,0.1915
12884,0.6317142857142857
59731,0.805
22634,0.18121428571428572
62732,0.45571428571428574
82430,0.33735714285714286
97227,0.4227142857142857
5764,0.31142857142857144
50370,0.5226428571428572
89427,0.04971428571428571
8497,0.2835714285714286
26922,0.7891428571428571
40011,0.15664285714285714
22981,0.005928571428571429
10271,0.35664285714285715
37880,0.9365
83457,0.643
29979,0.4019285714285714
22629,0.8367857142857142
90503,0.18107142857142858
15109,0.7402142857142857
86748,0.12085714285714286
17755,0.7327857142857143
93089,0.08578571428571428
4336,0.4885
54923,0.5056428571428572
20668,0.027785714285714285
102335,0.9154285714285715
79895,0.07328571428571429
88203,0.08335714285714285
57553,0.35328571428571426
61759,0.019857142857142858
40449,0.52
37942,0.7642142857142857
52407,0.4779285714285714
97596,0.2395
15372,0.09092857142857143
71980,0.6736428571428571
8007,0.8580714285714286
5142,0.831
76923,0.5142142857142857
32475,0.05664285714285714
29178,0.8908571428571429
43300,0.9039285714285714
105217,0.9366428571428571
90316,0.23985714285714285
48026,0.9449285714285715
27332,0.5562857142857143
105230,0.7389285714285714
97829,0.19314285714285714
99198,0.032
53937,0.3990714285714286
44244,0.9987857142857143
95415,0.784
83331,0.0295
83346,0.7014285714285714
82768,0.1545
34756,0.7606428571428572
26171,0.3147142857142857
50245,0.7369285714285714
42457,0.4282142857142857
50373,0.10657142857142857
28575,0.5507142857142857
91319,0.8667857142857143
68711,0.7886428571428571
25464,0.7350714285714286
101221,0.8260714285714286
12830,0.8870714285714286
88138,0.07878571428571429
72978,0.9307142857142857
103836,0.04764285714285714
66988,0.5067142857142857
85081,0.1412142857142857
73508,0.06307142857142857
91178,0.73
9724,0.30378571428571427
38974,0.4705714285714286
3592,0.4775714285714286
61440,0.2267142857142857
86583,0.4179285714285714
106458,0.41614285714285715
13015,0.3135
21510,0.07057142857142858
48484,0.8012857142857143
104183,0.26935714285714285
71906,0.7145
59569,0.08592857142857142
60361,0.6722857142857143
2057,0.09621428571428571
17177,0.986
62283,0.7258571428571429
52036,0.7275714285714285
7523,0.14235714285714285
33337,0.8865714285714286
107091,0.9713571428571428
63922,0.4652857142857143
54527,0.30564285714285716
52444,0.6630714285714285
20137,0.437
38681,0.7692142857142857
97847,0.5622857142857143
84840,0.3894285714285714
55970,0.3297857142857143
41342,0.7912857142857143
59140,0.9282857142857143
66421,0.3175
8148,0.4125714285714286
104694,0.3107857142857143
40263,0.05135714285714286
31403,0.831
58366,0.8525714285714285
13510,0.5312142857142857
10521,0.37585714285714283
62092,0.9126428571428571
4466,0.6050714285714286
55710,0.37664285714285717
62393,0.7436428571428572
29986,0.5463571428571429
41376,0.39421428571428574
49512,0.6638571428571428
74880,0.9965714285714286
100373,0.9571428571428572
88792,0.07607142857142857
102491,0.49614285714285716
42734,0.34364285714285714
51057,0.03735714285714286
83560,0.9934285714285714
48485,0.3257857142857143
52786,0.6604285714285715
20893,0.6815714285714286
30127,0.9803571428571428
107087,0.9670714285714286
76504,0.204
41143,0.05
6901,0.6201428571428571
22673,0.2651428571428571
60889,0.07107142857142858
105169,0.9602857142857143
95140,0.053714285714285714
63297,0.5592857142857143
106392,0.055
88395,0.6164285714285714
102557,0.006071428571428571
23934,0.7717142857142857
82077,0.7603571428571428
11249,0.9717142857142858
49965,0.7754285714285715
73811,0.14007142857142857
48603,0.784
45876,0.8449285714285715
48268,0.3405714285714286
79541,0.6697142857142857
58721,0.019214285714285715
16201,0.17214285714285715
97864,0.08942857142857143
89613,0.8609285714285714
42372,0.47185714285714286
38734,0.7327142857142858
37127,0.9306428571428571
54144,0.338
91637,0.8977857142857143
47504,0.7625714285714286
21559,0.31107142857142855
10931,0.49407142857142855
93217,0.8065
21914,0.4322857142857143
10161,0.7145714285714285
103111,0.05871428571428571
79662,0.9935
105156,0.37192857142857144
85806,0.378
44614,0.783
41219,0.3
71606,0.19414285714285714
95894,0.8
80629,0.4546428571428571
23741,0.06614285714285714
87653,0.8157857142857143
51403,0.5267142857142857
87417,0.8424285714285714
100308,0.8109285714285714
35312,0.8739285714285714
25292,0.5927142857142857
74924,0.6355714285714286
32872,0.7255
30911,0.5747857142857142
101341,0.0865
104179,0.3469285714285714
63203,0.07835714285714286
50326,0.6154285714285714
105499,0.9472857142857143
10766,0.63
1285,0.8531428571428571
51132,0.46285714285714286
6558,0.28985714285714287
37407,0.43028571428571427
37418,0.6121428571428571
27612,0.4057857142857143
54642,0.2512142857142857
66683,0.292
11716,0.031357142857142854
55668,0.05814285714285714
105308,0.8209285714285715
17721,0.9562857142857143
15348,0.3977142857142857
84198,0.42314285714285715
87057,0.733
43591,0.32257142857142856
82058,0.6184285714285714
103957,0.6097857142857143
71609,0.14642857142857144
71336,0.11707142857142858
3950,0.5067142857142857
95071,0.08528571428571428
7367,0.6501428571428571
67381,0.111
94939,0.4149285714285714
27144,0.10528571428571429
65879,0.3052142857142857
28707,0.9986428571428572
103783,0.16842857142857143
1633,0.3897857142857143
3921,0.9937857142857143
59606,0.1452142857142857
56268,0.9589285714285715
52884,0.7575714285714286
534,0.6625
32921,0.13792857142857143
75744,0.4552857142857143
53067,0.6047142857142858
61464,0.9986428571428572
34755,0.1667857142857143
9339,0.6792857142857143
78018,0.1385
46704,0.6202142857142857
47227,0.7330714285714286
49061,0.783
34870,0.43742857142857144
8242,0.8911428571428571
93720,0.5195714285714286
100551,0.19657142857142856
9180,0.5006428571428572
76741,0.04557142857142857
4263,0.6945714285714286
24905,0.116
5098,0.622
66297,0.221
40786,0.6542857142857142
84270,0.6092142857142857
47703,0.6206428571428572
98906,0.5794285714285714
51148,0.020285714285714285
81097,0.9935714285714285
7699,0.26407142857142857
25472,0.5881428571428572
25664,0.18257142857142858
64195,0.17464285714285716
78344,0.8096428571428571
97718,0.5345714285714286
37288,0.06628571428571428
3645,0.48578571428571427
48948,0.422
72958,0.9365
16042,0.9925
71646,0.15407142857142858
85711,0.5762857142857143
100769,0.07721428571428571
65382,0.3827857142857143
73602,0.9849285714285714
4202,0.23164285714285715
22149,0.9601428571428572
40010,0.8504285714285714
27650,0.896
100452,0.7819285714285714
80137,0.3247857142857143
28510,0.087
7165,0.3352142857142857
101807,0.3593571428571429
39464,0.12157142857142857
75805,0.15642857142857142
91920,0.2779285714285714
39745,0.6836428571428571
82288,0.5442857142857143
102738,0.42242857142857143
45685,0.3412142857142857
41576,0.8274285714285714
62792,0.26571428571428574
55996,0.9434285714285714
47448,0.7417142857142857
75224,0.05285714285714286
9998,0.5737142857142857
66460,0.101
11277,0.015428571428571429
106840,0.546
13405,0.2686428571428571
56969,0.3439285714285714
9838,0.3377142857142857
35955,0.6673571428571429
25532,0.2707857142857143
21441,0.7647857142857143
9503,0.9053571428571429
8880,0.5630714285714286
16314,0.8866428571428572
59726,0.4612857142857143
86100,0.35364285714285715
82970,0.47614285714285715
39111,0.013785714285714287
87080,0.5640714285714286
76817,0.6245
43078,0.26935714285714285
67620,0.30214285714285716
24319,0.13707142857142857
79643,0.128
73709,0.38292857142857145
95459,0.9447857142857143
96430,0.4149285714285714
16801,0.8099285714285714
46047,0.9672857142857143
55978,0.065
27843,0.701
34122,0.045142857142857144
43576,0.6527142857142857
83429,0.2875714285714286
1778,0.20757142857142857
67745,0.8812142857142857
21855,0.37257142857142855
61740,0.6315714285714286
103793,0.665
15920,0.2552142857142857
67490,0.13642857142857143
15756,0.9327857142857143
916,0.06328571428571429
69333,0.8117857142857143
157,0.29214285714285715
56053,0.1895
96323,0.1365
35005,0.38192857142857145
12926,0.5238571428571429
42523,0.58
78491,0.3797142857142857
36954,0.5989285714285715
20095,0.3013571428571429
27457,0.9815
37067,0.122
98125,0.7428571428571429
98454,0.7066428571428571
1655,0.003285714285714286
53739,0.3712857142857143
37825,0.929
77336,0.7807857142857143
84582,0.49207142857142855
67061,0.05878571428571429
3584,0.2015
90723,0.6773571428571429
65421,0.731
84127,0.16957142857142857
75622,0.29564285714285715
42404,0.5903571428571428
79522,0.6722857142857143
72976,0.8455
14077,0.5821428571428572
93324,0.25871428571428573
62303,0.5875714285714285
74728,0.2644285714285714
73053,0.5987142857142858
18672,0.7137857142857142
107162,0.6585
68611,0.506
97984,0.5454285714285714
64440,0.6262857142857143
106360,0.8252142857142857
12252,0.5995714285714285
68088,0.36907142857142855
59223,0.7
7341,0.178
52311,0.8604285714285714
92580,0.03535714285714286
15850,0.4704285714285714
47112,0.6115714285714285
17840,0.6722857142857143
63433,0.42978571428571427
30976,0.37557142857142856
59214,0.5702857142857143
11767,0.11707142857142858
2569,0.6542857142857142
34246,0.024428571428571428
68725,0.6814285714285714
38118,0.9125714285714286
28619,0.5763571428571429
28721,0.4327857142857143
56811,0.26135714285714284
32609,0.5568571428571428
98733,0.7539285714285714
60450,0.958
42416,0.4682142857142857
63694,0.012285714285714285
70553,0.16807142857142857
22850,0.8285
48756,0.39814285714285713
57246,0.03528571428571429
104854,0.3524285714285714
100932,0.9567857142857142
1125,0.23935714285714285
39762,0.5081428571428571
52919,0.6230714285714286
29817,0.5666428571428571
101696,0.7814285714285715
5808,0.16735714285714287
67597,0.3767857142857143
104055,0.9785
46600,0.3047142857142857
97440,0.3405714285714286
58768,0.5350714285714285
35074,0.19228571428571428
99450,0.5239285714285714
68486,0.27614285714285713
33665,0.4057142857142857
52918,0.963
90284,0.13157142857142856
101159,0.1667857142857143
135,0.9690714285714286
38045,0.6708571428571428
56648,0.06157142857142857
36159,0.07942857142857143
64225,0.1555
92833,0.03757142857142857
4591,0.8597857142857143
33095,0.7311428571428571
83857,0.6097142857142858
103262,0.7022857142857143
96494,0.8164285714285714
28081,0.5454285714285714
56014,0.4197142857142857
68780,0.45171428571428573
61532,0.8412857142857143
72605,0.11585714285714285
69316,0.9394285714285714
93904,0.7850714285714285
2934,0.8486428571428571
1878,0.5891428571428572
85705,0.449
91577,0.6663571428571429
7250,0.7711428571428571
48804,0.6214285714285714
95013,0.9822857142857143
50457,0.20942857142857144
46414,0.7732142857142857
3284,0.9545714285714286
71376,0.5817142857142857
44493,0.04557142857142857
81588,0.009642857142857142
8994,0.49642857142857144
17124,0.758
55422,0.31957142857142856
11562,0.7025
12086,0.8301428571428572
80526,0.21807142857142858
40115,0.5415
102586,0.5679285714285714
53343,0.07921428571428571
70382,0.009928571428571429
22615,0.6815714285714286
42924,0.487
86601,0.1815
40393,0.979
102281,0.8209285714285715
44481,0.031857142857142855
101276,0.9501428571428572
23296,0.9473571428571429
17649,0.2257142857142857
67509,0.942
32363,0.133
89440,0.9879285714285714
91099,0.9255
80637,0.019285714285714285
85526,0.988
82456,0.2975
84242,0.2869285714285714
16361,0.22214285714285714
102119,0.7402142857142857
68479,0.9255
67209,0.9989285714285714
18542,0.43607142857142855
92854,0.8414285714285714
93243,0.27014285714285713
91451,0.28485714285714286
5295,0.060571428571428575
60797,0.4094285714285714
38001,0.9648571428571429
94119,0.3990714285714286
57684,0.8827142857142857
73427,0.8244285714285714
65312,0.4802142857142857
79589,0.28885714285714287
56257,0.34714285714285714
103145,0.08257142857142857
56980,0.13121428571428573
15829,0.5196428571428572
6905,0.02057142857142857
57594,0.33107142857142857
63118,0.49792857142857144
10383,0.8572142857142857
50890,0.20435714285714285
73451,0.9834285714285714
75946,0.9594285714285714
15132,0.5122857142857142
10636,0.8899285714285714
70920,0.9774285714285714
29213,0.3013571428571429
92386,0.22842857142857143
76339,0.24071428571428571
76246,0.32685714285714285
99785,0.03592857142857143
89465,0.9555
55918,0.8582142857142857
45899,0.21292857142857144
39400,0.4377142857142857
17310,0.8179285714285714
31284,0.91
55262,0.20285714285714285
40292,0.22685714285714287
10063,0.014857142857142857
96989,0.3105
69908,0.030571428571428572
27525,0.6184285714285714
23382,0.3600714285714286
22213,0.1365
75722,0.3515
100231,0.41828571428571426
43606,0.37635714285714283
697,0.5645714285714286
18823,0.9201428571428572
94353,0.5327857142857143
14417,0.3752142857142857
87023,0.6499285714285714
20149,0.1652142857142857
42557,0.6733571428571429
68970,0.8996428571428572
63926,0.7886428571428571
88152,0.04707142857142857
12998,0.13071428571428573
57911,0.8346428571428571
94631,0.9796428571428571
14833,0.48807142857142854
69160,0.30392857142857144
26277,0.5172142857142857
10398,0.5937142857142857
106582,0.8900714285714286
51161,0.6530714285714285
11660,0.07578571428571429
84105,0.6762142857142858
44266,0.7493571428571428
20714,0.3974285714285714
40284,0.6430714285714285
29765,0.42992857142857144
21739,0.39
57896,0.5452857142857143
98889,0.9039285714285714
21034,0.09971428571428571
93075,0.030214285714285714
39388,0.4585714285714286
34445,0.18207142857142858
89148,0.0565
100822,0.979
87616,0.9259285714285714
43267,0.41114285714285714
77726,0.6097142857142858
74819,0.42092857142857143
34091,0.0955
36160,0.9887142857142858
16567,0.5985714285714285
36427,0.9288571428571428
89343,0.9050714285714285
5236,0.593
19656,0.659
17120,0.14835714285714285
78119,0.9286428571428571
67326,0.20042857142857143
56988,0.008785714285714286
42774,0.25307142857142856
4252,0.3275
45036,0.4714285714285714
93503,0.3112857142857143
36503,0.9405714285714286
6668,0.7036428571428571
56927,0.5129285714285714
91031,0.019142857142857142
38040,0.07621428571428572
8788,0.3610714285714286
44341,0.9182142857142858
30446,0.4335
22399,0.5238571428571429
19626,0.5647857142857143
57714,0.5742857142857143
106679,0.5857142857142857
101317,0.4180714285714286
11638,0.37614285714285717
80259,0.15164285714285713
43094,0.8007857142857143
97482,0.6815
97261,0.9584285714285714
56527,0.611
66716,0.03757142857142857
75174,0.5319285714285714
80517,0.06585714285714285
96147,0.8551428571428571
73544,0.09214285714285714
101381,0.8705
5786,0.0295
11843,0.37764285714285717
13605,0.7215
15923,0.6922142857142857
78457,0.055
89640,0.34435714285714286
61076,0.231
65399,0.5375
21070,0.2649285714285714
13288,0.6532857142857142
92767,0.3405714285714286
88463,0.1682857142857143
5771,0.2282142857142857
52482,0.1682142857142857
52211,0.02835714285714286
35699,0.29064285714285715
82819,0.6984285714285714
58323,0.6417142857142857
79455,0.49364285714285716
101021,0.05757142857142857
101900,0.18807142857142858
100855,0.13178571428571428
48913,0.1365
8422,0.24585714285714286
21591,0.4637142857142857
68410,0.7817142857142857
82562,0.4524285714285714
20162,0.8972142857142857
35733,0.981
83896,0.1705
79445,0.6815
87804,0.03857142857142857
17189,0.018357142857142857
23028,0.17014285714285715
14654,0.34835714285714287
43912,0.8134285714285714
105665,0.22657142857142856
81324,0.7953571428571429
37554,0.1317142857142857
65714,0.019285714285714285
80642,0.5931428571428572
24924,0.9815714285714285
104113,0.4935
97902,0.5371428571428571
32324,0.037071428571428575
46628,0.2942142857142857
22477,0.03535714285714286
26253,0.0615
59764,0.015857142857142858
74929,0.6527142857142857
62838,0.7385714285714285
41245,0.831
106914,0.07564285714285714
38662,0.9177142857142857
83189,0.19321428571428573
77736,0.281
60421,0.8374285714285714
12258,0.5234285714285715
47169,0.9341428571428572
56070,0.03507142857142857
99194,0.5018571428571429
104296,0.15292857142857144
90967,0.7725714285714286
50117,0.6083571428571428
4203,0.29914285714285715
44757,0.7272857142857143
78023,0.9345
100320,0.0455
40426,0.383
40344,0.6439285714285714
20063,0.44092857142857145
94130,0.6180714285714286
34724,0.135
100774,0.0525
2965,0.36664285714285716
71324,0.737
46590,0.2777142857142857
17034,0.387
14757,0.1452142857142857
72404,0.541
26576,0.6355714285714286
17312,0.05971428571428571
95378,0.6945714285714286
77843,0.6102857142857143
88236,0.08842857142857143
15364,0.28135714285714286
104748,0.8047857142857143
20900,0.11014285714285714
93581,0.8733571428571428
71,0.9576428571428571
80931,0.5542142857142857
40609,0.8255714285714286
93206,0.144
94585,0.5862142857142857
41345,0.7885714285714286
93711,0.856
3892,0.2275
29616,0.9738571428571429
39536,0.2725714285714286
9635,0.5384285714285715
26716,0.2794285714285714
96815,0.3517857142857143
37465,0.004
64776,0.4952142857142857
55191,0.5492857142857143
49384,0.6992142857142857
98150,0.7548571428571429
5983,0.9354285714285714
55979,0.06907142857142858
54609,0.21378571428571427
32907,0.46435714285714286
90159,0.9177142857142857
81811,0.24842857142857142
7903,0.08907142857142857
82655,0.2827857142857143
28323,0.7375714285714285
100157,0.37007142857142855
14820,0.29742857142857143
68270,0.6358571428571429
29311,0.4625714285714286
24196,0.39257142857142857
38767,0.9642857142857143
5309,0.16764285714285715
24604,0.7642857142857142
15359,0.6993571428571429
25016,0.21285714285714286
34009,0.6272142857142857
59027,0.8535
31696,0.7645
69253,0.8052142857142857
74784,0.014785714285714286
77584,0.584
16787,0.006142857142857143
42800,0.03557142857142857
86632,0.3927857142857143
3360,0.07685714285714286
74757,0.4275
105540,0.5352142857142858
59718,0.3315
1718,0.7788571428571428
31278,0.9962142857142857
21179,0.4322857142857143
90986,0.7640714285714286
47055,0.347
100970,0.7892857142857143
88689,0.3502142857142857
25021,0.597
42462,0.588
47329,0.6992142857142857
5460,0.9227857142857143
21478,0.44142857142857145
21844,0.7005
77282,0.327
66671,0.9942142857142857
56501,0.9414285714285714
60408,0.6479285714285714
37442,0.7395714285714285
65504,0.6008571428571429
94680,0.4267142857142857
25638,0.7161428571428572
26857,0.22271428571428573
30161,0.5682857142857143
19249,0.6490714285714285
19272,0.8925714285714286
101223,0.43464285714285716
25996,0.012428571428571428
74216,0.45871428571428574
7180,0.4162142857142857
68770,0.6773571428571429
6169,0.9938571428571429
78728,0.1422857142857143
8912,0.23214285714285715
44692,0.4675714285714286
5796,0.12414285714285714
96444,0.5566428571428571
22025,0.13035714285714287
67542,0.9785
39829,0.8762142857142857
63480,0.30028571428571427
24746,0.6942857142857143
8869,0.998
28270,0.5615714285714286
17620,0.2704285714285714
63764,0.21257142857142858
63645,0.06628571428571428
94642,0.6814285714285714
76334,0.17714285714285713
75870,0.059571428571428574
34423,0.2626428571428571
39206,0.7754285714285715
52695,0.4506428571428571
44667,0.6678571428571428
93087,0.6937857142857143
82078,0.2704285714285714
38856,0.4667857142857143
44589,0.8051428571428572
54968,0.308
53493,0.010857142857142857
94457,0.3105
20758,0.7373571428571428
76530,0.006714285714285714
97913,0.645
107013,0.061642857142857145
82356,0.1982857142857143
21399,0.9196428571428571
58494,0.41014285714285714
37976,0.1175
61479,0.5312857142857143
2431,0.7650714285714286
62209,0.6712857142857143
15426,0.18714285714285714
94139,0.6337142857142857
13017,0.9729285714285715
82215,0.9802857142857143
56462,0.03142857142857143
33241,0.361
47577,0.27785714285714286
82529,0.6259285714285714
51906,0.5183571428571428
90797,0.5129285714285714
98464,0.731
38836,0.9985
82556,0.03214285714285714
54209,0.9714285714285714
71204,0.9282857142857143
89986,0.9931428571428571
9441,0.0015714285714285715
2382,0.47764285714285715
97624,0.7861428571428571
64522,0.0015
62720,0.42664285714285716
63260,0.8231428571428572
46366,0.39514285714285713
20018,0.8354285714285714
95759,0.8932142857142857
41475,0.8390714285714286
22357,0.9413571428571429
27428,0.5233571428571429
27990,0.1432857142857143
54772,0.9382857142857143
24712,0.3929285714285714
7205,0.28714285714285714
12194,0.6510714285714285
100588,0.24171428571428571
66999,0.9174285714285715
47513,0.35628571428571426
103881,0.12992857142857142
92995,0.9034285714285715
63769,0.9743571428571428
36527,0.09557142857142857
93808,0.28935714285714287
13250,0.9474285714285714
74570,0.42578571428571427
76458,0.8950714285714285
79467,0.3432857142857143
60931,0.8678571428571429
28392,0.5670714285714286
2066,0.4129285714285714
82596,0.6174285714285714
92902,0.6685714285714286
79623,0.676
76197,0.6301428571428571
62060,0.37242857142857144
19675,0.6612857142857143
85056,0.9550714285714286
76790,0.6152857142857143
89036,0.6086428571428572
105060,0.7928571428571428
87598,0.4812142857142857
8811,0.3959285714285714
65186,0.8592142857142857
96504,0.11728571428571428
51370,0.6528571428571428
20954,0.25807142857142856
14384,0.634
75075,0.9846428571428572
105486,0.582
58219,0.4179285714285714
90856,0.8434285714285714
38246,0.39621428571428574
13794,0.2002857142857143
45460,0.33071428571428574
38350,0.935
51286,0.4477857142857143
69129,0.08221428571428571
62307,0.8688571428571429
25937,0.7323571428571428
96685,0.30857142857142855
88296,0.3127857142857143
23100,0.6113571428571428
63373,0.8582142857142857
30548,0.2890714285714286
57481,0.8261428571428572
75015,0.6272857142857143
28009,0.21185714285714285
65271,0.5389285714285714
30923,0.5402142857142858
38234,0.16185714285714287
98658,0.29514285714285715
36138,0.3693571428571429
71234,0.5905714285714285
36834,0.3405714285714286
18327,0.12
73897,0.6627142857142857
98523,0.7034285714285714
44093,0.4392142857142857
78230,0.36378571428571427
29537,0.8506428571428571
96994,0.37107142857142855
61463,0.13835714285714285
47503,0.7825714285714286
84628,0.01792857142857143
33697,0.251
7664,0.9389285714285714
102577,0.7720714285714285
57598,0.671
101337,0.26757142857142857
44242,0.8583571428571428
40509,0.89
106230,0.5735714285714286
94979,0.6276428571428572
39277,0.8605
1103,0.17842857142857144
52694,0.08235714285714285
98301,0.6802142857142857
45047,0.38585714285714284
92421,0.3425714285714286
63527,0.9912142857142857
99354,0.6581428571428571
24653,0.04264285714285714
3650,0.8770714285714286
92368,0.8252142857142857
31691,0.05728571428571429
99264,0.9089285714285714
70625,0.8358571428571429
59442,0.18142857142857144
36904,0.986
76594,0.30378571428571427
51094,0.178
54796,0.3494285714285714
16359,0.864
43475,0.6822142857142857
14904,0.7647857142857143
18225,0.4007142857142857
21746,0.9857142857142858
91365,0.2662857142857143
49509,0.81
6862,0.8818571428571429
32973,0.5457142857142857
31736,0.4387142857142857
70198,0.3202857142857143
96185,0.028642857142857144
68163,0.6993571428571429
62480,0.7872857142857143
9796,0.7575
58856,0.6597857142857143
98594,0.6532142857142857
48215,0.887
41876,0.7125
55372,0.5735714285714286
53819,0.30464285714285716
40964,0.2345
39785,0.8815
84252,0.4785
24881,0.40014285714285713
59551,0.7610714285714286
94934,0.9799285714285715
73316,0.2887857142857143
38688,0.5267142857142857
84428,0.9773571428571428
24959,0.04957142857142857
52262,0.18121428571428572
7973,0.9152857142857143
4535,0.7286428571428571
57248,0.5996428571428571
51268,0.3186428571428571
35606,0.21807142857142858
24109,0.7155714285714285
38380,0.135
21466,0.9178571428571428
46404,0.09721428571428571
7629,0.22835714285714287
104026,0.955
98556,0.3077142857142857
13492,0.13328571428571429
70499,0.9705714285714285
19664,0.8127857142857143
17732,0.5994285714285714
57639,0.5022857142857143
23925,0.8858571428571429
67036,0.1525
63907,0.3306428571428571
47528,0.6533571428571429
56591,0.566
90598,0.11
23272,0.060642857142857144
105984,0.9552142857142857
39878,0.29842857142857143
90430,0.3605
25496,0.0865
54257,0.01107142857142857
73962,0.9537857142857142
55229,0.9062857142857143
92703,0.9592142857142857
88087,0.3494285714285714
66877,0.2302142857142857
40634,0.6157142857142858
44284,0.6083571428571428
60860,0.23514285714285715
51419,0.9412142857142857
7202,0.5430714285714285
31373,0.942
19159,0.5240714285714285
56830,0.40014285714285713
4651,0.9884285714285714
32591,0.224
66858,0.6062142857142857
104887,0.30907142857142855
21724,0.7135714285714285
2300,0.29464285714285715
87101,0.4852142857142857
63342,0.9103571428571429
60131,0.08514285714285715
41712,0.8868571428571429
67422,0.2839285714285714
41436,0.22228571428571428
96764,0.17614285714285716
22425,0.054857142857142854
14074,0.6273571428571428
40157,0.8117142857142857
79972,0.5405714285714286
73049,0.3525
21087,0.7815714285714286
15123,0.9855
62453,0.9643571428571428
11463,0.7349285714285714
20470,0.26757142857142857
14846,0.9958571428571429
84401,0.18721428571428572
55485,0.08842857142857143
58853,0.3600714285714286
76432,0.2654285714285714
11042,0.2557142857142857
21945,0.5882142857142857
66300,0.9589285714285715
99439,0.4720714285714286
103587,0.6310714285714286
25155,0.5572142857142857
55318,0.6467142857142857
552,0.1332142857142857
13676,0.8763571428571428
8550,0.6102142857142857
69830,0.9815714285714285
17051,0.29764285714285715
67049,0.6759285714285714
17302,0.8274285714285714
60304,0.8551428571428571
37252,0.1992142857142857
68955,0.6757857142857143
22759,0.14664285714285713
101744,0.6741428571428572
88006,0.07707142857142857
84681,0.7554285714285714
40573,0.9255
38144,0.40285714285714286
99086,0.9625
62729,0.992
43599,0.13114285714285714
43628,0.1415
4299,0.35664285714285715
57146,0.6986428571428571
104464,0.04535714285714286
17001,0.44114285714285717
50131,0.5430714285714285
20091,0.33421428571428574
40732,0.5279285714285714
52880,0.32035714285714284
60414,0.5389285714285714
104612,0.03671428571428571
46476,0.027642857142857143
100335,0.46014285714285713
66799,0.07428571428571429
56503,0.8672857142857143
31616,0.6597142857142857
10889,0.9062142857142857
88749,0.3137142857142857
8157,0.8449285714285715
51234,0.24071428571428571
452,0.1715
102601,0.4432142857142857
58299,0.5722142857142857
71493,0.36014285714285715
28453,0.6722857142857143
86185,0.8441428571428572
77641,0.2970714285714286
83232,0.7788571428571428
6003,0.476
30076,0.5514285714285714
100000,0.8367857142857142
65002,0.5592857142857143
105207,0.05121428571428571
36824,0.6122142857142857
1634,0.8084285714285714
105978,0.05135714285714286
60831,0.7635714285714286
31530,0.9001428571428571
8745,0.9703571428571428
52151,0.26271428571428573
23481,0.6945
100706,0.12992857142857142
31785,0.4057857142857143
73638,0.6202142857142857
30514,0.4225714285714286
95942,0.8368571428571429
101397,0.09928571428571428
29352,0.7205
78898,0.5462857142857143
72271,0.6155714285714285
21124,0.9427857142857143
73922,0.41942857142857143
17687,0.3967857142857143
20103,0.603
42805,0.2715714285714286
70994,0.6558571428571428
35768,0.8158571428571428
94034,0.20007142857142857
22971,0.05278571428571428
72373,0.6697857142857143
105008,0.48064285714285715
64388,0.8499285714285715
27709,0.4799285714285714
63655,0.9884285714285714
62981,0.46185714285714285
57133,0.5337142857142857
80257,0.8837142857142857
52226,0.8647857142857143
30023,0.5645714285714286
60731,0.8673571428571428
105408,0.7056428571428571
37988,0.16114285714285714
12743,0.925
104293,0.6841428571428572
86318,0.916
13853,0.8137857142857143
71228,0.6364285714285715
61309,0.5732857142857143
2561,0.7735
88497,0.7862142857142858
47812,0.589
49097,0.9802857142857143
56769,0.6923571428571429
1636,0.4327142857142857
43807,0.030285714285714287
71529,0.03585714285714286
17792,0.9749285714285715
29051,0.9299285714285714
16886,0.5992857142857143
93546,0.04535714285714286
100085,0.534
57120,0.23342857142857143
9226,0.10492857142857143
40121,0.2855714285714286
39123,0.9636428571428571
5065,0.4002857142857143
39749,0.9605714285714285
44240,0.6271428571428571
15753,0.9172857142857143
102695,0.2591428571428571
96922,0.08528571428571428
84376,0.8358571428571429
6971,0.5909285714285715
69532,0.7991428571428572
21552,0.5820714285714286
96626,0.45185714285714285
68507,0.10407142857142856
91522,0.7079285714285715
58877,0.31107142857142855
12209,0.963
14153,0.9189285714285714
87985,0.8657857142857143
12308,0.8950714285714285
80234,0.2744285714285714
89301,0.9477142857142857
31424,0.636
75706,0.6587142857142857
17126,0.8060714285714285
48742,0.8167142857142857
91497,0.7160714285714286
68297,0.5356428571428572
95310,0.9998571428571429
26060,0.002642857142857143
70451,0.42707142857142855
798,0.6205714285714286
93850,0.019857142857142858
25018,0.09992857142857142
22400,0.9682142857142857
22174,0.5142142857142857
13391,0.6065
54791,0.8823571428571428
2642,0.019428571428571427
67213,0.9607857142857142
27889,0.039357142857142854
87372,0.9267857142857143
100776,0.7240714285714286
39723,0.21364285714285713
103809,0.25657142857142856
51725,0.7619285714285714
67129,0.4780714285714286
87060,0.5298571428571428
96530,0.42864285714285716
40302,0.9293571428571429
24038,0.43314285714285716
34258,0.36542857142857144
106629,0.9816428571428572
15543,0.01707142857142857
87383,0.0875
1015,0.5051428571428571
97485,0.701
67644,0.5059285714285714
66203,0.7435
84154,0.9163571428571429
24414,0.0007142857142857143
56141,0.1462142857142857
75383,0.4684285714285714
53768,0.17614285714285716
28929,0.6205714285714286
23852,0.06814285714285714
1297,0.24642857142857144
73347,0.11671428571428571
52950,0.21435714285714286
10811,0.09635714285714286
58896,0.9715
68070,0.7
64562,0.026857142857142857
102229,0.2945
100812,0.607
49250,0.8055
13035,0.7322857142857143
45861,0.49585714285714283
43825,0.31942857142857145
79567,0.4285
21486,0.3142857142857143
3324,0.12814285714285714
107164,0.21457142857142858
26780,0.6096428571428572
77676,0.29478571428571426
56804,0.9412857142857143
77658,0.186
73143,0.8977142857142857
96275,0.2087857142857143
41414,0.29864285714285715
48807,0.9513571428571429
69427,0.727
139,0.5282142857142857
37206,0.5926428571428571
30436,0.925
17017,0.029142857142857144
23718,0.2027142857142857
55378,0.45607142857142857
4892,0.001142857142857143
16589,0.127
18204,0.10292857142857142
8205,0.29414285714285715
56744,0.48714285714285716
8053,0.07714285714285714
85850,0.1165
17765,0.8316428571428571
65323,0.782
38352,0.9339285714285714
22841,0.7052142857142857
79699,0.9824285714285714
14831,0.1585
28240,0.28964285714285715
12536,0.9598571428571429
44152,0.4055714285714286
66864,0.2407857142857143
49004,0.8588571428571429
105381,0.9646428571428571
85548,0.8005714285714286
36613,0.9446428571428571
86481,0.5878571428571429
10075,0.3265
54197,0.6069285714285715
70970,0.27985714285714286
55435,0.6257857142857143
83324,0.2715714285714286
66816,0.5027857142857143
48267,0.49507142857142855
36636,0.8957857142857143
72138,0.7214285714285714
57278,0.2852142857142857
71659,0.32042857142857145
102210,0.6722857142857143
39170,0.37657142857142856
10423,0.7002142857142857
1630,0.24957142857142858
52409,0.204
74633,0.10628571428571429
23859,0.1417857142857143
94716,0.669
70644,0.35528571428571426
74105,0.3895
106755,0.5451428571428572
42476,0.21807142857142858
27598,0.171
38586,0.23142857142857143
45556,0.9191428571428572
62264,0.21371428571428572
10318,0.7348571428571429
78770,0.8292142857142857
80509,0.5582142857142857
58271,0.6956428571428571
74134,0.9676428571428571
99903,0.6747142857142857
82988,0.38285714285714284
95205,0.3042142857142857
95741,0.054214285714285715
80661,0.5010714285714286
94682,0.3365714285714286
56607,0.1942142857142857
92900,0.7066428571428571
96137,0.3202857142857143
94344,0.7373571428571428
27722,0.7997142857142857
80310,0.9372142857142857
922,0.38707142857142857
25571,0.3617142857142857
58516,0.9979285714285714
106511,0.1175
52788,0.33071428571428574
105406,0.6707142857142857
88057,0.7225
29097,0.03314285714285714
34909,0.9772857142857143
75042,0.22521428571428573
11886,0.7565
89965,0.8152142857142857
48375,0.8045
96484,0.8976428571428572
70676,0.7026428571428571
83287,0.4805
102033,0.9980714285714286
1765,0.6065
96066,0.9555
89316,0.6065714285714285
626,0.6533571428571429
60314,0.5908571428571429
85348,0.3605
29251,0.251
48886,0.8732857142857143
57687,0.12364285714285714
31118,0.07042857142857142
28689,0.16914285714285715
92961,0.5552857142857143
16310,0.3532142857142857
44436,0.0875
70378,0.8426428571428571
39568,0.3999285714285714
27441,0.8262142857142857
28939,0.14085714285714285
43110,0.641
9082,0.6418571428571429
104837,0.44692857142857145
75890,0.49942857142857144
3688,0.3226428571428571
53825,0.16364285714285715
62324,0.5142142857142857
103507,0.03621428571428571
106541,0.422
97431,0.3257857142857143
93525,0.9312857142857143
55075,0.6888571428571428
98795,0.3737142857142857
71928,0.6462142857142857
58959,0.5522142857142858
68242,0.09935714285714285
94908,0.5328571428571428
3244,0.055785714285714286
103068,0.6155714285714285
2925,0.33814285714285713
34196,0.8159285714285714
91161,0.10378571428571429
94596,0.8636428571428572
78960,0.4997142857142857
55380,0.30557142857142855
33881,0.18642857142857142
71565,0.7522857142857143
11832,0.3359285714285714
85390,0.48428571428571426
50684,0.24721428571428572
99934,0.7077857142857142
77377,0.195
76935,0.5824285714285714
104175,0.18714285714285714
12528,0.7745714285714286
75265,0.6176428571428572
95712,0.5783571428571429
65433,0.3286428571428571
10431,0.2507142857142857
51297,0.7073571428571429
90393,0.1662857142857143
487,0.1175
104511,0.16357142857142856
89320,0.9193571428571429
46443,0.42228571428571426
93423,0.39135714285714285
38846,0.6037142857142858
44979,0.5430714285714285
73142,0.5233571428571429
69730,0.49142857142857144
6899,0.37907142857142856
78210,0.22378571428571428
69950,0.11492857142857144
45936,0.6773571428571429
105329,0.21992857142857142
106726,0.879
69820,0.406
87051,0.8623571428571428
7554,0.565
88367,0.414
36258,0.9245
24848,0.1945
25340,0.33085714285714285
76019,0.5818571428571429
49687,0.42542857142857143
103964,0.8096428571428571
24116,0.34635714285714286
89840,0.4045
55265,0.5335714285714286
21513,0.8910714285714286
14011,0.5996428571428571
74797,0.18685714285714286
106509,0.8469285714285715
31239,0.43464285714285716
77948,0.6940714285714286
31083,0.9935
71017,0.4627142857142857
58123,0.8405
86986,0.19657142857142856
90834,0.9435714285714286
28049,0.8648571428571429
23547,0.9710714285714286
101750,0.0017142857142857142
79995,0.6292142857142857
69207,0.9641428571428572
30465,0.6661428571428571
60786,0.4780714285714286
84190,0.010214285714285714
14807,0.2910714285714286
90045,0.40235714285714286
38429,0.7950714285714285
14622,0.5389285714285714
44434,0.6166428571428572
64333,0.5572142857142857
95306,0.6210714285714286
26137,0.337
76680,0.7541428571428571
27861,0.36992857142857144
76113,0.8397142857142857
99383,0.043
67210,0.9803571428571428
106836,0.7622857142857142
83887,0.6077142857142858
92123,0.285
12806,0.9122857142857143
49958,0.6603571428571429
41165,0.9640714285714286
102918,0.7272142857142857
59475,0.1952142857142857
55272,0.26371428571428573
45885,0.17542857142857143
8720,0.4622142857142857
22847,0.2596428571428571
18951,0.3107142857142857
76600,0.039785714285714285
70407,0.6067857142857143
80197,0.5392142857142858
89087,0.1895
38945,0.302
48070,0.48957142857142855
80022,0.9992857142857143
101121,0.7685714285714286
50475,0.8388571428571429
20313,0.7372857142857143
103960,0.7779285714285714
98087,0.9772142857142857
85487,0.6121428571428571
50001,0.030285714285714287
91222,0.3990714285714286
63071,0.13242857142857142
42397,0.35628571428571426
45032,0.16457142857142856
37891,0.8105
3642,0.4780714285714286
32947,0.30028571428571427
37430,0.689
76430,0.6107857142857143
39591,0.03785714285714286
66009,0.5446428571428571
45415,0.25314285714285717
70006,0.6587142857142857
57592,0.43057142857142855
1712,0.5023571428571428
4496,0.013785714285714287
72693,0.7160714285714286
62701,0.22228571428571428
94551,0.048285714285714286
54202,0.7272857142857143
1309,0.6004285714285714
84751,0.5005714285714286
71737,0.402
31353,0.5320714285714285
27296,0.7627857142857143
32193,0.9256428571428571
72367,0.6747142857142857
13260,0.7172142857142857
75259,0.6497857142857143
1628,0.8517857142857143
35217,0.8585714285714285
5328,0.21978571428571428
10568,0.5646428571428571
79074,0.6407142857142857
17025,0.7672857142857142
99638,0.23864285714285716
67734,0.0008571428571428571
22777,0.5887142857142857
85719,0.6965
7506,0.48957142857142855
86728,0.5129285714285714
73467,0.8972857142857142
67086,0.20714285714285716
3107,0.9633571428571429
46597,0.8715
10922,0.41614285714285715
67556,0.045214285714285714
7441,0.5301428571428571
31089,0.7625714285714286
61601,0.6479285714285714
14847,0.06492857142857143
35697,0.7502857142857143
64197,0.21007142857142858
46963,0.010928571428571428
41147,0.0095
13811,0.6197142857142857
68928,0.9800714285714286
35308,0.0035
94983,0.5636428571428571
74508,0.5767857142857142
44931,0.8122857142857143
30960,0.5708571428571428
91080,0.18114285714285713
49216,0.643
34340,0.8144285714285714
75536,0.8597857142857143
76424,0.5256428571428572
105797,0.5606428571428571
76336,0.16207142857142856
34164,0.42328571428571427
91149,0.21685714285714286
7162,0.2887142857142857
18604,0.036
83905,0.11078571428571428
44615,0.064
92168,0.8497142857142858
5462,0.21328571428571427
85219,0.022571428571428572
26937,0.8852857142857142
10670,0.9888571428571429
57,0.48642857142857143
93177,0.4759285714285714
34485,0.37157142857142855
68925,0.5455714285714286
100142,0.9705
73993,0.9352857142857143
15790,0.18485714285714286
106598,0.5387857142857143
90142,0.33085714285714285
96949,0.8142142857142857
40049,0.5082142857142857
98288,0.08735714285714286
43452,0.117
22569,0.12021428571428572
5611,0.4918571428571429
37750,0.9984285714285714
26421,0.9411428571428572
92422,0.4725714285714286
89352,0.6678571428571428
45761,0.5377142857142857
52232,0.4029285714285714
90421,0.9002857142857142
78709,0.9543571428571429
56320,0.9138571428571428
37763,0.7008571428571428
46567,0.5942857142857143
68911,0.8837857142857143
27099,0.1422142857142857
73795,0.7145714285714285
59380,0.3002142857142857
48205,0.726
43413,0.9557142857142857
9655,0.6652857142857143
32377,0.4714285714285714
30523,0.771
64260,0.7473571428571428
12302,0.07121428571428572
69453,0.45407142857142857
62392,0.1055
78449,0.4062142857142857
52714,0.4837142857142857
87352,0.5867142857142857
61091,0.11207142857142857
63242,0.30328571428571427
66399,0.607
54903,0.4305
67957,0.08821428571428572
88573,0.204
42545,0.9958571428571429
17008,0.05107142857142857
87917,0.238
23181,0.22242857142857142
95015,0.2859285714285714
4188,0.2656428571428571
72957,0.9208571428571428
98126,0.7503571428571428
73695,0.5995
86412,0.7614285714285715
87550,0.39007142857142857
98272,0.9700714285714286
105660,0.4397857142857143
89434,0.7182142857142857
44125,0.4065
90837,0.1955
46442,0.7377857142857143
75672,0.1987857142857143
31938,0.8857142857142857
49532,0.1705
65836,0.6381428571428571
85029,0.8136428571428571
71793,0.23514285714285715
28148,0.1632142857142857
18266,0.8581428571428571
68352,0.4192142857142857
27061,0.31857142857142856
22985,0.22778571428571429
91305,0.5824285714285714
8795,0.20507142857142857
50663,0.2651428571428571
37397,0.04814285714285714
20058,0.32907142857142857
9312,0.9823571428571428
80532,0.3990714285714286
14830,0.026857142857142857
103737,0.05392857142857143
48438,0.07907142857142857
34089,0.9531428571428572
32605,0.3472857142857143
62126,0.4059285714285714
99398,0.498
25307,0.9579285714285715
708,0.7238571428571429
65514,0.8319285714285715
61917,0.4557857142857143
70611,0.6787142857142857
20762,0.07092857142857142
64985,0.7198571428571429
93723,0.16942857142857143
61541,0.6705714285714286
29197,0.22114285714285714
79929,0.04435714285714286
22641,0.3043571428571429
92709,0.8337142857142857
38048,0.39271428571428574
7305,0.7897857142857143
21740,0.03735714285714286
85485,0.9705714285714285
3615,0.6091428571428571
11020,0.30642857142857144
25188,0.6624285714285715
43652,0.013357142857142857
36192,0.5775
75957,0.8320714285714286
88832,0.8
60444,0.9285714285714286
89932,0.7623571428571428
94105,0.8827142857142857
4755,0.38057142857142856
41737,0.44242857142857145
79543,0.13535714285714287
5273,0.18035714285714285
68791,0.9527142857142857
60228,0.9017857142857143
61289,0.836
18009,0.6044285714285714
1837,0.4863571428571429
79532,0.5092142857142857
55273,0.5938571428571429
21431,0.20257142857142857
64794,0.9282142857142858
81887,0.7679285714285714
17964,0.9587857142857142
10972,0.224
9294,0.09057142857142857
1983,0.4084285714285714
31490,0.2875
3548,0.6625
38711,0.38735714285714284
55591,0.3097857142857143
32376,0.4574285714285714
23684,0.048857142857142856
57874,0.6896428571428571
48713,0.004214285714285715
5106,0.08928571428571429
56224,0.8165714285714286
43354,0.8235
25836,0.6982857142857143
55845,0.20942857142857144
2588,0.6348571428571429
1845,0.9196428571428571
11254,0.07771428571428571
49014,0.8544285714285714
59168,0.9724285714285714
32158,0.9220714285714285
106482,0.8616428571428572
103536,0.9355
18105,0.3585
89530,0.24492857142857144
20602,0.9789285714285715
28623,0.48807142857142854
44630,0.04707142857142857
8252,0.611
32280,0.9089285714285714
54952,0.8317142857142857
11378,0.8520714285714286
57914,0.42792857142857144
31376,0.6201428571428571
26646,0.45185714285714285
55328,0.5113571428571428
5958,0.26242857142857146
63839,0.05235714285714286
69304,0.15685714285714286
3100,0.5565714285714286
37173,0.9872142857142857
100453,0.7435714285714285
12253,0.6474285714285715
74226,0.004285714285714286
28495,0.8095
12372,0.5879285714285715
73968,0.3042142857142857
56212,0.31092857142857144
12655,0.1987857142857143
69853,0.44242857142857145
67111,0.9227142857142857
8325,0.7025714285714286
91304,0.5243571428571429
93245,0.2800714285714286
17300,0.0515
17331,0.727
6291,0.030285714285714287
14892,0.43707142857142856
103278,0.4987142857142857
97196,0.7273571428571428
26858,0.3444285714285714
34982,0.7822857142857143
74003,0.05857142857142857
29347,0.09107142857142857
21220,0.11992857142857143
82090,0.9622857142857143
41613,0.3261428571428571
64303,0.5046428571428572
22182,0.6122142857142857
13504,0.7
106774,0.163
97978,0.7454285714285714
39162,0.5781428571428572
90912,0.25014285714285717
103240,0.9058571428571428
103157,0.8844285714285715
48423,0.22271428571428573
53055,0.42128571428571426
87595,0.7267857142857143
80780,0.04857142857142857
78794,0.1757857142857143
67805,0.8261428571428572
60188,0.79
67146,0.5757142857142857
52978,0.7144285714285714
61623,0.3117142857142857
76558,0.35185714285714287
48118,0.4622142857142857
48547,0.22642857142857142
21302,0.737
29500,0.09635714285714286
21585,0.8877857142857143
103436,0.22657142857142856
78681,0.40285714285714286
84602,0.14085714285714285
81342,0.9261428571428572
67363,0.4505
63318,0.9315714285714286
18802,0.5645714285714286
26594,0.10957142857142857
106701,0.6776428571428571
63187,0.3247857142857143
25393,0.5796428571428571
70867,0.045071428571428575
96689,0.6948571428571428
94172,0.8980714285714285
4913,0.6789285714285714
29337,0.23314285714285715
18759,0.8705
86816,0.7717142857142857
84442,0.9268571428571428
28896,0.8408571428571429
25659,0.5784285714285714
2345,0.7262142857142857
22781,0.05
93530,0.03014285714285714
58435,0.8478571428571429
16096,0.10535714285714286
76360,0.997
92650,0.3107142857142857
94136,0.8475714285714285
12855,0.7054285714285714
48613,0.735
98930,0.36707142857142855
17850,0.1322142857142857
68426,0.16235714285714287
8807,0.9675
77682,0.16757142857142857
70262,0.9285714285714286
101688,0.6247857142857143
34538,0.4010714285714286
13445,0.6616428571428571
69689,0.8909285714285714
87006,0.7026428571428571
51615,0.39914285714285713
69533,0.3567142857142857
15420,0.8112142857142857
25501,0.9690714285714286
75037,0.992
82250,0.1975
34582,0.9844285714285714
34900,0.52
106606,0.6670714285714285
68574,0.3787857142857143
78879,0.33564285714285713
72523,0.467
74109,0.12414285714285714
102780,0.7174285714285714
41350,0.451
6776,0.8025
4752,0.9092857142857143
79710,0.2145
94872,0.6892142857142857
87768,0.012428571428571428
84545,0.18992857142857142
47364,0.2917142857142857
29565,0.7262142857142857
38176,0.3578571428571429
1523,0.6032142857142857
71965,0.7745714285714286
46011,0.45971428571428574
101166,0.9375
96157,0.9413571428571429
4599,0.12971428571428573
57139,0.1757142857142857
46502,0.004
32147,0.9244285714285714
8727,0.7551428571428571
64,0.5988571428571429
87977,0.9700714285714286
81911,0.8235714285714286
62494,0.4067142857142857
98355,0.197
13701,0.7194285714285714
60982,0.20035714285714284
92575,0.6157142857142858
48249,0.9410714285714286
34171,0.6382142857142857
89055,0.22835714285714287
20920,0.8521428571428571
44323,0.976
93856,0.5748571428571428
29936,0.5406428571428571
84606,0.7242857142857143
14714,0.8592142857142857
98673,0.7308571428571429
103736,0.2747857142857143
82642,0.41878571428571426
12030,0.7760714285714285
51674,0.7385
12718,0.18971428571428572
106852,0.30457142857142855
16294,0.7522857142857143
66475,0.224
41485,0.4850714285714286
30323,0.4247142857142857
83992,0.8873571428571428
54682,0.2562857142857143
92127,0.6453571428571429
35902,0.21221428571428572
28139,0.006
90412,0.4837142857142857
74418,0.527
78510,0.6788571428571428
100330,0.3722857142857143
29036,0.7330714285714286
44485,0.3459285714285714
16848,0.39185714285714285
10544,0.9849285714285714
94780,0.9579285714285715
21582,0.4627142857142857
87225,0.11992857142857143
93669,0.7878571428571428
87901,0.5431428571428571
49697,0.15685714285714286
5036,0.5345714285714286
67043,0.33564285714285713
85540,0.2890714285714286
43921,0.08764285714285715
12644,0.8151428571428572
2676,0.707
58412,0.575
12909,0.44742857142857145
95061,0.328
61837,0.8122857142857143
93884,0.2649285714285714
8939,0.6546428571428572
84360,0.9528571428571428
75469,0.1465
16441,0.7122142857142857
26500,0.028714285714285713
26617,0.8122857142857143
70080,0.7076428571428571
4320,0.3628571428571429
87274,0.20957142857142858
77249,0.6361428571428571
49626,0.9402142857142857
6237,0.8902857142857142
35626,0.9625
102000,0.9153571428571429
83002,0.8997857142857143
104492,0.12764285714285714
18532,0.6359285714285714
87016,0.5642857142857143
90720,0.1357142857142857
93144,0.4863571428571429
47367,0.9906428571428572
98201,0.34935714285714287
97722,0.5051428571428571
41849,0.4050714285714286
26633,0.5802857142857143
77169,0.16335714285714287
57349,0.9632142857142857
91177,0.5239285714285714
22794,0.6212142857142857
14637,0.8230714285714286
104038,0.9779285714285715
49505,0.9363571428571429
39769,0.11314285714285714
75395,0.012285714285714285
84177,0.30528571428571427
90804,0.03564285714285714
17129,0.58
24386,0.22714285714285715
73235,0.5334285714285715
40321,0.5885
93445,0.2747857142857143
101488,0.8137142857142857
62,0.5232142857142857
150,0.4682857142857143
26870,0.30614285714285716
85644,0.135
16864,0.44521428571428573
9800,0.8940714285714285
60156,0.4585714285714286
100967,0.40035714285714286
91352,0.5985
84613,0.16564285714285715
46913,0.523
58417,0.771
45651,0.42664285714285716
42020,0.49692857142857144
34497,0.5595714285714286
92156,0.46314285714285713
96062,0.23864285714285716
15862,0.8894285714285715
19527,0.08485714285714285
51620,0.6598571428571428
83964,0.2235
11283,0.3470714285714286
56397,0.14207142857142857
70095,0.48364285714285715
5355,0.394
3853,0.38335714285714284
82993,0.31507142857142856
82541,0.6553571428571429
8571,0.019214285714285715
59954,0.506
32906,0.20292857142857143
80732,0.0245
25197,0.36592857142857144
19175,0.9255714285714286
65975,0.7094285714285714
35001,0.09078571428571429
7468,0.4724285714285714
81927,0.4860714285714286
100585,0.588
41885,0.30128571428571427
19845,0.3712142857142857
14709,0.5010714285714286
86121,0.21285714285714286
50416,0.8947857142857143
39496,0.0515
92117,0.8494285714285714
41500,0.3802857142857143
90525,0.6155714285714285
55859,0.151
59665,0.01807142857142857
62490,0.6001428571428571
15347,0.36914285714285716
104307,0.41728571428571426
74223,0.5828571428571429
11063,0.993
83506,0.6182857142857143
6916,0.11492857142857144
79549,0.4835
80961,0.9833571428571428
55185,0.45735714285714285
86688,0.7791428571428571
38336,0.0032142857142857142
75289,0.17614285714285716
31850,0.037
67058,0.28885714285714287
3142,0.8017142857142857
20576,0.31107142857142855
58998,0.723
74310,0.7546428571428572
20310,0.9989285714285714
79457,0.922
54490,0.15771428571428572
5551,0.347
26589,0.8694285714285714
30949,0.5693571428571429
80634,0.22835714285714287
24053,0.224
105705,0.7507857142857143
71481,0.4169285714285714
76219,0.7998571428571428
13259,0.973
10688,0.6624285714285715
53517,0.38
43806,0.9849285714285714
21306,0.0695
58650,0.3425
42221,0.5784285714285714
28489,0.15878571428571428
105906,0.9827142857142858
44764,0.8844285714285715
51940,0.8905
53776,0.054857142857142854
74872,0.020285714285714285
86885,0.7546428571428572
14008,0.469
80154,0.18121428571428572
30459,0.14978571428571427
36850,0.5622857142857143
19357,0.3673571428571429
103820,0.6892857142857143
77806,0.7900714285714285
43592,0.9457142857142857
91314,0.285
102915,0.9441428571428572
83656,0.8092142857142857
34066,0.09778571428571428
65063,0.45671428571428574
105304,0.6845714285714286
94799,0.9822142857142857
81931,0.7187142857142857
102755,0.911
91521,0.8156428571428571
105307,0.5827142857142857
4994,0.38407142857142856
55303,0.9967142857142857
13462,0.259
48714,0.3524285714285714
18107,0.08735714285714286
47219,0.2367857142857143
69705,0.7833571428571429
49115,0.35214285714285715
24789,0.3297857142857143
54685,0.9284285714285714
13191,0.20735714285714285
70514,0.16307142857142856
97653,0.05107142857142857
49100,0.7575
66241,0.8346428571428571
75096,0.30378571428571427
51437,0.7895
3485,0.6814285714285714
73283,0.23192857142857143
78073,0.349
60245,0.2904285714285714
91386,0.21942857142857142
84247,0.30935714285714283
46800,0.137
89578,0.2752857142857143
102579,0.517
60142,0.32257142857142856
12605,0.18328571428571427
94193,0.15321428571428572
3262,0.5059285714285714
89167,0.6267857142857143
89102,0.021857142857142856
98102,0.3915
92864,0.49742857142857144
4026,0.8670714285714286
78523,0.04535714285714286
66934,0.08835714285714286
30775,0.020714285714285713
77984,0.9864285714285714
61830,0.7227857142857143
86793,0.20442857142857143
3088,0.13414285714285715
92361,0.39
70055,0.9337857142857143
7589,0.6155
7321,0.2577857142857143
53376,0.7479285714285714
61157,0.25485714285714284
19255,0.42457142857142854
52728,0.414
92812,0.7906428571428571
7334,0.2047142857142857
77022,0.9051428571428571
1514,0.5034285714285714
3021,0.2552857142857143
72,0.9912142857142857
51949,0.23942857142857144
39748,0.20685714285714285
24668,0.22442857142857142
69159,0.8445714285714285
299,0.5047857142857143
88560,0.7437857142857143
53647,0.9629285714285715
37116,0.359
88047,0.5407857142857143
104297,0.7187857142857143
18150,0.09214285714285714
41495,0.6022142857142857
87072,0.9421428571428572
84509,0.0605
66345,0.10571428571428572
85910,0.5634285714285714
93319,0.36128571428571427
99571,0.19228571428571428
69020,0.3072142857142857
45649,0.7954285714285714
19278,0.7232857142857143
39419,0.9260714285714285
90724,0.008071428571428571
29701,0.02142857142857143
95971,0.7507857142857143
88105,0.6097857142857143
34031,0.29564285714285715
6197,0.4347857142857143
80768,0.11571428571428571
101621,0.9397142857142857
50213,0.4382142857142857
29831,0.9968571428571429
97230,0.43464285714285716
6515,0.31942857142857145
44625,0.3167142857142857
80198,0.5105714285714286
31448,0.1947142857142857
92797,0.6456428571428572
81488,0.3372857142857143
82624,0.3380714285714286
101000,0.731
68204,0.9515714285714286
106980,0.8373571428571429
46656,0.316
29895,0.6139285714285714
48271,0.319
59674,0.2742142857142857
17209,0.5017142857142857
70143,0.8908571428571429
22053,0.22407142857142856
29008,0.20314285714285715
2770,0.09014285714285715
101525,0.9140714285714285
87696,0.010714285714285714
39562,0.17014285714285715
49435,0.5742857142857143
40823,0.5878571428571429
63705,0.43464285714285716
56819,0.8341428571428572
97881,0.449
6760,0.9008571428571429
28540,0.015928571428571427
78209,0.2522142857142857
91063,0.2235
102830,0.8107142857142857
18571,0.9948571428571429
40967,0.02107142857142857
64391,0.17614285714285716
71605,0.6990714285714286
8656,0.18492857142857144
23453,0.04607142857142857
8292,0.6438571428571429
68623,0.21685714285714286
70141,0.9232857142857143
93759,0.24778571428571428
47030,0.9857142857142858
56920,0.5141428571428571
58010,0.6711428571428572
71866,0.5781428571428572
7377,0.8701428571428571
6387,0.9386428571428571
73694,0.08014285714285714
34839,0.472
8274,0.32671428571428573
10859,0.6062142857142857
98069,0.34985714285714287
50225,0.9550714285714286
33496,0.6903571428571429
97355,0.9916428571428572
77204,0.163
51034,0.9903571428571428
98613,0.5139285714285714
102538,0.7402142857142857
26262,0.8822857142857143
27246,0.027642857142857143
61517,0.7760714285714285
48877,0.23342857142857143
97466,0.5932142857142857
20765,0.3372857142857143
50907,0.4461428571428571
20357,0.5395
89118,0.25735714285714284
88826,0.34885714285714287
79998,0.04485714285714286
23686,0.6606428571428572
44738,0.6247857142857143
47441,0.5582857142857143
26675,0.362
89018,0.9621428571428572
54426,0.08285714285714285
26917,0.8833571428571428
39330,0.9685
72454,0.8390714285714286
512,0.8745714285714286
27000,0.8151428571428572
16916,0.4505
82601,0.0315
50585,0.578
90157,0.26914285714285713
99011,0.9671428571428572
11090,0.204
56882,0.34514285714285714
46807,0.0605
26274,0.6377857142857143
21057,0.5741428571428572
107016,0.3171428571428571
29285,0.25064285714285717
26994,0.5520714285714285
54882,0.22578571428571428
97151,0.41878571428571426
101908,0.5277142857142857
58321,0.19678571428571429
72935,0.36014285714285715
35038,0.27985714285714286
31558,0.4477857142857143
30229,0.10807142857142857
66387,0.9574285714285714
106184,0.6212142857142857
32157,0.3047142857142857
37322,0.2739285714285714
97778,0.3861428571428571
100556,0.12714285714285714
21107,0.5990714285714286
14565,0.9069285714285714
106771,0.9460714285714286
31702,0.16357142857142856
28968,0.6512142857142857
15262,0.8912857142857142
106853,0.05171428571428571
84107,0.2575
36081,0.29285714285714287
99310,0.517
85288,0.5592142857142857
31700,0.7887857142857143
69457,0.6358571428571429
65445,0.7223571428571428
51328,0.032
23469,0.7886428571428571
41656,0.5381428571428571
68236,0.8585714285714285
4543,0.22021428571428572
105551,0.004
106499,0.955
33682,0.142
82662,0.805
96711,0.9996428571428572
8946,0.5532857142857143
52833,0.7260714285714286
100177,0.418
75365,0.2739285714285714
56614,0.6555
93146,0.9691428571428572
15623,0.24378571428571427
61031,0.32157142857142856
40030,0.588
63009,0.47828571428571426
50512,0.9394285714285714
33745,0.6765
77126,0.30528571428571427
58831,0.819
85528,0.593
86769,0.1372142857142857
12353,0.6001428571428571
5033,0.018285714285714287
43805,0.6439285714285714
8236,0.9938571428571429
1005,0.32671428571428573
44333,0.05857142857142857
38577,0.8317142857142857
62334,0.8792142857142857
27401,0.17857142857142858
78839,0.5771428571428572
3940,0.8992142857142857
23793,0.5721428571428572
100263,0.9378571428571428
102002,0.9839285714285714
51731,0.5636428571428571
65989,0.9948571428571429
59878,0.9298571428571428
28048,0.23764285714285716
77972,0.1767142857142857
105413,0.8522142857142857
10633,0.9976428571428572
84009,0.06864285714285714
69394,0.31042857142857144
68091,0.9801428571428571
12153,0.9298571428571428
83996,0.6222142857142857
94985,0.9037142857142857
84160,0.9965714285714286
102031,0.43807142857142856
88072,0.5104285714285715
54589,0.1327142857142857
6543,0.134
1951,0.5730714285714286
80496,0.6123571428571428
28686,0.8051428571428572
46858,0.6837142857142857
24178,0.9025
15417,0.7785
61325,0.8062142857142857
96179,0.30464285714285716
19755,0.9962142857142857
80528,0.5856428571428571
35917,0.33914285714285713
85424,0.2135
21490,0.927
55313,0.03735714285714286
13235,0.4382142857142857
17378,0.6214285714285714
3754,0.09014285714285715
7603,0.2852142857142857
38664,0.6711428571428572
75116,0.21871428571428572
65638,0.3615714285714286
53353,0.5113571428571428
100516,0.23757142857142857
18288,0.30414285714285716
85445,0.9402857142857143
67231,0.9272142857142858
72174,0.27914285714285714
34922,0.942
71299,0.8685714285714285
105802,0.18328571428571427
87938,0.3384285714285714
35328,0.5702857142857143
15184,0.4997857142857143
62637,0.2968571428571429
14237,0.8872857142857142
95613,0.5620714285714286
9311,0.5025714285714286
6338,0.3246428571428571
66264,0.34935714285714287
72899,0.6967857142857142
100726,0.4322857142857143
86966,0.48878571428571427
75358,0.015285714285714286
65405,0.5896428571428571
16911,0.16864285714285715
8692,0.5402142857142858
100578,0.054857142857142854
84090,0.21214285714285713
45411,0.7862857142857143
90547,0.6032142857142857
62081,0.38435714285714284
89570,0.8058571428571428
105449,0.6748571428571428
66998,0.5643571428571429
69996,0.7115
56064,0.19228571428571428
103577,0.07964285714285714
35449,0.32607142857142857
35385,0.7122142857142857
39853,0.5715
101610,0.7006428571428571
40619,0.0235
17788,0.5815714285714285
81583,0.5334285714285715
35278,0.40735714285714286
15496,0.8127142857142857
46000,0.3202857142857143
1795,0.9981428571428571
43415,0.9958571428571429
291,0.21435714285714286
38181,0.232
55029,0.9703571428571428
34803,0.47085714285714286
55045,0.833
46367,0.665
62574,0.30707142857142855
94354,0.3309285714285714
96625,0.3687857142857143
21468,0.5065714285714286
76612,0.9355
19753,0.5298571428571428
34261,0.20735714285714285
56113,0.45185714285714285
15452,0.18564285714285714
27416,0.18492857142857144
48539,0.9775714285714285
85145,0.6939285714285715
18354,0.4357142857142857
18244,0.106
55640,0.82
47570,0.06857142857142857
74054,0.30392857142857144
5058,0.26321428571428573
17045,0.7557857142857143
105717,0.6882857142857143
29187,0.9957142857142857
37420,0.4903571428571429
38161,0.4710714285714286
106344,0.6302142857142857
70853,0.2661428571428571
46322,0.4760714285714286
6538,0.29842857142857143
72697,0.8314285714285714
97920,0.6727142857142857
56360,0.2895
40525,0.4777142857142857
46536,0.31992857142857145
74034,0.7349285714285714
43594,0.07142857142857142
100866,0.46535714285714286
38073,0.6115714285714285
59899,0.4710714285714286
3724,0.3425714285714286
79957,0.5022857142857143
13422,0.9455
26786,0.8125
39319,0.41614285714285715
18657,0.7609285714285714
15823,0.1155
102599,0.3075
66427,0.7981428571428572
52079,0.05107142857142857
37002,0.9904285714285714
49086,0.4730714285714286
28115,0.9417142857142857
98844,0.6122142857142857
27917,0.5923571428571428
64994,0.24664285714285714
72140,0.28735714285714287
35277,0.017214285714285713
53684,0.9125714285714286
93054,0.7661428571428571
44188,0.011928571428571429
49190,0.9069285714285714
15979,0.045642857142857145
50195,0.3929285714285714
5878,0.5404285714285715
43508,0.1657857142857143
62207,0.79
76999,0.8820714285714286
30839,0.01792857142857143
40160,0.8697857142857143
86895,0.9912857142857143
104572,0.15814285714285714
20661,0.8945714285714286
94376,0.8848571428571429
549,0.658
33591,0.3055
32334,0.3767857142857143
80680,0.07928571428571428
66911,0.383
101640,0.9736428571428571
55786,0.09064285714285714
50889,0.133
47434,0.9302142857142857
80157,0.6989285714285715
73354,0.17921428571428571
30185,0.013785714285714287
21137,0.07371428571428572
36235,0.8346428571428571
65221,0.5197857142857143
100973,0.7475714285714286
41736,0.30992857142857144
60659,0.6797142857142857
55254,0.43335714285714283
97165,0.7395
45498,0.7892142857142858
36819,0.017285714285714286
2263,0.9657857142857142
19482,0.4714285714285714
481,0.24442857142857144
83893,0.6247857142857143
81124,0.5182857142857142
99520,0.9404285714285714
57905,0.056857142857142856
11179,0.7093571428571429
88133,0.27914285714285714
84405,0.25657142857142856
55684,0.8670714285714286
90310,0.19842857142857143
39133,0.29335714285714287
10350,0.43457142857142855
27036,0.1895
29858,0.9480714285714286
68022,0.29564285714285715
89283,0.36278571428571427
70631,0.8942142857142857
28055,0.42164285714285715
62587,0.24685714285714286
102721,0.7603571428571428
105913,0.9549285714285715
94589,0.599
56437,0.7908571428571428
40514,0.171
102125,0.8992857142857142
40771,0.5067142857142857
44858,0.7523571428571428
98624,0.8592142857142857
92222,0.691
11344,0.7132857142857143
14991,0.18385714285714286
101078,0.5457857142857143
96328,0.18157142857142858
19565,0.39964285714285713
84603,0.49457142857142855
70089,0.08985714285714286
87015,0.4602142857142857
75449,0.5627142857142857
51372,0.8231428571428572
32632,0.24042857142857144
22313,0.18671428571428572
39923,0.3937857142857143
12179,0.819
59346,0.42542857142857143
26935,0.8085714285714286
55296,0.36142857142857143
106127,0.07178571428571429
43033,0.28735714285714287
7375,0.04971428571428571
738,0.6183571428571428
83984,0.4682857142857143
71556,0.5010714285714286
24649,0.6696428571428571
46866,0.07792857142857143
1177,0.338
55964,0.46314285714285713
70811,0.939
3101,0.0955
56164,0.24057142857142857
99319,0.5812142857142857
63891,0.9589285714285715
42324,0.22735714285714287
19250,0.6032142857142857
3836,0.3155
66176,0.5155714285714286
21763,0.6255714285714286
97198,0.8047857142857143
65280,0.9645714285714285
22078,0.7307142857142858
34758,0.8492142857142857
28904,0.4432857142857143
98450,0.8305714285714285
22911,0.6467142857142857
66745,0.6456428571428572
22343,0.2857142857142857
16396,0.32621428571428573
35882,0.8506428571428571
75364,0.9312142857142857
6319,0.9891428571428571
7977,0.11371428571428571
56091,0.9622857142857143
21635,0.5027142857142857
57416,0.9042142857142857
31734,0.4860714285714286
24139,0.2557142857142857
30143,0.6927142857142857
27508,0.22835714285714287
7109,0.8637142857142858
28644,0.9579285714285715
41673,0.2522142857142857
49619,0.1372857142857143
18491,0.3472142857142857
95292,0.9375
9760,0.7145
10222,0.262
80480,0.3605
53545,0.8743571428571428
20625,0.5866428571428571
77596,0.6096428571428572
22175,0.9002142857142857
33721,0.6131428571428571
105986,0.2904285714285714
16798,0.9618571428571429
89143,0.232
63701,0.16664285714285715
44219,0.6813571428571429
54963,0.24628571428571427
39620,0.7014285714285714
56293,0.555
54135,0.2710714285714286
95599,0.7632857142857142
17022,0.4714285714285714
49880,0.956
28119,0.3975
71651,0.999
47348,0.9562857142857143
81945,0.8304285714285714
50920,0.08421428571428571
90637,0.31485714285714284
55655,0.6132857142857143
62941,0.20564285714285716
64372,0.3440714285714286
7304,0.44685714285714284
32520,0.9621428571428572
71344,0.38421428571428573
58410,0.28264285714285714
13184,0.5285
44331,0.8625714285714285
43791,0.4255
17232,0.7733571428571429
54897,0.8907857142857143
765,0.1695
37380,0.6183571428571428
81060,0.34214285714285714
68905,0.8811428571428571
83301,0.11707142857142858
42923,0.3217857142857143
23076,0.9579285714285715
10281,0.4687142857142857
31748,0.6294285714285714
67737,0.8642857142857143
65211,0.11571428571428571
70362,0.9871428571428571
26257,0.97
56940,0.5538571428571428
65813,0.06621428571428571
92988,0.2827857142857143
16122,0.061642857142857145
84680,0.08014285714285714
27274,0.09892857142857144
16499,0.5454285714285714
55898,0.09957142857142857
24751,0.8392142857142857
89006,0.19057142857142856
6031,0.7689285714285714
1205,0.924
51698,0.4034285714285714
67654,0.5347142857142857
25205,0.4005
80702,0.6722857142857143
52308,0.2292142857142857
87803,0.3459285714285714
94807,0.5610714285714286
93477,0.2587857142857143
53829,0.45007142857142857
84772,0.712
228,0.7122142857142857
37489,0.8677857142857143
20495,0.7395714285714285
90411,0.8127142857142857
19363,0.32871428571428574
4982,0.8920714285714286
79133,0.5362142857142858
97768,0.6260714285714286
89516,0.06664285714285714
42386,0.48957142857142855
83318,0.6068571428571429
16592,0.42114285714285715
98504,0.6077142857142858
26521,0.5252142857142857
33722,0.9986428571428572
19597,0.5235
16796,0.9347142857142857
32394,0.6247857142857143
9792,0.7762142857142857
80507,0.8907857142857143
66828,0.111
36837,0.29957142857142854
89000,0.9685
90354,0.1225
24923,0.7757142857142857
78251,0.1615
71058,0.5493571428571429
4675,0.8291428571428572
78882,0.9016428571428572
66181,0.18957142857142859
106231,0.22271428571428573
44901,0.054857142857142854
104733,0.5827857142857142
52939,0.7964285714285714
54295,0.3085
47718,0.9364285714285714
96189,0.9266428571428571
71678,0.22392857142857142
21975,0.8414285714285714
23230,0.6141428571428571
74979,0.27
31343,0.6928571428571428
37690,0.19892857142857143
64014,0.8801428571428571
79553,0.4962857142857143
17285,0.18235714285714286
18395,0.6512142857142857
102935,0.9932142857142857
44006,0.8937857142857143
53481,0.7907142857142857
80909,0.1377857142857143
86409,0.9542142857142857
83439,0.4377857142857143
66298,0.10514285714285715
102980,0.20242857142857143
36916,0.151
83407,0.8322142857142857
102149,0.6115714285714285
57269,0.1662142857142857
72800,0.23707142857142857
93810,0.5584285714285714
89535,0.9170714285714285
79225,0.6705714285714286
74314,0.5828571428571429
89169,0.03321428571428572
96248,0.4527857142857143
95740,0.052714285714285714
64451,0.9770714285714286
58200,0.9401428571428572
63294,0.10664285714285714
99139,0.08821428571428572
43370,0.999
89845,0.09085714285714286
3479,0.5966428571428571
23489,0.4243571428571429
70085,0.5375
54886,0.9746428571428571
94038,0.055
91086,0.6486428571428572
47252,0.15921428571428572
69541,0.9685714285714285
95949,0.06528571428571428
17451,0.6932142857142857
30838,0.9563571428571429
58315,0.5129285714285714
73213,0.6342142857142857
30924,0.6956428571428571
32505,0.466
103443,0.1295
79900,0.5875714285714285
64862,0.6912857142857143
30456,0.5638571428571428
99152,0.5767857142857142
1901,0.5707142857142857
17049,0.9549285714285715
5894,0.7240714285714286
10665,0.4385
30536,0.24728571428571428
50878,0.18335714285714286
92809,0.2725
39864,0.21828571428571428
101957,0.9008571428571429
57285,0.09085714285714286
14329,0.7922142857142858
66872,0.611
94020,0.16785714285714284
48685,0.9277142857142857
27119,0.43164285714285716
46397,0.19307142857142856
10133,0.8478571428571429
36017,0.022214285714285714
37527,0.3332857142857143
76263,0.2042142857142857
2560,0.5272142857142857
2662,0.9792857142857143
106427,0.08835714285714286
40163,0.09728571428571428
100345,0.7511428571428571
98682,0.9079285714285714
25789,0.10714285714285714
67820,0.8312857142857143
59591,0.8473571428571428
2269,0.1742142857142857
19494,0.17914285714285713
79641,0.18892857142857142
14432,0.44821428571428573
94686,0.43557142857142855
46365,0.7823571428571429
52584,0.3510714285714286
89365,0.9365
81199,0.7685
70712,0.7357857142857143
63089,0.4812142857142857
52567,0.5996428571428571
41571,0.051
47361,0.07971428571428571
73083,0.18992857142857142
90557,0.42707142857142855
64735,0.3419285714285714
71108,0.2367857142857143
87464,0.3955714285714286
70003,0.24057142857142857
17270,0.08335714285714285
20924,0.8527857142857143
27207,0.0145
93294,0.6828571428571428
19858,0.44871428571428573
22,0.458
49371,0.9707142857142858
85587,0.8905
65258,0.5598571428571428
81090,0.19457142857142856
28146,0.2970714285714286
68187,0.41264285714285714
39921,0.1055
26644,0.29228571428571426
43284,0.416
94367,0.5504285714285714
72801,0.17214285714285715
14197,0.4539285714285714
26273,0.3727857142857143
61001,0.24421428571428572
47789,0.9062857142857143
67460,0.3172142857142857
57393,0.47714285714285715
36379,0.4739285714285714
94624,0.8012857142857143
615,0.4104285714285714
72048,0.7772857142857142
66036,0.39914285714285713
14899,0.32621428571428573
105042,0.2407857142857143
99430,0.3655
18239,0.9696428571428571
15965,0.128
72704,0.3593571428571429
13018,0.4198571428571429
23958,0.45535714285714285
41950,0.5035
105425,0.7868571428571428
87752,0.8765714285714286
7327,0.008142857142857143
16772,0.06528571428571428
13973,0.739
27322,0.4095
55624,0.8231428571428572
83263,0.40535714285714286
29260,0.3334285714285714
8978,0.13242857142857142
17217,0.5782142857142857
35489,0.013785714285714287
43040,0.031857142857142855
90491,0.41435714285714287
34960,0.5149285714285714
99779,0.901
9631,0.5622857142857143
82917,0.46235714285714286
28657,0.44771428571428573
72365,0.9563571428571429
24415,0.4827142857142857
84084,0.8620714285714286
4944,0.41914285714285715
81767,0.7026428571428571
100930,0.5625714285714286
30692,0.8207142857142857
56344,0.5928571428571429
98782,0.9477857142857142
2164,0.22542857142857142
24949,0.07064285714285715
103937,0.9949285714285714
93064,0.2092857142857143
37866,0.35514285714285715
23562,0.9697142857142858
105861,0.1342142857142857
20541,0.7695
88399,0.05042857142857143
37955,0.779
31536,0.07942857142857143
46676,0.7464285714285714
35175,0.5717142857142857
100936,0.3375714285714286
101447,0.007214285714285714
11041,0.8335
42194,0.8543571428571428
99532,0.23014285714285715
46596,0.2867142857142857
21233,0.44857142857142857
27154,0.9760714285714286
53112,0.04271428571428571
5790,0.7889285714285714
64198,0.09821428571428571
70538,0.8734285714285714
26779,0.45007142857142857
1691,0.47614285714285715
81757,0.9705714285714285
15392,0.6788571428571428
1332,0.2305
53535,0.8178571428571428
102852,0.8117142857142857
105946,0.13278571428571428
10256,0.5142142857142857
82927,0.9093571428571429
30371,0.7876428571428571
46489,0.8112857142857143
58019,0.023642857142857143
71955,0.8305714285714285
37356,0.3727857142857143
42292,0.42557142857142854
20087,0.008571428571428572
24074,0.6473571428571429
64692,0.017785714285714287
96112,0.134
55120,0.2727857142857143
51971,0.06964285714285715
27252,0.49264285714285716
77781,0.30192857142857144
13135,0.4437857142857143
33840,0.22714285714285715
78330,0.9172142857142858
84185,0.49057142857142855
42654,0.6272857142857143
17109,0.3693571428571429
60530,0.0485
32772,0.5987142857142858
49208,0.34835714285714287
94561,0.3067857142857143
16723,0.785
79821,0.4170714285714286
6106,0.491
78275,0.12264285714285714
7689,0.8072857142857143
2328,0.01892857142857143
66480,0.22178571428571428
37355,0.5017142857142857
80884,0.7835714285714286
103705,0.8279285714285715
59714,0.1747857142857143
100837,0.3055
56301,0.232
5411,0.10492857142857143
9658,0.017714285714285714
39760,0.6680714285714285
23202,0.1955
48343,0.9915714285714285
91294,0.3605
74660,0.6597857142857143
6399,0.7632857142857142
9119,0.48807142857142854
58061,0.5206428571428572
28351,0.8589285714285714
105514,0.1657857142857143
53114,0.33085714285714285
20750,0.5706428571428571
46578,0.23214285714285715
52358,0.4938571428571429
98343,0.8802142857142857
89694,0.28714285714285714
12697,0.654
73166,0.3975
80002,0.3875
41069,0.32535714285714284
2034,0.6722857142857143
8928,0.0555
68185,0.8767857142857143
83161,0.8132142857142857
12405,0.05857142857142857
3471,0.41614285714285715
66568,0.3469285714285714
105055,0.077
67896,0.21057142857142858
15905,0.9912857142857143
65908,0.5538571428571428
54125,0.6077857142857143
4385,0.9047857142857143
41533,0.9937857142857143
4209,0.5348571428571428
6676,0.16435714285714287
54989,0.9025714285714286
46181,0.9714285714285714
61799,0.04485714285714286
22469,0.5422857142857143
107157,0.8769285714285714
20637,0.8865714285714286
57612,0.16585714285714287
83711,0.5552142857142857
39352,0.7928571428571428
7947,0.6309285714285714
7607,0.5800714285714286
68904,0.6534285714285715
37781,0.162
79615,0.10942857142857143
18733,0.8167142857142857
12398,0.3896428571428571
66207,0.17535714285714285
56608,0.31314285714285717
102448,0.9894285714285714
12244,0.9805714285714285
4832,0.3610714285714286
42673,0.7765714285714286
903,0.8977142857142857
37244,0.1545
69436,0.6872142857142857
25689,0.9905714285714285
39049,0.6740714285714285
102646,0.042
68325,0.08335714285714285
57463,0.4407142857142857
48178,0.01842857142857143
23014,0.5760714285714286
80092,0.3450714285714286
103270,0.5777857142857142
23921,0.8548571428571429
64591,0.28
91253,0.8232857142857143
31515,0.7498571428571429
26218,0.38585714285714284
15596,0.4208571428571429
13413,0.3132142857142857
11049,0.36742857142857144
82461,0.5565
11982,0.9138571428571428
65915,0.44757142857142856
40511,0.048785714285714286
22433,0.6575
58141,0.38535714285714284
2750,0.43807142857142856
25979,0.9358571428571428
10155,0.7227857142857143
99776,0.8824285714285715
40215,0.2502142857142857
105401,0.28985714285714287
2384,0.7804285714285715
69519,0.08207142857142857
83363,0.5430714285714285
37895,0.939
98191,0.7548571428571429
98740,0.5829285714285715
88686,0.9126428571428571
106492,0.5805714285714285
74955,0.40285714285714286
39688,0.7414285714285714
86780,0.30814285714285716
28423,0.2412857142857143
54109,0.9368571428571428
72700,0.09607142857142857
60079,0.35278571428571426
68108,0.44621428571428573
72120,0.027
40885,0.0345
101144,0.8707857142857143
68920,0.5564285714285714
8266,0.7712142857142857
29163,0.8902857142857142
57837,0.8538571428571429
26281,0.14157142857142857
81402,0.098
39021,0.029857142857142856
61529,0.36914285714285716
52587,0.23614285714285715
56985,0.9658571428571429
63064,0.8232857142857143
94357,0.04392857142857143
91353,0.12414285714285714
85931,0.7423571428571428
4918,0.9860714285714286
50729,0.25285714285714284
57826,0.5912857142857143
71191,0.2715714285714286
105774,0.8577142857142858
10023,0.4529285714285714
41218,0.5108571428571429
98238,0.1747142857142857
37995,0.30514285714285716
83325,0.24392857142857144
51447,0.02292857142857143
94497,0.27914285714285714
30670,0.4084285714285714
13858,0.207
34727,0.9142857142857143
52123,0.2537142857142857
52200,0.7188571428571429
21611,0.8373571428571429
65726,0.10764285714285714
36502,0.4887142857142857
102741,0.6015714285714285
92910,0.3605
66329,0.5957142857142858
46266,0.6281428571428571
93789,0.23992857142857144
74483,0.8095714285714286
82877,0.8787142857142857
19578,0.7143571428571428
3150,0.8522142857142857
7795,0.12928571428571428
100091,0.8282857142857143
83204,0.03521428571428571
80606,0.9800714285714286
44874,0.7267857142857143
93047,0.8892857142857142
93488,0.6948571428571428
1805,0.26821428571428574
62917,0.9193571428571429
17899,0.4072857142857143
3849,0.5517857142857143
7118,0.37157142857142855
88547,0.05778571428571429
97092,0.4770714285714286
44105,0.2857857142857143
37481,0.7622857142857142
33563,0.30614285714285716
61042,0.7495
41714,0.16357142857142856
70454,0.115
59857,0.5392142857142858
51036,0.335
69184,0.0345
3234,0.21771428571428572
74841,0.35528571428571426
23186,0.6400714285714286
27181,0.812
100045,0.019928571428571427
28886,0.7609285714285714
73093,0.622
900,0.8739285714285714
19020,0.7806428571428572
88602,0.4084285714285714
22700,0.6612857142857143
7526,0.10657142857142857
33457,0.8197142857142857
76909,0.6781428571428572
35423,0.7742857142857142
81166,0.16935714285714284
13660,0.9285714285714286
14412,0.897
15714,0.9297142857142857
22063,0.32735714285714285
61727,0.7455
106614,0.8062142857142857
87164,0.9815714285714285
46710,0.3427142857142857
19162,0.814
3254,0.9762857142857143
9038,0.1677142857142857
95150,0.19735714285714287
95704,0.14
83830,0.39785714285714285
71414,0.36907142857142855
38616,0.30028571428571427
103614,0.04814285714285714
88630,0.898
52521,0.32042857142857145
93076,0.9967142857142857
89485,0.9680714285714286
40660,0.6768571428571428
62817,0.19435714285714287
34049,0.48807142857142854
43571,0.7160714285714286
60077,0.8275
40460,0.9317857142857143
22185,0.9892857142857143
15237,0.2552857142857143
66961,0.032785714285714286
67110,0.5238571428571429
40897,0.5732857142857143
80317,0.14857142857142858
83200,0.10721428571428572
25955,0.6032857142857143
60010,0.9871428571428571
912,0.3077142857142857
21643,0.3842857142857143
30001,0.06742857142857143
71796,0.28885714285714287
74445,0.8580714285714286
14690,0.8035
45915,0.28114285714285714
71040,0.9951428571428571
19444,0.8171428571428572
101898,0.6484285714285715
19483,0.6312142857142857
45070,0.5295714285714286
96007,0.8486428571428571
8226,0.5007857142857143
14087,0.6269285714285714
19621,0.475
68803,0.015857142857142858
28496,0.2352857142857143
15223,0.4514285714285714
71389,0.3578571428571429
18222,0.07335714285714286
63426,0.165
2400,0.16957142857142857
90638,0.8332142857142857
93030,0.6326428571428572
47044,0.4072142857142857
95745,0.6574285714285715
93733,0.14564285714285713
9250,0.1322142857142857
12306,0.10478571428571429
64916,0.7262857142857143
97639,0.4285
93987,0.4362142857142857
69833,0.6161428571428571
65147,0.49357142857142855
1571,0.7271428571428571
52732,0.37942857142857145
24727,0.2864285714285714
36305,0.5162142857142857
33909,0.9827142857142858
36684,0.6422857142857142
88787,0.5081428571428571
5125,0.9749285714285715
96456,0.256
100451,0.9143571428571429
672,0.8354285714285714
2769,0.5452857142857143
9242,0.014357142857142857
36840,0.8045714285714286
92915,0.9172857142857143
53862,0.054857142857142854
92411,0.5200714285714285
2898,0.7635714285714286
19531,0.3926428571428571
47770,0.838
94350,0.40014285714285713
89205,0.09085714285714286
59271,0.24657142857142858
73559,0.8505714285714285
35876,0.21328571428571427
1124,0.6607142857142857
55758,0.22842857142857143
27800,0.782
95921,0.2869285714285714
90850,0.9121428571428571
67816,0.5385714285714286
70511,0.22328571428571428
12435,0.7727142857142857
82454,0.2601428571428571
78358,0.8188571428571428
46740,0.2965
100956,0.14857142857142858
92319,0.29014285714285715
18044,0.38171428571428573
23905,0.14864285714285713
5811,0.9149285714285714
81252,0.45435714285714285
62867,0.14464285714285716
41210,0.8610714285714286
43549,0.23857142857142857
103807,0.647
60885,0.2789285714285714
7522,0.5255
85303,0.9315714285714286
106575,0.1432857142857143
20611,0.4462857142857143
71692,0.7390714285714286
2623,0.31585714285714284
35836,0.49257142857142855
20442,0.12042857142857143
61523,0.17614285714285716
77677,0.13242857142857142
80546,0.33421428571428574
36731,0.26292857142857146
406,0.8925714285714286
76807,0.6581428571428571
30786,0.29864285714285715
33955,0.002214285714285714
97280,0.274
59464,0.2958571428571429
67539,0.9284285714285714
24006,0.27814285714285714
10504,0.9979285714285714
4761,0.7658571428571429
17116,0.5645714285714286
45348,0.35928571428571426
27158,0.6558571428571428
95018,0.519
52617,0.39514285714285713
92514,0.5245714285714286
16579,0.15528571428571428
88082,0.3936428571428571
63377,0.9265714285714286
100532,0.15164285714285713
57329,0.03557142857142857
16635,0.9515
6974,0.01792857142857143
17773,0.19857142857142857
8296,0.3311428571428571
99140,0.9260714285714285
55910,0.6529285714285714
18845,0.7948571428571428
75295,0.9579285714285715
21725,0.1632142857142857
22226,0.6050714285714286
96840,0.27585714285714286
70051,0.2705
34100,0.5975714285714285
57844,0.6453571428571429
70993,0.06535714285714286
66414,0.7232857142857143
46674,0.27185714285714285
93752,0.4377142857142857
92435,0.984
37500,0.5860714285714286
56853,0.6086428571428572
9443,0.934
99816,0.7098571428571429
8717,0.004142857142857143
75599,0.525
81971,0.6585
85158,0.08764285714285715
39350,0.1345
52049,0.5337142857142857
82140,0.10792857142857143
6755,0.42914285714285716
20683,0.6045714285714285
83701,0.7647857142857143
75241,0.8565714285714285
95970,0.1392857142857143
101659,0.031714285714285716
47233,0.6045714285714285
86028,0.506
41131,0.1757857142857143
54595,0.38607142857142857
77569,0.03157142857142857
11808,0.21371428571428572
92335,0.7115
77221,0.7315714285714285
58213,0.07242857142857143
81687,0.0485
88983,0.08485714285714285
103781,0.06585714285714285
5839,0.9781428571428571
50704,0.3955714285714286
41307,0.319
66524,0.9797142857142858
66762,0.25292857142857145
37291,0.1387142857142857
35582,0.04557142857142857
95763,0.8590714285714286
57070,0.5597857142857143
98262,0.7002142857142857
102454,0.0345
77409,0.7296428571428571
96948,0.135
63730,0.07242857142857143
96065,0.10628571428571429
19142,0.8333571428571429
80975,0.9798571428571429
45052,0.8305714285714285
72532,0.5835
35240,0.08485714285714285
4074,0.8627142857142858
3116,0.026214285714285714
40238,0.2282142857142857
83980,0.9025714285714286
71077,0.45535714285714285
36494,0.7267857142857143
102186,0.9700714285714286
8686,0.46064285714285713
33403,0.9495
94903,0.5300714285714285
98535,0.35364285714285715
21363,0.8102142857142857
27301,0.5834285714285714
62190,0.2537857142857143
194,0.5172857142857142
59599,0.6430714285714285
41074,0.8937142857142857
27736,0.9637857142857142
68224,0.16914285714285715
2846,0.7266428571428571
73329,0.2601428571428571
5316,0.4208571428571429
2706,0.03142857142857143
18783,0.5895
7565,0.3117142857142857
71519,0.027142857142857142
51119,0.5988571428571429
73556,0.10692857142857143
3629,0.5029285714285714
96197,0.7682142857142857
76831,0.6535
41283,0.6293571428571428
57436,0.27035714285714285
55158,0.9282857142857143
13294,0.02292857142857143
36363,0.4602857142857143
92465,0.3894285714285714
12609,0.8455
73237,0.0815
106084,0.9935714285714285
425,0.6490714285714285
16773,0.8612857142857143
102694,0.9597142857142857
75930,0.5972857142857143
76772,0.7426428571428572
73463,0.43514285714285716
35492,0.6150714285714286
100962,0.3387142857142857
58898,0.1895
18809,0.4252142857142857
76369,0.5457142857142857
103775,0.6646428571428571
50947,0.25657142857142856
107105,0.12264285714285714
52820,0.6337857142857143
35491,0.9549285714285715
23943,0.5553571428571429
28067,0.348
2091,0.783
19327,0.8202857142857143
45743,0.8687142857142857
11684,0.416
37212,0.8667857142857143
98860,0.9627142857142857
70244,0.4255
87254,0.5848571428571429
81809,0.42478571428571427
39662,0.9383571428571429
18993,0.7304285714285714
102329,0.09692857142857143
71104,0.9394285714285714
103136,0.8132857142857143
62301,0.4765714285714286
97951,0.5337142857142857
12261,0.38185714285714284
29607,0.35485714285714287
64961,0.4524285714285714
105560,0.11478571428571428
14058,0.3399285714285714
25224,0.3667142857142857
97216,0.31842857142857145
66479,0.9796428571428571
43400,0.44485714285714284
103361,0.9621428571428572
71857,0.30942857142857144
102951,0.676
70474,0.8557142857142858
1561,0.9757857142857143
1056,0.40635714285714286
5929,0.2522142857142857
3326,0.2784285714285714
472,0.2557857142857143
105328,0.9894285714285714
18584,0.9185714285714286
14336,0.6542142857142857
38718,0.7581428571428571
81705,0.038785714285714284
90578,0.9430714285714286
21136,0.5008571428571429
96526,0.5847857142857142
70688,0.5677857142857143
32076,0.39371428571428574
79227,0.5799285714285715
70403,0.5420714285714285
36172,0.266
69145,0.7305714285714285
79692,0.04957142857142857
92917,0.059571428571428574
85506,0.8591428571428571
15441,0.8909285714285714
102805,0.3697142857142857
53322,0.0032142857142857142
53628,0.30642857142857144
67053,0.2747857142857143
49664,0.24478571428571427
52379,0.38585714285714284
89927,0.42
79306,0.8415
61848,0.6994285714285714
59894,0.8222857142857143
6343,0.08171428571428571
49379,0.6788571428571428
43932,0.30514285714285716
51891,0.3135
47684,0.6504285714285715
42368,0.45457142857142857
94677,0.8955
81349,0.7155
101549,0.232
102583,0.35992857142857143
102751,0.40585714285714286
73545,0.38585714285714284
87746,0.9567857142857142
91360,0.8825714285714286
50130,0.06157142857142857
86506,0.7392142857142857
43251,0.9338571428571428
82991,0.8708571428571429
1196,0.4769285714285714
35346,0.8209285714285715
95915,0.7319285714285715
50942,0.5917142857142857
94004,0.966
67116,0.9443571428571429
85848,0.04242857142857143
92443,0.9365
27564,0.1665
1052,0.04864285714285714
56865,0.6255714285714286
71213,0.588
97167,0.10571428571428572
31611,0.7238571428571429
97081,0.7375714285714285
85914,0.34714285714285714
77780,0.5254285714285715
79735,0.10914285714285714
38070,0.7414285714285714
104624,0.3509285714285714
85892,0.34435714285714286
61573,0.9551428571428572
106356,0.5856428571428571
32933,0.5452142857142858
68606,0.8322142857142857
26191,0.04642857142857143
72996,0.9981428571428571
14888,0.5553571428571429
15547,0.7055
82169,0.5530714285714285
79334,0.9970714285714286
71949,0.6132857142857143
34097,0.09085714285714286
34726,0.2537142857142857
35190,0.8511428571428571
102937,0.16842857142857143
47205,0.9103571428571429
53487,0.42992857142857144
32023,0.4845
84844,0.24685714285714286
31030,0.6091428571428571
594,0.9830714285714286
95995,0.02057142857142857
29256,0.34885714285714287
28103,0.9515
101705,0.5945
54597,0.5384285714285715
86133,0.9677857142857142
48719,0.48192857142857143
13481,0.3492857142857143
56647,0.5207857142857143
103100,0.18485714285714286
61338,0.7317857142857143
1745,0.4337142857142857
44981,0.925
21909,0.6722857142857143
63191,0.45721428571428574
105688,0.9842142857142857
50576,0.4539285714285714
59004,0.81
78710,0.0335
81266,0.4645
53011,0.5022857142857143
59454,0.7646428571428572
62370,0.5893571428571428
15436,0.8180714285714286
47496,0.224
46929,0.31921428571428573
31547,0.11207142857142857
40230,0.036571428571428574
72864,0.31921428571428573
96419,0.2455
100337,0.8388571428571429
16843,0.2789285714285714
31034,0.1895
21759,0.7323571428571428
46175,0.9935
30282,0.9938571428571429
38301,0.30392857142857144
29861,0.1377857142857143
31215,0.3105
75124,0.07685714285714286
49611,0.11707142857142858
79184,0.6194285714285714
98827,0.9187857142857143
53215,0.9454285714285714
67845,0.8681428571428571
103204,0.6644285714285715
30524,0.9397142857142857
59626,0.7832142857142858
74164,0.9934285714285714
33755,0.86
86222,0.4303571428571429
41359,0.8780714285714286
88380,0.030214285714285714
34779,0.8368571428571429
20786,0.471
27313,0.8169285714285714
1923,0.4258571428571429
50465,0.1357142857142857
18269,0.24464285714285713
101096,0.9618571428571429
51741,0.6264285714285714
2655,0.03364285714285714
51362,0.128
28358,0.6193571428571428
89742,0.34685714285714286
79000,0.32821428571428574
20164,0.5341428571428571
27133,0.508
22732,0.24207142857142858
56571,0.8893571428571428
67016,0.6629285714285714
75456,0.03592857142857143
17639,0.11642857142857142
72842,0.13242857142857142
12597,0.8027142857142857
6071,0.5059285714285714
67489,0.3969285714285714
43846,0.9511428571428572
7860,0.2606428571428571
46167,0.5027857142857143
1043,0.23064285714285715
19831,0.22178571428571428
36952,0.6106428571428572
14413,0.9518571428571428
101104,0.13642857142857143
29305,0.09085714285714286
14320,0.7207142857142858
83868,0.3177142857142857
19295,0.6747142857142857
50380,0.9307142857142857
41683,0.7044285714285714
11830,0.5334285714285715
76290,0.954
27478,0.3027142857142857
10160,0.36578571428571427
34859,0.7609285714285714
17876,0.22735714285714287
89367,0.6076428571428572
62132,0.852
79903,0.42792857142857144
99802,0.8367857142857142
91027,0.6162857142857143
31945,0.0935
103290,0.8385
77395,0.6094285714285714
39151,0.10321428571428572
14446,0.8052142857142857
56349,0.8758571428571429
84526,0.8738571428571429
62866,0.7507857142857143
48188,0.2720714285714286
1284,0.10507142857142857
34337,0.04335714285714286
73565,0.7443571428571428
93997,0.24321428571428572
94490,0.44057142857142856
104352,0.9299285714285714
96339,0.6585714285714286
85425,0.9395714285714286
1773,0.43807142857142856
81364,0.23107142857142857
7846,0.7689285714285714
67297,0.6898571428571428
4437,0.48957142857142855
83380,0.233
32965,0.13707142857142857
11367,0.647
11935,0.8383571428571429
67673,0.7876428571428571
73183,0.11628571428571428
106947,0.05357142857142857
61526,0.08335714285714285
19961,0.9417142857142857
64622,0.1155
45930,0.8333571428571429
31971,0.3877857142857143
75761,0.5056428571428572
63725,0.6403571428571428
76687,0.42242857142857143
92060,0.8285714285714286
100387,0.052071428571428574
98217,0.4015
81871,0.2797857142857143
16317,0.30578571428571427
66790,0.6318571428571429
82663,0.6552857142857142
73834,0.7722857142857142
21347,0.8051428571428572
86955,0.8799285714285714
86852,0.5075
68457,0.116
88093,0.2651428571428571
81164,0.34485714285714286
61819,0.8355714285714285
13012,0.6519285714285714
13155,0.04642857142857143
15783,0.8052142857142857
15673,0.17735714285714285
35925,0.9539285714285715
106969,0.3157857142857143
25640,0.17192857142857143
97931,0.6879285714285714
50074,0.15778571428571428
29649,0.3732142857142857
91931,0.07928571428571428
61722,0.32821428571428574
20287,0.3186428571428571
76463,0.8264285714285714
62710,0.8812142857142857
35255,0.35214285714285715
85906,0.27835714285714286
11618,0.9957142857142857
94378,0.9175714285714286
100329,0.3335
17723,0.1972857142857143
39882,0.3073571428571429
11795,0.9666428571428571
66789,0.9815714285714285
102765,0.5383571428571429
13650,0.9334285714285714
97337,0.33685714285714285
23806,0.5364285714285715
34279,0.3186428571428571
98949,0.5267142857142857
82142,0.622
15659,0.6756428571428571
63656,0.7635714285714286
40763,0.029642857142857144
80836,0.3027142857142857
104849,0.9354285714285714
86473,0.30228571428571427
51194,0.42564285714285716
66403,0.019428571428571427
271,0.5818571428571429
2273,0.061285714285714284
81275,0.16457142857142856
14715,0.7049285714285715
57319,0.09085714285714286
35197,0.27714285714285714
98220,0.8211428571428572
94959,0.7215
91613,0.7219285714285715
94534,0.027
81910,0.7685
76649,0.15914285714285714
23354,0.39621428571428574
40827,0.8695
78654,0.06628571428571428
73369,0.04971428571428571
67659,0.8622142857142857
34111,0.6278571428571429
102361,0.5659285714285714
37171,0.965
27744,0.7854285714285715
53767,0.5592857142857143
42072,0.9144285714285715
53742,0.09485714285714286
46497,0.8817142857142857
35788,0.9204285714285714
88746,0.9355
4922,0.28764285714285714
41718,0.332
8802,0.008
38604,0.3522142857142857
57098,0.8627142857142858
13275,0.49942857142857144
18055,0.7696428571428572
49524,0.024785714285714286
76101,0.5870714285714286
66332,0.18657142857142858
91441,0.565
81061,0.004071428571428571
96013,0.15371428571428572
33186,0.4012857142857143
75009,0.2015
73082,0.48478571428571426
3525,0.26571428571428574
1836,0.5896428571428571
34802,0.22835714285714287
19758,0.21757142857142858
15902,0.7950714285714285
23441,0.37635714285714283
57798,0.02957142857142857
68964,0.5507142857142857
68435,0.5996428571428571
26294,0.3665
45844,0.1742142857142857
60688,0.6503571428571429
95472,0.6382142857142857
39837,0.32607142857142857
46184,0.8705
64478,0.6767142857142857
55688,0.416
89513,0.046285714285714284
34602,0.9103571428571429
25366,0.8179285714285714
44642,0.5867857142857142
66923,0.722
83881,0.18871428571428572
13996,0.9457142857142857
6535,0.6747142857142857
75328,0.09585714285714286
69789,0.4590714285714286
102472,0.19985714285714284
27005,0.262
94773,0.7884285714285715
39038,0.8521428571428571
59584,0.30935714285714283
75032,0.4630714285714286
94365,0.448
86729,0.5804285714285714
103277,0.4115714285714286
96803,0.8829285714285714
58216,0.6772142857142858
59839,0.6545
98342,0.06292857142857143
60175,0.8052142857142857
82073,0.8907142857142857
93301,0.9806428571428571
63588,0.7067857142857142
27987,0.9857142857142858
80054,0.9001428571428571
28762,0.8655
92627,0.439
37981,0.842
103582,0.03435714285714286
26564,0.30607142857142855
54394,0.24592857142857144
44332,0.3294285714285714
22138,0.7273571428571428
94855,0.8858571428571429
4632,0.07828571428571429
32784,0.1915
32830,0.7073571428571429
5631,0.04607142857142857
16808,0.08492857142857142
99344,0.5934285714285714
62996,0.5148571428571429
94028,0.44642857142857145
23890,0.8817142857142857
65380,0.7884285714285715
227,0.23457142857142857
67725,0.6865
104891,0.2587857142857143
28004,0.31842857142857145
83787,0.17285714285714285
29242,0.48857142857142855
19087,0.4732142857142857
21662,0.9615714285714285
80430,0.8964285714285715
11521,0.15292857142857144
5769,0.3717857142857143
81749,0.8595714285714285
48697,0.9139285714285714
48172,0.9618571428571429
53034,0.1175
19406,0.7704285714285715
96433,0.2737142857142857
31600,0.836
27238,0.0012857142857142856
99691,0.9222857142857143
82316,0.6749285714285714
47283,0.916
97742,0.59
22508,0.8612857142857143
49085,0.003928571428571429
35900,0.9412857142857143
87088,0.3017142857142857
24902,0.7834285714285715
94494,0.20435714285714285
28022,0.9785
2059,0.7454285714285714
12010,0.8576428571428572
57179,0.8471428571428572
43643,0.6975714285714286
49136,0.3507142857142857
43229,0.14642857142857144
94695,0.7319285714285715
35330,0.038285714285714284
68583,0.03892857142857143
35691,0.5926428571428571
58106,0.5651428571428572
49013,0.36442857142857144
4021,0.7315714285714285
9736,0.6415
16976,0.8411428571428572
60727,0.7204285714285714
22616,0.45371428571428574
94363,0.016928571428571428
102735,0.5101428571428571
73328,0.4845714285714286
82486,0.06428571428571428
45754,0.0995
52339,0.03357142857142857
27609,0.27035714285714285
75284,0.37264285714285716
31833,0.39307142857142857
43459,0.7258571428571429
43426,0.7546428571428572
16966,0.36942857142857144
67316,0.3490714285714286
90027,0.3405714285714286
21202,0.3312857142857143
60034,0.014214285714285714
100336,0.7246428571428571
104126,0.8035
10532,0.6380714285714286
19102,0.5847857142857142
70178,0.3311428571428571
89262,0.25307142857142856
59485,0.9225714285714286
39936,0.7622142857142857
84258,0.32342857142857145
98035,0.2415
13638,0.7203571428571428
104139,0.11907142857142858
93985,0.325
15049,0.2727857142857143
17040,0.15207142857142858
21849,0.30457142857142855
27661,0.7795714285714286
26382,0.1305
55516,0.6722857142857143
65056,0.9144285714285715
38204,0.7390714285714286
45724,0.7225714285714285
51528,0.5353571428571429
42609,0.822
15379,0.5171428571428571
70841,0.9797142857142858
49635,0.596
54418,0.47335714285714287
34898,0.7737857142857143
82519,0.15757142857142858
22371,0.32042857142857145
31017,0.22271428571428573
95026,0.6314285714285715
54736,0.37057142857142855
17067,0.8291428571428572
65336,0.7932857142857143
64461,0.15864285714285714
81513,0.14235714285714285
56947,0.8224285714285714
27779,0.11335714285714285
97067,0.5017857142857143
56463,0.1725
33626,0.7136428571428571
87493,0.12864285714285714
45569,0.909
20981,0.02592857142857143
145,0.349
22884,0.412
8896,0.4437857142857143
17763,0.07557142857142857
6716,0.29864285714285715
77738,0.9605
72793,0.2347857142857143
7354,0.9255
23390,0.7809285714285714
86826,0.27835714285714286
102897,0.6668571428571428
2390,0.8745714285714286
101532,0.8925714285714286
71510,0.06664285714285714
85733,0.6219285714285714
104850,0.9472857142857143
36937,0.6815
62521,0.3817857142857143
329,0.5529285714285714
58726,0.4660714285714286
104467,0.168
11753,0.14364285714285716
75997,0.4714285714285714
44827,0.8178571428571428
81596,0.7212857142857143
5976,0.8595714285714285
14096,0.7667857142857143
32561,0.42692857142857144
97574,0.8992857142857142
87563,0.4590714285714286
4012,0.11392857142857143
44065,0.11392857142857143
7357,0.11642857142857142
32431,0.6945
97914,0.7887142857142857
10926,0.5403571428571429
25951,0.9224285714285714
16993,0.061285714285714284
83006,0.774
65555,0.2890714285714286
47229,0.9542857142857143
24230,0.5551428571428572
80478,0.2225
12794,0.01814285714285714
101427,0.060714285714285714
77338,0.23907142857142857
60261,0.49257142857142855
61243,0.16178571428571428
52749,0.38435714285714284
35153,0.5362857142857143
1847,0.7678571428571429
37515,0.9962142857142857
59715,0.11642857142857142
75508,0.23792857142857143
68453,0.7090714285714286
38857,0.611
76901,0.6689285714285714
45312,0.9340714285714286
64699,0.8867142857142857
107124,0.8976428571428572
106450,0.107
59034,0.9504285714285714
28823,0.8052142857142857
16562,0.40535714285714286
7111,0.7577857142857143
62848,0.27514285714285713
2065,0.2762142857142857
93643,0.32935714285714285
14995,0.8373571428571429
10652,0.6264285714285714
96790,0.6126428571428572
13931,0.8218571428571428
105910,0.6495714285714286
105867,0.44592857142857145
47543,0.5449285714285714
52396,0.4452857142857143
11384,0.04742857142857143
58047,0.6711428571428572
27059,0.07685714285714286
62378,0.8980714285714285
91044,0.4115714285714286
65285,0.3916428571428571
9793,0.166
87140,0.21192857142857144
60724,0.6907142857142857
102439,0.43557142857142855
79462,0.22271428571428573
37993,0.9551428571428572
83192,0.32957142857142857
16217,0.5933571428571428
50809,0.8527857142857143
69198,0.9316428571428571
4837,0.5656428571428571
1378,0.6214285714285714
6627,0.35278571428571426
44185,0.6912857142857143
89323,0.4188571428571429
30419,0.309
44183,0.7452857142857143
70038,0.42742857142857144
42202,0.040214285714285716
68211,0.04692857142857143
86889,0.7597857142857143
70314,0.6709285714285714
28421,0.5022857142857143
79594,0.6037142857142858
63970,0.8346428571428571
66554,0.8231428571428572
73096,0.8612142857142857
63901,0.5746428571428571
48610,0.7873571428571429
4433,0.6412857142857142
83417,0.5164285714285715
26109,0.0225
107024,0.7426428571428572
103750,0.24071428571428571
83501,0.9855
29599,0.8942142857142857
7580,0.0365
90263,0.927
16027,0.8835714285714286
96145,0.5362857142857143
38150,0.8285714285714286
40057,0.41978571428571426
31590,0.17085714285714285
101651,0.7935714285714286
98893,0.8133571428571429
5608,0.6267857142857143
32223,0.6075
104466,0.42857142857142855
24293,0.6740714285714285
48837,0.03592857142857143
63309,0.2297857142857143
55433,0.22414285714285714
35375,0.161
65396,0.526
91489,0.8955
86721,0.6955714285714286
10224,0.07057142857142858
87346,0.40264285714285714
57170,0.9992857142857143
100290,0.0465
35196,0.4903571428571429
44191,0.05814285714285714
92164,0.485
29280,0.8052142857142857
25538,0.6708571428571428
83987,0.6075
62898,0.366
106361,0.05807142857142857
25136,0.3419285714285714
29505,0.5323571428571429
83536,0.7541428571428571
45658,0.10857142857142857
3288,0.8814285714285715
23616,0.8962857142857142
41581,0.43492857142857144
11609,0.9226428571428571
90769,0.3115
94406,0.011714285714285714
6965,0.16457142857142856
51073,0.6700714285714285
51777,0.29135714285714287
61494,0.2575
25372,0.5718571428571428
71318,0.5800714285714286
46254,0.9355
46722,0.49685714285714283
42554,0.8275714285714286
47197,0.21928571428571428
51552,0.045
4582,0.2957142857142857
69685,0.6022142857142857
64327,0.6747857142857143
90833,0.19407142857142856
100852,0.7795
32398,0.05057142857142857
94635,0.7369285714285714
24454,0.1662857142857143
34791,0.9041428571428571
12741,0.008785714285714286
14778,0.661
48422,0.3055
44847,0.39635714285714285
4140,0.07557142857142857
79918,0.3063571428571429
11546,0.39571428571428574
8942,0.2827857142857143
40240,0.5007142857142857
70332,0.9435714285714286
27702,0.37357142857142855
30292,0.26385714285714285
95337,0.8377142857142857
53342,0.37942857142857145
23596,0.20992857142857144
16604,0.7565
23231,0.7496428571428572
54794,0.12971428571428573
94579,0.2839285714285714
88392,0.8977857142857143
25986,0.936
102710,0.9642857142857143
55373,0.5945
20649,0.6415
48177,0.7897857142857143
76434,0.5538571428571428
70908,0.7271428571428571
102742,0.3936428571428571
25058,0.1935
78434,0.9175714285714286
80726,0.3048571428571429
65248,0.566
88275,0.8365714285714285
74074,0.9876428571428572
21876,0.8258571428571428
103450,0.7080714285714286
67928,0.9316428571428571
59256,0.5752142857142857
46298,0.9099285714285714
98195,0.742
95110,0.9797857142857143
82195,0.14721428571428571
21832,0.925
61503,0.4855714285714286
91959,0.4649285714285714
26200,0.3382142857142857
25686,0.2807142857142857
64370,0.6812857142857143
57104,0.08171428571428571
85740,0.6180714285714286
65082,0.19221428571428573
73465,0.9177857142857143
14815,0.658
62566,0.2107857142857143
65389,0.15128571428571427
36629,0.6927142857142857
2761,0.5054285714285714
46122,0.8303571428571429
46708,0.8390714285714286
48543,0.7217857142857143
38437,0.03564285714285714
41679,0.3047142857142857
11943,0.0305
80663,0.5549285714285714
57362,0.7460714285714286
78294,0.5422857142857143
11443,0.9488571428571428
3339,0.07092857142857142
8333,0.9472857142857143
73688,0.10192857142857142
101048,0.40014285714285713
38807,0.35978571428571426
91992,0.37057142857142855
103660,0.0035
4349,0.13842857142857143
23900,0.1947142857142857
54890,0.9410714285714286
47554,0.1672142857142857
57897,0.17342857142857143
95129,0.23757142857142857
97155,0.4215714285714286
78284,0.6620714285714285
53620,0.9103571428571429
17540,0.9268571428571428
90980,0.012428571428571428
53178,0.6098571428571429
54282,0.113
83611,0.8955
74832,0.26571428571428574
33521,0.7750714285714285
22312,0.4112142857142857
8327,0.8667857142857143
48181,0.22392857142857142
61597,0.8887857142857143
56734,0.9102142857142858
7246,0.1105
18123,0.8320714285714286
18892,0.9912142857142857
48849,0.3405714285714286
47669,0.7977857142857143
94924,0.8298571428571428
48512,0.9187142857142857
9957,0.2547142857142857
15707,0.6353571428571428
55630,0.9697857142857143
9362,0.4035
66120,0.023357142857142858
16363,0.06307142857142857
16402,0.43542857142857144
41921,0.7895
22353,0.8647857142857143
14686,0.026785714285714284
28415,0.20042857142857143
105355,0.9961428571428571
41053,0.03957142857142857
37061,0.30378571428571427
6933,0.15128571428571427
31839,0.3062142857142857
44786,0.18578571428571428
70036,0.8227142857142857
68703,0.055142857142857146
42378,0.18321428571428572
36526,0.2694285714285714
49901,0.30407142857142855
74032,0.6564285714285715
45628,0.22271428571428573
31979,0.9632857142857143
53486,0.6423571428571428
46763,0.5643571428571429
85408,0.5238571428571429
22637,0.4847142857142857
85061,0.31164285714285717
22921,0.808
29685,0.3532142857142857
44220,0.10764285714285714
1290,0.38785714285714284
35918,0.013785714285714287
95177,0.9156428571428571
31992,0.6356428571428572
61329,0.5329285714285714
58169,0.07071428571428572
7717,0.684
81789,0.7519285714285714
12979,0.6612857142857143
43043,0.178
75875,0.6273571428571428
42519,0.9057142857142857
78452,0.025857142857142856
52550,0.4790714285714286
106635,0.3583571428571429
95352,0.8466428571428571
7091,0.9476428571428571
101511,0.5783571428571429
61044,0.9903571428571428
63031,0.19014285714285714
86820,0.9422857142857143
70201,0.2877142857142857
92595,0.8972857142857142
45050,0.002357142857142857
28950,0.2779285714285714
25218,0.1357142857142857
49914,0.15207142857142858
28318,0.3352142857142857
20136,0.7532857142857143
71667,0.8346428571428571
100422,0.4660714285714286
13447,0.39007142857142857
19832,0.7852142857142858
106236,0.04971428571428571
102494,0.6052142857142857
19099,0.7207142857142858
1374,0.23535714285714285
100798,0.8562857142857143
50458,0.2302857142857143
8098,0.7092857142857143
46587,0.8717142857142857
97916,0.9226428571428571
15653,0.08892857142857143
41534,0.932
1648,0.5882857142857143
20773,0.7157142857142857
67182,0.4084285714285714
75074,0.2347142857142857
103776,0.9185714285714286
84381,0.0015714285714285715
66906,0.43885714285714283
76170,0.8521428571428571
3635,0.8387142857142857
100541,0.221
42074,0.3315
61498,0.9175
5817,0.22942857142857143
5050,0.685
79558,0.40014285714285713
93493,0.01792857142857143
3526,0.9509285714285715
14253,0.9237142857142857
41847,0.3974285714285714
11067,0.8612857142857143
19072,0.9222857142857143
42248,0.06407142857142857
27783,0.7341428571428571
97731,0.07914285714285714
65049,0.7548571428571429
48336,0.6265
87509,0.262
22247,0.8152142857142857
98041,0.9062857142857143
89133,0.7252142857142857
28435,0.3544285714285714
1568,0.28985714285714287
49259,0.4295
40251,0.7097857142857142
21063,0.6943571428571429
39510,0.4667142857142857
84092,0.12564285714285714
21541,0.7750714285714285
56060,0.203
58625,0.10757142857142857
55009,0.09485714285714286
4421,0.7807857142857143
58289,0.9090714285714285
81464,0.5101428571428571
56880,0.2747857142857143
94733,0.5917142857142857
89920,0.4835
95370,0.5194285714285715
86551,0.06657142857142857
64842,0.6132857142857143
98219,0.7706428571428572
14959,0.6243571428571428
61918,0.6599285714285714
30768,0.6682142857142858
84626,0.29914285714285715
87409,0.9555
71910,0.22392857142857142
76044,0.9337857142857143
93349,0.8407857142857142
83169,0.07657142857142857
40924,0.6488571428571429
83906,0.9707142857142858
90343,0.7913571428571429
99624,0.6141428571428571
60372,0.32142857142857145
17360,0.3457857142857143
3376,0.9051428571428571
101531,0.4724285714285714
92693,0.6247857142857143
63830,0.22592857142857142
105550,0.16764285714285715
67793,0.37257142857142855
74065,0.5728571428571428
52043,0.3767142857142857
101272,0.7482857142857143
95104,0.9548571428571428
12014,0.7837857142857143
56921,0.0235
91011,0.2890714285714286
22278,0.4135714285714286
72818,0.7388571428571429
18017,0.10364285714285715
85902,0.7098571428571429
73281,0.5391428571428571
66154,0.3554285714285714
64930,0.5583571428571429
99208,0.7797142857142857
46912,0.3876428571428571
82434,0.9622142857142857
34011,0.5784285714285714
93158,0.9802857142857143
2811,0.7931428571428571
10413,0.1992857142857143
19194,0.4456428571428571
49608,0.9331428571428572
66841,0.9822857142857143
58801,0.4594285714285714
102353,0.9765
48903,0.6783571428571429
59202,0.7185714285714285
88029,0.161
77130,0.347
40716,0.5831428571428572
51834,0.9327142857142857
2106,0.21442857142857144
43645,0.12685714285714286
103317,0.12921428571428573
90097,0.8436428571428571
67179,0.6136428571428572
75619,0.5172142857142857
91664,0.6241428571428571
84404,0.3187857142857143
62415,0.2725714285714286
44375,0.3177142857142857
99252,0.6812857142857143
62134,0.6478571428571429
36512,0.7168571428571429
39584,0.2885714285714286
49182,0.10135714285714285
9209,0.08192857142857143
23385,0.9025714285714286
14286,0.5276428571428572
29787,0.1467857142857143
39647,0.6942142857142857
47671,0.7330714285714286
28786,0.8162857142857143
59678,0.7900714285714285
30071,0.32657142857142857
89480,0.49407142857142855
12125,0.06664285714285714
93053,0.1125
19649,0.7585714285714286
18321,0.6906428571428571
55999,0.18121428571428572
31501,0.25207142857142856
8089,0.0525
25411,0.6175714285714285
91874,0.08485714285714285
466,0.7972857142857143
49124,0.394
16452,0.8417857142857142
51030,0.04042857142857143
14352,0.2857857142857143
20051,0.8301428571428572
68506,0.9222142857142858
46932,0.2587857142857143
48724,0.6991428571428572
106754,0.8010714285714285
70520,0.7022857142857143
32716,0.03671428571428571
19783,0.4917142857142857
1729,0.039714285714285716
38511,0.9809285714285715
27811,0.447
40368,0.3186428571428571
49438,0.5543571428571429
106631,0.03407142857142857
43598,0.12407142857142857
88438,0.3102142857142857
38912,0.34614285714285714
88719,0.5888571428571429
33208,0.29764285714285715
75282,0.9110714285714285
73266,0.4722142857142857
19084,0.4722857142857143
5823,0.14971428571428572
34194,0.8258571428571428
36136,0.05992857142857143
55696,0.7950714285714285
27683,0.7245
49127,0.8670714285714286
58850,0.22657142857142856
19462,0.4072857142857143
25121,0.01814285714285714
32769,0.2715714285714286
67726,0.44807142857142856
30824,0.586
104718,0.44635714285714284
93260,0.679
72559,0.11407142857142857
34565,0.7157142857142857
29042,0.8354285714285714
98338,0.6547857142857143
39563,0.11564285714285714
70885,0.09557142857142857
7911,0.5650714285714286
23393,0.12607142857142858
29608,0.3887857142857143
55788,0.2552857142857143
30151,0.5035
88907,0.7427857142857143
2054,0.008142857142857143
24459,0.6751428571428572
21357,0.7821428571428571
10902,0.8915
46706,0.6043571428571428
47885,0.31907142857142856
105126,0.768
51203,0.5866428571428571
87021,0.9870714285714286
16789,0.17385714285714285
104871,0.4275
36294,0.3514285714285714
7053,0.48857142857142855
71733,0.8301428571428572
80090,0.1915
6574,0.32257142857142856
31797,0.5630714285714286
19952,0.8519285714285715
16668,0.013571428571428571
48236,0.7375
40314,0.046714285714285715
66603,0.614
23583,0.4782142857142857
61738,0.6738571428571428
50567,0.24592857142857144
38284,0.8373571428571429
3562,0.8049285714285714
42704,0.9142142857142858
21007,0.5493571428571429
56284,0.086
72475,0.836
24080,0.5237142857142857
50203,0.8660714285714286
86643,0.13885714285714285
35152,0.4739285714285714
44133,0.5052142857142857
40041,0.6336428571428572
82527,0.9226428571428571
35320,0.43807142857142856
100607,0.7703571428571429
91405,0.7972857142857143
51837,0.05128571428571429
22239,0.06692857142857143
79207,0.9612142857142857
65262,0.613
65622,0.09885714285714285
29865,0.9255
90444,0.6187142857142857
58080,0.8863571428571428
96233,0.5128571428571429
104292,0.9090714285714285
23999,0.9012857142857142
87724,0.3419285714285714
61964,0.39307142857142857
28233,0.8600714285714286
87041,0.9028571428571428
29483,0.30707142857142855
14131,0.24292857142857144
97450,0.9422857142857143
65873,0.8724285714285714
44510,0.8410714285714286
35799,0.7647857142857143
91708,0.797
93454,0.6347857142857143
8299,0.013285714285714286
35919,0.2895
628,0.6472857142857142
21766,0.4602857142857143
44458,0.779
60983,0.8685714285714285
4255,0.7222857142857143
49690,0.1035
67251,0.8110714285714286
18018,0.8925714285714286
64334,0.21514285714285714
23020,0.7168571428571429
64539,0.5541428571428572
2636,0.5403571428571429
4239,0.6455
2916,0.2973571428571429
47620,0.509
95172,0.34035714285714286
87497,0.10764285714285714
102911,0.17564285714285716
62964,0.4352857142857143
17161,0.23692857142857143
67138,0.6877857142857143
16931,0.18385714285714286
2191,0.7576428571428572
85278,0.09807142857142857
32044,0.6175714285714285
13297,0.16614285714285715
22001,0.30392857142857144
25536,0.083
82091,0.8335
79109,0.9435714285714286
99901,0.39685714285714285
87478,0.38871428571428573
80502,0.8159285714285714
77107,0.6551428571428571
92705,0.9067142857142857
82783,0.38192857142857145
90183,0.24485714285714286
53221,0.2857857142857143
54010,0.205
43465,0.11442857142857144
37604,0.682
12589,0.8379285714285715
76240,0.8153571428571429
9378,0.4665
19599,0.8720714285714286
58146,0.9355
15010,0.8103571428571429
61669,0.7946428571428571
389,0.5465714285714286
28590,0.27964285714285714
26249,0.7025714285714286
50580,0.8678571428571429
91531,0.9313571428571429
76422,0.09742857142857143
98346,0.3132142857142857
64132,0.676
2103,0.5255714285714286
52810,0.2572857142857143
99888,0.6128571428571429
105511,0.2864285714285714
45949,0.7794285714285715
35279,0.3915
69937,0.07228571428571429
88281,0.3767142857142857
35458,0.527
98724,0.5751428571428572
33661,0.30742857142857144
36453,0.9672142857142857
66277,0.03271428571428572
11313,0.588
54039,0.3602142857142857
67162,0.21371428571428572
82272,0.9177142857142857
11190,0.4307142857142857
51756,0.4652142857142857
87877,0.021857142857142856
65208,0.5723571428571429
938,0.7809285714285714
8843,0.24378571428571427
62361,0.9795
51842,0.5528571428571428
68472,0.22392857142857142
7764,0.2666428571428571
42727,0.401
203,0.4137857142857143
37980,0.20942857142857144
102455,0.8611428571428571
83234,0.028428571428571428
57168,0.1752142857142857
34845,0.5173571428571428
55704,0.4242142857142857
43121,0.1377857142857143
33031,0.3003571428571429
84017,0.8432142857142857
65439,0.4267142857142857
76588,0.15128571428571427
97248,0.14564285714285713
36473,0.7892857142857143
33423,0.5723571428571429
56678,0.10828571428571429
40269,0.39914285714285713
60140,0.4012857142857143
16164,0.7565
31227,0.5544285714285714
100102,0.44771428571428573
95294,0.05085714285714286
62010,0.3077142857142857
104912,0.8590714285714286
8993,0.43242857142857144
15518,0.8592142857142857
50328,0.9700714285714286
40417,0.1427857142857143
93859,0.05071428571428571
5016,0.6400714285714286
21094,0.8466428571428571
26228,0.7492142857142857
39317,0.031785714285714285
6096,0.18714285714285714
71548,0.6049285714285715
24220,0.040214285714285716
21791,0.7770714285714285
20371,0.6086428571428572
67898,0.8009285714285714
103635,0.7592142857142857
49440,0.9355
94769,0.604
10446,0.672
33663,0.5755
16336,0.9127857142857143
13881,0.5062142857142857
45024,0.3281428571428571
18329,0.16157142857142856
71536,0.9232857142857143
45269,0.664
53758,0.7325
30249,0.4873571428571429
16989,0.239
66127,0.5936428571428571
20159,0.31464285714285717
23049,0.7350714285714286
106243,0.7319285714285715
91756,0.051571428571428574
30302,0.4412142857142857
50487,0.811
94582,0.072
85863,0.15371428571428572
54544,0.46685714285714286
24480,0.12814285714285714
66645,0.7474285714285714
48238,0.9937142857142857
87273,0.9999285714285714
84861,0.4760714285714286
25328,0.045142857142857144
93455,0.679
76358,0.836
64119,0.9402857142857143
95989,0.2345
14317,0.133
29470,0.9562857142857143
74323,0.19364285714285714
80695,0.3767142857142857
26939,0.5936428571428571
29512,0.5853571428571429
74168,0.8466428571428571
48035,0.20442857142857143
95266,0.15485714285714286
1493,0.6792142857142857
50973,0.8007857142857143
74763,0.7788571428571428
55922,0.7632857142857142
22062,0.03207142857142857
30450,0.49242857142857144
93468,0.37614285714285717
53150,0.9222142857142858
47326,0.44185714285714284
55563,0.6091428571428571
70116,0.9960714285714286
57580,0.5544285714285714
75952,0.27664285714285713
100913,0.9597857142857142
95057,0.4574285714285714
91782,0.20507142857142857
16983,0.03514285714285714
2975,0.6804285714285714
88963,0.9838571428571429
19730,0.7950714285714285
93990,0.38835714285714285
1787,0.28264285714285714
46145,0.1205
85637,0.458
24327,0.44207142857142856
106396,0.5955
105351,0.098
19104,0.8807142857142857
17291,0.5081428571428571
104618,0.6363571428571428
97225,0.5125
101063,0.8016428571428571
63097,0.9814285714285714
39930,0.9775
80503,0.7675714285714286
32279,0.8635
70128,0.35628571428571426
29146,0.046857142857142854
48275,0.7207857142857143
61528,0.07957142857142857
39366,0.036
80412,0.9317857142857143
60591,0.2577857142857143
21378,0.6897142857142857
81393,0.21171428571428572
91555,0.5179285714285714
71883,0.12407142857142857
44107,0.1595
79009,0.8300714285714286
93069,0.7212857142857143
52996,0.8593571428571428
6842,0.4595
49577,0.76
52152,0.22714285714285715
69008,0.9355
32692,0.7361428571428571
58630,0.48028571428571426
35659,0.7256428571428571
42219,0.42992857142857144
81987,0.934
74,0.2920714285714286
78664,0.7404285714285714
22392,0.11478571428571428
10881,0.6224285714285714
24942,0.2834285714285714
56862,0.6564285714285715
19427,0.2651428571428571
34266,0.7897857142857143
34763,0.9007142857142857
24096,0.8673571428571428
104578,0.5238571428571429
94951,0.3167142857142857
40265,0.6950714285714286
3839,0.5412142857142858
43888,0.45621428571428574
105288,0.016428571428571428
12266,0.09971428571428571
30075,0.7219285714285715
95856,0.3012142857142857
52529,0.204
91774,0.2759285714285714
54433,0.7475714285714286
103412,0.9937142857142857
45906,0.7395
51747,0.8051428571428572
53810,0.16442857142857142
24965,0.9069285714285714
17742,0.30357142857142855
1212,0.9697142857142858
59267,0.248
66069,0.6563571428571429
25825,0.33007142857142857
41556,0.8351428571428572
64267,0.5595714285714286
15754,0.4657142857142857
13892,0.7586428571428572
64328,0.5697142857142857
55212,0.6902857142857143
8371,0.5798571428571428
81568,0.046357142857142854
18101,0.9262142857142858
54160,0.5362857142857143
34453,0.765
66343,0.9065714285714286
4086,0.060642857142857144
1085,0.8387142857142857
10156,0.7215
21172,0.4247142857142857
67913,0.5387857142857143
78219,0.9922142857142857
28244,0.42378571428571427
51011,0.8339285714285715
3011,0.518
8356,0.3532142857142857
63902,0.27564285714285713
49992,0.03092857142857143
26714,0.4652857142857143
106503,0.08885714285714286
78596,0.03428571428571429
7829,0.9273571428571429
20002,0.764
53668,0.5680714285714286
42773,0.5630714285714286
72273,0.6637857142857143
81964,0.6020714285714286
88213,0.9549285714285715
21519,0.9925
28541,0.5522142857142858
99540,0.5059285714285714
20708,0.8202857142857143
25251,0.8693571428571428
10159,0.26121428571428573
14546,0.5385
28348,0.09535714285714286
75697,0.1705
34095,0.7160714285714286
78762,0.9425714285714286
82267,0.22214285714285714
69531,0.6889285714285714
93925,0.5677857142857143
57367,0.7811428571428571
94289,0.5102857142857142
73721,0.011
44406,0.6862142857142857
79677,0.8703571428571428
99727,0.7825714285714286
90442,0.4137857142857143
103355,0.6474285714285715
65494,0.8309285714285715
38906,0.3167142857142857
73588,0.32057142857142856
45264,0.5664285714285714
99425,0.7240714285714286
20711,0.04957142857142857
52116,0.5745714285714286
101759,0.8670714285714286
78431,0.7426428571428572
52806,0.9884285714285714
22326,0.6534285714285715
19481,0.6302142857142857
29560,0.8505714285714285
45130,0.0007142857142857143
59789,0.2327857142857143
40995,0.06564285714285714
48922,0.144
63198,0.44571428571428573
63610,0.165
75000,0.8222142857142857
36325,0.45171428571428573
15996,0.469
52599,0.25342857142857145
1266,0.33714285714285713
92023,0.4407142857142857
86566,0.383
61816,0.7145
4673,0.5621428571428572
57549,0.952
22904,0.692
80619,0.20992857142857144
48653,0.9659285714285715
74673,0.7947142857142857
52436,0.37957142857142856
13915,0.8827857142857143
42346,0.144
21030,0.17614285714285716
12289,0.6764285714285714
42408,0.0385
49915,0.8317142857142857
78645,0.2527142857142857
73874,0.8612857142857143
82582,0.49807142857142855
16442,0.469
11874,0.211
61980,0.28835714285714287
23261,0.2785714285714286
82191,0.088
51689,0.4117857142857143
5899,0.8267857142857142
96499,0.627
102987,0.133
82598,0.06407142857142857
99762,0.44735714285714284
78500,0.1712857142857143
63759,0.56
13717,0.3432857142857143
16463,0.03242857142857143
44868,0.7610714285714286
91073,0.8287142857142857
20326,0.03857142857142857
9638,0.5755
50179,0.6885
67939,0.47235714285714286
81082,0.3055
83482,0.7035
103547,0.9886428571428572
47572,0.142
8426,0.45607142857142857
82627,0.4635714285714286
29611,0.5926428571428571
14886,0.8688571428571429
35291,0.42092857142857143
86593,0.8142142857142857
47202,0.8747142857142857
6977,0.6332857142857143
102331,0.07042857142857142
24357,0.8052142857142857
74222,0.10342857142857143
38526,0.4622142857142857
44934,0.9957142857142857
82699,0.7876428571428571
18191,0.04278571428571429
76815,0.11385714285714285
34754,0.8677142857142857
3226,0.30307142857142855
94643,0.11721428571428572
45623,0.5912142857142857
8614,0.46585714285714286
8033,0.7075714285714285
98802,0.9579285714285715
97750,0.24192857142857144
3638,0.04328571428571429
42685,0.5748571428571428
52955,0.8827857142857143
100242,0.0865
102919,0.8509285714285715
16489,0.48064285714285715
101697,0.19364285714285714
96562,0.01814285714285714
41528,0.8097142857142857
7450,0.2332857142857143
88369,0.4527857142857143
7919,0.3782857142857143
42515,0.8605714285714285
33567,0.31485714285714284
52062,0.7895
95469,0.5524285714285714
3189,0.2962142857142857
29365,0.028785714285714286
93701,0.3811428571428571
80260,0.7384285714285714
100649,0.07035714285714285
53246,0.4327857142857143
91012,0.40235714285714286
17185,0.9245
1118,0.6887857142857143
5891,0.46135714285714285
72853,0.8337142857142857
20340,0.27814285714285714
59057,0.8262142857142857
95083,0.7070714285714286
41544,0.22278571428571428
8584,0.22478571428571428
82913,0.5360714285714285
71575,0.5862857142857143
79719,0.003642857142857143
104129,0.01107142857142857
10317,0.6409285714285714
27663,0.918
22832,0.14921428571428572
50048,0.4322142857142857
70974,0.3990714285714286
28207,0.9379285714285714
13688,0.28564285714285714
995,0.07064285714285715
47354,0.8231428571428572
99701,0.5980714285714286
62148,0.38385714285714284
13409,0.6772857142857143
33367,0.19364285714285714
56974,0.16914285714285715
74442,0.5972857142857143
61515,0.4865
53062,0.7897142857142857
42478,0.10178571428571428
72667,0.7460714285714286
13944,0.30992857142857144
44207,0.9838571428571429
80275,0.9721428571428572
85960,0.0012142857142857142
91032,0.3315714285714286
102511,0.397
72265,0.7487142857142857
54713,0.031714285714285716
85697,0.8249285714285715
103872,0.1402142857142857
90881,0.9714285714285714
23006,0.6547142857142857
33177,0.6102857142857143
38093,0.6611428571428571
14292,0.0145
94164,0.012428571428571428
7505,0.9358571428571428
28045,0.1175
40618,0.24307142857142858
45324,0.3979285714285714
57494,0.5080714285714286
34644,0.45171428571428573
104294,0.6247857142857143
33832,0.5659285714285714
39588,0.14992857142857144
87158,0.6772857142857143
38524,0.8444285714285714
99879,0.9719285714285715
77420,0.076
83432,0.8397857142857142
31875,0.7450714285714286
99635,0.1397857142857143
67714,0.8264285714285714
24552,0.8330714285714286
11900,0.7068571428571429
92004,0.1682857142857143
30687,0.5316428571428572
68401,0.25392857142857145
87198,0.9542142857142857
59808,0.9559285714285715
105525,0.4190714285714286
55013,0.676
7316,0.5715
52527,0.3665
71735,0.8373571428571429
26045,0.4822142857142857
62203,0.5310714285714285
22328,0.03528571428571429
39358,0.3625
12055,0.2809285714285714
85025,0.9705714285714285
25527,0.6273571428571428
25415,0.1705
14621,0.15464285714285714
48629,0.41728571428571426
64113,0.6668571428571428
76973,0.5727857142857142
26713,0.38507142857142856
31372,0.20642857142857143
55011,0.7892857142857143
26050,0.9025
99136,0.9815
106457,0.2895714285714286
47510,0.5980714285714286
61051,0.7519285714285714
79394,0.9587857142857142
83584,0.4760714285714286
16347,0.663
56011,0.8959285714285714
98299,0.006857142857142857
69772,0.9462142857142857
104626,0.39685714285714285
90275,0.3412142857142857
35908,0.7892857142857143
48174,0.18428571428571427
22707,0.24842857142857142
45075,0.38492857142857145
78717,0.36842857142857144
92880,0.27385714285714285
99616,0.13314285714285715
40147,0.9337857142857143
67878,0.5428571428571428
5688,0.7981428571428572
29843,0.345
93697,0.9926428571428572
77944,0.28485714285714286
10496,0.12442857142857143
35884,0.773
14897,0.2704285714285714
97000,0.9708571428571429
74501,0.6294285714285714
35821,0.12014285714285715
4888,0.9951428571428571
3176,0.279
42938,0.09728571428571428
68361,0.5058571428571429
85859,0.5939285714285715
47267,0.7086428571428571
66499,0.21107142857142858
100083,0.7197857142857143
83134,0.4835
62253,0.14142857142857143
40822,0.9186428571428571
18377,0.3135
78837,0.2697857142857143
20140,0.5238571428571429
19794,0.038642857142857145
26676,0.9912857142857143
75027,0.8317142857142857
30260,0.6182142857142857
12762,0.6972857142857143
46202,0.4795
2482,0.6792142857142857
19490,0.1432857142857143
16583,0.6581428571428571
35114,0.002642857142857143
53722,0.9712857142857143
33729,0.9511428571428572
101747,0.22628571428571428
30627,0.22785714285714287
71514,0.4982142857142857
94384,0.927
66833,0.6025714285714285
21412,0.7647857142857143
41926,0.13064285714285714
65530,0.7267857142857143
53842,0.18657142857142858
13505,0.3772857142857143
2411,0.5838571428571429
94830,0.8258571428571428
21680,0.31214285714285717
66212,0.1255
50007,0.6465714285714286
105932,0.5490714285714285
27844,0.5413571428571429
89481,0.5469285714285714
43317,0.5407857142857143
41947,0.9738571428571429
101165,0.0006428571428571428
44602,0.30935714285714283
12673,0.523
60746,0.29892857142857143
67705,0.5253571428571429
16913,0.8780714285714286
15005,0.012357142857142856
13607,0.9472857142857143
78049,0.35364285714285715
1253,0.36914285714285716
93833,0.5767857142857142
3236,0.8192857142857143
63170,0.8207142857142857
48337,0.7607142857142857
8170,0.5142142857142857
14341,0.5818571428571429
86045,0.5337142857142857
14679,0.5942142857142857
27186,0.7498571428571429
95164,0.19285714285714287
98424,0.6272857142857143
54091,0.282
101540,0.8175
45523,0.7222142857142857
21227,0.6932857142857143
29555,0.6519285714285714
28851,0.3999285714285714
23068,0.4702857142857143
18148,0.8533571428571428
99684,0.6561428571428571
44819,0.178
43191,0.4757142857142857
105945,0.40735714285714286
66889,0.7848571428571428
84551,0.3265
15466,0.5992857142857143
53972,0.20635714285714285
82578,0.9557857142857142
51330,0.3003571428571429
44020,0.7186428571428571
39564,0.15178571428571427
95189,0.534
883,0.16757142857142857
38667,0.07221428571428572
17135,0.3286428571428571
71661,0.35692857142857143
89711,0.9805
13972,0.3655
100712,0.2037142857142857
48492,0.4097857142857143
59473,0.8197142857142857
81897,0.9916428571428572
21537,0.005857142857142857
2826,0.9072857142857143
94308,0.4557857142857143
3396,0.6505
2405,0.8059285714285714
89372,0.1865
33708,0.8390714285714286
9461,0.5769285714285715
19859,0.08757142857142858
63887,0.4997857142857143
73122,0.8527857142857143
82715,0.8891428571428571
67703,0.13071428571428573
24295,0.3055
32582,0.3593571428571429
85799,0.47464285714285714
20195,0.9968571428571429
47550,0.7711428571428571
46895,0.046285714285714284
29497,0.43514285714285716
74348,0.5875714285714285
36210,0.6230714285714286
22446,0.6049285714285715
75233,0.7216428571428571
106445,0.639
32445,0.8230714285714286
30797,0.05807142857142857
103642,0.8096428571428571
64029,0.05892857142857143
49215,0.11392857142857143
35695,0.22714285714285715
102275,0.9476428571428571
14142,0.6322857142857143
4152,0.44821428571428573
30678,0.5933571428571428
26282,0.4104285714285714
76198,0.6296428571428572
106055,0.5347142857142857
106491,0.12185714285714286
39059,0.06828571428571428
11665,0.5818571428571429
2387,0.2115
103031,0.2337857142857143
40496,0.3052142857142857
56135,0.21992857142857142
403,0.6551428571428571
10484,0.3447142857142857
64823,0.06078571428571428
45120,0.3992857142857143
49419,0.6303571428571428
101273,0.12992857142857142
47271,0.38571428571428573
69213,0.4813571428571429
92835,0.19092857142857142
51893,0.7679285714285714
14547,0.3186428571428571
68392,0.37564285714285717
66218,0.8413571428571428
4600,0.6353571428571428
45819,0.09985714285714285
68767,0.04871428571428572
67047,0.49278571428571427
85484,0.8703571428571428
104509,0.9682142857142857
7036,0.3450714285714286
50165,0.04642857142857143
84954,0.4045
31011,0.9617142857142857
70318,0.783
82472,0.3015
92128,0.491
65709,0.6681428571428571
55667,0.9880714285714286
32659,0.8445714285714285
92473,0.41014285714285714
57335,0.56
7319,0.5302142857142857
53187,0.05785714285714286
102462,0.7691428571428571
105817,0.6545
52118,0.05078571428571429
95221,0.539
49818,0.6799285714285714
52260,0.9798571428571429
36139,0.4225714285714286
77601,0.025857142857142856
5720,0.6945
89736,0.575
95828,0.593
52148,0.12128571428571429
92217,0.8566428571428572
37128,0.2502857142857143
3448,0.5962857142857143
23882,0.49842857142857144
75919,0.6627857142857143
2773,0.9767857142857143
46545,0.44492857142857145
47383,0.3665
47764,0.9337857142857143
60087,0.8874285714285715
40895,0.7684285714285715
60037,0.8623571428571428
56735,0.165
90269,0.1255
81695,0.6227142857142857
28667,0.425
41830,0.49342857142857144
12071,0.8151428571428572
64758,0.1295
95667,0.4754285714285714
15970,0.7507857142857143
8714,0.998
73494,0.5117142857142857
58667,0.3227857142857143
103827,0.3377142857142857
36019,0.607
104906,0.9047142857142857
80456,0.021714285714285714
9779,0.6222142857142857
54446,0.43385714285714283
100246,0.8232142857142857
100011,0.8134285714285714
89389,0.05857142857142857
92286,0.025642857142857144
95191,0.45307142857142857
52556,0.2789285714285714
79106,0.5239285714285714
26182,0.31442857142857145
41784,0.9132142857142858
67515,0.19578571428571429
88718,0.6851428571428572
36028,0.8177857142857143
99110,0.3052142857142857
21228,0.8822857142857143
2517,0.04042857142857143
96150,0.15185714285714286
92186,0.12628571428571428
71180,0.312
30270,0.7369285714285714
62162,0.022714285714285715
80856,0.8992857142857142
76872,0.2889285714285714
2440,0.9414285714285714
41282,0.9245
60167,0.9287142857142857
42395,0.07592857142857143
68137,0.5896428571428571
61867,0.0008571428571428571
68046,0.24485714285714286
11569,0.6990714285714286
103399,0.9905714285714285
87179,0.3693571428571429
96885,0.46835714285714286
14901,0.8594285714285714
25975,0.3275
54082,0.5307857142857143
48998,0.19678571428571429
55300,0.9339285714285714
101585,0.6147142857142858
23064,0.8905
58738,0.31292857142857144
44346,0.15728571428571428
86930,0.8932142857142857
91506,0.9503571428571429
473,0.3982857142857143
48432,0.32957142857142857
32006,0.3067857142857143
77706,0.3916428571428571
97917,0.4813571428571429
51510,0.31214285714285717
57294,0.22842857142857143
15801,0.15285714285714286
65299,0.9608571428571429
96244,0.2377857142857143
70475,0.8317142857142857
98757,0.9712857142857143
89247,0.8005714285714286
40225,0.2904285714285714
56253,0.06885714285714285
60914,0.16864285714285715
99823,0.2704285714285714
83113,0.02092857142857143
40439,0.7573571428571428
27291,0.30514285714285716
62575,0.46964285714285714
66246,0.7852857142857143
96928,0.324
85392,0.28735714285714287
66892,0.7889285714285714
43058,0.7025714285714286
90704,0.21378571428571427
9915,0.9608571428571429
26056,0.9562857142857143
66025,0.1797857142857143
3230,0.5187142857142857
59951,0.3432857142857143
45409,0.7093571428571429
16258,0.31464285714285717
96360,0.13692857142857143
91311,0.7090714285714286
30363,0.934
84785,0.15671428571428572
87913,0.4860714285714286
16539,0.7103571428571429
60190,0.9309285714285714
57898,0.43842857142857145
72182,0.5023571428571428
95817,0.17542857142857143
63330,0.365
90382,0.9710714285714286
106043,0.531
61392,0.30264285714285716
83131,0.9564285714285714
98380,0.44057142857142856
51326,0.041428571428571426
17431,0.05942857142857143
105844,0.7090714285714286
47380,0.7807857142857143
64299,0.4233571428571429
62789,0.49942857142857144
87467,0.30464285714285716
28121,0.9962857142857143
37282,0.136
82185,0.2727857142857143
17592,0.10685714285714286
45457,0.6854285714285714
17879,0.06364285714285714
47347,0.9935
88330,0.3105
3610,0.7375
76546,0.6439285714285714
87496,0.5809285714285715
6181,0.4135
95849,0.09107142857142857
25711,0.4082142857142857
67387,0.03207142857142857
38259,0.013357142857142857
62168,0.4412857142857143
9713,0.4645714285714286
81684,0.7935
46454,0.13742857142857143
55548,0.9765
96620,0.96
58233,0.6465
29507,0.11235714285714286
104543,0.8745
38955,0.913
100147,0.1672142857142857
25402,0.30357142857142855
31586,0.06785714285714285
29310,0.5167857142857143
99618,0.10328571428571429
100224,0.4857142857142857
99149,0.9715714285714285
74254,0.17057142857142857
14071,0.18692857142857142
99246,0.955
21852,0.024285714285714285
62708,0.3909285714285714
94288,0.8081428571428572
29514,0.829
87479,0.6722857142857143
84918,0.9213571428571429
42449,0.12164285714285715
93629,0.08328571428571428
41948,0.47435714285714287
100684,0.5702857142857143
96099,0.6777142857142857
95464,0.5729285714285715
72015,0.7240714285714286
87554,0.6474285714285715
70392,0.508
67226,0.10628571428571429
71672,0.20742857142857143
99298,0.2572857142857143
13317,0.3595
68304,0.09214285714285714
55505,0.002642857142857143
56260,0.5215714285714286
71880,0.5888571428571429
99580,0.7422857142857143
101003,0.8233571428571429
49593,0.7687857142857143
40638,0.727
76115,0.22342857142857142
21445,0.1427142857142857
39470,0.7409285714285714
11142,0.4775714285714286
49054,0.4790714285714286
2462,0.5607142857142857
61317,0.8509285714285715
99570,0.9019285714285714
92798,0.2735714285714286
82303,0.7467142857142857
43375,0.26407142857142857
74108,0.19142857142857142
94584,0.6735714285714286
4811,0.5543571428571429
13896,0.9394285714285714
91390,0.15385714285714286
49275,0.9844285714285714
23659,0.013142857142857144
106175,0.5613571428571429
73272,0.24192857142857144
96921,0.09585714285714286
51358,0.5657857142857143
16956,0.9799285714285715
99792,0.25957142857142856
94547,0.26335714285714285
15924,0.08028571428571428
81313,0.8176428571428571
15929,0.8209285714285715
53867,0.024785714285714286
37989,0.96
82371,0.053285714285714283
96366,0.2287857142857143
26743,0.22435714285714287
21493,0.6555
70163,0.8415714285714285
2806,0.9599285714285715
52672,0.35564285714285715
102997,0.8015
22913,0.32292857142857145
102036,0.6032142857142857
53408,0.5007857142857143
23008,0.2537142857142857
31264,0.6219285714285714
76345,0.769
17198,0.02492857142857143
2679,0.43864285714285717
5095,0.49564285714285716
106767,0.8397857142857142
7731,0.5884285714285714
48598,0.649
39950,0.36728571428571427
2772,0.3077857142857143
89479,0.4019285714285714
27308,0.45321428571428574
66124,0.051
29808,0.8585714285714285
36108,0.9681428571428572
61131,0.37257142857142855
100018,0.6481428571428571
70535,0.3945714285714286
32555,0.8167142857142857
51749,0.15707142857142858
74533,0.4282142857142857
14536,0.4632142857142857
45541,0.9948571428571429
44537,0.4795
62836,0.11321428571428571
68878,0.517
8271,0.128
51634,0.28714285714285714
69928,0.24585714285714286
35823,0.30614285714285716
2028,0.8857857142857143
46987,0.4552857142857143
77389,0.3924285714285714
69142,0.3217857142857143
68128,0.6092142857142857
38330,0.8591428571428571
40839,0.061642857142857145
88762,0.974
13202,0.6087857142857143
12164,0.31064285714285716
32314,0.4585714285714286
86213,0.26385714285714285
100193,0.7297857142857143
40830,0.2785
103382,0.44685714285714284
49266,0.43364285714285716
60873,0.9145714285714286
22141,0.024714285714285713
106176,0.15128571428571427
88056,0.9755
91514,0.711
28593,0.30028571428571427
1527,0.9213571428571429
47087,0.4275
34354,0.9833571428571428
45978,0.7512142857142857
42767,0.6602857142857143
82442,0.7603571428571428
65451,0.901
98499,0.9005714285714286
87603,0.4883571428571429
96190,0.39157142857142857
101620,0.1767142857142857
83753,0.21957142857142858
42516,0.10028571428571428
165,0.46864285714285714
84135,0.0185
83673,0.35964285714285715
38979,0.7519285714285714
82212,0.17885714285714285
80142,0.826
9816,0.5528571428571428
92679,0.39471428571428574
28269,0.4760714285714286
46357,0.5164285714285715
44452,0.12678571428571428
26166,0.7891428571428571
24461,0.6948571428571428
84233,0.8646428571428572
39606,0.6885
28982,0.2092142857142857
89961,0.9778571428571429
8755,0.9195714285714286
68495,0.42742857142857144
80258,0.30292857142857144
80935,0.8180714285714286
103064,0.7220714285714286
81312,0.6956428571428571
27595,0.030285714285714287
1206,0.22714285714285715
98601,0.02642857142857143
52470,0.8572142857142857
80555,0.02835714285714286
89749,0.06907142857142858
78441,0.46635714285714286
34119,0.0034285714285714284
45545,0.561
75653,0.6890714285714286
105022,0.998
70019,0.8538571428571429
85760,0.33085714285714285
46440,0.9986428571428572
62491,0.7867142857142857
78165,0.7741428571428571
44865,0.49964285714285717
32477,0.19957142857142857
66037,0.3017142857142857
8933,0.045071428571428575
20413,0.8211428571428572
59053,0.27514285714285713
80453,0.169
73023,0.42614285714285716
76948,0.1205
79114,0.458
6511,0.05128571428571429
22113,0.9601428571428572
65212,0.8758571428571429
52385,0.33564285714285713
84622,0.6467142857142857
76885,0.5693571428571429
2346,0.6884285714285714
96048,0.8917142857142857
105509,0.5263571428571429
22744,0.7540714285714286
96713,0.8992857142857142
5977,0.9951428571428571
14216,0.05142857142857143
23871,0.7573571428571428
20971,0.06628571428571428
70406,0.0015
37062,0.5482857142857143
45720,0.9725714285714285
36993,0.5389285714285714
60299,0.8275714285714286
105612,0.4072857142857143
56938,0.701
62552,0.565
89960,0.3227857142857143
28761,0.045214285714285714
72155,0.6859285714285714
5840,0.791
59392,0.15521428571428572
44682,0.8888571428571429
23326,0.9147142857142857
49234,0.8696428571428572
31127,0.21071428571428572
40377,0.5676428571428571
68034,0.7907142857142857
5458,0.27914285714285714
99973,0.4739285714285714
19165,0.00042857142857142855
41857,0.9452857142857143
48813,0.6155714285714285
70203,0.1747142857142857
24496,0.07714285714285714
40711,0.8777142857142857
84113,0.38285714285714284
79538,0.04957142857142857
31122,0.24071428571428571
52174,0.8377142857142857
56388,0.19607142857142856
81550,0.6453571428571429
25682,0.18321428571428572
101809,0.9102142857142858
101248,0.5122142857142857
76771,0.04642857142857143
28802,0.3662142857142857
65658,0.6538571428571428
52474,0.9095714285714286
86160,0.26821428571428574
45874,0.4952142857142857
106522,0.6165
67547,0.7992142857142858
60619,0.5402142857142858
62621,0.32485714285714284
17982,0.6368571428571429
65987,0.059571428571428574
59280,0.12414285714285714
45473,0.3137142857142857
69620,0.8414285714285714
12599,0.6473571428571429
105491,0.3437142857142857
34394,0.7525
96466,0.3977142857142857
99079,0.7935
1406,0.9814285714285714
38053,0.9957142857142857
66957,0.4650714285714286
90555,0.9803571428571428
15335,0.4725714285714286
588,0.4112142857142857
5956,0.8355
50798,0.5985
62318,0.8169285714285714
13452,0.6757857142857143
73019,0.021214285714285713
57538,0.9378571428571428
72347,0.47814285714285715
10812,0.8300714285714286
57417,0.23757142857142857
52221,0.8852857142857142
104461,0.6119285714285714
57479,0.5145
83268,0.9513571428571429
71935,0.32307142857142856
21294,0.8972142857142857
63595,0.10807142857142857
80761,0.9982142857142857
94684,0.8417857142857142
99244,0.8364285714285714
34208,0.15128571428571427
105649,0.20635714285714285
31941,0.8311428571428572
88250,0.2107857142857143
101079,0.05014285714285714
37863,0.8810714285714286
53277,0.054857142857142854
20997,0.02835714285714286
15875,0.16464285714285715
32719,0.8417857142857142
10485,0.20757142857142857
36855,0.07307142857142856
11755,0.3372857142857143
73214,0.44092857142857145
87506,0.4225714285714286
101739,0.9106428571428572
50208,0.007357142857142857
64415,0.6944285714285714
58342,0.1465
8023,0.9053571428571429
40268,0.12007142857142857
80228,0.22857142857142856
90160,0.8909285714285714
2047,0.5177142857142857
101432,0.9412857142857143
98505,0.46385714285714286
30555,0.19857142857142857
73792,0.1662142857142857
64632,0.8261428571428572
33499,0.23842857142857143
1119,0.5334285714285715
1058,0.7670714285714286
8283,0.4860714285714286
17200,0.8718571428571429
78328,0.6112142857142857
17321,0.012357142857142856
8073,0.2681428571428571
46654,0.816
25672,0.44821428571428573
1915,0.35628571428571426
44594,0.025857142857142856
35100,0.6407142857142857
65672,0.9509285714285715
67775,0.5812142857142857
88131,0.6184285714285714
98134,0.21614285714285714
59219,0.024428571428571428
20236,0.7387857142857143
33606,0.7889285714285714
5476,0.163
49834,0.9981428571428571
36743,0.18328571428571427
76508,0.27185714285714285
74082,0.7876428571428571
53128,0.7507857142857143
26944,0.5326428571428572
95272,0.21021428571428571
95663,0.12864285714285714
9514,0.6984285714285714
42561,0.07085714285714285
13562,0.1737142857142857
12109,0.8734285714285714
39454,0.8388571428571429
104706,0.6329285714285714
22537,0.5468571428571428
4834,0.8217857142857142
63389,0.676
74923,0.5357142857142857
72902,0.2
23245,0.8505
3773,0.25307142857142856
106907,0.7049285714285715
11813,0.9178571428571428
103912,0.008142857142857143
74295,0.7500714285714286
97152,0.11064285714285714
66967,0.8152857142857143
23994,0.1305
72500,0.6321428571428571
71422,0.7430714285714286
15866,0.7258571428571429
28325,0.11335714285714285
30274,0.16714285714285715
75238,0.9600714285714286
1811,0.9880714285714286
3289,0.749
63513,0.2572857142857143
91050,0.9700714285714286
102644,0.038714285714285715
4881,0.48628571428571427
21117,0.6161428571428571
21420,0.12664285714285714
93509,0.35264285714285715
5744,0.6091428571428571
39540,0.8634285714285714
74210,0.10071428571428571
50049,0.5067142857142857
87468,0.7887857142857143
67275,0.5318571428571428
104410,0.5984285714285714
9216,0.2877857142857143
91600,0.15842857142857142
73326,0.285
18060,0.7463571428571428
89128,0.7791428571428571
9150,0.8827142857142857
51730,0.38321428571428573
6820,0.9127857142857143
49732,0.9965714285714286
83047,0.4883571428571429
3568,0.3632142857142857
81542,0.14721428571428571
94590,0.9951428571428571
36340,0.9502857142857143
107051,0.5721428571428572
11316,0.9741428571428571
70442,0.9950714285714286
66737,0.4087857142857143
40642,0.8842857142857142
56152,0.9141428571428571
41682,0.211
84689,0.7905
7463,0.03671428571428571
60975,0.4065
81390,0.059571428571428574
53082,0.4885
80283,0.16542857142857142
3319,0.8821428571428571
24253,0.8591428571428571
31457,0.9590714285714286
80082,0.8102142857142857
77132,0.6133571428571428
8641,0.0485
66561,0.15892857142857142
96769,0.007214285714285714
95247,0.6510714285714285
20139,0.5975
13195,0.9585
16834,0.5361428571428571
57606,0.8865
1841,0.9767857142857143
1977,0.9127142857142857
80231,0.40535714285714286
5467,0.7317142857142858
7663,0.9574285714285714
107173,0.7992857142857143
550,0.5651428571428572
6315,0.9215714285714286
45508,0.9752857142857143
49549,0.4627142857142857
15121,0.6043571428571428
24177,0.7055
98884,0.29664285714285715
59840,0.7375
30810,0.9394285714285714
13522,0.7722142857142857
35897,0.4947857142857143
6943,0.4895
4178,0.035
26928,0.1992142857142857
75220,0.44207142857142856
32592,0.2987142857142857
66134,0.5630714285714286
47676,0.611
72775,0.9341428571428572
30443,0.15142857142857144
101569,0.04321428571428571
30235,0.19435714285714287
30793,0.17357142857142857
59250,0.6032857142857143
94383,0.7935714285714286
20596,0.8099285714285714
34051,0.952
23981,0.3137857142857143
74201,0.9282142857142858
51578,0.11978571428571429
20305,0.8445714285714285
60703,0.6859285714285714
64082,0.14142857142857143
60147,0.82
65815,0.4542857142857143
24922,0.12907142857142856
56182,0.5129285714285714
81076,0.6264285714285714
44501,0.7142142857142857
78868,0.4987142857142857
83613,0.7783571428571429
8586,0.9982142857142857
100730,0.8021428571428572
73251,0.3515
82495,0.7907857142857143
90026,0.20407142857142857
54625,0.9575714285714285
62333,0.6082142857142857
78707,0.05885714285714286
960,0.9902142857142857
70001,0.7622857142857142
101246,0.061714285714285715
32801,0.35928571428571426
56595,0.17714285714285713
16065,0.5335714285714286
67082,0.5760714285714286
9168,0.5592857142857143
62656,0.5381428571428571
30789,0.4125
76112,0.9827857142857143
38813,0.4590714285714286
88451,0.4516428571428571
6867,0.07814285714285714
48437,0.44114285714285717
61178,0.17914285714285713
14753,0.07714285714285714
49058,0.9237857142857143
17279,0.7725714285714286
91458,0.006642857142857143
34487,0.9056428571428572
8037,0.7145
20133,0.8793571428571428
22726,0.8919285714285714
2575,0.59
104989,0.279
47648,0.5238571428571429
56757,0.5122857142857142
57160,0.008571428571428572
28203,0.3975
91906,0.009357142857142857
4741,0.8073571428571429
8066,0.006642857142857143
3488,0.5721428571428572
35405,0.3802142857142857
40583,0.20107142857142857
29373,0.8315
71316,0.6972142857142857
6297,0.003
106650,0.14085714285714285
48873,0.7189285714285715
56782,0.2636428571428571
48493,0.8602857142857143
6687,0.041928571428571426
96262,0.8445714285714285
65583,0.27314285714285713
23039,0.29764285714285715
46288,0.9551428571428572
101519,0.7017142857142857
50678,0.3832857142857143
19338,0.292
34333,0.8638571428571429
95157,0.26821428571428574
102009,0.9960714285714286
78600,0.18485714285714286
50120,0.49064285714285716
75303,0.6055714285714285
95981,0.3617142857142857
39346,0.5345
43176,0.7127857142857142
72905,0.7878571428571428
48686,0.20985714285714285
103602,0.2967142857142857
101486,0.3935
92893,0.5295714285714286
61085,0.17457142857142857
43804,0.6448571428571429
72017,0.6473571428571429
45027,0.5317857142857143
6377,0.8358571428571429
82,0.7848571428571428
94158,0.05864285714285714
74754,0.07678571428571429
51691,0.2982142857142857
84566,0.039285714285714285
46750,0.41828571428571426
78298,0.1452142857142857
19777,0.8281428571428572
93311,0.7
54630,0.8974285714285715
88750,0.2787142857142857
86677,0.12378571428571429
96078,0.18871428571428572
10884,0.46064285714285713
73376,0.3857857142857143
62042,0.6991428571428572
56531,0.5757857142857142
96054,0.32657142857142857
47090,0.5815714285714285
12313,0.49157142857142855
95437,0.5405714285714286
47954,0.9670714285714286
79644,0.09085714285714286
85620,0.7784285714285715
92921,0.11814285714285715
92507,0.7056428571428571
40689,0.7978571428571428
26726,0.07078571428571429
10648,0.1632142857142857
52156,0.8796428571428572
35583,0.13564285714285715
55810,0.6121428571428571
14241,0.5861428571428572
23864,0.6777857142857143
6324,0.14835714285714285
85321,0.2656428571428571
103017,0.6050714285714286
49734,0.5772857142857143
30677,0.07121428571428572
50259,0.030785714285714284
24519,0.11264285714285714
81153,0.11171428571428571
7638,0.17464285714285716
31760,0.3037142857142857
21407,0.7232857142857143
73056,0.6418571428571429
5397,0.11078571428571428
52648,0.9067857142857143
79404,0.14192857142857143
87318,0.025714285714285714
50063,0.9815
62869,0.5082142857142857
9282,0.25485714285714284
33207,0.18871428571428572
36832,0.08742857142857142
39168,0.46064285714285713
39004,0.6842857142857143
42231,0.43114285714285716
71552,0.6746428571428571
32425,0.7223571428571428
39202,0.8281428571428572
64874,0.6386428571428572
38211,0.6330714285714286
92532,0.9997142857142857
56621,0.1482857142857143
52133,0.2847142857142857
45156,0.2827857142857143
72892,0.7315714285714285
35120,0.6266428571428572
76104,0.29978571428571427
13086,0.027785714285714285
44734,0.7996428571428571
77203,0.45007142857142857
32919,0.7586428571428572
60903,0.42557142857142854
84000,0.7145
99303,0.8282857142857143
62158,0.14307142857142857
54089,0.45457142857142857
40710,0.458
78004,0.18428571428571427
32074,0.22228571428571428
14113,0.02057142857142857
95540,0.9709285714285715
41386,0.7525
18064,0.4592857142857143
35811,0.49564285714285716
54232,0.7791428571428571
86245,0.8183571428571429
67616,0.2855
80266,0.7052142857142857
44141,0.6562857142857143
50584,0.7500714285714286
98738,0.013857142857142858
11070,0.08135714285714286
105305,0.002
58809,0.05678571428571429
72617,0.8065
37669,0.2317142857142857
73809,0.8107142857142857
49712,0.38307142857142856
85108,0.5542142857142857
32882,0.154
37595,0.3245
79819,0.02557142857142857
65774,0.8491428571428571
32984,0.8887857142857143
92089,0.9265714285714286
83770,0.43028571428571427
57442,0.7754285714285715
38253,0.04321428571428571
54243,0.7065
15299,0.5706428571428571
32589,0.4622142857142857
16945,0.2887857142857143
51776,0.3527142857142857
59374,0.111
65995,0.3439285714285714
26736,0.3927857142857143
84059,0.3540714285714286
17995,0.7797142857142857
63821,0.9938571428571429
63259,0.7745
6057,0.7102142857142857
85363,0.6155714285714285
86145,0.5680714285714286
17098,0.7108571428571429
73,0.014571428571428572
33560,0.6666428571428571
34813,0.8891428571428571
2011,0.0085
49904,0.5459285714285714
29527,0.13178571428571428
19572,0.8293571428571429
70976,0.1452857142857143
103291,0.8953571428571429
367,0.5888571428571429
77990,0.324
99323,0.09514285714285714
70762,0.8592142857142857
102691,0.608
30827,0.38521428571428573
37704,0.3097142857142857
93738,0.5509285714285714
36077,0.999
21236,0.613
54913,0.7732142857142857
99433,0.23014285714285715
64038,0.8877142857142857
58228,0.6302142857142857
81187,0.027928571428571428
90101,0.8202857142857143
57523,0.5348571428571428
15695,0.45985714285714285
19808,0.2332142857142857
41702,0.12178571428571429
52520,0.4982142857142857
15014,0.5592857142857143
33184,0.37157142857142855
32005,0.3499285714285714
101164,0.5752142857142857
21810,0.2697857142857143
14671,0.9299285714285714
25123,0.31214285714285717
10673,0.5042857142857143
34660,0.24435714285714286
59131,0.5509285714285714
40513,0.5295714285714286
91323,0.202
6942,0.7144285714285714
6232,0.6673571428571429
47970,0.6362142857142857
55360,0.2980714285714286
42541,0.6474285714285715
1644,0.2402142857142857