id,score
34566,-0.03969201445579529
50272,-0.0547989122569561
69232,-0.05299016833305359
86223,-0.505233883857727
53524,-0.0522579699754715
42142,-0.0285187978297472
22559,-0.03833687677979469
28141,-0.07189412415027618
72186,-0.04999397695064545
46468,-0.14873100817203522
33307,-0.06337817758321762
96701,-0.025751885026693344
43458,-0.05248580873012543
50885,-0.048450373113155365
73557,-0.06411021947860718
88932,-0.05207376182079315
44717,-0.05000372603535652
99278,-0.032317958772182465
59988,-0.035749681293964386
41296,-0.05075174197554588
25715,-0.055630963295698166
98187,-0.05088815838098526
40635,-0.04717676714062691
76486,-0.03832506015896797
48161,-0.03409670293331146
57858,-0.07546200603246689
25848,-0.024470778182148933
83247,-0.05774757266044617
100820,-0.06493903696537018
61843,-0.06042444333434105
47864,-0.03201032057404518
14338,-0.05838940665125847
106760,-0.11626819521188736
42892,-0.06458283215761185
20995,-0.05041198059916496
68283,-0.042652592062950134
66796,-0.06319846957921982
1175,-0.05072885379195213
55171,-0.04521016404032707
1693,-0.04914949834346771
54411,-0.03937643766403198
73718,-0.13559627532958984
99036,-0.0420316644012928
29757,-0.0427396334707737
1352,-0.17248469591140747
6970,-0.06111985072493553
75513,-0.04595562443137169
103376,-0.06625929474830627
11566,-0.04518976807594299
85724,-0.052293382585048676
26255,-0.049937162548303604
83078,-0.030039893463253975
22092,-0.043475523591041565
31379,-0.07075589895248413
20478,-0.048064835369586945
70444,-0.053984008729457855
41587,-0.04419432953000069
74822,-0.03992582485079765
88815,-0.05173388496041298
6351,-0.04116785153746605
105177,-0.05151436850428581
58297,-0.05514519661664963
39926,-0.04319287836551666
97160,-0.04768256098031998
86332,-0.04283329099416733
21551,-0.04175066947937012
47546,-0.041527580469846725
37196,-0.05900869145989418
19800,-0.040461745113134384
67091,-0.043388430029153824
90146,-0.050209179520606995
52084,-0.05019183084368706
26000,-0.05362207069993019
20558,-0.022697770968079567
32315,-0.028866542503237724
95299,-0.05204807594418526
57575,-0.056005142629146576
57431,-0.05200088396668434
15164,-0.04105355963110924
47959,-0.048640016466379166
36213,-0.0344032384455204
64598,-0.03760741278529167
85180,-0.11187413334846497
7330,-0.045443370938301086
96758,-0.04341605305671692
60760,-0.04371210187673569
95190,-0.040144581347703934
70419,-0.04604499414563179
104315,-0.026529747992753983
80963,-0.05646086111664772
104090,-0.029216250404715538
62040,-0.20950642228126526
57462,-0.03963896632194519
1752,-0.037614647299051285
13352,-0.06267236173152924
6969,-0.03941735252737999
36448,-0.04490829259157181
69866,-0.047086019068956375
37138,-0.04126200079917908
37149,-0.037070419639348984
83158,-0.0694732666015625
107034,-0.04376915469765663
83603,-0.04934275522828102
33886,-0.05022969841957092
55417,-0.0588030181825161
57938,-0.03420292213559151
27867,-0.046896304935216904
101800,-0.08769567310810089
91813,-0.053988754749298096
64083,-0.03469045087695122
29528,-0.06006527692079544
71645,-0.029620461165905
14467,-0.04538664221763611
60324,-0.12315725535154343
10743,-0.05349009484052658
64077,-0.030117744579911232
92251,-0.04598750174045563
15067,-0.04279639944434166
20047,-0.04917718842625618
54463,-0.05487971007823944
8025,-3.838715076446533
27998,-0.05318799987435341
91510,-0.04117906093597412
49193,-0.028890401124954224
5404,-0.0748809278011322
98897,-0.061641842126846313
46045,-0.041338980197906494
95008,-0.04297615960240364
43419,-0.06549064069986343
58059,-0.038160182535648346
10051,-0.06160295009613037
95635,-0.03786696493625641
89780,-0.057763323187828064
98548,-0.06093165650963783
27466,-0.04741667956113815
2992,-0.04272375628352165
105855,-0.04171842709183693
14278,-0.05160335823893547
13478,-0.03354191035032272
81475,-0.050215981900691986
21191,-0.038978904485702515
13291,-0.04895291104912758
67019,-0.05912555754184723
67840,-0.053209926933050156
61283,-0.05364568531513214
99646,-0.05717681720852852
90567,-0.07288997620344162
95937,-0.060507819056510925
98569,-0.028818707913160324
83135,-0.039193395525217056
63766,-0.06616044044494629
58069,-0.06144612655043602
61012,-0.05245741829276085
23811,-0.04486919939517975
86719,-0.04706941545009613
71966,-0.05099079757928848
42822,-0.048271819949150085
41669,-0.05736256390810013
45307,-0.07123392820358276
81709,-0.3281412422657013
7658,-0.029972102493047714
12419,-0.04702449217438698
50301,-0.044853582978248596
54932,-0.04927944019436836
40443,-0.06535586714744568
89290,-0.029533427208662033
18566,-0.04752979427576065
25390,-0.04572344571352005
86488,-0.03673229739069939
29629,-0.04979052394628525
11058,-0.04602985456585884
54617,-0.047495462000370026
41981,-0.048350539058446884
87296,-0.04995757341384888
17667,-0.06554802507162094
5896,-0.042981069535017014
75975,-0.042587023228406906
27593,-0.047175515443086624
40873,-0.2600545883178711
70373,-0.03553732484579086
43440,-0.04062796011567116
13967,-0.053415171802043915
105002,-0.03512813523411751
18683,-0.05259178951382637
87657,-0.044734809547662735
57708,-0.04418988153338432
92606,-0.05405821278691292
72712,-0.039264578372240067
69218,-0.051242705434560776
58810,-0.04850579425692558
95425,-0.04849693551659584
95904,-0.034910235553979874
79487,-0.05811982974410057
46830,-0.05397802218794823
69561,-0.04819980263710022
94968,-0.062025878578424454
1988,-0.09582061320543289
96273,-0.05378441512584686
2418,-0.04365378990769386
12473,-0.04360973834991455
19291,-0.05079071968793869
10962,-0.0643158107995987
47640,-0.04855246841907501
93483,-0.03531284257769585
104092,-0.03829224780201912
97169,-0.026543909683823586
31477,-0.03722020238637924
75670,-0.06324468553066254
65370,-0.06276282668113708
10836,-0.04724067449569702
68685,-0.03443997725844383
93012,-0.031893014907836914
80205,-0.03917253389954567
66783,-0.06468094140291214
79142,-0.04181057959794998
51106,-0.932777464389801
101527,-0.06203584745526314
46079,-0.06170494481921196
68864,-0.03477058559656143
105489,-0.05858785659074783
54811,-0.043959006667137146
6426,-0.049575455486774445
100841,-0.03257934749126434
65650,-0.04299454391002655
57870,-0.048346903175115585
55990,-0.12127374112606049
106074,-0.0631759762763977
49536,-0.048000529408454895
89328,-0.06272464990615845
18713,-0.03952953964471817
91797,-0.03074749931693077
106639,-0.04820207506418228
5890,-0.043436601758003235
89684,-0.05912566930055618
54023,-0.040964655578136444
47021,-0.035451728850603104
31128,-0.03029991127550602
1963,-0.04158430173993111
76891,-0.03086378425359726
90892,-0.03272853046655655
63803,-0.06508637964725494
49662,-0.05861472710967064
94938,-0.04948344826698303
23162,-0.05185353010892868
96698,-0.033488884568214417
103791,-0.09041858464479446
64992,-0.05440068989992142
58764,-0.05293262004852295
5358,-0.05565960705280304
61333,-0.04873380437493324
63475,-0.062407076358795166
13214,-0.046284835785627365
21817,-0.05045606940984726
34789,-0.05139660835266113
33534,-0.06169732287526131
68438,-0.05081983655691147
103299,-0.01566615141928196
106707,-0.04229818284511566
37671,-0.059313077479600906
36142,-0.027596378698945045
75447,-0.05203449726104736
31898,-0.49324876070022583
65458,-0.47362735867500305
20782,-0.037966933101415634
93542,-0.04339151456952095
28068,-0.05111347511410713
13088,-0.06384207308292389
91210,-0.06307200342416763
73055,-0.042395997792482376
2146,-0.047182679176330566
45779,-0.04512550309300423
53843,-0.0450376458466053
6613,-0.19401749968528748
85068,-0.03492094203829765
34339,-0.05688529461622238
1747,-0.06714396178722382
100398,-0.047710977494716644
77182,-0.04973233491182327
16496,-0.03986729308962822
50826,-0.050100333988666534
54432,-0.04864058643579483
106786,-0.05318234860897064
60662,-0.051860205829143524
25319,-0.06420815736055374
57166,-0.0479583740234375
93039,-0.05376069247722626
57408,-0.04767244681715965
98502,-0.04269599914550781
89627,-0.052892595529556274
30063,-0.0305041316896677
37625,-0.05123930796980858
20751,-0.04457737132906914
43244,-0.03799952566623688
66830,-0.18624848127365112
7174,-0.03843243792653084
98246,-0.09785857051610947
56972,-0.048312485218048096
84719,-0.05300283059477806
86073,-0.056787990033626556
49249,-0.0735013484954834
72494,-0.04845832288265228
56350,-0.02936570532619953
75617,-0.06744788587093353
61192,-0.04769449681043625
95727,-0.062246907502412796
53226,-0.05004704371094704
11746,-0.0483584888279438
56780,-0.05143476650118828
48037,-0.05514124780893326
67699,-0.17755010724067688
52046,-0.03926262632012367
7373,-0.04493200033903122
55155,-0.05204015225172043
87577,-0.05152648314833641
97264,-0.026998169720172882
73458,-0.061055365949869156
86325,-0.03528856113553047
96463,-0.04581044614315033
16633,-0.035336777567863464
75069,-0.04301133006811142
35487,-0.09596791118383408
24768,-0.03905870020389557
34822,-0.0434887632727623
101479,-0.047303326427936554
79766,-0.04783405736088753
49768,-0.051703546196222305
22731,-0.031995080411434174
33574,-0.029102781787514687
55252,-0.03865404427051544
40683,-0.048702239990234375
33771,-0.0369638167321682
857,-0.04932891204953194
51226,-0.024953652173280716
46831,-0.05553838610649109
105253,-0.04250568151473999
79491,-0.053062524646520615
103022,-0.04352699592709541
82950,-0.07891608029603958
64234,-0.02793644368648529
78991,-0.05246737226843834
83774,-0.043734125792980194
48994,-0.03380528464913368
84569,-0.033744316548109055
80903,-0.07582949846982956
39230,-0.036151718348264694
97195,-0.05137147009372711
34972,-0.059509098529815674
63621,-0.05071502923965454
11553,-0.06624233722686768
95009,-0.030059443786740303
2753,-0.057556942105293274
102798,-0.04931211844086647
35609,-0.04722975939512253
45723,-0.029394645243883133
36421,-0.048955634236335754
93564,-0.06715577840805054
18673,-0.04994385316967964
99963,-0.04527294263243675
19921,-0.04842390865087509
9379,-0.050271302461624146
63121,-0.04154610633850098
55480,-0.03767044097185135
102975,-0.03161897137761116
55632,-0.055027298629283905
74937,-0.03787855803966522
51836,-0.06668828427791595
12610,-0.03355655074119568
46487,-0.089198999106884
42150,-0.04370776563882828
2908,-0.034793730825185776
11348,-0.04804801940917969
104966,-0.04759993031620979
56207,-0.04630885273218155
47420,-0.04706600308418274
70191,-0.047826897352933884
30693,-0.035156331956386566
82367,-0.04121795669198036
56454,-0.055421099066734314
40608,-0.055778104811906815
590,-0.02645033970475197
64431,-0.04721031337976456
14717,-0.04979494586586952
14898,-0.08124563097953796
5949,-0.049490708857774734
80059,-0.048344746232032776
24763,-0.051795803010463715
46875,-0.05175301432609558
26931,-0.06160138174891472
72880,-0.027483073994517326
104802,-0.04346547648310661
39042,-0.054660093039274216
986,-0.025925209745764732
7537,-0.12296362221240997
74147,-0.078373484313488
24786,-0.06364734470844269
94019,-0.04292842373251915
29377,-0.04763709753751755
16134,-0.044219765812158585
9499,-0.08813346922397614
64513,-0.04601903632283211
15569,-0.07821772992610931
47017,-0.045503515750169754
13043,-0.06794286519289017
56464,-0.0597868338227272
8315,-0.05056612193584442
31026,-0.04328923299908638
74871,-0.04655762016773224
46139,-0.040688395500183105
57488,-0.05177520215511322
263,-0.05374623462557793
3394,-0.05246386304497719
22237,-0.034648649394512177
17299,-0.05046706646680832
43048,-0.06176557391881943
91934,-0.04906437546014786
15814,-0.13142794370651245
92661,-0.06268053501844406
48500,-0.037342168390750885
101522,-0.049222130328416824
58058,-0.045222584158182144
48310,-0.02828856185078621
93528,-0.032451026141643524
48732,-0.04849659278988838
56815,-0.029551135376095772
2861,-0.03033125400543213
32056,-0.06755229830741882
31686,-0.07432164251804352
32212,-0.07574617117643356
34433,-0.0407528318464756
9154,-0.020200828090310097
62686,-0.0323958620429039
93196,-0.0440828911960125
95261,-0.056985631585121155
70962,-0.0334855392575264
90520,-0.05571327731013298
29033,-0.0336102694272995
2713,-0.040174126625061035
36946,-2.906933069229126
35993,-0.06361401081085205
100933,-0.05462171882390976
14561,-0.07223143428564072
97302,-0.029305046424269676
9600,-0.04498419538140297
10294,-0.038492776453495026
44890,-0.03369879350066185
87850,-0.04846377298235893
101786,-0.036013394594192505
69051,-0.038299016654491425
54868,-0.0472622774541378
6583,-0.048324525356292725
63256,-0.06134646013379097
53969,-0.04286789521574974
69907,-0.03992410749197006
45282,-0.04786951467394829
95125,-0.20803557336330414
54365,-0.04658276587724686
63236,-0.05588080734014511
104959,-0.05580989643931389
105117,-0.04492687061429024
18787,-0.038937974721193314
77502,-0.07400751113891602
59084,-0.04087723046541214
91595,-0.047577083110809326
80788,-0.04926377907395363
99862,-0.04585041478276253
87325,-0.10128022730350494
57303,-0.03734917566180229
37884,-0.048536453396081924
92059,-0.04136025533080101
76261,-0.05194723978638649
79007,-0.044922083616256714
97833,-0.04042259231209755
40382,-0.05832024663686752
42825,-0.033140551298856735
73429,-0.0524865984916687
67050,-0.04858710244297981
67837,-0.07300911098718643
11945,-0.06247875094413757
4880,-0.04513302445411682
104670,-0.04016175866127014
69307,-0.03714784234762192
2417,-0.045031946152448654
20890,-0.039028316736221313
60524,-0.031294021755456924
67623,-0.05282769352197647
79406,-0.046525988727808
81812,-0.05013968050479889
47792,-0.05183972045779228
60455,-0.043554387986660004
57967,-0.039783552289009094
63131,-0.039192136377096176
77533,-0.06002037227153778
75815,-0.02938295342028141
17220,-0.04041881486773491
4822,-0.04471155256032944
104299,-0.030583912506699562
27396,-0.05143091827630997
66788,-0.06373012065887451
73691,-0.050282299518585205
84699,-0.033944033086299896
76468,-0.06041097640991211
6868,-0.05110882967710495
95938,-0.04937078431248665
91872,-0.05439018830657005
59054,-0.02918417938053608
37147,-0.04269394278526306
24966,-0.05989586189389229
5668,-0.04928590729832649
97600,-0.034770816564559937
61930,-0.04563985392451286
86934,-0.049954853951931
83678,-0.06144556775689125
29827,-0.0448169931769371
6206,-0.0367104671895504
93891,-0.05187910795211792
22302,-0.040579769760370255
53715,-0.047655511647462845
74452,-0.04868543520569801
98097,-0.04076828062534332
94492,-0.050334107130765915
52873,-0.03982410579919815
39371,-0.0428563617169857
33321,-0.027749555185437202
105024,-0.07448530942201614
70699,-0.04593239724636078
63945,-0.0488031767308712
92000,-0.051505763083696365
4990,-0.05450398474931717
45293,-0.04359456151723862
89028,-0.04690017178654671
78250,-0.055045802146196365
27659,-0.04599661007523537
67546,-0.058494314551353455
85206,-0.0835457593202591
66829,-0.04782269150018692
14360,-0.052996840327978134
98129,-0.03665875270962715
74522,-0.053058791905641556
20811,-0.03526899963617325
76081,-0.04646442458033562
38953,-0.0621708482503891
8430,-0.045591674745082855
89041,-0.043188538402318954
99838,-0.056332867592573166
79512,-0.054615847766399384
103604,-0.048633091151714325
55820,-0.034482017159461975
65422,-0.04318203032016754
72645,-0.03893487900495529
91160,-0.04092838242650032
62410,-0.044497329741716385
52414,-0.035208120942115784
5692,-0.04914972558617592
77094,-0.044916726648807526
55179,-0.04519090801477432
49202,-0.10314733535051346
8841,-0.04391816258430481
8096,-0.03301195800304413
75832,-0.5032777786254883
39279,-0.057987771928310394
100504,-0.037849631160497665
37330,-0.043130308389663696
71467,-0.040582288056612015
27577,-0.04328375309705734
59870,-0.04283694550395012
64403,-0.03916829079389572
47464,-0.03979649767279625
79770,-0.0177399143576622
99308,-0.04604601860046387
57197,-0.08381645381450653
37918,-0.03618966042995453
43470,-0.056585460901260376
100219,-0.03319048509001732
26510,-0.05396164581179619
25870,-0.04516766220331192
65867,-0.04592123627662659
51739,-0.05234847962856293
99965,-0.05506644770503044
10534,-0.031440164893865585
6664,-0.05203641951084137
104971,-0.05194656178355217
24615,-0.06603747606277466
100862,-0.05344613641500473
28018,-0.040336381644010544
7345,-0.04929305613040924
76059,-0.04944305866956711
24256,-0.04888990893959999
89943,-0.049422070384025574
97303,-0.0543968491256237
60280,-0.04438946023583412
18324,-0.051537804305553436
87641,-0.04766721650958061
28970,-0.061354756355285645
27363,-0.035627175122499466
52902,-0.04675786569714546
85294,-0.056218940764665604
81480,-0.026449643075466156
1744,-0.048797838389873505
38002,-0.04358154907822609
14284,-0.07094191759824753
38484,-0.06887634098529816
80584,-0.03390035778284073
77050,-0.042297154664993286
31259,-0.04770336300134659
79077,-0.051958899945020676
58886,-0.044166043400764465
60954,-0.047176655381917953
70799,-0.0509440116584301
52013,-0.045679714530706406
71904,-0.04843311011791229
71844,-0.07140009850263596
22734,-0.05905083194375038
79724,-0.05072839930653572
82508,-0.03718907758593559
77802,-0.055541545152664185
54576,-0.041545990854501724
82046,-0.04391656816005707
42787,-0.05219031125307083
91919,-0.05531643331050873
4764,-0.03596647456288338
29079,-0.03590724989771843
30254,-0.04969025403261185
94013,-0.1491272747516632
33643,-0.02871423028409481
24238,-0.04773370549082756
83026,-0.06857451796531677
3164,-0.05808226391673088
81900,-0.01957281120121479
50519,-0.04019565507769585
76320,-0.04475430026650429
56165,-0.043200068175792694
83166,-0.05580561235547066
88675,-0.02920837700366974
76380,-0.046773675829172134
86709,-0.04384605959057808
54070,-0.021157169714570045
37157,-0.052890561521053314
104166,-0.06954999268054962
68285,-0.08843163400888443
81848,-0.0588780976831913
44145,-0.06013565883040428
24019,-0.045324552804231644
86235,-0.03487098217010498
80353,-0.04322826862335205
45854,-0.04407251253724098
4402,-0.04666570946574211
41645,-0.047442030161619186
31674,-0.0350000262260437
28987,-0.04587273299694061
18766,-0.07041475921869278
10355,-0.07872040569782257
32427,-0.05409852787852287
91400,-0.048009276390075684
55295,-0.041691672056913376
106782,-0.049889758229255676
1645,-0.029761409386992455
2610,-0.028043901547789574
53836,-0.04747386276721954
63495,-0.06486596912145615
53689,-0.04630543664097786
99572,-0.058824483305215836
4148,-0.03879280760884285
93681,-0.06879889219999313
82600,-0.02948886714875698
63362,-0.045283082872629166
58983,-0.04000978171825409
66268,-0.05373154580593109
83582,-0.6605659127235413
104484,-0.019377104938030243
39197,-0.07361675053834915
70740,-0.047333113849163055
75117,-0.3839956521987915
56646,-0.05297558382153511
103460,-0.0487176813185215
19134,-0.06345828622579575
87447,-0.05014149099588394
49659,-0.05194101855158806
83556,-0.030479850247502327
23993,-0.04541626200079918
5813,-0.04734550788998604
29916,-0.04540691897273064
12340,-0.574407696723938
67255,-0.0227708350867033
46508,-0.06848591566085815
67248,-0.039821356534957886
29461,-0.06077910587191582
51279,-0.04934877157211304
16059,-0.02986091934144497
92016,-0.04502100497484207
50313,-0.043457258492708206
78370,-0.03955933451652527
80708,-0.05002890154719353
90075,-0.062019042670726776
72748,-0.055691175162792206
10128,-0.05102093145251274
7858,-0.6600497961044312
69469,-0.04776405170559883
607,-0.04261226952075958
31648,-0.04538401961326599
65947,-0.0561375729739666
65612,-0.046542488038539886
29127,-0.09988462179899216
71081,-0.03785135596990585
28869,-0.06534358114004135
13784,-0.04716528207063675
98489,-0.045611266046762466
38712,-0.0360792838037014
1935,-0.028762532398104668
81134,-0.03619483485817909
97576,-0.5033360123634338
100132,-0.06457322090864182
41552,-0.046243634074926376
104473,-0.037049055099487305
10886,-0.04723169282078743
4608,-0.07159509509801865
19638,-0.05665800720453262
103726,-0.04983679577708244
14088,-0.04089588299393654
44367,-0.04720326140522957
77775,-0.04943908751010895
43133,-0.03409416601061821
11750,-0.054665736854076385
38773,-0.03364565595984459
80328,-0.047070663422346115
36364,-0.051122989505529404
72222,-0.021558701992034912
24497,-0.0661705955862999
81796,-0.0717090591788292
68276,-0.0481862835586071
95099,-0.040112629532814026
104325,-0.0422532744705677
72720,-0.021168608218431473
81957,-0.04278714954853058
68678,-0.0851437896490097
6282,-0.03365430235862732
39478,-0.05175391957163811
64263,-0.037794534116983414
56842,-0.059310831129550934
71748,-0.05289463326334953
101186,-0.032115839421749115
77819,-0.06529735028743744
82746,-0.03608549013733864
75372,-0.05533120781183243
86180,-0.04449710249900818
103038,-0.05017697811126709
53965,-0.04378010705113411
51154,-0.029846109449863434
68680,-0.07178739458322525
10380,-0.041275955736637115
15435,-0.047826897352933884
80262,-0.034182071685791016
72306,-0.035310082137584686
62687,-0.06014430522918701
87244,-0.04291608929634094
45990,-0.04319150745868683
2832,-0.04304604232311249
15117,-0.04844514653086662
62567,-0.05002754181623459
13436,-0.057418059557676315
10683,-0.054520804435014725
25182,-0.04367992281913757
65739,-0.04043976590037346
94520,-0.0489354282617569
96784,-0.039069704711437225
21531,-0.04530860483646393
58971,-0.1586596518754959
66147,-0.04133955389261246
101483,-0.047204967588186264
79887,-0.04577309638261795
29544,-0.04678357392549515
69091,-0.051452431827783585
11176,-0.04756094142794609
60268,-0.0682566836476326
71120,-0.10005871951580048
31291,-0.07633934170007706
43865,-0.03776239603757858
40585,-0.03286650776863098
37452,-0.05547049641609192
52456,-0.04833122715353966
90007,-0.04435103014111519
16739,-0.04909774661064148
91551,-0.0571666844189167
23423,-0.05266428738832474
1706,-0.053517214953899384
7452,-0.05907252058386803
8134,-0.04462525248527527
58536,-0.046707578003406525
105734,-0.050922371447086334
1313,-0.03409520536661148
84876,-0.050135258585214615
100693,-0.0489083006978035
57995,-0.05279569327831268
79811,-0.049695130437612534
69139,-0.040127404034137726
58534,-0.06262174993753433
99375,-0.0402209609746933
76796,-0.054949671030044556
66626,-0.05569455772638321
97721,-0.0551459863781929
102488,-0.05041923373937607
31116,-0.03722468018531799
21065,-0.05804277956485748
59272,-0.045923057943582535
99469,-0.06594707816839218
46333,-0.02504120208323002
28601,-0.04403167590498924
25815,-0.051346555352211
102482,-0.04692588001489639
34661,-0.03787362203001976
65391,-0.027240535244345665
81943,-0.053733691573143005
28505,-0.04440314322710037
88621,-0.04383807256817818
62287,-0.035907939076423645
25860,-0.047189049422740936
58026,-0.04589846730232239
59165,-0.05066290125250816
21355,-0.05177033320069313
724,-0.04902135953307152
61635,-0.039089422672986984
10564,-0.048450030386447906
41782,-0.04718029126524925
6229,-0.04751751571893692
42952,-0.06846832484006882
56235,-0.07083641737699509
104947,-0.04663476347923279
7746,-0.046655699610710144
100978,-0.06224220246076584
20646,-0.03705077990889549
78149,-0.051262978464365005
94746,-0.04986265301704407
11466,-0.03919133171439171
12787,-0.045647937804460526
104608,-0.01727920211851597
38068,-0.04503878578543663
12230,-0.13819916546344757
22667,-0.04604419693350792
35855,-0.04466663673520088
27932,-0.05306953191757202
57277,-0.04325418546795845
71908,-0.06112220510840416
23047,-0.04614483192563057
54288,-0.02545326203107834
73157,-0.03319071605801582
72434,-0.03761671483516693
37676,-0.07685952633619308
107058,-0.0500955730676651
103029,-0.05017391964793205
34947,-0.03960585594177246
85834,-0.036886267364025116
74743,-0.04692041873931885
19940,-0.0430145263671875
29136,-0.02797551080584526
65700,-0.042931850999593735
15352,-0.024907026439905167
44799,-0.04226218909025192
79640,-0.045568667352199554
745,-0.06372620165348053
68654,-0.04490772262215614
75911,-0.06170819327235222
814,-0.047908488661050797
30903,-0.07528600096702576
32545,-0.040266647934913635
35506,-0.04208264499902725
69863,-0.05296699330210686
19443,-0.03978492692112923
45375,-0.047203946858644485
22240,-0.04905495420098305
86911,-0.04927864298224449
68265,-0.048270005732774734
91954,-0.04488982632756233
99622,-0.0377984382212162
47734,-0.051039621233940125
53726,-0.050472620874643326
94247,-0.07467915117740631
154,-0.0327431857585907
11650,-0.06199036166071892
27561,-0.047356992959976196
49806,-0.10992448031902313
94011,-0.0471261627972126
50140,-0.04593046009540558
93185,-0.059268586337566376
78438,-0.052065953612327576
2264,-0.04885131120681763
62528,-0.034896306693553925
4665,-0.033789150416851044
7685,-0.056736066937446594
39824,-0.178720161318779
65005,-0.037811294198036194
68816,-0.052910685539245605
102678,-0.048628322780132294
63734,-0.04196513816714287
40320,-0.048304762691259384
2545,-0.05886944383382797
41278,-0.02973872981965542
102661,-0.06418736279010773
29550,-0.04133074730634689
13831,-0.04780473932623863
52921,-0.056255340576171875
106351,-0.05850758031010628
95864,-0.04993171989917755
9087,-0.03569308668375015
5591,-0.03608514741063118
46258,-0.07564560323953629
95865,-0.04273323714733124
42844,-0.03677469864487648
77093,-0.04237417131662369
84201,-0.040541764348745346
70165,-0.04719257354736328
32357,-0.04139250889420509
101296,-0.03406478837132454
67095,-0.049795739352703094
85509,-0.04211213067173958
50202,-0.025511600077152252
12793,-0.039618685841560364
94120,-0.025247544050216675
16628,-0.03350098803639412
88444,-0.040909841656684875
48356,-0.07134448736906052
57373,-0.0447663851082325
20724,-0.09696096926927567
32265,-0.03611412271857262
50643,-0.023694688454270363
52320,-0.04354594275355339
90770,-0.05215512216091156
36345,-0.046313632279634476
51312,-0.05978694558143616
106826,-0.041619520634412766
1659,-0.04090171679854393
16342,-0.051008693873882294
14592,-0.046208690851926804
91973,-0.042169392108917236
92819,-0.052583083510398865
19977,-0.03449065238237381
14955,-0.07945066690444946
2250,-0.03522561490535736
72244,-0.04046277701854706
26420,-0.03967895358800888
68772,-0.03865094482898712
5213,-0.22913675010204315
51455,-0.0398685522377491
81805,-0.0507979691028595
85814,-0.05029250308871269
26954,-0.0712083950638771
69738,-0.03503663092851639
65545,-0.04988488182425499
83747,-0.03533298149704933
71477,-0.03281620889902115
69329,-0.04285590350627899
1746,-0.28956207633018494
87324,-0.04041137173771858
45379,-0.03833894059062004
89712,-0.03586124628782272
96389,-0.04939449578523636
35886,-0.04227978736162186
89497,-0.05096893385052681
49775,-0.054340850561857224
81178,-0.04545259848237038
72632,-0.04372590780258179
93516,-0.025893498212099075
57472,-0.04059625416994095
95100,-0.06285552680492401
257,-0.06562796235084534
97807,-0.055257778614759445
42302,-0.057509563863277435
103524,-0.04197096824645996
89488,-0.058546483516693115
76436,-0.04215133190155029
95621,-0.07120339572429657
88434,-0.05113442987203598
106829,-0.043858036398887634
36065,-0.06181253120303154
85803,-0.06411313265562057
26046,-0.04634242504835129
57695,-0.06486351788043976
49956,-0.05272411182522774
41088,-0.04032939672470093
46736,-0.06639115512371063
45144,-0.03673344850540161
99930,-0.062231000512838364
27117,-0.039224572479724884
53530,-0.048982877284288406
49282,-0.05707649886608124
1592,-0.05357687547802925
2095,-0.05511270463466644
105521,-0.050370607525110245
93321,-0.036225415766239166
77725,-0.04395569860935211
52947,-0.014993356540799141
43384,-0.0397285632789135
41422,-0.06131809577345848
102039,-0.05018684267997742
69243,-0.04562288150191307
100066,-0.0856364369392395
103522,-0.038139645010232925
61424,-0.046305663883686066
12304,-0.038865506649017334
99845,-0.04436129331588745
57141,-0.07132817059755325
63639,-0.04211258888244629
19505,-0.05435033515095711
72803,-0.04526747390627861
57130,-0.04232721030712128
104086,-0.04182521253824234
95997,-0.053386807441711426
73735,-0.03152703121304512
17898,-0.028189940378069878
63729,-0.039763618260622025
62143,-0.05548888072371483
76631,-0.02571110613644123
24602,-0.037208255380392075
69537,-0.044791460037231445
57797,-0.06096844747662544
95559,-0.05358636751770973
90322,-0.052923690527677536
80472,-0.05870196223258972
66595,-0.06785309314727783
92922,-0.049572959542274475
29561,-0.06365998834371567
83239,-0.0630490630865097
91457,-0.04288868233561516
55134,-0.049993522465229034
99539,-0.04899933934211731
48374,-0.02904858998954296
36915,-0.06368034332990646
65108,-3.3627259731292725
29981,-0.046713609248399734
93649,-0.049706701189279556
89723,-0.04699059575796127
76692,-0.049605630338191986
54562,-0.03785066679120064
43904,-0.053097113966941833
33293,-0.03768628463149071
73671,-0.022284572944045067
28238,-0.04968027397990227
27546,-0.04625296592712402
2281,-0.0213822852820158
80042,-0.13445070385932922
47374,-0.04947936534881592
67558,-0.058855168521404266
58322,-0.05407458543777466
106927,-0.0413166768848896
81403,-0.04715754836797714
86321,-0.0522322878241539
50823,-0.04154816269874573
97448,-0.18786552548408508
105586,-0.05029953271150589
75470,-0.06123388931155205
9662,-0.4086690843105316
91907,-0.04018775373697281
41996,-0.042020007967948914
59405,-0.04718495532870293
52052,-0.47500237822532654
30825,-0.05561123043298721
95254,-0.04764266684651375
58587,-0.042298298329114914
98745,-0.02957717701792717
29759,-0.04238274320960045
101031,-0.061994168907403946
20484,-0.046425845474004745
25560,-0.049207378178834915
61360,-0.031474702060222626
29448,-0.045882754027843475
19381,-0.07179438322782516
35748,-0.038019150495529175
68222,-0.04949740320444107
39947,-0.04737870767712593
49604,-0.04191461205482483
1877,-0.012501212768256664
46967,-0.04675058275461197
20173,-0.04919988662004471
36385,-0.03207116201519966
69799,-0.06179572269320488
69403,-0.5382052659988403
95633,-0.04852089658379555
33998,-0.0673755630850792
64813,-0.058421339839696884
45104,-0.04850488528609276
8400,-0.052036870270967484
2873,-0.04182269796729088
10001,-0.04961368441581726
48294,-0.03215901553630829
83497,-0.05568316951394081
57145,-0.06020648777484894
40968,-0.06559447199106216
12970,-0.058254458010196686
73741,-0.051242027431726456
63151,-0.039536647498607635
70917,-0.03587056323885918
32230,-0.043476320803165436
56209,-0.06869161128997803
23490,-0.04438775032758713
47058,-0.06349095702171326
82884,-0.05076250433921814
97008,-0.052996501326560974
19504,-0.04578994959592819
2297,-0.03842635825276375
48473,-0.05556996166706085
86212,-0.018476754426956177
38842,-0.03205419331789017
39472,-0.0686798095703125
51818,-0.045055534690618515
23397,-0.04169224575161934
96486,-0.035141944885253906
88840,-0.05752329155802727
40466,-0.017988983541727066
70317,-0.045811813324689865
76574,-0.027702944353222847
39341,-0.05887303873896599
7292,-0.040004171431064606
2023,-0.051744863390922546
77379,-0.04724806547164917
58211,-0.039027974009513855
33639,-0.05198798328638077
104130,-0.049134064465761185
99841,-0.04401228204369545
106572,-0.049303267151117325
76552,-0.05684903264045715
101625,-0.06305264681577682
66162,-0.041982512921094894
41851,-0.048155155032873154
101017,-0.04547868296504021
92229,-0.05022074282169342
82357,-0.06154197081923485
15982,-0.03782139718532562
23136,-0.048619579523801804
97759,-0.05422455444931984
92316,-0.07023153454065323
91913,-0.03874785453081131
46431,-0.040484871715307236
19270,-0.05393115058541298
76264,-0.04766130819916725
97433,-0.03399081528186798
49813,-0.05404996871948242
63267,-0.046953972429037094
44030,-0.04039191082119942
47029,-0.05075264722108841
60911,-0.08076082170009613
26852,-0.034196700900793076
25495,-0.05540125072002411
30724,-0.06444379687309265
97366,-0.03637038171291351
88283,-0.04681110382080078
99771,-0.04042842984199524
22333,-0.05050809308886528
32269,-0.011941375210881233
8079,-0.02346496842801571
2779,-0.047263871878385544
13370,-0.054260797798633575
67613,-0.06583279371261597
84513,-0.048993777483701706
8508,-0.053772781044244766
66942,-0.05535782501101494
56528,-0.03191864490509033
63111,-0.049432847648859024
43119,-0.0436631478369236
55170,-0.026598934084177017
77456,-0.18121273815631866
8406,-0.039560019969940186
49227,-0.055234089493751526
100176,-0.10347232967615128
89671,-0.022227445617318153
99750,-0.05048735439777374
60128,-0.049378953874111176
57307,-0.04840335249900818
40250,-0.0488157756626606
34581,-0.03605283424258232
86220,-0.04723351076245308
49095,-0.03238224238157272
63946,-0.02839447557926178
10473,-0.023417575284838676
41895,-0.04735744744539261
76107,-0.045413754880428314
79867,-0.055977750569581985
63319,-0.054863009601831436
96015,-0.04427291080355644
79850,-0.04573984444141388
106860,-0.036209553480148315
3663,-0.05817944183945656
100342,-0.047568898648023605
8091,-0.05067718029022217
103769,-0.07090072333812714
34494,-0.04361396282911301
28174,-0.04423299431800842
14089,-0.03354122117161751
14851,-0.0190851092338562
101546,-0.05764742195606232
70823,-0.03173376992344856
51750,-0.053925953805446625
85313,-0.04809880629181862
15457,-0.04188889265060425
14421,-0.048323389142751694
98252,-0.03531710058450699
64105,-0.03189116716384888
85486,-0.03689798340201378
40484,-0.02504468895494938
21023,-0.06310244649648666
14530,-0.04762129858136177
43162,-0.05401201918721199
6006,-0.032467182725667953
6263,-0.04864376410841942
42898,-0.0358257070183754
74764,-0.04324881732463837
53230,-0.03149688243865967
102952,-0.04467929154634476
17252,-0.07770519703626633
91186,-0.04637770727276802
29131,-0.045905981212854385
78947,-0.04235166311264038
3032,-0.0339774489402771
98841,-0.022712919861078262
8866,-0.046426303684711456
72495,-0.03548164293169975
67709,-0.042034294456243515
90098,-0.03641911968588829
59516,-0.05301583185791969
50248,-0.0246924739331007
94359,-0.06049076095223427
27240,-0.05462498962879181
96264,-0.04121452569961548
52858,-0.03816764056682587
46162,-0.0423847995698452
1134,-0.049564678221940994
48949,-0.05039418488740921
71960,-0.04536864161491394
68910,-0.13071784377098083
99982,-0.05815807357430458
41393,-0.2809668779373169
51375,-0.04480764642357826
68467,-0.06172948703169823
76589,-0.04635346680879593
70180,-0.0484791062772274
37487,-0.029530419036746025
71815,-0.05329447239637375
103508,-0.04348042979836464
82760,-0.0883912593126297
58985,-0.03556148707866669
16513,-0.03694600984454155
31230,-0.05404307693243027
59944,-0.09037720412015915
43283,-0.0367981381714344
31673,-0.05104052647948265
71637,-0.028891557827591896
84561,-0.07492969930171967
96324,-0.04289793223142624
11191,-0.050779953598976135
50728,-0.05202917754650116
22865,-0.04235029220581055
62181,-0.047526609152555466
87356,-0.07339135557413101
77537,-0.03461848199367523
22487,-0.03926411643624306
45970,-0.04640274494886398
20742,-0.06751463562250137
64806,-0.06629521399736404
98020,-0.03799964115023613
49161,-0.05090209096670151
1783,-0.053077332675457
64058,-0.046652741730213165
1330,-0.0271514393389225
86753,-0.06897403299808502
85567,-0.04429195821285248
92385,-0.041980113834142685
63583,-0.03651222214102745
41872,-0.041037652641534805
4448,-0.05145673453807831
10400,-0.25613710284233093
54480,-0.07240675389766693
897,-0.07630355656147003
75005,-0.03813884034752846
104744,-0.056982479989528656
78050,-0.04979709908366203
24984,-0.04730605334043503
106112,-0.031283389776945114
19932,-0.046370767056941986
102896,-0.07622391730546951
73105,-0.043225985020399094
91330,-0.0628328025341034
34731,-0.04954437166452408
52739,-0.03842509537935257
26932,-0.041132502257823944
31165,-0.0449368990957737
58551,-0.05588565394282341
21939,-0.04549656808376312
91487,-0.01798863336443901
97906,-0.04109680652618408
44807,-0.3203614354133606
39583,-0.04659050330519676
93137,-0.04042224958539009
34927,-0.031689539551734924
45200,-0.06278253346681595
14810,-0.0298807043582201
97368,-0.04155022278428078
49243,-0.05018525570631027
22782,-0.04262586310505867
23667,-0.04916845262050629
71900,-0.04710159823298454
25489,-0.04121670126914978
27382,-0.16679759323596954
46444,-0.05192924663424492
78907,-0.062324754893779755
54487,-0.05625658109784126
4456,-0.030633626505732536
39826,-0.064249187707901
66223,-0.03499438613653183
56061,-0.03814687207341194
62113,-0.028992660343647003
29214,-0.043227240443229675
66149,-0.03589068725705147
88109,-0.034856244921684265
22342,-0.052618708461523056
101632,-0.05705871060490608
35544,-0.04289530590176582
77028,-0.0460701547563076
43616,-0.14036649465560913
58907,-0.04996732622385025
30899,-0.04930054396390915
87933,-0.0720505341887474
18929,-0.041624780744314194
50190,-0.05147145316004753
76597,-0.043025147169828415
89900,-0.07422026246786118
83765,-0.056508295238018036
13518,-0.054506804794073105
45429,-0.04627026990056038
50083,-0.06799031049013138
66000,-0.047857239842414856
94851,-0.05083819106221199
10556,-0.031135492026805878
63987,-0.03929987922310829
3997,-0.05655819922685623
9047,-0.04079369083046913
85872,-0.04516686499118805
24822,-0.05037049204111099
27379,-0.046533383429050446
21940,-0.05152546241879463
48077,-0.06325845420360565
96284,-0.03541088104248047
79651,-0.714404821395874
103427,-0.05456990748643875
12807,-0.04792042076587677
83175,-0.06923825293779373
15840,-0.036896489560604095
3484,-0.049375321716070175
70845,-0.05184752866625786
101606,-0.049159713089466095
23783,-0.05262255296111107
64445,-0.04276739060878754
104412,-0.07276839017868042
70411,-0.07171904295682907
19819,-0.049862880259752274
65009,-0.04642197862267494
92342,-0.05990462005138397
19108,-0.05101526528596878
6746,-0.0496920682489872
94206,-0.0441320538520813
94143,-0.05329752340912819
99106,-0.03539247065782547
69631,-0.052158065140247345
53596,-0.0327993668615818
101047,-0.02376616559922695
56697,-0.04677322134375572
55742,-0.05063842609524727
70944,-0.05439086630940437
92980,-0.05138687044382095
34131,-0.03518153727054596
44222,-0.04675354063510895
43819,-0.057538263499736786
19874,-0.20767591893672943
49225,-0.06334148347377777
5038,-0.05358874052762985
29429,-0.08661247044801712
86940,-0.08477280288934708
21797,-0.05925566703081131
54871,-0.0475502535700798
44711,-0.04574109613895416
9775,-0.0612582229077816
98608,-0.04347175359725952
33277,-0.042143333703279495
47216,-0.03487224504351616
6745,-0.06580020487308502
42361,-0.04374336823821068
27101,-0.03129436820745468
72144,-0.047546617686748505
87482,-0.054551731795072556
52060,-0.034459326416254044
26520,-0.045216429978609085
16,-0.05619865655899048
97049,-0.03246210515499115
65365,-0.09923045337200165
26077,-0.07993324846029282
18424,-0.02857707254588604
80684,-0.06486385315656662
51997,-0.04956785589456558
11295,-0.05735468491911888
255,-0.034681469202041626
95708,-0.036806412041187286
102388,-0.09236779808998108
82724,-0.03995377570390701
72032,-0.05274028331041336
82147,-0.04990586265921593
50404,-0.041270580142736435
11290,-0.052649132907390594
34522,-0.042315781116485596
92537,-0.052198685705661774
105140,-0.042016807943582535
23560,-0.05189201235771179
172,-0.05572240799665451
95703,-0.03957044705748558
93174,-0.0438094325363636
52405,-0.05527729168534279
28051,-0.04322507232427597
4946,-0.07460558414459229
43674,-0.05149330943822861
50110,-0.04239828139543533
1179,-0.03784756734967232
60536,-0.02525475062429905
79473,-0.04600138962268829
104865,-0.06134758144617081
74070,-0.05846552923321724
97397,-0.03130730614066124
76386,-0.07202225178480148
41379,-1.9847670793533325
10449,-0.032736144959926605
33692,-0.05027050897479057
38931,-0.03825828805565834
40541,-0.029546968638896942
95816,-0.05163460224866867
47147,-0.05469541996717453
39952,-0.07040254026651382
10941,-0.08568928390741348
5613,-0.02452765963971615
29689,-0.04840891808271408
21013,-0.0462181381881237
12465,-0.04032458737492561
7029,-0.014631237834692001
100032,-0.07175188511610031
33975,-0.08252709358930588
102570,-0.025887921452522278
75071,-0.051376111805438995
31504,-0.05707109719514847
58867,-0.04904712364077568
51215,-0.032455526292324066
103693,-0.03821640834212303
95082,-0.043112725019454956
24245,-0.048848360776901245
51808,-0.031930770725011826
26899,-0.06895612180233002
83788,-0.03534230217337608
15455,-0.05136999487876892
6864,-0.0421719066798687
43346,-0.05432131886482239
45131,-0.06513384729623795
59236,-0.05427694320678711
60069,-0.0437283031642437
97287,-0.04193804785609245
73100,-0.04523978754878044
2015,-0.045663654804229736
67988,-0.03523723781108856
15584,-0.052230704575777054
104063,-0.04695351794362068
15460,-0.07144027948379517
95640,-0.054555121809244156
77076,-0.04993727430701256
4555,-0.046989914029836655
74424,-0.1483508050441742
88710,-0.061142951250076294
6054,-0.16742385923862457
65620,-0.04108090326189995
10605,-0.0385308600962162
59261,-0.047753140330314636
25733,-0.04455730319023132
58112,-0.04633411765098572
81844,-0.0502680167555809
49036,-0.03896835818886757
26258,-0.03620391711592674
3535,-0.04508174583315849
101998,-0.044820185750722885
66520,-0.05801139771938324
87362,-0.05169505625963211
99528,-0.06511809676885605
12377,-0.03599856048822403
51345,-0.03382418677210808
96938,-0.05318133160471916
15312,-0.06836123019456863
16353,-0.049257535487413406
91008,-0.17488256096839905
90835,-0.04843799024820328
41820,-0.049420252442359924
16151,-0.057847145944833755
86348,-0.03752623870968819
105669,-0.0462956503033638
101601,-0.047586970031261444
83311,-0.050053052604198456
104640,-0.06462641060352325
84406,-0.04556696116924286
8453,-0.051171012222766876
60994,-0.04909626767039299
51636,-0.04724283516407013
4373,-0.04563438519835472
49091,-0.04511479288339615
68042,-0.10231419652700424
82902,-0.03322784975171089
49391,-0.046013571321964264
30984,-0.041680581867694855
34967,-0.046721119433641434
40341,-0.053610432893037796
45873,-0.045965299010276794
17905,-0.04860152304172516
16839,-0.04332850128412247
44541,-0.0651782974600792
68437,-0.043885305523872375
21404,-0.053060147911310196
73479,-0.04466572403907776
30359,-0.05840357393026352
73351,-0.05525157228112221
84959,-0.03741795942187309
56513,-0.03415856882929802
103756,-0.0650000274181366
67520,-0.04689095914363861
100986,-0.022557104006409645
27260,-0.047950759530067444
731,-0.04914677515625954
87687,-0.04956740140914917
28660,-0.09011524170637131
94391,-0.05080646649003029
17446,-0.033877771347761154
81498,-0.04672123119235039
12219,-0.03568894788622856
78778,-0.03952839598059654
96356,-0.048059724271297455
81985,-0.04830317199230194
55448,-0.06881169229745865
48604,-0.0511997826397419
5094,-0.054527126252651215
81185,-0.05831080302596092
71771,-0.08372700214385986
69712,-0.03502972424030304
46044,-0.046293146908283234
88764,-0.033730488270521164
88216,-0.04768244922161102
77232,-0.05104483291506767
32466,-0.04762016236782074
56837,-0.03840892016887665
40092,-0.04951680451631546
99835,-0.025259051471948624
7863,-0.33161184191703796
84264,-0.08861210197210312
59001,-0.05207998678088188
65318,-0.05423053726553917
85921,-0.050797175616025925
6507,-0.04733584448695183
94886,-0.05065712332725525
14161,-0.039397984743118286
2774,-0.05463097244501114
18113,-0.02954639121890068
39735,-0.04404524713754654
78002,-0.046179093420505524
28895,-0.05770470201969147
70029,-0.05865620821714401
74120,-0.051448922604322433
5053,-0.05039191618561745
72518,-0.03357050195336342
46275,-0.03944898024201393
96136,-0.024885864928364754
14146,-0.04571570083498955
48782,-0.049992162734270096
71094,-0.07650312781333923
4072,-0.020479068160057068
22234,-0.03936772793531418
40492,-0.05048123374581337
79690,-0.0368228442966938
23079,-0.03270649537444115
17333,-0.024310000240802765
87119,-0.0601300485432148
5834,-0.049286019057035446
13551,-0.0829676017165184
103021,-0.04429606348276138
41991,-0.2143142968416214
97997,-0.06723982095718384
106143,-0.03323442116379738
101996,-0.04834849387407303
101236,-2.9042935371398926
36530,-0.043458856642246246
17414,-0.04647182300686836
33019,-0.05843820795416832
85006,-0.028169194236397743
76140,-0.037483181804418564
11309,-0.051302049309015274
34063,-0.029999982565641403
86991,-0.05460478737950325
32286,-0.05569568648934364
2524,-0.05807337537407875
6279,-0.039603449404239655
57030,-0.06819566339254379
37289,-0.037289801985025406
54436,-0.06551866233348846
67667,-0.08182895928621292
51861,-0.04876343905925751
48301,-0.05060816556215286
92372,-0.06927017867565155
66076,-0.05893777683377266
104068,-0.05156814679503441
31387,-0.05003570392727852
103070,-0.05558270215988159
102925,-0.046201858669519424
99006,-0.037024930119514465
34843,-0.07092037796974182
38428,-0.03613286465406418
50298,-0.026125678792595863
51515,-0.05360139533877373
32828,-0.048580970615148544
104127,-0.9519068002700806
2186,-0.04355815425515175
20434,-0.08681119233369827
96378,-0.04811993986368179
13398,-0.041270121932029724
6188,-0.0932912528514862
85871,-0.06003608927130699
62571,-0.03674332797527313
11099,-0.06441373378038406
94810,-0.07326218485832214
23998,-0.050167229026556015
49636,-0.049472786486148834
20494,-0.028717705979943275
33693,-0.049202386289834976
91076,-0.056655753403902054
74944,-0.056021708995103836
74179,-0.058207109570503235
8337,-0.07214215397834778
38300,-0.0430445596575737
33038,-0.06913947314023972
42301,-0.032863277941942215
98406,-0.031014960259199142
21120,-0.05010010674595833
103069,-0.04733027145266533
95270,-0.045659784227609634
29415,-0.05292493477463722
8936,-0.7832939028739929
3064,-0.04952860251069069
9208,-0.059751685708761215
3003,-0.03893659636378288
19534,-0.043221648782491684
38292,-0.03998607397079468
83724,-0.05783938243985176
38364,-0.038303032517433167
13128,-0.047360971570014954
89959,-0.04965520277619362
16895,-0.03164184093475342
11341,-0.0495147630572319
65488,-0.05847688764333725
82592,-0.06926161050796509
56114,-0.08033639937639236
26861,-0.04778178036212921
41746,-0.05162600055336952
96149,-0.06275857239961624
11061,-0.07215668261051178
53212,-0.4263944923877716
70589,-0.06891929358243942
78186,-0.03984518349170685
54618,-0.03337705135345459
23535,-0.028383931145071983
76071,-0.0569324791431427
6762,-0.0465390719473362
21563,-0.043972354382276535
8277,-0.03082887828350067
68692,-0.04416513070464134
16750,-0.042884912341833115
106149,-0.061307892203330994
32532,-0.0506519079208374
32779,-0.047266144305467606
102453,-0.021421724930405617
30666,-0.08573152124881744
61647,-0.05104358494281769
27147,-0.0305449478328228
95403,-0.04811698570847511
100710,-0.057404775172472
36015,-0.04357767105102539
106331,-0.03645682334899902
87580,-0.05566152185201645
41501,-0.02634131908416748
98388,-0.046020857989788055
30343,-0.05652124807238579
100663,-0.049382925033569336
48171,-0.03778856620192528
56787,-0.07504770904779434
14226,-0.05103848874568939
21243,-0.051294803619384766
106770,-0.04453301802277565
14458,-0.052549827843904495
67170,-0.06395770609378815
73977,-0.03863225132226944
61569,-0.04759560897946358
6221,-0.03857799991965294
1656,-0.05541263893246651
70599,-0.021377617493271828
33838,-0.020516207441687584
59864,-0.05924353376030922
74466,-0.08365902304649353
11592,-0.05563513562083244
15088,-0.061089906841516495
97597,-0.06289917975664139
18431,-0.04703938961029053
42600,-0.04540634900331497
81817,-0.046511534601449966
80331,-0.04918332025408745
98567,-0.044107187539339066
4097,-0.02881743386387825
63923,-0.049498312175273895
28027,-0.03452980890870094
27503,-0.05724121630191803
9715,-0.04747625067830086
40488,-0.06470910459756851
40166,-0.0644783303141594
48582,-0.044960036873817444
6797,-0.0633598268032074
65019,-0.03874555975198746
30617,-0.03694336488842964
51701,-0.827208399772644
5761,-0.05804266780614853
105934,-0.045213695615530014
40390,-0.024856794625520706
58403,-0.061328187584877014
39690,-0.049714528024196625
69613,-0.05505212023854256
17650,-0.048729829490184784
26592,-0.04571991413831711
70322,-0.05122469738125801
63130,-0.04484081640839577
49616,-0.08723605424165726
102088,-0.03969694301486015
15405,-0.04072559252381325
68466,-0.050257358700037
92294,-0.04743725806474686
22524,-0.041029758751392365
102550,-0.064995676279068
79178,-0.045725610107183456
78481,-0.053419917821884155
25017,-0.0369662269949913
4939,-0.050066545605659485
28702,-0.05660179629921913
50712,-0.06783359497785568
42190,-0.05276527255773544
85508,-0.04202240705490112
36452,-0.04483135789632797
9538,-0.04632933810353279
35066,-0.06315571814775467
38543,-0.04600685462355614
11794,-0.050771910697221756
66006,-0.04853054881095886
21198,-0.0561765693128109
80627,-0.06227054446935654
72178,-0.10701604932546616
52478,-0.20046661794185638
54875,-0.020865460857748985
93762,-0.038154445588588715
86519,-0.03896010294556618
78128,-0.05388472601771355
82240,-0.05973675101995468
100403,-0.05158965662121773
46299,-0.038955628871917725
105428,-0.0588156059384346
76655,-0.03873913735151291
87723,-0.04338660463690758
39172,-0.06011680141091347
105399,-0.054527465254068375
35620,-0.08725451678037643
4285,-0.049371689558029175
104852,-0.06305857747793198
45967,-0.03051268868148327
73419,-0.026945721358060837
88642,-0.04297478869557381
66205,-0.058186642825603485
48234,-3.404580593109131
6612,-0.06244582682847977
18880,-0.039500780403614044
69298,-0.04640331491827965
87659,-0.0709560215473175
81104,-0.05112650245428085
77462,-0.04118386656045914
86422,-0.07719472795724869
82575,-0.04503297060728073
29597,-0.03746125102043152
45809,-0.05875131115317345
82953,-0.04161803424358368
60684,-0.0518939346075058
18764,-0.07253825664520264
103360,-0.0777553841471672
36723,-0.031879618763923645
29224,-0.04658322036266327
48812,-0.04848841577768326
43786,-0.14617271721363068
37907,-0.05258319526910782
66750,-0.03184474632143974
74666,-0.06695299595594406
32708,-0.05100711062550545
98157,-0.0367598757147789
85100,-0.025780929252505302
10959,-0.04106797277927399
25471,-0.05570312961935997
74863,-0.056667130440473557
87242,-0.036121711134910583
104648,-0.04121990129351616
97052,-0.038448039442300797
86805,-0.06414924561977386
16681,-0.060481224209070206
9645,-0.05445781350135803
38003,-0.04454898089170456
98423,-0.049276940524578094
43855,-0.057128969579935074
80998,-0.0469917356967926
51599,-0.05083479359745979
86393,-0.028787551447749138
97657,-0.04875265061855316
68503,-0.04040953889489174
62199,-0.04660245031118393
22810,-0.05137147009372711
25809,-0.07229775190353394
31763,-0.027611685916781425
56585,-0.04046323522925377
82026,-0.043978627771139145
31013,-0.055694106966257095
88505,-0.046619631350040436
67862,-0.06154780089855194
1083,-0.05442134663462639
32019,-0.05462724715471268
45514,-0.03540156036615372
45705,-0.05777030065655708
24442,-0.04371997341513634
2150,-0.060881856828927994
44853,-0.0600409135222435
87629,-0.05728917196393013
99796,-0.049161527305841446
15349,-0.05623753368854523
34765,-0.038811154663562775
25818,-0.05966611206531525
2666,-0.044175852090120316
76793,-0.04897391051054001
105647,-0.0523044690489769
81361,-0.046476829797029495
90799,-0.056793395429849625
35745,-0.8800085783004761
160,-0.04845820739865303
69303,-0.04741736128926277
14700,-0.02647297829389572
69746,-0.030641257762908936
961,-0.031014960259199142
3962,-0.05686817690730095
24511,-0.03607479855418205
61817,-0.019491096958518028
19533,-0.04327736049890518
43332,-0.067714624106884
52787,-0.04063151031732559
79254,-0.04212984815239906
63398,-0.047504786401987076
46236,-0.04435023292899132
103175,-0.04936351999640465
79229,-0.043072763830423355
2444,-0.0382063090801239
77714,-0.027410006150603294
80153,-0.07691217958927155
98530,-0.054066002368927
93242,-0.04449641704559326
39888,-0.038950469344854355
9964,-0.028387639671564102
31540,-0.05636317655444145
47142,-0.04792439937591553
35348,-0.055515266954898834
74182,-0.048427656292915344
5001,-0.040900230407714844
37864,-0.04964601621031761
14092,-0.037738632410764694
16748,-0.04421680048108101
104285,-0.05122299864888191
41214,-0.039011236280202866
27064,-0.04291894659399986
1903,-0.0692836344242096
9954,-0.06699591875076294
86039,-0.04592442512512207
54745,-0.06751084327697754
9210,-0.05262402445077896
103898,-1.45628023147583
21972,-0.042064014822244644
67669,-0.05289372801780701
484,-0.046962957829236984
47825,-0.05342918634414673
47939,-0.056498490273952484
100475,-0.04260461404919624
77167,-0.04646522179245949
88023,-0.03805369511246681
75237,-0.05296122655272484
60778,-0.03415338695049286
33347,-0.04987286031246185
72757,-0.039697859436273575
45691,-0.04922008886933327
23169,-0.05264313891530037
49808,-0.044445790350437164
87952,-0.03700448200106621
104831,-0.053369514644145966
88511,-0.039582595229148865
106076,-0.056998129934072495
1970,-0.13055621087551117
61596,-0.07161451876163483
99009,-0.04955458268523216
36950,-0.03654980659484863
4566,-0.056837767362594604
40783,-0.03540857881307602
72599,-0.07243547588586807
8221,-0.04911908134818077
19699,-0.045578692108392715
37292,-0.032406363636255264
11863,-0.05057235434651375
79578,-0.06065076217055321
25995,-0.04777587205171585
37913,-0.04078430309891701
7465,-0.042498596012592316
77555,-0.047895535826683044
87837,-0.451658695936203
32407,-0.03130129724740982
3374,-0.05600953847169876
23096,-0.04790542274713516
21436,-0.04336651414632797
67879,-0.05109648406505585
105851,-0.04795178398489952
84088,-0.033480122685432434
33309,-0.03573024272918701
58284,-0.04913860186934471
67380,-0.06239285320043564
51248,-0.049774304032325745
7690,-0.04281844571232796
66797,-0.037816114723682404
3928,-0.026972874999046326
98699,-0.05773789435625076
37209,-0.02729157730937004
39834,-0.05303753912448883
100208,-0.05887427553534508
92868,-0.06841867417097092
7592,-0.07967085391283035
93101,-0.04352482780814171
82473,-0.054650500416755676
54104,-0.05511123687028885
8772,-0.12796196341514587
49171,-0.04639580100774765
1186,-0.04301178827881813
20672,-0.02978200651705265
9230,-0.05333323776721954
97020,-0.055079761892557144
2270,-0.030240003019571304
21016,-0.04869258776307106
42750,-0.04261021316051483
12134,-0.052626173943281174
85442,-0.046739205718040466
4196,-0.03379721939563751
45003,-0.03129078447818756
173,-0.04167806729674339
93374,-0.038042906671762466
88695,-0.07127033919095993
24428,-0.03106996975839138
21794,-0.05087943375110626
83160,-0.10419613122940063
61147,-0.038501035422086716
84498,-0.04797280207276344
12837,-0.0821138471364975
55334,-0.05648406967520714
23071,-0.04401490464806557
86142,-0.030022194609045982
82082,-0.021420441567897797
40099,-0.06440568715333939
90999,-0.06727659702301025
60262,-0.039616283029317856
13806,-0.05058470740914345
84354,-0.05583661422133446
93197,-0.04611455276608467
31336,-0.04579518735408783
61346,-0.020320801064372063
64873,-0.06238657981157303
32682,-0.036201734095811844
91281,-0.07668763399124146
18862,-0.05707300826907158
69521,-0.046687670052051544
89560,-0.050354283303022385
35183,-0.05421788990497589
101367,-0.060063593089580536
80005,-0.04249105602502823
28355,-0.0415961928665638
81694,-0.06240326911211014
67871,-0.04667356237769127
40178,-0.03179393708705902
18070,-0.026255277916789055
30680,-0.052667904645204544
56137,-0.05064805597066879
84815,-0.06587476283311844
86707,-0.038795214146375656
55089,-0.05051693320274353
59361,-0.07479807734489441
64490,-0.03160279989242554
57093,-0.050265293568372726
15676,-0.05417746677994728
39525,-0.06287702172994614
47923,-0.05783927068114281
45403,-0.054085202515125275
83152,-0.06937550753355026
98655,-0.04999839887022972
50859,-0.05233026668429375
65784,-0.02989875338971615
70212,-0.042551036924123764
21058,-0.04046781361103058
74241,-0.06046607345342636
62610,-0.03714738041162491
7566,-0.053187884390354156
97972,-0.02750186249613762
67144,-0.025051431730389595
87606,-0.026194777339696884
46796,-0.04747829586267471
4010,-0.037547942250967026
76090,-0.05222640559077263
12992,-0.05733397230505943
96829,-0.04054313898086548
84814,-0.05436241626739502
57267,-0.05348161980509758
6047,-0.06290455907583237
69361,-0.04844900965690613
17613,-0.05100937560200691
51751,-0.048105962574481964
42632,-0.039243485778570175
36140,-0.05027402564883232
85388,-0.05372454226016998
71239,-0.040253251791000366
15500,-0.04076851159334183
61416,-0.042251672595739365
31746,-0.028240585699677467
50329,-0.05426734685897827
73952,-0.03685558959841728
32538,-0.049628205597400665
13418,-0.032199300825595856
12540,-0.04770665615797043
43800,-0.04935523867607117
14460,-0.053853437304496765
55856,-0.05175844952464104
62352,-0.040668364614248276
94871,-0.04044892266392708
91572,-0.033396538347005844
26053,-0.03414105996489525
50065,-0.05288592353463173
5865,-0.044539861381053925
10612,-0.05456516519188881
42136,-0.047070324420928955
98225,-0.03111330419778824
67911,-0.045560695230960846
58526,-0.028109390288591385
60638,-0.0310937762260437
17491,-0.051079947501420975
65807,-0.03855333849787712
65190,-0.05857301503419876
46855,-0.04687139391899109
31550,-0.03259781002998352
46678,-0.05501251667737961
52586,-0.032629307359457016
77083,-0.03216109052300453
15946,-0.04864274337887764
47152,-0.06976836919784546
82477,-0.07033953815698624
89509,-0.05844720080494881
67809,-0.05916488543152809
66336,-0.05861416459083557
104012,-0.04667424410581589
5903,-0.0376308336853981
71203,-0.048646263778209686
53679,-0.07059461623430252
4649,-0.05505945533514023
45837,-0.048497274518013
47135,-0.026211615651845932
100954,-0.03811175748705864
91716,-0.05870151147246361
85728,-0.04280450940132141
1170,-0.02564069628715515
31247,-0.027115706354379654
7679,-0.04084072634577751
28796,-0.07492759823799133
44977,-0.05261022597551346
39422,-0.03580949082970619
61607,-0.030298177152872086
106078,-0.07724802196025848
9024,-0.0544966459274292
87278,-0.033868324011564255
69203,-0.047259096056222916
1615,-0.0553780160844326
18592,-0.03291010856628418
102546,-0.04694555699825287
92573,-0.06686525046825409
99103,-0.03885885700583458
64001,-0.03659968450665474
10045,-0.042899761348962784
85073,-0.029185105115175247
63138,-0.0947619080543518
33289,-0.056639645248651505
25657,-0.15924294292926788
105677,-0.04112472012639046
67163,-0.06454136967658997
13647,-0.047948259860277176
76642,-0.054023876786231995
51007,-0.07535167783498764
68266,-0.07341250777244568
44275,-0.15928137302398682
20998,-0.05095409229397774
37144,-0.04749080166220665
22529,-0.04928738251328468
107135,-0.049978211522102356
10453,-0.04697581008076668
44915,-0.057846248149871826
71397,-0.05417181923985481
87754,-0.04772882163524628
94874,-0.054463230073451996
48273,-0.10343997180461884
83799,-0.05176297575235367
59725,-0.06738927215337753
17919,-0.03332159295678139
38410,-0.051009826362133026
96210,-0.04302343353629112
52102,-0.03466672822833061
71858,-0.04530814662575722
35019,-0.041919413954019547
100257,-0.03751085326075554
92012,-0.04719359800219536
62039,-0.05606566742062569
62999,-0.0756811872124672
71724,-0.05881807953119278
45444,-0.052183523774147034
92009,-0.03251403570175171
19636,-0.0393623411655426
55464,-0.049202609807252884
71250,-0.060700688511133194
7439,-0.04343922436237335
49016,-0.041321251541376114
23337,-0.04706304520368576
60876,-0.09427253901958466
49078,-0.04858380928635597
74833,-0.04567447677254677
29020,-0.5863659381866455
26583,-0.060222428292036057
29303,-0.04721827432513237
42586,-0.05810914561152458
71875,-0.045285020023584366
34508,-0.04528126120567322
6165,-0.0563323050737381
58493,-0.03584422543644905
94887,-0.04917605593800545
102986,-0.06358850747346878
28098,-0.03235362097620964
25087,-0.048549287021160126
8009,-0.052840471267700195
89579,-0.06539227068424225
54770,-0.053618453443050385
51653,-0.05542425811290741
45760,-0.04083843529224396
4476,-0.05655594915151596
54421,-0.04744930937886238
59509,-0.062244780361652374
98689,-0.06404895335435867
60921,-0.04116624966263771
39461,-0.0789213627576828
70274,-0.04096648469567299
37090,-0.04464828222990036
37016,-0.0648098886013031
13411,-0.020677246153354645
51088,-0.05228591710329056
56925,-0.034127116203308105
98002,-0.06365606933832169
35495,-0.0382586307823658
93475,-0.032847240567207336
68261,-0.04479829967021942
98947,-0.051826704293489456
50552,-0.04914756864309311
59028,-0.058910127729177475
88386,-0.07464596629142761
96380,-0.04842118173837662
45376,-0.06918764114379883
43984,-0.043107930570840836
24711,-0.060880959033966064
97312,-0.04322472959756851
26141,-0.0527484230697155
16602,-0.049534160643815994
23781,-0.04892805218696594
28258,-0.045965526252985
64800,-0.05482114106416702
37795,-0.05501827225089073
62740,-0.056863896548748016
41201,-0.05246454104781151
1954,-0.04976329952478409
81573,-0.047633688896894455
21215,-0.05532116815447807
70981,-0.04791462421417236
67761,-0.03964148834347725
104537,-0.06879188120365143
52595,-0.03693601116538048
28616,-0.0623633973300457
17775,-0.05007561668753624
35248,-0.06482742726802826
34106,-0.053462520241737366
13399,-0.061923131346702576
62348,-0.09673915058374405
22348,-0.04783007875084877
78412,-0.04821854457259178
79202,-0.04358166456222534
28300,-0.042916662991046906
57415,-0.053639356046915054
24325,-0.041459303349256516
104667,-0.04631226509809494
102884,-0.03709213063120842
75881,-0.04781712591648102
89545,-0.04401307925581932
53802,-0.046957384794950485
8428,-0.059287913143634796
1947,-0.0506235770881176
39582,-0.04541819542646408
98781,-0.055935706943273544
10914,-0.04995519295334816
68116,-0.046029627323150635
89336,-0.03734538331627846
23088,-0.09021753072738647
24498,-0.059627141803503036
20680,-0.04931563511490822
72863,-0.046466246247291565
9853,-0.0779305100440979
34780,-0.04992389306426048
47982,-0.05905566364526749
23029,-0.029385847970843315
99217,-0.034428920596838
65189,-0.052045926451683044
32702,-0.05608798563480377
29196,-0.038529712706804276
92311,-0.028157025575637817
78556,-0.04666707664728165
790,-0.04962298646569252
61109,-0.04468977823853493
27468,-0.046425506472587585
59155,-0.0654955506324768
77199,-0.03532055392861366
5278,-0.05736583098769188
74444,-0.06703270971775055
82691,-0.043607454746961594
16226,-0.049539949744939804
52549,-0.04430301859974861
44851,-0.03644716739654541
59450,-0.06364008039236069
94386,-0.05350625514984131
17225,-0.030972430482506752
36121,-0.05315985158085823
70641,-0.048809874802827835
23081,-0.037445519119501114
26293,-0.06710071116685867
19672,-0.052187707275152206
75867,-0.035589899867773056
12380,-0.038244519382715225
58603,-0.03805713728070259
75965,-0.19655385613441467
89363,-0.03625013679265976
93676,-0.045486658811569214
14307,-0.05390596389770508
91126,-0.1512439250946045
25779,-0.05063502490520477
6628,-0.04594161733984947
4388,-0.04211270436644554
93791,-0.04728274419903755
31487,-0.033006537705659866
90708,-0.049216002225875854
30088,-0.043492186814546585
83553,-0.03874728083610535
74383,-0.05001858249306679
25927,-0.047992005944252014
7414,-0.048805445432662964
20334,-0.06222439184784889
21744,-0.039784468710422516
21251,-0.04660279303789139
60748,-0.04099726304411888
43515,-0.043889984488487244
74308,-0.0463012270629406
106088,-0.043215252459049225
34656,-0.05148402228951454
50547,-0.04277218505740166
95637,-0.03682169318199158
30704,-0.05782250687479973
15030,-0.0515991672873497
24654,-0.034028492867946625
9002,-0.05055093392729759
39090,-0.04526553675532341
50634,-0.057763662189245224
97316,-0.05156226083636284
84069,-0.04197714105248451
15263,-0.11484915763139725
17371,-0.043866366147994995
92665,-0.049055181443691254
68592,-0.0424695760011673
34934,-0.03498655930161476
60754,-0.04727308079600334
11212,-0.04385221749544144
57395,-0.02902994677424431
87247,-0.02813117951154709
10163,-0.053957127034664154
19818,-0.0545765683054924
86469,-0.028784656897187233
5163,-0.036799632012844086
89755,-0.04590734839439392
15091,-0.03649820014834404
54328,-0.0421476773917675
26074,-0.04363108053803444
70959,-0.04898730665445328
84334,-0.04356854036450386
65282,-0.03243764117360115
33477,-0.04838518053293228
6641,-0.04133063182234764
23339,-0.04632296413183212
224,-0.04199737310409546
16607,-0.04757492244243622
106110,-0.04951918497681618
75941,-0.06669096648693085
45252,-0.044791121035814285
832,-0.04039625823497772
55056,-0.04991414025425911
89743,-0.03901306912302971
60890,-0.042666759341955185
55078,-0.04231075569987297
48751,-0.07570572942495346
64538,-0.05353020876646042
40381,-0.08078105747699738
80868,-0.07180924713611603
39323,-0.04750296473503113
87561,-0.033247336745262146
16654,-0.05067513883113861
41696,-0.0628756731748581
13283,-0.051546860486269
24227,-0.038671016693115234
9617,-0.04002868011593819
56613,-0.041517630219459534
87591,-0.03540455177426338
51253,-0.012183059938251972
79479,-0.034249577671289444
90168,-0.06819699704647064
63042,-0.041299059987068176
37035,-0.04342952370643616
52909,-0.06793562322854996
69625,-0.0663759857416153
10939,-0.047129686921834946
43090,-0.032328344881534576
23167,-0.04711831733584404
16387,-0.07073468714952469
40661,-0.060102321207523346
71384,-0.03352796286344528
19426,-0.05241137742996216
45384,-0.043002765625715256
60704,-0.04164021834731102
14812,-0.03766286373138428
42412,-0.04607846587896347
70876,-0.11988198757171631
63689,-0.055746424943208694
33546,-0.06112153083086014
15735,-0.11993157863616943
40798,-0.030102476477622986
13733,-0.06298358738422394
67133,-0.036469005048274994
18911,-0.06803129613399506
31669,-0.07225128263235092
80993,-0.04948163405060768
48559,-0.07066082209348679
6089,-0.04858187958598137
75724,-0.06341700255870819
76026,-0.04816356301307678
31984,-0.0665980651974678
10651,-0.03149029612541199
31300,-0.05857650190591812
28564,-0.04792951047420502
18914,-0.04653816297650337
58189,-0.0564132034778595
79828,-0.07728742063045502
66402,-0.05961433798074722
40202,-0.04723078012466431
95576,-0.06473267823457718
94270,-0.034250155091285706
29226,-0.059771113097667694
53270,-0.04728422313928604
35383,-0.047522857785224915
29566,-0.046744782477617264
2547,-0.0437539778649807
70342,-0.04459880292415619
1061,-0.018866494297981262
78036,-0.03308704122900963
72994,-0.047474998980760574
34506,-0.019907087087631226
102711,-0.016757907345891
41440,-0.04224378988146782
39328,-0.04871666058897972
82236,-0.046883679926395416
54557,-0.07700137048959732
8590,-0.049646127969026566
49268,-0.09334511309862137
53084,-0.04989248141646385
32658,-0.4870314300060272
40205,-0.04270319640636444
16606,-0.051237158477306366
21653,-0.0578024797141552
38824,-0.06527680158615112
72356,-0.044368479400873184
58357,-0.04486646130681038
5784,-0.04665285348892212
10202,-0.029213817790150642
9417,-0.06935582309961319
33193,-0.061809953302145004
107160,-0.04679415374994278
70310,-0.032159361988306046
18909,-0.0357595719397068
60021,-0.048279546201229095
20427,-0.04112723842263222
104311,-0.042955148965120316
86023,-0.04838290810585022
31203,-0.04753286391496658
63103,-0.049071185290813446
98109,-0.0528116375207901
21297,-0.03728784993290901
52144,-0.05062108486890793
88901,-0.046241242438554764
38225,-0.046263210475444794
84696,-0.026464736089110374
20497,-0.03964801877737045
29476,-0.050492338836193085
24075,-0.06376367062330246
22804,-0.07324589788913727
91118,-0.06210307031869888
80940,-0.027781903743743896
43319,-1.1021604537963867
29975,-0.04915381222963333
87083,-0.05561213567852974
52097,-0.05076137185096741
40409,-0.05764190852642059
38669,-0.04690779373049736
3473,-0.04925765097141266
42303,-0.06128457188606262
55987,-0.046670716255903244
29956,-0.05432538315653801
85955,-0.042946696281433105
25404,-0.042465921491384506
10515,-0.062259454280138016
94826,-0.03319648280739784
24313,-0.04178176820278168
7440,-0.04037691280245781
37739,-0.04569987207651138
65222,-0.04415178671479225
21842,-0.049202386289834976
13616,-0.04806347191333771
62725,-0.047449421137571335
82094,-0.0477074533700943
28784,-0.041569776833057404
90341,-0.058005884289741516
90871,-0.04609713330864906
97153,-0.038950126618146896
34477,-0.05478153005242348
27288,-0.061836738139390945
6645,-0.057466793805360794
106487,-0.034550655633211136
103799,-0.051018550992012024
100795,-0.04529242590069771
50441,-0.06601013243198395
25656,-0.03850734606385231
42091,-0.06305801868438721
31393,-0.0366249680519104
105245,-0.040254052728414536
30771,-0.043470270931720734
63295,-0.040397174656391144
92846,-0.0899098813533783
76532,-0.0462217815220356
55699,-0.05375346168875694
51532,-0.036815717816352844
81462,-0.02613740786910057
55743,-0.03316384553909302
5471,-0.05657949298620224
50734,-0.04826432466506958
77357,-0.044814713299274445
42814,-0.06697618961334229
56981,-0.06492708623409271
15870,-0.05985308066010475
62263,-0.061071403324604034
32459,-0.051050834357738495
69113,-0.038242682814598083
41655,-0.06978226453065872
73181,-0.03560807928442955
106893,-0.08098720759153366
95135,-0.05126830190420151
250,-0.034763216972351074
46233,-0.02968931756913662
61352,-0.034179192036390305
78753,-0.045457951724529266
36900,-0.05317149683833122
20266,-0.05626367777585983
100210,-0.06168689951300621
12736,-0.04502032324671745
72307,-0.08384528756141663
88205,-0.044012393802404404
8442,-0.03752187639474869
5266,-0.08012934029102325
68454,-0.05213814973831177
42471,-0.04018019512295723
88656,-0.05609193071722984
39599,-0.04268023744225502
52067,-0.04027993232011795
36330,-0.0464145801961422
64700,-0.08836233615875244
45548,-0.06026114895939827
25933,-0.04626457765698433
15386,-0.034696437418460846
5678,-0.05852556973695755
64586,-0.06467445939779282
42264,-0.0428222119808197
82239,-0.04976885765790939
12472,-0.05846564099192619
80615,-0.04635050892829895
90894,-0.0301213301718235
33993,-0.0444529764354229
68985,-0.04409212991595268
48858,-0.07830944657325745
2365,-0.04744987562298775
61432,-0.03877973556518555
55956,-0.03357211500406265
72981,-0.14048759639263153
3931,-0.04806245118379593
102498,-0.045354630798101425
65577,-0.03570079430937767
104607,-0.0271597933024168
3574,-0.042023323476314545
48736,-0.06506738811731339
17630,-0.042077500373125076
92273,-0.07671943306922913
88264,-0.06331462413072586
46131,-0.04480251669883728
65601,-0.04207601398229599
11263,-0.04679563269019127
56695,-0.06310535967350006
52600,-0.042639683932065964
5653,-0.04437429457902908
23233,-0.044477034360170364
102262,-0.04676138982176781
19938,-0.04648479446768761
43484,-0.06507208198308945
85166,-0.0380115769803524
3085,-0.06728551536798477
18921,-0.047383710741996765
24771,-0.07296743988990784
58897,-0.5987722873687744
94516,-0.0536898598074913
78453,-0.0448014922440052
91211,-0.030505288392305374
105987,-0.04867328703403473
43111,-0.0602712519466877
28487,-0.041578467935323715
8124,-0.045938316732645035
82311,-0.06515294313430786
98877,-0.03480697050690651
74159,-0.05424950644373894
33511,-0.038629040122032166
95473,-0.057919036597013474
19725,-0.05184300243854523
41003,-0.05158116668462753
16427,-0.05635934695601463
100963,-0.03163883835077286
52106,-0.046555232256650925
39236,-0.030997740104794502
44120,-0.048802949488162994
105658,-0.048570409417152405
13655,-0.06022747978568077
26906,-0.03873489424586296
88670,-0.04990461468696594
10846,-0.064600370824337
61451,-0.03973577916622162
22909,-0.05050979554653168
5603,-0.04789803549647331
71995,-0.048472631722688675
13659,-0.04060804471373558
33676,-0.04699264466762543
99479,-0.05128200352191925
87944,-0.04709955304861069
98866,-0.03661738336086273
101832,-0.05911746621131897
41896,-0.047658808529376984
3179,-0.033311329782009125
51753,-0.053909238427877426
27493,-0.033392615616321564
49726,-0.05455794185400009
12631,-0.05736054107546806
72865,-0.04888990893959999
80074,-0.03066958114504814
25077,-0.04028061777353287
2911,-0.03797519579529762
6033,-0.03810785710811615
11734,-0.04555625468492508
49339,-0.04996936768293381
3717,-0.042446840554475784
81240,-0.06214015185832977
94153,-0.022638686001300812
78852,-0.048830535262823105
54176,-0.07455811649560928
65079,-0.04993274062871933
42937,-0.053650882095098495
37077,-0.051748260855674744
90291,-0.05440215766429901
64253,-0.038386207073926926
56721,-0.06560920923948288
14315,-0.0379038080573082
71554,-0.05326813831925392
83088,-0.04788030683994293
14641,-0.05304081737995148
48788,-0.06648864597082138
37948,-0.054886594414711
80385,-0.035711146891117096
33468,-0.039653975516557693
18095,-0.04979267716407776
33431,-0.05033217743039131
92258,-0.0602269172668457
78347,-0.049937617033720016
56274,-0.2574363648891449
53441,-0.04014526680111885
9495,-0.034380316734313965
80729,-0.03927592560648918
12433,-0.045030806213617325
86376,-0.046513013541698456
52615,-0.049723491072654724
64847,-0.04349561035633087
19409,-0.04947766289114952
207,-0.026768049225211143
68122,-0.06399639695882797
92545,-0.020094161853194237
95519,-0.047615159302949905
50682,-0.0502183623611927
55649,-0.1128874123096466
81728,-0.051945317536592484
11486,-0.04609508439898491
57854,-0.04006475582718849
1370,-0.02622729167342186
30096,-0.03718459606170654
37053,-0.05451595038175583
54074,-0.06561824679374695
33195,-0.043993230909109116
102230,-0.15910224616527557
45171,-0.05783375725150108
46872,-0.04429036006331444
9345,-0.01769646443426609
82785,-0.4480598270893097
48943,-0.047623004764318466
106349,-0.04614528641104698
21593,-0.04101523011922836
78571,-0.0408090241253376
91788,-0.04529447481036186
86361,-0.0307668037712574
52065,-0.04894178733229637
84555,-0.057750385254621506
3855,-0.04416079819202423
43401,-0.030973469838500023
69390,-0.04788735508918762
56654,-0.054826222360134125
28773,-0.039019033312797546
100080,-0.0628715306520462
89691,-0.053497664630413055
80744,-0.05446311831474304
27515,-0.06438679248094559
101721,-0.04150687903165817
23643,-0.05603579804301262
47182,-0.04107552394270897
56109,-0.04746920242905617
81489,-0.04489700868725777
72660,-0.11708173155784607
25454,-0.05087966099381447
89294,-0.041562002152204514
74774,-0.02437550015747547
30573,-0.043292086571455
55258,-0.05370623990893364
5170,-0.0556420162320137
88336,-0.04935489594936371
5643,-0.04848727956414223
62813,-0.04580054059624672
72060,-0.050069380551576614
36505,-0.06396430730819702
30556,-0.045572198927402496
80742,-0.04761004447937012
81442,-0.03922606259584427
84357,-0.09982183575630188
8437,-0.04382084310054779
89498,-0.05931936949491501
52323,-0.06239553913474083
6105,-0.038511358201503754
28306,-0.050009965896606445
817,-0.04939517751336098
21262,-0.044773224741220474
101935,-0.04619047790765762
84337,-0.047988712787628174
14451,-0.051430463790893555
16999,-0.04750796779990196
106000,-0.04535280540585518
54478,-0.03204311057925224
74663,-0.03178377449512482
45704,-0.0466485321521759
19643,-0.03143473342061043
61567,-0.04617374390363693
15631,-0.046329908072948456
41554,-0.061189934611320496
83039,-0.026933537796139717
103446,-0.046938277781009674
98345,-0.04845809563994408
58781,-0.06307312846183777
36507,-0.04663214832544327
93968,-0.1430215835571289
69970,-0.057224441319704056
29264,-0.03555527329444885
72447,-0.033151622861623764
49490,-0.043725453317165375
78217,-0.055646978318691254
102159,-0.09519597142934799
70273,-0.06547076255083084
26338,-0.07646159827709198
56176,-0.05250967666506767
48531,-0.044153954833745956
87778,-0.032314956188201904
31072,-0.0635305643081665
102437,-0.06478318572044373
74391,-0.050806693732738495
99487,-0.05187242850661278
1181,-0.041765306144952774
98967,-0.05124044045805931
40784,-0.053371548652648926
13252,-0.04581272602081299
35927,-0.06183326244354248
10450,-0.24183881282806396
26024,-0.0581744946539402
85777,-0.05650299787521362
79959,-0.0447295643389225
42224,-0.052740734070539474
79732,-0.04067477583885193
13077,-0.0504487045109272
45919,-0.04431065917015076
48481,-0.04359456151723862
23051,-0.049982067197561264
53396,-0.06139018386602402
25990,-0.016385521739721298
65930,-0.03807894140481949
84275,-0.03409658744931221
55555,-0.040989141911268234
13571,-0.059633318334817886
19734,-0.022761162370443344
99263,-0.04351581260561943
40884,-0.03632037714123726
76709,-0.0372406467795372
91081,-0.043568313121795654
99608,-0.030325008556246758
101938,-0.04744692146778107
31299,-0.04179651662707329
54312,-0.051749277859926224
75331,-0.04041744023561478
26718,-0.03602581098675728
39625,-0.04456460103392601
10154,-0.04563438519835472
52480,-0.03339838236570358
86492,-0.0478975810110569
67218,-0.04191861301660538
90249,-0.04164925217628479
107061,-0.052409905940294266
31114,-0.05672525241971016
22242,-0.049020905047655106
103709,-0.04868850111961365
25534,-0.047193482518196106
11076,-0.05848722904920578
59426,-0.04562709853053093
40405,-0.038773082196712494
44754,-0.030782639980316162
22684,-0.057398471981287
5801,-0.0433257631957531
36924,-0.045789722353219986
53384,-0.1089777871966362
92712,-0.034402891993522644
96901,-0.034882377833127975
66228,-0.11959782242774963
6751,-0.0489954799413681
16380,-0.020819110795855522
67691,-0.055955544114112854
69021,-0.05281401053071022
96902,-0.0468887984752655
47769,-0.03580845519900322
31218,-0.030013054609298706
38635,-0.05272049084305763
84440,-0.039035312831401825
80700,-0.059189267456531525
83305,-0.062410324811935425
77004,-0.16286757588386536
35493,-0.0345323421061039
57640,-0.05224088579416275
22467,-0.03362179547548294
37776,-0.037059392780065536
69920,-0.05278393253684044
27536,-0.0419623963534832
52622,-0.05038534104824066
99130,-0.05103939399123192
34826,-0.04608871042728424
13530,-0.04598317667841911
54219,-0.2099616676568985
75359,-0.06189052388072014
27285,-0.054742708802223206
22077,-0.04287543520331383
90788,-0.05494978278875351
104322,-0.0659603625535965
32897,-0.03182430937886238
55677,-0.05381491780281067
42319,-0.0676824301481247
92559,-0.03426605090498924
29282,-0.040663786232471466
65013,-0.04868781939148903
4817,-0.043594904243946075
37540,-0.05544433370232582
68712,-0.06840988248586655
56007,-0.03465348854660988
47616,-2.6023988723754883
79058,-0.04503411054611206
81738,-0.029872603714466095
100015,-0.07521335780620575
54572,-0.08702779561281204
49533,-0.04832145944237709
101178,-0.04768187925219536
95017,-0.04653964191675186
105751,-0.042551495134830475
78944,-0.02904963307082653
2093,-0.03362075984477997
105969,-0.06887556612491608
104250,-0.026427701115608215
83042,-0.05418175458908081
1065,-0.04583447426557541
37529,-0.055621154606342316
13780,-0.04256611689925194
46453,-0.053166523575782776
64631,-0.06390727311372757
20384,-0.05560063198208809
47912,-0.094403475522995
18,-0.05575566738843918
77554,-0.08122321218252182
15582,-0.04972802475094795
99666,-0.1056458055973053
79962,-0.06648318469524384
57979,-0.04949887841939926
781,-0.035018328577280045
65466,-0.06864719837903976
95252,-0.052180469036102295
32661,-0.05278336629271507
51127,-0.052840810269117355
17798,-0.26505473256111145
39908,-0.03794202581048012
25867,-0.0432821549475193
21529,-0.06608400493860245
28279,-0.05314210429787636
11637,-0.05279761552810669
64726,-0.04287588968873024
74392,-0.05820564925670624
15857,-0.06873345375061035
97309,-0.05013537034392357
37463,-0.03668966516852379
32071,-0.036321524530649185
21323,-0.05695556476712227
26312,-0.045299261808395386
71930,-0.04641105234622955
3492,-0.04895291104912758
65456,-0.041544388979673386
96936,-0.057236600667238235
76724,-0.052284106612205505
10868,-0.05538049712777138
82591,-0.05226011946797371
35387,-0.05710003152489662
38546,-0.0319814570248127
89839,-0.042226988822221756
14754,-0.041343554854393005
48921,-0.04834270104765892
5482,-0.0428563617169857
105128,-0.2815631031990051
31526,-0.0381954088807106
93278,-0.050956472754478455
37389,-0.04566160589456558
85513,-0.04123935103416443
71873,-0.05919117480516434
14912,-0.05213407427072525
81004,-0.06886042654514313
43896,-0.03920440003275871
14272,-0.050549574196338654
10717,-0.048417434096336365
64257,-0.03607870638370514
11434,-0.05624936893582344
66130,-0.04795132949948311
35204,-0.046949878334999084
54695,-0.05256509780883789
14350,-0.04091281816363335
100672,-0.04571376368403435
3169,-0.048679985105991364
82931,-0.053086716681718826
92433,-0.04286058619618416
24263,-0.056013934314250946
14767,-0.047058381140232086
10604,-0.03171829506754875
100318,-0.07148655503988266
75663,-0.05349778011441231
43684,-0.04386613890528679
30373,-0.04419068247079849
17867,-0.05407628044486046
33900,-0.061987560242414474
29003,-0.047103192657232285
33694,-0.05295693129301071
84087,-0.06713861227035522
29852,-0.03480006009340286
63545,-0.03340772166848183
62292,-0.0486447848379612
57258,-0.053614385426044464
95073,-0.05683562904596329
50685,-0.027571793645620346
104221,-0.035888850688934326
51911,-0.05070437490940094
48975,-0.0541798360645771
58430,-0.022300776094198227
63383,-0.04467872157692909
35526,-0.04513769596815109
64270,-0.043349504470825195
23285,-0.08826597034931183
89158,-0.07225693762302399
77528,-0.033216316252946854
38446,-0.04298289492726326
19382,-0.03118806704878807
17453,-0.030165284872055054
39175,-0.04422934353351593
102238,-0.03289857506752014
85718,-0.03956460580229759
24010,-0.05110180750489235
54821,-0.04114462807774544
13440,-0.07628212869167328
11394,-0.06575075536966324
23805,-0.04188237711787224
43147,-0.5686880946159363
1333,-0.04644405469298363
1639,-0.035279471427202225
37376,-0.047884512692689896
63387,-0.03362905606627464
23614,-0.023948445916175842
32136,-0.06916794925928116
49294,-0.05509905517101288
13594,-0.04377360641956329
42326,-0.05407142639160156
82587,-0.06770893931388855
62487,-0.0634554922580719
61281,-0.038923297077417374
1204,-0.05164784938097
85035,-0.04279857128858566
63270,-0.04062441363930702
54681,-0.04167943820357323
38823,-0.058207448571920395
88510,-0.04963762313127518
73301,-0.06753368675708771
97118,-0.045136213302612305
56486,-0.06969042867422104
70896,-0.04936715215444565
9348,-0.04368140548467636
103274,-0.05909150838851929
33539,-0.04407479241490364
91382,-0.07637954503297806
42087,-0.0571378618478775
38095,-0.09946553409099579
37681,-0.058770306408405304
8143,-0.03043244034051895
19535,-0.05643021687865257
100274,-0.049897242337465286
47783,-0.060380563139915466
63781,-0.04613390192389488
96617,-0.02739933505654335
75551,-0.056772444397211075
17255,-0.034614913165569305
53787,-0.048844046890735626
635,-0.03490045294165611
85183,-0.043222445994615555
103397,-0.05508100241422653
82756,-0.054342545568943024
100666,-0.04982692748308182
50949,-0.04541010782122612
28357,-0.0442829467356205
45721,-0.05299525707960129
56031,-0.049362387508153915
28691,-0.059710584580898285
16837,-0.06732139736413956
5685,-0.03909744694828987
92766,-0.08897282928228378
46208,-0.05557604879140854
39047,-0.043406806886196136
6910,-0.06876695156097412
70669,-0.04569770768284798
49926,-0.04632728919386864
67684,-0.0475168339908123
22819,-0.049554016441106796
64125,-0.052784498780965805
15652,-0.06061631813645363
23464,-0.2275407910346985
29177,-0.07054496556520462
35062,-0.03393515944480896
68536,-0.043281011283397675
51118,-0.05055082216858864
90260,-0.0392938032746315
60622,-0.04940096661448479
72104,-0.028899433091282845
7291,-0.07140953093767166
68799,-0.050082191824913025
26509,-0.06804198771715164
96133,-0.045419223606586456
64710,-0.043725453317165375
34161,-0.04001699760556221
4172,-0.038339629769325256
26504,-0.05521897226572037
42383,-0.058740969747304916
48827,-0.046801432967185974
62023,-0.029320096597075462
53381,-0.053352564573287964
42672,-0.0513012558221817
40352,-0.1647031456232071
98188,-0.06927485018968582
55579,-0.05024636164307594
95699,-0.03962785378098488
22073,-0.052568379789590836
7510,-0.03135109320282936
61926,-0.0356057770550251
12524,-0.04774995893239975
30272,-0.04982420802116394
84597,-0.051386188715696335
82478,-0.03595256060361862
64991,-0.04659118503332138
33087,-0.042713478207588196
102366,-0.07458223402500153
83565,-0.055661410093307495
83122,-0.047081924974918365
52131,-0.035229526460170746
910,-0.07408533245325089
5111,-0.039607688784599304
54693,-0.04679768159985542
98190,-0.04413068667054176
10111,-0.07055829465389252
37371,-0.043307267129421234
34857,-0.05079978331923485
14501,-0.052545417100191116
36005,-0.050980035215616226
25749,-0.052968576550483704
78921,-0.027721844613552094
44951,-0.03248033672571182
14333,-0.16378557682037354
83840,-0.04216790571808815
27079,-0.050827767699956894
13278,-0.14711368083953857
23037,-0.06610576808452606
67764,-0.05601675063371658
15310,-0.04302103817462921
94802,-0.09148559719324112
87951,-0.048826903104782104
78943,-0.05524333938956261
97872,-0.053165506571531296
81410,-0.0497010312974453
50882,-0.04574713110923767
27223,-0.03945585712790489
65094,-0.06745145469903946
78051,-0.05098309367895126
70230,-0.05346839874982834
14759,-0.04968991503119469
59979,-0.05731382593512535
43844,-0.03939305618405342
79018,-0.0407881960272789
27232,-0.0353291854262352
26744,-0.04672965034842491
42401,-0.037541281431913376
78332,-0.057421885430812836
76194,-0.048355989158153534
384,-0.04322998225688934
63682,-0.042183563113212585
49119,-0.023579077795147896
54063,-0.044589683413505554
64585,-0.05842909961938858
79519,-0.02944106236100197
51401,-0.051440201699733734
30357,-0.035672497004270554
13880,-0.045638713985681534
58055,-0.034068360924720764
45641,-0.03039081022143364
21988,-0.05097391828894615
54004,-0.03639739379286766
24290,-0.048632070422172546
77273,-0.06753368675708771
76128,-0.05283312126994133
65644,-0.13915449380874634
79017,-0.04365915432572365
101808,-0.06363962590694427
99951,-0.18587961792945862
60253,-0.06159353256225586
94900,-0.04183012992143631
48007,-0.04124198108911514
98057,-0.056718043982982635
47744,-0.04058835655450821
98823,-0.05732136592268944
101068,-0.043768126517534256
102961,-0.0760045200586319
74087,-0.04331206530332565
7420,-0.055933449417352676
70975,-0.05573131516575813
105748,-0.046626344323158264
42214,-0.04232937842607498
13477,-0.03229799121618271
104778,-0.03129471465945244
43685,-0.05062074586749077
100408,-0.055693093687295914
51947,-0.050842612981796265
75354,-0.06172657385468483
15888,-0.027759643271565437
33178,-0.05844517797231674
101604,-0.04916822537779808
11544,-0.06856460869312286
58903,-0.03863190859556198
41792,-0.049538131803274155
93189,-0.042980268597602844
41555,-0.045562975108623505
79590,-0.040457166731357574
3426,-0.03765092417597771
25278,-0.043016012758016586
25008,-0.03487512469291687
81536,-0.059843987226486206
95607,-0.12994055449962616
98558,-0.06651128828525543
48761,-0.048173561692237854
11198,-0.026531489565968513
2451,-0.032730840146541595
46648,-0.03241617605090141
51384,-0.059085216373205185
62978,-0.02696707285940647
27721,-0.1347479671239853
64172,-0.04845423251390457
77418,-0.05232076346874237
72441,-0.0519302636384964
29063,-0.06424326449632645
18090,-0.06761401891708374
2491,-0.07643310725688934
70301,-0.052089378237724304
52348,-0.03583226352930069
82167,-0.05434107780456543
32365,-0.10028282552957535
6896,-0.022242136299610138
54908,-0.042756080627441406
50459,-0.058354321867227554
60554,-0.05418277159333229
17023,-0.05195165425539017
65066,-0.0380377434194088
66344,-0.05997917056083679
37911,-0.06276741623878479
22161,-0.05569286644458771
30356,-0.05971664935350418
60676,-0.08283483237028122
31531,-0.03376886621117592
4843,-0.04275905340909958
99733,-0.04035893455147743
83507,-0.05050276592373848
82773,-0.046769581735134125
74473,-0.04236217588186264
88188,-0.22498074173927307
88215,-0.0427519716322422
63735,-0.03500232845544815
70619,-0.03442811593413353
61200,-0.04893815517425537
30655,-0.03426063805818558
65913,-0.0509895496070385
54326,-0.04673260822892189
56131,-0.02751404047012329
58175,-0.03166389837861061
98975,-0.5696597099304199
94819,-0.04430222138762474
90301,-0.059597041457891464
25780,-0.04001287370920181
60452,-0.05184096470475197
50411,-0.050145912915468216
35018,-0.04293470457196236
73380,-0.020099535584449768
17467,-0.05643979460000992
3094,-0.07506684213876724
9738,-0.029613401740789413
44418,-0.039680786430835724
84598,-0.03812460973858833
93058,-0.05811173468828201
101249,-0.07316512614488602
3313,-0.050836607813835144
98711,-0.03614033758640289
27602,-0.045251067727804184
49587,-0.022444743663072586
80445,-0.043251559138298035
39073,-0.051169656217098236
77240,-0.06926584243774414
64521,-0.040371302515268326
14191,-0.046468522399663925
84975,-0.02304311841726303
41952,-0.05385468155145645
26320,-0.03838540241122246
4556,-0.03760730102658272
15168,-0.04466903209686279
26457,-0.049487873911857605
59345,-0.0459902323782444
29189,-0.055769648402929306
71307,-0.027934357523918152
71078,-0.043499261140823364
3900,-0.040165193378925323
22304,-0.036274854093790054
38231,-0.035093143582344055
81720,-0.07098899781703949
81431,-0.039606425911188126
583,-0.04955707862973213
53552,-0.2999829351902008
84043,-0.04119015857577324
16175,-0.04664625599980354
34979,-0.08543222397565842
64150,-0.03305359557271004
75806,-0.052175261080265045
93116,-0.0481330044567585
29562,-0.03323407471179962
28371,-0.06895077973604202
69331,-1.8791792392730713
44586,-0.07060717046260834
91778,-0.04743248224258423
99087,-0.04982352629303932
36336,-0.03991425782442093
76742,-0.03919167444109917
103873,-0.04116247594356537
41887,-0.029933461919426918
36456,-0.04473058879375458
8347,-0.04896426200866699
105701,-0.0409296378493309
18727,-0.037558961659669876
48456,-0.05519246309995651
67345,-0.05159090459346771
18115,-0.043657898902893066
88646,-0.03822765126824379
16889,-0.052309561520814896
12294,-0.32425180077552795
83601,-0.038314275443553925
73687,-0.0509263351559639
51259,-0.05851983651518822
69885,-0.042552292346954346
45997,-0.04399813711643219
65402,-0.03302764520049095
24272,-0.04409635066986084
26111,-0.05071525275707245
14340,-0.05646897479891777
106932,-0.051323115825653076
10072,-0.04805620014667511
42275,-0.052002694457769394
12585,-0.07434698194265366
19345,-0.020769139751791954
51382,-0.04406612366437912
17188,-0.035697802901268005
61288,-0.03723616525530815
83262,-0.044001102447509766
86120,-0.0527193620800972
71597,-0.05153610557317734
56009,-0.03524310514330864
23672,-0.07731147110462189
87182,-0.04575328156352043
30917,-0.032360661774873734
45016,-0.05276244506239891
27513,-0.048793524503707886
23688,-0.06745969504117966
91552,-0.0507170669734478
36671,-0.04833293333649635
61761,-0.05535692349076271
85490,-0.04586271196603775
102143,-0.0478755347430706
4545,-0.04982443526387215
25878,-0.04811425879597664
40704,-0.05768579617142677
88727,-0.05587686225771904
21689,-0.05969306454062462
53724,-0.05444212257862091
23022,-0.0693574920296669
77592,-0.05088294669985771
77918,-0.03420626372098923
94200,-0.05088849738240242
37600,-0.06696682423353195
43202,-0.0780746266245842
75128,-4.8019514083862305
47481,-0.035236433148384094
80803,-0.05194542929530144
97638,-0.04750228300690651
67851,-0.037672050297260284
69733,-0.017858192324638367
96141,-0.06842023134231567
72491,-0.08958589285612106
77467,-0.05201525613665581
61997,-0.06434465199708939
34472,-0.08002734184265137
69452,-0.051343612372875214
105256,-0.04310884326696396
38288,-0.04090537875890732
61579,-0.03368818759918213
81861,-0.03845239803195
91388,-0.06607842445373535
66355,-0.0667656809091568
9772,-0.05108923465013504
91345,-0.04327975586056709
89020,-0.04769006371498108
47843,-0.061441756784915924
40239,-0.04483659937977791
7984,-0.060611046850681305
12457,-0.0702713131904602
48634,-0.042111217975616455
54494,-0.03804095461964607
36007,-0.04316433519124985
13859,-0.04924187809228897
104132,-0.04383259639143944
106444,-0.054685261100530624
77743,-0.052411604672670364
12930,-0.03561912104487419
75523,-0.015230782330036163
74575,-0.062450867146253586
87066,-0.051269661635160446
72953,-0.03296028450131416
75330,-0.02003585733473301
35634,-0.03633348271250725
32681,-0.04278475046157837
54719,-0.03981608897447586
11158,-0.039214372634887695
59927,-0.062200866639614105
104545,-0.08449031412601471
40117,-0.04518008232116699
61413,-0.042785320430994034
21715,-0.05595836415886879
32714,-0.043839097023010254
24981,-0.03211445361375809
35347,-0.03280213475227356
93329,-0.04859289154410362
62636,-0.04686399921774864
81546,-0.053930021822452545
98273,-0.050951145589351654
7217,-0.051078587770462036
93418,-0.05442868545651436
37177,-0.08638090640306473
64677,-0.03974815458059311
17229,-0.040889933705329895
97054,-0.038906097412109375
79937,-0.03788601607084274
54263,-0.04418520629405975
71751,-0.059905629605054855
82528,-0.03219226002693176
72064,-0.04250453785061836
79587,-0.053599923849105835
28466,-0.05088147148489952
78377,-0.039766713976860046
46316,-0.04582912102341652
36085,-0.06206049770116806
17461,-0.04791201278567314
68795,-0.033136285841464996
92838,-0.051877185702323914
7155,-0.03232569247484207
18487,-0.049294985830783844
66346,-0.05190400779247284
99,-0.04935920983552933
101572,-0.02220972441136837
89347,-0.03694198653101921
68407,-0.03501637279987335
49849,-0.04876593500375748
33062,-0.04841028153896332
57697,-0.029814058914780617
43349,-0.049549590796232224
83428,-0.047428958117961884
105864,-0.05573977157473564
15474,-0.04993092641234398
27327,-0.049146320670843124
81606,-0.04754320904612541
46310,-0.05217175558209419
7460,-0.050390101969242096
13550,-0.0483822263777256
101547,-0.04228470101952553
37085,-0.050505828112363815
90070,-0.027879059314727783
21549,-0.04301464185118675
20421,-0.051751092076301575
85729,-0.05004250630736351
94349,-0.022351954132318497
97059,-0.0458378903567791
74765,-0.04226401448249817
13726,-0.045813750475645065
337,-0.05036720633506775
51845,-0.13204342126846313
58858,-0.020367523655295372
46319,-0.05837152525782585
55111,-0.07791672646999359
11656,-0.05038001388311386
78676,-0.0450858473777771
60093,-0.03820585086941719
91884,-0.04617328941822052
51111,-0.02437491901218891
17141,-0.04300288110971451
58149,-0.02448880858719349
61320,-0.050428301095962524
1131,-0.05950707569718361
22772,-0.06015642732381821
43664,-0.028065113350749016
43501,-0.031093543395400047
81414,-0.05818011984229088
52958,-0.1645667403936386
89750,-0.051062729209661484
83877,-0.04106111079454422
65308,-0.07749087363481522
9200,-0.04177730903029442
23749,-0.04742588847875595
13672,-0.06079492345452309
74683,-0.04331354796886444
53904,-0.0554024912416935
105146,-0.024607686325907707
40098,-0.05017391964793205
54660,-0.050961002707481384
93339,-0.05708044022321701
106801,-0.02735154703259468
26778,-0.050689078867435455
72106,-0.06410429626703262
20868,-0.043609052896499634
75989,-0.04353487119078636
105541,-0.05734320357441902
13843,-0.0512278713285923
98710,-0.052876200526952744
48313,-0.05444065481424332
31664,-0.01643242873251438
19568,-0.048753902316093445
47754,-0.052445653825998306
96276,-0.048171401023864746
95056,-0.04150459170341492
92257,-0.08008125424385071
85089,-2.9557509422302246
20080,-0.0501614473760128
52366,-0.03976384922862053
43572,-0.05071049556136131
29109,-0.0408797487616539
52191,-0.03600718453526497
62260,-0.06638524681329727
47485,-0.048552125692367554
52129,-0.04378752410411835
59497,-0.05019330605864525
73830,-0.0650806799530983
27949,-0.05084057152271271
16537,-0.04662008583545685
84391,-0.0449039600789547
54134,-0.037806589156389236
13467,-0.039515215903520584
86868,-0.03452681377530098
95993,-0.05840762332081795
60827,-0.04330076277256012
68151,-0.07004527002573013
57843,-0.052722301334142685
2809,-0.06454718112945557
46015,-0.04483773931860924
20238,-0.045971449464559555
106281,-0.0479363277554512
50264,-0.14401082694530487
73468,-0.037789829075336456
15834,-0.04836030676960945
72045,-0.038058627396821976
56366,-0.048251260071992874
9996,-0.05476482957601547
100234,-0.05268973112106323
36929,-0.04901738464832306
68444,-0.07404680550098419
563,-0.07504715770483017
80583,-0.02487214282155037
103138,-0.050516482442617416
65733,-0.02907232940196991
32278,-0.08201172202825546
88389,-0.038486238569021225
56450,-0.02849574200809002
29640,-0.04807176813483238
101098,-0.049999646842479706
89131,-0.032179560512304306
102285,-0.05105185508728027
1174,-0.05739318206906319
86355,-0.07495900988578796
68228,-0.04701413959264755
49846,-0.04526428505778313
107146,-0.03721285238862038
7072,-0.047959621995687485
56520,-0.05404239892959595
73045,-0.035028573125600815
28365,-0.03817177191376686
68322,-0.038656219840049744
102037,-0.02811877802014351
18716,-0.05341799929738045
67893,-0.06777990609407425
81841,-0.04716278240084648
38298,-0.05101186782121658
90742,-0.05391669273376465
72516,-0.04999363422393799
37424,-0.038235682994127274
40673,-0.05114348977804184
105362,-0.05555710569024086
64238,-0.06419575214385986
35480,-0.07584088295698166
84378,-0.039815742522478104
2635,-0.049915049225091934
63605,-0.06105054169893265
45588,-0.2654494643211365
46577,-0.05579501390457153
99481,-0.04461750015616417
808,-0.04680882766842842
36596,-0.030922269448637962
60836,-0.03636555373668671
27095,-0.06581784039735794
78127,-0.059031952172517776
32525,-0.035306286066770554
102468,-0.0374559685587883
8884,-0.047159597277641296
16939,-0.043289002031087875
88921,-0.038540493696928024
67854,-0.04971339553594589
88238,-0.04079563543200493
39425,-0.05404239892959595
23801,-0.034557219594717026
4572,-0.04416182264685631
56382,-0.07363834977149963
11124,-0.052247900515794754
45994,-0.05240153521299362
85602,-0.048077333718538284
104776,-0.05649071931838989
49788,-0.03176841512322426
29069,-0.052227649837732315
75167,-0.047204285860061646
64727,-0.06847444921731949
36990,-0.03767009824514389
8472,-0.05241409316658974
21020,-0.030437180772423744
22816,-0.0393364392220974
15066,-0.056195951998233795
13058,-0.0738612562417984
38179,-0.036990582942962646
42100,-0.05224201828241348
89612,-0.04465056210756302
64576,-0.04886595532298088
106162,-0.04237142950296402
20322,-0.040163133293390274
2401,-0.050977203994989395
9479,-0.03951544687151909
12406,-0.03530237078666687
26699,-0.03858855366706848
56948,-0.047808147966861725
9085,-0.04352174699306488
84168,-0.04016702622175217
102128,-0.043767329305410385
453,-0.22757981717586517
66887,-0.03387189656496048
88581,-0.06178944557905197
11297,-0.032514266669750214
23061,-0.0396692156791687
35290,-0.03861584886908531
79126,-0.032957978546619415
100424,-0.0360632985830307
99590,-0.03523113951086998
79363,-0.25727418065071106
14879,-0.0435127317905426
63376,-0.05883696302771568
28444,-0.05641759932041168
1687,-0.05899868905544281
2805,-0.08072508871555328
86217,-0.05364399030804634
91622,-0.04148538038134575
74692,-0.045680854469537735
22137,-0.04066424444317818
55905,-0.07509703189134598
16878,-0.04200594872236252
104755,-0.03879452869296074
53967,-0.031297024339437485
10164,-0.06477346271276474
75949,-0.07425767183303833
58759,-0.05441276729106903
52757,-0.05734770745038986
50056,-0.04101431369781494
24815,-0.024800743907690048
103539,-0.03797806426882744
102891,-0.03606916218996048
105114,-2.5040786266326904
4702,-0.05198537930846214
1300,-0.046933840960264206
58992,-0.04611751064658165
70748,-0.047676652669906616
21924,-0.04221327602863312
62586,-0.048115506768226624
69942,-0.02898976393043995
64693,-0.03922812640666962
72381,-0.06029526889324188
44443,-0.04567037522792816
61988,-0.057589806616306305
69769,-0.051561012864112854
83105,-0.0510333888232708
70937,-0.05074222385883331
102976,-0.029954401776194572
34980,-0.051094673573970795
102923,-0.04935217276215553
67750,-0.05755233019590378
89720,-0.06605365872383118
50254,-0.047098301351070404
61340,-0.030134284868836403
105000,-0.040011387318372726
78651,-0.026722434908151627
37221,-0.09724655747413635
74552,-0.11267165094614029
20119,-0.05118947476148605
49309,-0.04854939877986908
53555,-0.06743306666612625
69286,-0.047701429575681686
20397,-0.07116320729255676
42406,-0.05016983672976494
27295,-0.05446729436516762
89123,-0.05683675408363342
8632,-0.036014314740896225
56707,-0.07738319039344788
14260,-0.04584073647856712
23663,-0.04394371807575226
30928,-0.047363586723804474
78074,-0.06749780476093292
6546,-0.04917684942483902
6852,-0.04362126439809799
73970,-0.04633992165327072
44144,-0.06365842372179031
19404,-0.06863651424646378
60135,-0.052066292613744736
59957,-0.04071014001965523
88442,-0.15608303248882294
44843,-0.046418335288763046
96970,-0.05091240257024765
31533,-0.047398149967193604
23234,-0.04673829674720764
29494,-0.03642188012599945
58974,-0.04962661862373352
85477,-0.13536453247070312
13687,-0.04263785853981972
3528,-0.046611666679382324
86408,-0.05113624036312103
12633,-0.03612757474184036
53912,-0.047867465764284134
23436,-0.046595510095357895
36474,-0.05238829925656319
9368,-0.025843778625130653
10622,-0.03417930752038956
60229,-0.04264197126030922
57535,-0.04616850987076759
18260,-0.03339768946170807
100375,-0.0435979850590229
6719,-0.03566904738545418
84698,-0.029713504016399384
77211,-0.0341196283698082
76173,-0.04516253620386124
98124,-0.05263793468475342
64226,-0.04035057872533798
42597,-0.04747852310538292
20593,-0.07309543341398239
91129,-0.03141232207417488
28266,-0.04498351365327835
64792,-0.05095386505126953
64536,-0.047232940793037415
23351,-0.05277850478887558
34599,-0.05175505205988884
60849,-0.041953593492507935
75638,-0.044241778552532196
8952,-0.06394719332456589
17746,-0.04390436038374901
90900,-0.04973505809903145
3670,-0.03758789598941803
101865,-0.058850787580013275
4530,-0.05295625329017639
65170,-0.032155897468328476
9744,-0.6356116533279419
39873,-0.035825591534376144
91786,-0.039375293999910355
57820,-0.030612006783485413
91877,-0.05537699908018112
40613,-0.038787759840488434
84749,-0.04849432408809662
25907,-0.05744597315788269
37232,-0.06165798380970955
6210,-0.06431558728218079
7938,-0.052617013454437256
95412,-0.0734611377120018
44476,-0.04759299382567406
31793,-0.04572731629014015
84765,-0.06082173436880112
64213,-0.05121903494000435
28955,-0.0489899180829525
18364,-0.05179150030016899
38157,-0.05092259868979454
106432,-0.4938142001628876
32546,-0.41710951924324036
35523,-0.03836555778980255
24024,-0.02396753430366516
96602,-0.06634976714849472
45276,-0.05081100016832352
8780,-0.048191167414188385
3428,-0.035629820078611374
88887,-0.044923678040504456
85306,-0.045807257294654846
51200,-0.051674794405698776
9741,-0.047006748616695404
105941,-0.05094650387763977
101835,-0.03826172649860382
80754,-0.0530875064432621
51816,-0.046174995601177216
13724,-0.03516024351119995
28720,-0.043671589344739914
64272,-0.0767163410782814
105788,-0.29887256026268005
67220,-0.04213670641183853
60928,-0.03189243748784065
58158,-0.04305335134267807
16293,-0.04931529611349106
13608,-0.21226786077022552
37565,-0.07027542591094971
2344,-0.04856779798865318
44877,-0.05165622755885124
62709,-0.05104823037981987
16477,-0.053472016006708145
64979,-0.04689380154013634
42339,-0.04737211391329765
90112,-0.04088043421506882
106386,-0.08731110394001007
42538,-0.03618690371513367
77626,-0.2278538942337036
21935,-0.021255088970065117
24877,-0.0435740165412426
88325,-0.0458475686609745
82182,-0.059542007744312286
58608,-0.03168619051575661
78682,-0.05881470441818237
106195,-0.04533720016479492
8743,-0.04150939732789993
59128,-0.05037922039628029
55870,-0.03274756669998169
12945,-0.04904928058385849
65772,-0.048030298203229904
38756,-0.04698149859905243
58762,-0.05458751693367958
59866,-0.06446436047554016
79358,-0.04792667180299759
97545,-0.03601730242371559
98879,-0.055305492132902145
75144,-0.055815983563661575
15726,-0.06020345911383629
83258,-0.08682212233543396
29722,-0.031452640891075134
21225,-0.04151179641485214
37385,-0.048160042613744736
7776,-0.05623054876923561
85049,-0.05021042376756668
5438,-0.0469355471432209
45836,-0.0558544285595417
93302,-0.045458294451236725
103757,-0.042666759341955185
31211,-0.04627368226647377
41452,-0.03874016925692558
101536,-0.047986552119255066
13279,-0.05888248234987259
33464,-0.043329186737537384
56130,-0.04351809620857239
16350,-0.05071389302611351
104573,-0.03992605581879616
61257,-0.028133729472756386
83150,-0.05050979554653168
51218,-0.05764944851398468
10030,-0.06813987344503403
75294,-0.048343267291784286
72392,-0.05207647755742073
106535,-0.04752786085009575
39072,-0.05569692701101303
71774,-0.04878852888941765
3813,-0.04148675128817558
79029,-0.048095740377902985
47657,-0.02501794882118702
40796,-0.046039074659347534
62226,-0.08458342403173447
44770,-0.3919106423854828
20967,-0.043888844549655914
19530,-0.026513611897826195
64597,-0.056329600512981415
6049,-0.050888270139694214
39893,-0.05538647621870041
69451,-0.039609748870134354
79504,-0.0531638078391552
42596,-0.039744600653648376
69849,-0.17653685808181763
38319,-0.054729167371988297
28744,-0.06644291430711746
6512,-0.06333812326192856
85429,-0.2026633769273758
22398,-0.04937339201569557
73177,-0.12384799122810364
67313,-0.051847416907548904
69839,-0.04204903915524483
11597,-0.07346291095018387
76130,-0.045995358377695084
18004,-0.04627436399459839
91777,-0.03143588826060295
37778,-0.0665980651974678
42533,-0.05430099368095398
14180,-0.05458029359579086
31629,-0.03764002025127411
38402,-0.05880672484636307
60267,-0.04501906782388687
89185,-0.05565238744020462
8790,-0.07374808937311172
92276,-0.05048871412873268
37313,-0.03837691619992256
89912,-0.0516112819314003
32844,-0.0530109703540802
51184,-0.1054513230919838
79150,-0.05079876258969307
25238,-0.08128530532121658
25505,-0.0561734139919281
39320,-0.042459867894649506
92590,-0.04837382212281227
35742,-0.10524672269821167
54874,-0.03395935893058777
51835,-0.04275905340909958
101025,-0.032788753509521484
32035,-0.032748375087976456
104832,-0.04836359992623329
96308,-0.04590154066681862
89594,-0.1898738294839859
51113,-0.039514873176813126
97964,-0.05943215638399124
73407,-0.06013510003685951
18136,-0.030684495344758034
20781,-0.0617571696639061
86581,-0.04940244182944298
1141,-0.0383458249270916
67867,-0.05212989076972008
91354,-0.03756803274154663
65023,-0.04870973527431488
47815,-0.04457326605916023
78565,-0.05250300094485283
60513,-0.04778723791241646
103024,-0.023573722690343857
100646,-0.03637314215302467
17208,-0.04207875579595566
57658,-0.04368574172258377
26741,-0.04646454006433487
26804,-0.10216901451349258
50177,-0.04956819489598274
41831,-0.053711213171482086
30193,-0.04914983734488487
25632,-0.06755318492650986
65114,-0.0522891990840435
75884,-0.04361327737569809
91701,-0.05377458781003952
63329,-0.029001807793974876
78493,-0.07138700038194656
50302,-0.04102209210395813
39297,-0.047456469386816025
86271,-0.03858889639377594
93965,-0.0667615532875061
93018,-0.04500938206911087
89674,-0.04341011866927147
32657,-0.054546765983104706
69309,-0.04040084034204483
739,-0.08477477729320526
52481,-0.04270628094673157
99104,-0.03471820056438446
69591,-0.03554192930459976
47162,-0.0481128953397274
43009,-0.03571873903274536
38346,-0.051929134875535965
10816,-0.04981887713074684
72013,-0.04981377348303795
78283,-0.06124241277575493
41660,-0.06096081808209419
1166,-0.058593254536390305
39181,-0.02015269547700882
59263,-0.06228230521082878
104487,-0.06587732583284378
91734,-0.04670632630586624
86175,-0.07677750289440155
76412,-0.0508948415517807
20616,-0.030427351593971252
7844,-0.0579705610871315
4995,-0.04704393818974495
27159,-0.04861855506896973
78130,-0.021514950320124626
104326,-0.03511109948158264
44435,-0.06562460958957672
84988,-0.05182364583015442
13069,-0.025484640151262283
15486,-0.04489210620522499
76480,-0.04561217874288559
94250,-0.027904795482754707
1856,-0.03946903720498085
37078,-0.050628792494535446
32927,-0.10900953412055969
101015,-0.04537023603916168
14773,-0.03629370778799057
89981,-0.02930944599211216
52854,-0.021686909720301628
41491,-0.047978371381759644
63546,-0.04030672460794449
23877,-0.05159124359488487
2149,-0.03617655485868454
9083,-0.04919024184346199
78774,-0.04902975633740425
99819,-0.048261143267154694
61787,-0.042016465216875076
66605,-0.026587441563606262
8298,-0.0358487106859684
42299,-0.04246969148516655
4249,-0.04903849586844444
25742,-0.05082131177186966
16651,-0.050033096224069595
84877,-0.05389387533068657
37553,-0.051166824996471405
18573,-0.04674626141786575
80133,-0.04162946715950966
84558,-0.05072057992219925
50562,-0.05253161862492561
11790,-0.046954769641160965
66033,-0.06430787593126297
11819,-0.08665499836206436
6828,-0.05137237533926964
46362,-0.0595671683549881
1047,-0.06178496405482292
34500,-0.03404024615883827
47127,-0.03674137592315674
23736,-0.04547503963112831
60737,-0.050230152904987335
4594,-0.07368851453065872
29273,-0.04459766298532486
46532,-0.04907640814781189
6737,-0.047545820474624634
23304,-0.0478975810110569
29593,-0.04799745976924896
61846,-0.0513797365128994
104922,-0.0425284169614315
87475,-0.06789162755012512
7027,-0.04661928862333298
87211,-0.05908622965216637
18614,-0.10644069314002991
94606,-0.03471624106168747
106394,-0.0463184118270874
17033,-0.039153505116701126
46062,-0.0639900267124176
83179,-0.03403598442673683
44306,-0.043936531990766525
3022,-0.04840528219938278
39701,-0.042197275906801224
86774,-0.05574958026409149
35156,-0.0667191743850708
81341,-0.0433080680668354
83819,-0.03657853603363037
70455,-0.04105641692876816
53485,-0.0232975073158741
23025,-0.06318861991167068
4129,-0.04607812315225601
95738,-0.049618110060691833
19184,-0.3731255829334259
15154,-0.053654950112104416
61594,-0.0498049259185791
103597,-0.05384518951177597
64491,-0.05055150017142296
23899,-0.028034048154950142
31417,-0.06806103140115738
61755,-0.04864433407783508
34455,-0.04733766242861748
94925,-0.056376922875642776
91768,-0.048990823328495026
12323,-0.05192868039011955
72970,-0.046796202659606934
27442,-0.04955344647169113
30731,-0.0578756108880043
102947,-0.037257298827171326
10048,-0.05866700038313866
7261,-0.030785992741584778
37831,-0.04864705726504326
61159,-0.03876344859600067
100500,-0.04694180190563202
66747,-0.05872860550880432
22855,-0.05484326183795929
29650,-0.050552863627672195
96881,-0.04923620447516441
47013,-0.031240755692124367
19585,-0.04534938931465149
30273,-0.049893274903297424
91628,-0.0432182215154171
79418,-0.039841748774051666
72730,-0.0363449789583683
84753,-0.049863334745168686
97421,-0.050388969480991364
45767,-0.04072479158639908
9679,-0.049024876207113266
88797,-0.045446790754795074
1492,-0.0557677336037159
55280,-0.0518350787460804
9098,-0.04971645772457123
101671,-0.046492986381053925
89413,-0.03618575260043144
84730,-0.04270228371024132
79999,-0.06324077397584915
30862,-0.03295047953724861
35416,-0.031956519931554794
46917,-0.05146511271595955
92930,-0.043002650141716
58243,-0.05557120218873024
100799,-0.046969782561063766
60694,-0.0540190227329731
71555,-0.027085307985544205
19179,-1.078324317932129
50184,-0.04100584611296654
5008,-0.029692674055695534
17878,-0.024933304637670517
81669,-0.039755143225193024
77718,-0.04785928502678871
39440,-0.06541281193494797
4895,-0.042314525693655014
71071,-0.5609326958656311
21702,-0.055263079702854156
87491,-0.056457482278347015
65486,-0.04746226966381073
25309,-0.049461327493190765
42323,-0.05511924996972084
48639,-0.042298413813114166
73967,-0.03638302534818649
65998,-0.04082516208291054
23198,-0.05502752587199211
82664,-0.030916376039385796
26094,-0.035815585404634476
37411,-0.048726312816143036
65951,-0.2710789442062378
35218,-0.07606959342956543
35957,-0.0482778400182724
84554,-0.0552777424454689
61197,-0.0871911495923996
61094,-0.032514844089746475
26711,-0.03026186116039753
59195,-0.056287456303834915
49121,-0.056040871888399124
40914,-0.048326004296541214
47302,-0.05240526795387268
98853,-0.05288592353463173
103900,-0.06434934586286545
64853,-0.05058980733156204
2554,-0.053812433034181595
92599,-0.040779612958431244
25802,-0.10379410535097122
99452,-2.3509581089019775
55109,-0.05380045995116234
21922,-0.06435348093509674
93639,-0.037085238844156265
99499,-0.07540750503540039
75518,-3.951943874359131
30710,-0.03850367292761803
70028,-0.06838193535804749
101769,-0.06617896258831024
37794,-0.04178474098443985
96543,-0.06942066550254822
47526,-0.06157862767577171
23159,-0.03216848149895668
40146,-0.05195855721831322
94847,-0.0355367511510849
53362,-0.04783337563276291
14037,-0.04185173660516739
37453,-0.05166132003068924
5647,-0.04537741467356682
14673,-0.04771972820162773
106600,-0.0504220686852932
73748,-0.05939542129635811
80308,-0.05190683901309967
19383,-0.05801713466644287
55496,-0.04985448718070984
9225,-0.052120838314294815
106906,-0.048829399049282074
75394,-0.0544634573161602
88551,-0.03268376737833023
37699,-0.05949494615197182
39763,-0.01444360800087452
70482,-0.042545437812805176
25050,-0.05638154223561287
17857,-0.04658549651503563
58429,-0.06554780155420303
49416,-0.04220401868224144
61552,-0.03647302836179733
49623,-0.0333365835249424
44617,-0.06578513234853745
27909,-0.038429226726293564
24871,-0.034066859632730484
20942,-0.048976410180330276
103516,-0.04509314149618149
69077,-0.053384773433208466
15187,-0.04687435179948807
3968,-0.04381924495100975
46406,-0.03720538690686226
95105,-0.054851725697517395
49338,-0.04301087558269501
64276,-0.04621677100658417
4821,-2.013089179992676
40021,-0.044131483882665634
83326,-0.04821252450346947
42177,-0.03198342025279999
70199,-0.046979907900094986
48119,-0.04621916264295578
13343,-0.04850829020142555
11053,-0.04347426816821098
11870,-0.029834654182195663
35640,-0.04975082352757454
43612,-0.0313381552696228
81628,-0.03641877695918083
37574,-0.07025931030511856
33387,-0.046877991408109665
3627,-0.040185119956731796
83186,-0.047439418733119965
99491,-0.05547353997826576
59700,-0.03936818614602089
16223,-0.035533297806978226
64126,-0.048491597175598145
42160,-0.045035820454359055
69097,-0.0341033861041069
102364,-0.048629797995090485
68107,-0.05384044721722603
8108,-0.04427279904484749
22927,-0.0596245601773262
59791,-0.04133257642388344
100302,-0.0658891573548317
61388,-0.08955133706331253
57499,-0.05369889736175537
106814,-0.06916427612304688
46493,-0.04333614930510521
101988,-0.04770427197217941
3718,-0.05203709751367569
97345,-0.06571804732084274
44816,-0.05083400011062622
15636,-0.05146998167037964
14332,-0.04117276892066002
20814,-0.08514488488435745
9395,-0.04613766074180603
29142,-0.05452486872673035
44552,-0.05267062038183212
49858,-0.04409601166844368
23478,-0.049396879971027374
101156,-0.04893440753221512
17780,-0.04935898259282112
40135,-0.047985415905714035
90279,-0.04974991828203201
9595,-0.04909082129597664
11287,-0.04040507599711418
52334,-0.043000366538763046
45378,-0.056427739560604095
60285,-0.06588312983512878
104931,-0.05564494803547859
20338,-0.042947039008140564
14294,-0.047633688896894455
81500,-0.03909538313746452
26366,-0.029253529384732246
15562,-0.04726898670196533
77960,-0.054619912058115005
61174,-0.06067275255918503
12765,-2.8604185581207275
93396,-0.25652024149894714
32026,-0.048954956233501434
77586,-0.04685046523809433
10668,-0.03822340443730354
84486,-0.04537513479590416
98561,-0.053831975907087326
15057,-0.06619815528392792
62129,-0.05893350765109062
46701,-0.04365527257323265
35331,-0.06304626166820526
3820,-0.047591857612133026
21476,-0.052595071494579315
81388,-0.04466036707162857
65518,-0.06924615055322647
25936,-0.04138004407286644
58641,-0.09307708591222763
39010,-0.05165611207485199
10723,-0.049989666789770126
28862,-0.037142444401979446
59404,-0.03625059500336647
51779,-0.04950307682156563
60999,-0.0484388992190361
55446,-0.04512368142604828
82958,-0.10426207631826401
103671,-0.039101459085941315
70579,-0.051104526966810226
21621,-0.06462797522544861
40399,-0.04611751064658165
66405,-0.07173380255699158
40122,-0.06127425655722618
105767,-0.03648854419589043
67391,-0.05971114709973335
31052,-0.05797123536467552
6398,-0.04111213609576225
66954,-0.04054657369852066
99686,-0.03823212534189224
14802,-0.03687615692615509
96257,-0.05142854154109955
28401,-0.04904280975461006
44017,-0.04793155565857887
27168,-0.05617149546742439
79508,-0.030770618468523026
76641,-0.05137486755847931
101422,-0.050601594150066376
57776,-0.06446950137615204
24347,-0.047083403915166855
58970,-0.04678289219737053
4306,-0.05560153350234032
87525,-0.051461491733789444
50287,-0.0378049798309803
35911,-0.04833827167749405
40403,-0.04065394401550293
94371,-0.04157549515366554
88677,-0.031883545219898224
102789,-0.09282582998275757
82807,-0.05021189898252487
101560,-0.14541025459766388
102214,-0.04479898512363434
92213,-0.018053026869893074
78847,-0.04815686121582985
87625,-0.03392847627401352
59098,-0.04912089928984642
95200,-0.03288554027676582
13169,-0.040864985436201096
52736,-0.047463178634643555
31036,-0.037692829966545105
32733,-0.06026496738195419
39585,-0.02401757799088955
65224,-0.07197809964418411
34555,-0.04615700989961624
35503,-0.03957125172019005
91563,-0.037659652531147
64642,-0.04537445306777954
25351,-0.05250854417681694
60263,-0.040260009467601776
6918,-0.04784996807575226
49218,-0.059739332646131516
99645,-0.1908620297908783
96340,-0.1606992930173874
22938,-0.03543366491794586
7914,-0.04165828600525856
47223,-0.0415244922041893
46877,-0.03814101964235306
102108,-0.043260008096694946
67497,-0.04943171143531799
2800,-0.04385107755661011
77619,-0.03594255447387695
82667,-0.04969467967748642
47138,-0.03875037655234337
78393,-0.057757697999477386
7564,-0.05087082460522652
33316,-0.05287778377532959
67518,-0.0517258457839489
76570,-0.05151244252920151
5453,-0.06649433821439743
105472,-0.16193373501300812
9,-0.03767790272831917
65582,-0.04073440656065941
104768,-0.045868974179029465
44236,-0.04879000410437584
30578,-0.06913969665765762
28938,-0.04915063455700874
38579,-0.027949659153819084
95781,-0.04205475375056267
44215,-0.05878177285194397
41530,-0.035489581525325775
5456,-0.05909229815006256
75529,-0.02633841522037983
82386,-0.11046677082777023
54766,-0.04813288897275925
2689,-0.07471975684165955
90046,-0.05450533702969551
72503,-0.05437088385224342
96582,-0.03328999876976013
37143,-0.04643119499087334
49719,-0.0348321832716465
11305,-0.018714172765612602
38853,-0.06862416118383408
30018,-0.05011983588337898
89997,-0.052529241889715195
76441,-0.04562755301594734
63974,-0.04064810648560524
5818,-0.02970239333808422
93750,-0.13920189440250397
103189,-0.05442586541175842
16117,-0.05393408611416817
101288,-0.06984585523605347
78644,-0.04250168055295944
85356,-0.049033161252737045
6264,-0.06291396170854568
7677,-0.05671500414609909
62883,-0.04083351418375969
78514,-0.03945081681013107
73040,-0.0757940262556076
31444,-0.28696462512016296
17921,-0.04990699514746666
58623,-0.07023642212152481
83516,-0.052776921540498734
15353,-0.04671827331185341
100110,-0.04519922658801079
19879,-0.04940176010131836
81914,-0.08614108711481094
54921,-0.05217469856142998
11156,-0.1254272162914276
47710,-0.03905399888753891
75545,-0.052204906940460205
86014,-0.06608233600854874
15013,-0.05821970850229263
7602,-0.04808074235916138
9536,-0.036468200385570526
9037,-0.05464620888233185
67680,-0.04699287191033363
40930,-0.04617283493280411
22323,-0.05550726130604744
26556,-0.20468272268772125
95977,-0.05355393886566162
70938,-0.030019301921129227
71118,-0.05939149111509323
65686,-0.03434668481349945
13752,-0.05354071781039238
74760,-0.06422559916973114
4314,-0.046449288725852966
59908,-0.06232621148228645
43180,-0.09446030855178833
36161,-0.04431682080030441
77291,-0.04798416793346405
74333,-0.0550551675260067
32013,-0.04162615165114403
50705,-0.03972695767879486
82354,-0.05002946779131889
60823,-0.05124225467443466
81132,-0.03802316635847092
49721,-0.05879750847816467
81135,-0.05342918634414673
68556,-0.04883325845003128
51109,-0.04540316015481949
29436,-0.0552414208650589
70014,-0.04168229550123215
89999,-0.03313559293746948
55129,-0.040411487221717834
57625,-0.04861128702759743
72056,-0.05808991193771362
30958,-0.042712219059467316
28837,-0.035182688385248184
78812,-0.05107178911566734
69050,-0.050140246748924255
78026,-0.05439052730798721
74753,-0.04013805091381073
84865,-0.04262392222881317
10850,-0.043820157647132874
103364,-0.3413347601890564
20843,-0.050352130085229874
95753,-0.04813777282834053
49437,-0.04945440590381622
96961,-0.08278655260801315
96265,-0.0587170273065567
90957,-0.039777595549821854
9510,-0.039977140724658966
62612,-0.056872230023145676
46685,-0.045629944652318954
73471,-0.04701118543744087
96293,-0.05224020779132843
27856,-0.05738946795463562
86010,-0.07265277206897736
85800,-0.05555620416998863
100478,-0.09387920796871185
84480,-0.05107836052775383
39977,-0.04852123558521271
42904,-0.05870623514056206
97388,-0.04000096395611763
73786,-0.029186725616455078
32342,-0.05947551503777504
19969,-0.03715645521879196
35477,-0.5136731266975403
60115,-0.5518368482589722
29585,-0.05472058802843094
36206,-0.047019146382808685
65018,-0.05919848009943962
84906,-0.046478647738695145
67728,-0.030423304066061974
53915,-0.05152195319533348
28542,-0.03509233891963959
19447,-0.04977169260382652
87416,-0.047299575060606
7078,-0.043515127152204514
64687,-0.048614807426929474
26446,-0.062478527426719666
5907,-0.05662950873374939
69202,-0.031479209661483765
67936,-0.04464087262749672
94444,-0.058365680277347565
52945,-0.0440516360104084
33725,-0.04643654450774193
17587,-0.34995201230049133
41915,-0.03352600336074829
73767,-0.052200380712747574
15216,-0.050601933151483536
106363,-0.05315646156668663
101703,-0.05094865337014198
75411,-0.034588657319545746
57804,-0.056302666664123535
25148,-0.05545087158679962
9571,-0.047557417303323746
57022,-0.042844485491514206
99972,-0.043794941157102585
51158,-0.03231195732951164
35954,-0.04710682854056358
97826,-0.048646148294210434
99843,-0.07129842042922974
90377,-0.04940187186002731
63783,-0.04928828775882721
88725,-0.03200789541006088
104039,-0.05160437524318695
31961,-0.061708755791187286
104009,-0.05290842428803444
47318,-0.050175052136182785
86974,-0.05587922781705856
9421,-0.05100121721625328
84516,-0.03952197730541229
44731,-0.06859110295772552
76057,-0.04253527149558067
87073,-0.04846320301294327
43289,-0.043339576572179794
100878,-0.07060883939266205
4386,-0.06566714495420456
38237,-0.03114057518541813
75202,-0.03741348162293434
101400,-0.04603895917534828
107136,-0.03924199566245079
30179,-0.04969184100627899
36766,-0.036094918847084045
56597,-0.03868110850453377
37426,-0.035130664706230164
67271,-0.0371471531689167
37507,-0.035709768533706665
33863,-0.025461861863732338
102791,-0.04279445856809616
61814,-0.04429606348276138
66968,-0.06119397282600403
15746,-0.03452888876199722
69405,-0.036492109298706055
81775,-0.041734207421541214
10874,-0.046999696642160416
80486,-0.0526476614177227
80102,-0.05334996432065964
31570,-0.040463004261255264
58348,-0.05000973865389824
93731,-0.03338224068284035
87697,-0.04310644790530205
71238,-0.05973697453737259
19955,-0.05504433438181877
63568,-0.03890024870634079
29279,-0.04407330974936485
63613,-0.045039355754852295
50050,-0.05601179227232933
49381,-0.049386441707611084
42724,-0.040662068873643875
3748,-0.06846453994512558
103567,-0.03388042375445366
14418,-0.03966875746846199
92431,-0.056018780916929245
89830,-0.06208223104476929
69665,-0.05759700760245323
82270,-0.04600651562213898
28942,-0.05550895258784294
52103,-0.05888866260647774
49028,-0.053463876247406006
73933,-0.043491728603839874
50783,-0.04832373186945915
78350,-0.02350735478103161
4902,-0.03643716499209404
53013,-0.05047182738780975
76554,-0.032424598932266235
23980,-0.04508231580257416
41145,-0.04170413687825203
42225,-0.039661310613155365
89264,-0.05000758171081543
62543,-0.04816174507141113
64809,-0.04060426726937294
11702,-0.04662543535232544
55003,-0.059600524604320526
94451,-0.036155398935079575
56327,-0.04138690605759621
81325,-0.03961925953626633
39310,-0.04703700169920921
58708,-0.033609114587306976
97817,-0.02767755091190338
53379,-0.042625635862350464
79932,-0.060338813811540604
63512,-0.036757923662662506
20779,-0.037978868931531906
95212,-0.045936837792396545
59462,-0.050378765910863876
87290,-0.039846789091825485
11427,-0.05193422734737396
62734,-0.033635396510362625
32888,-0.04447178915143013
28020,-0.03983395919203758
107166,-0.05938654765486717
34403,-0.04717199131846428
39879,-0.1519525945186615
42599,-0.07084141671657562
65668,-0.05537654832005501
70872,-0.051405441015958786
58351,-0.04937078431248665
57847,-0.044434502720832825
24231,-0.0568472295999527
73322,-0.05075344070792198
87567,-0.06453801691532135
83106,-0.046941690146923065
62857,-0.02382436953485012
6190,-0.05381186679005623
76216,-0.03203052654862404
68017,-0.06115270406007767
87105,-0.04507707431912422
106867,-0.567733108997345
55927,-0.047238171100616455
103438,-0.03781164065003395
51124,-0.05215093493461609
12368,-0.053769730031490326
86766,-0.05579264834523201
105444,-0.061779920011758804
87040,-0.04920658469200134
22916,-0.03565719723701477
50027,-0.044288765639066696
81159,-0.05934913828969002
58672,-0.03670644387602806
30619,-0.043617840856313705
33627,-0.021437477320432663
50283,-0.04965713247656822
52216,-0.050833772867918015
59067,-0.057260576635599136
14396,-0.043803729116916656
11892,-0.04812414199113846
16812,-0.08741564303636551
5522,-0.04575464874505997
1553,-0.04967006295919418
68393,-0.0413619726896286
56743,-0.07429452240467072
96945,-0.045314300805330276
46038,-0.07207726687192917
57272,-0.04736563190817833
90756,-0.03267407417297363
52367,-0.057622551918029785
106160,-0.059181515127420425
90017,-0.04524480178952217
3398,-0.0634775310754776
9373,-0.0471726730465889
105247,-0.04420813173055649
90087,-0.0414503812789917
69444,-0.04424303025007248
17257,-0.06051993742585182
35505,-0.04969728738069534
81005,-0.052839454263448715
44186,-0.06499668210744858
13463,-0.040610332041978836
46564,-0.043866366147994995
79444,-0.045694176107645035
99670,-0.047660283744335175
11219,-0.049728479236364365
57773,-0.043813884258270264
8456,-0.051020361483097076
68047,-0.07246319204568863
36885,-0.07434211671352386
85280,-0.049813318997621536
35496,-0.04293595999479294
8287,-0.051581282168626785
99197,-0.04475715011358261
84028,-0.052710991352796555
57813,-0.045960403978824615
24111,-0.04524821788072586
32341,-0.017401518300175667
11617,-0.042642999440431595
51488,-0.03865782916545868
54632,-0.03832494467496872
92675,-0.05862608179450035
25288,-0.07204122096300125
60316,-0.03911922872066498
74303,-0.04493621364235878
100457,-0.03620851784944534
39057,-0.04232937842607498
106818,-0.06344061344861984
87856,-0.03439471498131752
48380,-1.7903648614883423
88962,-0.049070391803979874
30684,-0.048081424087285995
34006,-0.06773500889539719
39375,-0.043693043291568756
38271,-0.04484913870692253
103594,-0.05654468014836311
65919,-0.04290889576077461
32465,-0.05068545415997505
95680,-0.05030542612075806
21927,-0.03467743843793869
82834,-0.037222497165203094
86607,-0.05361427366733551
23273,-0.053619470447301865
86094,-0.04427838698029518
39379,-0.04774655029177666
59333,-0.045255396515131
89309,-0.042949095368385315
36521,-0.050551049411296844
20234,-0.04908264800906181
42743,-0.062169503420591354
50713,-0.06659873574972153
50917,-0.03514056280255318
56471,-0.1775355339050293
50938,-0.035736799240112305
98079,-0.14057791233062744
45607,-0.051852282136678696
99068,-0.028131874278187752
32866,-0.034657057374715805
86916,-0.045133478939533234
21587,-0.03886068984866142
92191,-0.03312082961201668
103849,-0.045244574546813965
38587,-0.0664285272359848
72196,-0.04280770942568779
6939,-0.04624761641025543
27786,-0.05897868424654007
34537,-0.04425922781229019
58057,-0.0448906272649765
70154,-0.04897107183933258
91928,-0.060832276940345764
40528,-0.057925786823034286
12496,-0.040852513164281845
24646,-0.04421908035874367
11256,-0.040566492825746536
21388,-0.06279899179935455
85853,-0.037754129618406296
44259,-1.376528263092041
36591,-0.058719612658023834
59439,-0.046052735298871994
74647,-0.03933357447385788
4875,-0.03139591962099075
6490,-0.04075706750154495
28346,-0.06125878170132637
651,-0.05396797135472298
1618,-0.04030008241534233
13410,-0.02631484530866146
106091,-0.070646271109581
57915,-0.04927421733736992
28113,-0.05382711812853813
71395,-0.046868208795785904
96316,-0.0485428124666214
13993,-0.059576041996479034
49317,-0.052922334522008896
45502,-0.0513012558221817
93262,-0.043537724763154984
17644,-0.0493941567838192
52028,-0.048440832644701004
103808,-0.028548574075102806
20253,-0.06265612691640854
22006,-0.03202902525663376
80743,-0.042624492198228836
93485,-0.04348442330956459
44777,-0.052606720477342606
6100,-0.06666587293148041
79220,-0.04416342079639435
56337,-0.032737184315919876
11203,-0.041771478950977325
21197,-0.039158664643764496
84879,-0.04948741942644119
27735,-0.04534585773944855
40048,-0.0695400983095169
21142,-0.044325828552246094
17502,-0.03776572272181511
74085,-0.04554622992873192
104674,-0.049442265182733536
43454,-0.050212692469358444
55533,-0.03743415325880051
10115,-0.03611688315868378
4005,-0.042781438678503036
38690,-0.050605446100234985
76350,-0.05017856881022453
33946,-0.013496463187038898
88651,-0.03949149698019028
6441,-0.0491815023124218
29013,-0.060654688626527786
58126,-0.051275208592414856
1579,-0.04894746094942093
45737,-0.020518425852060318
20715,-0.05958974361419678
35446,-0.0502074770629406
24700,-0.0720437690615654
40662,-0.048872992396354675
2825,-0.09624544531106949
70461,-0.038671474903821945
24568,-0.05057915300130844
90464,-0.06382831931114197
28517,-0.04353567212820053
1466,-0.06470172852277756
17097,-0.04780394211411476
30017,-0.058147724717855453
55539,-0.0438922643661499
59782,-0.06651341170072556
71033,-0.044594813138246536
64496,-0.0494355708360672
40937,-0.05637286603450775
94343,-0.04452572017908096
10785,-0.0312776155769825
57477,-0.027403278276324272
88509,-0.0351371131837368
13448,-0.03009333647787571
28448,-0.041261427104473114
15736,-0.053270962089300156
93766,-0.04637497663497925
28790,-0.04820673167705536
104620,-0.3071368336677551
102286,-0.050043415278196335
40916,-0.06549745053052902
27594,-0.0827489048242569
52570,-0.04811732470989227
57700,-0.0496419332921505
56086,-0.04336206242442131
15381,-0.047213271260261536
46128,-0.12324219942092896
76957,-0.04836859554052353
27584,-0.047728024423122406
47349,-0.054663028568029404
13242,-0.03023306280374527
21958,-0.04606354981660843
82887,-0.035438381135463715
106452,-0.050483498722314835
8805,-0.057817332446575165
39780,-0.01357361301779747
98329,-0.03127460926771164
50527,-0.047820307314395905
82425,-0.040883637964725494
23328,-0.046694040298461914
43312,-0.04404821619391441
62595,-0.049996811896562576
85134,-0.07100976258516312
47366,-0.02190980687737465
23299,-0.03273014724254608
106554,-0.043198928236961365
30402,-0.0605146624147892
82605,-0.04975275322794914
91467,-0.049838837236166
87186,-0.055667273700237274
16903,-0.05105695128440857
1913,-0.04629701375961304
24210,-0.02989215776324272
72558,-0.047247495502233505
63823,-0.03633095324039459
37579,-0.0962059274315834
23677,-0.04794405773282051
43647,-0.03091706894338131
74682,-0.023431431502103806
61036,-0.05165034160017967
68754,-0.044476237148046494
4629,-0.04497416689991951
45675,-0.04752092808485031
87890,-0.06494328379631042
69007,-0.048966191709041595
107046,-0.03524218499660492
57177,-0.059690482914447784
58179,-0.03958500176668167
59861,-0.04783417284488678
52378,-0.05384982377290726
77012,-0.05971990525722504
36232,-0.04562072083353996
68330,-0.04616987332701683
12004,-0.047486938536167145
11504,-0.053291644901037216
45682,-0.07735549658536911
23369,-0.041386447846889496
9711,-0.03265942260622978
87557,-0.04003211483359337
42759,-0.0463712215423584
1961,-0.03378523141145706
79192,-0.052964504808187485
65297,-0.03707823157310486
90391,-0.04767221957445145
31179,-0.038805536925792694
85934,-0.048440832644701004
2233,-0.0407089963555336
104465,-0.07098833471536636
97156,-0.04896710067987442
21082,-0.04871087148785591
43222,-0.03211953490972519
101903,-0.04408380389213562
91631,-0.037631064653396606
104772,-0.052956704050302505
69306,-0.046203453093767166
2246,-0.040387559682130814
55523,-0.04265841841697693
35636,-0.05381299555301666
58346,-0.06918908655643463
97733,-0.05246635153889656
54318,-0.5495229959487915
10406,-0.04668983072042465
73686,-0.041600536555051804
23697,-0.06497076153755188
28920,-0.058762550354003906
74967,-0.0554632805287838
22282,-0.04580999165773392
46359,-0.05481719225645065
100017,-0.061339396983385086
66476,-0.030728654935956
95495,-0.023877913132309914
39500,-0.03432399034500122
13256,-0.033479198813438416
87733,-0.054147426038980484
50150,-0.03912106156349182
101746,-0.03572368621826172
43926,-0.04235886037349701
62829,-0.03671138361096382
16572,-0.03272172436118126
19011,-0.03719619661569595
34704,-0.054028961807489395
52519,-0.04324185475707054
29435,-0.03295474871993065
14187,-0.06112254038453102
25743,-0.055266574025154114
21024,-0.05055195465683937
91627,-0.04756651073694229
24278,-0.03513181582093239
51417,-0.042504310607910156
59575,-0.03794443607330322
38791,-0.05573289468884468
43295,-0.07156757265329361
76291,-0.04891284182667732
61760,-0.03563108667731285
3559,-0.0471782460808754
59749,-0.019623661413788795
8520,-0.04473024979233742
99593,-0.04834485799074173
19907,-0.04595687612891197
55802,-0.051933661103248596
49581,-0.052074216306209564
63636,-0.05043453723192215
68309,-0.051411326974630356
32757,-1.5559946298599243
69987,-0.04054336994886398
40061,-0.047026991844177246
56151,-0.05029760301113129
104281,-0.05069134384393692
37146,-0.04769688472151756
52784,-0.049801070243120193
22973,-0.06373514980077744
52110,-0.03859589248895645
48457,-0.039337243884801865
83878,-0.05188114568591118
41602,-0.0471280962228775
12922,-0.0522565022110939
106228,-0.06886810809373856
32284,-0.04800371080636978
71166,-0.05368805304169655
61893,-0.07640483975410461
82610,-0.036245305091142654
9468,-0.036578767001628876
7366,-0.052227649837732315
130,-0.0323665477335453
93873,-0.05480286106467247
104680,-0.0759124830365181
13871,-0.03665059432387352
92467,-0.04501257464289665
43810,-0.046877648681402206
88262,-0.03708558529615402
78513,-0.04210984706878662
33147,-0.035492800176143646
39542,-0.04838063567876816
86068,-0.04709318280220032
17818,-0.04048578813672066
49539,-0.06120092421770096
80464,-0.06171895191073418
4168,-0.07534094899892807
43550,-0.04874459281563759
24085,-0.03334672749042511
102374,-0.03585055097937584
23041,-0.047492507845163345
73095,-0.04951544478535652
74551,-0.056901849806308746
58922,-0.0603678822517395
54757,-0.309472918510437
86390,-0.03292187675833702
49045,-0.07554136961698532
63062,-0.04370422661304474
45963,-0.035320207476615906
3268,-0.04759879410266876
94045,-0.05374521762132645
93471,-0.06256935000419617
47014,-0.06522218883037567
25463,-0.06395960599184036
59914,-0.050870709121227264
70929,-0.05123376101255417
105229,-0.07326062768697739
55727,-0.03346017748117447
68877,-0.04017927870154381
36240,-0.03300872817635536
12342,-0.06588837504386902
45781,-0.04345931485295296
64221,-0.03931248560547829
25152,-0.04724886268377304
19946,-0.04588184133172035
35848,-0.04826955124735832
50988,-0.04813186824321747
81228,-0.08156430721282959
70634,-0.030721141025424004
62087,-0.03664105758070946
83705,-0.041696589440107346
28135,-0.043190937489271164
72269,-0.047966212034225464
57765,-0.04910523444414139
48237,-0.056966036558151245
60935,-0.03888190537691116
96395,-0.05240413546562195
17552,-0.037625670433044434
6012,-0.07872293889522552
32339,-0.054356545209884644
100348,-0.0565732978284359
18042,-0.047654714435338974
96315,-0.06375036388635635
29764,-0.05062199383974075
23929,-0.02064945362508297
77311,-0.032042186707258224
70607,-0.060457658022642136
30780,-0.04931745305657387
80346,-0.04899002984166145
98674,-0.07070980966091156
81392,-0.046054329723119736
97354,-0.04626013711094856
81018,-0.05940733104944229
67914,-0.04369806498289108
73740,-0.02411486767232418
17349,-0.06253183633089066
92248,-0.052532974630594254
7410,-0.030960410833358765
38801,-0.07047386467456818
2980,-0.04377235099673271
8343,-0.05276798829436302
4978,-0.0475742407143116
17304,-0.04782530665397644
97200,-0.06450694799423218
29661,-0.04149841517210007
90326,-0.04457121342420578
46507,-0.061166051775217056
29043,-0.04870133101940155
10362,-0.0510929711163044
98378,-0.07055351883172989
106758,-0.08163011819124222
51017,-0.03477945178747177
79812,-0.04586794972419739
13356,-0.05745474994182587
55569,-0.06248144060373306
65657,-0.04780212417244911
51044,-0.04156851768493652
66567,-0.03526313230395317
46552,-0.02448299154639244
46891,-0.05568565055727959
63607,-0.04754457250237465
38370,-0.038856908679008484
57361,-0.013195333071053028
36803,-0.04137798398733139
39652,-0.05379944294691086
98980,-0.026403436437249184
39367,-0.06215269863605499
42936,-0.022977180778980255
103002,-0.11666163057088852
53733,-0.04196193814277649
64932,-0.049892254173755646
14694,-0.051906272768974304
22051,-0.07610008865594864
86459,-0.031244106590747833
6391,-0.03571275621652603
66928,-0.06174461916089058
49982,-0.029966086149215698
100643,-0.051410309970378876
56457,-0.05463571473956108
30800,-0.10446183383464813
33516,-0.04739416763186455
10149,-0.055067237466573715
59814,-0.05077565088868141
95253,-0.057106226682662964
53569,-0.050763070583343506
98810,-0.04850204661488533
37667,-0.07913626730442047
28177,-0.041703447699546814
38991,-0.04964170604944229
16662,-0.058710843324661255
84074,-0.04442230239510536
74835,-0.05226872116327286
64707,-0.06079155579209328
92839,-0.0443866103887558
7848,-0.07341992855072021
14932,-0.03606157377362251
95426,-0.13703837990760803
10705,-0.06771217286586761
36497,-0.04767301306128502
45194,-0.057509224861860275
91760,-0.036353714764118195
42730,-0.05562228336930275
73723,-0.039373915642499924
106197,-0.0332329198718071
68082,-0.04320977255702019
18144,-0.03052251599729061
80046,-0.046358589082956314
11278,-0.039717335253953934
80340,-0.05164230242371559
13789,-0.09820938855409622
70923,-0.11276526749134064
102287,-0.037788450717926025
91972,-0.04695306345820427
34636,-0.03918101638555527
15424,-0.04420242831110954
27169,-0.1659812182188034
44400,-0.11192209273576736
61822,-0.04978666454553604
72751,-0.037901513278484344
13516,-0.04917106032371521
106505,-0.052216786891222
76387,-0.05111166089773178
15239,-0.051402270793914795
103844,-0.03599269315600395
53314,-0.026093509048223495
39223,-0.04672930762171745
9030,-0.046285975724458694
14079,-0.03986018896102905
105615,-0.057202599942684174
12812,-0.056800488382577896
75439,-0.07075712084770203
39088,-0.05396345257759094
43363,-0.05055830255150795
32020,-0.05961467698216438
64754,-0.03679078444838524
3089,-0.06146641820669174
23362,-0.0468156561255455
84010,-0.027704451233148575
28153,-0.07430293411016464
38509,-0.7562747001647949
11368,-0.043871957808732986
38142,-0.05022652447223663
97444,-0.05884910002350807
41034,-0.04921917989850044
8873,-0.04631613567471504
30735,-0.05978110432624817
61272,-0.029090624302625656
56414,-0.031150860711932182
89014,-0.0377654954791069
24736,-0.0507100410759449
36720,-0.057452160865068436
83888,-0.06609583646059036
55059,-0.11573711782693863
50353,-0.06791624426841736
1263,-0.04564497992396355
9747,-0.070600725710392
100121,-0.0343983992934227
101541,-0.03961513563990593
107110,-0.08534641563892365
13870,-0.045689623802900314
53841,-0.050911836326122284
99366,-0.05679215490818024
97714,-0.035652365535497665
105818,-0.03449434041976929
50824,-0.164022758603096
79245,-0.04217956215143204
20566,-0.06494875252246857
31568,-0.056297484785318375
61681,-0.047314923256635666
61035,-0.027883348986506462
82910,-0.0504043847322464
104534,-0.03799160569906235
30508,-0.03920898586511612
36852,-0.0353824608027935
78740,-0.04507080465555191
93787,-1.5108747482299805
99385,-0.059622760862112045
8541,-0.044416941702365875
40986,-0.03890930861234665
59356,-0.05103203281760216
24418,-0.07365274429321289
73614,-0.07324811071157455
27415,-0.04038504138588905
11105,-0.05029284209012985
38620,-0.055921390652656555
73791,-0.04846547544002533
84218,-0.07552877068519592
57917,-0.04550943896174431
26115,-0.042609069496393204
39220,-0.05721340700984001
86510,-0.05655268207192421
2620,-0.07474099099636078
80769,-0.04513074457645416
63158,-0.044762738049030304
68262,-0.04385039210319519
75959,-0.07002537697553635
11908,-0.06230056285858154
82650,-0.047712113708257675
67201,-0.07405577600002289
38281,-0.037682611495256424
94080,-0.036602556705474854
26958,-0.052245527505874634
12229,-0.049845077097415924
7322,-0.05088917538523674
101820,-0.0408775731921196
58402,-0.06173957511782646
53298,-0.05348161980509758
55864,-0.049505800008773804
80201,-0.06366311758756638
27368,-0.2486557960510254
51937,-0.05833407863974571
75944,-0.04842390865087509
17981,-0.045753054320812225
36458,-0.035415370017290115
19330,-0.03456032648682594
70747,-0.06226135790348053
52093,-0.045232269912958145
48248,-0.038335155695676804
30444,-0.05261067673563957
100114,-0.04354263097047806
75809,-0.0347408801317215
83567,-0.04246717691421509
22666,-0.03974402695894241
49879,-0.04476923495531082
63185,-0.04458592087030411
71537,-0.04580065235495567
84881,-0.06381064653396606
11039,-0.029511667788028717
2226,-0.039107535034418106
9498,-0.04035549983382225
103461,-0.03936555236577988
8026,-0.035579778254032135
67743,-0.049943625926971436
80470,-0.0636066272854805
3702,-0.9660016298294067
60275,-0.04865046218037605
32622,-0.040150534361600876
30739,-0.0503157414495945
87448,-0.1519162505865097
98899,-0.7350567579269409
89514,-0.04679153859615326
10765,-2.062389850616455
76915,-0.040243517607450485
22471,-0.05002039670944214
104758,-0.04039523005485535
106834,-0.03416674956679344
21256,-0.03811531513929367
72448,-0.03277790918946266
76560,-0.05730155482888222
72417,-0.03846375644207001
76712,-0.040720097720623016
81087,-0.05951797217130661
106580,-0.035392239689826965
29575,-0.05011121928691864
93875,-0.04762538895010948
57554,-0.05208643525838852
60491,-0.023479873314499855
93238,-0.035764750093221664
3821,-0.03885117545723915
28650,-0.052334338426589966
66585,-0.040612392127513885
3771,-0.051606301218271255
21931,-0.04895075410604477
6465,-0.04018145427107811
12104,-0.04871904477477074
100297,-0.05189336836338043
12303,-0.05724436789751053
63834,-0.03924429044127464
72813,-0.03941483050584793
24228,-0.06612027436494827
62072,-0.040967512875795364
87548,-0.04402060806751251
34142,-0.04505724459886551
102479,-0.1655108630657196
81878,-0.042183104902505875
5322,-0.0467010959982872
8225,-0.04507012292742729
87700,-0.052691202610731125
34160,-0.06298593431711197
84726,-0.05142118036746979
18698,-0.07357954233884811
21961,-0.04758060351014137
98296,-0.03657658398151398
35011,-0.04521859437227249
72197,-0.02092488296329975
52751,-0.06683971732854843
2665,-0.048969484865665436
13552,-0.045966554433107376
74433,-0.04712354764342308
55838,-0.06107510253787041
3623,-0.06901776045560837
18897,-0.02689988538622856
97971,-0.03992227464914322
54183,-0.09059935063123703
36709,-0.05729716271162033
45328,-0.03897282853722572
45544,-0.04039648920297623
88069,-0.1241210550069809
38880,-0.06412665545940399
29390,-0.04642072692513466
17213,-0.045266903936862946
103211,-0.0668163001537323
103784,-0.058831341564655304
21672,-0.052821360528469086
12667,-0.051014021039009094
42330,-0.046887774020433426
64762,-0.0344666987657547
38996,-0.04258439317345619
81858,-0.037813588976860046
63013,-0.05180191621184349
97541,-0.04244695603847504
94335,-0.04529140144586563
27705,-0.06958602368831635
27775,-0.040446747094392776
90297,-0.04573346674442291
17894,-0.06047684699296951
89326,-0.015492331236600876
14532,-0.06662215292453766
29304,-0.05196863040328026
60991,-0.04530563950538635
26862,-0.03286270052194595
36231,-0.06431055814027786
68918,-0.043328844010829926
87020,-0.051324814558029175
68071,-0.15983210504055023
74517,-0.05510074645280838
68399,-0.037228815257549286
4125,-0.060609251260757446
87538,-0.04788553714752197
90505,-0.047164373099803925
26154,-0.05503350496292114
94063,-0.04610271379351616
4801,-0.05204185098409653
79421,-0.04918627068400383
22506,-0.050905149430036545
90383,-0.047432027757167816
31996,-0.05635179579257965
94098,-0.05789822340011597
23918,-0.06415461003780365
14872,-0.01806122250854969
52194,-0.05937239155173302
79112,-0.04349161684513092
79767,-0.045321475714445114
88807,-0.04814084246754646
80213,-0.04100195690989494
97386,-0.05674079433083534
18855,-0.04508015140891075
14420,-0.0333799347281456
20050,-0.04718609154224396
12401,-0.046141985803842545
78505,-0.05338330194354057
39219,-0.04416387900710106
23939,-0.0436907634139061
16295,-0.041492585092782974
38830,-0.03642716631293297
63612,-0.0692375898361206
13290,-0.014808731153607368
53494,-0.04609212651848793
5746,-0.05146454647183418
30513,-0.04476501792669296
96344,-0.03203145042061806
76550,-0.03685283288359642
15269,-0.043012816458940506
47320,-0.03282786160707474
51950,-0.044373609125614166
9128,-0.06662773340940475
34285,-0.038245320320129395
93842,-0.05009307712316513
8487,-0.04283054918050766
98151,-0.05229519307613373
5934,-0.045609671622514725
68794,-0.05977571755647659
11126,-0.03492911532521248
77657,-0.05402342602610588
470,-0.04224596172571182
29040,-0.04164673388004303
92265,-0.05698123946785927
29171,-0.03409462794661522
53105,-0.043121516704559326
22797,-0.028851717710494995
100238,-0.06951162964105606
76873,-0.05802872031927109
51495,-0.04532990977168083
60063,-0.04596518725156784
97666,-0.040995433926582336
71208,-0.05778155103325844
25864,-0.04299260303378105
37431,-0.046043287962675095
52917,-0.04963047429919243
97589,-0.038596924394369125
33482,-0.039162445813417435
20425,-0.05789698660373688
66723,-0.05181062966585159
38765,-2.809968948364258
34844,-0.05484337359666824
23794,-0.06548549979925156
71459,-0.042731981724500656
104091,-0.04215487837791443
891,-0.04633844271302223
72288,-0.04653577134013176
42364,-0.05341189354658127
30967,-0.06539003551006317
16582,-0.04733845964074135
42961,-0.050307124853134155
22874,-0.07537677139043808
64063,-0.0496993288397789
89992,-0.03696289658546448
37817,-0.06415025144815445
21008,-0.037066057324409485
65846,-0.05736605450510979
30491,-0.04101007804274559
10225,-0.052140071988105774
946,-0.050399623811244965
57835,-0.051656000316143036
68530,-0.050741881132125854
89954,-0.06347988545894623
55861,-0.05860775709152222
26313,-0.041720371693372726
79078,-0.03690717741847038
45288,-0.04504095017910004
41449,-0.047058042138814926
105992,-0.05099079757928848
22657,-0.041326168924570084
59879,-0.0489717535674572
61469,-0.03917413949966431
34052,-0.039619605988264084
75633,-0.05562791973352432
99091,-0.03935500606894493
25249,-0.03982284665107727
89585,-0.048022571951150894
25639,-0.05687515810132027
47314,-0.05256057530641556
27762,-0.033678967505693436
52628,-0.03488168865442276
84293,-0.11760277301073074
68901,-0.04418189823627472
90319,-0.049572959542274475
55559,-0.06361311674118042
16705,-0.0474073588848114
79054,-0.04734937474131584
8171,-0.06615319103002548
59206,-0.048032116144895554
52753,-0.049183543771505356
99521,-0.04662315919995308
59828,-0.053908221423625946
66975,-0.04085960611701012
33055,-0.05507005751132965
11361,-0.04769188165664673
10272,-0.04822888225317001
15838,-0.03939729556441307
52127,-0.0380793996155262
17172,-0.04717733711004257
61054,-0.050446778535842896
92688,-0.05301345884799957
25633,-0.040792543441057205
13746,-0.020597022026777267
49271,-0.05176524072885513
74219,-0.04733686521649361
95641,-0.05138562247157097
31442,-0.04891159012913704
61505,-0.05228105187416077
4848,-0.053938716650009155
35411,-0.0669553354382515
41728,-0.048687707632780075
11289,-0.06114059314131737
54303,-0.03346121311187744
87207,-0.03797025978565216
50770,-0.01294118445366621
19455,-0.053181443363428116
79660,-0.055534325540065765
45640,-0.03487028926610947
19680,-0.05501184239983559
80064,-0.047095004469156265
45921,-0.05847194045782089
102330,-0.023790262639522552
104779,-0.04198857396841049
41647,-0.04139434173703194
62255,-0.057851873338222504
69850,-0.045623451471328735
59083,-0.03763795271515846
29617,-0.04600970074534416
68036,-0.052526190876960754
34081,-0.03521548584103584
7571,-0.04769904166460037
27687,-0.05407967045903206
9248,-0.04639682546257973
70304,-0.0445486381649971
68494,-0.033955324441194534
34488,-0.048535317182540894
91948,-0.04617135599255562
83596,-0.07684307545423508
6539,-0.04190043732523918
50333,-0.04719416797161102
103218,-0.023741137236356735
10795,-0.06799064576625824
64519,-0.0419706255197525
55023,-0.042609069496393204
79698,-0.04382266849279404
12137,-0.039513614028692245
26981,-0.04002203792333603
16418,-0.05323581025004387
19562,-0.044515460729599
54980,-0.04474825784564018
8983,-0.019612206146121025
44060,-0.04717176407575607
40837,-0.04337986931204796
50598,-0.05846080929040909
96359,-0.03144640102982521
106537,-0.2517039477825165
25890,-0.06267908215522766
82625,-0.045663654804229736
6701,-0.05686186999082565
8350,-0.048920899629592896
82763,-0.04930678755044937
101464,-0.08856704086065292
21356,-0.04268195107579231
39215,-0.04620390757918358
67377,-0.055765025317668915
28181,-0.03938526287674904
41563,-0.04753797873854637
26345,-0.035521335899829865
16648,-2.7859854698181152
31584,-0.06212928518652916
1960,-0.05268837511539459
9044,-0.06314710527658463
91655,-0.062100380659103394
46682,-0.023641366511583328
50998,-0.03356104716658592
67563,-0.04257993772625923
21973,-0.04737609252333641
66386,-0.04378969222307205
67164,-0.04186636954545975
48558,-0.05196071043610573
12620,-0.0540475957095623
64680,-0.057743970304727554
63616,-0.047405652701854706
107035,-0.1781252771615982
59071,-0.037255920469760895
102880,-0.07071857899427414
35126,-0.06584563106298447
41487,-0.03586527332663536
31091,-0.05779359117150307
59940,-0.043769724667072296
46433,-0.037596967071294785
31705,-0.03408276289701462
80481,-0.047309692949056625
12116,-0.0500476099550724
35783,-0.03922927379608154
2593,-0.05036267265677452
47474,-0.02954268641769886
52930,-0.0542866550385952
44350,-0.0668119564652443
77265,-0.03541744127869606
55073,-0.06764053553342819
41302,-0.07453842461109161
94253,-0.043316058814525604
21658,-0.04980175197124481
38103,-0.03819173946976662
73971,-0.050346121191978455
39871,-0.037331145256757736
78320,-0.061518993228673935
11438,-0.04262951761484146
59470,-0.0581301786005497
55759,-0.07636971771717072
104592,-0.06727392226457596
96295,-4.510607719421387
56214,-0.05115719512104988
89317,-0.05369539558887482
99372,-0.046846937388181686
47947,-0.049270473420619965
92170,-0.06446916610002518
1522,-0.06359700858592987
49519,-0.049304064363241196
83847,-0.05522393807768822
25956,-0.045624248683452606
54284,-0.04160831496119499
75756,-0.04757139831781387
46005,-0.056706443428993225
95327,-0.0558544285595417
67211,-0.0471130833029747
57848,-0.05640362575650215
62669,-0.022612348198890686
103424,-0.05076499655842781
6568,-0.06456439197063446
20985,-0.048917949199676514
2606,-0.04491809383034706
51468,-0.06071729212999344
58979,-0.04980549216270447
44348,-0.05087818577885628
97129,-0.044085629284381866
106323,-0.037359967827796936
83866,-0.028075776994228363
59690,-0.06078123673796654
77224,-0.04683328792452812
55814,-0.05312255024909973
423,-0.036343369632959366
51386,-0.03625381365418434
54584,-0.04010071977972984
20650,-0.050428640097379684
67619,-0.04908423870801926
80649,-0.07513385266065598
98240,-0.05130646750330925
51543,-0.04418463632464409
3995,-0.048199575394392014
68167,-0.03864360600709915
6440,-0.05362274870276451
42990,-0.04547857120633125
27893,-0.04072811082005501
292,-0.07109659165143967
60869,-0.04119713604450226
83757,-0.0494229756295681
71190,-0.0425000824034214
43134,-0.05167094245553017
26387,-0.052292365580797195
41140,-0.05242551863193512
41330,-0.03189278393983841
59444,-0.04948617145419121
30220,-0.04336240515112877
57850,-0.05134531110525131
68720,-0.05035031586885452
83784,-0.04044194146990776
75058,-0.04036351665854454
9990,-0.04114336892962456
70601,-0.0400058887898922
496,-0.03535081818699837
4219,-0.03355897217988968
20921,-0.04769426956772804
63436,-0.029953937977552414
102995,-0.03433481976389885
46697,-0.03284874185919762
105445,-0.054880499839782715
17416,-0.07419081777334213
100999,-0.045608531683683395
89296,-0.045464444905519485
74224,-0.05276516079902649
88876,-0.05344884842634201
76981,-0.05418108031153679
16408,-0.047740183770656586
54241,-0.048419706523418427
12554,-0.04642413929104805
90727,-0.04264802485704422
28056,-0.06610175222158432
5562,-0.3399542272090912
80195,-0.046469658613204956
87069,-0.03667173907160759
43216,-0.05549778789281845
79579,-0.05837815999984741
9937,-0.04636825993657112
42856,-0.03901845961809158
56247,-0.05006178468465805
89203,-0.04139593988656998
75302,-0.04624909907579422
9324,-0.04952032119035721
88477,-0.03354525566101074
65720,-0.05606375262141228
83822,-0.05102818086743355
106308,-0.05295512080192566
88320,-0.05611154064536095
3472,-0.039056405425071716
43027,-0.04565682262182236
77392,-0.059054989367723465
41026,-0.0476667620241642
34970,-0.06034891679883003
85811,-0.06934325397014618
51037,-0.07039742916822433
39911,-0.05378927290439606
54621,-0.05021348595619202
63702,-0.0461859256029129
88917,-0.029490139335393906
15936,-0.020689038559794426
68562,-0.05539470911026001
82320,-0.04840732738375664
95565,-0.0339488722383976
98754,-0.05993493273854256
61204,-0.20482094585895538
94434,-0.07965192198753357
62405,-0.0459446907043457
65452,-0.047720637172460556
35549,-0.05271235108375549
105446,-0.04430575668811798
29245,-0.05015815794467926
40566,-0.02807229943573475
77668,-0.06323148310184479
65167,-0.05295297130942345
25913,-0.059531450271606445
67005,-0.052006203681230545
65537,-0.061012525111436844
76894,-0.05232562497258186
79304,-0.04107426851987839
47879,-0.036815717816352844
71762,-0.048078130930662155
94313,-0.05155263468623161
23432,-0.0724334791302681
96020,-0.0488666370511055
95380,-0.01703827828168869
76613,-0.051027387380599976
90665,-0.05291905254125595
77768,-0.03231934458017349
83357,-0.049737099558115005
70714,-0.034954555332660675
89872,-0.04448672756552696
41797,-0.05960085988044739
13868,-0.0470757819712162
106550,-0.059365201741456985
39844,-0.04996846243739128
42075,-0.034904595464468
62095,-0.051415856927633286
70425,-0.053533148020505905
78138,-0.04206904396414757
25349,-0.09379205852746964
86030,-0.04957715794444084
11281,-0.0353846475481987
92556,-0.03510994836688042
32183,-0.07714319229125977
95511,-0.03631359338760376
14000,-0.05016983672976494
8192,-0.042977530509233475
46625,-0.06483905017375946
80759,-0.02826063334941864
53529,-0.05672987177968025
39661,-0.059799857437610626
18735,-0.06031917408108711
43096,-0.03851846978068352
35406,-0.042944639921188354
19563,-0.029340585693717003
44955,-0.04105115681886673
51195,-0.05955728515982628
104716,-0.15274980664253235
78032,-0.04801972955465317
54763,-0.10605812072753906
54472,-0.04869293048977852
63165,-0.05975067615509033
59237,-0.05272151157259941
80008,-0.038770560175180435
41274,-0.037031132727861404
69397,-0.04832816123962402
58538,-0.05680995061993599
12556,-0.03990543633699417
22194,-0.04837166517972946
13877,-0.033081620931625366
28486,-0.06280257552862167
40470,-0.0542583130300045
3803,-0.041540730744600296
27605,-0.040649935603141785
12596,-0.04610498994588852
51958,-0.0346871092915535
100371,-0.07779210805892944
35292,-0.05879391357302666
106651,-0.041402917355298996
67973,-0.040807195007801056
24261,-0.0429726205766201
42465,-0.06196167692542076
13861,-0.05517136678099632
15827,-0.05741152912378311
96979,-0.05365664139389992
21464,-0.05102081596851349
33217,-0.04971747845411301
31921,-0.04731287807226181
87306,-0.049229394644498825
82440,-0.05660427361726761
100467,-0.05143454298377037
101153,-0.05341528356075287
59418,-0.045965526252985
34456,-0.02989933080971241
78306,-0.05196455866098404
60321,-0.043960489332675934
106857,-0.04071575030684471
35073,-0.05115753412246704
61217,-0.05514587089419365
40071,-0.04340669512748718
82248,-0.04427165910601616
74965,-0.05198108032345772
71583,-0.043068766593933105
83997,-0.046858880668878555
80322,-0.04600287228822708
1386,-0.05291181802749634
30888,-0.038605641573667526
46174,-0.0398748517036438
68484,-0.04023081064224243
17329,-0.05667749419808388
93726,-0.027342848479747772
14464,-0.042919062077999115
67944,-0.032757606357336044
95240,-0.02857985347509384
43653,-0.09435910731554031
74712,-0.023253250867128372
89456,-0.05297219380736351
8122,-0.03260957822203636
80123,-0.04632125794887543
100955,-0.041261427104473114
19190,-0.05611672252416611
17483,-0.04087276756763458
21509,-0.039874739944934845
67611,-0.0453670471906662
91018,-0.0416535958647728
11502,-0.14084376394748688
41634,-0.04912668466567993
58647,-0.02260582149028778
397,-0.04742065817117691
94236,-0.036206331104040146
34471,-0.04530062898993492
95449,-0.04461989551782608
45263,-0.04715186357498169
1312,-0.04495376721024513
1701,-0.04707305505871773
10211,-0.05114099755883217
19877,-0.082709401845932
10820,-0.046707578003406525
48605,-0.046421751379966736
105197,-0.030781136825680733
101055,-0.062380533665418625
72026,-0.049169812351465225
40241,-0.04609747603535652
21775,-0.031021201983094215
2675,-0.034886520355939865
44002,-0.06133143603801727
42988,-0.046250008046627045
1719,-0.048055972903966904
44005,-0.034108567982912064
293,-0.04922701045870781
67526,-0.05095884948968887
20436,-0.052924253046512604
47583,-0.04624602571129799
54329,-0.04751979187130928
44312,-0.04046815633773804
46747,-0.057697273790836334
42297,-0.03900275006890297
36740,-0.03782598674297333
15115,-0.06404313445091248
54215,-0.03759489953517914
50632,-0.04451751336455345
67796,-0.05626942589879036
24974,-0.0474722720682621
17987,-0.0485263466835022
57932,-0.037391435354948044
58445,-0.06056179106235504
71758,-0.05349133908748627
27568,-0.05038874223828316
77343,-0.04988216236233711
74960,-0.044607583433389664
71199,-0.04855280742049217
63696,-0.04798814281821251
7032,-0.056531500071287155
23824,-0.053089313209056854
30498,-0.0429765023291111
71626,-0.047203149646520615
45937,-0.05954683944582939
58185,-0.043999962508678436
63250,-0.048207979649305344
93821,-0.046348344534635544
75253,-0.040825504809617996
105476,-0.04963081702589989
94786,-0.05949224904179573
64336,-0.043861690908670425
71947,-0.07054951786994934
92182,-0.09132686257362366
20086,-0.2521594762802124
76618,-0.03884933888912201
14910,-0.05764562264084816
37519,-0.0433834083378315
18587,-0.04065302759408951
72152,-0.05674519017338753
104014,-0.04063597321510315
40614,-0.06805724650621414
88400,-0.06119397282600403
31994,-0.06079593300819397
87528,-0.03624162822961807
63934,-0.03926847502589226
49409,-0.05336861312389374
774,-0.013252390548586845
32495,-0.03564926236867905
88382,-0.03812449797987938
15155,-0.05361461266875267
93745,-0.04634504392743111
27703,-0.049253564327955246
75787,-0.044398240745067596
90254,-0.05649319663643837
13614,-0.059982310980558395
28304,-0.051512669771909714
41678,-0.048694632947444916
98764,-0.04689846560359001
82284,-0.03156156837940216
31660,-0.03623105213046074
67449,-0.04162020608782768
32695,-0.03795132413506508
73704,-0.0999130979180336
13185,-0.05123557150363922
41481,-0.05484901741147041
71990,-0.06450504809617996
64342,-0.04588901624083519
52716,-0.05898295342922211
23590,-0.04124438390135765
19738,-0.04849841073155403
81722,-0.04746340587735176
43441,-0.047958485782146454
56076,-0.05746195465326309
36062,-0.05174565687775612
93470,-0.0509527325630188
57631,-0.031111110001802444
104065,-0.04505200311541557
542,-0.044017188251018524
22750,-0.05198322981595993
65825,-0.03802339732646942
63929,-0.04661644622683525
71150,-0.04179205745458603
82911,-0.05549609661102295
65991,-0.046287909150123596
17471,-0.04533321037888527
96142,-0.04326799884438515
20569,-0.02890719287097454
38497,-0.031186334788799286
2685,-0.04271633177995682
38408,-0.027829207479953766
100635,-0.04676833003759384
29619,-0.048521462827920914
63490,-0.05544061213731766
83339,-0.06736297160387039
36539,-0.056588053703308105
79339,-0.022318612784147263
72290,-0.046942371875047684
3220,-0.0400228388607502
81270,-0.04365481436252594
35843,-0.043299391865730286
44327,-0.05559025704860687
30665,-0.031186450272798538
1548,-0.037651386111974716
75171,-0.040854573249816895
99712,-0.008140834979712963
33884,-0.04666730388998985
65379,-0.04932323843240738
62016,-0.03528568521142006
35402,-0.05827267840504646
42879,-0.03897431865334511
74818,-0.046309761703014374
12495,-0.05105151608586311
20003,-0.04246934875845909
22125,-2.1277899742126465
70889,-0.03974654898047447
2024,-0.03426536172628403
95385,-0.06109641119837761
80643,-0.046346183866262436
86163,-0.04734186828136444
67694,-0.04683874547481537
26798,-0.04503103345632553
81103,-0.041409093886613846
19085,-0.03949000686407089
4898,-0.026788823306560516
6355,-0.047156527638435364
14518,-0.04952145740389824
14647,-0.042839571833610535
42001,-0.0534636527299881
77785,-0.042871780693531036
35657,-0.05109354108572006
56488,-0.045848820358514786
21443,-0.03978538513183594
84978,-0.027772745117545128
89651,-0.04881691187620163
79791,-0.047731321305036545
97990,-0.045248448848724365
71970,-0.060277312994003296
92259,-0.08300194144248962
63637,-0.05694959685206413
85746,-0.04706782102584839
72226,-0.0773417055606842
8706,-0.07559796422719955
53923,-0.07599104195833206
21760,-0.03039081022143364
52327,-0.247020423412323
13615,-0.062120433896780014
3156,-0.04047880321741104
17888,-0.06250495463609695
27794,-0.04798518866300583
17951,-0.02759985625743866
106260,-0.025815781205892563
86128,-0.06110459938645363
78519,-0.04659881070256233
103081,-0.35229814052581787
8118,-0.026325760409235954
83982,-0.03299511969089508
29893,-0.0579754002392292
49405,-0.05891720950603485
52266,-0.05083116888999939
36470,-0.03267142176628113
1846,-0.0412958599627018
3349,-0.0285001453012228
93690,-0.03812197223305702
50314,-0.051280420273542404
186,-0.05840064957737923
65432,-0.045612405985593796
37728,-0.04918978735804558
19567,-0.041945479810237885
30657,-0.05038012936711311
82531,-0.053569190204143524
22826,-0.3985236883163452
22919,-0.0405062772333622
87442,-0.04119839519262314
104588,-0.054479826241731644
64949,-0.04260484501719475
63321,-0.048350878059864044
44202,-0.045126188546419144
85518,-0.037077199667692184
70363,-0.05393713712692261
38760,-0.05071819946169853
99477,-0.051473040133714676
41258,-0.049741752445697784
88460,-0.06023050844669342
49151,-0.04866613447666168
96318,-0.03835190460085869
15268,-0.03309384360909462
39971,-0.049549590796232224
68688,-0.09037208557128906
106285,-0.042617179453372955
3186,-0.12920771539211273
39622,-0.03952346742153168
77353,-0.05339663848280907
88812,-0.04014904797077179
6527,-0.05655211582779884
59187,-0.07207327336072922
61590,-0.06408227235078812
56408,-0.06297888606786728
94523,-0.06412263214588165
35641,-0.030672241002321243
74177,-0.056638069450855255
103345,-0.06733644753694534
43538,-0.03525645658373833
28070,-0.06569673120975494
18799,-0.04897833988070488
49071,-3.631493330001831
95746,-0.043211713433265686
32734,-0.04239153861999512
94400,-0.049813657999038696
85387,-0.05582635849714279
73483,-0.0374760627746582
14503,-0.0567539744079113
49355,-0.05270737409591675
104699,-0.05829280987381935
34977,-0.03143427148461342
105745,-2.348059892654419
46195,-0.06773088872432709
21807,-0.03868328779935837
38567,-0.05047454684972763
22107,-0.044023916125297546
29812,-0.04347255453467369
11423,-0.05059229955077171
17429,-0.0378996767103672
33210,-0.04761436581611633
24307,-0.039025451987981796
25930,-0.05184730142354965
83021,-0.03695232793688774
102384,-0.05578971654176712
16069,-0.03590621426701546
89177,-0.06690093129873276
14322,-0.03183770179748535
47929,-0.03319936618208885
95274,-0.033304180949926376
91895,-0.05688563361763954
30333,-0.055155009031295776
63018,-0.04262517765164375
13130,-0.05659909173846245
48136,-0.044515460729599
65112,-0.04946098476648331
96303,-0.04601755738258362
32221,-0.045823656022548676
9939,-0.04623464122414589
58276,-0.04590871185064316
95046,-0.059620629996061325
95608,-0.03462032228708267
5449,-0.05454947426915169
60819,-0.05150463059544563
106929,-0.04583253711462021
70887,-0.05124395340681076
107168,-0.035673074424266815
1665,-0.051434315741062164
62485,-0.04866136610507965
26165,-0.03664611279964447
54830,-0.05655774846673012
98131,-0.0655883327126503
11417,-0.06548561155796051
54957,-0.03872743993997574
16542,-0.17464081943035126
46696,-0.05635720491409302
23398,-0.02624714933335781
82966,-0.05607389658689499
98212,-0.05234960839152336
47665,-0.0524660125374794
71236,-0.05933711677789688
23789,-0.06274569779634476
52331,-0.03129483014345169
42,-0.04550420120358467
44162,-0.037995968014001846
89991,-0.044190794229507446
86732,-0.03931936249136925
97084,-0.04904031381011009
96648,-0.030488405376672745
43358,-0.04263922944664955
33225,-0.0517987459897995
100947,-0.07650787383317947
30048,-0.044424355030059814
13538,-0.029377281665802002
61920,-0.07697686553001404
90739,-0.042248476296663284
33099,-0.0356607660651207
5687,-0.04584620147943497
37971,-0.03898899257183075
104107,-0.05182794854044914
15261,-0.07422258704900742
79583,-0.030212359502911568
12417,-0.04004666209220886
42928,-0.05529748275876045
81291,-0.02596203051507473
44398,-0.05764427408576012
64245,-0.02550462633371353
62296,-0.044901225715875626
89490,-0.03368542343378067
27804,-0.04917821288108826
86896,-0.04419170692563057
31142,-0.041947536170482635
100499,-0.02951872907578945
41462,-0.04068908095359802
11490,-0.044391512870788574
41182,-0.038458824157714844
88788,-0.045214153826236725
85936,-0.04296930879354477
25717,-0.05744889751076698
39604,-0.05121348798274994
2113,-0.05340104550123215
19841,-0.04897448047995567
85276,-0.03597268462181091
38085,-0.05003751814365387
33856,-0.0514216311275959
16285,-0.23055581748485565
102958,-0.044991832226514816
32690,-0.0340866781771183
65286,-0.03197822347283363
87828,-0.05401258543133736
72944,-0.05295885354280472
47478,-0.04429937154054642
94238,-0.045364998281002045
25276,-0.04122402146458626
51125,-0.04270513728260994
59341,-0.07156757265329361
37015,-0.027575040236115456
48326,-0.04441238194704056
55339,-0.03371504321694374
54809,-0.018644439056515694
95448,-0.04523215442895889
92455,-0.0378158874809742
41479,-0.036636460572481155
50990,-0.04411962255835533
97606,-0.05849049240350723
64386,-0.04098730906844139
59016,-0.21252071857452393
34793,-0.043659038841724396
35103,-0.049514420330524445
62419,-0.04085502773523331
44749,-0.03775458782911301
51217,-0.042830321937799454
76088,-0.04768574610352516
50731,-0.04717983677983284
21634,-0.05070482939481735
99187,-0.041615746915340424
74983,-0.04036809504032135
74636,-0.4512234032154083
70918,-0.04072559252381325
48025,-0.04575248435139656
1202,-0.05124553665518761
29773,-0.03367551043629646
104392,-0.054167188704013824
36134,-0.03248276188969612
56611,-0.059226568788290024
98347,-0.0401262566447258
76408,-0.026809249073266983
43641,-0.0367104671895504
75570,-0.10731077194213867
7090,-0.048684414476156235
82189,-0.05526082217693329
48190,-0.05361167713999748
4985,-0.039284177124500275
1702,-0.043339803814888
97091,-0.04786110296845436
67132,-0.0637836903333664
52003,-0.04355062171816826
60130,-0.06413884460926056
52734,-0.04247723147273064
54975,-0.04266504570841789
79908,-0.06116504222154617
75883,-0.04119141772389412
7708,-0.04398775473237038
20788,-0.12275202572345734
29713,-0.04915948584675789
2168,-0.06046304479241371
19624,-0.042484428733587265
15339,-0.05979132279753685
63973,-0.035346098244190216
104124,-0.07106839120388031
82919,-0.055629048496484756
57759,-0.03445402905344963
30517,-0.058042217046022415
67562,-0.034941665828228
60871,-0.06664635241031647
73670,-0.06086188927292824
12046,-0.04654737934470177
29703,-0.04637167602777481
57997,-0.11885598301887512
104071,-0.060070887207984924
23798,-0.03877904638648033
63304,-0.035864926874637604
29328,-0.031560298055410385
54042,-0.04437463730573654
43085,-0.05048021301627159
41458,-0.03945757821202278
65632,-0.051789235323667526
61938,-0.026400184258818626
43481,-0.05299977958202362
23810,-0.053047940135002136
74207,-0.022263353690505028
40078,-0.06414935737848282
67888,-0.03419359028339386
54635,-0.06544508785009384
37281,-0.0695386528968811
92696,-0.06783782690763474
40103,-0.05854063853621483
12388,-0.04884234070777893
65827,-0.082860067486763
13632,-0.02763986401259899
55474,-0.050129134207963943
5448,-0.038465820252895355
39340,-0.039911966770887375
1321,-0.037234559655189514
53096,-0.04141286760568619
93846,-0.037497419863939285
84889,-0.04991878941655159
53938,-0.05596873164176941
104973,-0.017791559919714928
74968,-0.08312942087650299
26581,-0.05331244319677353
84369,-0.04787576198577881
51684,-0.02115098387002945
24583,-0.04623589292168617
93592,-0.039944954216480255
80678,-0.05221961438655853
34799,-0.04491889104247093
50595,-0.05654772371053696
107043,-0.6303035020828247
81783,-0.03931397572159767
8163,-0.06288295239210129
65011,-0.021544935181736946
88170,-0.04599364846944809
18337,-0.035455524921417236
72949,-0.06408987194299698
70736,-0.05185635760426521
96312,-0.14112268388271332
83629,-0.0755128562450409
85060,-0.04559691622853279
65661,-0.06108878552913666
66651,-0.06232867389917374
74786,-0.04409201815724373
57298,-0.058695778250694275
42230,-0.05557751655578613
20537,-0.04628552123904228
97674,-0.02601371891796589
65960,-0.05228150263428688
55108,-0.07350467145442963
49101,-0.03604478761553764
19384,-0.0479639396071434
29553,-0.03730094060301781
40469,-0.047161757946014404
63625,-0.036151375621557236
32081,-0.056721534579992294
37229,-0.07229087501764297
92189,-0.054302461445331573
14893,-0.06062877178192139
44609,-0.07258647680282593
63754,-0.053864169865846634
56244,-0.053458791226148605
13791,-0.05188318341970444
97514,-0.035534221678972244
62715,-0.04306488484144211
80723,-0.03977140784263611
31649,-0.05198492854833603
35868,-0.05230730026960373
26020,-0.028000548481941223
94291,-0.03982032462954521
63036,-0.04412772133946419
71036,-0.052360355854034424
49693,-0.05147315189242363
7862,-0.040003370493650436
106251,-0.05159996077418327
6411,-0.07243037223815918
2227,-0.05559837818145752
12739,-0.04164765030145645
13897,-0.03862766548991203
51843,-0.046728286892175674
68337,-0.0483308881521225
62399,-0.04357036575675011
83642,-0.07683336734771729
62576,-0.05308908969163895
76355,-0.03451702743768692
88532,-0.02711327001452446
870,-0.040735550224781036
26067,-0.06695043295621872
45412,-0.02815447561442852
93632,-0.0435502789914608
34710,-0.05150870606303215
49010,-0.05674361065030098
20800,-1.677738070487976
91234,-0.0556500218808651
106720,-0.0673043504357338
39399,-0.06429502367973328
30906,-0.03175005316734314
55880,-0.05244848132133484
86772,-0.03974230960011482
50257,-0.053637098520994186
89524,-0.03348853811621666
53238,-0.02591138705611229
8234,-0.03969453647732735
106696,-0.046799615025520325
29446,-0.03884074091911316
23987,-0.04675706848502159
64819,-0.05624778941273689
35094,-0.04463072493672371
45865,-0.04969467967748642
8562,-0.027590464800596237
75593,-0.05809114873409271
8341,-0.030057014897465706
59981,-0.03771188482642174
87038,-0.05289892852306366
60298,-0.052866704761981964
660,-0.033960625529289246
6334,-0.0510982982814312
40173,-0.043753065168857574
60604,-0.03968995437026024
77550,-0.0736970379948616
34391,-0.014948494732379913
65498,-0.048184920102357864
12883,-0.11332038789987564
28396,-0.04270182549953461
20072,-0.060700125992298126
29955,-0.035830769687891006
93410,-0.05671455338597298
19195,-0.028279175981879234
86600,-0.045648735016584396
11096,-0.032279063016176224
100641,-0.04826296120882034
2876,-0.03400740772485733
98508,-4.338018417358398
8183,-0.0618143230676651
61746,-0.049036454409360886
65016,-0.036723680794239044
98667,-0.130165696144104
26907,-0.04135247692465782
118,-0.05192472040653229
17226,-0.0644000917673111
101387,-0.03902269899845123
2477,-0.032946906983852386
42711,-0.048299308866262436
45007,-0.0471448116004467
16318,-1.1364073753356934
86150,-0.048122208565473557
8105,-0.06305700540542603
29329,-0.06419049948453903
24199,-0.06145856902003288
28490,-0.03460466489195824
15922,-0.04677344858646393
59384,-0.06385113298892975
11373,-0.03237970545887947
101542,-0.044493455439805984
106469,-0.050304971635341644
90450,-0.023944256827235222
57117,-0.03591829165816307
46768,-0.04631875455379486
101203,-0.06757257133722305
73606,-0.04838438332080841
107050,-0.05278709903359413
92108,-0.06176019459962845
20429,-0.04571490362286568
91152,-0.051947467029094696
78479,-0.05761006101965904
104962,-0.05341155454516411
65927,-0.04755127802491188
29567,-0.055140458047389984
3521,-0.03452888876199722
77782,-0.029218565672636032
74900,-0.038009509444236755
20583,-0.0379391573369503
51369,-0.14560309052467346
33036,-0.04991164803504944
1020,-0.0641065314412117
81918,-0.04083271324634552
71786,-0.054334528744220734
29021,-0.03845170885324478
42473,-0.037442419677972794
76563,-0.04696091264486313
76009,-0.04133337736129761
75090,-0.038570888340473175
91847,-0.11212373524904251
78056,-0.04473571851849556
22275,-0.056096550077199936
64351,-0.04326331615447998
101193,-0.0535244457423687
49286,-0.055668286979198456
89043,-0.04153638333082199
41575,-0.05030417814850807
105212,-0.07087428867816925
796,-0.04622359946370125
89918,-0.030610734596848488
26836,-0.02520674280822277
15916,-0.05252992361783981
66393,-0.0502004474401474
74777,-0.049526672810316086
215,-0.03922812640666962
70103,-0.06712590157985687
106169,-0.02464199624955654
81879,-0.05649218335747719
25104,-0.06437774002552032
37041,-0.04971464350819588
91290,-0.038556553423404694
7967,-0.04951385408639908
61699,-0.0478864461183548
11430,-0.12237522751092911
99907,-0.04978836700320244
15587,-0.04252167418599129
17770,-0.042040809988975525
51183,-0.03387097269296646
10924,-0.033808398991823196
5241,-0.04332907125353813
79879,-0.04970931261777878
57849,-0.050139110535383224
10135,-0.03792722150683403
28930,-0.03823155164718628
84980,-0.04095607250928879
35035,-0.073550745844841
1544,-0.07183288037776947
57299,-0.04419421777129173
53790,-0.05116863548755646
27413,-0.06588324159383774
38165,-0.05376747250556946
48208,-0.07101120799779892
56627,-0.03876505419611931
65033,-0.045099180191755295
62849,-0.047513991594314575
53653,-0.04557208716869354
49325,-0.05042920634150505
72723,-0.056684479117393494
90690,-0.052787888795137405
106400,-0.05196048319339752
33103,-0.048726312816143036
25088,-0.01244587916880846
101515,-0.08193802833557129
97145,-0.04393972456455231
55520,-0.050593774765729904
77374,-0.05642210319638252
30393,-0.5686203241348267
51247,-0.05558766424655914
102444,-0.0453401617705822
73823,-0.17009054124355316
77961,-0.031592290848493576
92334,-0.04297284781932831
20875,-0.03856974095106125
8968,-0.049268316477537155
46253,-0.04740053415298462
65138,-0.3080753982067108
103803,-0.05871893838047981
48240,-0.04832259565591812
37216,-0.03995262831449509
37070,-0.1577608585357666
100791,-0.05357348546385765
65296,-0.0498637892305851
55217,-0.0474129281938076
61439,-0.03881436586380005
28910,-0.0579657256603241
68977,-0.042457807809114456
73799,-0.05861090496182442
87205,-0.04547777399420738
24133,-0.03664553910493851
5545,-0.07163549214601517
54239,-0.01915399357676506
58376,-0.05124882236123085
102502,-0.05872287228703499
4217,-0.08135509490966797
24943,-0.036423373967409134
76677,-0.04691404849290848
30672,-0.05072352662682533
103813,-0.05037321150302887
19301,-0.03415684029459953
66545,-0.029269158840179443
6418,-0.04169007018208504
105393,-0.028279060497879982
26256,-0.057364705950021744
73036,-0.047661192715168
90905,-0.03084656223654747
53703,-5.043732643127441
19896,-0.05170445144176483
38549,-0.04057919606566429
50747,-0.033541105687618256
7384,-0.045207429677248
38634,-0.05272422358393669
2243,-0.03767503425478935
34358,-0.0488775335252285
9905,-0.05049506202340126
2600,-0.06297608464956284
30934,-0.0526970811188221
11956,-0.031035877764225006
65971,-0.04535588249564171
41054,-0.03378073871135712
86656,-0.05841560661792755
96579,-0.0588797852396965
468,-0.029752615839242935
95086,-0.05528056249022484
36410,-0.04219110682606697
61026,-0.07080843299627304
49759,-0.05875637009739876
18786,-0.027001187205314636
81012,-0.05077814310789108
19445,-0.03243867680430412
50756,-0.04285681992769241
85673,-0.05157765746116638
66960,-0.051865752786397934
31365,-0.0631788894534111
37640,-0.034278493374586105
101325,-0.048810213804244995
104267,-0.05693338066339493
64787,-0.05785862356424332
54097,-0.04040999710559845
90089,-0.058534566313028336
79611,-0.05131348967552185
3872,-0.05073689669370651
90845,-0.0676422119140625
75838,-0.05811982974410057
16157,-0.0662432312965393
21349,-0.04249265789985657
34130,-0.056174878031015396
83045,-0.058191366493701935
83033,-0.04248374328017235
18190,-0.03965970501303673
98007,-0.05282283201813698
95308,-0.031150629743933678
7197,-0.041082046926021576
79403,-0.04486418142914772
7653,-0.04629838094115257
59611,-0.034744564443826675
93070,-0.04739587381482124
33837,-0.04591941460967064
86990,-0.18167348206043243
38486,-0.04473264142870903
49647,-0.02989678643643856
49217,-0.05134519562125206
89090,-0.05764303356409073
6634,-0.050004296004772186
106711,-0.058058977127075195
98643,-0.04204503819346428
64122,-0.7552219033241272
95757,-0.05077088996767998
52941,-0.06137729063630104
73928,-0.04089462384581566
96735,-0.020384810864925385
76375,-0.04938746243715286
26187,-0.06804633140563965
61250,-0.04450930282473564
101730,-0.04583367705345154
96681,-0.05105581879615784
81672,-0.058932606130838394
941,-0.04599285125732422
73571,-0.03545920550823212
102835,-0.05469801649451256
84015,-0.05437539890408516
15822,-0.04927648976445198
26528,-0.04620277136564255
34458,-0.05411817878484726
22406,-0.037344351410865784
77570,-0.06919287145137787
60677,-0.07367976754903793
16163,-0.07173435389995575
58610,-0.04277721047401428
87762,-0.04634982347488403
48705,-0.054703205823898315
78339,-0.08371033519506454
27015,-0.060852132737636566
63869,-0.04318248853087425
32867,-0.03571183606982231
18094,-0.04408334940671921
31953,-0.040002454072237015
3489,-0.06513038277626038
8990,-0.05303064361214638
89863,-0.03353395685553551
18547,-0.039070505648851395
75256,-0.04794462397694588
93963,-0.01855281926691532
71978,-0.0705939531326294
30679,-0.04463004320859909
102609,-0.035505685955286026
83019,-0.04797166585922241
48135,-0.0483986958861351
61409,-0.07979083061218262
58564,-0.03430475667119026
3946,-0.05079185217618942
106020,-0.04786849021911621
3723,-0.04764937236905098
22108,-0.02573387883603573
4674,-0.03415476903319359
4358,-0.0459502711892128
31186,-0.048982083797454834
136,-0.0339491032063961
46915,-0.03660876303911209
95526,-0.04233863577246666
12145,-0.06192077696323395
18631,-0.0639781728386879
95178,-0.0841943696141243
6569,-0.04538128897547722
74472,-0.04229487106204033
53618,-0.05008820444345474
82117,-0.04389899596571922
33139,-0.04884881526231766
101127,-0.061062879860401154
78109,-0.0449003130197525
71560,-0.04653053730726242
4873,-0.4590418040752411
38063,-0.03759926185011864
1060,-0.03492669761180878
45447,-0.023621108382940292
14151,-0.061578065156936646
79580,-0.053062181919813156
37219,-0.04041629657149315
84736,-0.03716277331113815
15780,-0.05632542818784714
82921,-0.060832276940345764
40348,-0.05331074818968773
74895,-0.04230835288763046
93609,-0.04614824801683426
60230,-0.06559637188911438
65745,-0.04218196123838425
16278,-0.046997763216495514
66171,-0.06267157942056656
76515,-0.0730084478855133
87170,-0.04526371508836746
104704,-0.04810119420289993
95572,-0.03998275101184845
41881,-0.09213908761739731
30757,-0.03948473557829857
83846,-0.058132316917181015
72285,-0.02868909388780594
29064,-0.05189506709575653
5381,-0.03365107253193855
83070,-0.058057405054569244
7175,-0.03501671552658081
49176,-0.021606534719467163
51188,-0.04001997783780098
60730,-3.8245465755462646
89396,-0.03766435757279396
50581,-0.04830317199230194
9406,-0.0550089068710804
16599,-0.10090720653533936
69783,-0.05549508333206177
27796,-0.036450501531362534
592,-0.04645577445626259
18133,-0.060266874730587006
105112,-0.06807372719049454
51799,-0.050847142934799194
75583,-0.03186299279332161
22160,-0.02710491605103016
28229,-0.062263261526823044
59965,-0.0431305393576622
25798,-0.03484530746936798
1799,-0.04802132025361061
37007,-0.04067477583885193
99962,-0.04837745428085327
106489,-0.04214927554130554
39063,-0.045560695230960846
46435,-0.04247631877660751
45589,-0.03718264400959015
6956,-0.05322066694498062
106021,-0.04763004928827286
92285,-0.05104165896773338
40437,-0.050478287041187286
7039,-0.0323689728975296
94842,-0.05548301339149475
105806,-0.030391735956072807
19957,-0.04383065551519394
91743,-0.03492117300629616
71819,-0.038733288645744324
71859,-0.0304221473634243
77846,-0.050681713968515396
75254,-0.05082686245441437
86699,-0.060746461153030396
41680,-0.05793039873242378
40684,-0.05400829389691353
102752,-0.03622748702764511
59996,-0.053828924894332886
75002,-0.029608771204948425
83944,-0.07649262994527817
71542,-0.053022049367427826
102795,-0.036648984998464584
13533,-0.04637327045202255
86443,-0.055317558348178864
72601,-0.05192030593752861
48252,-0.043412286788225174
59918,-0.026333656162023544
70105,-0.4328969120979309
36420,-0.0466107577085495
72545,-0.03991780802607536
66628,-0.049476075917482376
87076,-0.03493993729352951
56017,-0.048082560300827026
36830,-0.06221543252468109
61259,-0.04663931578397751
106785,-0.05387004092335701
102001,-0.05240696668624878
41694,-0.06321536749601364
59274,-0.16333867609500885
69342,-0.03997759893536568
52666,-0.042882971465587616
78739,-0.0531502440571785
103615,-0.06259050965309143
96522,-0.045534610748291016
33713,-0.18605937063694
94194,-0.03564557805657387
56624,-0.05543237552046776
14026,-0.05274028331041336
37800,-0.04639432206749916
101163,-0.0421149879693985
50282,-0.0421212762594223
24359,-0.04236948862671852
37213,-0.050101470202207565
27574,-0.045600902289152145
18777,-0.04516265168786049
32485,-0.03201528638601303
95455,-0.046643298119306564
56526,-0.04546114057302475
9732,-0.06279943883419037
63133,-0.04737677425146103
6017,-0.0648157000541687
56227,-0.049694452434778214
81330,-0.06278857588768005
14674,-0.05493612959980965
83842,-0.050296809524297714
59121,-0.03835408389568329
4795,-0.04003257304430008
8699,-0.13755826652050018
62846,-0.05520667880773544
3664,-0.044806964695453644
79101,-0.05142888054251671
97114,-0.0477517768740654
61736,-0.05312955752015114
71338,-0.0641648918390274
75649,-0.04478279873728752
47207,-0.04118569940328598
69617,-0.069588802754879
92019,-0.044029392302036285
33803,-0.05241171643137932
102709,-0.028597693890333176
60644,-0.048851992934942245
35921,-0.05780889466404915
53503,-0.03770327568054199
39017,-0.04805267974734306
21033,-0.06422749906778336
7356,-0.045642245560884476
63010,-0.048149023205041885
105483,-0.0911874771118164
48414,-0.03154493495821953
34491,-0.04928284138441086
98515,-0.034657519310712814
44473,-0.05201604962348938
16918,-0.05019443854689598
5705,-0.04867612570524216
50265,-0.043832022696733475
69220,-0.05129401013255119
54833,-0.1187327653169632
28549,-0.04744703322649002
106607,-0.04826546087861061
82444,-0.06389430165290833
61201,-0.04569782316684723
33681,-0.06887155771255493
10979,-0.03735089674592018
17203,-0.04736495018005371
75276,-0.04706941545009613
46716,-0.041031476110219955
27002,-0.03356381505727768
875,-0.07709617912769318
73244,-0.05365743488073349
42973,-0.03118598833680153
87462,-0.04469696059823036
79246,-0.055947091430425644
80060,-0.043186139315366745
83791,-0.05383807420730591
95066,-0.05000588297843933
65369,-0.0391608402132988
17234,-0.033395614475011826
33597,-0.039327844977378845
57641,-0.05252664163708687
79712,-0.04680393636226654
90671,-0.05028887465596199
68092,-0.04652974382042885
87841,-0.04312768578529358
26092,-0.04841504991054535
19324,-0.04599865898489952
64133,-0.0503619909286499
64722,-0.045653633773326874
67293,-0.042581308633089066
13110,-0.14711810648441315
15704,-0.11689678579568863
90272,-0.02461198903620243
16320,-0.03844769671559334
51605,-0.032108452171087265
57816,-0.05338974669575691
10303,-0.03890850394964218
81915,-0.04709966480731964
22954,-0.03482377901673317
20905,-0.039532750844955444
94219,-0.039386410266160965
59383,-0.04715072736144066
55882,-0.04512368142604828
105848,-0.040770914405584335
76012,-0.04771199822425842
28343,-0.07130208611488342
12621,-0.029635505750775337
20544,-0.051014360040426254
68058,-0.0569213330745697
45481,-0.06380393356084824
43866,-0.034652795642614365
43638,-0.03990085422992706
78798,-0.07252983003854752
51931,-0.05090401694178581
81788,-0.05660292133688927
39806,-0.053036972880363464
104308,-0.04399129003286362
23191,-0.053047601133584976
58799,-0.043607912957668304
74274,-0.04655807465314865
97712,-0.050290800631046295
62011,-0.06292223930358887
97060,-0.06628517806529999
6430,-0.04791189730167389
42197,-0.08760874718427658
33642,-0.05115889385342598
34385,-0.05931161716580391
56499,-0.029543612152338028
103727,-0.04082779213786125
22082,-0.04345063865184784
5577,-0.046685509383678436
18877,-0.044430285692214966
72302,-0.06053362414240837
48798,-0.031681571155786514
95670,-0.025045618414878845
12360,-0.06540611386299133
99919,-0.048323050141334534
57548,-0.03568284958600998
8498,-0.027665838599205017
55369,-0.07568296045064926
64135,-1.8217252492904663
96186,-0.06691966205835342
88968,-0.023706911131739616
16581,-0.04701664298772812
69477,-0.06751374155282974
60073,-0.04104669392108917
78470,-0.04792894423007965
73934,-0.046241357922554016
48728,-0.0463598407804966
12948,-0.04141470044851303
35801,-0.030065691098570824
11714,-0.03725477308034897
79286,-0.04085846245288849
61682,-0.0709024965763092
67216,-0.05223364755511284
28124,-0.10721246898174286
47487,-0.05210782214999199
89951,-0.03465360403060913
39746,-0.046556368470191956
51772,-0.0473366379737854
74373,-0.06345884501934052
91542,-0.07271485030651093
11693,-0.03603581711649895
58395,-0.1299852579832077
10213,-0.06451991200447083
87308,-0.04920295253396034
52212,-0.05790047347545624
21565,-0.03967597708106041
38272,-0.05513515695929527
45624,-0.048011664301157
63049,-0.046421751379966736
86283,-0.044065095484256744
61244,-0.040174469351768494
84701,-0.044922538101673126
94243,-0.05572240799665451
79039,-0.05185115337371826
54726,-0.048951663076877594
52867,-0.05781181901693344
7832,-0.03265399858355522
48004,-0.046104077249765396
52691,-0.06038808450102806
94319,-0.040980901569128036
14013,-0.06537071615457535
66372,-0.04991709068417549
22294,-0.14509736001491547
14732,-0.04999261349439621
105955,-0.04898367449641228
57702,-0.04926741123199463
89178,-0.043212514370679855
31050,-0.059852857142686844
40074,-0.0947638601064682
23085,-0.03977404534816742
8847,-0.03776675835251808
43142,-0.04728752002120018
24141,-0.04702119156718254
75344,-0.05484833940863609
44956,-0.04740917682647705
100259,-0.06350136548280716
15289,-0.042174648493528366
40766,-0.07689440995454788
75727,-0.04597907513380051
16710,-0.048935770988464355
3858,-0.07272139191627502
51761,-0.036507394164800644
57803,-0.030949315056204796
18436,-0.04908253625035286
21616,-0.0706975907087326
40997,-0.07204721122980118
72876,-0.05311226472258568
98668,-0.05097165331244469
17562,-0.038423605263233185
53942,-0.04734141379594803
7798,-0.027004320174455643
6728,-0.053475406020879745
68182,-0.05303199961781502
32206,-0.053016625344753265
2446,-0.03862559795379639
30812,-0.05172844976186752
29775,-0.04961005598306656
4146,-0.051172032952308655
10519,-0.05496862530708313
66933,-0.04081818088889122
94981,-0.019835215061903
95320,-0.0541696734726429
47430,-0.05312119424343109
35069,-0.048588693141937256
76488,-0.0539688766002655
33904,-0.03824440389871597
86619,-0.028890980407595634
91955,-0.046336736530065536
6389,-0.05002481862902641
12914,-0.032296374440193176
78123,-0.04810948669910431
59570,-0.059087127447128296
10892,-0.05906285345554352
31139,-0.05198945477604866
47002,-0.03882170468568802
15376,-0.03644578531384468
84669,-2.674612045288086
28204,-0.053602185100317
49096,-0.044477034360170364
95324,-0.028145436197519302
46589,-0.03700115159153938
16484,-0.06715064495801926
92516,-0.04982125759124756
88724,-0.0896858349442482
65849,-0.03546196594834328
51527,-0.03544424846768379
60854,-0.039162445813417435
11279,-0.05281231552362442
67908,-0.03245287388563156
82313,-0.06337348371744156
79035,-0.05179353803396225
91010,-0.06240203604102135
27611,-0.04918558895587921
7952,-0.01664852723479271
19379,-0.046685393899679184
66702,-0.046955451369285583
2296,-0.0551062747836113
28138,-0.050095006823539734
551,-0.05204445496201515
67795,-0.054543040692806244
39137,-0.04679574817419052
25040,-0.038209062069654465
47656,-0.06712612509727478
53154,-0.0590638667345047
73026,-0.04744726046919823
50163,-0.04882417619228363
17664,-0.036866046488285065
81237,-0.04525243490934372
43288,-0.0453324131667614
101830,-0.03868580982089043
68661,-0.050607938319444656
100832,-0.03950662165880203
4191,-0.05441096052527428
62424,-0.050574734807014465
40305,-0.06401786208152771
54860,-0.04475783556699753
92588,-0.04691632464528084
76669,-0.037577103823423386
46395,-0.03650946170091629
44253,-0.04501747339963913
22443,-0.04349949210882187
84100,-0.029278650879859924
42951,-0.03610009327530861
51210,-0.07610494643449783
18367,-0.05319659039378166
12437,-0.055136848241090775
57121,-0.03875920549035072
5477,-0.04753115773200989
81334,-0.04206664115190506
102259,-0.05426554009318352
56973,-0.05929015949368477
55634,-0.04855076223611832
50796,-0.047231461852788925
64854,-0.06683570146560669
17212,-0.05003661289811134
95586,-0.07143428176641464
96608,-0.04569679871201515
8178,-0.0780365839600563
69463,-0.03660186752676964
25843,-0.05204479396343231
89879,-0.04543779045343399
64458,-0.05276154354214668
1825,-0.051603808999061584
104937,-0.047425661236047745
76514,-0.05423098802566528
67638,-0.08094543218612671
32550,-0.047739047557115555
2594,-0.047989621758461
104050,-0.0470178946852684
15063,-0.042538583278656006
7750,-0.047580376267433167
78835,-1.242222785949707
62313,-0.05049222707748413
79534,-0.044300395995378494
10735,-0.052317481487989426
66647,-0.022534027695655823
80698,-0.03417884558439255
106237,-0.03850975260138512
14230,-0.05178074911236763
24699,-0.12120816856622696
20670,-0.09002907574176788
24398,-0.035610493272542953
28813,-0.05258805677294731
90926,-0.04472716897726059
21442,-0.05365664139389992
15503,-0.018214929848909378
104158,-0.2712996304035187
11944,-0.04456528648734093
54953,-0.06000925600528717
100285,-0.053826890885829926
92129,-0.04817197099328041
86569,-0.033981941640377045
51849,-0.06470217555761337
59984,-0.05871938541531563
84169,-0.049899399280548096
85915,-0.04857676848769188
26350,-0.0433596670627594
81869,-0.02938040718436241
101771,-0.050625164061784744
71107,-0.06571604311466217
8127,-0.055405423045158386
67433,-0.047274671494960785
103885,-0.06641614437103271
14634,-0.06096968054771423
35211,-0.03838632255792618
78895,-0.036166783422231674
78807,-0.021097877994179726
14540,-0.06863673776388168
34698,-0.039889514446258545
103779,-0.08709511160850525
9813,-0.0451822504401207
7716,-0.047972120344638824
70272,-0.054643161594867706
98794,-0.3537035286426544
5378,-0.06226819008588791
75584,-0.04433974251151085
65199,-0.0561392642557621
69468,-0.05250367894768715
53908,-0.05020112916827202
97132,-0.04787735268473625
84136,-0.05785209685564041
65196,-0.04203852266073227
101330,-0.04767017439007759
45065,-0.057145968079566956
101372,-0.05077372118830681
40945,-0.047904741019010544
36818,-0.05691772699356079
16262,-0.10292989015579224
71302,-0.044295378029346466
56867,-0.042603474110364914
31727,-0.05792848765850067
22376,-0.055704254657030106
93929,-0.03539879992604256
18448,-0.07003659754991531
29101,-0.04114977642893791
76956,-0.02700408734381199
52458,-0.05169754847884178
42922,-0.031136993318796158
16743,-0.03136853873729706
29879,-0.03325794264674187
54016,-0.2265847772359848
44531,-0.04075191542506218
3780,-0.06469200551509857
18492,-0.051278721541166306
43326,-0.0471971221268177
97048,-0.036776766180992126
102784,-0.04778723791241646
78950,-0.05312288925051689
69256,-0.05569906905293465
71845,-0.041612088680267334
23511,-0.049919359385967255
41984,-0.040677521377801895
73207,-0.047143902629613876
100220,-0.029667330905795097
55424,-0.047010499984025955
61058,-0.055952951312065125
61570,-0.049564000219106674
85636,-0.04530438780784607
91625,-0.03846903145313263
37965,-0.03748972713947296
71595,-0.0574302151799202
40247,-0.050768058747053146
84223,-0.05097346380352974
104638,-0.03503340855240822
70859,-0.02317626029253006
12624,-0.05000962316989899
100127,-0.05213068053126335
54697,-0.04957568272948265
36640,-0.040901489555835724
63935,-0.028205007314682007
62422,-0.05272207409143448
19138,-0.04253584146499634
98037,-0.06829821318387985
80946,-0.04792769253253937
60171,-0.04435901343822479
106524,-0.04160168021917343
53120,-0.05441084876656532
17020,-0.04806756228208542
96643,-0.047909170389175415
20516,-0.039607688784599304
53943,-0.07982352375984192
12422,-0.051201820373535156
99924,-0.07756996899843216
84727,-0.06251358240842819
105231,-0.03874877095222473
57263,-0.033336468040943146
70353,-0.02736627869307995
33980,-0.027460575103759766
85067,-0.04501713067293167
101473,-0.04642004147171974
32806,-0.056960295885801315
22737,-0.03468618914484978
33701,-0.05383378267288208
26272,-0.04954936355352402
20245,-0.04592738673090935
57009,-0.04622747004032135
70177,-0.05208292976021767
80949,-0.02268425188958645
68868,-0.062450531870126724
3463,-0.06496696174144745
22480,-0.0726696252822876
51061,-0.040164049714803696
42467,-0.03444354981184006
22644,-0.0628565326333046
77987,-0.04399938881397247
38066,-0.06782969832420349
74817,-0.04672180116176605
33548,-0.04608313366770744
55282,-0.03929460793733597
68474,-0.029502062126994133
28750,-0.04464622959494591
100953,-0.07729458808898926
9783,-0.07183366268873215
88666,-0.048429928719997406
95892,-0.03670115768909454
45165,-0.052002016454935074
88759,-0.048821453005075455
42942,-0.04524810612201691
45155,-0.032078322023153305
93405,-0.06363347917795181
40672,-0.03321816027164459
59171,-0.043140243738889694
65048,-0.07274234294891357
96568,-0.06080681458115578
55750,-0.04598955065011978
94417,-0.04875662550330162
98907,-0.04683886095881462
26355,-0.03523954004049301
75221,-0.04385632649064064
81834,-0.043804071843624115
70358,-0.04342324659228325
60686,-0.03236550837755203
16970,-0.04059453681111336
105727,-0.031107064336538315
27635,-0.04124564304947853
22266,-0.08866697549819946
72325,-0.04884710907936096
73454,-0.0268519576638937
61216,-0.047165509313344955
15107,-0.049249593168497086
20351,-0.05231272801756859
7447,-0.045599307864904404
27058,-0.050995443016290665
52745,-0.07181014120578766
97367,-0.049217477440834045
80966,-0.04545647278428078
76862,-0.038179460912942886
101425,-0.04766415059566498
41987,-0.06446827203035355
41607,-0.04353133216500282
24817,-0.0783882588148117
18230,-0.041419386863708496
24592,-0.03332885727286339
26735,-0.04436825215816498
335,-0.03843599557876587
23192,-0.048134706914424896
70543,-0.0569629967212677
52914,-0.04442446678876877
93275,-0.05258692800998688
53299,-0.04644826427102089
73633,-0.03359735757112503
6516,-0.039015479385852814
62779,-0.045943211764097214
37748,-0.04991232603788376
32439,-0.047065433114767075
26327,-0.06909731030464172
72512,-0.07977696508169174
34319,-0.06431502848863602
71151,-0.058791663497686386
75755,-0.05169811099767685
95040,-0.05100257694721222
14016,-0.04150344803929329
64918,-0.04189780727028847
54132,-0.04025336727499962
15137,-0.054850030690431595
16885,-0.06258916854858398
73850,-0.0351371131837368
27701,-0.07926853746175766
45458,-0.04636894538998604
35206,-0.044641099870204926
4690,-0.052792638540267944
48327,-0.047141630202531815
13359,-0.05664370208978653
74847,-0.04149064049124718
58263,-0.04100069776177406
83921,-0.035543885082006454
78541,-0.03933116793632507
89353,-0.0471709668636322
46859,-0.044379424303770065
43017,-0.022143730893731117
33143,-0.03973635286092758
44724,-0.07352626323699951
98313,-0.0473162867128849
18397,-0.03883420303463936
33628,-0.06000521406531334
83851,-0.021193234249949455
59975,-0.03321424126625061
90976,-0.04192398861050606
17729,-0.03759363666176796
103091,-0.05977964773774147
48359,-0.045841533690690994
52136,-0.02862885780632496
92597,-0.04826773330569267
102907,-0.06130385771393776
31101,-0.04932834580540657
72001,-0.053198736160993576
26604,-0.03605697304010391
32653,-0.04563461244106293
92403,-0.04212596267461777
19371,-0.05407492443919182
33679,-0.04780246317386627
100430,-0.08013902604579926
46581,-0.04026687890291214
46918,-0.05235786736011505
1939,-0.027334844693541527
65741,-0.04373663291335106
64268,-0.028080644086003304
5722,-0.053834233433008194
52128,-0.04994691535830498
32782,-0.03749420493841171
55399,-0.06515797227621078
67305,-0.06968242675065994
27575,-0.05173275247216225
10174,-0.04310222342610359
20288,-0.041656795889139175
100583,-0.039037950336933136
94644,-0.05367584899067879
69259,-0.04516641050577164
66508,-0.05513876676559448
75933,-0.055385686457157135
73087,-0.03858717530965805
62772,-0.03318529576063156
7082,-0.03119754232466221
14313,-0.059502359479665756
34351,-0.034468311816453934
13661,-0.04373001679778099
84983,-0.03562740236520767
71650,-0.056611936539411545
25289,-0.041958168148994446
53203,-0.04024111479520798
104021,-0.05478706210851669
45430,-0.04536100849509239
13936,-0.046173516660928726
36331,-0.052338410168886185
69153,-0.03385749086737633
28211,-0.06243429332971573
14716,-0.05059581249952316
102105,-0.031385406851768494
14825,-0.03555838018655777
73448,-0.04257936775684357
25227,-0.05669427663087845
70935,-0.046778228133916855
24046,-0.04621563479304314
16283,-0.3957664966583252
31587,-0.0458722785115242
21546,-0.05197745934128761
79216,-0.04339379444718361
59515,-0.38123127818107605
21638,-0.05475737899541855
106058,-0.06871442496776581
83605,-0.05461641028523445
36027,-0.04744010046124458
97547,-0.047799281775951385
35922,-0.04658925160765648
730,-0.048011548817157745
91023,-0.04954085499048233
41874,-0.1365816593170166
63479,-0.042434271425008774
53948,-0.03830762207508087
612,-0.06580890715122223
44842,-0.10986189544200897
88286,-0.04286698251962662
19006,-0.1279028058052063
15792,-0.05920746922492981
31289,-0.030453022569417953
5520,-0.030048685148358345
102071,-0.037663210183382034
51757,-0.0691993236541748
101502,-0.047694381326436996
86153,-0.06115943565964699
53017,-0.057308197021484375
35422,-0.04452047497034073
47390,-0.06304614990949631
6754,-0.03839825093746185
15689,-0.03389955312013626
60671,-0.053379010409116745
91200,-0.03276660293340683
52291,-0.1361091136932373
64996,-0.032011937350034714
105948,-0.044320352375507355
9304,-0.04718995839357376
80363,-0.030198942869901657
34303,-0.04313362017273903
90897,-0.03158744052052498
6223,-0.03210371732711792
30391,-0.05692515894770622
32600,-0.04683282971382141
22314,-0.07683701068162918
46471,-0.03373302146792412
62205,-0.0638086348772049
9315,-0.041475772857666016
88242,-0.062426116317510605
16829,-0.05554988980293274
10937,-0.03456458821892738
75185,-0.034426502883434296
2126,-0.04473617672920227
66867,-0.041401203721761703
27698,-0.027581186965107918
69135,-0.04577218368649483
28872,-0.05315510556101799
73182,-0.0631977990269661
99186,-0.07471809536218643
53803,-0.04114153981208801
15957,-1.2876543998718262
13066,-0.0784679427742958
59759,-0.04683362692594528
78727,-0.033708129078149796
87613,-0.04308178275823593
97014,-0.03887835144996643
15607,-0.06003541499376297
95372,-0.04451945051550865
13583,-0.04830283299088478
21859,-0.048140499740839005
37066,-0.052733272314071655
20559,-0.06957346200942993
28407,-0.07652830332517624
22575,-0.04709966480731964
587,-0.04801280051469803
34019,-0.03978710249066353
44046,-0.0520477369427681
88009,-0.25250643491744995
28935,-0.07651074230670929
8002,-0.06764689087867737
89504,-0.10275542736053467
41174,-0.03586262837052345
61524,-0.06874458491802216
47615,-0.04722418636083603
105017,-0.07961349934339523
102282,-0.03812713548541069
38116,-0.047076236456632614
77889,-0.047197919338941574
39771,-0.04285910353064537
49032,-0.05044484883546829
88482,-0.0577421709895134
14111,-0.023953916504979134
86854,-0.044534843415021896
60957,-0.05157097801566124
39641,-0.051607318222522736
42799,-0.048323504626750946
12118,-0.04970874264836311
51727,-0.058347463607788086
15511,-0.04726603254675865
98396,-0.06035923957824707
82341,-0.0328381285071373
59102,-0.025692632421851158
9319,-0.052286483347415924
76311,-0.05305246263742447
88119,-0.04895994812250137
88687,-0.03860816732048988
2030,-0.04176999256014824
93612,-0.04547299072146416
11548,-0.035519033670425415
12642,-0.027238447219133377
99898,-0.0552201010286808
105337,-0.05663119629025459
71373,-0.05489550903439522
79240,-0.04820866137742996
2341,-0.06599105149507523
70902,-0.05152285844087601
96103,-0.03395543992519379
41700,-0.038513652980327606
7147,-0.03359101712703705
7007,-0.021610382944345474
28257,-0.04653429239988327
34787,-0.036717016249895096
85535,-0.032871466130018234
56441,-0.045980557799339294
2699,-0.040281765162944794
8631,-0.04738359525799751
84841,-0.07623717188835144
39509,-0.04079369083046913
43930,-0.049376796931028366
47111,-0.04368288815021515
49131,-0.052256613969802856
90388,-0.04926786199212074
94044,-0.04041286185383797
9162,-0.04193930700421333
82380,-0.05010543763637543
9411,-0.04819060117006302
98182,-0.03435831516981125
90514,-0.06179269403219223
31378,-0.04920249804854393
45250,-0.04923903942108154
9598,-0.04839983209967613
97221,-0.04384640231728554
81497,-0.24224860966205597
98919,-0.07214049249887466
27463,-0.043335236608982086
5343,-0.041826244443655014
17970,-0.053641390055418015
67267,-0.021274810656905174
2920,-0.02496621012687683
69177,-0.047210656106472015
78678,-0.05978088080883026
624,-0.03317122906446457
93344,-0.052729878574609756
46833,-0.03543504327535629
6484,-0.040455449372529984
34094,-0.04694077745079994
68673,-0.07869219779968262
102049,-0.05216134712100029
78665,-0.05669022351503372
30774,-0.028543822467327118
71388,-0.04955696314573288
18098,-0.049142006784677505
61249,-0.06232195347547531
37708,-0.06860245764255524
64796,-0.039495278149843216
31522,-0.044769689440727234
15285,-0.05527706444263458
94412,-0.04834940284490585
59543,-0.05546756461262703
3384,-0.053152166306972504
37901,-0.07246141880750656
4160,-0.017054451629519463
92593,-0.07110480964183807
36246,-0.054757267236709595
95420,-0.05256849154829979
100479,-0.03016308695077896
79834,-0.06964818388223648
50875,-3.5501952171325684
87895,-0.034612033516168594
30615,-0.04499354213476181
59995,-0.0459977462887764
96199,-0.04669153690338135
13289,-0.06443049758672714
29169,-0.04700538143515587
36913,-0.047128550708293915
25147,-0.04642948880791664
61781,-0.040639061480760574
22565,-0.04447555169463158
7300,-0.06199405714869499
24634,-0.03422435000538826
79365,-0.06216995045542717
16978,-0.03216501697897911
29800,-0.0414997898042202
41469,-0.05094480141997337
77934,-0.10975272953510284
69715,-0.02708669938147068
2744,-0.048083581030368805
18563,-0.046604499220848083
96077,-0.05143454298377037
23587,-0.050499141216278076
10769,-0.04719177633523941
75143,-0.10963020473718643
38952,-0.0409502349793911
92487,-0.058253560215234756
92852,-0.09875591099262238
33741,-0.0501648485660553
33902,-0.2649301588535309
8387,-0.053925614804029465
47210,-0.054869215935468674
46410,-0.0546230711042881
100548,-0.062002237886190414
840,-0.04716857895255089
16871,-0.03533666208386421
69437,-0.22191713750362396
80467,-3.643010139465332
39798,-0.06217476725578308
1323,-0.06334159523248672
106370,-0.0532911941409111
41262,-0.045036617666482925
12529,-0.05785265937447548
44727,-0.10313087701797485
52761,-0.06119285151362419
25451,-0.05937407910823822
73342,-0.04619867354631424
51204,-0.04806472361087799
50219,-0.04239668324589729
19132,-0.05537011846899986
49538,-0.052773527801036835
53730,-0.04302777349948883
83910,-0.04240262508392334
29115,-0.05617104470729828
41208,-0.04607345536351204
45546,-0.05037740617990494
24811,-0.059303976595401764
45037,-0.04067191481590271
75843,-0.054452843964099884
25941,-0.0412401519715786
94261,-0.0434451624751091
19173,-0.02920525148510933
48509,-0.040384694933891296
93072,-0.10804592072963715
58237,-0.04487865790724754
74013,-0.050639558583498
75227,-0.03103714995086193
74340,-0.06532783806324005
52427,-0.05703393742442131
76151,-0.04032744839787483
47316,-0.03576302528381348
55460,-0.03378984332084656
97175,-0.07003004103899002
38989,-0.04425420984625816
10205,-0.03467421233654022
82051,-0.03965890407562256
35157,-0.06687896698713303
3684,-0.05733036994934082
62742,-0.0507768951356411
74496,-0.048097215592861176
75673,-0.03866792097687721
15522,-0.027885552495718002
13945,-0.042371656745672226
1132,-0.03110683336853981
35054,-0.059447769075632095
21891,-0.0423969104886055
28508,-0.07562637329101562
99815,-0.04175616055727005
22532,-0.03654509410262108
58976,-0.04044480249285698
16774,-0.027642415836453438
98786,-0.04424702376127243
46517,-0.054097965359687805
17633,-0.046874236315488815
11745,-0.04785803705453873
84784,-0.04495091736316681
71139,-0.04674694314599037
104770,-0.030074598267674446
89719,-0.05327152833342552
5742,-0.05126161873340607
37390,-0.05245877429842949
45416,-0.06853077560663223
30994,-0.06606001406908035
104066,-0.042663902044296265
13560,-0.03557483106851578
94239,-0.041997261345386505
39032,-0.05035870522260666
95684,-0.03939901664853096
64663,-0.0327652208507061
42612,-0.06121135130524635
69293,-0.046068787574768066
100463,-0.1803712248802185
104864,-0.05070936307311058
79177,-0.04055618867278099
69146,-0.03987668454647064
51569,-0.06342942267656326
35303,-0.06334450095891953
38169,-0.04386111721396446
26110,-0.041613686829805374
66133,-0.05113828182220459
3140,-0.04748523235321045
29193,-0.023035312071442604
66040,-0.022281425073742867
67577,-0.04445149376988411
75311,-0.04489780589938164
8345,-0.023252900689840317
90116,-0.02592904306948185
46161,-0.03654509410262108
84368,-0.05133024975657463
78423,-0.06925004720687866
56887,-0.04889127239584923
10505,-0.03186841681599617
83449,-0.050056908279657364
75064,-0.049561161547899246
45316,-0.09946974366903305
81514,-0.047066912055015564
17823,-0.03867331147193909
45536,-0.04095744341611862
81655,-0.04569827765226364
6158,-0.03380505368113518
3300,-0.039788708090782166
81142,-0.04404615983366966
18928,-0.04664011299610138
61741,-0.12922300398349762
81049,-0.03641383349895477
45626,-0.029708757996559143
64241,-0.03165038675069809
25516,-0.02439143881201744
72170,-0.056440696120262146
100821,-0.07117164134979248
100960,-0.09175340086221695
104637,-0.057576749473810196
80263,-0.038917332887649536
40346,-0.07815246284008026
51405,-0.03973234444856644
96165,-0.03745734691619873
62043,-0.039502039551734924
104120,-0.040734175592660904
25968,-0.04115515202283859
91802,-0.052865345031023026
7133,-0.04835519567131996
18262,-0.04716414585709572
36397,-0.04941945895552635
64608,-0.06932123005390167
45205,-0.04396630823612213
25746,-0.03840674087405205
2804,-0.04436710849404335
10138,-0.05592871457338333
30962,-0.04368334636092186
71016,-0.04765892028808594
8465,-0.052960094064474106
59750,-0.05615267530083656
94078,-0.04731890186667442
30547,-0.06593837589025497
69169,-0.03834731504321098
48894,-0.04280439391732216
64141,-0.05005361884832382
33295,-0.026855554431676865
55670,-0.044700153172016144
13345,-0.02013739012181759
99022,-0.048500340431928635
55163,-0.036339689046144485
71695,-0.05902105197310448
37627,-0.03751889243721962
36532,-0.035309161990880966
38401,-0.04817003756761551
65083,-0.05883774906396866
98493,-0.027390751987695694
23491,-0.052884455770254135
47409,-0.04513849318027496
73059,-0.04802348092198372
38282,-0.04794587567448616
78331,-0.051442354917526245
41343,-0.04801473021507263
19089,-0.0410810187458992
50730,-0.05445307120680809
29709,-0.0893324464559555
17481,-0.04921180382370949
80830,-0.04493963345885277
5293,-0.04666901007294655
22072,-0.0426311157643795
70083,-0.03904620185494423
82737,-0.048247627913951874
84345,-0.047144245356321335
58697,-0.036617957055568695
39276,-0.0536189079284668
39945,-0.7118368744850159
33739,-0.07011695206165314
3954,-0.05036357790231705
16658,-0.05284714326262474
57750,-0.048032455146312714
20077,-0.06008469685912132
86803,-0.12182775139808655
2956,-0.04525163769721985
72623,-0.034159835427999496
16102,-0.05553049221634865
21732,-0.06087018921971321
67154,-0.05137724429368973
54507,-0.04139845818281174
86594,-0.05904487520456314
35692,-0.047689039260149
65734,-0.08562702685594559
18208,-0.04083603248000145
104960,-0.05462544038891792
98614,-0.03887926787137985
12300,-0.053700026124715805
77125,-0.9596912860870361
104456,-0.05183055251836777
19143,-0.04122482240200043
42960,-0.042811132967472076
29258,-0.035787638276815414
44894,-0.06508325040340424
4672,-0.08529442548751831
69189,-0.05091976746916771
59597,-0.06095263361930847
4210,-0.037444714456796646
62642,-0.05307552218437195
55902,-0.06325341761112213
33596,-0.05361529067158699
88952,-0.2393929362297058
25537,-0.04564190283417702
93630,-0.03168180212378502
56945,-0.05643494799733162
89831,-0.05474022775888443
28455,-0.09615731239318848
101881,-0.05457216501235962
99064,-0.03839871287345886
2793,-0.04281501844525337
59290,-0.05634785443544388
6529,-0.040019404143095016
102926,-0.061364512890577316
91793,-0.03916554152965546
33522,-0.047576628625392914
20955,-0.05900835245847702
92720,-0.04647386819124222
57316,-0.04709545895457268
53863,-0.041249074041843414
4669,-0.04352186247706413
28736,-0.03464888036251068
49200,-0.05199556425213814
66982,-0.5885231494903564
96637,-0.048826903104782104
41900,-0.03202694654464722
81511,-0.045641105622053146
88616,-0.059487421065568924
9190,-0.03814847767353058
34235,-0.07455512881278992
27646,-0.050741881132125854
39697,-0.04219876229763031
58532,-0.060010042041540146
28966,-0.046623729169368744
35518,-0.043876975774765015
103877,-0.03981517255306244
30623,-0.05434909090399742
86938,-0.050989776849746704
65653,-0.05966521427035332
88180,-1.5316919088363647
62795,-0.034970443695783615
4105,-0.049105916172266006
78024,-0.038192082196474075
32038,-0.05705803632736206
53792,-0.04194936528801918
55852,-0.04163404181599617
57315,-0.055256422609090805
9790,-0.03752543777227402
17167,-0.03973119705915451
3719,-0.03651589900255203
75499,-0.05168475583195686
47165,-0.05093630775809288
73307,-0.052599143236875534
41648,-0.059473492205142975
69039,-0.05990484356880188
105121,-0.05568260699510574
43914,-0.04767949506640434
71009,-0.048460137099027634
95183,-0.03091105818748474
30480,-0.04633468762040138
53988,-0.049294985830783844
79258,-0.042095672339200974
90968,-0.05166075378656387
42384,-0.03100467473268509
83707,-0.04647625982761383
4101,-0.05358535051345825
56912,-0.05526150017976761
60741,-0.06079503521323204
25120,-0.048575859516859055
10721,-0.034018583595752716
56580,-0.05045788362622261
101869,-0.04643290117383003
445,-0.03666277602314949
20685,-0.04831964150071144
23309,-0.05064443126320839
77783,-0.031843822449445724
63074,-0.03830968588590622
107081,-0.04205315560102463
70761,-0.06212054565548897
73498,-0.028978414833545685
31250,-0.05486639589071274
72200,-0.051031578332185745
51071,-0.049174465239048004
40842,-0.05348331481218338
54965,-0.06326371431350708
42180,-0.03812460973858833
57221,-0.0300437118858099
45115,-0.03553352877497673
87784,-0.028906382620334625
83808,-0.04651506245136261
21793,-0.055422790348529816
99415,-0.05719032883644104
81686,-0.04979335889220238
98808,-0.06803719699382782
48005,-0.05693214386701584
59693,-0.06626476347446442
22613,-0.040081705898046494
10661,-0.05332758650183678
93545,-0.04916901886463165
36781,-0.05868285149335861
49972,-0.03631347790360451
100683,-0.0473644956946373
79955,-0.047513652592897415
83111,-0.22356680035591125
14099,-0.0665893629193306
85792,-0.04396357014775276
27385,-0.04066344350576401
33173,-0.04798087105154991
75895,-0.05290514603257179
84183,-0.035535141825675964
37174,-0.06027248501777649
89403,-0.044911596924066544
57812,-0.053140636533498764
3185,-0.054631538689136505
39174,-0.0324818380177021
69360,-0.03476022556424141
22507,-0.04341023415327072
81591,-0.05185307562351227
102166,-0.05374928191304207
34669,-0.07186084240674973
82246,-0.051276795566082
5417,-0.0674789771437645
45202,-0.038408808410167694
42806,-0.03875656798481941
8407,-0.05380316823720932
78372,-0.050200335681438446
96394,-0.038714367896318436
5368,-0.05098513141274452
34576,-0.07274477928876877
4612,-0.055907074362039566
89532,-0.05355450138449669
86314,-0.05382531136274338
95227,-0.051230136305093765
77002,-0.05608178675174713
86850,-0.034316159784793854
83431,-0.040270887315273285
8573,-0.04767835512757301
83053,-0.05697166919708252
92077,-0.09542485326528549
66619,-0.03802282363176346
2864,-0.8528584837913513
93017,-0.052922897040843964
83756,-0.052002694457769394
6958,-0.06811080873012543
106099,-0.04199463129043579
92752,-0.05361156165599823
26016,-0.04938201606273651
9794,-0.05000554025173187
55053,-0.08296771347522736
32697,-0.032491300255060196
23931,-0.06609337776899338
40261,-0.051430463790893555
87744,-0.042709819972515106
34747,-0.06829587370157242
91828,-0.04496903717517853
60789,-0.036727242171764374
38808,-1.2627047300338745
18662,-0.04923052713274956
6236,-0.04834315553307533
19728,-0.07710026204586029
91822,-0.08645449578762054
81110,-0.031285472214221954
47527,-0.05023491382598877
90318,-0.059480566531419754
44876,-0.047252386808395386
71809,-0.044843096286058426
13625,-0.07456276565790176
43644,-0.04427279904484749
83971,-0.04524559900164604
82581,-0.022888168692588806
42259,-0.026518719270825386
85536,-0.0557628832757473
8810,-0.024818653240799904
78459,-0.035283155739307404
33500,-0.04681440442800522
4257,-0.06142168864607811
93240,-0.04470790550112724
18763,-0.028688514605164528
11424,-0.0626908391714096
12884,-0.048207297921180725
59731,-0.04448125511407852
22634,-0.03943648934364319
62732,-0.059116680175065994
82430,-0.0477352999150753
97227,-0.06768844276666641
5764,-0.050616439431905746
50370,-0.044995252043008804
89427,-0.052853360772132874
8497,-0.04951725900173187
26922,-0.06206027418375015
40011,-0.04627152159810066
22981,-0.7852401733398438
10271,-0.06265971064567566
37880,-0.035828813910484314
83457,-0.057661376893520355
29979,-0.04474198818206787
22629,-0.04941015690565109
90503,-0.0509985014796257
15109,-0.04678334668278694
86748,-0.04337598755955696
17755,-0.04161917790770531
93089,-0.04785564914345741
4336,-0.05765991285443306
54923,-0.054657723754644394
20668,-0.061284348368644714
102335,-0.0585051067173481
79895,-0.045886967331171036
88203,-0.0589451938867569
57553,-0.0443553626537323
61759,-0.06417831033468246
40449,-0.04740508273243904
37942,-0.03477887809276581
52407,-0.03326451778411865
97596,-0.04890318959951401
15372,-0.04675786569714546
71980,-0.055216941982507706
8007,-0.054166171699762344
5142,-0.3443678021430969
76923,-0.052847255021333694
32475,-0.047397464513778687
29178,-0.05801330879330635
43300,-0.03136195242404938
105217,-0.04229487106204033
90316,-0.04720780998468399
48026,-0.026507806032896042
27332,-0.07954436540603638
105230,-0.07436469197273254
97829,-0.045730505138635635
99198,-0.07855501025915146
53937,-0.052483320236206055
44244,-0.13669593632221222
95415,-0.05770391225814819
83331,-0.07042642682790756
83346,-0.04886311665177345
82768,-0.046019721776247025
34756,-0.05114598199725151
26171,-0.05236273258924484
50245,-0.02800576575100422
42457,-0.04107312113046646
50373,-0.044155094772577286
28575,-0.03506782278418541
91319,-0.027836628258228302
68711,-0.0641430914402008
25464,-0.04029035195708275
101221,-0.0551738515496254
12830,-0.053464893251657486
88138,-0.04701550677418709
72978,-0.033782005310058594
103836,-0.05544320493936539
66988,-0.06012185290455818
85081,-0.07600308209657669
73508,-0.05088555067777634
91178,-0.058873940259218216
9724,-0.04645771160721779
38974,-0.04736119881272316
3592,-0.030599519610404968
61440,-0.04540407285094261
86583,-0.04840914532542229
106458,-0.03309257701039314
13015,-0.054017554968595505
21510,-0.054766297340393066
48484,-0.03635383024811745
104183,-0.05256769806146622
71906,-0.04187643155455589
59569,-0.06363370269536972
60361,-0.04989089444279671
2057,-0.043543316423892975
17177,-0.023157857358455658
62283,-0.056427061557769775
52036,-0.04504881426692009
7523,-0.07526145875453949
33337,-0.04678027704358101
107091,-0.05133477970957756
63922,-0.04469069093465805
54527,-0.044462211430072784
52444,-0.043747588992118835
20137,-0.03849587216973305
38681,-0.02820141427218914
97847,-0.03636348620057106
84840,-0.056808147579431534
55970,-0.04054691642522812
41342,-0.035668011754751205
59140,-0.06099873036146164
66421,-0.04536237567663193
8148,-0.05969766899943352
104694,-0.03363170847296715
40263,-0.04908968508243561
31403,-0.048793863505125046
58366,-0.034367531538009644
13510,-0.04822683706879616
10521,-0.03944084420800209
62092,-0.02236839197576046
4466,-0.03669426217675209
55710,-0.04455023631453514
62393,-0.04914212226867676
29986,-0.02735143154859543
41376,-0.04545316845178604
49512,-0.057611748576164246
74880,-0.07216355949640274
100373,-0.0360107496380806
88792,-0.04806358739733696
102491,-0.03037496656179428
42734,-0.06102777644991875
51057,-0.05041288584470749
83560,-0.02481144294142723
48485,-0.05694025009870529
52786,-0.03464082255959511
20893,-0.049390412867069244
30127,-0.022568875923752785
107087,-0.02722429484128952
76504,-0.06405778229236603
41143,-0.05681456997990608
6901,-0.06619246304035187
22673,-0.05149579793214798
60889,-0.0782872885465622
105169,-0.18337208032608032
95140,-0.04545259848237038
63297,-0.08782605081796646
106392,-0.05154618248343468
88395,-0.03496307507157326
102557,-0.36106279492378235
23934,-0.03316880762577057
82077,-0.033188872039318085
11249,-0.029762104153633118
49965,-0.060193803161382675
73811,-0.05125018209218979
48603,-0.0830259695649147
45876,-0.041011225432157516
48268,-0.03779832273721695
79541,-0.03751487284898758
58721,-0.06733722984790802
16201,-0.03269888088107109
97864,-0.04782496765255928
89613,-0.06545691937208176
42372,-0.0559227429330349
38734,-0.037019647657871246
37127,-0.029385732486844063
54144,-0.04957069084048271
91637,-0.053466249257326126
47504,-0.07085663080215454
21559,-0.042430389672517776
10931,-0.037099022418260574
93217,-0.03915499523282051
21914,-0.04527886584401131
10161,-0.05576265975832939
103111,-0.04592123627662659
79662,-0.04184487834572792
105156,-0.07356912642717361
85806,-0.03712280094623566
44614,-0.03296305239200592
41219,-0.058363430202007294
71606,-0.04950988292694092
95894,-0.040373362600803375
80629,-0.04159356281161308
23741,-0.04799303039908409
87653,-0.04765596613287926
51403,-0.04879375174641609
87417,-0.17931559681892395
100308,-0.18860016763210297
35312,-0.0560498870909214
25292,-0.043410688638687134
74924,-0.04098650813102722
32872,-0.03589138016104698
30911,-0.3755464553833008
101341,-0.04842288792133331
104179,-0.05172188580036163
63203,-0.049894750118255615
50326,-0.060160353779792786
105499,-0.0571538507938385
10766,-0.03898864984512329
1285,-0.03276210278272629
51132,-0.07753411680459976
6558,-0.05152240768074989
37407,-0.03323591873049736
37418,-0.04930951073765755
27612,-0.05378204584121704
54642,-0.05091546103358269
66683,-0.0470065213739872
11716,-0.051839038729667664
55668,-0.05085020139813423
105308,-0.029075339436531067
17721,-0.05671184882521629
15348,-0.048126980662345886
84198,-0.051650114357471466
87057,-0.04878535121679306
43591,-0.04959190636873245
82058,-0.04965134710073471
103957,-0.05478164553642273
71609,-0.04635153338313103
71336,-0.06185119226574898
3950,-0.032214075326919556
95071,-0.04719030112028122
7367,-0.08535189181566238
67381,-0.04391268640756607
94939,-0.053409747779369354
27144,-0.04621802270412445
65879,-0.04987739771604538
28707,-0.03436119481921196
103783,-0.06409233063459396
1633,-0.034480635076761246
3921,-0.036079052835702896
59606,-0.058884505182504654
56268,-1.4499294757843018
52884,-0.040436673909425735
534,-0.046124111860990524
32921,-0.053338099271059036
75744,-0.04060747101902962
53067,-0.035484518855810165
61464,-0.020561987534165382
34755,-0.05917544662952423
9339,-0.0627930536866188
78018,-0.04972212761640549
46704,-0.04785303398966789
47227,-0.04456072300672531
49061,-0.05889787897467613
34870,-0.05003468319773674
8242,-0.0371270515024662
93720,-0.10880779474973679
100551,-0.02575688250362873
9180,-0.06820646673440933
76741,-0.04890580102801323
4263,-0.041046351194381714
24905,-0.05044541507959366
5098,-0.04346194118261337
66297,-0.03346778452396393
40786,-0.034404851496219635
84270,-0.06632623076438904
47703,-0.03851307928562164
98906,-0.05343302711844444
51148,-0.05360715463757515
81097,-0.026435943320393562
7699,-0.049731768667697906
25472,-0.029800519347190857
25664,-0.047526951879262924
64195,-0.047930534929037094
78344,-0.020250244066119194
97718,-0.7359519004821777
37288,-0.05012539401650429
3645,-0.05575127154588699
48948,-0.05261610820889473
72958,-0.03484991192817688
16042,-0.047284338623285294
71646,-0.059034314006567
85711,-0.048245809972286224
100769,-0.04179583117365837
65382,-0.047708362340927124
73602,-0.38298773765563965
4202,-0.04800575599074364
22149,-0.04917753115296364
40010,-0.04279034584760666
27650,-0.04191701486706734
100452,-0.27955424785614014
80137,-0.03817429766058922
28510,-0.04490168020129204
7165,-0.05035518854856491
101807,-0.04066573083400726
39464,-0.043862372636795044
75805,-0.047273989766836166
91920,-0.025288458913564682
39745,-0.031100131571292877
82288,-0.05028184503316879
102738,-0.05408881604671478
45685,-0.053481508046388626
41576,-0.03760075569152832
62792,-0.037053536623716354
55996,-0.046414922922849655
47448,-0.054899685084819794
75224,-0.06373672187328339
9998,-0.05479755625128746
66460,-0.045862939208745956
11277,-0.06443407386541367
106840,-0.06978560239076614
13405,-0.04538937658071518
56969,-0.04670712351799011
9838,-0.03932647034525871
35955,-0.04443404823541641
25532,-0.047823715955019
21441,-0.04416125267744064
9503,-0.050120629370212555
8880,-0.030372075736522675
16314,-0.026725685223937035
59726,-0.03931603953242302
86100,-0.05342172831296921
82970,-0.045309629291296005
39111,-0.07708403468132019
87080,-0.026244711130857468
76817,-0.03413241729140282
43078,-0.058019720017910004
67620,-0.03657451644539833
24319,-0.038873761892318726
79643,-0.041199084371328354
73709,-0.04787428677082062
95459,-0.0449775867164135
96430,-0.035190973430871964
16801,-0.03872182220220566
46047,-0.12876856327056885
55978,-0.050008490681648254
27843,-0.05599578469991684
34122,-0.04815651848912239
43576,-0.05327616259455681
83429,-0.04803166165947914
1778,-0.05490193888545036
67745,-0.05905386433005333
21855,-0.07071436196565628
61740,-0.03388906642794609
103793,-0.04744226112961769
15920,-0.047662217170000076
67490,-0.04159722104668617
15756,-0.06684216856956482
916,-0.05072737857699394
69333,-0.05491040274500847
157,-0.041725289076566696
56053,-0.05502278730273247
96323,-0.05114462226629257
35005,-0.06214956194162369
12926,-0.04364796727895737
42523,-0.032485876232385635
78491,-0.05161014944314957
36954,-0.04108959808945656
20095,-0.04884461313486099
27457,-0.13688015937805176
37067,-0.0415901318192482
98125,-0.05173275247216225
98454,-0.02518012374639511
1655,-1.3440155982971191
53739,-0.049459509551525116
37825,-0.04753979668021202
77336,-0.2465493232011795
84582,-0.05386224761605263
67061,-0.051507122814655304
3584,-0.02828485518693924
90723,-0.05611323192715645
65421,-0.05467183142900467
84127,-0.06358123570680618
75622,-0.11596134305000305
42404,-0.04531646519899368
79522,-0.04981842264533043
72976,-0.025256842374801636
14077,-0.04603167623281479
93324,-0.042050182819366455
62303,-0.030144810676574707
74728,-0.05481674149632454
73053,-0.04726568982005119
18672,-0.034962959587574005
107162,-0.04832509532570839
68611,-0.05325446277856827
97984,-0.033494994044303894
64440,-0.035606928169727325
106360,-0.03435083106160164
12252,-0.05113374814391136
68088,-0.05057847499847412
59223,-0.04631374776363373
7341,-0.046212561428546906
52311,-0.03419981151819229
92580,-0.05725359916687012
15850,-0.04239622503519058
47112,-0.04354754090309143
17840,-0.04738052561879158
63433,-0.06773144751787186
30976,-0.04619980975985527
59214,-0.04884824529290199
11767,-0.044842641800642014
2569,-0.07266519218683243
34246,-0.06549198180437088
68725,-0.05775297060608864
38118,-0.030126303434371948
28619,-0.03819219768047333
28721,-0.06249700486660004
56811,-0.04256623238325119
32609,-0.05105910450220108
98733,-0.03892192244529724
60450,-0.029190314933657646
42416,-0.04905132204294205
63694,-0.06276237964630127
70553,-0.06650683283805847
22850,-0.0652243122458458
48756,-0.03137408196926117
57246,-0.062410883605480194
104854,-0.05450161173939705
100932,-0.024981440976262093
1125,-0.047268420457839966
39762,-0.026466013863682747
52919,-0.033116910606622696
29817,-0.0607038289308548
101696,-0.04472614452242851
5808,-0.047122523188591
67597,-0.02645776979625225
104055,-0.05392234027385712
46600,-0.05292889103293419
97440,-0.05637219175696373
58768,-0.041254449635744095
35074,-0.04906006157398224
99450,-0.03342674300074577
68486,-0.049705907702445984
33665,-0.03460086137056351
52918,-0.03672965615987778
90284,-0.07764751464128494
101159,-0.05425684526562691
135,-0.019671820104122162
38045,-0.042157504707574844
56648,-0.04799700528383255
36159,-0.04833690822124481
64225,-0.06086985394358635
92833,-0.06685945391654968
4591,-0.0394817553460598
33095,-0.04495764151215553
83857,-0.05037400498986244
103262,-0.04260484501719475
96494,-0.040211569517850876
28081,-0.05353902280330658
56014,-0.055526092648506165
68780,-0.038179002702236176
61532,-0.045303817838430405
72605,-0.04844719171524048
69316,-0.03611331805586815
93904,-0.05860977992415428
2934,-0.02917896956205368
1878,-0.04171957075595856
85705,-0.0808379054069519
91577,-0.04874810948967934
7250,-0.049084920436143875
48804,-0.05145582929253578
95013,-0.03484047204256058
50457,-0.049282047897577286
46414,-0.06570309400558472
3284,-0.04853418469429016
71376,-0.037425193935632706
44493,-0.047589585185050964
81588,-0.0742093026638031
8994,-0.03253226727247238
17124,-0.7699257731437683
55422,-0.05016428232192993
11562,-0.05459970608353615
12086,-0.03584273159503937
80526,-0.04661234840750694
40115,-0.04669005796313286
102586,-0.06873712688684464
53343,-0.05648057907819748
70382,-0.0753316655755043
22615,-0.04935001954436302
42924,-0.04275025799870491
86601,-0.06453365832567215
40393,-0.036893848329782486
102281,-0.06768331676721573
44481,-0.048118121922016144
101276,-0.05908532813191414
23296,-0.05277364328503609
17649,-0.05783938243985176
67509,-0.028420893475413322
32363,-0.04626355320215225
89440,-0.11852090805768967
91099,-0.046989232301712036
80637,-0.0656011700630188
85526,-0.04645976051688194
82456,-0.04387731850147247
84242,-0.04448455944657326
16361,-0.02511037513613701
102119,-0.06826113909482956
68479,-0.05887911096215248
67209,-0.027309788390994072
18542,-0.05409672111272812
92854,-0.042279329150915146
93243,-0.047491710633039474
91451,-0.060058314353227615
5295,-0.05090843513607979
60797,-0.04915846511721611
38001,-0.03154066205024719
94119,-0.05451831966638565
57684,-0.05458288639783859
73427,-0.07573932409286499
65312,-0.0518437959253788
79589,-0.045419223606586456
56257,-0.042572055011987686
103145,-0.04651813581585884
56980,-0.06029201298952103
15829,-0.031060725450515747
6905,-0.056808486580848694
57594,-0.05600491538643837
63118,-0.03853200748562813
10383,-0.028831448405981064
50890,-0.05329718440771103
73451,-0.03746825456619263
75946,-0.04654988273978233
15132,-0.029339080676436424
10636,-0.04322073608636856
70920,-0.04144718125462532
29213,-0.04645930230617523
92386,-0.041220247745513916
76339,-0.04857495054602623
76246,-0.061631981283426285
99785,-0.050018128007650375
89465,-0.043294940143823624
55918,-0.02482609450817108
45899,-0.03173723444342613
39400,-0.05198606103658676
17310,-0.03993338719010353
31284,-0.04816026985645294
55262,-0.051169995218515396
40292,-0.0628124251961708
10063,-0.07152850925922394
96989,-0.04224904626607895
69908,-0.04976760968565941
27525,-0.054899685084819794
23382,-0.03622277453541756
22213,-0.05000123381614685
75722,-0.03507576510310173
100231,-0.04626571387052536
43606,-0.047956667840480804
697,-0.027433782815933228
18823,-0.052319515496492386
94353,-0.04582035541534424
14417,-0.045706819742918015
87023,-0.02682189829647541
20149,-0.0892317071557045
42557,-0.051379621028900146
68970,-0.03485958278179169
63926,-0.037596508860588074
88152,-0.04581352323293686
12998,-0.042439527809619904
57911,-0.06004338338971138
94631,-0.17672748863697052
14833,-0.046306803822517395
69160,-0.046381235122680664
26277,-0.05231137201189995
10398,-0.02379072830080986
106582,-0.04189643636345863
51161,-0.04898843914270401
11660,-0.07651659846305847
84105,-0.048693157732486725
44266,-0.04114073887467384
20714,-0.05289745703339577
40284,-0.04771529510617256
29765,-0.039743341505527496
21739,-0.06393187493085861
57896,-0.049486398696899414
98889,-0.03340737521648407
21034,-0.05308818444609642
93075,-0.050665054470300674
39388,-0.04637622833251953
34445,-0.04410102963447571
89148,-0.11438462138175964
100822,-0.03062252700328827
87616,-0.07855291664600372
43267,-0.0623231865465641
77726,-0.11979453265666962
74819,-0.047930989414453506
34091,-0.04629974812269211
36160,-0.029101507738232613
16567,-0.032388243824243546
36427,-0.061009157449007034
89343,-0.05278167128562927
5236,-0.07198874652385712
19656,-0.05098196119070053
17120,-0.05078165605664253
78119,-0.04849318787455559
67326,-0.03844000771641731
56988,-0.06710527837276459
42774,-0.054594628512859344
4252,-0.034147970378398895
45036,-0.04800654947757721
93503,-0.03991643339395523
36503,-0.02829342894256115
6668,-0.024435414001345634
56927,-0.10511849075555801
91031,-0.07523182779550552
38040,-0.048286814242601395
8788,-0.06847021728754044
44341,-0.04820525273680687
30446,-0.03873798996210098
22399,-0.049038950353860855
19626,-0.046603817492723465
57714,-0.026936206966638565
106679,-0.045326489955186844
101317,-0.0468624085187912
11638,-0.047140490263700485
80259,-0.05658422410488129
43094,-0.05153961479663849
97482,-0.051032256335020065
97261,-0.034017663449048996
56527,-0.047579582780599594
66716,-0.06292425841093063
75174,-0.11225000768899918
80517,-0.07348406314849854
96147,-0.03458220884203911
73544,-0.04987955093383789
101381,-0.05925746634602547
5786,-0.05037389323115349
11843,-0.0394560880959034
13605,-0.04020996764302254
15923,-0.032037682831287384
78457,-0.048150837421417236
89640,-0.04109589010477066
61076,-0.046555232256650925
65399,-0.028612986207008362
21070,-0.043963342905044556
13288,-0.04649196192622185
92767,-0.05274356156587601
88463,-0.06937751173973083
5771,-0.07999586313962936
52482,-0.05084918439388275
52211,-0.052699457854032516
35699,-0.056729309260845184
82819,-0.048070404678583145
58323,-0.024859003722667694
79455,-0.03485843166708946
101021,-0.04635915532708168
101900,-0.04056580364704132
100855,-0.062432050704956055
48913,-0.06862349063158035
8422,-0.04615746811032295
21591,-0.05085960775613785
68410,-0.03434484079480171
82562,-0.051949843764305115
20162,-0.04243095964193344
35733,-0.06715655326843262
83896,-0.042130302637815475
79445,-0.10833082348108292
87804,-0.06152818351984024
17189,-0.05740668997168541
23028,-0.07160951942205429
14654,-0.026897795498371124
43912,-0.06323248893022537
105665,-0.11755666881799698
81324,-0.05841650441288948
37554,-0.057217348366975784
65714,-0.06301615387201309
80642,-0.055437564849853516
24924,-0.4194059669971466
104113,-0.04730389267206192
97902,-0.0455935001373291
32324,-0.05272490158677101
46628,-0.046695634722709656
22477,-0.04867646470665932
26253,-0.05969160422682762
59764,-0.055618900805711746
74929,-0.05583898350596428
62838,-0.050764091312885284
41245,-0.03576543927192688
106914,-0.04492459073662758
38662,-0.05151776596903801
83189,-0.04774393513798714
77736,-0.049374185502529144
60421,-0.04850124940276146
12258,-0.038997821509838104
47169,-0.043750785291194916
56070,-0.04883132874965668
99194,-0.04889285936951637
104296,-0.040878601372241974
90967,-0.061937473714351654
50117,-0.04842935875058174
4203,-0.05692256987094879
44757,-0.05521254241466522
78023,-0.07573114335536957
100320,-0.04877819865942001
40426,-0.04976454749703407
40344,-0.07447048276662827
20063,-0.05003071576356888
94130,-0.061475612223148346
34724,-0.051997601985931396
100774,-0.05212502181529999
2965,-0.045433804392814636
71324,-0.03668621927499771
46590,-0.04825546592473984
17034,-0.05286252126097679
14757,-0.05503406748175621
72404,-0.08159946650266647
26576,-0.04941979795694351
17312,-0.05200541019439697
95378,-0.045209139585494995
77843,-0.03543861210346222
88236,-0.04229326918721199
15364,-0.04434533044695854
104748,-0.04975513368844986
20900,-0.044506680220365524
93581,-0.061138466000556946
71,-0.20188874006271362
80931,-0.057641685009002686
40609,-0.054500482976436615
93206,-0.04949275404214859
94585,-0.042046982795000076
41345,-0.03955257311463356
93711,-0.03350064158439636
3892,-0.04625558480620384
29616,-0.03381185606122017
39536,-0.04829510673880577
9635,-0.05324971303343773
26716,-0.048499658703804016
96815,-0.03563522547483444
37465,-1.5039095878601074
64776,-0.04378330335021019
55191,-0.04200286045670509
49384,-0.051480285823345184
98150,-0.056758929044008255
5983,-0.06006145849823952
55979,-0.051407590508461
54609,-0.04551149159669876
32907,-1.1997897624969482
90159,-0.070341095328331
81811,-0.052803609520196915
7903,-0.04379962012171745
82655,-0.044160228222608566
28323,-0.04308772087097168
100157,-0.0582013763487339
14820,-0.05199816823005676
68270,-0.051467377692461014
29311,-0.0639679953455925
24196,-0.042785778641700745
38767,-0.046984001994132996
5309,-0.04764903336763382
24604,-0.042691316455602646
15359,-0.05952224135398865
25016,-0.03641590103507042
34009,-0.024589307606220245
59027,-0.14461036026477814
31696,-0.046266283839941025
69253,-0.055129628628492355
74784,-0.07020752876996994
77584,-0.04264025762677193
16787,-0.2958327531814575
42800,-0.049173105508089066
86632,-0.6985123157501221
3360,-0.04490099847316742
74757,-0.10719983279705048
105540,-0.06492462754249573
59718,-0.02535645104944706
1718,-0.03553410619497299
31278,-0.032261401414871216
21179,-0.04406600818037987
90986,-0.068854421377182
47055,-0.05164162442088127
100970,-0.043238431215286255
88689,-0.043765731155872345
25021,-0.05680184066295624
42462,-0.04693133756518364
47329,-0.05452295020222664
5460,-0.05067015439271927
21478,-0.043737318366765976
21844,-0.030335301533341408
77282,-0.05027255043387413
66671,-0.2848573327064514
56501,-0.06750906258821487
60408,-0.026463458314538002
37442,-0.03912175074219704
65504,-0.06579417735338211
94680,-0.052480604499578476
25638,-0.046783801168203354
26857,-0.04549804702401161
30161,-0.04502487927675247
19249,-0.0404498390853405
19272,-0.06733755767345428
101223,-0.04108479246497154
25996,-0.07283511757850647
74216,-0.051781877875328064
7180,-0.061287712305784225
68770,-0.0326700359582901
6169,-0.053659241646528244
78728,-0.045523565262556076
8912,-0.08689534664154053
44692,-0.05393600836396217
5796,-0.04684955254197121
96444,-0.052845560014247894
22025,-0.04067397490143776
67542,-0.05673550069332123
39829,-0.20525027811527252
63480,-0.053318094462156296
24746,-0.046503569930791855
8869,-0.02726884000003338
28270,-0.04448581486940384
17620,-0.04168229550123215
63764,-0.03983498737215996
63645,-0.043697379529476166
94642,-0.06181230768561363
76334,-0.05217447131872177
75870,-0.048002686351537704
34423,-0.052969254553318024
39206,-0.04890182986855507
52695,-0.05642537400126457
44667,-0.052268944680690765
93087,-0.04245346784591675
82078,-0.03728647157549858
38856,-0.05835229903459549
44589,-0.03693383187055588
54968,-0.04992638900876045
53493,-0.19814729690551758
94457,-0.043757516890764236
20758,-0.04327598959207535
76530,-2.549349546432495
97913,-0.058880794793367386
107013,-0.04813527688384056
82356,-0.04990053176879883
21399,-0.049799595028162
58494,-0.05990787595510483
37976,-0.04424440115690231
61479,-0.04639273136854172
2431,-0.052253104746341705
62209,-0.04572538286447525
15426,-0.04602894186973572
94139,-0.03509820997714996
13017,-0.04600662738084793
82215,-0.035161279141902924
56462,-0.04926638677716255
33241,-0.0360497310757637
47577,-0.02985791116952896
82529,-0.03350294753909111
51906,-0.03637762367725372
90797,-0.04530985653400421
98464,-0.06550481915473938
38836,-0.030036423355340958
82556,-0.0496528223156929
54209,-0.052478570491075516
71204,-0.262932687997818
89986,-0.357984721660614
9441,-2.1709535121917725
2382,-0.028997059911489487
97624,-0.042507849633693695
64522,-4.010506629943848
62720,-0.04932936653494835
63260,-0.03825610503554344
46366,-0.03189116716384888
20018,-0.042837176471948624
95759,-0.03549912944436073
41475,-0.04357481747865677
22357,-0.0455494187772274
27428,-0.038885001093149185
27990,-0.04822922497987747
54772,-0.012279387563467026
24712,-0.06415695697069168
7205,-0.04573073238134384
12194,-0.045993078500032425
100588,-0.04269120469689369
66999,-0.035345640033483505
47513,-0.04564247280359268
103881,-0.39543429017066956
92995,-0.04113845154643059
63769,-0.08819928765296936
36527,-0.06616680324077606
93808,-0.04988488182425499
13250,-0.05365076661109924
74570,-0.049178097397089005
76458,-0.04021511971950531
79467,-0.048937927931547165
60931,-0.04751012846827507
28392,-0.04722600430250168
2066,-0.0535515658557415
82596,-0.043886445462703705
92902,-0.05151606723666191
79623,-0.036694493144750595
76197,-0.05395565927028656
62060,-0.04362913966178894
19675,-0.07601866126060486
85056,-0.056808263063430786
76790,-0.040243975818157196
89036,-0.03650394827127457
105060,-0.0887623205780983
87598,-0.042367544025182724
8811,-0.0454380176961422
65186,-0.047655511647462845
96504,-0.04312939569354057
51370,-0.04579894617199898
20954,-0.047467611730098724
14384,-0.09123677015304565
75075,-0.0280831940472126
105486,-0.028944484889507294
58219,-0.04614027962088585
90856,-0.02647506818175316
38246,-0.10284373909235
13794,-0.04852850362658501
45460,-0.03119569458067417
38350,-0.03946972265839577
51286,-0.05155954137444496
69129,-0.04802052676677704
62307,-0.05787336081266403
25937,-0.04842629283666611
96685,-0.04198560118675232
88296,-0.04107049107551575
23100,-0.04595459625124931
63373,-0.0866781696677208
30548,-0.03787626326084137
57481,-0.893076479434967
75015,-0.0401642769575119
28009,-0.04472990706562996
65271,-0.04311489686369896
30923,-0.03973326086997986
38234,-0.046631693840026855
98658,-0.03407342731952667
36138,-0.03851846978068352
71234,-0.055914174765348434
36834,-0.04104337468743324
18327,-0.04616088047623634
73897,-0.0610734224319458
98523,-0.04187803342938423
44093,-0.04994192346930504
78230,-0.049524176865816116
29537,-0.039995696395635605
96994,-0.03987061604857445
61463,-0.04466857388615608
47503,-0.027747932821512222
84628,-0.06235835701227188
33697,-0.04849318787455559
7664,-0.05811791867017746
102577,-0.054202985018491745
57598,-0.051547881215810776
101337,-0.031935274600982666
44242,-0.048748791217803955
40509,-0.0527382455766201
106230,-0.058288197964429855
94979,-0.048741184175014496
39277,-0.07046952843666077
1103,-0.04585610702633858
52694,-0.05064363777637482
98301,-0.031251270323991776
45047,-0.04296965152025223
92421,-0.039618685841560364
63527,-0.04178794473409653
99354,-0.029098613187670708
24653,-0.04649776592850685
3650,-0.03616931289434433
92368,-0.11099681258201599
31691,-0.04058915749192238
99264,-0.029967473819851875
70625,-0.0388726182281971
59442,-0.04694191738963127
36904,-0.03790530189871788
76594,-0.039715271443128586
51094,-0.04282015562057495
54796,-0.04857960715889931
16359,-0.053281020373106
43475,-0.04047170653939247
14904,-0.05262323096394539
18225,-0.03145552799105644
21746,-0.051846738904714584
91365,-0.04454077035188675
49509,-0.03919282183051109
6862,-0.042609985917806625
32973,-0.04159665107727051
31736,-0.053705111145973206
70198,-0.042372800409793854
96185,-0.05779505521059036
68163,-0.056032754480838776
62480,-0.03488859534263611
9796,-0.15887080132961273
58856,-0.046182624995708466
98594,-0.07860878109931946
48215,-0.10346351563930511
41876,-0.012546772137284279
55372,-0.049615614116191864
53819,-0.059024423360824585
40964,-0.04548756778240204
39785,-0.05958951637148857
84252,-0.04907742887735367
24881,-0.06241827458143234
59551,-0.03434990718960762
94934,-0.05439605936408043
73316,-0.07188291847705841
38688,-0.03523815795779228
84428,-0.042547035962343216
24959,-0.055268604308366776
52262,-0.06906404346227646
7973,-0.041652336716651917
4535,-0.03833584487438202
57248,-0.047715067863464355
51268,-0.03335929661989212
35606,-0.05451324209570885
24109,-0.037606723606586456
38380,-0.051583431661129
21466,-0.04841800406575203
46404,-0.0478496253490448
7629,-0.06032714247703552
104026,-0.04121418297290802
98556,-0.04919716343283653
13492,-0.06788795441389084
70499,-0.0484132319688797
19664,-0.03356727212667465
17732,-0.04285019636154175
57639,-0.04642413929104805
23925,-0.03725086897611618
67036,-0.050851110368967056
63907,-0.06638993322849274
47528,-0.03391580283641815
56591,-0.04963875561952591
90598,-0.048251714557409286
23272,-0.049657925963401794
105984,-0.16949371993541718
39878,-0.03122122958302498
90430,-0.041949592530727386
25496,-0.050402797758579254
54257,-0.07412739098072052
73962,-0.1324913650751114
55229,-0.0316036082804203
92703,-0.03682318702340126
88087,-0.05057326331734657
66877,-0.055276501923799515
40634,-0.07777104526758194
44284,-0.05087625980377197
60860,-0.03927053511142731
51419,-0.011007184162735939
7202,-0.04831952974200249
31373,-0.030303150415420532
19159,-0.05679688602685928
56830,-0.04587443917989731
4651,-0.060525208711624146
32591,-0.04940436780452728
66858,-0.02378711849451065
104887,-0.0626254454255104
21724,-0.029285019263625145
2300,-0.04610111936926842
87101,-0.0391458235681057
63342,-0.13456887006759644
60131,-0.04787701368331909
41712,-0.04725807160139084
67422,-0.05152829363942146
41436,-0.045099977403879166
96764,-0.06847132742404938
22425,-0.05155569314956665
14074,-0.03437398001551628
40157,-0.04503023624420166
79972,-0.05324779078364372
73049,-0.060125671327114105
21087,-0.041080787777900696
15123,-0.0835690051317215
62453,-0.05984971299767494
11463,-0.06298738718032837
20470,-0.04635312408208847
14846,-0.6470145583152771
84401,-0.04095126688480377
55485,-0.04625581204891205
58853,-0.055814068764448166
76432,-0.045276131480932236
11042,-0.04348590970039368
21945,-0.040495287626981735
66300,-0.10032649338245392
99439,-0.06103484332561493
103587,-0.03272287920117378
25155,-0.059231288731098175
55318,-0.04333729296922684
552,-0.04720383137464523
13676,-0.03239794075489044
8550,-0.042303670197725296
69830,-0.057565946131944656
17051,-0.06525524705648422
67049,-0.05003615841269493
17302,-0.03222134709358215
60304,-0.03673873469233513
37252,-0.05070335790514946
68955,-0.050482477992773056
22759,-0.05207297205924988
101744,-0.04142625257372856
88006,-0.05888023227453232
84681,-0.02994607202708721
40573,-0.02303088642656803
38144,-0.036149535328149796
99086,-0.045135874301195145
62729,-0.022526917979121208
43599,-0.05164162442088127
43628,-0.04305369406938553
4299,-0.03348703682422638
57146,-0.055967267602682114
104464,-0.053623538464307785
17001,-0.03585802763700485
50131,-0.03520340472459793
20091,-0.03353511169552803
40732,-0.042269960045814514
52880,-0.04641810804605484
60414,-0.03357349708676338
104612,-0.05066210776567459
46476,-0.05201186239719391
100335,-0.04075443372130394
66799,-0.059498876333236694
56503,-0.04035183787345886
31616,-0.042128246277570724
10889,-0.023473236709833145
88749,-0.05422760173678398
8157,-0.05948011949658394
51234,-0.040552183985710144
452,-0.04932834580540657
102601,-0.044274624437093735
58299,-0.09822160005569458
71493,-0.05043884366750717
28453,-0.05043986439704895
86185,-0.0347762294113636
77641,-0.04501017928123474
83232,-0.04087791591882706
6003,-0.05542391911149025
30076,-0.05819125100970268
100000,-0.05833902955055237
65002,-0.05751136317849159
105207,-0.049254246056079865
36824,-0.04885823652148247
1634,-0.07082509249448776
105978,-0.05300464108586311
60831,-0.03577464073896408
31530,-0.07836874574422836
8745,-0.05047726631164551
52151,-0.04325064644217491
23481,-0.035775791853666306
100706,-0.042257729917764664
31785,-0.03680377081036568
73638,-0.02950819581747055
30514,-0.03184116631746292
95942,-0.048831671476364136
101397,-0.050022438168525696
29352,-0.0477110892534256
78898,-0.046565014868974686
72271,-0.03036467544734478
21124,-0.03977186605334282
73922,-0.04159093275666237
17687,-0.05148504301905632
20103,-0.041315991431474686
42805,-0.039900511503219604
70994,-0.03422826528549194
35768,-0.03021860495209694
94034,-0.04054107889533043
22971,-0.05998365953564644
72373,-0.048682939261198044
105008,-0.04588218405842781
64388,-0.06251178681850433
27709,-0.050905492156744
63655,-0.046419814229011536
62981,-0.0733768418431282
57133,-0.036955658346414566
80257,-0.08674692362546921
52226,-0.0433577261865139
30023,-0.03895803913474083
60731,-0.044292185455560684
105408,-0.07457559555768967
37988,-0.029438747093081474
12743,-0.17829954624176025
104293,-0.047635164111852646
86318,-1.7098506689071655
13853,-0.04729695990681648
71228,-0.04168732836842537
61309,-0.05009942874312401
2561,-0.042087215930223465
88497,-0.04626878723502159
47812,-0.03584468364715576
49097,-0.13239780068397522
56769,-0.03334661200642586
1636,-0.051003597676754
43807,-0.05751507729291916
71529,-0.052826110273599625
17792,-0.07927360385656357
29051,-0.07856249809265137
16886,-0.0576595775783062
93546,-0.0492645725607872
100085,-0.04881838709115982
57120,-0.04436482861638069
9226,-0.03865266591310501
40121,-0.050356775522232056
39123,-0.05522506311535835
5065,-0.04595346003770828
39749,-0.060194142162799835
44240,-0.02090398594737053
15753,-0.020844796672463417
102695,-0.07554888725280762
96922,-0.06745222955942154
84376,-0.03831324353814125
6971,-0.034493762999773026
69532,-0.028810948133468628
21552,-0.03948129713535309
96626,-0.049431826919317245
68507,-0.04129642993211746
91522,-0.05543158948421478
58877,-0.044211551547050476
12209,-0.04393071308732033
14153,-0.024858538061380386
87985,-0.10473176091909409
12308,-0.04123774915933609
80234,-0.03504180908203125
89301,-0.03934973478317261
31424,-0.060057979077100754
75706,-0.033533383160829544
17126,-0.0920548290014267
48742,-0.0157109797000885
91497,-0.0441967248916626
68297,-0.0897989496588707
95310,-0.22686301171779633
26060,-2.7410550117492676
70451,-0.03881872445344925
798,-0.026964055374264717
93850,-0.053774476051330566
25018,-0.050467293709516525
22400,-0.028590742498636246
22174,-0.05824141204357147
13391,-0.02947879768908024
54791,-0.09196458756923676
2642,-0.06984396278858185
67213,-0.06027506664395332
27889,-0.0801641121506691
87372,-0.05437709391117096
100776,-0.09242953360080719
39723,-0.04807472229003906
103809,-0.039934415370225906
51725,-0.052201058715581894
67129,-0.050345100462436676
87060,-0.04257537052035332
96530,-0.052747972309589386
40302,-0.023163797333836555
24038,-0.07638252526521683
34258,-0.04703427106142044
106629,-0.07182566821575165
15543,-0.05580301955342293
87383,-0.04672441631555557
1015,-0.07830095291137695
97485,-0.04083717614412308
67644,-0.04959961771965027
66203,-0.03516899049282074
84154,-0.04606503248214722
24414,-3.6406850814819336
56141,-0.048318050801754
75383,-0.07821354269981384
53768,-0.05058255419135094
28929,-0.048007458448410034
23852,-0.050133101642131805
1297,-0.0389091931283474
73347,-0.046466585248708725
52950,-0.05368850380182266
10811,-0.05031426623463631
58896,-0.02869280055165291
68070,-0.020111452788114548
64562,-0.06805167347192764
102229,-0.039188582450151443
100812,-0.07315138727426529
49250,-0.12546969950199127
13035,-0.06712590157985687
45861,-0.03253722935914993
43825,-0.03915224224328995
79567,-0.044860079884529114
21486,-0.0726093202829361
3324,-0.051353804767131805
107164,-0.03635900095105171
26780,-0.05266813188791275
77676,-0.05053914710879326
56804,-0.04256166145205498
77658,-0.04906437546014786
73143,-0.04511752724647522
96275,-0.051651131361722946
41414,-0.04953904077410698
48807,-0.027192972600460052
69427,-0.08181819319725037
139,-0.05241216719150543
37206,-0.041136618703603745
30436,-0.025626754388213158
17017,-0.05227120965719223
23718,-0.07498566806316376
55378,-0.0425262451171875
4892,-4.227924346923828
16589,-0.04744476079940796
18204,-0.06606660038232803
8205,-0.04591110348701477
56744,-0.04110504314303398
8053,-0.04793144389986992
85850,-0.05576649308204651
17765,-0.027673492208123207
65323,-0.032493263483047485
38352,-0.03800239413976669
22841,-0.06765034049749374
79699,-0.03872629255056381
14831,-0.048521123826503754
28240,-0.0524761937558651
12536,-0.04255571961402893
44152,-0.04062464088201523
66864,-0.03474802151322365
49004,-0.04217921942472458
105381,-0.019134346395730972
85548,-0.031527839601039886
36613,-0.03256538510322571
86481,-0.05216756835579872
10075,-0.049266502261161804
54197,-0.04295845702290535
70970,-0.03273487836122513
55435,-0.7619330286979675
83324,-0.04616088047623634
66816,-0.04259844496846199
48267,-0.046113982796669006
36636,-0.0414464958012104
72138,-0.04392831772565842
57278,-0.03649003803730011
71659,-0.03723926842212677
102210,-0.05432165786623955
39170,-0.043330900371074677
10423,-0.055964451283216476
1630,-0.03587125241756439
52409,-0.045565251260995865
74633,-0.04435696080327034
23859,-0.05011666193604469
94716,-0.049937162548303604
70644,-0.04862116649746895
74105,-0.05974472314119339
106755,-0.05765676498413086
42476,-0.0492536798119545
27598,-0.049967214465141296
38586,-0.04900160804390907
45556,-0.038278937339782715
62264,-0.042268358170986176
10318,-0.04028714448213577
78770,-0.03441809490323067
80509,-0.05270341411232948
58271,-0.04903566092252731
74134,-0.04743054881691933
99903,-0.05037865415215492
82988,-0.05339505523443222
95205,-0.04616919159889221
95741,-0.05067695304751396
80661,-0.04958067461848259
94682,-0.046248529106378555
56607,-0.04806733503937721
92900,-0.02944326214492321
96137,-0.03878581151366234
94344,-0.05055433511734009
27722,-0.030131971463561058
80310,-0.07421926409006119
922,-0.033069394528865814
25571,-0.04355735704302788
58516,-0.03289453685283661
106511,-0.03472292050719261
52788,-0.04606389254331589
105406,-0.026057621464133263
88057,-0.034974586218595505
29097,-0.05358455702662468
34909,-0.053311537951231
75042,-0.05006201192736626
11886,-0.0533689521253109
89965,-0.04629212245345116
48375,-0.03278402239084244
96484,-0.04929736629128456
70676,-0.04751444607973099
83287,-0.02741684950888157
102033,-0.04216013476252556
1765,-0.014991359785199165
96066,-0.0343443788588047
89316,-0.06742927432060242
626,-0.03802201896905899
60314,-0.05085541307926178
85348,-0.047933828085660934
29251,-0.05004534125328064
48886,-0.21227066218852997
57687,-0.05918746814131737
31118,-0.05369415134191513
28689,-0.06782602518796921
92961,-0.04624670743942261
16310,-0.06912790238857269
44436,-0.051151420921087265
70378,-0.04889830946922302
39568,-0.05800498276948929
27441,-0.03601948916912079
28939,-0.04683385416865349
43110,-0.04908140003681183
9082,-0.05666082352399826
104837,-0.05869218334555626
75890,-0.039124730974435806
3688,-0.04920397326350212
53825,-0.05703337490558624
62324,-0.03775860741734505
103507,-0.07801695913076401
106541,-0.06949350237846375
97431,-0.05086323246359825
93525,-0.05239180475473404
55075,-0.059104207903146744
98795,-0.038778357207775116
71928,-0.04078762233257294
58959,-0.051278721541166306
68242,-0.0440082885324955
94908,-0.05240447446703911
3244,-0.04704461991786957
103068,-0.052202191203832626
2925,-0.05097674950957298
34196,-0.041942961513996124
91161,-0.06795812398195267
94596,-0.030719870701432228
78960,-0.031196964904665947
55380,-0.04820661619305611
33881,-0.050624486058950424
71565,-0.034674905240535736
11832,-0.0722125768661499
85390,-0.0457749180495739
50684,-0.0479603037238121
99934,-0.034650955349206924
77377,-0.04710865020751953
76935,-0.0540558397769928
104175,-0.054514482617378235
12528,-0.0405355840921402
75265,-0.03779705986380577
95712,-0.03997782617807388
65433,-0.10486981272697449
10431,-0.03361395746469498
51297,-0.03984862193465233
90393,-0.05047545209527016
487,-0.05810149759054184
104511,-0.060487620532512665
89320,-0.031535230576992035
46443,-0.07280828803777695
93423,-0.04334653913974762
38846,-0.042910609394311905
44979,-0.05181844159960747
73142,-0.03833596035838127
69730,-0.054671719670295715
6899,-0.04612240567803383
78210,-0.07465282082557678
69950,-0.041975654661655426
45936,-0.06266766041517258
105329,-0.03308888524770737
106726,-0.049085602164268494
69820,-0.04869293048977852
87051,-0.045906778424978256
7554,-0.04847070202231407
88367,-0.034512072801589966
36258,-0.030301416292786598
24848,-0.04547993838787079
25340,-0.05754726380109787
76019,-0.04795019328594208
49687,-0.030075060203671455
103964,-0.04561536759138107
24116,-0.029009565711021423
89840,-0.04482508823275566
55265,-0.049417644739151
21513,-0.1042410284280777
14011,-0.0389695018529892
74797,-0.04809051379561424
106509,-0.032120805233716965
31239,-0.0369681790471077
77948,-0.02786421962082386
31083,-0.05611446872353554
71017,-0.049486514180898666
58123,-0.047637324780225754
86986,-0.048381999135017395
90834,-0.0409502349793911
28049,-0.022687049582600594
23547,-0.023927031084895134
101750,-3.7427756786346436
79995,-0.04403156042098999
69207,-0.055983275175094604
30465,-0.046225763857364655
60786,-0.03022739663720131
84190,-0.06639640033245087
14807,-0.04634436219930649
90045,-0.0479399673640728
38429,-0.05436410754919052
14622,-0.05318969488143921
44434,-0.05275927856564522
64333,-0.04277024418115616
95306,-0.034118130803108215
26137,-0.03824061527848244
76680,-0.03299880772829056
27861,-0.05803614482283592
76113,-0.06603178381919861
99383,-0.050416287034749985
67210,-0.04256611689925194
106836,-0.04357846826314926
83887,-0.04942796751856804
92123,-0.05340387299656868
12806,-0.07068603485822678
49958,-0.04564657434821129
41165,-0.03468066081404686
102918,-0.053219761699438095
59475,-0.0420539565384388
55272,-0.029131149873137474
45885,-0.045937176793813705
8720,-0.05039656534790993
22847,-0.044115059077739716
18951,-0.054141443222761154
76600,-0.0494949072599411
70407,-0.050088655203580856
80197,-0.057004887610673904
89087,-0.04373355209827423
38945,-0.041073352098464966
48070,-0.051919400691986084
80022,-0.0423341803252697
101121,-0.05245594680309296
50475,-0.05062584578990936
20313,-0.03794076666235924
103960,-0.0247510876506567
98087,-0.04949502274394035
85487,-0.03154193237423897
50001,-0.04967811703681946
91222,-0.03915201500058174
63071,-0.053721267729997635
42397,-0.05417769029736519
45032,-0.06475837528705597
37891,-0.05318031087517738
3642,-0.04313476383686066
32947,-0.04662657156586647
37430,-0.036965999752283096
76430,-0.032006509602069855
39591,-0.054252780973911285
66009,-0.07198874652385712
45415,-0.0465204119682312
70006,-0.047735072672367096
57592,-0.0524798147380352
1712,-0.035751521587371826
4496,-0.21887189149856567
72693,-0.040115490555763245
62701,-0.04432503134012222
94551,-0.04973732680082321
54202,-0.028885768726468086
1309,-0.07058662176132202
84751,-0.04440998658537865
71737,-0.055223822593688965
31353,-0.046673789620399475
27296,-0.05121801793575287
32193,-0.0465221181511879
72367,-0.016087723895907402
13260,-0.04828329384326935
75259,-0.045348022133111954
1628,-0.1581982523202896
35217,-0.028225751593708992
5328,-0.04557003453373909
10568,-0.029337691143155098
79074,-0.052523136138916016
17025,-0.05085835978388786
99638,-0.044329479336738586
67734,-5.729547500610352
22777,-0.03891767933964729
85719,-0.056236859411001205
7506,-0.06651262938976288
86728,-0.04847751557826996
73467,-0.018006781116127968
67086,-0.06048694625496864
3107,-0.05735693871974945
46597,-0.04160865768790245
10922,-0.03931443393230438
67556,-0.053710419684648514
7441,-0.033512286841869354
31089,-0.04659368842840195
61601,-0.028079485520720482
14847,-0.05294449254870415
35697,-0.05139445513486862
64197,-0.0475093312561512
46963,-0.07322296500205994
41147,-0.07289939373731613
13811,-0.04062876105308533
68928,-0.057656314224004745
35308,-2.155106782913208
94983,-0.030400408431887627
74508,-0.06531120091676712
44931,-0.051856812089681625
30960,-0.03964068740606308
91080,-0.04585428535938263
49216,-0.0554124154150486
34340,-0.07196611911058426
75536,-0.045521512627601624
76424,-0.05281536653637886
105797,-0.06535597890615463
76336,-0.05012731999158859
34164,-0.05431239679455757
91149,-0.052061766386032104
7162,-0.05043170228600502
18604,-0.05112423375248909
83905,-0.04579894617199898
44615,-0.052222106605768204
92168,-0.049820125102996826
5462,-0.044324345886707306
85219,-0.05181561037898064
26937,-0.028471412137150764
10670,-0.03889038786292076
57,-0.05184866115450859
93177,-0.044031787663698196
34485,-0.04173649474978447
68925,-0.04513963311910629
100142,-0.0421576201915741
73993,-0.040277983993291855
15790,-0.07333219796419144
106598,-0.04674091190099716
90142,-0.06876038759946823
96949,-0.039403028786182404
40049,-0.053235698491334915
98288,-0.06261413544416428
43452,-0.055365271866321564
22569,-0.058290671557188034
5611,-0.03174959123134613
37750,-0.03189116716384888
26421,-0.039345838129520416
92422,-0.06667345762252808
89352,-0.04807597026228905
45761,-0.05351608246564865
52232,-0.06390347331762314
90421,-0.05506215989589691
78709,-0.060428034514188766
56320,-0.034822627902030945
37763,-0.041171055287122726
46567,-0.024972256273031235
68911,-0.054017893970012665
27099,-0.04792053624987602
73795,-0.036491647362709045
59380,-0.042796630412340164
48205,-0.0733986645936966
43413,-0.04661985859274864
9655,-0.0506272055208683
32377,-0.04762163758277893
30523,-0.08249657601118088
64260,-0.048313964158296585
12302,-0.046891529113054276
69453,-0.07734601199626923
62392,-0.049579087644815445
78449,-0.03998103365302086
52714,-0.05305415764451027
87352,-0.03763163834810257
61091,-0.049201931804418564
63242,-0.0485081784427166
66399,-0.05028320848941803
54903,-0.05643393471837044
67957,-0.05544207617640495
88573,-0.039924222975969315
42545,-0.04564577713608742
17008,-0.059507302939891815
87917,-0.04444214329123497
23181,-0.039391107857227325
95015,-0.04993092641234398
4188,-0.039522435516119
72957,-0.05426904186606407
98126,-0.025575626641511917
73695,-0.04003383591771126
86412,-0.044925615191459656
87550,-0.07994898408651352
98272,-0.026059944182634354
105660,-0.04352699592709541
89434,-0.03641808405518532
44125,-0.06501198559999466
90837,-0.04471291974186897
46442,-0.0589437335729599
75672,-0.05010112747550011
31938,-0.04936862736940384
49532,-0.05206244811415672
65836,-0.052071839570999146
85029,-0.06195652112364769
71793,-0.03887227177619934
28148,-0.05098581314086914
18266,-0.04852963984012604
68352,-0.0453689843416214
27061,-0.03972707316279411
22985,-0.04610123112797737
91305,-0.04500778764486313
8795,-0.04852782562375069
50663,-0.06158960983157158
37397,-0.05118313431739807
20058,-0.06169351190328598
9312,-0.055066563189029694
80532,-0.05420050024986267
14830,-0.05114530399441719
103737,-0.05239395424723625
48438,-0.05711095407605171
34089,-0.030581021681427956
32605,-0.05468887463212013
62126,-0.041695330291986465
99398,-0.055781036615371704
25307,-0.03751223161816597
708,-0.03371435031294823
65514,-0.03524322062730789
61917,-0.031319670379161835
70611,-0.062168046832084656
20762,-0.051674794405698776
64985,-0.04810289666056633
93723,-0.04332507774233818
61541,-0.04945066198706627
29197,-0.04502727463841438
79929,-0.04997526481747627
22641,-0.06441250443458557
92709,-0.022533327341079712
38048,-0.05607682466506958
7305,-0.05174022167921066
21740,-0.04745521768927574
85485,-0.04723396524786949
3615,-0.05555180460214615
11020,-0.05778976529836655
25188,-0.04078785330057144
43652,-0.06442010402679443
36192,-0.03289395943284035
75957,-0.039258502423763275
88832,-0.0343158133327961
60444,-0.0507240928709507
89932,-0.0373339019715786
94105,-0.03773266449570656
4755,-0.04673044756054878
41737,-0.04479590803384781
79543,-0.055043771862983704
5273,-0.0496976263821125
68791,-0.0584028996527195
60228,-0.037452179938554764
61289,-0.04253995418548584
18009,-0.03831266984343529
1837,-0.04146536439657211
79532,-0.039668526500463486
55273,-0.04584255814552307
21431,-0.04600366950035095
64794,-0.051166824996471405
81887,-0.03223900869488716
17964,-0.15167094767093658
10972,-0.06778068840503693
9294,-0.043486591428518295
1983,-0.06563756614923477
31490,-0.053215354681015015
3548,-0.04740269482135773
38711,-0.036107223480939865
55591,-0.04277721047401428
32376,-0.042925797402858734
23684,-0.049250274896621704
57874,-0.03574347123503685
48713,-0.8942528367042542
5106,-0.0522959865629673
56224,-0.03653084114193916
43354,-0.030403992161154747
25836,-0.056380417197942734
55845,-0.042336348444223404
2588,-0.05780135467648506
1845,-0.10311313718557358
11254,-0.04802120849490166
49014,-0.08865322917699814
59168,-0.037059392780065536
32158,-0.046107493340969086
106482,-0.05790857598185539
103536,-0.06631173193454742
18105,-0.044507935643196106
89530,-0.042198535054922104
20602,-0.07019419223070145
28623,-0.028330976143479347
44630,-0.04680666700005531
8252,-0.03326785936951637
32280,-0.12275150418281555
54952,-0.04491923376917839
11378,-0.034710828214883804
57914,-0.04818662256002426
31376,-0.05337787792086601
26646,-0.03868305683135986
55328,-0.055758487433195114
5958,-0.03476264327764511
63839,-0.05013389512896538
69304,-0.06694508343935013
3100,-0.06110919639468193
37173,-0.12399522215127945
100453,-0.09565931558609009
12253,-0.04802166298031807
74226,-1.5687569379806519
28495,-0.07095291465520859
12372,-0.03869544342160225
73968,-0.039123471826314926
56212,-0.03473685309290886
12655,-0.06752020120620728
69853,-0.04478519409894943
67111,-0.036318305879831314
8325,-0.04029069468379021
91304,-0.0565764494240284
93245,-0.04788019508123398
17300,-0.053171269595623016
17331,-0.044459134340286255
6291,-0.060450587421655655
14892,-0.049622874706983566
103278,-0.035337354987859726
97196,-0.05007811263203621
26858,-0.04311375319957733
34982,-0.028662798926234245
74003,-0.05316437408328056
29347,-0.05056532844901085
21220,-0.046005718410015106
82090,-0.025912199169397354
41613,-0.03454674035310745
64303,-0.05196670815348625
22182,-0.04911908134818077
13504,-0.05558958277106285
106774,-0.03354456275701523
97978,-0.04597759619355202
39162,-0.04386180266737938
90912,-0.04403076320886612
103240,-0.058030180633068085
103157,-0.04581648111343384
48423,-0.031593676656484604
53055,-0.046448152512311935
87595,-0.04667174071073532
80780,-0.0502520315349102
78794,-0.06363828480243683
67805,-0.03519270196557045
60188,-0.03628945350646973
67146,-0.05687054246664047
52978,-0.0724598690867424
61623,-0.04554793983697891
76558,-0.05533876642584801
48118,-0.04690892994403839
48547,-0.06541325896978378
21302,-0.04456619545817375
29500,-0.045334577560424805
21585,-0.035028573125600815
103436,-0.05459248274564743
78681,-0.05847969651222229
84602,-0.05204807594418526
81342,-0.05410248041152954
67363,-0.03891034051775932
63318,-0.04167749360203743
18802,-0.051982324570417404
26594,-0.07511980831623077
106701,-0.0510457381606102
63187,-0.0519942082464695
25393,-0.07420631498098373
70867,-0.0493076927959919
96689,-0.056012243032455444
94172,-0.06217868998646736
4913,-0.031064307317137718
29337,-0.06587687879800797
18759,-0.058521073311567307
86816,-0.02862248569726944
84442,-0.12769456207752228
28896,-0.04470539838075638
25659,-0.03837496414780617
2345,-0.08252303302288055
22781,-0.05191487446427345
93530,-0.05184821039438248
58435,-0.027701089158654213
16096,-0.07383756339550018
76360,-0.13393670320510864
92650,-0.045535750687122345
94136,-0.07640527933835983
12855,-0.041044291108846664
48613,-0.11486488580703735
98930,-0.05305426940321922
17850,-0.0434153713285923
68426,-0.03644394874572754
8807,-0.05939238891005516
77682,-0.03728761896491051
70262,-0.08487618714570999
101688,-0.054558053612709045
34538,-0.033798947930336
13445,-0.034265246242284775
69689,-0.04775427654385567
87006,-0.05794333666563034
51615,-0.05012698099017143
69533,-0.03145229443907738
15420,-0.044189538806676865
25501,-0.3911685049533844
75037,-0.036163102835416794
82250,-0.051598262041807175
34582,-0.029566297307610512
34900,-0.045519690960645676
106606,-0.05925510451197624
68574,-0.053308598697185516
78879,-0.044703688472509384
72523,-0.051460810005664825
74109,-0.07354343682527542
102780,-0.027793729677796364
41350,-0.04077183082699776
6776,-0.025202209129929543
4752,-0.12592901289463043
79710,-0.04623851180076599
94872,-0.027202485129237175
87768,-0.06091606616973877
84545,-0.062226634472608566
47364,-0.0461573526263237
29565,-0.03392605856060982
38176,-0.04043759033083916
1523,-0.03949207067489624
71965,-0.04583083093166351
46011,-0.050745848566293716
101166,-0.048136524856090546
96157,-0.07672131061553955
4599,-0.0512034073472023
57139,-0.049602340906858444
46502,-1.001673936843872
32147,-0.0431085005402565
8727,-0.02821763977408409
64,-0.0353475958108902
87977,-0.07873660326004028
81911,-0.029515603557229042
62494,-0.05233931541442871
98355,-0.036832839250564575
13701,-0.05279546603560448
60982,-0.042392797768116
92575,-0.042985979467630386
48249,-0.06752510368824005
34171,-0.049757517874240875
89055,-0.05283583328127861
20920,-0.030910134315490723
44323,-0.030567724257707596
93856,-0.036314282566308975
29936,-0.08333771675825119
84606,-0.05226091295480728
14714,-0.04234263673424721
98673,-0.04949502274394035
103736,-0.04360528662800789
82642,-0.04246329516172409
12030,-0.03517888858914375
51674,-0.04436038061976433
12718,-0.0494498647749424
106852,-0.06313937902450562
16294,-0.026189319789409637
66475,-0.04761311411857605
41485,-0.04407148435711861
30323,-0.04901920258998871
83992,-0.05710633844137192
54682,-0.05322530120611191
92127,-0.05404307693243027
35902,-0.043796196579933167
28139,-0.36550813913345337
90412,-0.039652373641729355
74418,-0.03651716560125351
78510,-0.057036641985177994
100330,-0.03849679231643677
29036,-0.04404650256037712
44485,-0.0354330874979496
16848,-0.03552340716123581
10544,-0.024614548310637474
94780,-0.035956356674432755
21582,-0.08482044190168381
87225,-0.04804324731230736
93669,-0.04348933324217796
87901,-0.04896460473537445
49697,-0.06789040565490723
5036,-0.045055534690618515
67043,-0.04231783747673035
85540,-0.05018242076039314
43921,-0.06433325260877609
12644,-0.050306446850299835
2676,-0.07923439890146255
58412,-0.046024274080991745
12909,-0.05303064361214638
95061,-0.04805460944771767
61837,-0.030269378796219826
93884,-0.03916256129741669
8939,-0.05425199121236801
84360,-0.038688793778419495
75469,-0.06549398601055145
16441,-0.05072930455207825
26500,-0.05140600726008415
26617,-0.07783181220293045
70080,-0.04563039913773537
4320,-0.04455707594752312
87274,-0.04743566736578941
77249,-0.04477037489414215
49626,-0.03774184733629227
6237,-0.06119969114661217
35626,-0.26300719380378723
102000,-0.05485782027244568
83002,-0.03755609318614006
104492,-0.04674648866057396
18532,-0.040072545409202576
87016,-0.02628210000693798
90720,-0.05295353755354881
93144,-0.04843129217624664
47367,-0.05627179145812988
98201,-0.05627911537885666
97722,-0.05032084137201309
41849,-0.06141170859336853
26633,-0.038321733474731445
77169,-0.04772302508354187
57349,-0.03736697509884834
91177,-0.04570328816771507
22794,-0.04744282737374306
14637,-0.018849531188607216
104038,-0.09695079922676086
49505,-0.07190776616334915
39769,-0.050789471715688705
75395,-0.061045385897159576
84177,-0.08407195657491684
90804,-0.05023287236690521
17129,-0.045739274471998215
24386,-0.032029371708631516
73235,-0.048524755984544754
40321,-0.050917498767375946
93445,-0.04659983515739441
101488,-0.03639072924852371
62,-0.053088072687387466
150,-0.04775336757302284
26870,-0.05196308717131615
85644,-0.047253865748643875
16864,-0.03233746439218521
9800,-0.0501134879887104
60156,-0.038195639848709106
100967,-0.048752084374427795
91352,-0.053567271679639816
84613,-0.051150400191545486
46913,-0.0470365472137928
58417,-0.042358290404081345
45651,-0.04455103352665901
42020,-0.040013447403907776
34497,-0.059069372713565826
92156,-0.029410388320684433
96062,-0.05177757889032364
15862,-0.0355159267783165
19527,-0.04324299469590187
51620,-0.053257737308740616
83964,-0.046095769852399826
11283,-0.035982344299554825
56397,-0.04917355999350548
70095,-0.038510095328092575
5355,-0.06276148557662964
3853,-0.04388986900448799
82993,-0.030696865171194077
82541,-0.03362571448087692
8571,-0.055837854743003845
59954,-0.04995281249284744
32906,-0.04396026208996773
80732,-0.05324304476380348
25197,-0.046548061072826385
19175,-0.046284835785627365
65975,-0.04090389236807823
35001,-0.06828808039426804
7468,-0.06598011404275894
81927,-0.035311002284288406
100585,-0.06998791545629501
41885,-0.04199817404150963
19845,-0.046187520027160645
14709,-0.03238270431756973
86121,-0.04998717084527016
50416,-0.05637906491756439
39496,-0.0476335734128952
92117,-0.03458255156874657
41500,-0.03502983972430229
90525,-0.04293082281947136
55859,-0.06253676116466522
59665,-0.05754422768950462
62490,-0.03091198392212391
15347,-0.0574861541390419
104307,-0.02764856070280075
74223,-0.04469969868659973
11063,-0.045780498534440994
83506,-0.0649614930152893
6916,-0.0393492765724659
79549,-0.04440223425626755
80961,-0.015772119164466858
55185,-0.06186934560537338
86688,-0.04385233297944069
38336,-2.152850866317749
75289,-0.11407240480184555
31850,-0.05191204324364662
67058,-0.04508676007390022
3142,-0.057845234870910645
20576,-0.05064329877495766
58998,-0.03085164912045002
74310,-0.039252541959285736
20310,-0.03345106914639473
79457,-0.046347662806510925
54490,-0.047905080020427704
5551,-0.029811974614858627
26589,-0.03775309771299362
30949,-0.0417255163192749
80634,-0.04239416867494583
24053,-0.048042453825473785
105705,-0.04248157516121864
71481,-0.04982023686170578
76219,-0.03231126442551613
13259,-0.29945865273475647
10688,-0.024128949269652367
53517,-0.046229977160692215
43806,-0.41490697860717773
21306,-0.05215025693178177
58650,-0.050335805863142014
42221,-0.09982053935527802
28489,-0.05117781087756157
105906,-0.06324300915002823
44764,-0.04533810913562775
51940,-0.043124716728925705
53776,-0.06170796975493431
74872,-0.05335979536175728
86885,-0.05372002348303795
14008,-0.04475487023591995
80154,-0.0511036217212677
30459,-0.04826511815190315
36850,-0.059277575463056564
19357,-0.03870943561196327
103820,-0.05988362431526184
77806,-0.06198251619935036
43592,-0.049429669976234436
91314,-0.05474948137998581
102915,-0.07973910123109818
83656,-0.04318077489733696
34066,-0.04760004207491875
65063,-0.054310139268636703
105304,-0.043764133006334305
94799,-0.07143040001392365
81931,-0.04390515759587288
102755,-0.04252670332789421
91521,-0.06092649698257446
105307,-0.06690683960914612
4994,-0.05455545708537102
55303,-0.026085030287504196
13462,-0.04792167246341705
48714,-0.0456029511988163
18107,-0.05339562147855759
47219,-0.05567336082458496
69705,-0.04159596562385559
49115,-0.04068953916430473
24789,-0.05770784988999367
54685,-0.38220471143722534
13191,-0.04516002908349037
70514,-0.07752010226249695
97653,-0.0499405637383461
49100,-0.03816041350364685
66241,-0.07341007143259048
75096,-0.035011306405067444
51437,-0.0426814928650856
3485,-0.05343709513545036
73283,-0.02703123912215233
78073,-0.06475804001092911
60245,-0.04134824499487877
91386,-0.0475224032998085
84247,-0.04971827194094658
46800,-0.04231486842036247
89578,-0.044732071459293365
102579,-0.07586508244276047
60142,-0.03667633607983589
12605,-0.03621932491660118
94193,-0.05062935873866081
3262,-0.03828215226531029
89167,-0.06175302341580391
89102,-0.07182689011096954
98102,-0.06767161935567856
92864,-0.052547454833984375
4026,-0.042916204780340195
78523,-0.048245012760162354
66934,-0.044490374624729156
30775,-0.052472010254859924
77984,-0.038733404129743576
61830,-0.03795935586094856
86793,-0.04336857050657272
3088,-0.05318901687860489
92361,-0.04603554680943489
70055,-0.03614792600274086
7589,-0.048264097422361374
7321,-0.0442713163793087
53376,-0.02962566912174225
61157,-0.055555976927280426
19255,-0.031224464997649193
52728,-0.03961983323097229
92812,-0.05486977845430374
7334,-0.04840312525629997
77022,-0.015317542478442192
1514,-0.03808341547846794
3021,-0.04666468873620033
72,-0.047436803579330444
51949,-0.05369449034333229
39748,-0.04765085130929947
24668,-0.05088102072477341
69159,-0.043482255190610886
299,-0.06582129746675491
88560,-0.1073056310415268
53647,-0.032620999962091446
37116,-0.04561753198504448
88047,-0.044255007058382034
104297,-0.02952497825026512
18150,-0.06954120844602585
41495,-0.054337237030267715
87072,-0.08409201353788376
84509,-0.05098932236433029
66345,-0.05431736633181572
85910,-0.041623979806900024
93319,-0.9120350480079651
99571,-0.04809676110744476
69020,-0.07341749221086502
45649,-0.048234447836875916
19278,-0.04801882058382034
39419,-0.0254193264991045
90724,-0.07599203288555145
29701,-0.05829674378037453
95971,-0.049861181527376175
88105,-0.07353290915489197
34031,-0.07669326663017273
6197,-0.058701176196336746
80768,-0.060409292578697205
101621,-0.08395172655582428
50213,-0.04806347191333771
29831,-0.045113082975149155
97230,-0.0521254763007164
6515,-0.04270068556070328
44625,-0.03845354542136192
80198,-0.040626585483551025
31448,-0.05132243409752846
92797,-0.05525879189372063
81488,-0.044920600950717926
82624,-0.054103948175907135
101000,-0.04714776948094368
68204,-0.012837035581469536
106980,-0.048843931406736374
46656,-0.04563404619693756
29895,-0.04930531233549118
48271,-0.038282036781311035
59674,-0.05636013671755791
17209,-0.038517095148563385
70143,-0.03565961495041847
22053,-0.029889611527323723
29008,-0.049661897122859955
2770,-0.07130885869264603
101525,-0.049846209585666656
87696,-0.06309685111045837
39562,-0.04259810224175453
49435,-0.06837670505046844
40823,-0.047104328870773315
63705,-0.06675385683774948
56819,-0.039716534316539764
97881,-0.03138066828250885
6760,-0.03406939655542374
28540,-0.07060939073562622
78209,-0.06126999482512474
91063,-0.0655582994222641
102830,-0.057584065943956375
18571,-0.06741445511579514
40967,-0.054777808487415314
64391,-0.0443514883518219
71605,-0.04946110025048256
8656,-0.0461554192006588
23453,-0.0658339112997055
8292,-0.03921597823500633
68623,-0.0478200800716877
70141,-0.05245096981525421
93759,-0.07518461346626282
47030,-0.04270639643073082
56920,-0.0508086197078228
58010,-0.048997633159160614
71866,-0.03054344467818737
7377,-0.036615774035453796
6387,-0.03984403982758522
73694,-0.06821259111166
34839,-0.04163530096411705
8274,-0.06489088386297226
10859,-0.04253881052136421
98069,-0.04414380341768265
50225,-0.03528246283531189
33496,-0.04610089212656021
97355,-0.04183310270309448
77204,-0.043981023132801056
51034,-0.05488625541329384
98613,-0.03372299671173096
102538,-0.029623353853821754
26262,-0.03962544724345207
27246,-0.050587765872478485
61517,-0.03742416203022003
48877,-0.051092859357595444
97466,-0.03478210046887398
20765,-0.04204389452934265
50907,-0.051774974912405014
20357,-0.054528817534446716
89118,-0.0557645745575428
88826,-0.06220075488090515
79998,-0.0502784438431263
23686,-0.03417469933629036
44738,-0.03688052296638489
47441,-0.044178590178489685
26675,-0.05060136690735817
89018,-0.028722455725073814
54426,-0.045708298683166504
26917,-0.039137572050094604
39330,-0.13069702684879303
72454,-0.043367426842451096
512,-0.02706511877477169
27000,-0.11683304607868195
16916,-0.05400434136390686
82601,-0.04988681152462959
50585,-0.048314303159713745
90157,-0.04770165681838989
99011,-0.031020507216453552
11090,-0.04989304766058922
56882,-0.04290090128779411
46807,-0.050593435764312744
26274,-0.05221644788980484
21057,-0.0461326502263546
107016,-0.06642875075340271
29285,-0.059297237545251846
26994,-0.04871927201747894
54882,-0.05272626131772995
97151,-0.048360418528318405
101908,-0.05022097006440163
58321,-0.05712942034006119
72935,-0.04131587594747543
35038,-0.0477556437253952
31558,-0.11885058134794235
30229,-0.05230673402547836
66387,-0.025768382474780083
106184,-0.05339403823018074
32157,-0.057293787598609924
37322,-0.04858517274260521
97778,-0.06841611117124557
100556,-0.04663362726569176
21107,-0.05195516347885132
14565,-0.04362936690449715
106771,-0.04396471008658409
31702,-0.05923544242978096
28968,-0.04936567693948746
15262,-0.03109261952340603
106853,-0.047173015773296356
84107,-0.04743566736578941
36081,-0.04469924047589302
99310,-0.028856350108981133
85288,-0.04448239505290985
31700,-0.03595210239291191
69457,-0.01914837956428528
65445,-0.059434402734041214
51328,-0.05960838496685028
23469,-0.047218840569257736
41656,-0.04108547791838646
68236,-0.03029065951704979
4543,-0.043074820190668106
105551,-1.83079993724823
106499,-0.03424842655658722
33682,-0.046497881412506104
82662,-0.042701710015535355
96711,-0.029285714030265808
8946,-0.06431983411312103
52833,-0.02550578862428665
100177,-0.034701157361269
75365,-0.04747454449534416
56614,-0.03771509975194931
93146,-0.056265369057655334
15623,-0.029834190383553505
61031,-0.07515862584114075
40030,-0.07025620341300964
63009,-0.07232104241847992
50512,-0.028675541281700134
33745,-0.054860979318618774
77126,-0.045701123774051666
58831,-0.06702245026826859
85528,-0.03535496070981026
86769,-0.048298172652721405
12353,-0.05138007551431656
5033,-0.08771128952503204
43805,-0.07651792466640472
8236,-0.04150722175836563
1005,-0.04704609885811806
44333,-0.049446236342191696
38577,-0.057520028203725815
62334,-0.04018156975507736
27401,-0.04617636278271675
78839,-0.04548027738928795
3940,-0.0320311039686203
23793,-0.039346639066934586
100263,-0.03807366266846657
102002,-0.25589892268180847
51731,-0.03549889847636223
65989,-0.04820309579372406
59878,-0.03383513540029526
28048,-0.04466903209686279
77972,-0.06148648262023926
105413,-0.04710250720381737
10633,-0.052267927676439285
84009,-0.06239946186542511
69394,-0.04469069093465805
68091,-0.03420061990618706
12153,-0.057679492980241776
83996,-0.050210196524858475
94985,-0.05850555747747421
84160,-0.038237519562244415
102031,-0.048043929040431976
88072,-0.06087624654173851
54589,-0.04615849256515503
6543,-0.04912078380584717
1951,-0.05363856628537178
80496,-0.051327869296073914
28686,-0.04681827127933502
46858,-0.04157137870788574
24178,-0.05631483718752861
15417,-0.04392991587519646
61325,-0.026749826967716217
96179,-0.04700515419244766
19755,-0.17649579048156738
80528,-0.038068611174821854
35917,-0.048357125371694565
85424,-0.043702173978090286
21490,-0.22859475016593933
55313,-0.0726984441280365
13235,-0.06708833575248718
17378,-0.05278359353542328
3754,-0.06279876828193665
7603,-0.05538196116685867
38664,-0.05272252857685089
75116,-0.048683051019907
65638,-0.06349487602710724
53353,-0.044225580990314484
100516,-0.029711535200476646
18288,-0.04876650497317314
85445,-0.0500832125544548
67231,-0.009502654895186424
72174,-0.04071231558918953
34922,-0.05013265088200569
71299,-0.044498927891254425
105802,-0.038889702409505844
87938,-0.057007815688848495
35328,-0.03038155846297741
15184,-0.031042350456118584
62637,-0.046131398528814316
14237,-0.04111865907907486
95613,-0.05224405601620674
9311,-0.038613900542259216
6338,-0.046190135180950165
66264,-0.05527954548597336
72899,-0.048578131943941116
100726,-0.06392046809196472
86966,-0.48377707600593567
75358,-0.057792577892541885
65405,-0.05081961303949356
16911,-0.04014572501182556
8692,-0.0499904602766037
100578,-0.06535273790359497
84090,-0.050554901361465454
45411,-0.04883280768990517
90547,-0.04592715948820114
62081,-0.043273020535707474
89570,-0.04627892002463341
105449,-0.050185028463602066
66998,-0.03998756408691406
69996,-0.026828862726688385
56064,-0.05593153461813927
103577,-0.04823308438062668
35449,-0.08413990586996078
35385,-0.03325967490673065
39853,-0.07115443795919418
101610,-0.05713144689798355
40619,-0.06914971023797989
17788,-0.04019416496157646
81583,-0.033830754458904266
35278,-0.06194934993982315
15496,-0.042091671377420425
46000,-0.04080788046121597
1795,-0.050018467009067535
43415,-0.05689036101102829
291,-0.05365472286939621
38181,-0.04509348422288895
55029,-0.06898872554302216
34803,-0.05257052555680275
55045,-0.05602159723639488
46367,-0.04214641824364662
62574,-0.03303490951657295
94354,-0.06989332288503647
96625,-0.040560998022556305
21468,-0.038458019495010376
76612,-0.04172094166278839
19753,-0.03592335060238838
34261,-0.05351743847131729
56113,-0.054636504501104355
15452,-0.04648559167981148
27416,-0.04623794183135033
48539,-0.036283474415540695
85145,-0.03779614344239235
18354,-0.05135629326105118
18244,-0.04093948006629944
55640,-0.11581111699342728
47570,-0.04789746552705765
74054,-0.04938451200723648
5058,-0.06988698989152908
17045,-0.0549180768430233
105717,-0.06537630409002304
29187,-0.03132336586713791
37420,-0.046845342963933945
38161,-0.037855830043554306
106344,-0.04579256847500801
70853,-0.05319557338953018
46322,-0.043199729174375534
6538,-0.04499935358762741
72697,-0.04923461377620697
97920,-0.04772620648145676
56360,-0.04936329275369644
40525,-0.043269939720630646
46536,-0.06591013818979263
74034,-0.04908764362335205
43594,-0.04453814774751663
100866,-0.04417300224304199
38073,-0.029344521462917328
59899,-0.042639341205358505
3724,-0.04553256183862686
79957,-0.047227825969457626
13422,-0.0451631061732769
26786,-0.06654831767082214
39319,-2.081418514251709
18657,-0.03713773190975189
15823,-0.06162469461560249
102599,-0.04816379025578499
66427,-0.0368003211915493
52079,-0.0679728239774704
37002,-0.06701888144016266
49086,-0.0658721923828125
28115,-0.17440104484558105
98844,-0.052858900278806686
27917,-0.03833584487438202
64994,-0.05014421418309212
72140,-0.029477177187800407
35277,-0.0786466896533966
53684,-0.05882302299141884
93054,-0.03564535081386566
44188,-0.06925515830516815
49190,-0.04344641789793968
15979,-0.04930610582232475
50195,-0.03787408024072647
5878,-0.04436083883047104
43508,-0.04830748960375786
62207,-0.03740774095058441
76999,-0.05084340646862984
30839,-0.07248004525899887
40160,-0.0475742407143116
86895,-0.02485993318259716
104572,-0.07651140540838242
20661,-0.03755459934473038
94376,-0.03905365616083145
549,-0.048992641270160675
33591,-0.05994346737861633
32334,-0.05224892124533653
80680,-0.05526770278811455
66911,-0.06900129467248917
101640,-0.03671368211507797
55786,-0.056796662509441376
50889,-0.04397577792406082
47434,-0.03602960705757141
80157,-0.07313809543848038
73354,-0.05286308377981186
30185,-0.07542309165000916
21137,-0.06613120436668396
36235,-0.048173561692237854
65221,-0.04930281266570091
100973,-0.0336747020483017
41736,-0.04832884296774864
60659,-0.05667377635836601
55254,-0.04427610710263252
97165,-0.038619980216026306
45498,-0.04669995605945587
36819,-0.06124084070324898
2263,-0.08909998834133148
19482,-0.037550006061792374
481,-0.07731147110462189
83893,-0.0438743531703949
81124,-0.03449399396777153
99520,-0.028704268857836723
57905,-0.06748154014348984
11179,-0.037412334233522415
88133,-0.03296005353331566
84405,-0.0469842292368412
55684,-0.07400330156087875
90310,-0.054692935198545456
39133,-0.0646493211388588
10350,-0.04100195690989494
27036,-0.052569735795259476
29858,-0.0383894182741642
68022,-0.04700140282511711
89283,-0.04480867460370064
70631,-1.3014016151428223
28055,-0.05371640995144844
62587,-0.04733550176024437
102721,-0.04381365329027176
105913,-0.04778257757425308
94589,-0.044422075152397156
56437,-0.03751923516392708
40514,-0.04764164611697197
102125,-0.04883836954832077
40771,-0.026173293590545654
44858,-0.040463805198669434
98624,-0.04871416091918945
92222,-0.04770233854651451
11344,-0.05116670951247215
14991,-0.04934230446815491
101078,-0.03687374293804169
96328,-0.044551145285367966
19565,-0.039328645914793015
84603,-0.04702824354171753
70089,-0.04496345296502113
87015,-0.04645668715238571
75449,-0.04041789844632149
51372,-0.0533469133079052
32632,-0.0425262451171875
22313,-0.032141007483005524
39923,-0.09967197477817535
12179,-0.029739655554294586
59346,-0.03472200036048889
26935,-0.0477166585624218
55296,-0.05093936622142792
106127,-0.04733811691403389
43033,-0.047890082001686096
7375,-0.04865659400820732
738,-0.043006762862205505
83984,-0.05440272018313408
71556,-0.2853486239910126
24649,-0.05218024179339409
46866,-0.04838154464960098
1177,-0.03126663714647293
55964,-0.03276025876402855
70811,-0.04201783612370491
3101,-0.04758265241980553
56164,-0.04820775240659714
99319,-0.05499435216188431
63891,-0.030606573447585106
42324,-0.047602541744709015
19250,-0.04540042579174042
3836,-0.029172368347644806
66176,-0.04966960847377777
21763,-0.05205192416906357
97198,-0.039367612451314926
65280,-0.13012917339801788
22078,-0.04847058653831482
34758,-0.034980688244104385
28904,-0.0495021678507328
98450,-0.032272253185510635
22911,-0.03342097997665405
66745,-0.051788896322250366
22343,-0.049195460975170135
16396,-0.03580351173877716
35882,-0.044375550001859665
75364,-0.13669353723526
6319,-0.04959598928689957
7977,-0.05144224315881729
56091,-0.02551485411822796
21635,-0.05085643380880356
57416,-0.037112463265657425
31734,-0.037886131554841995
24139,-0.04379642382264137
30143,-0.05882976949214935
27508,-0.04370947554707527
7109,-0.04982590675354004
28644,-0.0380968414247036
41673,-0.05256611481308937
49619,-0.05721047893166542
18491,-0.05602080747485161
95292,-0.03046100214123726
9760,-0.04822763428092003
10222,-0.04230983927845955
80480,-0.04185539484024048
53545,-0.03669184818863869
20625,-0.04614027962088585
77596,-0.05632486566901207
22175,-0.047401558607816696
33721,-0.05660427361726761
105986,-0.04451306536793709
16798,-0.051062051206827164
89143,-0.044857800006866455
63701,-0.04896335303783417
44219,-0.04797575995326042
54963,-0.046336282044649124
39620,-0.03513745591044426
56293,-0.03704492002725601
54135,-0.04789099097251892
95599,-0.034588541835546494
17022,-0.04537935182452202
49880,-0.06803374737501144
28119,-0.04188935086131096
71651,-0.02406948246061802
47348,-0.04374256730079651
81945,-0.04851215332746506
50920,-0.04472067207098007
90637,-0.04683396965265274
55655,-0.0459311418235302
62941,-0.04127732664346695
64372,-0.036522336304187775
7304,-0.030558938160538673
32520,-0.04054462909698486
71344,-0.044712238013744354
58410,-0.04826727882027626
13184,-0.028046566992998123
44331,-0.06310390681028366
43791,-0.04812527820467949
17232,-0.018670298159122467
54897,-0.04732947796583176
765,-0.05455997213721275
37380,-0.05070482939481735
81060,-0.044306669384241104
68905,-0.031739428639411926
83301,-0.04965100809931755
42923,-0.03956998884677887
23076,-0.6631234884262085
10281,-0.056504011154174805
31748,-0.04681667685508728
67737,-0.03538522124290466
65211,-0.04898480698466301
70362,-0.032953135669231415
26257,-0.02998332493007183
56940,-0.048061881214380264
65813,-0.050484634935855865
92988,-0.04637554660439491
16122,-0.05118913576006889
84680,-0.04667367413640022
27274,-0.0634714886546135
16499,-0.043990034610033035
55898,-0.05638018995523453
24751,-0.043118320405483246
89006,-0.06059051305055618
6031,-0.045075707137584686
1205,-0.056661948561668396
51698,-0.05763481929898262
67654,-0.04320680722594261
25205,-0.07016196846961975
80702,-0.059621527791023254
52308,-0.06313703209161758
87803,-0.06892163306474686
94807,-0.037029754370450974
93477,-0.0559488944709301
53829,-0.05747343599796295
84772,-0.04458808898925781
228,-0.05025701969861984
37489,-0.04713969677686691
20495,-0.039701640605926514
90411,-0.04117769002914429
19363,-0.034619979560375214
4982,-0.3085290789604187
79133,-0.057917460799217224
97768,-0.04929487034678459
89516,-0.049450092017650604
42386,-0.05017278343439102
83318,-0.04502055048942566
16592,-0.0378425158560276
98504,-0.047039732336997986
26521,-0.05274706706404686
33722,-0.028508024290204048
19597,-0.05042048171162605
16796,-0.04355906695127487
32394,-0.02838265709578991
9792,-0.051860883831977844
80507,-0.21601417660713196
66828,-0.07058528810739517
36837,-0.03470795229077339
89000,-0.043504055589437485
90354,-0.05734466761350632
24923,-0.0664467066526413
78251,-0.039359476417303085
71058,-0.03775527700781822
4675,-0.0222366563975811
78882,-0.035922084003686905
66181,-0.03793364763259888
106231,-0.029623007401823997
44901,-0.043348249047994614
104733,-0.3715449273586273
52939,-0.05364726483821869
54295,-0.04522440582513809
47718,-0.03995194286108017
96189,-0.04398239403963089
71678,-0.06666598469018936
21975,-0.03877468779683113
23230,-0.05171758309006691
74979,-0.031748320907354355
31343,-0.05088747665286064
37690,-0.035065289586782455
64014,-0.04168538376688957
79553,-0.027653547003865242
17285,-0.058090586215257645
18395,-0.035374175757169724
102935,-0.04195885360240936
44006,-0.040343593806028366
53481,-0.03467974066734314
80909,-0.0498335063457489
86409,-0.06453488767147064
83439,-0.05446763336658478
66298,-0.06784362345933914
102980,-0.03996133431792259
36916,-0.05451470986008644
83407,-0.06054854765534401
102149,-0.0537521094083786
57269,-0.04458512365818024
72800,-0.048272956162691116
93810,-0.055845070630311966
89535,-0.03707960993051529
79225,-0.04766073822975159
74314,-0.04696284607052803
89169,-0.05074063688516617
96248,-0.055495645850896835
95740,-0.06553775817155838
64451,-0.06566033512353897
58200,-0.03662634640932083
63294,-0.05364556983113289
99139,-0.0501880906522274
43370,-0.03423183783888817
89845,-0.06381120532751083
3479,-0.04266584292054176
23489,-0.04400201514363289
70085,-0.04101625829935074
54886,-0.05055410787463188
94038,-0.04875662550330162
91086,-0.038474537432193756
47252,-0.049678683280944824
69541,-0.05896587297320366
95949,-0.048425838351249695
17451,-0.04440257325768471
30838,-0.05690939351916313
58315,-0.0518454909324646
73213,-0.049776799976825714
30924,-0.04869383946061134
32505,-0.05120827630162239
103443,-0.04449276998639107
79900,-0.07264246046543121
64862,-0.038051169365644455
30456,-0.023314394056797028
99152,-0.04231475293636322
1901,-0.043504055589437485
17049,-0.050737351179122925
5894,-0.06269990652799606
10665,-0.051425594836473465
30536,-0.049377478659152985
50878,-0.05124519765377045
92809,-0.030013171955943108
39864,-0.043874580413103104
101957,-0.05743313953280449
57285,-0.0628788098692894
14329,-0.04547925293445587
66872,-0.048570066690444946
94020,-0.048586875200271606
48685,-0.0386306457221508
27119,-0.0424172468483448
46397,-0.05266270413994789
10133,-0.1871342957019806
36017,-0.053918611258268356
37527,-0.03964698687195778
76263,-0.037700291723012924
2560,-0.0658794492483139
2662,-0.030520550906658173
106427,-0.048276934772729874
40163,-0.04743111878633499
100345,-0.0521065779030323
98682,-0.03203664347529411
25789,-0.05229213833808899
67820,-0.040907781571149826
59591,-0.07180436700582504
2269,-0.04714936017990112
19494,-0.052543267607688904
79641,-0.04809165000915527
14432,-0.05781013146042824
94686,-0.03683215007185936
46365,-0.042388685047626495
52584,-0.02947995439171791
89365,-0.03793996199965477
81199,-0.047587085515260696
70712,-0.053357649594545364
63089,-0.05699159950017929
52567,-0.050920672714710236
41571,-0.05090503767132759
47361,-0.04887685552239418
73083,-0.06231680139899254
90557,-0.051434654742479324
64735,-0.0440024696290493
71108,-0.03795568645000458
87464,-0.03837932273745537
70003,-0.047046441584825516
17270,-0.04495319724082947
20924,-0.05541004613041878
27207,-0.06796146929264069
93294,-0.035532839596271515
19858,-0.06038976460695267
22,-0.057769399136304855
49371,-0.03775389865040779
85587,-0.060859423130750656
65258,-0.03374040126800537
81090,-0.04798927903175354
28146,-0.06838472187519073
68187,-0.0620691254734993
39921,-0.04762936756014824
26644,-0.04384320601820946
43284,-0.05362444370985031
94367,-0.03371630981564522
72801,-0.06431178748607635
14197,-0.040937650948762894
26273,-0.07797881215810776
61001,-0.04553449898958206
47789,-0.024747366085648537
67460,-0.06393355131149292
57393,-0.055565450340509415
36379,-0.04769790545105934
94624,-0.10007122904062271
615,-0.04107563942670822
72048,-0.05856480821967125
66036,-0.03343227878212929
14899,-0.06922979652881622
105042,-0.03112000785768032
99430,-0.047088634222745895
18239,-0.04108216241002083
15965,-0.07102975249290466
72704,-0.033603813499212265
13018,-0.03281955420970917
23958,-0.03732827305793762
41950,-0.057279713451862335
105425,-0.05471234768629074
87752,-0.030104441568255424
7327,-0.0750962570309639
16772,-0.0722375363111496
13973,-0.046313975006341934
27322,-0.05306704342365265
55624,-0.03798254206776619
83263,-0.04653304070234299
29260,-0.02651558443903923
8978,-0.0434211902320385
17217,-0.40755322575569153
35489,-0.07045108824968338
43040,-0.05280779302120209
90491,-0.04854020103812218
34960,-0.08845214545726776
99779,-0.021465830504894257
9631,-0.040081705898046494
82917,-0.042109958827495575
28657,-0.061742376536130905
72365,-0.050936080515384674
24415,-0.05487282574176788
84084,-0.042073726654052734
4944,-0.05112253502011299
81767,-0.045171309262514114
100930,-0.04736347123980522
30692,-0.05050526186823845
56344,-0.032784830778837204
98782,-0.06453779339790344
2164,-0.05053042247891426
24949,-0.04628847911953926
103937,-0.04813811555504799
93064,-0.048590850085020065
37866,-0.05889753997325897
23562,-0.05835893005132675
105861,-0.04757094383239746
20541,-0.08156650513410568
88399,-0.061350833624601364
37955,-0.0571698397397995
31536,-0.06771106272935867
46676,-0.0425545796751976
35175,-0.04184522107243538
100936,-0.03034212440252304
101447,-0.9495718479156494
11041,-0.04194902256131172
42194,-0.07957926392555237
99532,-0.035072773694992065
46596,-0.048000529408454895
21233,-0.07117408514022827
27154,-0.04239828139543533
53112,-0.050137411803007126
5790,-0.08038260042667389
64198,-0.053869590163230896
70538,-0.031408973038196564
26779,-0.05451922491192818
1691,-0.04915199428796768
81757,-0.18766900897026062
15392,-0.054660432040691376
1332,-0.04183630272746086
53535,-0.05607941746711731
102852,-0.051297519356012344
105946,-0.04793371632695198
10256,-0.05893148481845856
82927,-0.014715231023728848
30371,-0.04540487006306648
46489,-0.0327456071972847
58019,-0.0545683279633522
71955,-0.04218687862157822
37356,-0.07978059351444244
42292,-0.04364226385951042
20087,-0.06983273476362228
24074,-0.05314255878329277
64692,-0.06802438944578171
96112,-0.05277002230286598
55120,-0.04082218557596207
51971,-0.06422146409749985
27252,-0.0408465601503849
77781,-0.04517233744263649
13135,-0.034241627901792526
33840,-0.05024545639753342
78330,-0.04460473358631134
84185,-0.038281578570604324
42654,-0.03950914368033409
17109,-0.039758119732141495
60530,-0.0542365200817585
32772,-0.04386579617857933
49208,-0.0683935135602951
94561,-0.09174328297376633
16723,-0.036197248846292496
79821,-1.116634726524353
6106,-0.038431864231824875
78275,-0.07091160118579865
7689,-0.03920990228652954
2328,-0.055865924805402756
66480,-0.057284217327833176
37355,-0.04845025762915611
80884,-0.05385897308588028
103705,-0.309919148683548
59714,-0.05626367777585983
100837,-0.13280518352985382
56301,-0.05660269781947136
5411,-0.04594457894563675
9658,-0.06110908463597298
39760,-0.046759456396102905
23202,-0.04699412360787392
48343,-0.021186115220189095
91294,-0.04630463942885399
74660,-0.04025943577289581
6399,-0.04195507988333702
9119,-0.060152050107717514
58061,-0.02346694841980934
28351,-0.052141543477773666
105514,-0.05136014521121979
53114,-0.053830619901418686
20750,-0.04252875968813896
46578,-0.025291480123996735
52358,-0.03474836423993111
98343,-0.0609033927321434
89694,-0.044098861515522
12697,-0.05091863125562668
73166,-0.059093981981277466
80002,-0.048752427101135254
41069,-0.0650978833436966
2034,-0.04788167029619217
8928,-0.04773666337132454
68185,-0.04042087495326996
83161,-0.04931461438536644
12405,-0.055567480623722076
3471,-0.047166191041469574
66568,-0.03407999500632286
105055,-0.04538983106613159
67896,-0.044992174953222275
15905,-0.03697139769792557
65908,-0.046448949724435806
54125,-0.05181844159960747
4385,-0.036868687719106674
41533,-0.029078928753733635
4209,-0.041704822331666946
6676,-0.10883944481611252
54989,-0.04855995997786522
46181,-0.17233982682228088
61799,-0.049338217824697495
22469,-0.05700184777379036
107157,-0.04404821619391441
20637,-0.07049264013767242
57612,-0.062042348086833954
83711,-0.048506926745176315
39352,-0.045673906803131104
7947,-0.04394406080245972
7607,-0.03605099394917488
68904,-0.048520784825086594
37781,-0.04714970290660858
79615,-0.06524653732776642
18733,-0.0335814505815506
12398,-0.050673894584178925
66207,-0.04627140611410141
56608,-0.031047897413372993
102448,-0.047531384974718094
12244,-0.10087896883487701
4832,-0.0482778400182724
42673,-0.050397470593452454
903,-0.042913008481264114
37244,-0.038219619542360306
69436,-0.04093776270747185
25689,-0.02673381008207798
39049,-0.04941719025373459
102646,-1.0350918769836426
68325,-0.05028422549366951
57463,-0.03869200497865677
48178,-0.06787670403718948
23014,-0.03845331445336342
80092,-0.044001102447509766
103270,-0.07048164308071136
23921,-0.05802140757441521
64591,-0.04576854035258293
91253,-0.05733926594257355
31515,-0.04483089968562126
26218,-0.06274838745594025
15596,-0.06044991686940193
13413,-0.05452035367488861
11049,-0.042046867311000824
82461,-0.040053993463516235
11982,-0.030942264944314957
65915,-0.04953518137335777
40511,-0.05457904934883118
22433,-0.0352180190384388
58141,-0.0497208796441555
2750,-0.04967993125319481
25979,-0.03662347421050072
10155,-0.0633174255490303
99776,-0.03331548348069191
40215,-0.04738007113337517
105401,-0.03714313358068466
2384,-0.04433335363864899
69519,-0.05408678576350212
83363,-0.04522041976451874
37895,-0.0389094240963459
98191,-0.03676757588982582
98740,-0.03894863650202751
88686,-0.03589390963315964
106492,-0.04730639606714249
74955,-0.039061907678842545
39688,-0.05665586516261101
86780,-0.06446011364459991
28423,-0.049770332872867584
54109,-0.06303350627422333
72700,-0.04948333650827408
60079,-0.05581767484545708
68108,-0.05386269837617874
72120,-0.06407678872346878
40885,-0.05111188814043999
101144,-0.04455650597810745
68920,-0.05512748286128044
8266,-0.04723123461008072
29163,-0.01801111176609993
57837,-0.0443182997405529
26281,-0.03739660233259201
81402,-0.05164184793829918
39021,-0.05890271067619324
61529,-0.058965422213077545
52587,-0.058388616889715195
56985,-0.07661917805671692
63064,-0.05507998540997505
94357,-0.04799541458487511
91353,-0.05001756176352501
85931,-0.03157184645533562
4918,-0.21236099302768707
50729,-0.06108957156538963
57826,-0.04108433425426483
71191,-0.04797973483800888
105774,-0.0355045385658741
10023,-0.047762345522642136
41218,-0.15595361590385437
98238,-0.05667231231927872
37995,-0.046028487384319305
83325,-0.04302800074219704
51447,-0.06667077541351318
94497,-0.051906611770391464
30670,-0.07525824755430222
13858,-0.06310255825519562
34727,-0.0456947460770607
52123,-0.05048123374581337
52200,-0.03717747703194618
21611,-0.045301198959350586
65726,-0.044381022453308105
36502,-0.04505428299307823
102741,-0.06031041964888573
92910,-0.032664500176906586
66329,-0.03852890804409981
46266,-0.09627500921487808
93789,-0.045295730233192444
74483,-0.0469355471432209
82877,-0.03288530930876732
19578,-0.06668717414140701
3150,-0.05765889957547188
7795,-0.04896029084920883
100091,-0.04820116609334946
83204,-0.05203675851225853
80606,-0.0328553169965744
44874,-0.0452190525829792
93047,-0.061913833022117615
93488,-0.03756343945860863
1805,-0.047866784036159515
62917,-0.030941110104322433
17899,-0.04500459507107735
3849,-0.0539134182035923
7118,-0.053628623485565186
88547,-0.049555376172065735
97092,-0.05672040954232216
44105,-0.04481539875268936
37481,-0.024697590619325638
33563,-0.056194037199020386
61042,-0.03905434161424637
41714,-0.06376143544912338
70454,-0.046992987394332886
59857,-0.04244615510106087
51036,-0.04809948801994324
69184,-0.054339949041604996
3234,-0.0443083792924881
74841,-0.05365845188498497
23186,-0.052499834448099136
27181,-0.037991032004356384
100045,-0.05436444655060768
28886,-0.04957886040210724
73093,-0.038840051740407944
900,-0.10581857711076736
19020,-0.04472648724913597
88602,-0.05273722857236862
22700,-0.056319233030080795
7526,-0.050749361515045166
33457,-0.05040869116783142
76909,-0.04519706219434738
35423,-0.047662101686000824
81166,-0.047387007623910904
13660,-0.05175573006272316
14412,-0.04230824112892151
15714,-0.040830884128808975
22063,-0.04785769432783127
61727,-0.040373362600803375
106614,-0.044045932590961456
87164,-0.05715824291110039
46710,-0.046630214899778366
19162,-0.047027673572301865
3254,-0.036583248525857925
9038,-0.04623202234506607
95150,-0.05407300591468811
95704,-0.0363495759665966
83830,-0.05700241029262543
71414,-0.045125048607587814
38616,-0.057139214128255844
103614,-0.05089337006211281
88630,-0.057177379727363586
52521,-0.04971157759428024
93076,-0.04980810359120369
89485,-0.04259079322218895
40660,-0.04814140871167183
62817,-0.052225273102521896
34049,-0.04063883423805237
43571,-0.03233930841088295
60077,-0.041488923132419586
40460,-0.03951934352517128
22185,-0.02729656547307968
15237,-0.048179466277360916
66961,-0.06324726343154907
67110,-0.044734466820955276
40897,-0.05443195998668671
80317,-0.050934381783008575
83200,-0.05750269815325737
25955,-0.059883397072553635
60010,-0.04638248682022095
912,-0.06649422645568848
21643,-0.04104074463248253
30001,-0.06721407175064087
71796,-0.04352414235472679
74445,-0.05801701918244362
14690,-0.3549453020095825
45915,-0.045970991253852844
71040,-0.07485614717006683
19444,-0.05506836622953415
101898,-0.09848371148109436
19483,-0.031715523451566696
45070,-0.053219083696603775
96007,-0.04460575804114342
8226,-0.011013551615178585
14087,-0.046007879078388214
19621,-0.038974203169345856
68803,-0.06124936416745186
28496,-0.044934164732694626
15223,-0.03452888876199722
71389,-0.04682338982820511
18222,-0.04981694743037224
63426,-0.04851771518588066
2400,-0.05084476247429848
90638,-0.04187826067209244
93030,-0.04272821173071861
47044,-0.034772660583257675
95745,-0.1617857962846756
93733,-0.05934576690196991
9250,-0.04680439084768295
12306,-0.0662897527217865
64916,-0.03472672030329704
97639,-0.03797909617424011
93987,-0.05392550304532051
69833,-0.05071038007736206
65147,-0.03905170410871506
1571,-0.029125476256012917
52732,-0.05851871147751808
24727,-0.04150630906224251
36305,-0.05457510054111481
33909,-0.04947981983423233
36684,-0.08205026388168335
88787,-0.040619488805532455
5125,-0.03622185438871384
96456,-0.03648049756884575
100451,-0.03354986757040024
672,-0.0371982641518116
2769,-0.050204530358314514
9242,-0.061729710549116135
36840,-0.027171045541763306
92915,-0.03584284335374832
53862,-0.049438294023275375
92411,-0.05429139733314514
2898,-0.08331677317619324
19531,-0.08987337350845337
47770,-0.06156674399971962
94350,-0.05234304815530777
89205,-0.04722793772816658
59271,-0.05360342562198639
73559,-0.050406426191329956
35876,-0.04751615226268768
1124,-0.040128663182258606
55758,-0.04457007348537445
27800,-0.05035847797989845
95921,-0.05204162374138832
90850,-0.033793069422245026
67816,-0.05224427953362465
70511,-0.042661845684051514
12435,-0.04818662256002426
82454,-0.05838130787014961
78358,-0.04362354800105095
46740,-0.04526963829994202
100956,-0.05475489795207977
92319,-0.04551980644464493
18044,-0.06687751412391663
23905,-0.058356571942567825
5811,-0.08557067066431046
81252,-0.06646968424320221
62867,-0.04503878578543663
41210,-0.0434730090200901
43549,-0.04132285341620445
103807,-0.20592986047267914
60885,-0.10464748740196228
7522,-0.042192135006189346
85303,-0.029478564858436584
106575,-0.040757179260253906
20611,-0.03879567235708237
71692,-0.040010470896959305
2623,-0.044784851372241974
35836,-0.06196851283311844
20442,-0.04335681349039078
61523,-0.03907176852226257
77677,-0.049853693693876266
80546,-0.049618449062108994
36731,-0.0367620587348938
406,-0.03622967004776001
76807,-0.052260685712099075
30786,-0.04432491585612297
33955,-4.082551956176758
97280,-0.06255759298801422
59464,-0.04972439631819725
67539,-0.03075709380209446
24006,-0.037924811244010925
10504,-0.06954977661371231
4761,-0.03296339884400368
17116,-0.0533333495259285
45348,-0.04529869183897972
27158,-0.05588959902524948
95018,-0.042308926582336426
52617,-0.02862190641462803
92514,-0.04526326060295105
16579,-0.05741918459534645
88082,-0.048864707350730896
63377,-0.0969657301902771
100532,-0.058664415031671524
57329,-0.04953200742602348
16635,-0.04247197508811951
6974,-0.058473289012908936
17773,-0.045336171984672546
8296,-0.035453107208013535
99140,-0.07085685431957245
55910,-0.053098469972610474
18845,-0.06143009662628174
75295,-0.07872580736875534
21725,-0.046061959117650986
22226,-0.06739818304777145
96840,-0.04979925602674484
70051,-0.048016663640737534
34100,-0.043738119304180145
57844,-0.05097063258290291
70993,-0.04804302379488945
66414,-0.0452498160302639
46674,-0.06441328674554825
93752,-0.04696330055594444
92435,-0.0905534029006958
37500,-0.0586542971432209
56853,-0.05248445272445679
9443,-0.0498029999434948
99816,-0.027150163426995277
8717,-2.8293557167053223
75599,-0.053896814584732056
81971,-0.03670288249850273
85158,-0.04719553142786026
39350,-0.03873994201421738
52049,-0.060946911573410034
82140,-0.04033374786376953
6755,-0.05065213516354561
20683,-0.05154640972614288
83701,-0.09839361160993576
75241,-0.056358106434345245
95970,-0.056648094207048416
101659,-0.0513482540845871
47233,-0.044653527438640594
86028,-0.06033690646290779
41131,-0.047434981912374496
54595,-0.05630030110478401
77569,-0.05150043964385986
11808,-0.04385438561439514
92335,-0.056358106434345245
77221,-0.0460054911673069
58213,-0.05510525777935982
81687,-0.06358426064252853
88983,-0.0691734030842781
103781,-0.07506971806287766
5839,-0.06805891543626785
50704,-0.045044366270303726
41307,-0.054687295109033585
66524,-0.055717334151268005
66762,-0.046232935041189194
37291,-0.04658902436494827
35582,-0.0471356026828289
95763,-0.05555800721049309
57070,-0.04370537027716637
98262,-0.08737009018659592
102454,-0.05134066566824913
77409,-0.05207919329404831
96948,-0.04892021790146828
63730,-0.04790417104959488
96065,-0.047818828374147415
19142,-0.06481190025806427
80975,-0.24492652714252472
45052,-0.020146269351243973
72532,-0.04758504033088684
35240,-0.04723305627703667
4074,-0.04106820374727249
3116,-0.05035337805747986
40238,-0.0340937077999115
83980,-0.033489227294921875
71077,-0.16156157851219177
36494,-0.046162135899066925
102186,-0.01620127074420452
8686,-0.039618685841560364
33403,-0.04129974916577339
94903,-0.04257171228528023
98535,-0.04551149159669876
21363,-0.02987191081047058
27301,-0.04546797648072243
62190,-0.0480944886803627
194,-0.0491509735584259
59599,-0.04047628492116928
41074,-0.04098444804549217
27736,-0.01937020570039749
68224,-0.03832850232720375
2846,-0.06721184402704239
73329,-0.037310127168893814
5316,-0.036164481192827225
2706,-0.06096194311976433
18783,-0.04914291575551033
7565,-0.04183458909392357
71519,-0.053171947598457336
51119,-0.0546378567814827
73556,-0.046393983066082
3629,-0.05140985548496246
96197,-0.05269097536802292
76831,-0.058634962886571884
41283,-0.02928895503282547
57436,-0.04477117210626602
55158,-0.05507051199674606
13294,-0.057864923030138016
36363,-0.03246614336967468
92465,-0.04797496274113655
12609,-0.07713910937309265
73237,-0.048752427101135254
106084,-0.03416536748409271
425,-0.04622473940253258
16773,-0.043082352727651596
102694,-0.13940900564193726
75930,-0.04967755079269409
76772,-0.08626445382833481
73463,-0.05169641599059105
35492,-0.06199663504958153
100962,-0.027672911062836647
58898,-0.06209612265229225
18809,-0.030830495059490204
76369,-0.03731609880924225
103775,-0.03952392563223839
50947,-0.04928647354245186
107105,-0.04730719327926636
52820,-0.029097339138388634
35491,-0.03155763819813728
23943,-0.04108021780848503
28067,-0.048383474349975586
2091,-0.038826633244752884
19327,-0.046534519642591476
45743,-0.036053869873285294
11684,-0.04561718925833702
37212,-0.03679366037249565
98860,-0.04214299097657204
70244,-0.025807533413171768
87254,-0.049874674528837204
81809,-0.05945664271712303
39662,-0.0362495593726635
18993,-0.020367173478007317
102329,-0.04642288759350777
71104,-0.6826876997947693
103136,-0.0585600882768631
62301,-0.06257080286741257
97951,-0.04724578931927681
12261,-0.05145028233528137
29607,-0.05342884734272957
64961,-0.04263100400567055
105560,-0.03702366724610329
14058,-0.04027729853987694
25224,-0.04064558818936348
97216,-0.11409910023212433
66479,-0.026351071894168854
43400,-0.036716900765895844
103361,-0.053389858454465866
71857,-0.040000274777412415
102951,-0.057076163589954376
70474,-0.05817573145031929
1561,-0.04604567959904671
1056,-0.04971407353878021
5929,-0.04758287966251373
3326,-0.046299975365400314
472,-0.021975582465529442
105328,-0.04052276164293289
18584,-0.041661713272333145
14336,-0.05432436615228653
38718,-0.04473834112286568
81705,-0.050440315157175064
90578,-0.022416651248931885
21136,-0.05706704407930374
96526,-0.040301915258169174
70688,-0.05914173647761345
32076,-0.06758248805999756
79227,-0.03639405965805054
70403,-0.025558779016137123
36172,-0.04925503954291344
69145,-0.064225934445858
79692,-0.05147802084684372
92917,-0.047830305993556976
85506,-0.046879470348358154
15441,-0.04348248243331909
102805,-0.05096020922064781
53322,-2.9144675731658936
53628,-0.04911397397518158
67053,-0.05165781080722809
49664,-0.046985138207674026
52379,-0.03623461350798607
89927,-0.050324697047472
79306,-0.045414552092552185
61848,-0.053620148450136185
59894,-0.03654463216662407
6343,-0.050580400973558426
49379,-0.051607660949230194
43932,-0.030364790931344032
51891,-0.060652557760477066
47684,-0.04252224788069725
42368,-0.05366794019937515
94677,-0.04102037847042084
81349,-0.05025973916053772
101549,-0.03987989202141762
102583,-0.032449062913656235
102751,-0.0413515642285347
73545,-0.06584016233682632
87746,-0.05187458172440529
91360,-0.024979813024401665
50130,-0.04625888541340828
86506,-0.051196835935115814
43251,-0.03728566691279411
82991,-0.10406206548213959
1196,-0.03353315219283104
35346,-0.06137695536017418
95915,-0.05016995221376419
50942,-0.03875599801540375
94004,-0.036781132221221924
67116,-0.5906351208686829
85848,-0.044985562562942505
92443,-0.033593207597732544
27564,-0.06414029747247696
1052,-0.05848509445786476
56865,-0.05561551824212074
71213,-0.04746101796627045
97167,-0.07627870887517929
31611,-0.04247220605611801
97081,-0.04408038407564163
85914,-0.04557504877448082
77780,-0.05449642241001129
79735,-0.044117338955402374
38070,-0.0436096228659153
104624,-0.04038836061954498
85892,-0.07320047169923782
61573,-0.03784182667732239
106356,-0.057266656309366226
32933,-0.03630244359374046
68606,-0.0448964387178421
26191,-0.052961792796850204
72996,-0.03487524017691612
14888,-0.029030179604887962
15547,-0.04365355893969536
82169,-0.038899678736925125
79334,-0.03287181258201599
71949,-0.049828629940748215
34097,-0.046417538076639175
34726,-0.052214525640010834
35190,-0.04383270815014839
102937,-0.0608440563082695
47205,-0.11261157691478729
53487,-0.03457299619913101
32023,-0.03973406180739403
84844,-0.05921870470046997
31030,-0.04803188890218735
594,-0.07478480041027069
95995,-0.07521159201860428
29256,-0.06284040957689285
28103,-0.026625052094459534
101705,-0.04090641066431999
54597,-0.046898920089006424
86133,-0.03807377442717552
48719,-0.05036482587456703
13481,-0.04643506556749344
56647,-0.045409996062517166
103100,-0.0671461895108223
61338,-0.05443444475531578
1745,-0.05310310795903206
44981,-0.5999959111213684
21909,-0.0557498037815094
63191,-0.05740680173039436
105688,-0.046352896839380264
50576,-0.04835474118590355
59004,-1.6441738605499268
78710,-0.052254125475883484
81266,-0.04299214482307434
53011,-0.03427837789058685
59454,-0.04896880313754082
62370,-0.041050925850868225
15436,-0.05751609057188034
47496,-0.052812766283750534
46929,-0.0619778111577034
31547,-0.07929375767707825
40230,-0.06296925991773605
72864,-0.0419846847653389
96419,-0.04912225902080536
100337,-0.0733598917722702
16843,-0.04225441813468933
31034,-0.05355314537882805
21759,-0.046543508768081665
46175,-0.11606176197528839
30282,-0.3398953974246979
38301,-0.0460360012948513
29861,-0.054772164672613144
31215,-0.04949672520160675
75124,-0.0641457736492157
49611,-0.03943397104740143
79184,-0.02787175588309765
98827,-0.04372157156467438
53215,-0.03692406415939331
67845,-0.04871416091918945
103204,-0.043645229190588
30524,-0.01827310584485531
59626,-0.0288095586001873
74164,-0.0631110668182373
33755,-0.03746584430336952
86222,-0.0353221632540226
41359,-0.22580039501190186
88380,-0.050020281225442886
34779,-0.05607400834560394
20786,-0.054549023509025574
27313,-0.029199808835983276
1923,-0.04574098438024521
50465,-0.047464314848184586
18269,-0.03614930436015129
101096,-0.7005968689918518
51741,-0.0236970167607069
2655,-0.05075162649154663
51362,-0.040819551795721054
28358,-0.032343581318855286
89742,-0.05432967469096184
79000,-0.0412711501121521
20164,-0.07026331126689911
27133,-0.04837609454989433
22732,-0.029247509315609932
56571,-0.035722535103559494
67016,-0.033871665596961975
75456,-0.051834285259246826
17639,-0.048487622290849686
72842,-0.06154096499085426
12597,-0.04474358633160591
6071,-0.056620046496391296
67489,-0.032999731600284576
43846,-0.04731128364801407
7860,-0.052930813282728195
46167,-0.04050765186548233
1043,-0.043979424983263016
19831,-0.04657036438584328
36952,-0.04783587530255318
14413,-0.03025515377521515
101104,-0.04509667307138443
29305,-0.04657537117600441
14320,-0.03471313416957855
83868,-0.03961009532213211
19295,-0.0994875505566597
50380,-0.03652796894311905
41683,-0.04523671045899391
11830,-0.04820093885064125
76290,-0.03535725921392441
27478,-0.05382124334573746
10160,-0.05059105530381203
34859,-0.04239005595445633
17876,-0.05020532384514809
89367,-0.0478423535823822
62132,-0.04162706807255745
79903,-0.04938235506415367
99802,-0.051928114145994186
91027,-0.033147815614938736
31945,-0.050985585898160934
103290,-0.060728173702955246
77395,-0.04419375956058502
39151,-0.06673724204301834
14446,-0.0319567508995533
56349,-0.053448621183633804
84526,-0.06438466906547546
62866,-0.02908819168806076
48188,-0.042709819972515106
1284,-0.049449414014816284
34337,-0.0482686422765255
73565,-0.04061182215809822
93997,-0.045590538531541824
94490,-0.06168230250477791
104352,-0.10172320902347565
96339,-0.05211404711008072
85425,-0.04866636171936989
1773,-0.0600840225815773
81364,-0.046129465103149414
7846,-0.0551261305809021
67297,-0.030281176790595055
4437,-0.05684385076165199
83380,-0.058196987956762314
32965,-0.047113653272390366
11367,-0.04000016301870346
11935,-0.0741024911403656
67673,-0.060544174164533615
73183,-0.06284130364656448
106947,-0.04812084510922432
61526,-0.06381221115589142
19961,-0.03797496482729912
64622,-0.0438961461186409
45930,-0.04616577550768852
31971,-0.05128630995750427
75761,-0.0400058887898922
63725,-0.04929475858807564
76687,-0.04068953916430473
92060,-0.04348510876297951
100387,-0.048252739012241364
98217,-0.03706042841076851
81871,-0.04958543926477432
16317,-0.046486616134643555
66790,-0.03852821886539459
82663,-0.04080558940768242
73834,-0.046529173851013184
21347,-0.05241873115301132
86955,-0.0437086783349514
86852,-0.051104411482810974
68457,-0.05056328698992729
88093,-0.03929173946380615
81164,-0.054318495094776154
61819,-0.052216220647096634
13012,-0.04563017189502716
13155,-0.05304352939128876
15783,-0.05213724449276924
15673,-0.02899242751300335
35925,-0.02252645045518875
106969,-0.02390456758439541
25640,-0.05748514086008072
97931,-0.049603477120399475
50074,-0.05068635940551758
29649,-0.05528349429368973
91931,-0.047849059104919434
61722,-0.051318585872650146
20287,-0.03990165516734123
76463,-0.048098351806402206
62710,-0.057427626103162766
35255,-0.0702211931347847
85906,-0.04443074017763138
11618,-0.057205528020858765
94378,-0.19305884838104248
100329,-0.034049808979034424
17723,-0.05331549420952797
39882,-0.24034550786018372
11795,-0.031652119010686874
66789,-0.6745374202728271
102765,-0.051581960171461105
13650,-0.04812425374984741
97337,-0.04521506279706955
23806,-0.045219507068395615
34279,-0.052546095103025436
98949,-0.052040945738554
82142,-0.05407266691327095
15659,-0.047790758311748505
63656,-0.032647423446178436
40763,-0.060762278735637665
80836,-0.05039769783616066
104849,-0.16055604815483093
86473,-0.040467239916324615
51194,-0.045153990387916565
66403,-0.05305969715118408
271,-0.041144970804452896
2273,-0.048978112637996674
81275,-0.04897799715399742
14715,-0.03976694121956825
57319,-0.047366995364427567
35197,-0.04857904091477394
98220,-0.04739269241690636
94959,-0.05339178070425987
91613,-0.03651773929595947
94534,-0.06011590361595154
81910,-0.05541365593671799
76649,-0.06334438920021057
23354,-0.04900376498699188
40827,-0.04619764909148216
78654,-0.05232347548007965
73369,-0.06570476293563843
67659,-0.04323066771030426
34111,-0.034502629190683365
102361,-0.03590460494160652
37171,-0.04998524487018585
27744,-0.030274121090769768
53767,-0.026351187378168106
42072,-0.05835173651576042
53742,-0.043718378990888596
46497,-0.03891836479306221
35788,-0.04489222168922424
88746,-0.03998744860291481
4922,-0.047622889280319214
41718,-0.037390515208244324
8802,-0.0721215233206749
38604,-0.044944878667593
57098,-0.02390037663280964
13275,-0.034427423030138016
18055,-0.032905034720897675
49524,-0.05294652655720711
76101,-0.06212177872657776
66332,-0.04496322572231293
91441,-0.052488747984170914
81061,-0.9944356679916382
96013,-0.0467555895447731
33186,-0.05714236572384834
75009,-0.04129688814282417
73082,-0.041039370000362396
3525,-0.0499655120074749
1836,-0.06566748023033142
34802,-0.04805108904838562
19758,-0.04197622835636139
15902,-0.04750524088740349
23441,-0.04986514896154404
57798,-0.06526518613100052
68964,-0.035328954458236694
68435,-0.05715441331267357
26294,-0.05545222759246826
45844,-0.04901057481765747
60688,-0.042220134288072586
95472,-0.06198744848370552
39837,-0.07483645528554916
46184,-0.036534633487463
64478,-0.05303753912448883
55688,-0.03416329249739647
89513,-0.05717501789331436
34602,-0.04091327637434006
25366,-0.06465848535299301
44642,-0.026553314179182053
66923,-0.05005962774157524
83881,-0.053713131695985794
13996,-0.04978349059820175
6535,-0.05238151177763939
75328,-0.050226978957653046
69789,-0.030879389494657516
102472,-0.04162969812750816
27005,-0.04683396965265274
94773,-0.027460921555757523
39038,-0.033908773213624954
59584,-0.04206504300236702
75032,-0.04625740647315979
94365,-0.04283694550395012
86729,-0.04096408188343048
103277,-0.05626559630036354
96803,-0.05450940132141113
58216,-0.05038556829094887
59839,-0.04933889955282211
98342,-0.7761059999465942
60175,-0.043179746717214584
82073,-0.033267054706811905
93301,-0.02706674486398697
63588,-0.04356294870376587
27987,-0.1284373253583908
80054,-0.057264294475317
28762,-0.03577636554837227
92627,-0.046630896627902985
37981,-0.03741531819105148
103582,-0.05175946652889252
26564,-0.08098731935024261
54394,-0.047397464513778687
44332,-0.041464563459157944
22138,-0.044411126524209976
94855,-0.03817131370306015
4632,-0.048221614211797714
32784,-0.049009665846824646
32830,-0.036409925669431686
5631,-0.0581633597612381
16808,-0.052829843014478683
99344,-0.04483979195356369
62996,-0.04344676062464714
94028,-0.046045221388339996
23890,-0.06254258751869202
65380,-0.06466161459684372
227,-0.051225606352090836
67725,-0.04232458025217056
104891,-0.06054428592324257
28004,-0.03426731750369072
83787,-0.04593854397535324
29242,-0.05022573098540306
19087,-0.05661914497613907
21662,-0.05893788859248161
80430,-0.049296800047159195
11521,-0.03764759749174118
5769,-0.0371379628777504
81749,-0.02772810496389866
48697,-0.01769014075398445
48172,-0.0648806095123291
53034,-0.05415939539670944
19406,-0.05195946618914604
96433,-0.06857641041278839
31600,-0.0419255867600441
27238,-3.1658151149749756
99691,-0.03370075300335884
82316,-0.04625615477561951
47283,-0.03454604744911194
97742,-0.05264630541205406
22508,-0.0469878688454628
49085,-1.173935055732727
35900,-0.05092010647058487
87088,-0.03829178959131241
24902,-0.035629935562610626
94494,-0.042629633098840714
28022,-0.05385219305753708
2059,-0.04471873492002487
12010,-0.03313190117478371
57179,-0.028026282787322998
43643,-0.07343100756406784
49136,-0.06155475229024887
43229,-0.043336037546396255
94695,-0.03527279570698738
35330,-0.05006858706474304
68583,-0.049006715416908264
35691,-0.018530117347836494
58106,-0.03863660991191864
49013,-0.06150968745350838
4021,-0.03388768434524536
9736,-0.046499814838171005
16976,-0.030055047944188118
60727,-0.052802588790655136
22616,-0.04388678818941116
94363,-0.057097554206848145
102735,-0.07234720885753632
73328,-0.04487193375825882
82486,-0.04738234356045723
45754,-0.06500136852264404
52339,-0.04821581766009331
27609,-0.04876093938946724
75284,-0.04131461679935455
31833,-0.0437837615609169
43459,-0.029500557109713554
43426,-0.1776779592037201
16966,-0.0709746778011322
67316,-0.062277935445308685
90027,-0.03512870892882347
21202,-0.03778076171875
60034,-0.06600377708673477
100336,-0.10881784558296204
104126,-0.05846643075346947
10532,-0.058693308383226395
19102,-0.04957375302910805
70178,-0.06860679388046265
89262,-0.05833284184336662
59485,-0.18225543200969696
39936,-0.030704494565725327
84258,-0.04033122956752777
98035,-0.04301932454109192
13638,-0.05437438189983368
104139,-0.05141948163509369
93985,-0.053740810602903366
15049,-0.042866069823503494
17040,-0.04122951254248619
21849,-0.04699673876166344
27661,-0.033743858337402344
26382,-0.05959142744541168
55516,-0.04956411197781563
65056,-0.04085972160100937
38204,-0.04292408376932144
45724,-0.06987486779689789
51528,-0.04317483678460121
42609,-0.06053856387734413
15379,-0.05178844556212425
70841,-0.034787971526384354
49635,-0.05967745557427406
54418,-0.18572618067264557
34898,-0.048678621649742126
82519,-0.04924982041120529
22371,-0.04204389452934265
31017,-0.04261124134063721
95026,-0.05813917890191078
54736,-0.04023389890789986
17067,-0.051330022513866425
65336,-0.04690438136458397
64461,-0.04595436900854111
81513,-0.046732038259506226
56947,-0.055962081998586655
27779,-0.044788043946027756
97067,-0.049612097442150116
56463,-0.0664113461971283
33626,-0.04580816999077797
87493,-0.06562963873147964
45569,-0.027280325070023537
20981,-0.050759557634592056
145,-0.040372446179389954
22884,-0.04185951128602028
8896,-0.02929103933274746
17763,-0.06349498778581619
6716,-0.04737427458167076
77738,-0.053843043744564056
72793,-0.04604875296354294
7354,-0.049515556544065475
23390,-0.044848911464214325
86826,-0.04292888194322586
102897,-0.0448983758687973
2390,-0.07376281917095184
101532,-0.059316784143447876
71510,-0.04689391702413559
85733,-0.05068681389093399
104850,-0.03286593034863472
36937,-0.07828695327043533
62521,-0.04010644555091858
329,-0.06816459447145462
58726,-0.036644503474235535
104467,-0.04478462412953377
11753,-0.0463862419128418
75997,-0.040289320051670074
44827,-0.0758456289768219
81596,-0.058371637016534805
5976,-0.06449342519044876
14096,-0.04512561857700348
32561,-0.06732195615768433
97574,-0.05161014944314957
87563,-0.03569722920656204
4012,-0.044221360236406326
44065,-0.047950759530067444
7357,-0.06957879662513733
32431,-0.05305178463459015
97914,-0.05437449738383293
10926,-0.039766598492860794
25951,-0.2360534816980362
16993,-0.05645432695746422
83006,-0.038284558802843094
65555,-0.052723318338394165
47229,-0.05685758963227272
24230,-0.051134541630744934
80478,-0.052183523774147034
12794,-0.05783915892243385
101427,-0.050010643899440765
77338,-0.04897425323724747
60261,-0.03501947969198227
61243,-0.04257136955857277
52749,-0.04737836495041847
35153,-0.07215779274702072
1847,-0.06225026771426201
37515,-0.06496305763721466
59715,-0.05138154700398445
75508,-0.07068570703268051
68453,-0.037244319915771484
38857,-0.14793428778648376
76901,-0.043350305408239365
45312,-0.02836168371140957
64699,-0.017190035432577133
107124,-0.04981819540262222
106450,-0.04412190243601799
59034,-1.4070500135421753
28823,-0.05897340178489685
16562,-0.10845575481653214
7111,-0.03495939075946808
62848,-0.048118121922016144
2065,-0.048586420714855194
93643,-0.06793094426393509
14995,-0.03418287634849548
10652,-0.03661094605922699
96790,-0.04196068271994591
13931,-0.03962040692567825
105910,-0.04405676946043968
105867,-0.04875548928976059
47543,-0.04800984635949135
52396,-0.04436277598142624
11384,-0.050208497792482376
58047,-0.051073264330625534
27059,-0.04839415103197098
62378,-0.05394289642572403
91044,-0.04411870986223221
65285,-0.032028909772634506
9793,-0.05776996165513992
87140,-0.03617793321609497
60724,-0.04220756143331528
102439,-0.036534059792757034
79462,-0.04537137597799301
37993,-0.06250014156103134
83192,-0.04904496669769287
16217,-0.043982964009046555
50809,-0.04677606746554375
69198,-0.05208643525838852
4837,-0.09911634773015976
1378,-0.04076530784368515
6627,-0.06829454004764557
44185,-0.043427012860774994
89323,-0.06330757588148117
30419,-0.045166295021772385
44183,-0.04464166983962059
70038,-0.04325658082962036
42202,-0.055973805487155914
68211,-0.04747306928038597
86889,-0.03287077322602272
70314,-0.042869724333286285
28421,-0.047257501631975174
79594,-0.06953120231628418
63970,-0.04575487598776817
66554,-0.03898268938064575
73096,-0.04338831827044487
63901,-0.044740621000528336
48610,-0.026514539495110512
4433,-0.0581856295466423
83417,-0.055072542279958725
26109,-0.05131280794739723
107024,-0.04735926538705826
103750,-0.03571781888604164
83501,-0.054065100848674774
29599,-0.07476433366537094
7580,-0.05838243290781975
90263,-0.033128559589385986
16027,-0.06944924592971802
96145,-0.053691327571868896
38150,-0.06431905180215836
40057,-0.1731819063425064
31590,-0.04624875634908676
101651,-0.062196049839258194
98893,-0.050239674746990204
5608,-0.025685777887701988
32223,-0.0533081479370594
104466,-0.024943305179476738
24293,-0.030471986159682274
48837,-0.04829022288322449
63309,-0.035775329917669296
55433,-0.048382680863142014
35375,-0.0725056603550911
65396,-0.06451365351676941
91489,-0.07032642513513565
86721,-0.04943783953785896
10224,-0.04940028488636017
87346,-0.030254922807216644
57170,-0.028952591121196747
100290,-0.05392956733703613
35196,-0.04274694249033928
44191,-0.048662614077329636
92164,-0.10209323465824127
29280,-0.03811003640294075
25538,-0.045192502439022064
83987,-0.05084091052412987
62898,-0.06124185025691986
106361,-0.045140087604522705
25136,-0.05723220854997635
29505,-0.05347698554396629
83536,-0.05017494037747383
45658,-0.04438319057226181
3288,-0.0502714179456234
23616,-0.042082529515028
41581,-0.056391797959804535
11609,-0.42141076922416687
90769,-0.04888809099793434
94406,-0.06885575503110886
6965,-0.04836291819810867
51073,-0.0524025522172451
51777,-0.05776647478342056
61494,-0.0488702692091465
25372,-0.06488954275846481
71318,-0.10313958674669266
46254,-0.04177525267004967
46722,-0.038540150970220566
42554,-0.052491236478090286
47197,-0.036916252225637436
51552,-0.04782417044043541
4582,-0.040955156087875366
69685,-0.031188413500785828
64327,-0.04599490016698837
90833,-0.048755377531051636
100852,-0.032131195068359375
32398,-0.047464653849601746
94635,-0.03549820929765701
24454,-0.044822581112384796
34791,-0.05985128507018089
12741,-0.07410226762294769
14778,-0.03259388357400894
48422,-0.0312979482114315
44847,-0.04150390625
4140,-0.04743407294154167
79918,-0.0696922093629837
11546,-0.03396235406398773
8942,-0.04640991613268852
40240,-0.05443613603711128
70332,-1.3656413555145264
27702,-0.044941458851099014
30292,-0.04279148951172829
95337,-0.0432640016078949
53342,-0.043839212507009506
23596,-0.04921884089708328
16604,-0.057418059557676315
23231,-0.06377418339252472
54794,-0.0551145114004612
94579,-0.04865830019116402
88392,-0.03842165693640709
25986,-0.08328178524971008
102710,-0.05003298446536064
55373,-0.03638969361782074
20649,-0.04891113564372063
48177,-0.1069936603307724
76434,-0.04500265792012215
70908,-0.03274906799197197
102742,-0.051232852041721344
25058,-0.03290976211428642
78434,-0.6711284518241882
80726,-0.046078577637672424
65248,-0.03974723815917969
88275,-0.025912780314683914
74074,-0.038164082914590836
21876,-0.05173320695757866
103450,-0.048132095485925674
67928,-0.04358235001564026
59256,-0.048061542212963104
46298,-0.054381947964429855
98195,-0.03816132992506027
95110,-0.02574479952454567
82195,-0.04437212646007538
21832,-0.0348997600376606
61503,-0.06837492436170578
91959,-0.04838154464960098
26200,-0.0339060053229332
25686,-0.036106761544942856
64370,-0.04991663619875908
57104,-0.06784640997648239
85740,-0.0542648620903492
65082,-0.059623099863529205
73465,-0.036928776651620865
14815,-0.038268037140369415
62566,-0.04691780358552933
65389,-0.032298337668180466
36629,-0.056480467319488525
2761,-0.056024640798568726
46122,-0.0457693375647068
46708,-0.04692872241139412
48543,-0.022544633597135544
38437,-0.05124225467443466
41679,-0.04765210300683975
11943,-0.050583913922309875
80663,-0.028092004358768463
57362,-0.045273397117853165
78294,-0.03441774845123291
11443,-0.04592067003250122
3339,-0.045909397304058075
8333,-0.039513614028692245
73688,-0.045747362077236176
101048,-0.05989069491624832
38807,-0.03960837423801422
91992,-0.029632728546857834
103660,-1.3816591501235962
4349,-0.05430573597550392
23900,-0.03967368230223656
54890,-0.01995943859219551
47554,-0.044709499925374985
57897,-0.047814738005399704
95129,-0.04743919149041176
97155,-0.06039358302950859
78284,-0.04467632621526718
53620,-0.04969252273440361
17540,-0.08426472544670105
90980,-0.06157223880290985
53178,-0.04230264201760292
54282,-0.04314366728067398
83611,-0.050106231123209
74832,-0.04701220616698265
33521,-0.05798012390732765
22312,-0.04829147085547447
8327,-0.03136056661605835
48181,-0.04328911751508713
61597,-0.04561206325888634
56734,-0.044157832860946655
7246,-0.04514499008655548
18123,-0.04725898057222366
18892,-0.027521926909685135
48849,-0.029575208202004433
47669,-0.055385008454322815
94924,-0.05384846776723862
48512,-0.05027357116341591
9957,-0.04662611708045006
15707,-0.05702628195285797
55630,-0.10812477767467499
9362,-0.04824308305978775
66120,-0.06249745562672615
16363,-0.05313204601407051
16402,-0.07577943801879883
41921,-0.0164522472769022
22353,-0.045546915382146835
14686,-0.054706819355487823
28415,-0.0614154115319252
105355,-0.02166929468512535
41053,-0.0489843524992466
37061,-0.04804109036922455
6933,-0.04642527922987938
31839,-0.04804699867963791
44786,-0.041747696697711945
70036,-2.263031005859375
68703,-0.058001384139060974
42378,-0.03742542490363121
36526,-0.04689516872167587
49901,-0.03916221484541893
74032,-0.06618721783161163
45628,-0.03309061750769615
31979,-0.04993376135826111
53486,-0.0375245176255703
46763,-0.029947690665721893
85408,-0.053599245846271515
22637,-0.06372732669115067
85061,-0.04157457873225212
22921,-0.05721757188439369
29685,-0.05074029788374901
44220,-0.04391748085618019
1290,-0.0863182544708252
35918,-0.05971810966730118
95177,-0.372165709733963
31992,-0.05272218957543373
61329,-0.035581156611442566
58169,-0.05067944526672363
7717,-0.04035790637135506
81789,-0.038906440138816833
12979,-0.04526929557323456
43043,-0.07948216050863266
75875,-0.034420859068632126
42519,-0.48756709694862366
78452,-0.051865752786397934
52550,-0.05396243557333946
106635,-0.034540172666311264
95352,-0.0402882918715477
7091,-0.20449773967266083
101511,-0.04617715999484062
61044,-0.04659721627831459
63031,-0.04639307036995888
86820,-0.9998305439949036
70201,-0.05276764929294586
92595,-0.04300025478005409
45050,-3.265507936477661
28950,-0.050141267478466034
25218,-0.04945213720202446
49914,-0.05942923575639725
28318,-0.051136694848537445
20136,-0.0823693498969078
71667,-0.07156657427549362
100422,-0.061245325952768326
13447,-0.11574879288673401
19832,-0.04536636546254158
106236,-0.04748602584004402
102494,-0.038935910910367966
19099,-0.1493903398513794
1374,-0.04274009168148041
100798,-0.061839986592531204
50458,-0.053839996457099915
8098,-0.03808031603693962
46587,-0.07263614237308502
97916,-0.04497712850570679
15653,-0.05818371847271919
41534,-0.046254903078079224
1648,-0.057939063757658005
20773,-0.03231830522418022
67182,-0.05856795608997345
75074,-0.06689412891864777
103776,-0.06332805007696152
84381,-4.6230950355529785
66906,-0.03723249211907387
76170,-0.20318305492401123
3635,-0.024990277364850044
100541,-0.05179104954004288
42074,-0.048312146216630936
61498,-0.05065508186817169
5817,-0.05576265975832939
5050,-0.04544736072421074
79558,-0.04107357934117317
93493,-0.06387696415185928
3526,-0.055592287331819534
14253,-0.02810104377567768
41847,-0.05324948951601982
11067,-0.03860529884696007
19072,-0.037901055067777634
42248,-0.047436460852622986
27783,-0.04812050610780716
97731,-0.053564105182886124
65049,-0.042226988822221756
48336,-0.07258958369493484
87509,-0.048076312988996506
22247,-0.07216078788042068
98041,-0.058071576058864594
89133,-0.04111236706376076
28435,-0.046025414019823074
1568,-0.05019013211131096
49259,-0.05827009305357933
40251,-0.03243221715092659
21063,-0.04299545660614967
39510,-0.07747454196214676
84092,-0.0482228621840477
21541,-0.0347786471247673
56060,-0.03544321283698082
58625,-0.06529143452644348
55009,-0.051169656217098236
4421,-0.051880352199077606
58289,-0.019471222534775734
81464,-0.04867646470665932
56880,-0.04038916155695915
94733,-0.03865897282958031
89920,-0.10085547715425491
95370,-0.04846138879656792
86551,-0.06467747688293457
64842,-0.051929134875535965
98219,-0.04727421700954437
14959,-0.03864876553416252
61918,-0.03147539496421814
30768,-0.052812881767749786
84626,-0.04103662446141243
87409,-0.0954219251871109
71910,-0.044706422835588455
76044,-0.03952610492706299
93349,-0.06043117493391037
83169,-0.05215761065483093
40924,-0.04384936764836311
83906,-0.027052124962210655
90343,-0.052053168416023254
99624,-0.05737348273396492
60372,-0.050069041550159454
17360,-0.03412112593650818
3376,-0.05367923900485039
101531,-0.05006291717290878
92693,-0.05867487192153931
63830,-0.0542198084294796
105550,-0.055856119841337204
67793,-0.07486842572689056
74065,-0.03844115510582924
52043,-0.046484678983688354
101272,-0.04714367538690567
95104,-0.04088981822133064
12014,-0.058858539909124374
56921,-0.0516599640250206
91011,-0.05369426682591438
22278,-0.05474383756518364
72818,-0.06211024150252342
18017,-0.053562749177217484
85902,-0.04708760976791382
73281,-0.05604301393032074
66154,-0.051858507096767426
64930,-0.07277681678533554
99208,-0.04320361092686653
46912,-0.05056702718138695
82434,-0.06218227371573448
34011,-0.050502315163612366
93158,-0.04482303559780121
2811,-0.05831001326441765
10413,-0.053191617131233215
19194,-0.05088985711336136
49608,-0.052902206778526306
66841,-0.030249949544668198
58801,-0.04650038480758667
102353,-0.04952145740389824
48903,-0.03348565474152565
59202,-0.033447034657001495
88029,-0.03674355894327164
77130,-0.04497815668582916
40716,-0.036868803203105927
51834,-0.02442273311316967
2106,-0.050165414810180664
43645,-0.05782925710082054
103317,-0.04341696575284004
90097,-0.054025910794734955
67179,-0.04305095225572586
75619,-0.03651486709713936
91664,-0.05305766314268112
84404,-0.048936791718006134
62415,-0.0521806925535202
44375,-0.04466686397790909
99252,-0.046479105949401855
62134,-0.07114455848932266
36512,-0.04309217259287834
39584,-0.05325853079557419
49182,-0.06782769411802292
9209,-0.04725545644760132
23385,-0.03332804888486862
14286,-0.03873615711927414
29787,-0.12668022513389587
39647,-0.05313611403107643
47671,-0.05756077170372009
28786,-0.07545901834964752
59678,-0.05705375596880913
30071,-0.043793685734272
89480,-0.04358919709920883
12125,-0.04763198271393776
93053,-0.04512550309300423
19649,-0.05477272719144821
18321,-0.04644109681248665
55999,-0.043848682194948196
31501,-0.047971099615097046
8089,-0.046944759786129
25411,-0.036595430225133896
91874,-0.05165385082364082
466,-0.05995806306600571
49124,-0.04297615960240364
16452,-0.05955054610967636
51030,-0.04773643612861633
14352,-0.051497723907232285
20051,-0.06014980375766754
68506,-0.05149511992931366
46932,-0.04237211495637894
48724,-0.06631429493427277
106754,-0.05074109137058258
70520,-0.031553711742162704
32716,-0.05914151296019554
19783,-0.0387648269534111
1729,-0.05214482545852661
38511,-0.059354305267333984
27811,-0.04928091540932655
40368,-0.0375002920627594
49438,-0.056674227118492126
106631,-0.06837403029203415
43598,-0.052279919385910034
88438,-0.041635528206825256
38912,-0.04228664189577103
88719,-0.03675275295972824
33208,-0.04542742297053337
75282,-0.05322733521461487
73266,-0.045098498463630676
19084,-0.052234552800655365
5823,-0.05068250745534897
34194,-0.03448028862476349
36136,-0.04725375026464462
55696,-0.06243899464607239
27683,-0.060614973306655884
49127,-0.03961296007037163
58850,-0.05179138854146004
19462,-0.24812054634094238
25121,-0.05695793032646179
32769,-0.04454738646745682
67726,-0.06528116017580032
30824,-0.03584549203515053
104718,-0.04309491440653801
93260,-0.03231934458017349
72559,-0.04283614829182625
34565,-0.05466686561703682
29042,-0.03559611365199089
98338,-0.05037955939769745
39563,-0.06691721081733704
70885,-0.06896013021469116
7911,-0.03857146203517914
23393,-0.056226715445518494
29608,-0.044780291616916656
55788,-0.04983940348029137
30151,-0.027633370831608772
88907,-0.12914757430553436
2054,-0.07403629273176193
24459,-0.0435246005654335
21357,-0.08749254047870636
10902,-0.04930735379457474
46706,-0.036951638758182526
47885,-0.04802620783448219
105126,-0.046807464212179184
51203,-0.033469054847955704
87021,-0.03981322422623634
16789,-0.048902396112680435
104871,-0.038229603320360184
36294,-0.034363385289907455
7053,-0.04465021938085556
71733,-0.03011462092399597
80090,-0.06642785668373108
6574,-0.061268649995326996
31797,-0.032387323677539825
19952,-0.048277273774147034
16668,-0.06142314523458481
48236,-0.05492834374308586
40314,-0.05540655180811882
66603,-0.045700326561927795
23583,-0.04282506927847862
61738,-0.047227371484041214
50567,-0.04925549402832985
38284,-0.06063472107052803
3562,-0.06429211795330048
42704,-0.044261280447244644
21007,-0.04157709702849388
56284,-0.04440223425626755
72475,-0.04406361281871796
24080,-0.03360750153660774
50203,-0.04406623914837837
86643,-0.0657697319984436
35152,-0.04352254420518875
44133,-0.052924253046512604
40041,-0.05821970850229263
82527,-0.027625136077404022
35320,-0.050046928226947784
100607,-0.039072226732969284
91405,-0.08902430534362793
51837,-0.050421953201293945
22239,-0.047569580376148224
79207,-0.02498132549226284
65262,-0.05172109231352806
65622,-0.05715914070606232
29865,-0.2776317000389099
90444,-0.05364895984530449
58080,-0.06025587394833565
96233,-0.049758195877075195
104292,-0.042304012924432755
23999,-0.034174930304288864
87724,-0.04313373565673828
61964,-0.07694882899522781
28233,-0.03579246997833252
87041,-0.030443308874964714
29483,-0.044758062809705734
14131,-0.047555938363075256
97450,-0.028715621680021286
65873,-0.06489446014165878
44510,-0.040980901569128036
35799,-0.04405836760997772
91708,-0.052196986973285675
93454,-0.03659290447831154
8299,-0.06386768072843552
35919,-0.0490749329328537
628,-0.043847426772117615
21766,-0.0522736981511116
44458,-0.03594278544187546
60983,-0.05484055355191231
4255,-0.047236695885658264
49690,-0.05350704491138458
67251,-0.05513831228017807
18018,-0.058247823268175125
64334,-0.04724135622382164
23020,-0.03539097681641579
64539,-0.055551353842020035
2636,-0.05072692409157753
4239,-0.05112854018807411
2916,-0.05117214843630791
47620,-0.03895333781838417
95172,-0.053636644035577774
87497,-0.054147541522979736
102911,-0.055960167199373245
62964,-0.09632480889558792
17161,-0.05994559824466705
67138,-0.04982931166887283
16931,-0.05057360231876373
2191,-0.04652837663888931
85278,-0.04463619738817215
32044,-0.04669073969125748
13297,-0.04018007963895798
22001,-0.03476816788315773
25536,-0.05109263211488724
82091,-0.040377140045166016
79109,-0.06442949175834656
99901,-0.03656578063964844
87478,-0.05451324209570885
80502,-0.06860457360744476
77107,-0.08066152781248093
92705,-0.050758425146341324
82783,-0.04516447335481644
90183,-0.047897692769765854
53221,-0.06192918121814728
54010,-0.07045075297355652
43465,-0.05192369967699051
37604,-0.07444702088832855
12589,-0.06873735040426254
76240,-0.03343077749013901
9378,-0.04458865895867348
19599,-0.08864864706993103
58146,-0.103858582675457
15010,-0.03680675849318504
61669,-0.04723589867353439
389,-0.048124708235263824
28590,-0.046211764216423035
26249,-0.039509259164333344
50580,-0.052522119134664536
91531,-0.04277607053518295
76422,-0.051497045904397964
98346,-0.042607471346855164
64132,-0.0631638914346695
2103,-0.05329729616641998
52810,-0.03585837036371231
99888,-0.03721354156732559
105511,-0.048085398972034454
45949,-0.04574223607778549
35279,-0.0658264309167862
69937,-0.05634830519556999
88281,-0.04661906138062477
35458,-0.06917829811573029
98724,-0.03065316565334797
33661,-0.03393654152750969
36453,-0.035114552825689316
66277,-0.0647810623049736
11313,-0.0520685575902462
54039,-0.04762527719140053
67162,-0.048949506133794785
82272,-0.051739659160375595
11190,-0.057803716510534286
51756,-0.05393408611416817
87877,-0.06374701112508774
65208,-0.06183740869164467
938,-0.039793405681848526
8843,-0.045709095895290375
62361,-0.09563255310058594
51842,-0.04022176191210747
68472,-0.0501968190073967
7764,-0.04609667882323265
42727,-0.05046751722693443
203,-0.0265167448669672
37980,-0.0438251793384552
102455,-0.056271567940711975
83234,-0.04980356618762016
57168,-0.059593334794044495
34845,-0.029221922159194946
55704,-0.055941905826330185
43121,-0.05084918439388275
33031,-0.048129141330718994
84017,-0.04437817260622978
65439,-0.05890024080872536
76588,-0.04919954761862755
97248,-0.04498123377561569
36473,-0.039066266268491745
33423,-0.06640543788671494
56678,-0.062444593757390976
40269,-0.03641475364565849
60140,-0.0486740805208683
16164,-0.06789987534284592
31227,-0.04355507344007492
100102,-0.07513142377138138
95294,-0.050770435482263565
62010,-0.034666500985622406
104912,-0.04278326407074928
8993,-0.032303761690855026
15518,-0.04132605716586113
50328,-0.02319280058145523
40417,-0.04862014576792717
93859,-0.053249262273311615
5016,-0.040748827159404755
21094,-0.029552409425377846
26228,-0.03630313277244568
39317,-0.051404308527708054
6096,-0.04338352382183075
71548,-0.05709113925695419
24220,-0.05482780188322067
21791,-0.06870874762535095
20371,-0.06467647105455399
67898,-0.04454852640628815
103635,-0.0690297782421112
49440,-0.20289133489131927
94769,-0.03913573548197746
10446,-0.02893533557653427
33663,-0.04838483780622482
16336,-0.09227117151021957
13881,-0.047329362481832504
45024,-0.05488309636712074
18329,-0.04384594410657883
71536,-0.04369954764842987
45269,-0.03428955003619194
53758,-0.04472557455301285
30249,-0.045144304633140564
16989,-0.0660783126950264
66127,-0.0365302674472332
20159,-0.05169879272580147
23049,-0.09909950196743011
106243,-0.03332286328077316
91756,-0.04455490782856941
30302,-0.04766187444329262
50487,-0.035388097167015076
94582,-0.05104777589440346
85863,-0.050005994737148285
54544,-0.04968605935573578
24480,-0.06615932285785675
66645,-0.042098186910152435
48238,-0.039815742522478104
87273,-0.04702232778072357
84861,-0.05503779277205467
25328,-0.04955276846885681
93455,-0.031282927840948105
76358,-0.049430690705776215
64119,-0.05845889449119568
95989,-0.02846689336001873
14317,-0.046102941036224365
29470,-0.05700984224677086
74323,-0.04563324898481369
80695,-0.06822261214256287
26939,-0.04082733392715454
29512,-0.04325087368488312
74168,-0.07594220340251923
48035,-0.042090415954589844
95266,-0.031354907900094986
1493,-0.0470459870994091
50973,-0.05051546171307564
74763,-0.06490116566419601
55922,-0.02203843742609024
22062,-0.05932071805000305
30450,-0.04792087525129318
93468,-0.07363491505384445
53150,-0.08055781573057175
47326,-0.04830646514892578
55563,-0.05844011902809143
70116,-0.030441459268331528
57580,-0.05404059216380119
75952,-0.04502898454666138
100913,-0.036892469972372055
95057,-0.04366782680153847
91782,-0.044938381761312485
16983,-0.048813506960868835
2975,-0.046162817627191544
88963,-0.02803833782672882
19730,-0.037711769342422485
93990,-0.05896564945578575
1787,-0.046028830111026764
46145,-0.04978382959961891
85637,-0.06903444975614548
24327,-0.055115751922130585
106396,-0.04433346912264824
105351,-0.04754968732595444
19104,-0.049559686332941055
17291,-0.05074392259120941
104618,-0.04403943195939064
97225,-0.054500821977853775
101063,-0.04992605000734329
63097,-0.07402145862579346
39930,-0.03724087402224541
80503,-0.048576198518276215
32279,-0.5280046463012695
70128,-0.036092620342969894
29146,-0.04919103533029556
48275,-0.03939202427864075
61528,-0.06527926027774811
39366,-0.04924505576491356
80412,-0.047175969928503036
60591,-0.047712113708257675
21378,-0.04627026990056038
81393,-0.04802722856402397
91555,-0.05580538883805275
71883,-0.05798226222395897
44107,-0.044685788452625275
79009,-0.05200224369764328
93069,-0.06045025214552879
52996,-0.043438199907541275
6842,-0.03502419963479042
49577,-0.04530644044280052
52152,-0.04383670166134834
69008,-0.038374047726392746
32692,-0.04431522265076637
58630,-0.07257772237062454
35659,-0.057250332087278366
42219,-0.04927456006407738
81987,-0.04159550741314888
74,-0.045673564076423645
78664,-0.03403114527463913
22392,-0.047057926654815674
10881,-0.03125057741999626
24942,-0.053167086094617844
56862,-0.0466805025935173
19427,-0.04415806010365486
34266,-0.03677412495017052
34763,-0.03854416310787201
24096,-0.04421497508883476
104578,-0.053558118641376495
94951,-0.03738626837730408
40265,-0.04273369535803795
3839,-0.056434161961078644
43888,-0.027353055775165558
105288,-0.0552201010286808
12266,-0.047163691371679306
30075,-0.04042339324951172
95856,-0.04371461272239685
52529,-0.059030380100011826
91774,-0.062413349747657776
54433,-0.04317164048552513
103412,-0.025931481271982193
45906,-0.0282288808375597
51747,-0.03686903044581413
53810,-0.060118261724710464
24965,-0.027820976451039314
17742,-0.07173524796962738
1212,-0.04867067560553551
59267,-0.046256497502326965
66069,-0.026706187054514885
25825,-0.05783342197537422
41556,-0.05247042328119278
64267,-0.04197782650589943
15754,-0.07051030546426773
13892,-0.03649946302175522
64328,-0.0430884063243866
55212,-0.04625103250145912
8371,-0.062019266188144684
81568,-0.05434243008494377
18101,-0.028148101642727852
54160,-0.03145529702305794
34453,-0.05691953003406525
66343,-0.04662919044494629
4086,-0.06697618961334229
1085,-0.030423998832702637
10156,-0.046500951051712036
21172,-0.053243838250637054
67913,-0.043612707406282425
78219,-0.029468264430761337
28244,-0.06910131126642227
51011,-0.06385985761880875
3011,-0.03859027475118637
8356,-0.04640877619385719
63902,-0.05523950234055519
49992,-0.05261474847793579
26714,-0.047237150371074677
106503,-0.04562937468290329
78596,-0.05141019448637962
7829,-0.03050043247640133
20002,-0.14210273325443268
53668,-0.05182851478457451
42773,-0.04392500966787338
72273,-0.05445205420255661
81964,-0.04049494490027428
88213,-0.09008147567510605
21519,-0.056643251329660416
28541,-0.04845957085490227
99540,-0.04926525428891182
20708,-1.5417652130126953
25251,-0.060827676206827164
10159,-0.04597429558634758
14546,-0.03981482610106468
28348,-0.05072760581970215
75697,-0.07072402536869049
34095,-0.03909366577863693
78762,-0.20874597132205963
82267,-0.07084053009748459
69531,-0.045700669288635254
93925,-0.06268568336963654
57367,-0.04513838142156601
94289,-0.03666231408715248
73721,-0.06359220296144485
44406,-0.05107178911566734
79677,-0.04631340503692627
99727,-0.04322655498981476
90442,-0.048898763954639435
103355,-0.047350283712148666
65494,-0.04339756444096565
38906,-0.048121072351932526
73588,-0.05083638057112694
45264,-0.05510988458991051
99425,-0.05748896673321724
20711,-0.05320370942354202
52116,-0.0468081459403038
101759,-0.05560006946325302
78431,-0.04999363422393799
52806,-0.05880897492170334
22326,-0.02582658641040325
19481,-0.046723391860723495
29560,-0.04856881871819496
45130,-3.490098476409912
59789,-0.05980389937758446
40995,-0.044936783611774445
48922,-0.035345178097486496
63198,-0.03320986032485962
63610,-0.04796610027551651
75000,-0.06297317147254944
36325,-0.039627738296985626
15996,-0.05581124871969223
52599,-0.06888691335916519
1266,-0.05627325922250748
92023,-0.054509855806827545
86566,-0.04326480254530907
61816,-0.044994451105594635
4673,-0.03441314399242401
57549,-0.03133191540837288
22904,-0.04586157575249672
80619,-0.051870618015527725
48653,-0.03016193024814129
74673,-0.17250637710094452
52436,-0.047574806958436966
13915,-0.2563328742980957
42346,-0.046295877546072006
21030,-0.04897209629416466
12289,-0.0521840900182724
42408,-0.05410417541861534
49915,-0.046559326350688934
78645,-0.050257813185453415
73874,-0.05366511642932892
82582,-0.03858029469847679
16442,-0.051459793001413345
11874,-0.04990881308913231
61980,-0.05139026790857315
23261,-0.04692087322473526
82191,-0.04701641574501991
51689,-0.026884449645876884
5899,-0.03163306415081024
96499,-0.029266148805618286
102987,-0.053450994193553925
82598,-0.05656586214900017
99762,-0.040204815566539764
78500,-0.0483546257019043
63759,-0.050313133746385574
13717,-0.09803280979394913
16463,-0.06196940690279007
44868,-0.05253976210951805
91073,-0.055942244827747345
20326,-0.04970908537507057
9638,-0.08746872842311859
50179,-0.066858671605587
67939,-0.06013745442032814
81082,-0.04574485495686531
83482,-0.06400366127490997
103547,-0.030766457319259644
47572,-0.04527909681200981
8426,-0.038183245807886124
82627,-0.050396449863910675
29611,-0.048834167420864105
14886,-0.14089781045913696
35291,-0.06658635288476944
86593,-0.03818588703870773
47202,-0.033698100596666336
6977,-0.026483891531825066
102331,-0.045923855155706406
24357,-0.04205726832151413
74222,-0.04150184616446495
38526,-0.035568274557590485
44934,-0.040414806455373764
82699,-0.05771629139780998
18191,-0.05133194848895073
76815,-0.054993562400341034
34754,-0.055950358510017395
3226,-0.04676571488380432
94643,-0.04651472344994545
45623,-0.06170158088207245
8614,-0.05819249153137207
8033,-0.043436601758003235
98802,-0.050095684826374054
97750,-0.06649467349052429
3638,-0.04550978168845177
42685,-0.04574929550290108
52955,-0.05568215623497963
100242,-0.04568290337920189
102919,-0.03823958337306976
16489,-0.04845162108540535
101697,-0.04864262789487839
96562,-0.05347585678100586
41528,-0.04876434803009033
7450,-0.04849693551659584
88369,-0.07534194737672806
7919,-0.042065270245075226
42515,-0.053556084632873535
33567,-0.04467393457889557
52062,-0.020391937345266342
95469,-0.057010967284440994
3189,-0.029129644855856895
29365,-0.05026008188724518
93701,-0.050743017345666885
80260,-0.0369347482919693
100649,-0.04740326479077339
53246,-0.048770248889923096
91012,-0.052329473197460175
17185,-0.028644148260354996
1118,-0.06062394753098488
5891,-0.04643506556749344
72853,-0.03275598958134651
20340,-0.0464676097035408
59057,-0.04709989205002785
95083,-0.05354806035757065
41544,-0.0748450830578804
8584,-0.050618480890989304
82913,-0.036701615899801254
71575,-0.055448729544878006
79719,-0.9724693298339844
104129,-0.06969665735960007
10317,-0.05095318704843521
27663,-0.04499958083033562
22832,-0.05467374995350838
50048,-0.039804860949516296
70974,-0.052668359130620956
28207,-0.03191564604640007
13688,-0.039338044822216034
995,-0.049008872359991074
47354,-0.06480832397937775
99701,-0.04296759516000748
62148,-0.05966353043913841
13409,-0.060548774898052216
33367,-0.05349721387028694
56974,-0.0567491315305233
74442,-0.03262711688876152
61515,-0.051003824919462204
53062,-0.04210196062922478
42478,-0.04999114200472832
72667,-0.06203741580247879
13944,-0.053627267479896545
44207,-0.024113820865750313
80275,-0.05168158560991287
85960,-4.254704475402832
91032,-0.04959530755877495
102511,-0.04090995714068413
72265,-0.05047953128814697
54713,-0.0516374334692955
85697,-0.05505234748125076
103872,-0.033604852855205536
90881,-0.04170013219118118
23006,-0.03733654320240021
33177,-0.056435514241456985
38093,-0.04778655245900154
14292,-0.07486046105623245
94164,-0.06787782162427902
7505,-0.9369376301765442
28045,-0.07632896304130554
40618,-0.04691404849290848
45324,-0.036580029875040054
57494,-0.03680606931447983
34644,-0.044025398790836334
104294,-0.03980978578329086
33832,-0.057831618934869766
39588,-0.04938133433461189
87158,-0.044191595166921616
38524,-0.04999737814068794
99879,-0.03959473967552185
77420,-0.05034804716706276
83432,-0.07379847764968872
31875,-0.029794618487358093
99635,-0.04732128977775574
67714,-0.029568148776888847
24552,-0.04325726628303528
11900,-0.04062853381037712
92004,-0.0451689176261425
30687,-0.015572848729789257
68401,-0.05334759131073952
87198,-0.06230784207582474
59808,-0.026167254894971848
105525,-0.035487741231918335
55013,-0.0660286620259285
7316,-0.0423990823328495
52527,-0.03219745308160782
71735,-0.04970250651240349
26045,-0.042784977704286575
62203,-0.051786746829748154
22328,-0.06735405325889587
39358,-0.03761212155222893
12055,-0.056501757353544235
85025,-0.04700436070561409
25527,-0.05290062353014946
25415,-0.03568192943930626
14621,-0.047836784273386
48629,-0.0489736832678318
64113,-0.054973140358924866
76973,-0.03488721325993538
26713,-0.02847268618643284
31372,-0.04826432466506958
55011,-0.05381536856293678
26050,-0.1819346845149994
99136,-0.0391886942088604
106457,-0.04202789440751076
47510,-0.0623440183699131
61051,-0.03837932273745537
79394,-0.051849115639925
83584,-0.0453210212290287
16347,-0.0499761737883091
56011,-0.055073332041502
98299,-0.28356602787971497
69772,-0.026370810344815254
104626,-0.04350793734192848
90275,-0.04354046285152435
35908,-0.039215631783008575
48174,-0.037289801985025406
22707,-0.05166109651327133
45075,-0.02322378382086754
78717,-0.04444784298539162
92880,-0.04964238405227661
99616,-0.05551256239414215
40147,-0.02036074921488762
67878,-0.04213178902864456
5688,-0.026086075231432915
29843,-0.0728294625878334
93697,-0.03120724856853485
77944,-0.03891435265541077
10496,-0.05200609192252159
35884,-0.04855860024690628
14897,-0.060943324118852615
97000,-0.07023464143276215
74501,-0.028027672320604324
35821,-0.053867895156145096
4888,-0.04954879730939865
3176,-0.06211203336715698
42938,-0.04506886750459671
68361,-0.06014418974518776
85859,-0.053065236657857895
47267,-0.05791701376438141
66499,-0.04417676478624344
100083,-0.04450497031211853
83134,-0.037659652531147
62253,-0.04682976007461548
40822,-0.026539498940110207
18377,-0.05877772718667984
78837,-0.044329479336738586
20140,-0.04388325288891792
19794,-0.06156293302774429
26676,-0.03725488856434822
75027,-0.046807121485471725
30260,-0.05610815808176994
12762,-0.04117448627948761
46202,-0.05336284637451172
2482,-0.05626785010099411
19490,-0.057653386145830154
16583,-0.029864273965358734
35114,-1.8331698179244995
53722,-0.032618578523397446
33729,-0.036044441163539886
101747,-0.03411824628710747
30627,-0.051533956080675125
71514,-0.05307653918862343
94384,-0.12052564322948456
66833,-0.07456210255622864
21412,-0.05368714779615402
41926,-0.05349382385611534
65530,-0.016609836369752884
53842,-0.05849318951368332
13505,-0.03234554082155228
2411,-0.06510413438081741
94830,-0.043862372636795044
21680,-0.04367946460843086
66212,-0.04613697528839111
50007,-0.04060884565114975
105932,-0.046504367142915726
27844,-0.04775189235806465
89481,-0.046025414019823074
43317,-0.03978928178548813
41947,-0.05574529618024826
101165,-5.066432476043701
44602,-0.048814527690410614
12673,-0.0601070336997509
60746,-0.0686730220913887
67705,-0.03433965891599655
16913,-0.03791230171918869
15005,-0.06170472130179405
13607,-0.04759936034679413
78049,-0.027970293536782265
1253,-0.04642709717154503
93833,-0.048702921718358994
3236,-0.03635876998305321
63170,-0.026040896773338318
48337,-0.04249848425388336
8170,-0.05065077543258667
14341,-0.05455715209245682
86045,-0.07432617992162704
14679,-0.34147152304649353
27186,-0.059864871203899384
95164,-0.04091213271021843
98424,-0.10591573268175125
54091,-0.04393995553255081
101540,-0.05639675259590149
45523,-0.039860647171735764
21227,-0.05347190052270889
29555,-0.02323787659406662
28851,-0.03960058465600014
23068,-0.039638739079236984
18148,-0.055779118090867996
99684,-0.03509728983044624
44819,-0.03306536003947258
43191,-0.034053727984428406
105945,-0.060634832829236984
66889,-0.06049390509724617
84551,-0.03550396114587784
15466,-0.05515647679567337
53972,-0.05813433974981308
82578,-0.025507532060146332
51330,-0.04843958094716072
44020,-0.042391881346702576
39564,-0.04847456142306328
95189,-0.05550669878721237
883,-0.047177791595458984
38667,-0.048913974314928055
17135,-0.02752111479640007
71661,-0.03225482255220413
89711,-0.04290078952908516
13972,-0.056637730449438095
100712,-0.0267182569950819
48492,-0.05130340903997421
59473,-0.05782678350806236
81897,-0.045090291649103165
21537,-0.4884779751300812
2826,-0.04914325475692749
94308,-0.043441735208034515
3396,-0.05310208722949028
2405,-0.06799699366092682
89372,-0.05034215375781059
33708,-0.008664395660161972
9461,-0.06278376281261444
19859,-0.050737012177705765
63887,-0.1259094625711441
73122,-0.05557728931307793
82715,-2.061058282852173
67703,-0.05899801477789879
24295,-0.06381657719612122
32582,-0.04801461845636368
85799,-0.048988327383995056
20195,-0.04644496366381645
47550,-0.058045029640197754
46895,-0.07002104073762894
29497,-0.04009728133678436
74348,-0.03020484186708927
36210,-0.06080591678619385
22446,-0.06493087857961655
75233,-0.06470273435115814
106445,-0.053599923849105835
32445,-0.03777502104640007
30797,-0.049954965710639954
103642,-0.03276775777339935
64029,-0.05334487929940224
49215,-0.04875991865992546
35695,-0.03501061722636223
102275,-0.07082853466272354
14142,-0.04261729493737221
4152,-0.045546457171440125
30678,-0.07084419578313828
26282,-0.024822605773806572
76198,-0.05204977095127106
106055,-0.06162043660879135
106491,-0.04928000643849373
39059,-0.0434986911714077
11665,-0.06304211914539337
2387,-0.03887123987078667
103031,-0.06121370568871498
40496,-0.05340104550123215
56135,-0.052025556564331055
403,-0.04841664060950279
10484,-0.03693888336420059
64823,-0.04778621345758438
45120,-0.04562823474407196
49419,-0.03043290227651596
101273,-0.06040233373641968
47271,-0.03385172784328461
69213,-0.03128084912896156
92835,-0.04708965867757797
51893,-0.032659538090229034
14547,-0.041921015828847885
68392,-0.04671497270464897
66218,-0.03356427699327469
4600,-0.052857656031847
45819,-0.05051704868674278
68767,-0.04860345274209976
67047,-0.035891033709049225
85484,-0.061194419860839844
104509,-0.056345149874687195
7036,-0.038981541991233826
50165,-0.053321145474910736
84954,-0.049459509551525116
31011,-0.08393923193216324
70318,-0.05064964294433594
82472,-0.04613242298364639
92128,-0.05547173693776131
65709,-0.04524821788072586
55667,-0.039089079946279526
32659,-0.0342901274561882
92473,-0.06311240792274475
57335,-0.035619236528873444
7319,-0.05609756335616112
53187,-0.05025293678045273
102462,-0.061138126999139786
105817,-0.040745507925748825
52118,-0.05109546333551407
95221,-0.05835016071796417
49818,-0.08790313452482224
52260,-0.06615196168422699
36139,-0.02375231310725212
77601,-0.06381646543741226
5720,-0.05133625119924545
89736,-0.053405679762363434
95828,-0.0740419402718544
52148,-0.05525879189372063
92217,-0.039510175585746765
37128,-0.06715399026870728
3448,-0.05100155994296074
23882,-0.047514788806438446
75919,-0.03129586949944496
2773,-0.031029406934976578
46545,-0.049173444509506226
47383,-0.03275679796934128
47764,-0.07357067614793777
60087,-0.09065596759319305
40895,-0.03605915978550911
60037,-0.04884415864944458
56735,-0.04184236377477646
90269,-0.04743145778775215
81695,-0.03184971213340759
28667,-0.07448630779981613
41830,-0.04477253928780556
12071,-0.04363849759101868
64758,-0.048266369849443436
95667,-0.03807102143764496
15970,-0.06870685517787933
8714,-0.027079971507191658
73494,-0.046730220317840576
58667,-0.05063445866107941
103827,-0.037650007754564285
36019,-0.0363176167011261
104906,-0.05989956483244896
80456,-0.053097791969776154
9779,-0.028913911432027817
54446,-0.04756980761885643
100246,-0.039671506732702255
100011,-0.04176256060600281
89389,-0.05022845044732094
92286,-0.06052902713418007
95191,-0.04949456825852394
52556,-0.024163275957107544
79106,-0.04065142571926117
26182,-0.04721724987030029
41784,-0.0521857850253582
67515,-0.047713134437799454
88718,-0.04789530858397484
36028,-0.07332421839237213
99110,-0.043150290846824646
21228,-0.05831136554479599
2517,-0.04667208343744278
96150,-0.04848194494843483
92186,-0.04737495630979538
71180,-0.026904527097940445
30270,-0.04567299410700798
62162,-0.07223886251449585
80856,-0.0336436964571476
76872,-0.05305347964167595
2440,-0.1339961290359497
41282,-0.0391351617872715
60167,-0.03828926384449005
42395,-0.05242246389389038
68137,-0.045865900814533234
61867,-4.091070175170898
68046,-0.046712812036275864
11569,-0.04954221844673157
103399,-0.043959349393844604
87179,-0.048404715955257416
96885,-0.04535200819373131
14901,-0.035773374140262604
25975,-0.03761143237352371
54082,-0.034642431885004044
48998,-0.03726200759410858
55300,-0.03934205695986748
101585,-0.04940720647573471
23064,-0.057367630302906036
58738,-0.0445467010140419
44346,-0.051589205861091614
86930,-0.0757017508149147
91506,-0.03399934247136116
473,-0.04195085167884827
48432,-0.04569565877318382
32006,-0.04558928310871124
77706,-0.04463779553771019
97917,-0.04014011472463608
51510,-0.05458886921405792
57294,-0.04589425399899483
15801,-0.047777120023965836
65299,-0.04735971987247467
96244,-0.04186488315463066
70475,-0.05228331312537193
98757,-0.03410937637090683
89247,-0.06906270980834961
40225,-0.04423025622963905
56253,-0.06055404618382454
60914,-0.03762383013963699
99823,-0.04700765758752823
83113,-0.052612487226724625
40439,-0.04430016875267029
27291,-0.06760789453983307
62575,-0.07172947376966476
66246,-0.04573449119925499
96928,-0.041306495666503906
85392,-0.05524187162518501
66892,-0.054826896637678146
43058,-0.04864262789487839
90704,-0.05302148684859276
9915,-0.07517410814762115
26056,-0.03388560935854912
66025,-0.04091213271021843
3230,-0.050870709121227264
59951,-0.05309643596410751
45409,-0.04617863893508911
16258,-0.043205320835113525
96360,-0.04984927177429199
91311,-0.02909027598798275
30363,-0.05405188724398613
84785,-0.048042114824056625
87913,-0.05206504836678505
16539,-0.04982806369662285
60190,-0.032321996986866
57898,-0.05252969637513161
72182,-0.04061376675963402
95817,-0.06371960788965225
63330,-0.04693031311035156
90382,-0.046566493809223175
106043,-0.0683877244591713
61392,-0.0468885712325573
83131,-0.028265153989195824
98380,-0.05515974760055542
51326,-0.04983021691441536
17431,-0.049736421555280685
105844,-0.05247766524553299
47380,-0.02356906421482563
64299,-0.03893487900495529
62789,-0.054527465254068375
87467,-0.04521654546260834
28121,-0.029385732486844063
37282,-0.05872444435954094
82185,-0.03823350369930267
17592,-0.0529974028468132
45457,-0.05309519171714783
17879,-0.07620304077863693
47347,-0.16426241397857666
88330,-0.048307035118341446
3610,-0.050027087330818176
76546,-2.67427921295166
87496,-0.05912847816944122
6181,-0.047270577400922775
95849,-0.06493881344795227
25711,-0.048837121576070786
67387,-0.047826897352933884
38259,-0.06070921570062637
62168,-0.04259193316102028
9713,-0.05208960548043251
81684,-0.046981725841760635
46454,-0.028626887127757072
55548,-0.022228261455893517
96620,-0.04498305544257164
58233,-0.05006393790245056
29507,-0.05998219922184944
104543,-0.04476809501647949
38955,-0.041129183024168015
100147,-0.0599362812936306
25402,-0.051523540169000626
31586,-0.047418951988220215
29310,-0.05489257350564003
99618,-0.0757785513997078
100224,-0.04488310217857361
99149,-0.029813364148139954
74254,-0.045956648886203766
14071,-0.0432681106030941
99246,-0.11398912221193314
21852,-0.05952830612659454
62708,-0.06253395974636078
94288,-0.09562822431325912
29514,-0.03146476671099663
87479,-0.053150810301303864
84918,-0.06621789932250977
42449,-0.05075819790363312
93629,-0.051673319190740585
41948,-0.06188211962580681
100684,-0.028237225487828255
96099,-0.045736540108919144
95464,-0.034869253635406494
72015,-0.05452565848827362
87554,-0.029606224969029427
70392,-0.038097184151411057
67226,-0.04869769886136055
71672,-0.04323500394821167
99298,-0.04527704417705536
13317,-0.06328430026769638
68304,-0.04798973351716995
55505,-1.8697247505187988
56260,-0.03908919543027878
71880,-0.04796598479151726
99580,-0.043940410017967224
101003,-0.05882830545306206
49593,-0.03650394827127457
40638,-0.04773302376270294
76115,-0.052757471799850464
21445,-0.04014412313699722
39470,-0.04791155830025673
11142,-0.054311834275722504
49054,-0.051683057099580765
2462,-0.039418499916791916
61317,-0.05082063004374504
99570,-0.20837903022766113
92798,-0.04567926004528999
82303,-0.047509901225566864
43375,-0.08596575260162354
74108,-0.03532504290342331
94584,-0.06291855126619339
4811,-0.03194889798760414
13896,-0.043639183044433594
91390,-0.06119341030716896
49275,-0.027119766920804977
23659,-0.0634673535823822
106175,-0.04843617603182793
73272,-0.04783155769109726
96921,-0.05603230372071266
51358,-0.04803904518485069
16956,-0.036025699228048325
99792,-0.04867067560553551
94547,-0.0575307197868824
15924,-0.04831237345933914
81313,-0.06492462754249573
15929,-0.04886913299560547
53867,-0.05538387969136238
37989,-0.04122493788599968
82371,-0.0481586791574955
96366,-0.04517119750380516
26743,-0.038491055369377136
21493,-0.05780315399169922
70163,-0.038002051413059235
2806,-0.04555238038301468
52672,-0.04514134302735329
102997,-0.06877251714468002
22913,-0.04420972988009453
102036,-0.043382495641708374
53408,-0.040532950311899185
23008,-0.04606138914823532
31264,-0.058777838945388794
76345,-0.04161849245429039
17198,-0.05490351840853691
2679,-0.03149457275867462
5095,-0.051339082419872284
106767,-0.0823667123913765
7731,-0.05547737702727318
48598,-0.036006148904561996
39950,-0.07194848358631134
2772,-0.044083692133426666
89479,-0.06763508170843124
27308,-0.04190969839692116
66124,-0.053072020411491394
29808,-0.05337719991803169
36108,-0.04940153285861015
61131,-0.034453798085451126
100018,-0.044321153312921524
70535,-0.05197100713849068
32555,-0.059648703783750534
51749,-0.046198900789022446
74533,-0.05942092090845108
14536,-0.08106514811515808
45541,-0.03859807178378105
44537,-0.051422540098428726
62836,-0.04444784298539162
68878,-0.044551603496074677
8271,-0.05112820118665695
51634,-0.05302431061863899
69928,-0.04820150509476662
35823,-0.06142494082450867
2028,-0.038957007229328156
46987,-0.0443631187081337
77389,-0.04880885034799576
69142,-0.04131324589252472
68128,-0.06841421872377396
38330,-0.04486577957868576
40839,-0.04946472868323326
88762,-0.05813602730631828
13202,-0.047431573271751404
12164,-0.050663240253925323
32314,-0.056203391402959824
86213,-0.031316664069890976
100193,-0.045778676867485046
40830,-0.03865472972393036
103382,-0.040301114320755005
49266,-0.036580950021743774
60873,-0.04055985063314438
22141,-0.05814783647656441
106176,-0.04803904518485069
88056,-0.055071525275707245
91514,-0.0421881340444088
28593,-0.04821990802884102
1527,-0.053684208542108536
47087,-0.04650766775012016
34354,-0.031286511570215225
45978,-0.05163528397679329
42767,-0.05819552764296532
82442,-0.04545088857412338
65451,-0.05543903261423111
98499,-0.0335288867354393
87603,-0.0512627512216568
96190,-0.0729508176445961
101620,-0.05518682301044464
83753,-0.0630769282579422
42516,-0.058158185333013535
165,-0.033951982855796814
84135,-0.056062400341033936
83673,-0.040394656360149384
38979,-0.04205578193068504
82212,-0.04420585185289383
80142,-0.028720486909151077
9816,-0.07178816944360733
92679,-0.046663548797369
28269,-0.08911939710378647
46357,-0.024916095659136772
44452,-0.05542290210723877
26166,-0.05733318626880646
24461,-0.053937025368213654
84233,-0.04491797834634781
39606,-0.028129905462265015
28982,-0.04090126231312752
89961,-0.026137059554457664
8755,-0.05491942912340164
68495,-0.07660405337810516
80258,-0.04171191155910492
80935,-0.035506147891283035
103064,-0.06639896333217621
81312,-0.05591766908764839
27595,-0.05047987401485443
1206,-0.0447566956281662
98601,-0.052697647362947464
52470,-0.05471934750676155
80555,-0.056005705147981644
89749,-0.0508420467376709
78441,-0.033374860882759094
34119,-1.231301188468933
45545,-0.03438066318631172
75653,-0.051637548953294754
105022,-0.0327724888920784
70019,-0.04301852360367775
85760,-0.054300203919410706
46440,-0.3574046790599823
62491,-0.05189608410000801
78165,-0.06597163528203964
44865,-0.05495880916714668
32477,-0.062353987246751785
66037,-0.03654566779732704
8933,-0.056520234793424606
20413,-0.02856433019042015
59053,-0.03334303945302963
80453,-0.062466882169246674
73023,-0.05575938895344734
76948,-0.048620373010635376
79114,-0.06393444538116455
6511,-0.06038033962249756
22113,-0.059882838279008865
65212,-0.07953356951475143
52385,-0.05105729028582573
84622,-0.03890839219093323
76885,-0.04193507507443428
2346,-0.045134734362363815
96048,-0.03248022124171257
105509,-0.06356143951416016
22744,-0.04940459504723549
96713,-0.09142185002565384
5977,-0.029203398153185844
14216,-0.04620629921555519
23871,-0.04848705604672432
20971,-0.04457680135965347
70406,-2.9074201583862305
37062,-0.052325740456581116
45720,-0.029321717098355293
36993,-0.05381356179714203
60299,-0.03290526568889618
105612,-0.051801349967718124
56938,-0.03082113340497017
62552,-0.04277687147259712
89960,-0.04660734534263611
28761,-0.05680488422513008
72155,-0.050501748919487
5840,-0.03725385293364525
59392,-0.04765869304537773
44682,-0.05499841272830963
23326,-0.025830652564764023
49234,-0.058385808020830154
31127,-0.0368989035487175
40377,-0.04606708139181137
68034,-0.05486379936337471
5458,-0.045812610536813736
99973,-0.043321993201971054
19165,-5.133363246917725
41857,-0.0671757310628891
48813,-0.041360486298799515
70203,-0.039647333323955536
24496,-0.06264940649271011
40711,-0.04072868451476097
84113,-0.07296045869588852
79538,-0.057199448347091675
31122,-0.058612704277038574
52174,-0.05079751834273338
56388,-0.046223487704992294
81550,-0.039281997829675674
25682,-0.2579919993877411
101809,-0.05270104110240936
101248,-0.0657069981098175
76771,-0.050334107130765915
28802,-0.028774462640285492
65658,-0.06630726903676987
52474,-0.06290265172719955
86160,-0.04234800487756729
45874,-0.03862743452191353
106522,-0.03804910182952881
67547,-0.03222458064556122
60619,-0.036551643162965775
62621,-0.04655079171061516
17982,-0.039318446069955826
65987,-0.0516166016459465
59280,-0.04433905705809593
45473,-0.06640654802322388
69620,-0.048269663006067276
12599,-0.052741639316082
105491,-0.03882915899157524
34394,-0.021586468443274498
96466,-0.03577015548944473
99079,-0.030019881203770638
1406,-0.016617223620414734
38053,-0.03369003161787987
66957,-0.05353020876646042
90555,-0.08945149183273315
15335,-0.07480283081531525
588,-0.05274525657296181
5956,-0.033706169575452805
50798,-0.0520496591925621
62318,-0.03186991810798645
13452,-0.04501006752252579
73019,-0.051897671073675156
57538,-0.046435631811618805
72347,-0.03624427318572998
10812,-0.012669550254940987
57417,-0.032835476100444794
52221,-0.05403246358036995
104461,-0.016794482246041298
57479,-0.04084232822060585
83268,-0.028959887102246284
71935,-0.044126350432634354
21294,-0.04078705236315727
63595,-0.04576432704925537
80761,-0.031756866723299026
94684,-0.04973551258444786
99244,-0.06459210067987442
34208,-0.055906396359205246
105649,-0.039542604237794876
31941,-0.038789596408605576
88250,-0.046246934682130814
101079,-0.050974711775779724
37863,-0.057904861867427826
53277,-0.046060364693403244
20997,-0.05033569410443306
15875,-0.044964708387851715
32719,-0.02974301017820835
10485,-0.05092214420437813
36855,-0.043536242097616196
11755,-0.039494361728429794
73214,-0.0572066530585289
87506,-0.07486256211996078
101739,-0.030917415395379066
50208,-0.5782158970832825
64415,-0.0562821589410305
58342,-0.03841156139969826
8023,-0.05271042883396149
40268,-0.03589712828397751
80228,-0.05180802568793297
90160,-0.03266957402229309
2047,-0.03580465912818909
101432,-0.09811396896839142
98505,-0.047466814517974854
30555,-0.07570097595453262
73792,-0.04873130843043327
64632,-0.051495347172021866
33499,-0.03872010111808777
1119,-0.042108360677957535
1058,-0.027114082127809525
8283,-0.04376949742436409
17200,-0.031151553615927696
78328,-0.04637588560581207
17321,-0.06566078215837479
8073,-0.051140207797288895
46654,-0.047262392938137054
25672,-0.06235566735267639
1915,-0.04681190103292465
44594,-0.05322190746665001
35100,-0.04863150045275688
65672,-0.03762245550751686
67775,-0.042055439203977585
88131,-0.09634223580360413
98134,-0.037049055099487305
59219,-0.05239712446928024
20236,-0.05403268709778786
33606,-0.08212505280971527
5476,-0.05350297689437866
49834,-0.04838972166180611
36743,-0.04350314289331436
76508,-0.04834088310599327
74082,-0.042284127324819565
53128,-0.02914261259138584
26944,-0.038299474865198135
95272,-0.053997449576854706
95663,-0.04860856384038925
9514,-0.03289280831813812
42561,-0.0468960776925087
13562,-0.03255361318588257
12109,-0.05369923636317253
39454,-0.04953370988368988
104706,-0.03881998360157013
22537,-0.04770199581980705
4834,-0.03353753313422203
63389,-0.04842742905020714
74923,-0.05109240487217903
72902,-0.046018581837415695
23245,-0.05538636073470116
3773,-0.04482896253466606
106907,-0.045628007501363754
11813,-0.04503604769706726
103912,-0.09229595214128494
74295,-0.05485319346189499
97152,-0.04762754961848259
66967,-0.04088547080755234
23994,-0.05701817572116852
72500,-0.0705040842294693
71422,-0.03894393518567085
15866,-0.04522964730858803
28325,-0.04578733071684837
30274,-0.035825591534376144
75238,-0.02632610872387886
1811,-0.019217025488615036
3289,-0.03901192545890808
63513,-0.04394497349858284
91050,-0.01834532432258129
102644,-0.05685758963227272
4881,-0.049176737666130066
21117,-0.045803043991327286
21420,-0.0517466738820076
93509,-0.04792564734816551
5744,-0.041873686015605927
39540,-0.055053021758794785
74210,-0.044802289456129074
50049,-0.05716724693775177
87468,-0.03228656202554703
67275,-0.050482138991355896
104410,-0.04500630497932434
9216,-0.05255921557545662
91600,-0.05432730168104172
73326,-0.04436973109841347
18060,-0.04571627080440521
89128,-0.03932005167007446
9150,-0.041909124702215195
51730,-0.038449302315711975
6820,-0.023183133453130722
49732,-0.03436211869120598
83047,-0.048268869519233704
3568,-0.04427781701087952
81542,-0.061079028993844986
94590,-0.03810395672917366
36340,-0.04537171870470047
107051,-0.05084839090704918
11316,-0.03366732597351074
70442,-0.028965909034013748
66737,-0.03983762487769127
40642,-0.054520804435014725
56152,-0.03468595817685127
41682,-0.044325828552246094
84689,-0.06183359771966934
7463,-0.04953722655773163
60975,-0.03818037733435631
81390,-0.0543784461915493
53082,-0.03580431640148163
80283,-0.039882414042949677
3319,-0.0525929220020771
24253,-0.04117448627948761
31457,-0.039069246500730515
80082,-0.041919413954019547
77132,-0.03422435000538826
8641,-0.050378426909446716
66561,-0.07139743119478226
96769,-0.3575972020626068
95247,-0.04359912499785423
20139,-0.04567959904670715
13195,-0.1342141032218933
16834,-0.0548800490796566
57606,-0.05480252206325531
1841,-0.041512712836265564
1977,-0.031476203352212906
80231,-0.046123772859573364
5467,-0.0586291179060936
7663,-0.06253866106271744
107173,-0.03420776128768921
550,-0.03960024192929268
6315,-0.0355253629386425
45508,-0.04604317247867584
49549,-0.03261303901672363
15121,-0.05858796834945679
24177,-0.04916822537779808
98884,-0.036020293831825256
59840,-0.020256435498595238
30810,-0.05337923392653465
13522,-0.06639383733272552
35897,-0.032263826578855515
6943,-0.0308760367333889
4178,-0.04994521290063858
26928,-0.052936241030693054
75220,-0.05157448723912239
32592,-0.04457737132906914
66134,-0.053359344601631165
47676,-0.0374361053109169
72775,-0.04272124543786049
30443,-0.049233365803956985
101569,-0.054992999881505966
30235,-0.04341331496834755
30793,-0.04807381331920624
59250,-0.036929577589035034
94383,-0.05579817295074463
20596,-0.03437547758221626
34051,-0.026969045400619507
23981,-0.04903055354952812
74201,-0.03830578550696373
51578,-0.044441916048526764
20305,-0.04681781679391861
60703,-0.04946359619498253
64082,-0.0463184118270874
60147,-0.03130222484469414
65815,-0.043650250881910324
24922,-0.060894642025232315
56182,-0.04195576533675194
81076,-0.0454476997256279
44501,-0.03903944045305252
78868,-0.03512433543801308
83613,-0.06097405403852463
8586,-0.036378659307956696
100730,-0.058856070041656494
73251,-0.03160811588168144
82495,-0.03530846908688545
90026,-0.05672277510166168
54625,-0.033419594168663025
62333,-0.04509177431464195
78707,-0.04071551933884621
960,-0.038057710975408554
70001,-0.040104154497385025
101246,-0.04548027738928795
32801,-0.04125753790140152
56595,-0.048539407551288605
16065,-0.05140306055545807
67082,-0.04717324301600456
9168,-0.031247111037373543
62656,-0.0417480394244194
30789,-0.04236388951539993
76112,-0.047788940370082855
38813,-0.05760353431105614
88451,-0.05209684744477272
6867,-0.06409244239330292
48437,-0.030023235827684402
61178,-0.055923983454704285
14753,-0.04764414578676224
49058,-0.037600066512823105
17279,-0.01761576719582081
91458,-0.14095041155815125
34487,-0.03121013753116131
8037,-0.06780140101909637
20133,-0.03742898255586624
22726,-0.03355897217988968
2575,-0.04780837520956993
104989,-0.04534050449728966
47648,-0.030437065288424492
56757,-0.06424661725759506
57160,-0.06965407729148865
28203,-0.03832047060132027
91906,-0.06845106929540634
4741,-0.04043816402554512
8066,-0.265509694814682
3488,-0.027921954169869423
35405,-0.04483010247349739
40583,-0.039460211992263794
29373,-0.035490501672029495
71316,-0.029925363138318062
6297,-2.1754884719848633
106650,-0.057848382741212845
48873,-0.047576285898685455
56782,-0.049611758440732956
48493,-0.05267740413546562
6687,-0.0645468458533287
96262,-0.049043718725442886
65583,-0.050214733928442
23039,-0.042594220489263535
46288,-0.0241754949092865
101519,-0.04335875064134598
50678,-0.03624553605914116
19338,-0.028592944145202637
34333,-0.05641331523656845
95157,-0.060130272060632706
102009,-0.035033293068408966
78600,-0.05027822032570839
50120,-0.05803130567073822
75303,-0.042793773114681244
95981,-0.036386821419000626
39346,-0.04643995687365532
43176,-0.04066023975610733
72905,-0.019515061751008034
48686,-0.04780905693769455
103602,-0.06030739098787308
101486,-0.04098181799054146
92893,-0.03724914416670799
61085,-0.05324564501643181
43804,-0.022984636947512627
72017,-0.02226661890745163
45027,-0.08784286677837372
6377,-0.037444256246089935
82,-0.029366979375481606
94158,-0.05202396959066391
74754,-0.04573073238134384
51691,-0.03482205048203468
84566,-0.060585688799619675
46750,-0.03918537124991417
78298,-0.04870212823152542
19777,-0.05161863937973976
93311,-0.03665909916162491
54630,-0.022298911586403847
88750,-0.04250293970108032
86677,-0.04887526482343674
96078,-0.0487922765314579
10884,-0.042632486671209335
73376,-0.04110652953386307
62042,-0.025195002555847168
56531,-0.06944423913955688
96054,-0.043862372636795044
47090,-0.03910375386476517
12313,-0.034035176038742065
95437,-0.05190400779247284
47954,-0.04180452227592468
79644,-0.05368036776781082
85620,-0.030348367989063263
92921,-0.05655696243047714
92507,-0.054485470056533813
40689,-0.049398016184568405
26726,-0.050068698823451996
10648,-0.047870535403490067
52156,-0.04906812310218811
35583,-0.056564733386039734
55810,-0.05300147458910942
14241,-0.05040619894862175
23864,-0.044864069670438766
6324,-0.049244146794080734
85321,-0.04524081200361252
103017,-0.04271199181675911
49734,-0.03911498561501503
30677,-0.04768994823098183
50259,-0.04951782524585724
24519,-0.049854375422000885
81153,-0.04457041621208191
7638,-0.05060805380344391
31760,-0.05192585289478302
21407,-0.04761015996336937
73056,-0.038200344890356064
5397,-0.06282608211040497
52648,-0.06919664889574051
79404,-0.04998864606022835
87318,-0.05100178346037865
50063,-0.47630712389945984
62869,-0.041884660720825195
9282,-0.049395520240068436
33207,-0.05169539526104927
36832,-0.051666077226400375
39168,-0.053535521030426025
39004,-0.052800554782152176
42231,-0.06860779970884323
71552,-0.028111012652516365
32425,-0.047794509679079056
39202,-0.022056395187973976
64874,-0.03594301640987396
38211,-0.046064119786024094
92532,-0.03265203908085823
56621,-0.045284222811460495
52133,-0.0401453822851181
45156,-0.06347976624965668
72892,-0.06814644485712051
35120,-0.03562142327427864
76104,-0.04365253448486328
13086,-0.04947913810610771
44734,-0.055986542254686356
77203,-0.048003483563661575
32919,-0.052854038774967194
60903,-0.04855893924832344
84000,-0.05473198741674423
99303,-0.03599625825881958
62158,-0.05196625366806984
54089,-0.039107419550418854
40710,-0.06136103719472885
78004,-0.06475882232189178
32074,-0.05330950394272804
14113,-0.06692936271429062
95540,-0.06048907712101936
41386,-0.06471993774175644
18064,-0.029163338243961334
35811,-0.07240154594182968
54232,-0.057477712631225586
86245,-0.04429138824343681
67616,-0.04535406082868576
80266,-0.04400863125920296
44141,-0.0851379856467247
50584,-0.03232176601886749
98738,-0.07476013153791428
11070,-0.048470474779605865
105305,-2.7528719902038574
58809,-0.04736870154738426
72617,-0.036810435354709625
37669,-0.04764903336763382
73809,-0.03266726806759834
49712,-0.03869934380054474
85108,-0.02908761240541935
32882,-0.03627680614590645
37595,-0.04129265621304512
79819,-0.05965117737650871
65774,-0.05052180960774422
32984,-0.04386374354362488
92089,-0.06299321353435516
83770,-0.052140410989522934
57442,-0.04407935589551926
38253,-0.061951927840709686
54243,-0.052099790424108505
15299,-0.047127753496170044
32589,-0.03463944047689438
16945,-0.047576967626810074
51776,-0.0458417609333992
59374,-0.06567540764808655
65995,-0.025392480194568634
26736,-0.05010294169187546
84059,-0.049641817808151245
17995,-0.049326758831739426
63821,-0.029954517260193825
63259,-0.05700252205133438
6057,-0.041245296597480774
85363,-0.04411323368549347
86145,-0.05484766140580177
17098,-0.027247263118624687
73,-0.06280200928449631
33560,-0.04660245031118393
34813,-0.028703458607196808
2011,-0.07602673023939133
49904,-0.03227236494421959
29527,-0.050040919333696365
19572,-0.06441228091716766
70976,-0.047012776136398315
103291,-0.5771218538284302
367,-0.04026607796549797
77990,-0.03648360073566437
99323,-0.053533148020505905
70762,-0.036588191986083984
102691,-0.04950058087706566
30827,-0.04539632424712181
37704,-0.026901276782155037
93738,-0.07798939198255539
36077,-0.10913972556591034
21236,-0.07116176187992096
54913,-0.08338861167430878
99433,-0.055551353842020035
64038,-0.0483291819691658
58228,-0.07129032164812088
81187,-0.0654309019446373
90101,-0.05729074776172638
57523,-0.044713035225868225
15695,-0.045697253197431564
19808,-0.04735630750656128
41702,-0.0446537546813488
52520,-0.05759734660387039
15014,-0.04598317667841911
33184,-0.04904462769627571
32005,-0.05240379646420479
101164,-0.04495319724082947
21810,-0.0486413799226284
14671,-0.0849175825715065
25123,-0.043645571917295456
10673,-0.07384055107831955
34660,-0.03997759893536568
59131,-0.045038897544145584
40513,-0.042021606117486954
91323,-0.043891239911317825
6942,-0.06046023964881897
6232,-0.051243048161268234
47970,-0.04456802085042
55360,-0.043518323451280594
42541,-0.039847131818532944
1644,-0.07299869507551193
