id,score
34566,0.67957914
50272,0.6803462
69232,0.6803702
86223,0.02229112
53524,0.680371
42142,0.67759305
22559,0.67940277
28141,0.6785611
72186,0.68034065
46468,0.63426864
33307,0.6798031
96701,0.6769135
43458,0.6803712
50885,0.68029165
73557,0.67972386
88932,0.68037033
44717,0.6803409
99278,0.6784044
59988,0.67901665
41296,0.68035626
25715,0.68032455
98187,0.68035847
40635,0.680234
76486,0.67940116
48161,0.67873603
57858,0.67783153
25848,0.6765735
83247,0.6802395
100820,0.6796279
61843,0.68007016
47864,0.6783439
14338,0.68020517
106760,0.66049856
42892,0.67967
20995,0.68034995
68283,0.6799028
66796,0.67982167
1175,0.6803559
55171,0.6801143
1693,0.6803167
54411,0.6795397
73718,0.6462737
99036,0.67984194
29757,0.6799111
1352,0.60752255
6970,0.68001485
75513,0.6801641
103376,0.6794614
11566,0.68011284
85724,0.68037105
26255,0.6803392
83078,0.67793477
22092,0.6799777
31379,0.67876774
20478,0.6802759
70444,0.6803609
41587,0.68003786
74822,0.6796078
88815,0.6803683
6351,0.67975104
105177,0.68036646
58297,0.68033797
39926,0.67995274
97160,0.6802588
86332,0.67991984
21551,0.6798132
47546,0.6797898
37196,0.6801683
19800,0.6796714
67091,0.67997015
90146,0.6803457
52084,0.68034524
26000,0.6803653
20558,0.6760765
32315,0.67767316
95299,0.6803702
57575,0.68031263
57431,0.68037
15164,0.6797385
47959,0.680299
36213,0.6787901
64598,0.6793005
85180,0.6631784
7330,0.6801305
96758,0.6799726
60760,0.6799981
95190,0.67963415
70419,0.68016964
104315,0.6771121
80963,0.68029636
104090,0.6777525
62040,0.552297
57462,0.6795726
1752,0.6793015
13352,0.67987454
6969,0.67954487
36448,0.68009263
69866,0.68022937
37138,0.6797613
37149,0.67922187
83158,0.67898554
107034,0.68000287
83603,0.6803228
33886,0.68034613
55417,0.68018097
57938,0.67875487
27867,0.68021923
101800,0.67438483
91813,0.6803608
64083,0.6788399
29528,0.68009686
71645,0.6778428
14467,0.6801266
60324,0.6558882
10743,0.6803667
64077,0.6779517
92251,0.68016607
15067,0.6799164
20047,0.68031764
54463,0.68034434
8025,0.0
27998,0.6803691
91510,0.67975235
49193,0.6776786
5404,0.6779588
98897,0.67997026
46045,0.6797697
95008,0.6799331
43419,0.6795604
58059,0.67937845
10051,0.67997366
95635,0.67933744
89780,0.68023866
98548,0.6800302
27466,0.68024606
2992,0.6799096
105855,0.67980987
14278,0.6803673
13478,0.6786359
81475,0.68034583
21191,0.67948854
13291,0.6803102
67019,0.6801609
67840,0.68036896
61283,0.68036515
99646,0.6802667
90567,0.6783699
95937,0.6800637
98569,0.6776622
83135,0.6795163
63766,0.6794744
58069,0.67998725
61012,0.6803712
23811,0.6800898
86719,0.6802285
71966,0.6803601
42822,0.68028456
41669,0.6802582
45307,0.67868245
81709,0.28372696
7658,0.67792
12419,0.6802261
50301,0.6800886
54932,0.68032086
40443,0.6795772
89290,0.6778235
18566,0.6802516
25390,0.68014914
86488,0.67917097
29629,0.6803355
11058,0.68016875
54617,0.6802499
41981,0.6802878
87296,0.68033975
17667,0.6795532
5896,0.67993355
75975,0.6798966
27593,0.68023396
40873,0.4506866
70373,0.6789821
43440,0.67969066
13967,0.6803674
105002,0.67891425
18683,0.6803712
87657,0.68007976
57708,0.6800375
92606,0.68035984
72712,0.6795255
69218,0.6803635
58810,0.68029386
95425,0.6802935
95904,0.6788774
79487,0.68022007
46830,0.680361
69561,0.6802816
94968,0.6799358
1988,0.67127776
96273,0.68036354
2418,0.6799931
12473,0.67998934
19291,0.680357
10962,0.6797007
47640,0.68029565
93483,0.67894506
104092,0.6793966
97169,0.6771157
31477,0.6792441
75670,0.67981696
65370,0.67986566
10836,0.6802373
68685,0.67879647
93012,0.67832065
80205,0.67951363
66783,0.6796585
79142,0.67981935
51106,7.5774494e-08
101527,0.67993486
46079,0.67996466
68864,0.67885363
105489,0.6801938
54811,0.6800187
6426,0.6803296
100841,0.67845505
65650,0.67993474
57870,0.6802876
55990,0.6571987
106074,0.679824
49536,0.6802731
89328,0.6798694
18713,0.67955893
91797,0.67808604
106639,0.6802817
5890,0.6799743
89684,0.6801609
54023,0.6797286
47021,0.678968
31128,0.6779909
1963,0.6797958
76891,0.6781104
90892,0.67848366
63803,0.6796102
49662,0.6801922
94938,0.680327
23162,0.68036914
96698,0.6786262
103791,0.67341685
64992,0.6803541
58764,0.6803704
5358,0.68032366
61333,0.68030244
63475,0.67990017
13214,0.68018436
21817,0.68035084
34789,0.6803652
33534,0.6799654
68438,0.6803574
103299,0.67379993
106707,0.6798685
37671,0.68014884
36142,0.6773748
75447,0.68037015
31898,0.0280857
65458,0.040321887
20782,0.6793515
93542,0.67997044
28068,0.6803618
13088,0.6797535
91210,0.6798346
73055,0.6798781
2146,0.6802344
45779,0.6801083
53843,0.680102
6613,0.57744414
85068,0.67887926
34339,0.6802794
1747,0.6793404
100398,0.6802601
77182,0.680334
16496,0.6796007
50826,0.68034315
54432,0.680299
106786,0.6803691
60662,0.6803692
25319,0.67971283
57166,0.6802713
93039,0.6803638
57408,0.68025833
98502,0.6799069
89627,0.68037057
30063,0.67803454
37625,0.6803634
20751,0.68006784
43244,0.6793561
66830,0.58894837
7174,0.67941576
98246,0.67039484
56972,0.6802862
84719,0.68037015
86073,0.6802834
49249,0.67824775
72494,0.680292
56350,0.6777861
75617,0.67929703
61192,0.68025935
95727,0.6799153
53226,0.68034196
11746,0.6802881
56780,0.6803657
48037,0.6803381
67699,0.60095376
52046,0.6795252
7373,0.68009436
55155,0.6803702
87577,0.6803666
97264,0.67722887
73458,0.68002015
86325,0.6789411
96463,0.6801548
16633,0.67894906
75069,0.6799363
35487,0.67121536
24768,0.6794989
34822,0.67997885
101479,0.68024045
79766,0.6802657
49768,0.6803681
22731,0.6783409
33574,0.67772686
55252,0.6794457
40683,0.6803013
33771,0.67920595
857,0.6803224
51226,0.6767036
46831,0.6803273
105253,0.6798887
79491,0.68036985
103022,0.6799822
82950,0.6770071
64234,0.67745626
78991,0.6803712
83774,0.67999995
48994,0.6786838
84569,0.67867273
80903,0.67774934
39230,0.67908096
97195,0.68036497
34972,0.6801358
63621,0.6803556
11553,0.6794636
95009,0.677939
2753,0.6802489
102798,0.6803219
35609,0.68023676
45723,0.6777926
36421,0.68031025
93564,0.67933875
18673,0.6803394
99963,0.68011874
19921,0.6802907
9379,0.680347
63121,0.67979175
55480,0.6793095
102975,0.6782657
55632,0.6803409
74937,0.6793391
51836,0.67940366
12610,0.6786386
46487,0.67385954
42150,0.6799977
2908,0.6788576
11348,0.6802752
104966,0.68025494
56207,0.68018585
47420,0.6802283
70191,0.6802654
30693,0.67891896
82367,0.6797566
56454,0.68033063
40608,0.68032
590,0.67709213
64431,0.68023574
14717,0.68033564
14898,0.6763852
5949,0.68032724
80059,0.68028754
24763,0.6803688
46875,0.6803684
26931,0.6799738
72880,0.6773474
104802,0.6799769
39042,0.6803491
986,0.6769583
7537,0.65602463
74147,0.67714435
24786,0.6797745
94019,0.6799287
29377,0.6802567
16134,0.68003994
9499,0.67423415
64513,0.6801681
15569,0.67718315
47017,0.68013453
13043,0.6792246
56464,0.6801167
8315,0.680353
31026,0.6799613
74871,0.6802004
46139,0.6796975
57488,0.68036866
263,0.68036395
3394,0.6803712
22237,0.67883265
17299,0.680351
43048,0.6799593
91934,0.6803139
15814,0.6496829
92661,0.67987376
48500,0.679262
101522,0.6803191
58058,0.68011516
48310,0.67753935
93528,0.67843026
48732,0.6802935
56815,0.6778274
2861,0.67799765
32056,0.67928195
31686,0.6780782
32212,0.67776805
34433,0.67970484
9154,0.67532396
62686,0.6784196
93196,0.6800289
95261,0.6802751
70962,0.6786255
90520,0.68032205
29033,0.6786484
2713,0.6796377
36946,0.0
35993,0.6797781
100933,0.68034995
14561,0.6784973
97302,0.6777725
9600,0.6800981
10294,0.679424
44890,0.6786645
87850,0.68029225
101786,0.679059
69051,0.67939764
54868,0.6802384
6583,0.6802867
63256,0.6799958
53969,0.67992306
69907,0.6796076
45282,0.68026733
95125,0.55481136
54365,0.6802018
63236,0.6803168
104959,0.680319
105117,0.68009394
18787,0.6794832
77502,0.67814386
59084,0.6797189
91595,0.68025386
80788,0.6803204
99862,0.68015736
87325,0.668818
57303,0.679263
37884,0.68029505
92059,0.67977196
76261,0.6803697
79007,0.68009365
97833,0.6796669
40382,0.68020904
42825,0.6785616
73429,0.6803712
67050,0.68029696
67837,0.67834634
11945,0.6798933
4880,0.68010885
104670,0.6796362
69307,0.6792334
2417,0.68010163
20890,0.67949504
60524,0.6781995
67623,0.6803708
79406,0.68019855
81812,0.6803441
47792,0.6803691
60455,0.67998457
57967,0.6795904
63131,0.67951614
77533,0.68010014
75815,0.67779
17220,0.67966646
4822,0.680078
104299,0.67805153
27396,0.68036556
66788,0.6797656
73691,0.68034726
84699,0.67870873
76468,0.6800711
6868,0.6803617
95938,0.68032366
91872,0.68035436
59054,0.6777453
37147,0.6799068
24966,0.6801091
5668,0.68032104
97600,0.6788537
61930,0.68014365
86934,0.6803397
83678,0.6799873
29827,0.6800859
6206,0.6791676
93891,0.6803693
22302,0.67968506
53715,0.68025756
74452,0.68030065
98097,0.67970663
94492,0.68034834
52873,0.6795954
39371,0.679922
33321,0.6774117
105024,0.67804354
70699,0.6801626
63945,0.68030494
92000,0.68036634
4990,0.6803522
45293,0.679988
89028,0.6802195
78250,0.68034047
27659,0.68016666
67546,0.68019915
85206,0.6757189
66829,0.68026525
14360,0.68037015
98129,0.6791597
74522,0.68036985
20811,0.6789378
76081,0.680195
38953,0.6799224
8430,0.68014044
89041,0.6799524
99838,0.68030113
79512,0.68035007
103604,0.6802987
55820,0.6788038
65422,0.6799518
72645,0.6794828
91160,0.67972463
62410,0.6800617
52414,0.6789276
5692,0.68031675
77094,0.6800932
55179,0.6801129
49202,0.66790754
8841,0.6800153
8096,0.6785374
75832,0.023159796
39279,0.6802271
100504,0.679335
37330,0.6799471
71467,0.6796854
27577,0.6799609
59870,0.67992014
64403,0.6795131
47464,0.679592
79770,0.6745221
99308,0.6801697
57197,0.675637
37918,0.67908686
43470,0.68029153
100219,0.67857087
26510,0.6803612
25870,0.6801113
65867,0.6801619
51739,0.6803711
99965,0.68033993
10534,0.6782294
6664,0.68037015
104971,0.6803697
24615,0.67949057
100862,0.6803671
28018,0.6796568
7345,0.6803213
76059,0.6803258
24256,0.680308
89943,0.68032515
97303,0.68035424
60280,0.6800533
18324,0.68036664
87641,0.6802581
28970,0.6799951
27363,0.6789968
52902,0.68021166
85294,0.6803052
81480,0.67709196
1744,0.6803047
38002,0.6799869
14284,0.6787348
38484,0.6790815
80584,0.6787009
77050,0.6798684
31259,0.68025976
79077,0.68036973
58886,0.6800356
60954,0.680234
70799,0.68035936
52013,0.6801463
71904,0.680291
71844,0.6786523
22734,0.68016565
79724,0.6803559
82508,0.67923945
77802,0.68032724
54576,0.67979175
82046,0.6800152
42787,0.68037075
91919,0.6803335
4764,0.6790515
29079,0.67904204
30254,0.68033284
94013,0.63387626
33643,0.67763823
24238,0.6802612
83026,0.6791287
3164,0.6802221
81900,0.675125
50519,0.6796402
76320,0.6800812
56165,0.6799534
83166,0.68031913
88675,0.67775077
76380,0.6802125
86709,0.6800093
54070,0.6756194
37157,0.68037057
104166,0.67897296
68285,0.67413044
81848,0.6801764
44145,0.68009174
24019,0.6801223
86235,0.6788708
80353,0.6799559
45854,0.680028
4402,0.68020654
41645,0.6802473
31674,0.6788927
28987,0.6801588
18766,0.67882717
10355,0.67705697
32427,0.68035924
91400,0.68027353
55295,0.679807
106782,0.6803381
1645,0.6778739
2610,0.6774817
53836,0.68024886
63495,0.6796366
53689,0.68018556
99572,0.68017966
4148,0.6794641
93681,0.67909366
82600,0.6778136
63362,0.68011945
58983,0.67961794
66268,0.6803642
83582,0.0005939521
104484,0.67506224
39197,0.6782243
70740,0.680242
75117,0.15754472
56646,0.6803703
103460,0.6803018
19134,0.6797946
87447,0.68034416
49659,0.6803697
83556,0.67802936
23993,0.6801286
5813,0.6802426
29916,0.6801279
12340,0.0051007187
67255,0.6760975
46508,0.6791424
67248,0.67959505
29461,0.6800425
51279,0.68032295
16059,0.6778957
92016,0.6801008
50313,0.67997617
78370,0.6795627
80708,0.6803415
90075,0.6799364
72748,0.68032277
10128,0.6803605
7858,0.00060225365
69469,0.68026257
607,0.6798989
31648,0.68012637
65947,0.6803081
65612,0.6801995
29127,0.6694755
71081,0.67933524
28869,0.6795787
13784,0.6802335
98489,0.68014175
38712,0.67906946
1935,0.6776493
81134,0.6790877
97576,0.023133522
100132,0.6796711
41552,0.68018186
104473,0.6792187
10886,0.6802368
4608,0.6786166
19638,0.6802887
103726,0.6803367
14088,0.679721
44367,0.6802354
77775,0.68032575
43133,0.67873555
11750,0.680349
38773,0.67865485
80328,0.68022853
36364,0.6803619
72222,0.6757408
24497,0.6794731
81796,0.6785955
68276,0.68028104
95099,0.6796303
104325,0.6798641
72720,0.6756229
81957,0.67991555
68678,0.67522526
6282,0.6786564
39478,0.6803684
64263,0.6793272
56842,0.68014896
71748,0.68037057
101186,0.67836475
77819,0.67958444
82746,0.6790704
75372,0.68033314
86180,0.68006164
103038,0.68034494
53965,0.6800038
51154,0.6778925
68680,0.67858094
10380,0.67976284
15435,0.6802654
80262,0.6787512
72306,0.67894465
62687,0.6800911
87244,0.6799275
45990,0.6799526
2832,0.67993945
15117,0.68029153
62567,0.6803414
13436,0.68025553
10683,0.6803519
25182,0.67999536
65739,0.6796689
94520,0.68030953
96784,0.67950034
21531,0.6801212
58971,0.6238923
66147,0.6797697
101483,0.68023545
79887,0.6801524
29544,0.6802131
69091,0.68036586
11176,0.6802531
60268,0.67917746
71120,0.6693945
31291,0.67763317
43865,0.6793226
40585,0.67850995
37452,0.68032926
52456,0.68028694
90007,0.6800503
16739,0.680315
91551,0.68026716
23423,0.68037117
1706,0.68036646
7452,0.68016434
8134,0.6800715
58536,0.68020886
105734,0.68035907
1313,0.6787358
84876,0.680344
100693,0.68030864
57995,0.6803709
79811,0.68033296
69139,0.6796321
58534,0.6798795
99375,0.6796432
76796,0.68034273
66626,0.68032265
97721,0.68033797
102488,0.6803501
31116,0.67924476
21065,0.68022424
59272,0.680162
99469,0.6795023
46333,0.67672694
28601,0.6800247
25815,0.68036467
102482,0.6802208
34661,0.6793384
65391,0.6772884
81943,0.68036413
28505,0.68005437
88621,0.68000865
62287,0.6790421
25860,0.6802347
58026,0.68016046
59165,0.6803548
21355,0.6803686
724,0.68031245
61635,0.67950296
10564,0.68029165
41782,0.6802342
6229,0.680251
42952,0.6791451
56235,0.6787535
104947,0.68020475
7746,0.68020594
100978,0.6799157
20646,0.67921895
78149,0.68036366
94746,0.6803374
11466,0.6795161
12787,0.6801442
104608,0.6743654
38068,0.6801021
12230,0.64404786
22667,0.6801696
35855,0.68007463
27932,0.68036973
57277,0.6799582
71908,0.6800146
23047,0.68017584
54288,0.67683566
73157,0.6785709
72434,0.6793018
37676,0.677512
107058,0.68034303
103029,0.6803449
34947,0.67956847
85834,0.67919433
74743,0.68022054
19940,0.6799366
29136,0.6774655
65700,0.67992896
15352,0.6766911
44799,0.679865
79640,0.6801389
745,0.67976606
68654,0.6800926
75911,0.6799644
814,0.6802691
30903,0.67787045
32545,0.67964864
35506,0.67984706
69863,0.68037033
19443,0.6795906
45375,0.6802354
22240,0.68031365
86911,0.68032086
68265,0.6802845
91954,0.68009126
99622,0.6793277
47734,0.68036073
53726,0.68035114
94247,0.6780022
154,0.67848647
11650,0.679939
27561,0.68024313
49806,0.66430295
94011,0.6802314
50140,0.6801625
93185,0.68015176
78438,0.68037033
2264,0.6803066
62528,0.6788751
4665,0.67868084
7685,0.6802856
39824,0.5993924
65005,0.67932963
68816,0.6803705
102678,0.6802985
63734,0.67983526
40320,0.6802859
2545,0.680177
41278,0.6778689
102661,0.6797152
29550,0.67976874
13831,0.6802644
52921,0.680304
106351,0.6801984
95864,0.68033916
9087,0.6790075
5591,0.67907035
46258,0.67779064
95865,0.6799104
42844,0.67917734
77093,0.679876
84201,0.6796807
70165,0.68023485
32357,0.6797754
101296,0.67873037
67095,0.68033564
85509,0.67985004
50202,0.676851
12793,0.67957014
94120,0.67678154
16628,0.6786284
88444,0.67972255
48356,0.6786624
57373,0.6800821
20724,0.6707889
32265,0.679075
50643,0.6763598
52320,0.67998385
90770,0.6803706
36345,0.6801861
51312,0.6801167
106826,0.6797995
1659,0.67972165
16342,0.6803603
14592,0.6801798
91973,0.67985576
92819,0.6803712
19977,0.6788053
14955,0.6768691
2250,0.6789306
72244,0.6796716
26420,0.6795775
68772,0.67944527
5213,0.5162445
51455,0.67960083
81805,0.68035704
85814,0.68034744
26954,0.67868704
69738,0.6788989
65545,0.68033797
83747,0.6789484
71477,0.6785004
69329,0.679922
1746,0.38030183
87324,0.67966557
45379,0.67940307
89712,0.67903465
96389,0.6803244
35886,0.6798667
89497,0.6803597
49775,0.68035525
81178,0.6801311
72632,0.67999923
93516,0.6769501
57472,0.679687
95100,0.6798565
257,0.67954314
97807,0.6803351
42302,0.68025124
103524,0.6798358
89488,0.68019617
76436,0.679854
95621,0.67868793
88434,0.6803621
106829,0.6800104
36065,0.67995507
85803,0.6797235
26046,0.6801878
57695,0.67963696
49956,0.6803711
41088,0.679656
46736,0.67944384
45144,0.6791711
99930,0.6799168
27117,0.67952037
53530,0.68031114
49282,0.6802711
1592,0.68036586
2095,0.6803388
105521,0.6803491
93321,0.6790925
77725,0.6800184
52947,0.67355645
43384,0.67958367
41422,0.6799982
102039,0.6803451
69243,0.6801425
100066,0.6750681
103522,0.6793756
61424,0.6801856
12304,0.6794737
99845,0.6800511
57141,0.67866534
63639,0.6798501
19505,0.6803551
72803,0.6801183
57130,0.6798714
104086,0.6798209
95997,0.6803676
73735,0.6782471
17898,0.6775162
63729,0.679588
62143,0.6803287
76631,0.67690295
24602,0.6792423
69537,0.68008405
57797,0.68002725
95559,0.68036574
90322,0.68037045
80472,0.68018705
66595,0.6792379
92922,0.68032956
29561,0.6797732
83239,0.679837
91457,0.67992496
55134,0.68034065
99539,0.6803117
48374,0.67771465
36915,0.679771
65108,0.0
29981,0.6802092
93649,0.68033326
89723,0.6802243
76692,0.68033046
54562,0.6793352
43904,0.6803696
33293,0.6793118
73671,0.6759562
28238,0.68033254
27546,0.68018246
2281,0.6756876
80042,0.6472297
47374,0.6803269
67558,0.68017775
58322,0.68035954
106927,0.67976725
81403,0.68023306
86321,0.68037087
50823,0.679792
97448,0.58661485
105586,0.6803476
75470,0.6800053
9662,0.113835484
91907,0.6796393
41996,0.6798408
59405,0.6802345
52052,0.039340008
30825,0.68032515
95254,0.6802569
58587,0.6798685
98745,0.6778332
29759,0.67987686
101031,0.6799387
20484,0.6801927
25560,0.6803186
61360,0.6782364
29448,0.68015945
19381,0.6785796
35748,0.6793589
68222,0.6803274
39947,0.6802442
49604,0.6798301
1877,0.6726153
46967,0.68021125
20173,0.68031836
36385,0.67835593
69799,0.6799566
69403,0.011364049
95633,0.68029445
33998,0.6793075
64813,0.6802034
45104,0.68029386
8400,0.6803702
2873,0.67982066
10001,0.68033075
48294,0.6783733
83497,0.68032295
57145,0.6800865
40968,0.67954737
12970,0.68021274
73741,0.6803635
63151,0.6795599
70917,0.6790362
32230,0.6799778
56209,0.6791105
23490,0.6800532
47058,0.67979115
82884,0.68035644
97008,0.68037015
19504,0.6801535
2297,0.6794149
48473,0.6803264
86212,0.6747685
38842,0.6783526
39472,0.6791123
51818,0.6801033
23397,0.67980707
96486,0.6789166
88840,0.6802506
40466,0.674606
70317,0.68015486
76574,0.67740047
39341,0.6801767
7292,0.6796173
2023,0.6803684
77379,0.68023765
58211,0.6794949
33639,0.6803699
104130,0.6803162
99841,0.68002313
106572,0.6803216
76552,0.68028086
101625,0.67983663
66162,0.679837
41851,0.68027973
101017,0.68013287
92229,0.6803459
82357,0.67997897
15982,0.679331
23136,0.6802982
97759,0.6803572
92316,0.6788587
91913,0.67945814
46431,0.67967415
19270,0.6803616
76264,0.6802578
97433,0.67871714
49813,0.68035996
63267,0.68022233
44030,0.6796633
47029,0.68035626
60911,0.67651904
26852,0.6787538
25495,0.6803312
30724,0.67968607
97366,0.67911524
88283,0.68021464
99771,0.6796676
22333,0.68035185
32269,0.6723954
8079,0.67629534
2779,0.6802384
13370,0.6803566
67613,0.67951703
84513,0.68031156
8508,0.68036366
66942,0.68033236
56528,0.6783257
63111,0.6803255
43119,0.67999387
55170,0.6771295
77456,0.5960108
8406,0.67956275
49227,0.6803357
100176,0.6677454
89671,0.6759394
99750,0.68035144
60128,0.6803239
57307,0.68028986
40250,0.68030536
34581,0.6790653
86220,0.68023694
49095,0.6784169
63946,0.67756414
10473,0.6762819
41895,0.6802432
76107,0.6801284
79867,0.6803136
63319,0.68034476
96015,0.6800441
79850,0.6801502
106860,0.6790901
3663,0.68021685
100342,0.68025345
8091,0.680355
103769,0.6787421
34494,0.6799897
28174,0.68004096
14089,0.6786358
14851,0.6749678
101546,0.6802445
70823,0.6782888
51750,0.6803617
85313,0.68027735
15457,0.6798274
14421,0.68028665
98252,0.6789458
64105,0.6783203
85486,0.67919606
40484,0.67672783
21023,0.67983156
14530,0.68025595
43162,0.6803605
6006,0.6784334
6263,0.68029904
42898,0.6790289
74764,0.6799578
53230,0.67824095
102952,0.6800756
17252,0.6773094
91186,0.68018985
29131,0.6801609
78947,0.6798738
3032,0.67871475
98841,0.6760808
8866,0.68019277
72495,0.67897296
67709,0.6798422
90098,0.67912275
59516,0.6803701
50248,0.67663354
94359,0.68006504
27240,0.6803498
96264,0.67975616
52858,0.67937946
46162,0.679877
1134,0.6803294
48949,0.6803495
71960,0.68012536
68910,0.6502447
99982,0.68021804
41393,0.4013827
51375,0.6800852
68467,0.6799625
76589,0.6801885
70180,0.68029284
37487,0.6778228
71815,0.6803683
103508,0.6799782
82760,0.6741445
58985,0.6789861
16513,0.6792032
31230,0.68036
59944,0.6734321
43283,0.6791809
31673,0.6803608
71637,0.6776789
84561,0.67794824
96324,0.6799258
11191,0.68035674
50728,0.68037015
22865,0.67987365
62181,0.6802515
87356,0.67827
77537,0.67882746
22487,0.67952543
45970,0.68019134
20742,0.67928743
64806,0.6794566
98020,0.67935616
49161,0.6803587
1783,0.68036973
64058,0.68020576
1330,0.6772666
86753,0.679066
85567,0.6800456
92385,0.67983675
63583,0.6791372
41872,0.67973673
4448,0.6803659
10400,0.45952752
54480,0.6784638
897,0.6776414
75005,0.67937547
104744,0.68027526
78050,0.68033564
24984,0.6802406
106112,0.6781973
19932,0.6801895
102896,0.6776597
73105,0.6799557
91330,0.6798587
34731,0.6803287
52739,0.6794148
26932,0.6797472
31165,0.6800947
58551,0.6803166
21939,0.6801341
91487,0.6746059
97906,0.6797433
44807,0.30312458
39583,0.68020225
93137,0.6796669
34927,0.6782799
45200,0.6798637
14810,0.6779001
97368,0.6797922
49243,0.6803451
22782,0.6799002
23667,0.68031734
71900,0.6802302
25489,0.6797564
27382,0.61453074
46444,0.6803696
78907,0.679908
54487,0.6803039
4456,0.678062
39826,0.6797082
66223,0.6788917
56061,0.6793766
62113,0.67770195
29214,0.6799558
66149,0.67903936
88109,0.67886823
22342,0.68037117
101632,0.6802719
35544,0.6799256
77028,0.68017125
43616,0.6421371
58907,0.68034
30899,0.68032146
87933,0.67853165
18929,0.67980003
50190,0.680366
76597,0.67993754
89900,0.6780995
83765,0.6802945
13518,0.6803522
45429,0.68018353
50083,0.6792175
66000,0.6802668
94851,0.68035775
10556,0.678167
63987,0.6795299
3997,0.6802926
9047,0.6797095
85872,0.6801113
24822,0.6803491
27379,0.68019897
21940,0.6803666
48077,0.67981553
96284,0.67896134
79651,0.00013082955
103427,0.68035096
12807,0.6802696
83175,0.67902374
15840,0.6791958
3484,0.6803238
70845,0.6803691
101606,0.68031704
23783,0.68037117
64445,0.67991364
104412,0.6783937
70411,0.67859364
19819,0.6803374
65009,0.6801925
92342,0.6801084
19108,0.68036044
6746,0.6803329
94206,0.68003285
94143,0.6803683
99106,0.67895824
69631,0.6803706
53596,0.6784972
101047,0.6763797
56697,0.6802125
55742,0.6803543
70944,0.6803543
92980,0.68036515
34131,0.6789232
44222,0.6802114
43819,0.6802498
19874,0.5554222
49225,0.67980695
5038,0.68036574
29429,0.67474943
86940,0.6753421
21797,0.6801526
54871,0.68025255
44711,0.68015033
9775,0.6800033
98608,0.6799774
33277,0.67985314
47216,0.678871
6745,0.6795212
42361,0.6800007
27101,0.67819965
72144,0.6802524
87482,0.6803513
52060,0.67879987
26520,0.68011475
16,0.68030596
97049,0.6784324
65365,0.66977686
26077,0.6767421
18424,0.6776066
80684,0.6796369
51997,0.68032944
11295,0.6802585
255,0.6788383
95708,0.67918223
102388,0.67267865
82724,0.6796112
72032,0.68037105
82147,0.68033844
50404,0.67976224
11290,0.68037117
34522,0.6798703
92537,0.6803708
105140,0.67984045
23560,0.68036944
172,0.68032175
95703,0.67956406
93174,0.6800063
52405,0.68033457
28051,0.67995566
4946,0.6780179
43674,0.6803662
50110,0.67987835
1179,0.67933476
60536,0.6767835
79473,0.68016696
104865,0.6799957
74070,0.6802009
97397,0.6782023
76386,0.67853695
41379,2.7403457e-36
10449,0.6784851
33692,0.680347
38931,0.679392
40541,0.6778265
95816,0.6803675
47147,0.6803484
39952,0.6788293
10941,0.67505103
5613,0.67658895
29689,0.6802901
21013,0.6801803
12465,0.67965543
7029,0.6734235
100032,0.6785875
33975,0.6760204
102570,0.67694867
75071,0.680365
31504,0.6802714
58867,0.68031335
51215,0.67843115
103693,0.67938626
95082,0.6799455
24245,0.6803065
51808,0.67832816
26899,0.67906886
83788,0.67894995
15455,0.68036497
6864,0.679856
43346,0.68035555
45131,0.6796044
59236,0.6803563
60069,0.6799995
97287,0.6798324
73100,0.6801164
2015,0.68014526
67988,0.67893255
15584,0.68037087
104063,0.68022233
15460,0.67864496
95640,0.68035126
77076,0.6803392
4555,0.68022424
74424,0.63464344
88710,0.68001294
6054,0.61377794
65620,0.67974156
10605,0.6794291
59261,0.680262
25733,0.68006635
58112,0.68018734
81844,0.6803469
49036,0.6794872
26258,0.6790891
3535,0.6801052
101998,0.68008614
66520,0.68022585
87362,0.68036807
99528,0.6796063
12377,0.67905664
51345,0.6786872
96938,0.6803691
15312,0.67916155
16353,0.68032014
91008,0.6044516
90835,0.68029124
41820,0.68032515
16151,0.68023443
86348,0.6792888
105669,0.680185
101601,0.68025434
83311,0.6803421
104640,0.67966485
84406,0.68013877
8453,0.6803626
60994,0.68031496
51636,0.6802374
4373,0.68014324
49091,0.68010753
68042,0.66831815
82902,0.67857784
49391,0.68016773
30984,0.67980593
34967,0.68020964
40341,0.68036544
45873,0.6801647
17905,0.6802975
16839,0.67996484
44541,0.679599
68437,0.6800126
21404,0.68036985
73479,0.6800746
30359,0.68020433
73351,0.6803352
84959,0.67927307
56513,0.678747
103756,0.6796206
67520,0.68021894
100986,0.6760357
27260,0.6802709
731,0.6803167
87687,0.68032944
28660,0.6735283
94391,0.68035716
17446,0.6786969
81498,0.6802096
12219,0.6790068
78778,0.6795588
96356,0.6802757
81985,0.6802858
55448,0.67909163
48604,0.68036294
5094,0.6803518
81185,0.6802096
71771,0.6756642
69712,0.6788977
46044,0.68018484
88764,0.6786702
88216,0.6802588
77232,0.68036085
32466,0.6802559
56837,0.6794126
40092,0.680328
99835,0.67678463
7863,0.27514717
84264,0.67406726
59001,0.6803704
65318,0.6803571
85921,0.68035704
6507,0.68024206
94886,0.68035465
14161,0.6795424
2774,0.6803497
18113,0.6778264
39735,0.6800258
78002,0.6801779
28895,0.68024164
70029,0.6801897
74120,0.6803658
5053,0.6803495
72518,0.6786411
46275,0.67954886
96136,0.67668545
14146,0.68014866
48782,0.68034065
71094,0.6775953
4072,0.67541087
22234,0.67953855
40492,0.6803513
79690,0.6791847
23079,0.67847943
17333,0.6765297
87119,0.68009216
5834,0.68032104
13551,0.6758913
103021,0.68004596
41991,0.54389447
97997,0.67932683
106143,0.6785791
101996,0.68028766
101236,0.0
36530,0.6799763
17414,0.68019545
33019,0.68020236
85006,0.67751133
76140,0.67928255
11309,0.6803642
34063,0.6779261
86991,0.68035024
32286,0.68032265
2524,0.6802226
6279,0.6795682
57030,0.67918664
37289,0.6792543
54436,0.6795569
67667,0.67622113
51861,0.6803035
48301,0.68035376
92372,0.6790186
66076,0.6801727
104068,0.68036693
31387,0.68034166
103070,0.680326
102925,0.6801793
99006,0.6792151
34843,0.6787386
38428,0.679078
50298,0.6770097
51515,0.6803656
32828,0.6802968
104127,3.5667195e-08
2186,0.6799849
20434,0.67468345
96378,0.6802783
13398,0.6797622
6188,0.6723157
85871,0.680099
62571,0.67917264
11099,0.67968947
94810,0.67829597
23998,0.6803447
49636,0.6803267
20494,0.677639
33693,0.6803184
91076,0.68028873
74944,0.6803121
74179,0.68021536
8337,0.6785143
38300,0.6799393
33038,0.67903966
42301,0.67850935
98406,0.67814195
21120,0.68034315
103069,0.6802418
95270,0.68014497
29415,0.68037045
8936,1.564977e-05
3064,0.6803283
9208,0.6801192
3003,0.67948306
19534,0.6799553
38292,0.6796151
83724,0.6802348
38364,0.6793982
13128,0.6802434
89959,0.6803318
16895,0.6782703
11341,0.68032795
65488,0.6802002
82592,0.67902
56114,0.67663425
26861,0.6802634
41746,0.6803674
96149,0.6798661
11061,0.67851156
53212,0.08797871
70589,0.6790747
78186,0.679598
54618,0.6786055
23535,0.6775617
76071,0.6802774
6762,0.68019927
21563,0.6800198
8277,0.67810315
68692,0.68003553
16750,0.6799246
106149,0.67999905
32532,0.68035454
32779,0.6802386
102453,0.67569953
30666,0.67503744
61647,0.6803608
27147,0.67804325
95403,0.6802781
100710,0.6802562
36015,0.6799866
106331,0.67912865
87580,0.6803236
41501,0.6770646
98388,0.68016815
30343,0.68029404
100663,0.680324
48171,0.67932636
56787,0.67792267
14226,0.68036073
21243,0.6803641
106770,0.68006444
14458,0.6803712
67170,0.6797408
73977,0.67944276
61569,0.6802547
6221,0.6794355
1656,0.6803309
70599,0.67568624
33838,0.6754224
59864,0.68015337
74466,0.67568475
11592,0.68032444
15088,0.6800173
97597,0.67985207
18431,0.6802269
42600,0.6801279
81817,0.6801977
80331,0.68031776
98567,0.6800308
4097,0.6776619
63923,0.6803274
28027,0.6788121
27503,0.68026376
9715,0.680249
40488,0.67965525
40166,0.6796821
48582,0.6800964
6797,0.679805
65019,0.67945784
30617,0.6792029
51701,3.6223596e-06
5761,0.68022424
105934,0.6801145
40390,0.67667764
58403,0.6799974
39690,0.6803335
69613,0.6803403
17650,0.68030226
26592,0.68014896
70322,0.68036324
63130,0.6800877
49616,0.67454094
102088,0.6795798
15405,0.67970175
68466,0.68034667
92294,0.6802471
22524,0.6797359
102550,0.67962116
79178,0.68014926
78481,0.68036735
25017,0.6792063
4939,0.6803424
28702,0.68029094
50712,0.6792408
42190,0.680371
85508,0.67984104
36452,0.680087
9538,0.680187
35066,0.6798261
38543,0.6801673
11794,0.6803566
66006,0.6802948
21198,0.68030673
80627,0.6799131
72178,0.6659077
52478,0.56733143
54875,0.6755302
93762,0.6793777
86519,0.6794861
78128,0.6803622
82240,0.6801202
100403,0.6803672
46299,0.6794855
105428,0.6801802
76655,0.679457
87723,0.67996997
39172,0.68009305
105399,0.6803518
35620,0.6745347
4285,0.68032366
104852,0.67983603
45967,0.6780364
73419,0.6772159
88642,0.67993295
66205,0.68021643
48234,0.0
6612,0.6798965
18880,0.67955536
69298,0.6801914
87659,0.6787323
81104,0.680362
77462,0.6797528
86422,0.67743254
82575,0.6801017
29597,0.6792793
45809,0.68018407
82953,0.6797993
60684,0.68036944
18764,0.6784385
103360,0.6772971
36723,0.67831796
29224,0.6802018
48812,0.68029314
43786,0.6367591
37907,0.6803712
66750,0.67831105
74666,0.6793672
32708,0.6803603
98157,0.67917514
85100,0.67692107
10959,0.67974013
25471,0.68032235
74863,0.6802883
87242,0.6790762
104648,0.67975676
97052,0.6794179
86805,0.6797195
16681,0.68006575
9645,0.6803531
38003,0.6800657
98423,0.68032074
43855,0.68026876
80998,0.68022436
51599,0.6803577
86393,0.67765504
97657,0.6803031
68503,0.6796654
62199,0.6802029
22810,0.68036497
25809,0.6784847
31763,0.67737854
56585,0.67967165
82026,0.6800203
31013,0.68032265
88505,0.6802039
67862,0.6799785
1083,0.6803538
32019,0.68034977
45514,0.6789598
45705,0.6802383
24442,0.67999876
2150,0.6800343
44853,0.68009865
87629,0.6802616
99796,0.6803171
15349,0.6803046
34765,0.67946655
25818,0.6801251
2666,0.68003637
76793,0.6803109
105647,0.6803711
81361,0.6801957
90799,0.6802832
35745,5.5692004e-07
160,0.680292
69303,0.6802462
14700,0.67709786
69746,0.67806363
961,0.67814195
3962,0.68028
24511,0.67906874
61817,0.67509884
19533,0.6799603
43332,0.67925835
52787,0.679691
79254,0.67985183
63398,0.68025035
46236,0.68005025
103175,0.6803234
79229,0.6799419
2444,0.6793848
77714,0.6773297
80153,0.67749965
98530,0.6803597
93242,0.68006164
39888,0.67948484
9964,0.67756253
31540,0.6803
47142,0.6802698
35348,0.68032795
74182,0.6802908
5001,0.6797215
37864,0.68033165
14092,0.67931926
16748,0.68003964
104285,0.68036324
41214,0.6794928
27064,0.67992777
1903,0.6790164
9954,0.67936116
86039,0.68016213
54745,0.67928797
9210,0.68037117
103898,2.4297228e-19
21972,0.6798452
67669,0.68037057
484,0.6802228
47825,0.68036723
47939,0.68029493
100475,0.67989826
77167,0.680195
88023,0.67936367
75237,0.68037033
60778,0.6787461
33347,0.68033767
72757,0.6795799
45691,0.680319
23169,0.68037117
49808,0.6800577
87952,0.67921203
104831,0.68036777
88511,0.6795656
106076,0.6802746
1970,0.65037185
61596,0.67861295
99009,0.680329
36950,0.679143
4566,0.68028134
40783,0.6789609
72599,0.67845833
8221,0.6803157
19699,0.6801396
37292,0.6784216
11863,0.6803531
79578,0.68005264
25995,0.6802631
37913,0.6797084
7465,0.67988807
77555,0.6802685
87837,0.058920093
32407,0.6782011
3374,0.68031245
23096,0.68026894
21436,0.67996824
67879,0.68036157
105851,0.68027097
84088,0.6786245
33309,0.6790135
58284,0.6803163
67380,0.6799015
51248,0.6803351
7690,0.67991847
66797,0.6793303
3928,0.6772226
98699,0.68024
37209,0.6773009
39834,0.68037
100208,0.6801766
92868,0.67915267
7592,0.67681146
93101,0.67998207
82473,0.68034935
54104,0.68033886
8772,0.65237325
49171,0.680191
1186,0.67993635
20672,0.67787844
9230,0.68036807
97020,0.68033963
2270,0.6779781
21016,0.6803009
42750,0.67989874
12134,0.68037117
85442,0.68021065
4196,0.6786823
45003,0.6781989
173,0.6798056
93374,0.6793622
88695,0.67867583
24428,0.6781534
21794,0.6803584
83160,0.66738045
61147,0.67942506
84498,0.6802719
12837,0.6761398
55334,0.68029547
23071,0.6800233
86142,0.6779309
82082,0.6756992
40099,0.6796904
90999,0.6793216
60262,0.6795698
13806,0.6803533
84354,0.6803182
93197,0.68017405
31336,0.6801538
61346,0.6753615
64873,0.67990214
32682,0.67908883
91281,0.67755234
18862,0.6802713
69521,0.6802077
89560,0.6803488
35183,0.6803573
101367,0.680097
80005,0.67988735
28355,0.679797
81694,0.67990047
67871,0.68020695
40178,0.67830086
18070,0.6770427
30680,0.68037117
56137,0.6803545
84815,0.67951167
86707,0.6794644
55089,0.68035203
59361,0.67797667
64490,0.6782624
57093,0.68034685
15676,0.68035793
39525,0.6798543
47923,0.6802348
45403,0.6803594
83152,0.6790015
98655,0.68034077
50859,0.6803711
65784,0.677904
70212,0.6798931
21058,0.6796721
74241,0.68006694
62610,0.6792333
7566,0.6803691
97972,0.67735195
67144,0.6767296
87606,0.6770273
46796,0.6802491
4010,0.6792919
76090,0.68037087
12992,0.6802595
96829,0.6796809
84814,0.68035483
57267,0.68036675
6047,0.67985153
69361,0.68029165
17613,0.6803603
51751,0.6802776
42632,0.67952275
36140,0.6803471
85388,0.68036425
71239,0.679647
15500,0.6797067
61416,0.6798639
31746,0.6775281
50329,0.6803565
73952,0.6791896
32538,0.6803311
13418,0.6783812
12540,0.68025994
43800,0.6803232
14460,0.6803627
55856,0.68036854
62352,0.67969525
94871,0.67967
91572,0.67860913
26053,0.6787439
50065,0.68037057
5865,0.680065
10612,0.680351
42136,0.68022853
98225,0.67816234
67911,0.6801384
58526,0.6774972
60638,0.6781583
17491,0.6803614
65807,0.6794321
65190,0.6801947
46855,0.6802179
31550,0.67845863
46678,0.68034124
52586,0.6784647
77083,0.6783737
15946,0.68029904
47152,0.67893684
82477,0.67884016
89509,0.68020195
67809,0.6801585
66336,0.68019223
104012,0.680207
5903,0.6793038
71203,0.68029916
53679,0.67879593
4649,0.6803401
45837,0.68029356
47135,0.6770316
100954,0.6793718
91716,0.68018705
85728,0.6799171
1170,0.6768846
31247,0.67725784
7679,0.6797148
28796,0.6779487
44977,0.6803712
39422,0.67902637
61607,0.67799056
106078,0.6774198
9024,0.6803524
87278,0.67869514
69203,0.68023825
1615,0.6803318
18592,0.6785182
102546,0.6802219
92573,0.67937934
99103,0.67947286
64001,0.67915064
10045,0.679926
85073,0.6777455
63138,0.67172
33289,0.68028945
25657,0.6232472
105677,0.6797463
67163,0.6796748
13647,0.68027085
76642,0.6803603
51007,0.6778559
68266,0.6782657
44275,0.6232046
20998,0.68035954
37144,0.6802497
22529,0.6803211
107135,0.6803403
10453,0.6802235
44915,0.6802345
71397,0.68035805
87754,0.68026096
94874,0.680353
48273,0.66776156
83799,0.68036854
59725,0.6793055
17919,0.6785953
38410,0.6803604
96210,0.6799374
52102,0.6788358
71858,0.6801211
35019,0.67983055
100257,0.67928654
92012,0.6802349
62039,0.6803106
62999,0.6777827
71724,0.6801801
45444,0.68037075
92009,0.6784425
19636,0.67953783
55464,0.6803184
71250,0.6800487
7439,0.67997456
49016,0.6797677
23337,0.6802281
60876,0.67192066
49078,0.68029684
74833,0.6801459
29020,0.003861993
26583,0.6800853
29303,0.68023616
42586,0.68022066
71875,0.6801195
34508,0.6801193
6165,0.6803012
58493,0.6790319
94887,0.6803176
102986,0.6797808
28098,0.67841136
25087,0.6802955
8009,0.68037075
89579,0.67957264
54770,0.6803654
51653,0.6803306
45760,0.67971456
4476,0.68029267
54421,0.6802477
59509,0.6799155
98689,0.67973065
60921,0.679751
39461,0.67700577
70274,0.67972887
37090,0.6800732
37016,0.6796433
13411,0.67547226
51088,0.68037105
56925,0.6787414
98002,0.67977357
35495,0.67939204
93475,0.6785063
68261,0.68008447
98947,0.68036896
50552,0.6803167
59028,0.6801744
88386,0.67800933
96380,0.6802906
45376,0.6790319
43984,0.67994505
24711,0.68003434
97312,0.6799556
26141,0.68037105
16602,0.6803285
23781,0.6803093
28258,0.6801647
64800,0.6803457
37795,0.6803411
62740,0.68028027
41201,0.6803712
1954,0.68033475
81573,0.68025655
21215,0.6803334
70981,0.68026936
67761,0.67957294
104537,0.6790948
52595,0.6792018
28616,0.67990434
17775,0.6803426
35248,0.67964125
34106,0.68036693
13399,0.6799451
62348,0.67088497
22348,0.6802656
78412,0.68028235
79202,0.67998695
28300,0.6799276
57415,0.68036515
24325,0.67978257
104667,0.680186
102884,0.6792251
75881,0.68026495
89545,0.6800232
53802,0.6802226
8428,0.68015045
1947,0.680354
39582,0.68012875
98781,0.68031496
10914,0.68033975
68116,0.68016875
89336,0.6792625
23088,0.6734908
24498,0.6801278
20680,0.680322
72863,0.6801951
9853,0.67725426
34780,0.6803389
47982,0.6801653
23029,0.6777906
99217,0.6787945
65189,0.6803702
32702,0.68030983
29196,0.679429
92311,0.6775084
78556,0.68020654
790,0.680331
61109,0.68007636
27468,0.68019265
59155,0.67955977
77199,0.6789463
5278,0.68025804
74444,0.67935604
82691,0.67998916
16226,0.68032867
52549,0.6800465
44851,0.67912716
59450,0.6797753
94386,0.6803666
17225,0.67813313
36121,0.68036926
70641,0.6803051
23081,0.679277
26293,0.67934644
19672,0.68037075
75867,0.67899066
12380,0.6793901
58603,0.67936414
75965,0.5735279
89363,0.67909646
93676,0.6801334
14307,0.680362
91126,0.6317497
25779,0.68035424
6628,0.6801632
4388,0.6798501
93791,0.68023944
31487,0.6785364
90708,0.68031883
30088,0.6799792
83553,0.679458
74383,0.6803413
25927,0.68027276
7414,0.680305
20334,0.6799174
21744,0.6795906
21251,0.6802029
60748,0.67973226
43515,0.680013
74308,0.6801853
106088,0.67995477
34656,0.6803661
50547,0.6799141
95637,0.6791845
30704,0.6802357
15030,0.68036723
24654,0.67872393
9002,0.6803526
39090,0.68011814
50634,0.68023866
97316,0.6803669
84069,0.67983645
15263,0.6613861
17371,0.68001103
92665,0.68031365
68592,0.67988527
34934,0.6788904
60754,0.68023896
11212,0.68000984
57395,0.6777104
87247,0.6775024
10163,0.6803613
19818,0.68035084
86469,0.6776544
5163,0.67918116
89755,0.680161
15091,0.679135
54328,0.67985356
26074,0.6799912
70959,0.6803113
84334,0.6799858
65282,0.6784277
33477,0.68028915
6641,0.67976874
23339,0.68018657
224,0.6798385
16607,0.6802538
106110,0.680328
75941,0.67940336
45252,0.680084
832,0.67966384
55056,0.6803387
89743,0.67949307
60890,0.67990416
55078,0.6798698
48751,0.6777772
64538,0.68036634
40381,0.6765135
80868,0.6785769
39323,0.6802503
87561,0.6785815
16654,0.68035495
41696,0.6798544
13283,0.68036675
24227,0.6794479
9617,0.6796202
56613,0.67978877
87591,0.6789602
51253,0.6724907
79479,0.6787631
90168,0.6791865
63042,0.6797654
37035,0.6799737
52909,0.6792257
69625,0.67944586
10939,0.68023163
43090,0.6784064
23167,0.680231
16387,0.67877144
40661,0.6800942
71384,0.67863333
19426,0.68037117
45384,0.67993546
60704,0.67980164
14812,0.6793084
42412,0.6801718
70876,0.65814275
63689,0.68032104
33546,0.68001467
15735,0.6581095
40798,0.67794836
13733,0.6798436
67133,0.6791305
18911,0.67921144
31669,0.67849356
80993,0.68032694
48559,0.67878443
6089,0.6802968
75724,0.67979896
76026,0.6802801
31984,0.67941594
10651,0.67823964
31300,0.68019444
28564,0.68027
18914,0.6801992
58189,0.68029815
79828,0.67741036
66402,0.6801287
40202,0.6802368
95576,0.67965245
94270,0.67876315
29226,0.68011785
53270,0.6802395
35383,0.68025124
29566,0.68021095
2547,0.6800016
70342,0.68006945
1061,0.67489666
78036,0.6785515
72994,0.6802489
34506,0.6752314
102711,0.67418545
41440,0.67986315
39328,0.6803018
82236,0.6802185
54557,0.6774785
8590,0.68033165
49268,0.67229426
53084,0.68033814
32658,0.031567253
40205,0.67990756
16606,0.68036336
21653,0.68023676
38824,0.6795869
72356,0.6800517
58357,0.68008953
5784,0.68020576
10202,0.67775196
9417,0.67900467
33193,0.67995536
107160,0.68021363
70310,0.67837334
18909,0.67901826
60021,0.6802849
20427,0.6797466
104311,0.6799311
86023,0.68028903
31203,0.6802517
63103,0.6803141
98109,0.68037087
21297,0.67925406
52144,0.680354
88901,0.68018174
38225,0.68018305
84696,0.6770957
20497,0.6795737
29476,0.68035156
24075,0.67976195
22804,0.67829925
91118,0.6799287
80940,0.67741936
43319,5.4596147e-11
29975,0.68031687
87083,0.6803251
52097,0.6803564
40409,0.68024474
38669,0.6802198
3473,0.6803202
42303,0.680001
55987,0.6802068
29956,0.6803555
85955,0.6799303
25404,0.6798849
10515,0.6799141
94826,0.67857206
24313,0.67981637
7440,0.6796616
37739,0.6801476
65222,0.6800344
21842,0.6803184
13616,0.68027586
62725,0.6802477
82094,0.68025994
28784,0.67979425
90341,0.6802262
90871,0.6801729
97153,0.6794848
34477,0.6803466
27288,0.6799529
6645,0.68025327
106487,0.6788157
103799,0.6803605
100795,0.68012005
50441,0.6794941
25656,0.67942595
42091,0.6798361
31393,0.6791546
105245,0.67964715
30771,0.6799773
63295,0.67966396
92846,0.6736033
76532,0.68018055
55699,0.6803639
51532,0.67918366
81462,0.6770127
55743,0.6785659
5471,0.6802918
50734,0.68028426
77357,0.6800857
42814,0.67936397
56981,0.6796293
15870,0.6801121
62263,0.6800188
32459,0.6803609
69113,0.67938983
41655,0.6789345
73181,0.67899364
106893,0.6764568
95135,0.6803638
250,0.6788524
46233,0.677858
61352,0.67875063
78753,0.68013144
36900,0.6803692
20266,0.68030363
100210,0.6799663
12736,0.6801008
72307,0.6756283
88205,0.68002313
8442,0.67928815
5266,0.6766899
68454,0.68037057
42471,0.6796384
88656,0.6803097
39599,0.6799054
52067,0.6796502
36330,0.68019205
64700,0.67415464
45548,0.68008244
25933,0.6801831
15386,0.6788409
5678,0.6801974
64586,0.6796593
42264,0.67991877
82239,0.6803349
12472,0.6802008
80615,0.68018824
90894,0.67795247
33993,0.68005824
68985,0.68002963
48858,0.6771603
2365,0.6802477
61432,0.6794624
55956,0.67864144
72981,0.64202875
3931,0.6802758
102498,0.6801244
65577,0.6790088
104607,0.6772686
3574,0.6798411
48736,0.6796125
17630,0.6798466
92273,0.6775449
88264,0.6798097
46131,0.6800848
65601,0.6798464
11263,0.68021375
56695,0.67983127
52600,0.6799016
5653,0.6800521
23233,0.6800601
102262,0.68021184
19938,0.68019617
43484,0.6796119
85166,0.67935777
3085,0.67932034
18921,0.6802445
24771,0.6783546
58897,0.0028736182
94516,0.6803646
78453,0.68008476
91211,0.6780348
105987,0.6803002
43111,0.6800817
28487,0.6797952
8124,0.68016297
82311,0.6796021
98877,0.67885983
74159,0.6803568
33511,0.6794423
95473,0.68023074
19725,0.6803691
41003,0.68036705
16427,0.6803001
100963,0.6782697
52106,0.6802002
39236,0.6781384
44120,0.68030494
105658,0.68029636
13655,0.6800849
26906,0.6794565
88670,0.6803384
10846,0.6796679
61451,0.67958456
22909,0.68035185
5603,0.68026865
71995,0.68029255
13659,0.6796884
33676,0.68022436
99479,0.68036395
87944,0.6802301
98866,0.6791534
101832,0.6801615
41896,0.6802577
3179,0.6785934
51753,0.6803619
27493,0.6786084
49726,0.6803512
12631,0.6802583
72865,0.680308
80074,0.6780696
25077,0.67965025
2911,0.6793527
6033,0.6793712
11734,0.68013805
49339,0.68034005
3717,0.67988306
81240,0.6799252
94153,0.67605937
78852,0.68030584
54176,0.67802805
65079,0.68033916
42937,0.6803651
37077,0.6803684
90291,0.6803541
64253,0.6794095
56721,0.6795455
14315,0.6793426
71554,0.68036854
83088,0.6802678
14641,0.68037
48788,0.6794307
37948,0.6803442
80385,0.67901045
33468,0.67957443
18095,0.6803355
33431,0.6803483
92258,0.68008494
78347,0.6803393
56274,0.45661095
53441,0.6796342
9495,0.6787861
80729,0.6795269
12433,0.6801015
86376,0.6801978
52615,0.68033373
64847,0.6799795
19409,0.6803268
207,0.6771718
68122,0.6797365
92545,0.67529047
95519,0.68025565
50682,0.68034583
55649,0.6625783
81728,0.6803697
11486,0.6801728
57854,0.67962456
1370,0.6770356
30096,0.6792388
37053,0.68035203
54074,0.6795443
33195,0.6800216
102230,0.6234032
45171,0.68023515
46872,0.6800455
9345,0.6745075
82785,0.06252976
48943,0.680256
106349,0.6801759
21593,0.6797343
78571,0.67971116
91788,0.6801202
86361,0.6780901
52065,0.6803098
84555,0.6802394
3855,0.6800351
43401,0.67813337
69390,0.6802681
56654,0.6803456
28773,0.67949384
100080,0.67985487
89691,0.68036664
80744,0.680353
27515,0.67969257
101721,0.6797876
23643,0.6803117
47182,0.6797409
56109,0.6802487
81489,0.6800918
72660,0.65998024
25454,0.6803584
89294,0.6797934
74774,0.6765476
30573,0.6799616
55258,0.68036443
5170,0.6803242
88336,0.6803232
5643,0.68029314
62813,0.68015414
72060,0.68034244
36505,0.6797401
30556,0.6801392
80742,0.6802554
81442,0.6795205
84357,0.6695046
8437,0.6800073
89498,0.6801484
52323,0.67990124
6105,0.6794265
28306,0.68034106
817,0.6803244
21262,0.6800827
101935,0.68017864
84337,0.6802726
14451,0.6803656
16999,0.6802505
106000,0.6801242
54478,0.6783504
74663,0.6782988
45704,0.6802055
19643,0.6782283
61567,0.6801777
15631,0.68018705
41554,0.680009
83039,0.6772129
103446,0.6802215
98345,0.680292
58781,0.67983454
36507,0.68020463
93968,0.63972485
69970,0.68026453
29264,0.67898506
72447,0.67856365
49490,0.67999923
78217,0.6803241
102159,0.6715401
70273,0.6795629
26338,0.6776049
56176,0.6803712
48531,0.68003464
87778,0.67840385
31072,0.679787
102437,0.6796465
74391,0.6803572
99487,0.68036926
1181,0.6798147
98967,0.6803635
40784,0.68036777
13252,0.6801549
35927,0.6799532
10450,0.49052992
26024,0.6802171
85777,0.68029475
79959,0.6800794
42224,0.68037105
79732,0.67969596
13077,0.6803507
45919,0.6800471
48481,0.679988
23051,0.68034035
53396,0.6799921
25990,0.6740553
65930,0.6793672
84275,0.678736
55555,0.67973137
13571,0.6801274
19734,0.6760947
99263,0.6799813
40884,0.67910737
76709,0.6792471
91081,0.6799858
99608,0.6779963
101938,0.6802476
31299,0.6798179
54312,0.6803684
75331,0.6796663
26718,0.679061
39625,0.6800669
10154,0.68014324
52480,0.6786095
86492,0.6802686
67218,0.67983043
90249,0.6798026
107061,0.68037117
31114,0.68028593
22242,0.68031245
103709,0.6803007
25534,0.6802349
11076,0.6801996
59426,0.6801428
40405,0.6794615
44754,0.67809343
22684,0.6802565
5801,0.67996454
36924,0.6801534
53384,0.6648349
92712,0.67879003
96901,0.6788727
66228,0.658333
6751,0.6803116
16380,0.675516
67691,0.6803143
69021,0.68037087
96902,0.6802188
47769,0.6790261
31218,0.6779289
38635,0.6803711
84440,0.67949593
80700,0.6801569
83305,0.6798998
77004,0.6191491
35493,0.67881256
57640,0.6803709
22467,0.6786505
37776,0.6792202
69920,0.6803709
27536,0.6798349
52622,0.68034947
99130,0.68036073
34826,0.6801724
13530,0.6801658
54219,0.55151343
75359,0.6799481
27285,0.6803474
22077,0.6799237
90788,0.68034273
104322,0.6795006
32897,0.67830694
55677,0.6803631
42319,0.67926306
92559,0.67876595
29282,0.6796947
65013,0.6803007
4817,0.679988
37540,0.68033
68712,0.67915404
56007,0.6788335
47616,0.0
79058,0.68010175
81738,0.67789835
100015,0.67788637
54572,0.67461103
49533,0.6802865
101178,0.6802588
95017,0.6801993
105751,0.67989314
78944,0.6777148
2093,0.6786503
105969,0.6790816
104250,0.6770864
83042,0.68035793
1065,0.68015635
37529,0.68032485
13780,0.67989457
46453,0.6803692
64631,0.6797463
20384,0.6803255
47912,0.6718672
18,0.68032074
77554,0.6763914
15582,0.6803339
99666,0.6666335
79962,0.6794315
57979,0.6803274
781,0.6788958
65466,0.6791174
95252,0.68037075
32661,0.6803709
51127,0.68037075
17798,0.43920508
39908,0.67934805
25867,0.6799607
21529,0.6794845
28279,0.6803694
11637,0.68037087
64726,0.6799238
74392,0.6802154
15857,0.6791039
97309,0.680344
37463,0.67916447
32071,0.6791076
21323,0.6802764
26312,0.6801205
71930,0.6801918
3492,0.6803102
65456,0.6797916
96936,0.680264
76724,0.68037105
10868,0.68033177
82591,0.680371
35387,0.68027014
38546,0.67833817
89839,0.67986155
14754,0.6797701
48921,0.6802874
5482,0.679922
105128,0.39993286
31526,0.67938334
93278,0.6803596
37389,0.6801451
85513,0.6797589
71873,0.6801567
14912,0.6803705
81004,0.679084
43896,0.67951775
14272,0.6803526
10717,0.6802904
64257,0.6790694
11434,0.68030417
66130,0.68027097
35204,0.6802221
54695,0.6803712
14350,0.67972285
100672,0.6801485
3169,0.6803005
82931,0.6803697
92433,0.6799224
24263,0.6803124
14767,0.6802279
10604,0.67828566
100318,0.6786365
75663,0.68036664
43684,0.68001103
30373,0.68003756
17867,0.68035954
33900,0.67993927
29003,0.6802302
33694,0.68037033
84087,0.6793412
29852,0.6788587
63545,0.6786112
62292,0.6802991
57258,0.68036544
95073,0.6802814
50685,0.6773689
104221,0.67903906
51911,0.6803555
48975,0.68035793
58430,0.6759609
63383,0.6800755
35526,0.68010914
64270,0.67996675
23285,0.6741882
89158,0.6784925
77528,0.6785757
38446,0.67993367
19382,0.6781778
17453,0.67796195
39175,0.68004066
102238,0.67851603
85718,0.67956334
24010,0.6803616
54821,0.67974854
13440,0.67764634
11394,0.6795276
23805,0.67982674
43147,0.0058129174
1333,0.6801938
1639,0.6789395
37376,0.680268
63387,0.6786518
23614,0.6764303
32136,0.679035
49294,0.68033916
13594,0.6800033
42326,0.6803596
82587,0.6792591
62487,0.6797949
61281,0.67948127
1204,0.68036765
85035,0.67991656
63270,0.67969024
54681,0.67980576
38823,0.68021536
88510,0.6803314
73301,0.6792847
97118,0.6801091
56486,0.6789498
70896,0.68032354
9348,0.6799954
103274,0.6801631
33539,0.6800282
91382,0.6776239
42087,0.68026847
38095,0.66966903
37681,0.68018293
8143,0.6780193
19535,0.6802975
100274,0.68033826
47783,0.68007344
63781,0.6801752
96617,0.6773271
75551,0.6802841
17255,0.6788268
53787,0.6803064
635,0.6788758
85183,0.6799554
103397,0.68033963
82756,0.6803552
100666,0.6803364
50949,0.6801282
28357,0.68004495
45721,0.6803702
56031,0.6803234
28691,0.680122
16837,0.6793152
5685,0.6795039
92766,0.67394
46208,0.68032616
39047,0.67997175
6910,0.67909867
70669,0.68014747
49926,0.68018687
67684,0.68025094
22819,0.680329
64125,0.6803709
15652,0.6800553
23464,0.51934606
29177,0.67880464
35062,0.6787072
68536,0.6799606
51118,0.6803526
90260,0.67952913
60622,0.68032455
72104,0.6776807
7291,0.67865056
68799,0.6803428
26509,0.6792098
96133,0.6801288
64710,0.67999923
34161,0.67961884
4172,0.6794032
26504,0.6803361
42383,0.68018466
48827,0.68021405
62023,0.6777759
53381,0.6803679
42672,0.6803642
40352,0.61701477
98188,0.67901784
55579,0.6803465
95699,0.6795712
22073,0.6803712
7510,0.6782113
61926,0.67899334
12524,0.68026197
30272,0.68033636
84597,0.68036515
82478,0.67904925
64991,0.68020225
33087,0.6799086
102366,0.6780229
83565,0.6803236
83122,0.6802291
52131,0.67893124
910,0.67812765
5111,0.6795687
54693,0.68021387
98190,0.68003273
10111,0.67880225
37371,0.679963
34857,0.68035704
14501,0.6803712
36005,0.68035996
25749,0.68037033
78921,0.677405
44951,0.6784359
14333,0.6180867
83840,0.67985564
27079,0.6803576
13278,0.63585174
23037,0.6794816
67764,0.6803123
15310,0.6799372
94802,0.67301744
87951,0.6803057
78943,0.68033546
97872,0.68036926
81410,0.68033314
50882,0.6801507
27223,0.6795497
65094,0.67929655
78051,0.68035996
70230,0.6803669
14759,0.6803328
59979,0.6802605
43844,0.6795418
79018,0.6797089
27232,0.67894775
26744,0.6802101
42401,0.67929095
78332,0.68025535
76194,0.68028796
384,0.6799561
63682,0.6798572
49119,0.67632735
54063,0.68006873
64585,0.6802029
79519,0.677803
51401,0.6803657
30357,0.67900413
13880,0.6801436
58055,0.67873096
45641,0.6780104
21988,0.68035984
54004,0.6791194
24290,0.6802986
77273,0.6792847
76128,0.68037075
65644,0.643212
79017,0.67999357
101808,0.67977536
99951,0.58947617
60253,0.6799745
94900,0.6798214
48007,0.67975914
98057,0.6802862
47744,0.67968607
98823,0.68026006
101068,0.6800028
102961,0.67770976
74087,0.6799634
7420,0.680315
70975,0.68032146
105748,0.68020433
42214,0.6798716
13477,0.6784005
104778,0.6781997
43685,0.680354
100408,0.6803227
51947,0.68035775
75354,0.67996275
15888,0.67741406
33178,0.68020207
101604,0.68031734
11544,0.6791302
58903,0.6794427
41792,0.6803286
93189,0.6799334
41555,0.6801385
79590,0.67967093
3426,0.67930675
25278,0.67993677
25008,0.67887145
81536,0.6801127
95607,0.65085346
98558,0.6794277
48761,0.6802805
11198,0.6771126
2451,0.67848414
46648,0.6784235
51384,0.6801635
62978,0.6772212
27721,0.64698297
64172,0.68029183
77418,0.6803711
72441,0.6803696
29063,0.6797089
18090,0.67927307
2491,0.67761153
70301,0.6803704
52348,0.67903
82167,0.68035525
32365,0.6692898
6896,0.6759437
54908,0.6799126
50459,0.68020713
60554,0.6803579
17023,0.68036973
65066,0.67936146
66344,0.6801031
37911,0.6798652
22161,0.6803227
30356,0.68012166
60676,0.6759304
31531,0.6786772
4843,0.67991287
99733,0.6796595
83507,0.6803518
82773,0.6802123
74473,0.6798748
88188,0.5242592
88215,0.6799122
63735,0.6788931
70619,0.67879444
61200,0.6803096
30655,0.67876506
65913,0.68036
54326,0.68021023
56131,0.67735493
58175,0.67827475
98975,0.005685891
94819,0.68004644
90301,0.6801298
25780,0.67961836
60452,0.6803691
50411,0.6803443
35018,0.67992926
73380,0.6752921
17467,0.68029714
3094,0.67791843
9738,0.67784125
44418,0.67957777
84598,0.6793735
93058,0.6802205
101249,0.67831534
3313,0.68035775
98711,0.6790791
27602,0.6801172
49587,0.676003
80445,0.679958
39073,0.6803625
77240,0.6790193
64521,0.6796609
14191,0.6801952
84975,0.6761757
41952,0.68036264
26320,0.6794094
4556,0.6793005
15168,0.6800748
26457,0.6803272
59345,0.68016624
29189,0.6803203
71307,0.6774557
71078,0.6799798
3900,0.67963654
22304,0.6791003
38231,0.67890835
81720,0.67872643
81431,0.6795686
583,0.68032914
53552,0.35433814
84043,0.67975354
16175,0.6802054
34979,0.6751335
64150,0.67854524
75806,0.6803707
93116,0.6802788
29562,0.67857903
28371,0.6790697
69331,1.7909522e-32
44586,0.6787938
91778,0.6802469
99087,0.68033636
36336,0.6796064
76742,0.67951614
103873,0.6797505
41887,0.6779116
36456,0.68007946
8347,0.68031055
105701,0.67972475
18727,0.6792935
48456,0.6803368
67345,0.6803672
18115,0.67999345
88646,0.67938775
16889,0.6803711
12294,0.29340017
83601,0.6793997
73687,0.6803591
51259,0.6801977
69885,0.6798932
45997,0.68002194
65402,0.6785404
24272,0.6800299
26111,0.6803556
14340,0.68029606
106932,0.68036443
10072,0.6802755
42275,0.68037
12585,0.67807287
19345,0.6755006
51382,0.6800275
17188,0.67900825
61288,0.6792464
83262,0.6800222
86120,0.6803711
71597,0.68036664
56009,0.6789335
23672,0.6774046
87182,0.6801511
30917,0.67841274
45016,0.680371
27513,0.6803046
23688,0.6792954
91552,0.68035567
36671,0.68028706
61761,0.6803325
85490,0.68015814
102143,0.6802676
4545,0.6803364
25878,0.680278
40704,0.6802426
88727,0.68031687
21689,0.6801232
53724,0.6803534
23022,0.67900443
77592,0.68035847
77918,0.6787554
94200,0.68035847
37600,0.6793652
43202,0.67721874
75128,0.0
47481,0.67893237
80803,0.6803697
97638,0.6802502
67851,0.6793097
69733,0.67456204
96141,0.6791525
72491,0.67372066
77467,0.68037003
61997,0.6796974
34472,0.6767171
69452,0.6803646
105256,0.6799452
38288,0.679722
61579,0.6786626
81861,0.6794185
91388,0.6794852
66355,0.67939305
9772,0.68036145
91345,0.67996055
89020,0.6802591
47843,0.67998767
40239,0.6800873
7984,0.68005574
12457,0.6788519
48634,0.6798499
54494,0.6793619
36007,0.6799502
13859,0.68031967
104132,0.68000823
106444,0.68034863
77743,0.68037117
12930,0.6789955
75523,0.6736429
74575,0.67989594
87066,0.6803638
72953,0.6785277
75330,0.6752721
35634,0.67910945
32681,0.67991525
54719,0.67959446
11158,0.679519
59927,0.6799196
104545,0.6754302
40117,0.6801121
61413,0.67991537
21715,0.6803142
32714,0.68000877
24981,0.6783645
35347,0.67849773
93329,0.6802972
62636,0.6802175
81546,0.6803616
98273,0.6803595
7217,0.68036133
93418,0.68035364
37177,0.6748259
64677,0.67958605
17229,0.67972034
97054,0.679479
79937,0.6793401
54263,0.68003714
71751,0.68010837
82528,0.67837983
72064,0.6798886
79587,0.6803656
28466,0.6803584
78377,0.6795884
46316,0.68015605
36085,0.6799326
17461,0.68026924
68795,0.6785608
92838,0.6803693
7155,0.67840594
18487,0.68032134
66346,0.68036944
99,0.6803233
101572,0.6759342
89347,0.6792027
68407,0.6788955
49849,0.6803035
33062,0.68029016
57697,0.6778855
43349,0.6803289
83428,0.6802467
105864,0.6803213
15474,0.6803391
27327,0.6803166
81606,0.68025225
46310,0.6803707
7460,0.6803495
13550,0.68028903
101547,0.6798672
37085,0.6803518
90070,0.67744255
21549,0.6799366
20421,0.6803684
85729,0.68034184
94349,0.6759759
97059,0.6801566
74765,0.6798652
13726,0.68015504
337,0.680349
51845,0.64919144
58858,0.6753761
46319,0.6802062
55111,0.67725766
11656,0.68034935
78676,0.6801055
60093,0.67938477
91884,0.6801776
51111,0.67654747
17141,0.6799355
58149,0.67657846
61320,0.6803503
1131,0.68013597
22772,0.6800902
43664,0.6774868
43501,0.6781583
81414,0.68021685
52958,0.61717474
89750,0.6803611
83877,0.67973936
65308,0.6773614
9200,0.67981595
23749,0.6802465
13672,0.68004125
74683,0.6799635
53904,0.6803311
105146,0.67661065
40098,0.6803449
54660,0.68035966
93339,0.6802709
106801,0.6773155
26778,0.6803552
72106,0.6797245
20868,0.6799893
75989,0.6799829
105541,0.68025905
13843,0.6803633
98710,0.6803706
48313,0.6803534
31664,0.6740717
19568,0.6803031
47754,0.6803712
96276,0.68028045
95056,0.67978734
92257,0.67670274
85089,0.0
20080,0.6803446
52366,0.6795881
43572,0.68035555
29109,0.67971915
52191,0.679058
62260,0.6794446
47485,0.68029565
52129,0.6800044
59497,0.6803453
73830,0.67961085
27949,0.68035775
16537,0.6802039
84391,0.6800923
54134,0.679329
13467,0.67955714
86868,0.6788116
95993,0.68020415
60827,0.67996234
68151,0.67889035
57843,0.6803711
2809,0.67967415
46015,0.68008745
20238,0.68016505
106281,0.6802703
50264,0.63880587
73468,0.67932653
15834,0.68028814
72045,0.6793644
56366,0.68028367
9996,0.6803469
100234,0.6803711
36929,0.6803124
68444,0.6781357
563,0.6779227
80583,0.67668176
103138,0.68035203
65733,0.67772
32278,0.67616904
88389,0.6794231
56450,0.67758775
29640,0.68027616
101098,0.68034077
89131,0.67837733
102285,0.6803609
1174,0.6802568
86355,0.67794186
68228,0.68022555
49846,0.6801181
107146,0.67924297
7072,0.6802713
56520,0.68036
73045,0.6788975
28365,0.67938006
68322,0.6794459
102037,0.6774994
18716,0.68036735
67893,0.67924875
81841,0.6802333
38298,0.6803604
90742,0.6803618
72516,0.68034065
37424,0.6793889
40673,0.68036216
105362,0.68032676
64238,0.67971426
35480,0.67774683
84378,0.6795944
2635,0.68033874
63605,0.6800205
45588,0.43828973
46577,0.68031955
99481,0.68007094
808,0.6802145
36596,0.6781227
60836,0.67911446
27095,0.679519
78127,0.68016684
32525,0.678944
102468,0.67927855
8884,0.6802331
16939,0.6799613
88921,0.6794304
67854,0.68033344
88238,0.6797097
39425,0.68036
23801,0.6788169
4572,0.68003523
56382,0.67821985
11124,0.6803709
45994,0.68037117
85602,0.6802764
104776,0.6802952
49788,0.67829573
29069,0.68037087
75167,0.68023545
64727,0.67914414
36990,0.6793095
8472,0.68037117
21020,0.6780203
22816,0.6795346
15066,0.6803061
13058,0.67817414
38179,0.67920995
42100,0.6803709
89612,0.68007344
64576,0.68030715
106162,0.6798757
20322,0.67963636
2401,0.6803599
9479,0.67955714
12406,0.67894334
26699,0.6794369
56948,0.6802646
9085,0.67998177
84168,0.6796368
102128,0.68000275
453,0.51927054
66887,0.6786958
88581,0.67995715
11297,0.67844254
23061,0.67957634
35290,0.67944056
79126,0.67852724
100424,0.6790669
99590,0.6789315
79363,0.4569759
14879,0.679981
63376,0.6801789
28444,0.680298
1687,0.6801689
2805,0.6765288
86217,0.68036515
91622,0.6797853
74692,0.68014634
22137,0.6796948
55905,0.6779119
16878,0.6798394
104755,0.67946434
53967,0.6782002
10164,0.6796476
75949,0.67809165
58759,0.680354
52757,0.68025887
50056,0.6797342
24815,0.6766626
103539,0.6793531
102891,0.67906785
105114,0.0
4702,0.6803699
1300,0.6802213
58992,0.6801741
70748,0.6802585
21924,0.6798601
62586,0.68027806
69942,0.6777013
64693,0.6795208
72381,0.6800799
44443,0.6801457
61988,0.6802473
69769,0.6803669
83105,0.6803607
70937,0.68035614
102976,0.67791617
34980,0.6803615
102923,0.68032306
67750,0.68024915
89720,0.6794884
50254,0.68022996
61340,0.67795527
105000,0.6796182
78651,0.6771604
37221,0.67066437
74552,0.6627069
20119,0.6803628
49309,0.68029547
53555,0.6792992
69286,0.6802597
20397,0.6786952
42406,0.68034476
27295,0.6803529
89123,0.68028134
8632,0.6790591
56707,0.67738736
14260,0.68015677
23663,0.6800174
30928,0.6802435
78074,0.6792898
6546,0.68031764
6852,0.6799903
73970,0.68018764
44144,0.6797734
19404,0.6791191
60135,0.68037033
59957,0.6797
88442,0.6266946
44843,0.6801923
96970,0.6803589
31533,0.68024516
23234,0.68021053
29494,0.6791232
58974,0.68033105
85477,0.6464682
13687,0.6799014
3528,0.6802035
86408,0.6803621
12633,0.6790771
53912,0.6802672
23436,0.68020254
36474,0.68037117
9368,0.6769373
10622,0.6787507
60229,0.6799018
57535,0.68017733
18260,0.6786094
100375,0.6799883
6719,0.6790036
84698,0.6778633
77211,0.6787401
76173,0.68011093
98124,0.68037117
64226,0.6796585
42597,0.68024915
20593,0.6783292
91129,0.6782238
28266,0.6800981
64792,0.6803595
64536,0.6802369
23351,0.6803709
34599,0.6803684
60849,0.679834
75638,0.6800417
8952,0.6797419
17746,0.6800142
90900,0.68033403
3670,0.6792977
101865,0.68017805
4530,0.68037033
65170,0.6783726
9744,0.0011461573
39873,0.6790289
91786,0.67953956
57820,0.67805743
91877,0.6803318
40613,0.67946345
84749,0.6802934
25907,0.6802543
37232,0.67996883
6210,0.67970073
7938,0.68037117
95412,0.6782559
44476,0.6802546
31793,0.6801494
84765,0.6800391
64213,0.6803631
28955,0.6803114
18364,0.6803687
38157,0.68035907
106432,0.027785921
32546,0.100942105
35523,0.6794067
24024,0.6764356
96602,0.6794493
45276,0.6803573
8780,0.6802813
3428,0.67899716
88887,0.6800937
85306,0.6801546
51200,0.6803679
9741,0.68022513
105941,0.6803594
101835,0.67939246
80754,0.6803697
51816,0.6801777
13724,0.6789196
28720,0.6799946
64272,0.67754567
105788,0.3571197
67220,0.6798525
60928,0.6783205
58158,0.67994016
16293,0.680322
13608,0.54750526
37565,0.67885125
2344,0.68029624
44877,0.6803677
62709,0.6803609
16477,0.6803669
64979,0.6802191
42339,0.68024385
90112,0.67971927
106386,0.6745156
42538,0.67908645
77626,0.5187399
21935,0.6756491
24877,0.6799863
88325,0.6801572
82182,0.6801336
58608,0.6782792
78682,0.68018025
106195,0.68012315
8743,0.6797879
59128,0.6803493
55870,0.6784873
12945,0.6803134
65772,0.6802744
38756,0.68022376
58762,0.6803506
59866,0.6796836
79358,0.6802699
97545,0.6790596
98879,0.6803338
75144,0.68031883
15726,0.68008673
83258,0.67467976
29722,0.678232
21225,0.6797881
37385,0.6802799
7776,0.6803049
85049,0.6803457
5438,0.6802213
45836,0.68031764
93302,0.68013144
103757,0.67990416
31211,0.68018365
41452,0.6794571
101536,0.6802725
13279,0.68017614
33464,0.6799649
56130,0.6799814
16350,0.6803556
104573,0.6796078
61257,0.677503
83150,0.68035185
51218,0.6802444
10030,0.6791951
75294,0.6802875
72392,0.68037033
106535,0.6802515
39072,0.6803226
71774,0.6803044
3813,0.6797855
79029,0.68027717
47657,0.6767207
40796,0.6801693
62226,0.6754013
44770,0.14256537
20967,0.68001294
19530,0.67710805
64597,0.68030125
6049,0.68035847
39893,0.6803316
69451,0.679569
79504,0.68036926
42596,0.67958564
69849,0.6022925
38319,0.6803477
28744,0.6794369
6512,0.67980725
85429,0.56377006
22398,0.6803237
73177,0.6553981
67313,0.6803691
69839,0.6798437
11597,0.6782555
76130,0.6801666
18004,0.6801837
91777,0.67822856
37778,0.67941594
42533,0.6803559
14180,0.6803508
31629,0.67930514
38402,0.6801807
60267,0.6801007
89185,0.6803239
8790,0.67819744
92276,0.6803515
37313,0.67940825
89912,0.68036735
32844,0.6803701
51184,0.666735
79150,0.68035704
25238,0.67637414
25505,0.68030685
39320,0.6798843
92590,0.6802887
35742,0.66684127
54874,0.6787115
51835,0.67991287
101025,0.67849517
32035,0.6784875
104832,0.68028826
96308,0.68016064
89594,0.5836721
51113,0.67955714
97964,0.6801409
73407,0.68009174
18136,0.6780728
20781,0.6799601
86581,0.6803246
1141,0.679404
67867,0.6803705
91354,0.67929476
65023,0.68030155
47815,0.68006754
78565,0.6803712
60513,0.6802636
103024,0.6763259
100646,0.67911565
17208,0.6798467
57658,0.67999583
26741,0.680195
26804,0.66838896
50177,0.6803295
41831,0.68036443
30193,0.68031675
25632,0.6792819
65114,0.68037105
75884,0.67998964
91701,0.68036366
63329,0.67770404
78493,0.6786547
50302,0.679735
39297,0.680248
86271,0.6794369
93965,0.67939365
93018,0.6801
89674,0.679972
32657,0.68035144
69309,0.6796644
739,0.67534155
52481,0.6799079
99104,0.67884463
69591,0.67898285
47162,0.68027794
43009,0.6790117
38346,0.6803696
10816,0.6803362
72013,0.6803361
78283,0.6800046
41660,0.6800279
1166,0.6801934
39181,0.6753088
59263,0.6799119
104487,0.6795113
91734,0.68020874
86175,0.6775313
76412,0.6803586
20616,0.6780182
7844,0.680228
4995,0.6802271
27159,0.68029815
78130,0.6757276
104326,0.6789114
44435,0.67954355
84988,0.68036896
13069,0.67684394
15486,0.68009144
76480,0.6801418
94250,0.67744875
1856,0.67955136
37078,0.68035406
32927,0.66481715
101015,0.6801254
14773,0.67910326
89981,0.6777734
52854,0.6757792
41491,0.68027216
63546,0.67965335
23877,0.6803672
2149,0.67908484
9083,0.68031806
78774,0.68031275
99819,0.68028414
61787,0.67984045
66605,0.6771266
8298,0.6790327
42299,0.67988527
4249,0.68031305
25742,0.68035746
16651,0.6803416
84877,0.68036216
37553,0.6803625
18573,0.68021095
80133,0.6798005
84558,0.6803557
50562,0.6803712
11790,0.6802224
66033,0.6797016
11819,0.67473537
6828,0.68036497
46362,0.6801319
1047,0.67995757
34500,0.678726
47127,0.67917234
23736,0.68013257
60737,0.68034613
4594,0.6782096
29273,0.68006945
46532,0.68031436
6737,0.6802524
23304,0.6802686
29593,0.680273
61846,0.6803651
104922,0.67989093
87475,0.67923224
7027,0.6802039
87211,0.68016344
18614,0.6662148
94606,0.6788443
106394,0.6801864
17033,0.6795112
46062,0.6797372
83179,0.67872524
44306,0.6800169
3022,0.6802899
39701,0.67985857
86774,0.6803209
35156,0.67939943
81341,0.67996305
83819,0.6791475
70455,0.6797388
53485,0.676248
23025,0.67982274
4129,0.6801718
95738,0.6803309
19184,0.17950298
15154,0.680365
61594,0.6803359
103597,0.68036276
64491,0.6803527
23899,0.6774794
31417,0.67920697
61755,0.6802991
34455,0.6802422
94925,0.6802995
91768,0.6803115
12323,0.6803696
72970,0.68021375
27442,0.680329
30731,0.680233
102947,0.6792495
10048,0.6801891
7261,0.67809415
37831,0.68029916
61159,0.6794602
100500,0.6802217
66747,0.68018544
22855,0.6803452
29650,0.6803527
96881,0.6803195
47013,0.6781886
19585,0.680124
30273,0.6803382
91628,0.67995507
79418,0.67959756
72730,0.6791113
84753,0.68033737
97421,0.6803495
45767,0.6797017
9679,0.6803126
88797,0.68013066
1492,0.6803204
55280,0.680369
9098,0.68033355
101671,0.68019664
89413,0.6790863
84730,0.6799075
79999,0.6798173
30862,0.6785258
35416,0.6783332
46917,0.6803659
92930,0.6799355
58243,0.68032634
100799,0.6802232
60694,0.6803604
71555,0.6772503
19179,1.6319807e-10
50184,0.6797332
5008,0.67785877
17878,0.6766981
81669,0.67958695
77718,0.6802669
39440,0.67957014
4895,0.6798702
71071,0.0069229864
21702,0.6803349
87491,0.6802965
65486,0.6802483
25309,0.68032634
42323,0.6803386
48639,0.6798685
73967,0.67911714
65998,0.6797131
23198,0.6803409
82664,0.67812145
26094,0.67902726
37411,0.68030214
65951,0.4250998
35218,0.677695
35957,0.68028486
84554,0.68033457
61197,0.6745561
61094,0.67844266
26711,0.67798275
59195,0.6803028
49121,0.6803115
40914,0.68028677
47302,0.68037117
98853,0.68037057
103900,0.67969686
64853,0.6803534
2554,0.6803632
92599,0.67970794
25802,0.6675838
99452,0.0
55109,0.68036336
21922,0.6796964
93639,0.6792241
99499,0.6778436
75518,0.0
30710,0.6794255
70028,0.67915833
101769,0.679472
37794,0.6798167
96543,0.6789941
47526,0.67997575
23159,0.6783751
40146,0.68036973
94847,0.678982
53362,0.6802657
14037,0.67982364
37453,0.68036777
5647,0.68012595
14673,0.68026054
106600,0.6803502
73748,0.6801434
80308,0.6803695
19383,0.68022555
55496,0.68033713
9225,0.6803705
106906,0.68030584
75394,0.680353
88551,0.67847514
37699,0.68013674
39763,0.6733542
70482,0.67989254
25050,0.68029934
17857,0.68020195
58429,0.6795532
49416,0.6798592
61552,0.67913115
49623,0.67859805
44617,0.67952317
27909,0.67941535
24871,0.6787307
20942,0.68031096
103516,0.680106
69077,0.68036765
15187,0.68021804
3968,0.6800071
46406,0.6792419
95105,0.68034506
49338,0.67993623
64276,0.68018025
4821,2.3876285e-37
40021,0.6800328
83326,0.6802821
42177,0.6783386
70199,0.6802237
48119,0.6801804
13343,0.6802939
11053,0.67997766
11870,0.67789
35640,0.6803345
43612,0.67820865
81628,0.6791227
37574,0.678854
33387,0.6802183
3627,0.6796389
83186,0.6802472
99491,0.68032914
59700,0.6795386
16223,0.6789814
64126,0.68029326
42160,0.6801019
69097,0.6787372
102364,0.68029857
68107,0.6803628
8108,0.6800441
22927,0.680128
59791,0.679769
100302,0.67950976
61388,0.6737331
57499,0.68036455
106814,0.67903566
46493,0.6799655
101988,0.68025976
3718,0.68037015
97345,0.6795317
44816,0.6803577
15636,0.680366
14332,0.67975163
20814,0.67522496
9395,0.6801754
29142,0.6803518
44552,0.68037117
49858,0.6800299
23478,0.6803244
101156,0.6803095
17780,0.6803233
40135,0.6802724
90279,0.68033445
9595,0.6803148
11287,0.67966485
52334,0.6799353
45378,0.6802976
60285,0.67951053
104931,0.68032414
20338,0.6799303
14294,0.68025655
81500,0.67950374
26366,0.67776096
15562,0.6802388
77960,0.68034995
61174,0.6800509
12765,0.0
93396,0.45866913
32026,0.6803102
77586,0.6802168
10668,0.67938715
84486,0.6801258
98561,0.68036294
15057,0.67946947
62129,0.680173
46701,0.6799932
35331,0.6798372
3820,0.6802546
21476,0.6803712
81388,0.68007416
65518,0.67902243
25936,0.6797741
58641,0.67240065
39010,0.6803677
10723,0.6803406
28862,0.6792326
59404,0.67909646
51779,0.6803276
60999,0.68029124
55446,0.6801082
82958,0.66734695
103671,0.6795045
70579,0.6803617
21621,0.67966473
40399,0.6801741
66405,0.67859095
40122,0.6800019
105767,0.67913353
67391,0.680122
31052,0.680228
6398,0.679745
66954,0.6796813
99686,0.6793884
14802,0.6791928
96257,0.68036556
28401,0.68031317
44017,0.68027014
27168,0.6803069
79508,0.67809093
76641,0.680365
101422,0.68035364
57776,0.6796831
24347,0.6802292
58970,0.6802131
4306,0.68032545
87525,0.6803659
50287,0.6793287
35911,0.68028724
40403,0.6796936
94371,0.67979485
88677,0.67831874
102789,0.6724997
82807,0.6803457
101560,0.63748693
102214,0.6800846
92213,0.6746275
78847,0.6802798
87625,0.678706
59098,0.6803158
95200,0.6785135
13169,0.67971754
52736,0.6802484
31036,0.67931265
32733,0.68008214
39585,0.6764494
65224,0.67854524
34555,0.68017656
35503,0.6795642
91563,0.67930794
64642,0.6801257
25351,0.6803712
60263,0.67964786
6918,0.68026644
49218,0.68012005
99645,0.5822059
96340,0.62161916
22938,0.6789651
7914,0.67980355
47223,0.6797895
46877,0.6793758
102108,0.67995876
67497,0.6803255
2800,0.6800098
77619,0.6790477
82667,0.68033296
47138,0.6794585
78393,0.680239
7564,0.68035823
33316,0.6803706
67518,0.68036824
76570,0.68036646
5453,0.67942995
105472,0.62021965
9,0.67931056
65582,0.6797028
104768,0.68015856
44236,0.6803044
30578,0.6790396
28938,0.6803168
38579,0.67745936
95781,0.67984426
44215,0.6801822
41530,0.6789743
5456,0.680163
75529,0.6770638
82386,0.6639941
54766,0.6802788
2689,0.67799354
90046,0.6803522
72503,0.6803548
96582,0.67858946
37143,0.68019307
49719,0.6788642
11305,0.6748467
38853,0.679121
30018,0.6803436
89997,0.6803712
76441,0.6801428
63974,0.679693
5818,0.6778609
93750,0.6431703
103189,0.6803537
16117,0.68036157
101288,0.6789239
78644,0.67988837
85356,0.6803129
6264,0.67985064
7677,0.6802864
62883,0.67971396
78514,0.6795491
73040,0.6777573
31444,0.38671073
17921,0.6803385
58623,0.6788578
83516,0.6803709
15353,0.68020946
100110,0.68011355
19879,0.68032455
81914,0.6749045
54921,0.6803707
11156,0.6542585
47710,0.6794983
75545,0.6803708
86014,0.67948467
15013,0.68021464
7602,0.6802766
9536,0.67913043
9037,0.68034947
67680,0.6802244
40930,0.68017757
22323,0.6803282
26556,0.56044406
95977,0.6803661
70938,0.6779303
71118,0.6801437
65686,0.67878014
13752,0.6803662
74760,0.6797109
4314,0.6801941
59908,0.6799078
43180,0.67184395
36161,0.6800476
77291,0.6802724
74333,0.68034023
32013,0.6798002
50705,0.6795835
82354,0.6803415
60823,0.6803635
81132,0.67935944
49721,0.6801813
81135,0.68036723
68556,0.68030596
51109,0.6801277
29436,0.6803355
70014,0.6798061
89999,0.6785606
55129,0.67966557
57625,0.6802979
72056,0.6802217
30958,0.67990845
28837,0.6789234
78812,0.6803613
69050,0.6803441
78026,0.6803543
74753,0.6796334
84865,0.6799001
10850,0.68000716
103364,0.25145206
20843,0.68034875
95753,0.680279
49437,0.68032616
96961,0.67594457
96265,0.68018615
90957,0.6795897
9510,0.67961407
62612,0.6802799
46685,0.680143
73471,0.6802254
96293,0.6803709
27856,0.6802569
86010,0.6784163
85800,0.68032676
100478,0.6720801
84480,0.68036133
39977,0.68029445
42904,0.68018675
97388,0.6796169
73786,0.6777459
32342,0.68013805
19969,0.6792347
35477,0.01885889
60115,0.008467021
29585,0.6803479
36206,0.6802258
65018,0.6801563
84906,0.6801958
67728,0.6780173
53915,0.6803666
28542,0.6789082
19447,0.680335
87416,0.68024033
7078,0.67998123
64687,0.68029803
26446,0.6798933
5907,0.6802898
69202,0.6782374
67936,0.68007267
94444,0.68020654
52945,0.6800263
33725,0.6801933
17587,0.23099461
41915,0.678633
73767,0.6803708
15216,0.68035364
106363,0.6803693
101703,0.6803594
75411,0.67882234
57804,0.6803022
25148,0.6803298
9571,0.6802529
57022,0.67992085
99972,0.6800051
51158,0.67840326
35954,0.68023044
97826,0.68029916
99843,0.67867076
90377,0.6803246
63783,0.68032116
88725,0.6783434
104039,0.6803673
31961,0.6799643
104009,0.6803705
47318,0.6803449
86974,0.68031687
9421,0.6803602
84516,0.679558
44731,0.67912614
76057,0.6798916
87073,0.68029225
43289,0.67996585
100878,0.6787935
4386,0.6795382
38237,0.678168
75202,0.6792724
101400,0.6801693
107136,0.6795226
30179,0.6803329
36766,0.6790719
56597,0.67944926
37426,0.6789146
67271,0.6792333
37507,0.6790102
33863,0.676838
102791,0.67991626
61814,0.68004596
66968,0.68000865
15746,0.67881197
69405,0.6791341
81775,0.6798115
10874,0.6802248
80486,0.68037117
80102,0.68036795
31570,0.67967165
58348,0.680341
93731,0.6786065
87697,0.67994493
71238,0.6801202
19955,0.6803405
63568,0.6794782
29279,0.6800281
63613,0.6801021
50050,0.6803124
49381,0.68032414
42724,0.67969453
3748,0.67914563
103567,0.67869735
14418,0.6795763
92431,0.6803122
89830,0.67993057
69665,0.680247
82270,0.6801673
28942,0.68032813
52103,0.6801757
49028,0.68036693
73933,0.6799792
50783,0.68028665
78350,0.67630726
4902,0.67912555
53013,0.68035114
76554,0.67842513
23980,0.68010527
41145,0.6798084
42225,0.6795754
89264,0.68034095
62543,0.68027997
64809,0.6796879
11702,0.6802043
55003,0.68012965
94451,0.6790815
56327,0.6797748
81325,0.67957014
39310,0.68022674
58708,0.6786482
97817,0.6773944
53379,0.6799002
79932,0.68007666
63512,0.67917484
20779,0.67935324
95212,0.6801629
59462,0.6803493
87290,0.6795982
11427,0.6803696
62734,0.67865294
32888,0.68005973
28020,0.67959666
107166,0.680144
34403,0.68023384
39879,0.63102627
42599,0.67875254
65668,0.6803318
70872,0.6803653
58351,0.68032366
57847,0.6800568
24231,0.6802809
73322,0.68035626
87567,0.67967516
83106,0.6802217
62857,0.67639583
6190,0.6803632
76216,0.67834795
68017,0.6800121
87105,0.6801048
106867,0.005940281
55927,0.6802372
103438,0.67932963
51124,0.6803706
12368,0.68036366
86766,0.68031955
105444,0.679958
87040,0.68031853
22916,0.6790017
50027,0.68004537
81159,0.68014646
58672,0.67916703
30619,0.67999005
33627,0.6757043
50283,0.6803319
52216,0.6803577
59067,0.68026286
14396,0.6800058
11892,0.6802784
16812,0.6744802
5522,0.68015116
1553,0.6803323
68393,0.6797721
56743,0.67808384
96945,0.6801216
46038,0.6785266
57272,0.68024355
90756,0.67847323
52367,0.6802457
106160,0.68015736
90017,0.6801167
3398,0.6797926
9373,0.68023384
105247,0.6800389
90087,0.67978156
69444,0.68004173
17257,0.68006283
35505,0.680333
81005,0.68037075
44186,0.679621
13463,0.67968863
46564,0.68001103
79444,0.68014723
99670,0.68025774
11219,0.6803339
57773,0.6800067
8456,0.6803605
68047,0.67845297
36885,0.6780739
85280,0.6803361
35496,0.6799294
8287,0.68036705
99197,0.6800814
84028,0.6803711
57813,0.6801644
24111,0.680117
32341,0.6744072
11617,0.6799019
51488,0.67944616
54632,0.67940116
92675,0.6801915
25288,0.6785334
60316,0.6795068
74303,0.68009466
100457,0.67908984
39057,0.6798716
106818,0.6797965
87856,0.67878854
48380,1.9783495e-29
88962,0.6803141
30684,0.68027663
34006,0.67925537
39375,0.6799965
38271,0.6800883
103594,0.68029314
65919,0.6799268
32465,0.68035513
95680,0.68034774
21927,0.67883766
82834,0.6792444
86607,0.68036544
23273,0.6803654
86094,0.68004453
39379,0.6802618
59333,0.6801174
89309,0.67993057
36521,0.6803527
20234,0.68031454
42743,0.6799225
50713,0.6794159
50917,0.67891634
56471,0.60097307
50938,0.67901456
98079,0.6419479
45607,0.68036914
99068,0.6775025
32866,0.67883414
86916,0.68010885
21587,0.67947304
92191,0.6785579
103849,0.6801167
38587,0.6794388
72196,0.67991745
6939,0.6801821
27786,0.6801702
34537,0.680043
58057,0.6800913
70154,0.6803108
91928,0.6800383
40528,0.6802304
12496,0.67971617
24646,0.6800398
11256,0.67968357
21388,0.6798621
85853,0.67932147
44259,2.9976334e-17
36591,0.680186
59439,0.6801702
74647,0.6795342
4875,0.67822045
6490,0.6797053
28346,0.6800032
651,0.68036115
1618,0.6796525
13410,0.67705786
106091,0.67878693
57915,0.6803206
28113,0.680363
71395,0.6802177
96316,0.6802953
13993,0.68013126
49317,0.68037045
45502,0.6803642
93262,0.67998314
17644,0.6803243
52028,0.68029135
103808,0.67759997
20253,0.67987615
22006,0.6783476
80743,0.67990017
93485,0.6799785
44777,0.68037117
6100,0.67940676
79220,0.6800354
56337,0.67848533
11203,0.67981535
21197,0.67951185
84879,0.6803271
27735,0.68012375
40048,0.6789746
21142,0.6800483
17502,0.67932314
74085,0.6801374
104674,0.6803258
43454,0.6803457
55533,0.6792754
10115,0.6790754
4005,0.67991495
38690,0.6803537
76350,0.680345
33946,0.6729986
88651,0.6795542
6441,0.6803177
29013,0.68005234
58126,0.68036383
1579,0.68030995
45737,0.6754231
20715,0.68013036
35446,0.68034565
24700,0.67853296
40662,0.6803074
2825,0.67109716
70461,0.67944795
24568,0.6803532
90464,0.679755
28517,0.67998296
1466,0.679656
17097,0.68026435
30017,0.6802186
55539,0.6800132
59782,0.67942744
71033,0.68006915
64496,0.6803256
40937,0.6802997
94343,0.68006384
10785,0.6781962
57477,0.67732805
88509,0.67891574
13448,0.6779464
28448,0.67976123
15736,0.68036854
93766,0.68018967
28790,0.6802819
104620,0.33636662
102286,0.68034184
40916,0.6795595
27594,0.67595565
52570,0.6802781
57700,0.6803315
56086,0.6799678
15381,0.6802359
46128,0.6558282
76957,0.6802885
27584,0.6802609
47349,0.6803491
13242,0.67797655
21958,0.68017083
82887,0.67896587
106452,0.6803514
8805,0.680236
39780,0.6730279
98329,0.6781956
50527,0.6802651
82425,0.6797196
23328,0.6802081
43312,0.68002605
62595,0.6803407
85134,0.6787227
47366,0.6758456
23299,0.678484
106554,0.6799533
30402,0.6800632
82605,0.6803345
91467,0.6803368
87186,0.6803235
16903,0.68036103
1913,0.6801851
24210,0.6779026
72558,0.68023765
63823,0.6791091
37579,0.6711141
23677,0.6802707
43647,0.67812157
74682,0.67628586
61036,0.68036765
68754,0.6800601
4629,0.6800974
45675,0.6802511
87890,0.6796274
69007,0.6803106
107046,0.6789333
57177,0.68012345
58179,0.67956585
59861,0.6802657
52378,0.6803627
77012,0.6801214
36232,0.68014234
68330,0.6801774
12004,0.68024945
11504,0.68036836
45682,0.67739403
23369,0.67977476
9711,0.67847043
87557,0.6796206
42759,0.6801895
1961,0.6786802
79192,0.68037033
65297,0.679223
90391,0.68025833
31179,0.67946583
85934,0.68029135
2233,0.6796999
104465,0.67872655
97156,0.68031067
21082,0.68030155
43222,0.67836547
101903,0.6800289
91631,0.6793039
104772,0.68037033
69306,0.6801794
2246,0.6796628
55523,0.6799033
35636,0.6803632
58346,0.67903167
97733,0.6803712
54318,0.008906339
10406,0.6802079
73686,0.6797975
23697,0.67962414
28920,0.6801834
74967,0.6803295
22282,0.6801548
46359,0.68034583
100017,0.6799964
66476,0.6780821
95495,0.67641073
39500,0.6787762
13256,0.67862433
87733,0.68035847
50150,0.679507
101746,0.6790124
43926,0.6798745
62829,0.67916775
16572,0.67848235
19011,0.6792405
34704,0.68036026
52519,0.67995715
29435,0.67852664
14187,0.68001455
25743,0.6803348
21024,0.6803527
91627,0.6802533
24278,0.67891484
51417,0.67988855
59575,0.67934835
38791,0.6803214
43295,0.67862153
76291,0.68030876
61760,0.6789974
3559,0.68023413
59749,0.6751413
8520,0.6800794
99593,0.68028754
19907,0.68016416
55802,0.6803696
49581,0.68037033
63636,0.6803504
68309,0.6803654
32757,3.9706633e-22
69987,0.6796809
40061,0.68022627
56151,0.68034756
104281,0.68035525
37146,0.68025947
52784,0.68033576
22973,0.6797651
52110,0.6794378
48457,0.67953473
83878,0.6803693
41602,0.6802315
12922,0.6803709
106228,0.6790828
32284,0.68027323
71166,0.68036467
61893,0.6776181
82610,0.6790957
9468,0.6791475
7366,0.68037087
130,0.67841387
93873,0.6803461
104680,0.6777306
13871,0.67915845
92467,0.68010026
43810,0.6802182
88262,0.67922413
78513,0.67984986
33147,0.6789748
39542,0.680289
86068,0.6802297
17818,0.67967427
49539,0.68000805
80464,0.6799634
4168,0.67785835
43550,0.6803028
24085,0.67859995
102374,0.6790329
23041,0.6802498
73095,0.68032795
74551,0.68027866
58922,0.68007445
54757,0.3304876
86390,0.67852044
49045,0.6778139
63062,0.67999744
45963,0.67894626
3268,0.6802549
94045,0.680364
93471,0.67988455
47014,0.6795936
25463,0.6797406
59914,0.6803583
70929,0.68036336
105229,0.67829627
55727,0.6786209
68877,0.67963827
36240,0.67853683
12342,0.6795099
45781,0.6799763
64221,0.6795316
25152,0.6802377
19946,0.6801594
35848,0.68028444
50988,0.6802788
81228,0.676296
70634,0.6780805
62087,0.679157
83705,0.6798076
28135,0.67995256
72269,0.6802716
57765,0.68031526
48237,0.6802759
60935,0.67947584
96395,0.68037117
17552,0.6793031
6012,0.67705625
32339,0.68035495
100348,0.680292
18042,0.68025756
96315,0.6797634
29764,0.680354
23929,0.6754636
77311,0.67835027
70607,0.6800676
30780,0.68032205
80346,0.68031144
98674,0.6787758
81392,0.6801703
97354,0.6801829
81018,0.6801426
67914,0.67999685
73740,0.6764762
17349,0.6798882
92248,0.6803712
7410,0.6781306
38801,0.6788169
2980,0.68000317
8343,0.680371
4978,0.68025374
17304,0.68026537
97200,0.67967874
29661,0.6797867
90326,0.68006736
46507,0.680011
29043,0.68030125
10362,0.6803615
98378,0.67880315
106758,0.67627746
51017,0.6788552
79812,0.68015856
13356,0.68025386
55569,0.679893
65657,0.68026423
51044,0.67979413
66567,0.67893684
46552,0.6765768
46891,0.6803229
63607,0.6802523
38370,0.67947257
57361,0.6728837
36803,0.67977387
39652,0.68036336
98980,0.6770803
39367,0.6799241
42936,0.67615676
103002,0.66024876
53733,0.67983484
64932,0.68033814
14694,0.6803695
22051,0.677688
86459,0.67818934
6391,0.6790107
66928,0.67996114
49982,0.6779187
100643,0.6803654
56457,0.68034965
30800,0.6672452
33516,0.680245
10149,0.68033993
59814,0.6803567
95253,0.68026984
53569,0.6803565
98810,0.68029374
37667,0.6769506
28177,0.67980826
38991,0.6803315
16662,0.6801865
84074,0.68005586
74835,0.680371
64707,0.68004155
92839,0.6800531
7848,0.67826426
14932,0.67906666
95426,0.6450498
10705,0.67925864
36497,0.68025833
45194,0.68025124
91760,0.6791126
42730,0.68032485
73723,0.6795394
106197,0.67857885
68082,0.6799543
18144,0.6780385
80046,0.6801888
11278,0.6795823
80340,0.6803676
13789,0.67023855
70923,0.6626511
102287,0.6793263
91972,0.6802223
34636,0.6795147
15424,0.6800385
27169,0.61550516
44400,0.66315013
61822,0.68033546
72751,0.6793423
13516,0.6803174
106505,0.68037087
76387,0.6803618
15239,0.68036526
103844,0.6790557
53314,0.6770015
39223,0.6802101
9030,0.68018436
14079,0.6795998
105615,0.68026555
12812,0.6802829
75439,0.6787675
39088,0.68036115
43363,0.6803528
32020,0.68012863
64754,0.67917985
3089,0.6799855
23362,0.6802148
84010,0.6774008
28153,0.6780821
38509,3.6905563e-05
11368,0.68001145
38142,0.680346
97444,0.68017817
41034,0.68031895
8873,0.6801862
30735,0.68011713
61272,0.6777242
56414,0.6781701
89014,0.6793231
24736,0.68035555
36720,0.6802539
83888,0.67948294
55059,0.6608331
50353,0.67922854
1263,0.680144
9747,0.6787949
100121,0.6787892
101541,0.6795696
107110,0.6751609
13870,0.68014693
53841,0.6803589
99366,0.68028325
97714,0.6790009
105818,0.67880595
50824,0.61781055
79245,0.6798568
20566,0.67962676
31568,0.68030244
61681,0.68024105
61035,0.6774436
82910,0.68034977
104534,0.679355
30508,0.67951834
36852,0.6789566
78740,0.6801044
93787,7.647121e-21
99385,0.6801281
8541,0.6800555
40986,0.6794795
59356,0.6803607
24418,0.67821693
73614,0.6782988
27415,0.6796625
11105,0.68034744
38620,0.68031543
73791,0.6802923
84218,0.6778167
57917,0.68013495
26115,0.6798987
39220,0.680265
86510,0.68029284
2620,0.67798895
80769,0.68010867
63158,0.68008184
68262,0.6800097
75959,0.67889374
11908,0.67991024
82650,0.6802602
67201,0.67813385
38281,0.6793112
94080,0.67915106
26958,0.6803709
12229,0.68033695
7322,0.6803585
101820,0.679719
58402,0.6799616
53298,0.68036675
55864,0.68032765
80201,0.67977285
27368,0.4760067
51937,0.6802083
75944,0.6802907
17981,0.6801511
36458,0.67896205
19330,0.6788174
70747,0.67991394
52093,0.6801158
48248,0.6794026
30444,0.6803712
100114,0.6799836
75809,0.6788485
83567,0.679885
22666,0.6795856
49879,0.6800823
63185,0.6800685
71537,0.68015414
84881,0.6797569
11039,0.67781866
2226,0.6795053
9498,0.679659
103461,0.6795383
8026,0.67898905
67743,0.6803394
80470,0.6797789
3702,2.026005e-08
60275,0.68029934
32622,0.67963487
30739,0.680348
87448,0.6310635
98899,7.076717e-05
89514,0.6802135
10765,3.135484e-39
76915,0.6796459
22471,0.6803413
104758,0.6796637
106834,0.6787484
21256,0.67937225
72448,0.67849314
76560,0.680261
72417,0.67942005
76712,0.67970115
81087,0.6801352
106580,0.67895824
29575,0.68034345
93875,0.6802561
57554,0.6803704
60491,0.6762995
93238,0.6790191
3821,0.6794718
28650,0.6803711
66585,0.6796888
3771,0.6803673
21931,0.68031013
6465,0.6796385
12104,0.6803019
100297,0.68036944
12303,0.68026364
63834,0.6795229
72813,0.6795445
24228,0.6794797
62072,0.679729
87548,0.68002385
34142,0.6801034
102479,0.616063
81878,0.67985713
5322,0.6802085
8225,0.6801044
87700,0.6803711
34160,0.6798433
84726,0.6803655
18698,0.6782319
21961,0.680254
98296,0.6791471
35011,0.6801149
72197,0.67554843
52751,0.67938286
2665,0.6803107
13552,0.68016475
74433,0.6802313
55838,0.68001854
3623,0.679059
18897,0.67720455
97971,0.6796074
54183,0.67335004
36709,0.6802612
45328,0.67948776
45544,0.6796639
88069,0.655203
38880,0.67972195
29390,0.6801925
17213,0.68011826
103211,0.6793861
103784,0.6801792
21672,0.6803708
12667,0.68036044
42330,0.68021876
64762,0.6788011
38996,0.6798963
81858,0.6793299
63013,0.68036884
97541,0.67988306
94335,0.68012
27705,0.67896706
27775,0.67966974
90297,0.6801498
17894,0.68006617
89326,0.67373747
14532,0.6794127
29304,0.68036985
60991,0.68012094
26862,0.6785092
36231,0.67970127
68918,0.67996484
87020,0.68036443
68071,0.62259156
74517,0.6803391
68399,0.67924535
4125,0.6800559
87538,0.68026805
90505,0.6802334
26154,0.6803407
94063,0.6801733
4801,0.6803702
79421,0.6803179
22506,0.68035877
90383,0.68024683
31996,0.6803005
94098,0.6802318
23918,0.6797189
14872,0.6746302
52194,0.6801449
79112,0.67997915
79767,0.6801221
88807,0.68027914
80213,0.6797328
97386,0.68028533
18855,0.6801051
14420,0.6786061
20050,0.68023455
12401,0.68017566
78505,0.68036765
39219,0.6800354
23939,0.67999625
16295,0.6797861
38830,0.67912406
63612,0.67902386
13290,0.67348886
53494,0.68017256
5746,0.6803659
30513,0.680082
96344,0.6783481
76550,0.67918926
15269,0.6799364
47320,0.6785026
51950,0.68005204
9128,0.67941195
34285,0.67939025
93842,0.680343
8487,0.67991954
98151,0.68037105
5934,0.6801416
68794,0.6801175
11126,0.6788807
77657,0.6803603
470,0.67986333
29040,0.67980236
92265,0.6802753
29171,0.6787357
53105,0.6799463
22797,0.67766976
100238,0.6789793
76873,0.680225
51495,0.6801227
60063,0.68016464
97666,0.6797321
71208,0.68023777
25864,0.67993456
37431,0.6801696
52917,0.68033123
97589,0.679438
33482,0.6795124
20425,0.6802318
66723,0.6803689
38765,0.0
34844,0.6803452
23794,0.6795611
71459,0.67991036
104091,0.6798543
891,0.6801876
72288,0.68019915
42364,0.6803674
30967,0.67957294
16582,0.6802422
42961,0.6803478
22874,0.67785037
64063,0.6803331
89992,0.6792058
37817,0.6797193
21008,0.6792212
65846,0.68025804
30491,0.6797337
10225,0.68037057
946,0.68034965
57835,0.68036765
68530,0.68035614
89954,0.6797924
55861,0.6801926
26313,0.67981
79078,0.67919743
45288,0.6801022
41449,0.6802279
105992,0.6803601
22657,0.67976826
59879,0.68031085
61469,0.6795139
34052,0.6795702
75633,0.6803246
99091,0.679537
25249,0.6795953
89585,0.68027407
25639,0.6802798
47314,0.6803712
27762,0.67866087
52628,0.6788726
84293,0.6596446
68901,0.68003684
90319,0.68032956
55559,0.67977816
16705,0.68024564
79054,0.6802428
8171,0.6794754
59206,0.6802745
52753,0.6803178
99521,0.6802041
59828,0.6803619
66975,0.6797169
33055,0.6803399
11361,0.6802592
10272,0.6802828
15838,0.6795423
52127,0.67936724
17172,0.6802341
61054,0.68035066
92688,0.6803701
25633,0.6797094
13746,0.67544746
49271,0.68036854
74219,0.6802421
95641,0.68036515
31442,0.6803087
61505,0.680371
4848,0.6803615
35411,0.6793668
41728,0.6803007
11289,0.68001306
54303,0.67862105
87207,0.679352
50770,0.672786
19455,0.68036914
79660,0.6803274
45640,0.6788707
19680,0.6803413
80064,0.6802298
45921,0.6802005
102330,0.67638636
104779,0.6798376
41647,0.67977566
62255,0.6802342
69850,0.6801426
59083,0.67930484
29617,0.68016744
68036,0.6803713
34081,0.67892885
7571,0.6802596
27687,0.6803595
9248,0.68019104
70304,0.68006563
68494,0.67871076
34488,0.680295
91948,0.68017745
83596,0.67751586
6539,0.67982864
50333,0.6802349
103218,0.6763727
10795,0.67921746
64519,0.67983574
55023,0.6798987
79698,0.6800074
12137,0.67955697
26981,0.67961943
16418,0.6803688
19562,0.68006307
54980,0.6800808
8983,0.67513764
44060,0.68023384
40837,0.6799694
50598,0.6802012
96359,0.6782307
106537,0.46935862
25890,0.67987394
82625,0.68014526
6701,0.6802804
8350,0.68030906
82763,0.6803217
101464,0.67408305
21356,0.6799056
39215,0.6801795
67377,0.68032044
28181,0.67954075
41563,0.680252
26345,0.67897946
16648,0.0
31584,0.6799263
1960,0.6803711
9044,0.679827
91655,0.6799289
46682,0.6763449
50998,0.6786394
67563,0.6798958
21973,0.6802441
66386,0.68000466
67164,0.6798251
48558,0.68036973
12620,0.68035996
64680,0.6802397
63616,0.6802456
107035,0.60018826
59071,0.67924935
102880,0.67877424
35126,0.6795154
41487,0.6790353
31091,0.6802372
59940,0.6800029
46433,0.679299
31705,0.6787335
80481,0.68024075
12116,0.68034196
35783,0.67952096
2593,0.68034893
47474,0.67782557
52930,0.6803562
44350,0.67938673
77265,0.67896235
55073,0.6792691
41302,0.6780323
94253,0.67996377
21658,0.6803358
38103,0.6793828
73971,0.68034863
39871,0.6792604
78320,0.67998093
11438,0.6799006
59470,0.68021953
55759,0.67762613
104592,0.67932194
96295,0.0
56214,0.68036234
89317,0.68036455
99372,0.6802166
47947,0.68032056
92170,0.6796831
1522,0.67977995
49519,0.68032163
83847,0.680336
25956,0.6801426
54284,0.6797983
75756,0.68025357
46005,0.6802867
95327,0.68031764
67211,0.68023074
57848,0.6802985
62669,0.67605174
103424,0.6803565
6568,0.67967206
20985,0.68030894
2606,0.68009335
51468,0.6800474
58979,0.68033594
44348,0.6803584
97129,0.6800291
106323,0.6792646
83866,0.6774893
59690,0.6800423
77224,0.68021584
55814,0.68036956
423,0.679111
51386,0.679097
54584,0.6796289
20650,0.6803503
67619,0.6803146
80649,0.6779038
98240,0.68036425
51543,0.6800371
3995,0.6802816
68167,0.67944425
6440,0.6803653
42990,0.6801328
27893,0.6797021
292,0.6787072
60869,0.67975426
83757,0.6803252
71190,0.6798882
43134,0.6803678
26387,0.68037105
41140,0.68037117
41330,0.67832065
59444,0.68032706
30220,0.6799678
57850,0.68036467
68720,0.6803487
83784,0.67966914
75058,0.67965996
9990,0.6797484
70601,0.6796175
496,0.6789513
4219,0.678639
20921,0.68025935
63436,0.67791605
102995,0.67877805
46697,0.67850655
105445,0.68034434
17416,0.67810565
100999,0.68014157
89296,0.6801319
74224,0.680371
88876,0.68036705
76981,0.68035793
16408,0.6802615
54241,0.6802905
12554,0.6801926
90727,0.6799024
28056,0.67948216
5562,0.25478083
80195,0.68019533
87069,0.6791617
43216,0.6803285
79579,0.68020576
9937,0.6801894
42856,0.6794937
56247,0.68034226
89203,0.6797758
75302,0.68018216
9324,0.680328
88477,0.6786365
65720,0.68031067
83822,0.6803606
106308,0.68037033
88320,0.68030906
3472,0.6794987
43027,0.6801448
77392,0.6801654
41026,0.6802581
34970,0.6800759
85811,0.67900676
51037,0.6788302
39911,0.6803635
54621,0.6803458
63702,0.68017834
88917,0.6778138
15936,0.6754759
68562,0.68033135
82320,0.68029004
95565,0.6787096
98754,0.6801062
61204,0.5602146
94434,0.6768164
62405,0.6801634
65452,0.68026054
35549,0.6803711
105446,0.6800467
29245,0.68034446
40566,0.67748845
77668,0.6798183
65167,0.68037033
25913,0.6801343
67005,0.68037003
65537,0.68002367
76894,0.6803711
79304,0.6797408
47879,0.67918366
71762,0.68027645
94313,0.68036675
23432,0.67845863
96020,0.6803072
95380,0.6742826
76613,0.6803606
90665,0.68037045
77768,0.6784047
83357,0.6803341
70714,0.678885
89872,0.68006086
41797,0.6801296
13868,0.68022877
106550,0.68014544
39844,0.68034
42075,0.6788765
62095,0.68036544
70425,0.6803663
78138,0.6798457
25349,0.67211527
86030,0.6803297
11281,0.678957
92556,0.6789112
32183,0.6774448
95511,0.67910635
14000,0.68034476
8192,0.67993313
46625,0.6796398
80759,0.6775328
53529,0.68028575
39661,0.6801158
18735,0.6800781
43096,0.67942744
35406,0.67993015
19563,0.67778045
44955,0.6797383
51195,0.68013257
104716,0.6302056
78032,0.68027395
54763,0.6664171
54472,0.6803009
63165,0.6801193
59237,0.6803711
80008,0.6794612
41274,0.67921597
69397,0.6802869
58538,0.6802825
12556,0.67960536
22194,0.6802886
13877,0.67855054
28486,0.67986166
40470,0.6803566
3803,0.67979115
27605,0.6796931
12596,0.68017334
51958,0.6788393
100371,0.6772882
35292,0.6801815
106651,0.6797765
67973,0.67971104
24261,0.6799327
42465,0.67994165
13861,0.6803373
15827,0.6802559
96979,0.680365
21464,0.6803605
33217,0.68033355
31921,0.680241
87306,0.68031925
82440,0.6802908
100467,0.6803657
101153,0.6803674
59418,0.6801647
34456,0.6779041
78306,0.6803698
60321,0.68001884
106857,0.6797007
35073,0.68036234
61217,0.68033797
40071,0.67997175
82248,0.680044
74965,0.68036985
71583,0.67994153
83997,0.6802172
80322,0.680167
1386,0.6803705
30888,0.6794392
46174,0.6796016
68484,0.67964435
17329,0.68028796
93726,0.6773134
14464,0.67992777
67944,0.67848927
95240,0.6776072
43653,0.6718853
74712,0.6762355
89456,0.6803703
8122,0.67846084
80123,0.68018657
100955,0.67976123
19190,0.6803088
17483,0.6797183
21509,0.6796016
67611,0.68012524
91018,0.6798031
11502,0.64170927
41634,0.68031603
58647,0.6760498
397,0.6802463
94236,0.6790895
34471,0.68012065
95449,0.68007106
45263,0.68023276
1312,0.6800959
1701,0.68022865
10211,0.68036216
19877,0.67596716
10820,0.68020886
48605,0.6801925
105197,0.67809314
101055,0.6799027
72026,0.68031734
40241,0.6801729
21775,0.67814326
2675,0.6788734
44002,0.679997
42988,0.6801822
1719,0.6802755
44005,0.6787381
293,0.6803192
67526,0.6803596
20436,0.68037045
47583,0.68018204
54329,0.68025106
44312,0.6796722
46747,0.680242
42297,0.67949164
36740,0.67933166
15115,0.67973137
54215,0.6792987
50632,0.68006325
67796,0.68030345
24974,0.6802488
17987,0.68029463
57932,0.6792692
58445,0.68005955
71758,0.68036664
27568,0.68034947
77343,0.68033785
74960,0.68007016
71199,0.68029565
63696,0.6802725
7032,0.6802936
23824,0.6803696
30498,0.67993313
71626,0.6802354
45937,0.6801333
58185,0.68002206
63250,0.68028194
93821,0.6801881
75253,0.6797131
105476,0.6803312
94786,0.680137
64336,0.6800107
71947,0.6788038
92182,0.6730776
20086,0.4683572
76618,0.67947155
14910,0.68024457
37519,0.67996967
18587,0.6796935
72152,0.68028516
104014,0.6796915
40614,0.6792075
88400,0.68000865
31994,0.6800412
87528,0.6790951
63934,0.679526
49409,0.68036777
774,0.67290556
32495,0.6790004
88382,0.6793735
15155,0.68036544
93745,0.68018794
27703,0.68032
75787,0.680054
90254,0.6802951
13614,0.6801028
28304,0.68036646
41678,0.680301
98764,0.68021935
82284,0.67825407
31660,0.6790934
67449,0.6797996
32695,0.6793493
73704,0.6694622
13185,0.68036336
41481,0.68034506
71990,0.679679
64342,0.68015987
52716,0.6801699
23590,0.67975944
19738,0.68029356
81722,0.6802484
43441,0.68027127
56076,0.6802535
36062,0.6803684
93470,0.6803595
57631,0.6781619
104065,0.68010306
542,0.6800235
22750,0.68036985
65825,0.67935944
63929,0.6802037
71150,0.67981744
82911,0.6803285
65991,0.6801845
17471,0.6801229
96142,0.6799594
20569,0.67768246
38497,0.6781774
2685,0.6799089
38408,0.6774307
100635,0.68021226
29619,0.68029445
63490,0.6803301
83339,0.67930925
36539,0.6802914
79339,0.6759661
72290,0.68022174
3220,0.67961955
81270,0.6799932
35843,0.6799623
44327,0.68032575
30665,0.6781774
1548,0.6793068
75171,0.67971635
99712,0.67081934
33884,0.68020654
65379,0.6803222
62016,0.67894053
35402,0.6802117
42879,0.679488
74818,0.68018585
12495,0.6803609
20003,0.6798852
22125,0.0
70889,0.67958593
2024,0.67876583
95385,0.68001676
80643,0.68018806
86163,0.68024236
67694,0.68021613
26798,0.6801016
81103,0.67977715
19085,0.67955405
4898,0.67717695
6355,0.680233
14518,0.6803281
14647,0.67992043
42001,0.68036693
77785,0.6799234
35657,0.6803615
56488,0.68015724
21443,0.6795907
84978,0.67741716
89651,0.6803054
79791,0.6802611
97990,0.680117
71970,0.6800812
92259,0.67588115
63637,0.68027663
85746,0.6802284
72226,0.6773973
8706,0.67780125
53923,0.6777128
21760,0.6780104
52327,0.4795348
13615,0.6799271
3156,0.67967343
17888,0.67989075
27794,0.6802724
17951,0.6773757
106260,0.67693007
86128,0.6800161
78519,0.6802027
103081,0.22553158
8118,0.67706066
83982,0.67853427
29893,0.68022776
49405,0.68017405
52266,0.68035764
36470,0.67847276
1846,0.679765
3349,0.6775887
93690,0.6793732
50314,0.6803639
186,0.6802046
65432,0.6801418
37728,0.680318
19567,0.6798332
30657,0.68034935
82531,0.6803659
22826,0.13073568
22919,0.6796766
87442,0.67975444
104588,0.6803527
64949,0.67989826
63321,0.6802878
44202,0.68010837
85518,0.6792228
70363,0.6803615
38760,0.6803557
99477,0.680366
41258,0.6803342
88460,0.6800847
49151,0.6802999
96318,0.67940485
15268,0.6785528
39971,0.6803289
68688,0.673434
106285,0.67989945
3186,0.6514213
39622,0.67955816
77353,0.6803675
88812,0.67963463
6527,0.68029284
59187,0.67852736
61590,0.67972696
56408,0.6798441
94523,0.6797224
35641,0.6780702
74177,0.68028945
103345,0.67931306
43538,0.6789357
28070,0.67953444
18799,0.680311
49071,0.0
95746,0.6799544
32734,0.67987764
94400,0.6803361
85387,0.6803185
73483,0.6792815
14503,0.6802848
49355,0.6803711
104699,0.6802106
34977,0.6782282
105745,0.0
46195,0.6792559
21807,0.67944956
38567,0.6803512
22107,0.680024
29812,0.6799775
11423,0.6803534
17429,0.6793421
33210,0.6802556
24307,0.67949456
25930,0.6803691
83021,0.6792042
102384,0.68031967
16069,0.6790419
89177,0.6793744
14322,0.6783096
47929,0.67857254
95274,0.678592
91895,0.6802794
30333,0.6803377
63018,0.6799002
13130,0.680291
48136,0.68006307
65112,0.68032634
96303,0.680168
32221,0.68015563
9939,0.6801813
58276,0.6801611
95046,0.6801283
95608,0.6788278
5449,0.6803514
60819,0.68036634
106929,0.6801563
70887,0.6803635
107168,0.67900425
1665,0.6803656
62485,0.68029976
26165,0.6791578
54830,0.6802926
98131,0.67954814
11417,0.679561
54957,0.6794554
16542,0.6047643
46696,0.68030024
23398,0.67704064
82966,0.6803103
98212,0.6803711
47665,0.6803712
71236,0.68014723
23789,0.6798673
52331,0.67819977
42,0.68013453
44162,0.67935556
89991,0.6800376
86732,0.67953247
97084,0.68031317
96648,0.67803127
43358,0.6799016
33225,0.68036884
100947,0.6775942
30048,0.68005604
13538,0.6777887
61920,0.67748433
90739,0.67986363
33099,0.6790022
5687,0.6801571
37971,0.67948985
104107,0.68036896
15261,0.678099
79583,0.67797214
12417,0.6796224
42928,0.680334
81291,0.67696774
44398,0.6802446
64245,0.6768492
62296,0.6800921
89490,0.67866206
27804,0.68031764
86896,0.6800376
31142,0.6798334
100499,0.6778202
41462,0.67969763
11490,0.6800535
41182,0.6794194
88788,0.68011457
85936,0.6799324
25717,0.6802541
39604,0.68036306
2113,0.68036747
19841,0.68031096
85276,0.67905253
38085,0.68034166
33856,0.6803655
16285,0.5134619
102958,0.6800987
32690,0.67873424
65286,0.6783376
87828,0.6803605
72944,0.68037033
47478,0.6800462
94238,0.6801251
25276,0.67975724
51125,0.6799078
59341,0.67862153
37015,0.6773697
48326,0.6800551
55339,0.6786674
54809,0.6748238
95448,0.6801158
92455,0.6793302
41479,0.6791563
50990,0.68003184
97606,0.6801994
64386,0.6797312
59016,0.54706186
34793,0.67999357
35103,0.68032795
62419,0.6797164
44749,0.6793215
51217,0.67991954
76088,0.680259
50731,0.6802342
21634,0.6803555
99187,0.6797991
74983,0.6796605
74636,0.059347805
70918,0.67970175
48025,0.6801511
1202,0.68036354
29773,0.6786603
104392,0.6803581
36134,0.67843646
56611,0.68015444
98347,0.67963195
76408,0.677182
43641,0.6791676
75570,0.665749
7090,0.68030053
82189,0.680335
48190,0.68036544
4985,0.67952794
1702,0.67996585
97091,0.680267
67132,0.6797598
52003,0.6799843
60130,0.67972064
52734,0.67988604
54975,0.679904
79908,0.68001103
75883,0.67975366
7708,0.68002105
20788,0.65617335
29713,0.68031704
2168,0.6800672
19624,0.6798867
15339,0.6801164
63973,0.67895055
104124,0.6787122
82919,0.6803246
57759,0.6787989
30517,0.68022424
67562,0.6788828
60871,0.6794094
73670,0.6800358
12046,0.6801998
29703,0.68018955
57997,0.65882564
104071,0.68009645
23798,0.67946225
63304,0.67903525
29328,0.6782538
54042,0.68005216
43085,0.6803513
41458,0.67954993
65632,0.6803687
61938,0.67707944
43481,0.68037015
23810,0.68036985
74207,0.67594993
40078,0.67971945
67888,0.67875326
54635,0.6795661
37281,0.67897487
92696,0.67924017
40103,0.6801965
12388,0.6803063
65827,0.67592293
13632,0.6773853
55474,0.6803438
5448,0.6794203
39340,0.67960614
1321,0.67924625
53096,0.6797776
93846,0.67928463
84889,0.6803388
53938,0.6803139
104973,0.67453957
74968,0.67584336
26581,0.6803682
84369,0.68026763
51684,0.6756175
24583,0.68018144
93592,0.67961013
80678,0.68037087
34799,0.6800934
50595,0.680293
107043,0.0013134292
81783,0.67953175
8163,0.6798537
65011,0.6757366
88170,0.6801665
18337,0.67896867
72949,0.6797261
70736,0.6803692
96312,0.6414581
83629,0.67782027
85060,0.6801408
65661,0.68001735
66651,0.67990756
74786,0.68002963
57298,0.6801874
42230,0.68032616
20537,0.68018436
97674,0.6769811
65960,0.68037105
55108,0.6782471
49101,0.679064
19384,0.68027157
29553,0.67925596
40469,0.68023324
63625,0.67908084
32081,0.6802861
37229,0.678486
92189,0.6803559
14893,0.68005437
44609,0.6784291
63754,0.68036246
56244,0.680367
13791,0.6803693
97514,0.67898154
62715,0.6799411
80723,0.6795889
31649,0.6803699
35868,0.6803711
26020,0.67747146
94291,0.679595
63036,0.6800325
71036,0.68037117
49693,0.68036604
7862,0.67961717
106251,0.68036723
6411,0.6784593
2227,0.6803255
12739,0.6798024
13897,0.6794421
51843,0.68021
68337,0.680287
62399,0.67998594
83642,0.6775182
62576,0.6803697
76355,0.67880994
88532,0.6772572
870,0.67970294
26067,0.6793675
45412,0.6775078
93632,0.6799843
34710,0.68036634
49010,0.6802852
20800,8.6569084e-26
91234,0.68032396
106720,0.6793176
39399,0.67970306
30906,0.67829204
55880,0.6803712
86772,0.67958534
50257,0.6803652
89524,0.67862606
53238,0.67695475
8234,0.6795795
106696,0.6802139
29446,0.6794705
23987,0.68021166
64819,0.6803042
35094,0.6800719
45865,0.68033296
8562,0.67737335
75593,0.6802216
8341,0.6779385
59981,0.67931545
87038,0.6803705
60298,0.6803707
660,0.6787117
6334,0.68036157
40173,0.68000156
60604,0.6795789
77550,0.6782079
34391,0.67354006
65498,0.680281
12883,0.6623186
28396,0.6799075
20072,0.68004876
29955,0.67902976
93410,0.68028647
19195,0.67753714
86600,0.68014425
11096,0.67839676
100641,0.6802842
2876,0.6787201
98508,0.0
8183,0.67995495
61746,0.680313
65016,0.6791696
98667,0.65067774
26907,0.6797711
118,0.6803696
17226,0.679691
101387,0.67949426
2477,0.67852515
42711,0.6802857
45007,0.6802324
16318,1.08338425e-11
86150,0.6802783
8105,0.67983615
29329,0.6797148
24199,0.67998624
28490,0.6788251
15922,0.6802125
59384,0.67975247
11373,0.67841643
101542,0.6800614
106469,0.68034774
90450,0.67642915
57117,0.67904377
46768,0.6801864
101203,0.6792791
73606,0.6802891
107050,0.6803709
92108,0.6799598
20429,0.6801486
91152,0.6803697
78479,0.68024635
104962,0.6803674
65927,0.68025255
29567,0.6803381
3521,0.67881197
77782,0.6777531
74900,0.6793575
20583,0.67934763
51369,0.6373035
33036,0.6803386
1020,0.6797243
81918,0.6797139
71786,0.68035537
29021,0.67941844
42473,0.6792766
76563,0.68022275
76009,0.67976904
75090,0.6794345
91847,0.6630315
78056,0.6800798
22275,0.68030953
64351,0.67995906
101193,0.6803664
49286,0.6803234
89043,0.67979074
41575,0.6803477
105212,0.6787468
796,0.68018067
89918,0.67805725
26836,0.6767708
15916,0.6803712
66393,0.6803455
74777,0.68032825
215,0.6795208
70103,0.6793429
106169,0.67661995
81879,0.68029517
25104,0.67969364
37041,0.6803335
91290,0.6794326
7967,0.6803279
61699,0.68026805
11430,0.6564369
99907,0.68033546
15587,0.6798903
17770,0.6798429
51183,0.6786956
10924,0.67868435
5241,0.6799649
79879,0.6803333
57849,0.68034405
10135,0.67934597
28930,0.67938834
84980,0.67972773
35035,0.6782377
1544,0.6785725
57299,0.68003786
53790,0.6803625
27413,0.67951053
38165,0.6803637
48208,0.6787225
56627,0.6794604
65033,0.6801064
62849,0.6802508
53653,0.6801392
49325,0.6803503
72723,0.68028766
90690,0.6803709
106400,0.68036973
33103,0.68030214
25088,0.6725938
101515,0.6761901
97145,0.6800171
55520,0.68035346
77374,0.6802978
30393,0.005821875
51247,0.6803258
102444,0.6801234
73823,0.61052
77961,0.67826027
92334,0.6799328
20875,0.67943436
8968,0.6803205
46253,0.6802453
65138,0.33400485
103803,0.680186
48240,0.6802866
37216,0.6796111
37070,0.62487864
100791,0.6803659
65296,0.6803374
55217,0.68024594
61439,0.67946696
28910,0.6802283
68977,0.67988414
73799,0.6801925
87205,0.68013275
24133,0.6791577
5545,0.6786091
54239,0.6749902
58376,0.68036354
102502,0.6801858
4217,0.6763547
24943,0.6791234
76677,0.6802202
30672,0.6803558
103813,0.6803492
19301,0.6787467
66545,0.6777645
6418,0.6798069
105393,0.6775371
26256,0.6802581
73036,0.6802578
90905,0.6781069
53703,0.0
19896,0.6803681
38549,0.679685
50747,0.6786357
7384,0.6801141
38634,0.6803711
2243,0.6793102
34358,0.6803075
9905,0.6803516
2600,0.6798444
30934,0.6803711
11956,0.67814636
65971,0.68012446
41054,0.67867935
86656,0.6802037
96579,0.68017626
468,0.67787194
95086,0.6803345
36410,0.6798579
61026,0.67875844
49759,0.68018377
18786,0.6772296
81012,0.68035674
19445,0.67842793
50756,0.67992204
85673,0.680367
66960,0.6803692
31365,0.6798237
37640,0.67876816
101325,0.6803052
104267,0.68027735
64787,0.68023384
54097,0.67966545
90089,0.6801969
79611,0.6803643
3872,0.6803561
90845,0.6792689
75838,0.68022007
16157,0.67946357
21349,0.67988753
34130,0.6803068
83045,0.68021613
83033,0.67988664
18190,0.67957515
98007,0.6803708
95308,0.67817
7197,0.6797416
79403,0.68008935
7653,0.68018514
59611,0.67884916
93070,0.68024504
33837,0.6801618
86990,0.5953775
38486,0.68007964
49647,0.6779036
49217,0.68036467
89090,0.68024474
6634,0.6803409
106711,0.68022335
98643,0.6798433
64122,3.8135062e-05
95757,0.6803566
52941,0.67999315
73928,0.6797209
96735,0.6753815
76375,0.6803242
26187,0.6792092
61250,0.68006265
101730,0.68015635
96681,0.68036103
81672,0.68017304
941,0.6801664
73571,0.67896926
102835,0.68034834
84015,0.68035465
15822,0.68032074
26528,0.6801794
34458,0.6803589
22406,0.6792623
77570,0.679031
60677,0.6782114
16163,0.67859083
58610,0.6799146
87762,0.68018824
48705,0.6803482
78339,0.67566925
27015,0.68003666
63869,0.67995185
32867,0.6790105
18094,0.6800289
31953,0.67961705
3489,0.6796048
8990,0.68037
89863,0.6786344
18547,0.67950046
75256,0.6802707
93963,0.67479366
71978,0.67879605
30679,0.6800719
102609,0.6789769
83019,0.68027186
48135,0.6802897
61409,0.6767798
58564,0.6787728
3946,0.680357
106020,0.6802673
3723,0.68025726
22108,0.67690885
4674,0.67874634
4358,0.68016374
31186,0.68031114
136,0.6787097
46915,0.6791521
95526,0.6798725
12145,0.67994535
18631,0.6797385
95178,0.67552155
6569,0.6801262
74472,0.67986816
53618,0.68034285
82117,0.6800138
33139,0.6803065
101127,0.6800195
78109,0.68009204
71560,0.68019885
4873,0.05202972
38063,0.6792993
1060,0.6788802
45447,0.67633915
14151,0.6799758
79580,0.68036985
37219,0.67966616
84736,0.6792356
15780,0.68030137
82921,0.6800383
40348,0.6803682
74895,0.67986953
93609,0.6801761
60230,0.6795471
65745,0.6798571
16278,0.68022466
66171,0.6798746
76515,0.6783465
87170,0.680118
104704,0.68027747
95572,0.6796147
41881,0.6727672
30757,0.6795534
83846,0.6802194
72285,0.67763245
29064,0.68036944
5381,0.6786558
83070,0.68022346
7175,0.67889553
49176,0.67575514
51188,0.6796192
60730,0.0
89396,0.67930865
50581,0.6802858
9406,0.68034136
16599,0.6689956
69783,0.68032855
27796,0.6791277
592,0.68019444
18133,0.680082
105112,0.67920506
51799,0.6803578
75583,0.6783146
22160,0.6772552
28229,0.67991376
59965,0.6799471
25798,0.6788664
1799,0.680274
37007,0.67969596
99962,0.6802888
106489,0.67985374
39063,0.6801384
46435,0.6798859
45589,0.6792385
6956,0.6803689
106021,0.68025637
92285,0.6803608
40437,0.68035126
7039,0.67841434
94842,0.68032885
105806,0.6780106
19957,0.68000805
91743,0.6788793
71819,0.67945623
71859,0.6780171
77846,0.6803551
75254,0.6803575
86699,0.6800451
41680,0.68023014
40684,0.68036056
102752,0.6790929
59996,0.68036294
75002,0.6778402
83944,0.67759776
71542,0.68037003
102795,0.6791582
13533,0.6801896
86443,0.6803335
72601,0.68036956
48252,0.67997223
59918,0.67706263
70105,0.079649016
36420,0.68020344
72545,0.67960685
66628,0.68032676
87076,0.6788825
56017,0.6802767
36830,0.6799182
61259,0.68020505
106785,0.6803624
102001,0.68037117
41694,0.67982
59274,0.6186051
69342,0.6796141
52666,0.6799244
78739,0.6803693
103615,0.6798825
96522,0.6801366
33713,0.58921915
94194,0.6789998
56624,0.6803303
14026,0.68037105
37800,0.68019086
101163,0.67985034
50282,0.67985094
24359,0.6798755
37213,0.68034315
27574,0.68014103
18777,0.68011093
32485,0.6783449
95455,0.6802052
56526,0.6801317
9732,0.679862
63133,0.68024415
6017,0.6796426
56227,0.68033296
81330,0.67986304
14674,0.68034303
83842,0.68034756
59121,0.6794051
4795,0.6796207
8699,0.6446029
62846,0.6803364
3664,0.6800851
79101,0.68036556
97114,0.680262
61736,0.68036944
71338,0.6797177
75649,0.6800834
47207,0.67975307
69617,0.6789666
92019,0.6800245
33803,0.68037117
102709,0.67761135
60644,0.6803066
35921,0.6802364
53503,0.6793142
39017,0.6802754
21033,0.6797107
7356,0.6801438
63010,0.6802795
105483,0.6731302
48414,0.6782507
34491,0.680321
98515,0.6788342
44473,0.6803701
16918,0.68034536
5705,0.6803003
50265,0.6800082
69220,0.6803641
54833,0.6589069
28549,0.68024755
106607,0.68028426
82444,0.67974776
61201,0.68014747
33681,0.6790823
10979,0.6792633
17203,0.6802435
75276,0.6802285
46716,0.6797361
27002,0.6786399
875,0.677456
73244,0.680365
42973,0.67817736
87462,0.6800769
79246,0.6803146
80060,0.67995214
83791,0.6803629
95066,0.68034095
65369,0.67951214
17234,0.678609
33597,0.6795335
57641,0.6803712
79712,0.68021417
90671,0.6803474
68092,0.6801988
87841,0.6799469
26092,0.6802903
19324,0.6801668
64133,0.6803489
64722,0.68014455
67293,0.679896
13110,0.63584745
15704,0.6600987
90272,0.6766118
16320,0.67941785
51605,0.6783633
57816,0.6803676
10303,0.67947936
81915,0.6802301
22954,0.67886275
20905,0.67955935
94219,0.67954093
59383,0.6802327
55882,0.6801082
105848,0.6797069
76012,0.6802602
28343,0.6786701
12621,0.67784613
20544,0.68036044
68058,0.6802778
45481,0.6797576
43866,0.6788334
43638,0.67960477
78798,0.6784401
51931,0.6803587
81788,0.6802909
39806,0.68037
104308,0.6800214
23191,0.68036985
58799,0.6799892
74274,0.6802004
97712,0.68034744
62011,0.6798498
97060,0.67945796
6430,0.68026924
42197,0.6744145
33642,0.6803624
34385,0.68014896
56499,0.6778258
103727,0.6797133
22082,0.67997557
5577,0.6802076
18877,0.68005645
72302,0.68006176
48798,0.67827827
95670,0.67672807
12360,0.6795709
99919,0.68028665
57548,0.67900586
8498,0.6773915
55369,0.6777823
64135,1.7340518e-30
96186,0.6793718
88968,0.6763631
16581,0.6802257
69477,0.6792876
60073,0.67973775
78470,0.68027
73934,0.68018174
48728,0.6801888
12948,0.6797778
35801,0.67794037
11714,0.67924917
79286,0.6797168
61682,0.6787418
67216,0.68037087
28124,0.66580206
47487,0.68037045
89951,0.67883354
39746,0.6802003
51772,0.6802421
74373,0.67979455
91542,0.67840415
11693,0.67906255
58395,0.6508186
10213,0.67967725
87308,0.6803184
52212,0.6802317
21565,0.6795772
38272,0.68033826
45624,0.6802736
63049,0.6801925
86283,0.6800274
61244,0.67963773
84701,0.68009365
94243,0.68032175
79039,0.6803691
54726,0.68031013
52867,0.6802362
7832,0.6784694
48004,0.68017334
52691,0.6800729
94319,0.6797305
14013,0.67957526
66372,0.68033874
22294,0.63778377
14732,0.68034065
105955,0.6803112
57702,0.6803205
89178,0.67995447
31050,0.6801121
40074,0.6717192
23085,0.6795893
8847,0.67932326
43142,0.6802397
24141,0.6802259
75344,0.68034506
44956,0.6802457
100259,0.67979014
15289,0.6798563
40766,0.67750376
75727,0.6801655
16710,0.68030953
3858,0.6784029
51761,0.67913646
57803,0.67812824
18436,0.68031454
21616,0.67877793
40997,0.67853224
72876,0.68036956
98668,0.68035984
17562,0.67941463
53942,0.68024236
7798,0.67723036
6728,0.6803668
68182,0.68037
32206,0.68037003
2446,0.67944187
30812,0.68036824
29775,0.68033063
4146,0.6803626
10519,0.68034226
66933,0.6797123
94981,0.6752086
95320,0.6803581
47430,0.68036956
35069,0.680297
76488,0.6803611
33904,0.6793901
86619,0.67767876
91955,0.68018746
6389,0.68034136
12914,0.67840016
78123,0.6802778
59570,0.6801634
10892,0.68016493
31139,0.68037
47002,0.679468
15376,0.6791269
84669,0.0
28204,0.68036556
49096,0.6800601
95324,0.67750573
46589,0.6792115
16484,0.67933947
92516,0.6803363
88724,0.67368454
65849,0.67896974
51527,0.6789668
60854,0.6795124
11279,0.68037087
67908,0.6784307
82313,0.67980355
79035,0.6803688
91010,0.67990065
27611,0.6803179
7952,0.67414737
19379,0.6802076
66702,0.68022245
2296,0.680339
28138,0.68034303
551,0.6803702
67795,0.6803515
39137,0.68021375
25040,0.67938524
47656,0.6793429
53154,0.6801649
73026,0.6802476
50163,0.68030566
17664,0.67919123
81237,0.68011725
43288,0.68012285
101830,0.6794499
68661,0.68035376
100832,0.6795561
4191,0.680354
62424,0.6803531
40305,0.6797341
54860,0.6800815
92588,0.6802203
76669,0.67929614
46395,0.6791368
44253,0.68010056
22443,0.67997986
84100,0.67776656
42951,0.6790728
51210,0.6776869
18367,0.680369
12437,0.6803382
57121,0.6794597
5477,0.68025166
81334,0.6798455
102259,0.6803565
56973,0.68015033
55634,0.6802956
50796,0.6802368
64854,0.6793834
17212,0.68034166
95586,0.678646
96608,0.6801474
8178,0.6772281
69463,0.679151
25843,0.6803702
89879,0.68013006
64458,0.680371
1825,0.6803673
104937,0.6802465
76514,0.6803571
67638,0.6764684
32550,0.6802614
2594,0.68027264
104050,0.68022573
15063,0.67989194
7750,0.680254
78835,5.2737376e-14
62313,0.68035156
79534,0.6800463
10735,0.6803711
66647,0.67602897
80698,0.6787506
106237,0.6794263
14230,0.68036866
24699,0.6572436
20670,0.6735598
24398,0.67899406
28813,0.6803712
90926,0.68007916
21442,0.680365
15503,0.67468154
104158,0.42457777
11944,0.68006694
54953,0.6801009
100285,0.68036294
92129,0.68028045
86569,0.6787155
51849,0.679656
59984,0.680186
84169,0.6803383
85915,0.6802966
26350,0.6799676
81869,0.6777894
101771,0.68035406
71107,0.67953193
8127,0.68033105
67433,0.680239
103885,0.6794405
14634,0.6800272
35211,0.6794095
78895,0.6790833
78807,0.6756013
14540,0.67911905
34698,0.67960334
103779,0.6745884
9813,0.6801123
7716,0.68027186
70272,0.6803495
98794,0.22228292
5378,0.67991334
75584,0.6800494
65199,0.68030804
69468,0.6803713
53908,0.6803455
97132,0.6802677
84136,0.68023413
65196,0.6798426
101330,0.6802582
45065,0.68026805
101372,0.6803566
40945,0.6802689
36818,0.680278
16262,0.66801536
71302,0.6800459
56867,0.67989814
31727,0.6802302
22376,0.68032235
93929,0.6789593
18448,0.67889184
29101,0.6797491
76956,0.6772303
52458,0.68036807
42922,0.6781672
16743,0.67821485
29879,0.67858344
54016,0.52118975
44531,0.6797047
3780,0.6796572
18492,0.6803639
43326,0.6802351
97048,0.6791777
102784,0.6802636
78950,0.68036956
69256,0.6803225
71845,0.6797987
23511,0.6803388
41984,0.6796963
73207,0.68023235
100220,0.67785317
55424,0.6802253
61058,0.6803144
61570,0.6803293
85636,0.6801209
91625,0.6794207
37965,0.6792835
71595,0.680255
40247,0.68035656
84223,0.68035984
104638,0.67889833
70859,0.6762136
12624,0.68034106
100127,0.68037057
54697,0.6803296
36640,0.67972165
63935,0.67751974
62422,0.6803711
19138,0.67989165
98037,0.67917114
80946,0.6802699
60171,0.6800509
106524,0.6797976
53120,0.680354
17020,0.68027604
96643,0.6802691
20516,0.6795687
53943,0.67677116
12422,0.68036294
99924,0.6773423
84727,0.67989
105231,0.67945826
57263,0.67859805
70353,0.6773191
33980,0.677342
85067,0.6801005
101473,0.6801924
32806,0.68027616
22737,0.67883915
33701,0.68036294
26272,0.6803289
20245,0.68016225
57009,0.6801809
70177,0.6803704
80949,0.67607254
68868,0.679896
3463,0.67962456
22480,0.67841303
51061,0.6796365
42467,0.6787971
22644,0.67985636
77987,0.68002206
38066,0.67924136
74817,0.68020964
33548,0.680172
55282,0.67952925
68474,0.6778165
28750,0.68007314
100953,0.67740864
9783,0.6785723
88666,0.68029094
95892,0.6791662
45165,0.68037
88759,0.6803056
42942,0.680117
45155,0.67835736
93405,0.679776
40672,0.67857605
59171,0.679948
65048,0.67839885
96568,0.68004024
55750,0.6801662
94417,0.6803032
98907,0.68021613
26355,0.67893285
75221,0.6800102
81834,0.68000585
70358,0.6799732
60686,0.6784137
16970,0.6796868
105727,0.678161
27635,0.67975956
22266,0.674048
72325,0.6803065
73454,0.6771927
61216,0.6802335
15107,0.6803199
20351,0.6803711
7447,0.6801409
27058,0.68036014
52745,0.6785767
97367,0.6803189
80966,0.6801313
76862,0.67938113
101425,0.680258
41987,0.6796832
41607,0.6799826
24817,0.67714065
18230,0.6797783
24592,0.6785966
26735,0.6800516
335,0.6794163
23192,0.6802789
70543,0.6802761
52914,0.68005604
93275,0.6803712
53299,0.68019396
73633,0.678646
6516,0.6794933
62779,0.6801633
37748,0.6803386
32439,0.68022823
26327,0.67904633
72512,0.6767835
34319,0.6797008
71151,0.6801816
75755,0.68036807
95040,0.68036026
14016,0.6797873
64918,0.6798283
54132,0.679647
15137,0.68034506
16885,0.67988265
73850,0.67891574
27701,0.6769165
45458,0.6801894
35206,0.68007267
4690,0.6803709
48327,0.6802323
13359,0.68028927
74847,0.67978585
58263,0.6797327
83921,0.6789832
78541,0.67953396
89353,0.6802337
46859,0.6800525
43017,0.67591476
33143,0.6795846
44724,0.6782427
98313,0.6802411
18397,0.6794696
33628,0.6801012
83851,0.6756304
59975,0.67857534
90976,0.679831
17729,0.67929846
103091,0.68011725
48359,0.6801568
52136,0.6776185
92597,0.6802844
102907,0.6799994
31101,0.68032235
72001,0.68036896
26604,0.67906594
32653,0.6801433
92403,0.6798514
19371,0.68035954
33679,0.6802643
100430,0.6766873
46581,0.67964864
46918,0.6803711
1939,0.6773115
65741,0.6800002
64268,0.6774904
5722,0.68036294
52128,0.68033946
32782,0.6792841
55399,0.6796015
67305,0.6789511
27575,0.6803683
10174,0.6799446
20288,0.6798034
100583,0.6794962
94644,0.6803648
69259,0.6801112
66508,0.6803382
75933,0.68033165
73087,0.6794367
62772,0.67857
7082,0.67817974
14313,0.6801363
34351,0.6788015
13661,0.67999965
84983,0.67899686
71650,0.6802905
25289,0.67983454
53203,0.6796456
104021,0.6803465
45430,0.6801248
13936,0.6801776
36331,0.6803711
69153,0.67869323
28211,0.67989755
14716,0.6803535
102105,0.6782183
14825,0.67898554
73448,0.6798958
25227,0.6802872
70935,0.6802128
24046,0.6801802
16283,0.13559075
31587,0.68015873
21546,0.68036985
79216,0.67997056
59515,0.16298057
21638,0.6803471
106058,0.6791069
83605,0.68035
36027,0.68024725
97547,0.6802642
35922,0.6802021
730,0.6802736
91023,0.68032867
41874,0.64543986
63479,0.6798819
53948,0.6793988
612,0.67952013
44842,0.6643384
88286,0.67992294
19006,0.6524181
15792,0.6801557
31289,0.6780237
5520,0.6779367
102071,0.6793085
51757,0.67903006
101502,0.68025935
86153,0.6800115
53017,0.6802607
35422,0.6800635
47390,0.6798373
6754,0.6794112
15689,0.6787008
60671,0.68036765
91200,0.678491
52291,0.6458411
64996,0.67834425
105948,0.68004787
9304,0.6802347
80363,0.6779692
34303,0.6799474
90897,0.6782593
6223,0.67836237
30391,0.68027765
32600,0.68021584
22314,0.6775173
46471,0.67867076
62205,0.6797571
9315,0.67978436
88242,0.6798983
16829,0.68032694
10937,0.67881817
75185,0.6787941
2126,0.6800798
66867,0.6797764
27698,0.6773712
69135,0.6801523
28872,0.6803693
73182,0.6798218
99186,0.6779939
53803,0.6797482
15957,4.603941e-15
13066,0.6771206
59759,0.68021584
78727,0.6786662
87613,0.67994267
97014,0.67947537
15607,0.680099
95372,0.6800634
13583,0.6802858
21859,0.68027914
37066,0.68037105
20559,0.6789691
28407,0.6775895
22575,0.6802301
587,0.68027365
34019,0.67959094
44046,0.6803702
88009,0.4675931
28935,0.6775935
8002,0.67926824
89504,0.66810155
41174,0.6790349
61524,0.6791022
47615,0.68023646
105017,0.6768265
102282,0.6793739
38116,0.6802288
77889,0.68023515
39771,0.67992216
49032,0.6803506
88482,0.6802398
14111,0.6764318
86854,0.68006456
60957,0.680367
39641,0.68036735
42799,0.68028665
12118,0.6803333
51727,0.68020755
15511,0.68023854
98396,0.6800751
82341,0.6785045
59102,0.6768982
9319,0.68037105
76311,0.68036985
88119,0.68031037
88687,0.6794395
2030,0.6798152
93612,0.68013245
11548,0.6789791
12642,0.67728794
99898,0.68033606
105337,0.68028975
71373,0.680344
79240,0.68028194
2341,0.6794966
70902,0.6803666
96103,0.6787108
41700,0.6794268
7147,0.6786449
7007,0.6757563
28257,0.680199
34787,0.67916864
85535,0.6785109
56441,0.68016565
2699,0.67965037
8631,0.68024445
84841,0.67765665
39509,0.6797095
43930,0.68032384
47111,0.6799956
49131,0.680371
90388,0.6803205
94044,0.6796658
9162,0.6798326
82380,0.6803433
9411,0.6802812
98182,0.6787822
90514,0.6799569
31378,0.6803184
45250,0.68031955
9598,0.68028975
97221,0.68000937
81497,0.48967072
98919,0.67851466
27463,0.67996544
5343,0.679821
17970,0.68036515
67267,0.67565507
2920,0.6767069
69177,0.6802358
78678,0.6801172
624,0.67856735
93344,0.68037105
46833,0.6789653
6484,0.6796707
34094,0.6802216
68673,0.67706406
102049,0.6803706
78665,0.68028736
30774,0.67759883
71388,0.68032914
18098,0.68031645
61249,0.6799083
37708,0.67912436
64796,0.6795547
31522,0.6800824
15285,0.68033457
94412,0.68028766
59543,0.6803293
3384,0.6803693
37901,0.67845327
4160,0.6742881
92593,0.6787057
36246,0.6803471
95420,0.6803712
100479,0.6779614
79834,0.67895675
50875,0.0
87895,0.6788264
30615,0.68009883
59995,0.6801667
96199,0.68020797
13289,0.67968756
29169,0.6802251
36913,0.6802316
25147,0.68019295
61781,0.6796919
22565,0.68005997
7300,0.67993873
24634,0.6787586
79365,0.67992246
16978,0.6783744
29800,0.67978686
41469,0.68035936
77934,0.6644002
69715,0.6772507
2744,0.68027675
18563,0.680203
96077,0.6803657
23587,0.6803517
10769,0.6802348
75143,0.66446936
38952,0.679727
92487,0.68021274
92852,0.66999274
33741,0.68034464
33902,0.43949372
8387,0.6803617
47210,0.6803446
46410,0.6803499
100548,0.67993796
840,0.6802336
16871,0.678949
69437,0.53003764
80467,0.0
39798,0.67992204
1323,0.6798069
106370,0.68036836
41262,0.68010193
12529,0.68023413
44727,0.6679157
52761,0.6800087
25451,0.6801448
73342,0.6801792
51204,0.6802759
50219,0.67987823
19132,0.68033206
49538,0.680371
53730,0.6799378
83910,0.6798788
29115,0.680307
41208,0.68017143
45546,0.68034923
24811,0.68014944
45037,0.67969567
75843,0.6803532
25941,0.67975897
94261,0.6799751
19173,0.67775005
48509,0.6796625
93072,0.6653494
58237,0.6800904
74013,0.6803543
75227,0.6781466
74340,0.6795806
52427,0.680273
76151,0.6796558
47316,0.6790188
55460,0.678681
97175,0.67889297
38989,0.6800426
10205,0.67883706
82051,0.6795751
35157,0.67937744
3684,0.6802597
62742,0.6803567
74496,0.6802773
75673,0.6794475
15522,0.67744416
13945,0.67987573
1132,0.678161
35054,0.68013996
21891,0.67987823
28508,0.67779493
99815,0.67981374
22532,0.6791423
58976,0.6796695
16774,0.6773859
98786,0.680042
46517,0.68035924
17633,0.68021804
11745,0.6802668
84784,0.68009573
71139,0.680211
104770,0.67794234
89719,0.6803685
5742,0.68036366
37390,0.6803712
45416,0.6791355
30994,0.67948765
104066,0.67990386
13560,0.6789883
94239,0.6798385
39032,0.6803489
95684,0.67954254
64663,0.6784907
42612,0.68000716
69293,0.68017113
100463,0.5971609
104864,0.68035555
79177,0.6796824
69146,0.67960185
51569,0.67979765
35303,0.6798066
38169,0.6800106
26110,0.6797989
66133,0.68036216
3140,0.68024945
29193,0.67617345
66040,0.67595524
67577,0.6800581
75311,0.68009186
8345,0.6762354
90116,0.6769593
46161,0.6791423
84368,0.6803645
78423,0.67902184
56887,0.680308
10505,0.67831576
83449,0.68034214
75064,0.68032926
45316,0.6696671
81514,0.68022835
17823,0.67944825
45536,0.6797278
81655,0.68014747
6158,0.67868376
3300,0.67959106
81142,0.6800259
18928,0.68020505
61741,0.6514095
81049,0.679122
45626,0.6778623
64241,0.678272
25516,0.67655194
72170,0.68029714
100821,0.67869365
100960,0.6729154
104637,0.68024796
80263,0.6794805
40346,0.6771994
51405,0.67958415
96165,0.6792788
62043,0.67955554
104120,0.67970276
25968,0.67974967
91802,0.6803707
7133,0.68028796
18262,0.68023336
36397,0.6803251
64608,0.6790103
45205,0.6800193
25746,0.6794123
2804,0.68005157
10138,0.6803152
30962,0.6799956
71016,0.6802577
8465,0.68037033
59750,0.6803076
94078,0.6802413
30547,0.6795034
69169,0.6794042
48894,0.6799171
64141,0.6803421
33295,0.6771936
55670,0.6800772
13345,0.67530406
99022,0.6802937
55163,0.6791104
71695,0.6801675
37627,0.6792877
36532,0.67894447
38401,0.6802804
65083,0.6801789
98493,0.677325
23491,0.68037057
47409,0.6801092
73059,0.68027407
38282,0.68027073
78331,0.68036574
41343,0.6802738
19089,0.67974156
50730,0.6803532
29709,0.6738118
17481,0.6803187
80830,0.68009496
5293,0.68020666
22072,0.67990077
70083,0.67949736
82737,0.68028355
84345,0.6802324
58697,0.6791535
39276,0.6803654
39945,0.00014103134
33739,0.67887825
3954,0.68034893
16658,0.68037075
57750,0.68027455
20077,0.68009543
86803,0.65681714
2956,0.68011725
72623,0.6787472
16102,0.68032753
21732,0.6800352
67154,0.680365
54507,0.6797761
86594,0.68016607
35692,0.68025905
65734,0.67507106
18208,0.67971426
104960,0.6803498
98614,0.6794755
12300,0.6803645
77125,2.61266e-08
104456,0.68036896
19143,0.6797573
42960,0.67991775
29258,0.6790228
44894,0.67961055
4672,0.6751775
69189,0.680359
59597,0.68002856
4210,0.67927694
62642,0.68036973
55902,0.679816
33596,0.68036544
88952,0.49562055
25537,0.6801438
93630,0.6782783
56945,0.6802973
89831,0.68034744
28455,0.6711348
101881,0.6803509
99064,0.67941123
2793,0.6799181
59290,0.68030053
6529,0.67961913
102926,0.6799943
91793,0.67951274
33522,0.68025386
20955,0.68016833
92720,0.6801955
57316,0.68022984
53863,0.67976
4669,0.67998177
28736,0.6788327
49200,0.68037
66982,0.0036703704
96637,0.6803057
41900,0.67834723
81511,0.6801437
88616,0.6801373
9190,0.67937684
34235,0.67802864
27646,0.68035614
39697,0.6798587
58532,0.6801009
28966,0.68020415
35518,0.6800119
103877,0.67959434
30623,0.6803551
86938,0.68036
65653,0.6801252
88180,1.9754466e-21
62795,0.67888767
4105,0.6803153
78024,0.67938286
32038,0.6802719
53792,0.6798336
55852,0.67980105
57315,0.6803351
9790,0.6792887
17167,0.67958397
3719,0.67913777
75499,0.68036795
47165,0.68035924
73307,0.6803712
41648,0.68013823
69039,0.6801084
105121,0.68032295
43914,0.68025863
71009,0.68029207
95183,0.6781204
30480,0.68018734
53988,0.68032134
79258,0.6798484
90968,0.68036777
42384,0.6781398
83707,0.6801957
4101,0.68036574
56912,0.680335
60741,0.68004125
25120,0.68029654
10721,0.6787221
56580,0.6803509
101869,0.6801931
445,0.6791603
20685,0.68028647
23309,0.6803544
77783,0.6783108
63074,0.6793991
107081,0.67984414
70761,0.67992705
73498,0.6776987
31250,0.68034464
72200,0.6803607
51071,0.6803175
40842,0.68036675
54965,0.67981493
42180,0.6793735
57221,0.6779356
45115,0.6789815
87784,0.6776823
83808,0.6801979
21793,0.6803306
99415,0.6802661
81686,0.6803356
98808,0.67921054
48005,0.6802774
59693,0.6794607
22613,0.6796266
10661,0.6803681
93545,0.68031734
36781,0.6801882
49972,0.67910635
100683,0.6802435
79955,0.6802508
83111,0.52693987
14099,0.6794171
85792,0.6800191
27385,0.67969465
33173,0.6802723
75895,0.6803705
84183,0.6789817
37174,0.6800816
89403,0.6800929
57812,0.6803694
3185,0.6803497
39174,0.6784363
69360,0.6788519
22507,0.679972
81591,0.68036914
102166,0.68036395
34669,0.6785673
82246,0.6803639
5417,0.6792926
45202,0.6794126
42806,0.67945933
8407,0.6803633
78372,0.6803455
96394,0.6794537
5368,0.68035996
34576,0.6783984
4612,0.6803159
89532,0.6803661
86314,0.680363
95227,0.6803633
77002,0.6803101
86850,0.67877483
83431,0.6796491
8573,0.68025863
83053,0.6802757
92077,0.6714444
66619,0.6793593
2864,1.4812827e-06
93017,0.68037045
83756,0.68037
6958,0.67919946
106099,0.67983824
92752,0.68036544
26016,0.68032396
9794,0.68034095
55053,0.6758913
32697,0.67843807
23931,0.67948323
40261,0.6803656
87744,0.6799083
34747,0.6791715
91828,0.68009704
60789,0.6791702
38808,1.776672e-14
18662,0.6803193
6236,0.6802874
19728,0.677455
91822,0.67480165
81110,0.67819786
47527,0.68034625
90318,0.68013775
44876,0.6802379
71809,0.6800878
13625,0.6780271
43644,0.6800441
83971,0.6801168
82581,0.6761313
42259,0.67710936
85536,0.68032056
8810,0.6766674
78459,0.6789401
33500,0.68021476
4257,0.6799894
93240,0.68007773
18763,0.6776323
11424,0.6798727
12884,0.68028194
59731,0.68006045
22634,0.67954725
62732,0.6801615
82430,0.68026125
97227,0.67926216
5764,0.6803539
50370,0.68009895
89427,0.68037075
8497,0.680328
26922,0.6799326
40011,0.6801836
22981,1.4693581e-05
10271,0.6798758
37880,0.6790294
83457,0.6802438
29979,0.6800803
22629,0.68032485
90503,0.6803602
15109,0.6802131
86748,0.679969
17755,0.67979944
93089,0.6802667
4336,0.68024385
54923,0.6803492
20668,0.6800011
102335,0.68019855
79895,0.6801597
88203,0.68017226
57553,0.6800506
61759,0.6797162
40449,0.6802455
37942,0.67885506
52407,0.6785847
97596,0.6803084
15372,0.68021166
71980,0.6803362
8007,0.6803582
5142,0.24418584
76923,0.68037075
32475,0.68024516
29178,0.68022573
43300,0.6782135
105217,0.67986816
90316,0.6802356
48026,0.6771066
27332,0.67684466
105230,0.67806906
97829,0.6801496
99198,0.6770988
53937,0.6803712
44244,0.64534247
95415,0.6802417
83331,0.6788252
83346,0.6803071
82768,0.68016815
34756,0.6803622
26171,0.68037117
50245,0.6774727
42457,0.67974067
50373,0.6800347
28575,0.6789041
91319,0.6774324
68711,0.67972016
25464,0.6796514
101221,0.68033725
12830,0.68036693
88138,0.6802257
72978,0.6786796
103836,0.68033004
66988,0.68009275
85081,0.67771006
73508,0.68035847
91178,0.6801767
9724,0.6801946
38974,0.6802434
3592,0.6780548
61440,0.68012774
86583,0.6802901
106458,0.6785526
13015,0.68036044
21510,0.6803469
48484,0.6791126
104183,0.6803712
71906,0.67982614
59569,0.67977595
60361,0.6803381
2057,0.6799836
17177,0.6762084
62283,0.6802976
52036,0.6801028
7523,0.6778759
33337,0.6802129
107091,0.68036455
63922,0.6800765
54527,0.680059
52444,0.68000114
20137,0.67942435
38681,0.6775189
97847,0.67911416
84840,0.6802826
55970,0.67968136
41342,0.6790034
59140,0.6800248
66421,0.68012494
8148,0.680123
104694,0.6786523
40263,0.6803148
31403,0.6803046
58366,0.67878383
13510,0.6802827
10521,0.6795478
62092,0.6759807
4466,0.6791652
55710,0.68006575
62393,0.68031645
29986,0.6773155
41376,0.68013114
49512,0.6802463
74880,0.67851025
100373,0.67905855
88792,0.68027586
102491,0.678007
42734,0.6800224
51057,0.68035
83560,0.6766655
48485,0.680277
52786,0.67883134
20893,0.68032426
30127,0.6760391
107087,0.6772844
76504,0.6797297
41143,0.6802823
6901,0.67947024
22673,0.6803662
60889,0.6771659
105169,0.5930203
95140,0.6801311
63297,0.6743401
106392,0.6803667
88395,0.67888635
102557,0.2055872
23934,0.6785669
82077,0.6785706
11249,0.677874
49965,0.68008745
73811,0.6803636
48603,0.675874
45876,0.6797338
48268,0.6793277
79541,0.67928714
58721,0.67931294
16201,0.678478
97864,0.68026537
89613,0.6795646
42372,0.6803154
38734,0.6792143
37127,0.6777906
54144,0.6803295
91637,0.68036693
47504,0.6787499
21559,0.67988145
10931,0.6792261
93217,0.6795114
21914,0.6801191
10161,0.68032056
103111,0.6801619
79662,0.6798229
105156,0.678234
85806,0.6792297
44614,0.67852825
41219,0.6802066
71606,0.6803278
95894,0.67966115
80629,0.67979676
23741,0.6802728
87653,0.68025756
51403,0.6803046
87417,0.59859145
100308,0.5855441
35312,0.68031114
25292,0.67997205
74924,0.6797311
32872,0.6790395
30911,0.17447948
101341,0.68029064
104179,0.6803682
63203,0.6803382
50326,0.6800899
105499,0.6802677
10766,0.67948985
1285,0.6784901
51132,0.67735094
6558,0.6803665
37407,0.6785794
37418,0.68032175
27612,0.68036354
54642,0.68035895
66683,0.68022513
11716,0.6803691
55668,0.6803579
105308,0.6777207
17721,0.68028647
15348,0.68027854
84198,0.68036765
87057,0.6803043
43591,0.6803301
82058,0.6803317
103957,0.6803466
71609,0.68018836
71336,0.6799516
3950,0.67838407
95071,0.68023473
7367,0.67515916
67381,0.6800149
94939,0.6803674
27144,0.6801803
65879,0.6803377
28707,0.6787827
103783,0.6797258
1633,0.67880356
3921,0.6790694
59606,0.680176
56268,3.6021754e-19
52884,0.6796685
534,0.6801746
32921,0.68036807
75744,0.6796883
53067,0.67897344
61464,0.6754366
34755,0.6801578
9339,0.6798627
78018,0.6803337
46704,0.68026656
47227,0.6800665
49061,0.6801752
34870,0.6803416
8242,0.6792303
93720,0.66492945
100551,0.6769148
9180,0.6791851
76741,0.6803085
4263,0.67973775
24905,0.68035066
5098,0.6799765
66297,0.6786223
40786,0.67879033
84270,0.67945254
47703,0.6794267
98906,0.68036723
51148,0.68036556
81097,0.6770885
7699,0.680334
25472,0.6778825
25664,0.6802515
64195,0.6802701
78344,0.67533946
97718,6.8877656e-05
37288,0.68034375
3645,0.68032086
48948,0.68037117
72958,0.6788672
16042,0.6802395
71646,0.68016666
85711,0.6802835
100769,0.67981786
65382,0.68026
73602,0.15951468
4202,0.68027335
22149,0.68031764
40010,0.6799158
27650,0.67983025
100452,0.40480945
80137,0.6793804
28510,0.68009216
7165,0.6803488
101807,0.67969495
39464,0.68001074
75805,0.680239
91920,0.6767924
39745,0.6781596
82288,0.68034726
102738,0.68035936
45685,0.68036675
41576,0.67929953
62792,0.6792193
55996,0.68019205
47448,0.6803439
75224,0.6797649
9998,0.6803462
66460,0.68015814
11277,0.67968714
106840,0.678934
13405,0.6801268
56969,0.6802088
9838,0.67953336
35955,0.6800568
25532,0.68026525
21441,0.6800352
9503,0.6803436
8880,0.6780064
16314,0.6771612
59726,0.679532
86100,0.68036735
82970,0.68012124
39111,0.67745894
87080,0.67704004
76817,0.67874235
43078,0.68022543
67620,0.6791468
24319,0.6794748
79643,0.6797545
73709,0.6802676
95459,0.6800977
96430,0.6789248
16801,0.6794547
46047,0.65175885
55978,0.680341
27843,0.680313
34122,0.6802798
43576,0.6803685
83429,0.6802745
1778,0.68034387
67745,0.68016547
21855,0.678775
61740,0.6786989
103793,0.6802473
15920,0.68025786
67490,0.6797972
15756,0.67938256
916,0.68035585
69333,0.6803436
157,0.6798106
56053,0.680341
96323,0.6803622
35005,0.67992437
12926,0.6799926
42523,0.67843705
78491,0.68036735
36954,0.67974246
20095,0.6803064
27457,0.6451851
37067,0.6797964
98125,0.6803683
98454,0.6767638
1655,1.9689139e-16
53739,0.6803263
37825,0.6802521
77336,0.48054606
84582,0.6803626
67061,0.68036634
3584,0.67753845
90723,0.68030894
65421,0.6803489
84127,0.6797816
75622,0.6606923
42404,0.6801217
79522,0.6803362
72976,0.67678404
14077,0.68016887
93324,0.67984384
62303,0.6779575
74728,0.68034583
73053,0.68023854
18672,0.67888635
107162,0.6802867
68611,0.68036866
97984,0.67862725
64440,0.67899346
106360,0.6787809
12252,0.68036205
68088,0.6803532
59223,0.68018603
7341,0.68017995
52311,0.6787543
92580,0.6802632
15850,0.6798781
47112,0.67998403
17840,0.68024427
63433,0.67925584
30976,0.6801792
59214,0.6803065
11767,0.6800878
2569,0.67841387
34246,0.6795602
68725,0.6802392
38118,0.6779535
28619,0.6793829
28721,0.6798915
56811,0.67989457
32609,0.68036103
98733,0.6794811
60450,0.6777467
42416,0.68031347
63694,0.67986566
70553,0.67942834
22850,0.6795934
48756,0.6782159
57246,0.6798998
104854,0.68035233
100932,0.67671096
1125,0.68023866
39762,0.67709607
52919,0.67855716
29817,0.68004847
101696,0.6800791
5808,0.6802313
67597,0.677094
104055,0.68036175
46600,0.6803704
97440,0.6802997
58768,0.6797605
35074,0.68031377
99450,0.67861474
68486,0.6803332
33665,0.6788244
52918,0.67917055
90284,0.6773234
101159,0.6803567
135,0.67515665
38045,0.6798546
56648,0.680273
36159,0.6802872
64225,0.68003523
92833,0.6793801
4591,0.6795529
33095,0.6800962
83857,0.6803492
103262,0.67989826
96494,0.6796421
28081,0.6803662
56014,0.68032765
68780,0.67938113
61532,0.6801209
72605,0.6802916
69316,0.6790749
93904,0.6801925
2934,0.67774415
1878,0.6798099
85705,0.67649794
91577,0.6803029
7250,0.6803146
48804,0.6803659
95013,0.67886555
50457,0.6803209
46414,0.6795336
3284,0.68029493
71376,0.6792741
44493,0.68025446
81588,0.6781017
8994,0.678446
17124,2.4021745e-05
55422,0.68034464
11562,0.68035036
12086,0.67903167
80526,0.6802035
40115,0.6802079
102586,0.6791034
53343,0.6802956
70382,0.6778604
22615,0.680323
42924,0.67991203
86601,0.67967564
40393,0.6791954
102281,0.6792629
44481,0.6802782
101276,0.6801635
23296,0.680371
17649,0.6802348
67509,0.6775703
32363,0.68018305
89440,0.65904623
91099,0.68022424
80637,0.67954654
85526,0.68019474
82456,0.6800119
84242,0.6800607
16361,0.6767453
102119,0.67917675
68479,0.6801763
67209,0.67730534
18542,0.68035924
92854,0.6798667
93243,0.68024975
91451,0.6800974
5295,0.6803588
60797,0.680317
38001,0.67824984
94119,0.6803519
57684,0.6803507
73427,0.6777696
65312,0.6803691
79589,0.6801288
56257,0.6798951
103145,0.6801981
56980,0.6800801
15829,0.6781514
6905,0.6802826
57594,0.68031263
63118,0.67942923
10383,0.6776651
50890,0.6803683
73451,0.6792804
75946,0.68019986
15132,0.6777801
10636,0.67995524
70920,0.67978126
29213,0.6801947
92386,0.67975676
76339,0.6802965
76246,0.67997116
99785,0.68034124
89465,0.67996186
55918,0.6766694
45899,0.6782895
39400,0.6803699
17310,0.6796087
31284,0.6802799
55262,0.6803625
40292,0.6798607
10063,0.6786288
96989,0.6798637
69908,0.6803349
27525,0.6803439
23382,0.67909217
22213,0.6803408
75722,0.6789054
100231,0.6801832
43606,0.6802712
697,0.67733544
18823,0.6803711
94353,0.68015546
14417,0.68014807
87023,0.6771852
20149,0.67384785
42557,0.680365
68970,0.67886883
63926,0.67929894
88152,0.680155
12998,0.67988235
57911,0.6800985
94631,0.60204154
14833,0.6801857
69160,0.6801901
26277,0.6803711
10398,0.67638654
106582,0.67982817
51161,0.6803114
11660,0.67759216
84105,0.6803009
44266,0.67974806
20714,0.68037057
40284,0.68026036
29765,0.6795855
21739,0.67974365
57896,0.68032706
98889,0.67861116
21034,0.6803697
93075,0.6803548
39388,0.6801898
34445,0.68003035
89148,0.661672
100822,0.6780597
87616,0.6770993
43267,0.6799081
77726,0.6582014
74819,0.6802701
34091,0.6801852
36160,0.6777266
16567,0.6784181
36427,0.6800239
89343,0.6803709
5236,0.67854327
19656,0.68035996
17120,0.6803568
78119,0.6802934
67326,0.6794169
56988,0.67934585
42774,0.6803504
4252,0.6787451
45036,0.6802734
93503,0.6796067
36503,0.6775405
6668,0.6765639
56927,0.6669077
91031,0.6778823
38040,0.68028516
8788,0.6791448
44341,0.6802818
30446,0.67945683
22399,0.6803131
19626,0.68020296
57714,0.67721355
106679,0.68012244
101317,0.6802174
11638,0.68023217
80259,0.68029165
43094,0.68036664
97482,0.6803607
97261,0.6787219
56527,0.680254
66716,0.67984957
75174,0.66295695
80517,0.67825127
96147,0.6788212
73544,0.6803378
101381,0.6801525
5786,0.6803492
11843,0.67954975
13605,0.6796419
15923,0.6783494
78457,0.68027955
89640,0.6797432
61076,0.6802002
65399,0.67761487
21070,0.6800191
13288,0.6801966
92767,0.68037105
88463,0.67900115
5771,0.6767255
52482,0.68035793
52211,0.6803711
35699,0.6802858
82819,0.6802761
58323,0.6766783
79455,0.67886865
101021,0.6801888
101900,0.6796835
100855,0.6798978
48913,0.6791211
8422,0.6801766
21591,0.68035805
68410,0.67877984
82562,0.68036973
20162,0.6798815
35733,0.67933863
83896,0.6798519
79445,0.66519314
87804,0.67998016
17189,0.68025607
23028,0.67861384
14654,0.677204
43912,0.6798182
105665,0.6596744
81324,0.6802036
37554,0.6802649
65714,0.6798403
80642,0.68033016
24924,0.09761751
104113,0.6802405
97902,0.68014055
32324,0.6803711
46628,0.68020815
22477,0.6803003
26253,0.6801233
59764,0.680325
74929,0.6803181
62838,0.6803565
41245,0.6790192
106914,0.6800938
38662,0.68036646
83189,0.6802616
77736,0.6803237
60421,0.6802937
12258,0.67949104
47169,0.6800013
56070,0.6803059
99194,0.68030804
104296,0.67971903
90967,0.67994386
50117,0.6802909
4203,0.68027776
44757,0.68033624
78023,0.67777145
100320,0.680304
40426,0.6803348
40344,0.6780467
20063,0.68034154
94130,0.6799847
34724,0.68037
100774,0.6803705
2965,0.68012977
71324,0.6791639
46590,0.6802839
17034,0.6803707
14757,0.6803407
72404,0.6762861
26576,0.6803251
17312,0.68037
95378,0.68011427
77843,0.67896587
88236,0.6798681
15364,0.68004984
104748,0.68033457
20900,0.6800624
93581,0.6800133
71,0.56503266
80931,0.6802448
40609,0.68035233
93206,0.6803273
94585,0.6798435
41345,0.67956185
93711,0.6786283
3892,0.6801826
29616,0.67868495
39536,0.6802856
9635,0.68036866
26716,0.6802936
96815,0.6789981
37465,1.1976257e-20
64776,0.6800041
55191,0.679839
49384,0.6803661
98150,0.68028456
5983,0.68009716
55979,0.6803653
54609,0.6801351
32907,4.7355896e-13
90159,0.6788399
81811,0.68037087
7903,0.6800055
82655,0.68003505
28323,0.67994326
100157,0.68021566
14820,0.68037
68270,0.680366
29311,0.6797396
24196,0.67991537
38767,0.68022394
5309,0.68025726
24604,0.6799065
15359,0.68013495
25016,0.67912227
34009,0.6766057
59027,0.63824356
31696,0.68018323
69253,0.6803384
74784,0.67886275
77584,0.67990166
16787,0.36471897
42800,0.6803175
86632,0.00020724307
3360,0.6800921
74757,0.66580886
105540,0.6796296
59718,0.67681026
1718,0.67898154
31278,0.67839336
21179,0.6800275
90986,0.67908496
47055,0.6803676
100970,0.6799568
88689,0.6800026
25021,0.68028283
42462,0.68022114
47329,0.68035185
5460,0.68035483
21478,0.68000025
21844,0.6779985
77282,0.680347
66671,0.391887
56501,0.67928827
60408,0.6770954
37442,0.67950714
65504,0.679522
94680,0.6803712
25638,0.6802131
26857,0.6801342
30161,0.6801011
19249,0.6796701
19272,0.6793129
101223,0.679742
25996,0.6783806
74216,0.68036866
7180,0.6800008
68770,0.67847246
6169,0.680365
78728,0.68013585
8912,0.6746554
44692,0.68036157
5796,0.6802167
96444,0.68037075
22025,0.67969584
67542,0.6802856
39829,0.5595003
63480,0.6803681
24746,0.68019724
8869,0.6772953
28270,0.6800608
17620,0.6798061
63764,0.6795968
63645,0.6799968
94642,0.6799551
76334,0.68037075
75870,0.6802732
34423,0.68037033
39206,0.6803084
52695,0.6802977
44667,0.680371
93087,0.6798837
82078,0.6792538
38856,0.68020725
44589,0.6792015
54968,0.680339
53493,0.57102716
94457,0.6800019
20758,0.6799602
76530,0.0
97913,0.68017626
107013,0.6802789
82356,0.6803384
21399,0.68033576
58494,0.6801082
37976,0.68004185
61479,0.68019074
2431,0.680371
62209,0.68014926
15426,0.6801687
94139,0.67890924
13017,0.6801673
82215,0.6789198
56462,0.68032044
33241,0.67906475
47577,0.67789507
82529,0.67862874
51906,0.6791163
90797,0.68012124
98464,0.6795586
38836,0.677934
82556,0.68033177
54209,0.6803712
71204,0.44410402
89986,0.21250376
9441,0.0
2382,0.6777029
97624,0.67988896
64522,0.0
62720,0.6803224
63260,0.6793917
46366,0.6783203
20018,0.6799202
95759,0.6789758
41475,0.67998636
22357,0.68013763
27428,0.67947626
27990,0.6802828
54772,0.67252856
24712,0.6797186
7205,0.6801497
12194,0.6801664
100588,0.6799065
66999,0.6789505
47513,0.6801438
103881,0.13618313
92995,0.6797479
63769,0.6742114
36527,0.67947364
93808,0.68033797
13250,0.6803651
74570,0.68031764
76458,0.6796425
79467,0.6803096
60931,0.68025064
28392,0.6802366
2066,0.6803661
82596,0.6800127
92902,0.68036646
79623,0.6791652
76197,0.6803613
62060,0.67999095
19675,0.67770654
85056,0.6802826
76790,0.67964596
89036,0.6791359
105060,0.6740144
87598,0.6798754
8811,0.6801301
65186,0.68025756
96504,0.679947
51370,0.6801541
20954,0.6802486
14384,0.6731116
75075,0.677491
105486,0.6776909
58219,0.68017554
90856,0.67709833
38246,0.668058
13794,0.6802947
45460,0.6781794
38350,0.6795514
51286,0.6803669
69129,0.68027395
62307,0.68023306
25937,0.68029076
96685,0.6798373
88296,0.67974037
23100,0.680164
63373,0.6747276
30548,0.6793388
57481,3.4375802e-07
75015,0.6796365
28009,0.6800794
65271,0.6799457
30923,0.67958426
38234,0.6802046
98658,0.6787319
36138,0.67942744
71234,0.6803157
36834,0.6797374
18327,0.68017685
73897,0.68001866
98523,0.6798263
44093,0.6803394
78230,0.68032813
29537,0.6796163
96994,0.67960113
61463,0.68007475
47503,0.67741126
84628,0.67990476
33697,0.6802934
7664,0.6802202
102577,0.6803576
57598,0.68036675
101337,0.678329
44242,0.680303
40509,0.68037105
106230,0.6802109
94979,0.6803027
39277,0.6788177
1103,0.6801578
52694,0.6803544
98301,0.67819077
45047,0.6799324
92421,0.67957014
63527,0.6798171
99354,0.677726
24653,0.68019694
3650,0.6790837
92368,0.6636893
31691,0.6796862
99264,0.67791903
70625,0.67947465
59442,0.6802217
36904,0.67934287
76594,0.67958206
51094,0.6799186
54796,0.6802967
16359,0.6803684
43475,0.67967266
14904,0.68037117
18225,0.67823255
21746,0.6803691
91365,0.68006504
49509,0.67951626
6862,0.67989874
32973,0.6797971
31736,0.68036443
70198,0.67987585
96185,0.6802371
68163,0.6803117
62480,0.6788737
9796,0.6236593
58856,0.68017817
98594,0.67708516
48215,0.6677498
41876,0.6726331
55372,0.6803308
53819,0.6801673
40964,0.68013346
39785,0.68013036
84252,0.68031436
24881,0.6798991
59551,0.67878073
94934,0.68035424
73316,0.6785631
38688,0.67893267
84428,0.6798927
24959,0.68033475
52262,0.6790517
7973,0.67980295
4535,0.67940265
57248,0.6802603
51268,0.6786023
35606,0.68035203
24109,0.67930037
38380,0.6803671
21466,0.6802904
46404,0.68026644
7629,0.68007755
104026,0.6797561
98556,0.6803183
13492,0.6792328
70499,0.68029016
19664,0.6786405
17732,0.6799214
57639,0.6801926
23925,0.6792486
67036,0.68035793
63907,0.679444
47528,0.67870367
56591,0.6803314
90598,0.6802837
23272,0.6803319
105984,0.6112565
39878,0.6781846
90430,0.67983365
25496,0.68034977
54257,0.67811894
73962,0.64883125
55229,0.6782626
92703,0.67918473
88087,0.6803531
66877,0.68033457
40634,0.67729336
44284,0.68035835
60860,0.6795262
51419,0.6720214
7202,0.68028647
31373,0.6779916
19159,0.680283
56830,0.6801589
4651,0.6800624
32591,0.6803246
66858,0.6763855
104887,0.67987907
21724,0.677768
2300,0.68017316
87101,0.67951024
63342,0.64713174
60131,0.6802677
41712,0.6802382
67422,0.6803666
41436,0.6801065
96764,0.6791446
22425,0.6803668
14074,0.67878497
40157,0.6801015
79972,0.68036866
73049,0.68009245
21087,0.67974156
15123,0.67571187
62453,0.6801123
11463,0.67984325
20470,0.6801885
14846,0.00085170957
84401,0.67972714
55485,0.68018264
58853,0.6803189
76432,0.6801189
11042,0.6799786
21945,0.67967534
66300,0.6692694
99439,0.6800218
103587,0.6784826
25155,0.68015414
55318,0.6799656
552,0.6802354
13676,0.67841995
8550,0.67986906
69830,0.6802485
17051,0.67958957
67049,0.68034166
17302,0.6783855
60304,0.6791719
37252,0.6803555
68955,0.6803513
22759,0.68037033
101744,0.67977905
88006,0.68017626
84681,0.6779143
40573,0.67617214
38144,0.67908055
99086,0.6801091
62729,0.6760269
43599,0.6803676
43628,0.67994016
4299,0.6786258
57146,0.6803139
104464,0.6803653
17001,0.6790341
50131,0.6789268
20091,0.67863464
40732,0.6798658
52880,0.68019223
60414,0.6786417
104612,0.6803548
46476,0.68037003
100335,0.679705
66799,0.6801365
56503,0.67965865
31616,0.67985165
10889,0.67629766
88749,0.68035716
8157,0.6801378
51234,0.67968196
452,0.68032235
102601,0.6800443
58299,0.67023313
71493,0.6803505
28453,0.6803505
86185,0.67885464
77641,0.6801
83232,0.679719
6003,0.6803306
30076,0.6802162
100000,0.680208
65002,0.6802511
105207,0.6803201
36824,0.68030685
1634,0.67875546
105978,0.68037015
60831,0.6790207
31530,0.67714554
8745,0.68035126
52151,0.6799579
23481,0.6790209
100706,0.6798645
31785,0.67918175
73638,0.6778179
30514,0.67831033
95942,0.6803059
101397,0.68034136
29352,0.6802601
78898,0.68020076
72271,0.67800486
21124,0.67958903
73922,0.6797965
17687,0.6803661
20103,0.67976713
42805,0.67960477
70994,0.67875934
35768,0.67797345
94034,0.67968065
22971,0.68010277
72373,0.68030053
105008,0.6801594
64388,0.6798901
27709,0.68035877
63655,0.68019235
62981,0.6782729
57133,0.6792047
80257,0.67470485
52226,0.6799674
30023,0.67948586
60731,0.68004566
105408,0.67802435
37988,0.6778024
12743,0.59995556
104293,0.6802566
86318,8.3958104e-27
13853,0.68024015
71228,0.6798066
61309,0.68034315
2561,0.6798476
88497,0.6801834
47812,0.679032
49097,0.64890665
56769,0.67859995
1636,0.68036026
43807,0.6802509
71529,0.6803708
17792,0.6769151
29051,0.67709684
16886,0.68024385
93546,0.6803204
100085,0.6803055
57120,0.6800514
9226,0.67944545
40121,0.6803488
39123,0.68033594
5065,0.6801639
39749,0.68008745
44240,0.67554206
15753,0.6755239
102695,0.6778122
96922,0.67929643
84376,0.67939955
6971,0.6788058
69532,0.6776604
21552,0.6795529
96626,0.6803255
68507,0.67976505
91522,0.68033034
58877,0.6800393
12209,0.6800164
14153,0.6766781
87985,0.66710705
12308,0.67975867
80234,0.6788997
89301,0.6795363
31424,0.6800974
75706,0.67863435
17126,0.6727997
48742,0.673816
91497,0.68003803
68297,0.67364365
95310,0.52065426
26060,0.0
70451,0.6794675
798,0.67722046
93850,0.68036366
25018,0.680351
22400,0.67760974
22174,0.68021345
13391,0.6778113
54791,0.67283446
2642,0.67892426
67213,0.68008137
27889,0.67668056
87372,0.6803546
100776,0.6726546
39723,0.6802763
103809,0.6796089
51725,0.6803708
67129,0.6803486
87060,0.67989546
96530,0.68037105
40302,0.6762101
24038,0.6776232
34258,0.6802266
106629,0.6785738
15543,0.6803192
87383,0.6802098
1015,0.67716247
97485,0.6797144
67644,0.68033034
66203,0.6789211
84154,0.68017095
24414,0.0
56141,0.68028647
75383,0.6771842
53768,0.6803533
28929,0.6802734
23852,0.6803439
1297,0.6794795
73347,0.6801951
52950,0.68036467
10811,0.6803479
58896,0.6776333
68070,0.6752959
64562,0.6792084
102229,0.6795157
100812,0.6783181
49250,0.6542275
13035,0.6793429
45861,0.6784469
43825,0.6795111
79567,0.68008906
21486,0.6784247
3324,0.6803648
107164,0.6791135
26780,0.6803711
77676,0.6803525
56804,0.67989415
77658,0.6803139
73143,0.6801077
96275,0.68036765
41414,0.6803286
48807,0.6772768
69427,0.67622423
139,0.68037117
37206,0.67974764
30436,0.676881
17017,0.680371
23718,0.67793614
55378,0.67989075
4892,0.0
16589,0.6802475
18204,0.67948675
8205,0.6801613
56744,0.67974424
8053,0.68027014
85850,0.68032044
17765,0.6773934
65323,0.6784385
38352,0.6793565
22841,0.6792677
79699,0.6794553
14831,0.68029445
28240,0.6803712
12536,0.67989355
44152,0.67969024
66864,0.67884976
49004,0.6798567
105381,0.67498386
85548,0.6782472
36613,0.6784524
86481,0.6803707
10075,0.68032044
54197,0.67993146
70970,0.67848486
55435,3.0919182e-05
83324,0.68017685
66816,0.67989767
48267,0.680174
36636,0.6797812
72138,0.68001616
57278,0.6791338
71659,0.6792469
102210,0.68035555
39170,0.6799651
10423,0.680314
1630,0.67903626
52409,0.68013865
74633,0.68005073
23859,0.68034357
94716,0.6803392
70644,0.68029827
74105,0.68011963
106755,0.6802441
42476,0.68032
27598,0.68034
38586,0.6803118
45556,0.67939484
62264,0.6798656
10318,0.679651
78770,0.67879266
80509,0.6803711
58271,0.680313
74134,0.6802468
99903,0.6803493
82988,0.6803675
95205,0.68017733
95741,0.68035495
80661,0.6803298
94682,0.68018216
56607,0.680276
92900,0.67780346
96137,0.67946315
94344,0.68035275
27722,0.67795473
80310,0.67809963
922,0.6785482
25571,0.6799848
58516,0.6785153
106511,0.67884547
52788,0.6801709
105406,0.6769923
88057,0.6788884
29097,0.6803658
34909,0.6803682
75042,0.68034226
11886,0.68036777
89965,0.6801848
48375,0.6784943
96484,0.6803214
70676,0.6802508
83287,0.6773314
102033,0.67985487
1765,0.67355573
96066,0.6787798
89316,0.6792998
626,0.67935926
60314,0.680358
85348,0.6802702
29251,0.6803419
48886,0.5475004
57687,0.680157
31118,0.68036455
28689,0.67924196
92961,0.6801821
16310,0.67904145
44436,0.6803623
70378,0.6803083
39568,0.6802262
27441,0.6790599
28939,0.68021584
43110,0.6803145
9082,0.68028855
104837,0.6801876
75890,0.6795075
3688,0.6803184
53825,0.68027306
62324,0.67932206
103507,0.6772329
106541,0.6789822
97431,0.6803581
93525,0.68037117
55075,0.68016225
98795,0.6794622
71928,0.67970884
58959,0.6803639
68242,0.6800228
94908,0.68037117
3244,0.6802272
103068,0.6803708
2925,0.6803599
34196,0.67983294
91161,0.67922235
94596,0.67808026
78960,0.6781796
55380,0.6802819
33881,0.680354
71565,0.67883724
11832,0.6785009
85390,0.68015254
50684,0.6802714
99934,0.67883307
77377,0.6802305
76935,0.6803599
104175,0.68035203
12528,0.67968
75265,0.6793276
95712,0.6796141
65433,0.66703606
10431,0.67864907
51297,0.6795984
90393,0.6803512
487,0.6802211
104511,0.6800653
89320,0.6782487
46443,0.6783859
93423,0.67996645
38846,0.67992705
44979,0.6803689
73142,0.6794027
69730,0.6803489
6899,0.68017447
78210,0.67800784
69950,0.6798363
45936,0.679875
105329,0.6785519
106726,0.68031466
69820,0.6803009
87051,0.680161
7554,0.6802925
88367,0.67880905
36258,0.6779913
24848,0.6801329
25340,0.6802494
76019,0.6802709
49687,0.6779424
103964,0.68014205
24116,0.67770576
89840,0.6800865
55265,0.68032503
21513,0.6673577
14011,0.67948735
74797,0.680277
106509,0.67836577
31239,0.67920655
77948,0.67743903
31083,0.68030894
71017,0.6803271
58123,0.6802567
86986,0.68028903
90834,0.679727
28049,0.6760734
23547,0.6764243
101750,0.0
79995,0.6800247
69207,0.6803134
30465,0.6801808
60786,0.67797536
84190,0.6794431
14807,0.68018794
90045,0.68027043
38429,0.68035483
14622,0.6803691
44434,0.680371
64333,0.67991394
95306,0.67873985
26137,0.6793896
76680,0.6785349
27861,0.68022454
76113,0.6794913
99383,0.68035007
67210,0.67989457
106836,0.67998666
83887,0.6803253
92123,0.68036747
12806,0.67877996
49958,0.68014413
41165,0.6788382
102918,0.6803689
59475,0.67984414
55272,0.67773336
45885,0.6801629
8720,0.68034965
22847,0.6800314
18951,0.6803585
76600,0.68032736
70407,0.68034285
80197,0.68027425
89087,0.6799999
38945,0.6797407
48070,0.68036956
80022,0.67987204
101121,0.6803712
50475,0.68035406
20313,0.6793479
103960,0.6766493
98087,0.68032736
85487,0.6782501
50001,0.6803325
91222,0.679511
63071,0.68036425
42397,0.68035793
45032,0.6796494
37891,0.68036914
3642,0.67994756
32947,0.68020433
37430,0.67920625
76430,0.6783432
39591,0.68035674
66009,0.67854327
45415,0.68019825
70006,0.68026125
57592,0.6803712
1712,0.67901695
4496,0.535671
72693,0.6796307
62701,0.6800482
94551,0.6803341
54202,0.6776776
1309,0.67879736
84751,0.6800549
71737,0.680336
31353,0.68020695
27296,0.6803631
32193,0.6801984
72367,0.67395025
13260,0.680285
75259,0.6801239
1628,0.62439984
35217,0.6775246
5328,0.680139
10568,0.6777798
79074,0.6803712
17025,0.68035805
99638,0.68004864
67734,0.0
22777,0.67948055
85719,0.6803046
7506,0.6794275
86728,0.6802927
73467,0.674612
67086,0.6800654
3107,0.68025845
46597,0.6797983
10922,0.6795318
67556,0.68036443
7441,0.6786305
31089,0.6802024
61601,0.6774902
14847,0.6803704
35697,0.6803652
64197,0.6802506
46963,0.67830384
41147,0.67836803
13811,0.6796908
68928,0.6802441
35308,0.0
94983,0.67801243
74508,0.67958266
44931,0.68036914
30960,0.6795728
91080,0.68015766
49216,0.6803309
34340,0.67854756
75536,0.6801357
76424,0.6803708
105797,0.6795772
76336,0.6803438
34164,0.6803557
91149,0.6803703
7162,0.68035036
18604,0.6803619
83905,0.6801541
44615,0.68037087
92168,0.6803363
5462,0.68004817
85219,0.6803689
26937,0.677582
10670,0.679477
57,0.6803691
93177,0.6800247
34485,0.6798117
68925,0.6801093
100142,0.6798546
73993,0.67964995
15790,0.6782819
106598,0.6802107
90142,0.67909974
96949,0.679543
40049,0.6803688
98288,0.6798802
43452,0.6803322
22569,0.6802107
5611,0.6782919
37750,0.6783203
26421,0.6795358
92422,0.6794056
89352,0.6802764
45761,0.68036646
52232,0.67974675
90421,0.68034005
78709,0.68006986
56320,0.6788625
37763,0.6797514
46567,0.6767086
68911,0.6803604
27099,0.6802696
73795,0.6791341
59380,0.6799164
48205,0.6782685
43413,0.6802039
9655,0.68035406
32377,0.680256
30523,0.67602926
64260,0.6802863
12302,0.680219
69453,0.67739636
62392,0.68032974
78449,0.6796145
52714,0.68036985
87352,0.67930394
61091,0.68031836
63242,0.6802939
66399,0.6803473
54903,0.6802974
67957,0.68033004
88573,0.6796076
42545,0.680144
17008,0.6801359
87917,0.68005747
23181,0.6795415
95015,0.6803391
4188,0.6795581
72957,0.68035644
98126,0.67686766
73695,0.67962086
86412,0.6800939
87550,0.67673796
98272,0.6769929
105660,0.6799822
89434,0.6791226
44125,0.6796192
90837,0.68007815
46442,0.6801724
75672,0.68034315
31938,0.68032354
49532,0.68037033
65836,0.68037033
85029,0.67994213
71793,0.6794746
28148,0.68035996
18266,0.68029475
68352,0.68012536
27061,0.6795835
22985,0.68017316
91305,0.68009984
8795,0.6802947
50663,0.6799748
37397,0.6803627
20058,0.6799657
9312,0.68033993
80532,0.68035764
14830,0.6803622
103737,0.68037117
48438,0.6802696
34089,0.67805094
32605,0.6803485
62126,0.6798074
99398,0.6803199
25307,0.6792868
708,0.67866737
65514,0.6789335
61917,0.6782048
70611,0.67992264
20762,0.6803679
64985,0.6802775
93723,0.67996454
61541,0.68032604
29197,0.6801013
79929,0.6803402
22641,0.6796896
92709,0.6760287
38048,0.6803102
7305,0.68036836
21740,0.68024796
85485,0.68023694
3615,0.6803269
11020,0.6802374
25188,0.6797089
43652,0.67968875
36192,0.67851514
75957,0.67952466
88832,0.6787748
60444,0.6803558
89932,0.6792608
94105,0.67931837
4755,0.6802102
41737,0.6800843
79543,0.6803405
5273,0.680333
68791,0.6802044
60228,0.679278
61289,0.67989206
18009,0.6793995
1837,0.67978317
79532,0.6795763
55273,0.6801569
21431,0.6801671
64794,0.6803625
81887,0.67838895
17964,0.63131446
10972,0.67924863
9294,0.67997867
1983,0.67954195
31490,0.6803689
3548,0.6802454
38711,0.67907387
55591,0.6799146
32376,0.6799284
23684,0.6803199
57874,0.67901564
48713,3.2902568e-07
5106,0.68037105
56224,0.6791401
43354,0.6780132
25836,0.68029934
55845,0.6798723
2588,0.6802368
1845,0.6679245
11254,0.680274
49014,0.6740528
59168,0.6792202
32158,0.6801736
106482,0.6802313
103536,0.6794544
18105,0.68006253
89530,0.6798587
20602,0.6788651
28623,0.6775493
44630,0.68021435
8252,0.67858535
32280,0.6561737
54952,0.6800934
11378,0.6788434
57914,0.68028104
31376,0.68036765
26646,0.6794495
55328,0.6803206
5958,0.67885226
63839,0.680344
69304,0.67936826
3100,0.6800157
37173,0.65529305
100453,0.6713459
12253,0.680274
74226,1.6919972e-22
28495,0.6787328
12372,0.67945117
73968,0.6795074
56212,0.67884785
12655,0.6792866
69853,0.6800835
67111,0.6791071
8325,0.67965144
91304,0.68029183
93245,0.6802678
17300,0.6803692
17331,0.6800588
6291,0.68006814
14892,0.680331
103278,0.6789491
97196,0.6803427
26858,0.6799456
34982,0.6776264
74003,0.6803692
29347,0.6803529
21220,0.68016726
82090,0.6769549
41613,0.67881507
64303,0.6803698
22182,0.6803157
13504,0.6803258
106774,0.6786364
97978,0.6801654
39162,0.6800107
90912,0.6800246
103240,0.6802249
103157,0.6801552
48423,0.67826056
53055,0.68019396
87595,0.68020684
80780,0.6803466
78794,0.67977554
67805,0.67892504
60188,0.6791026
67146,0.68027997
52978,0.6784536
61623,0.6801375
76558,0.6803329
48118,0.6802199
48547,0.67957
21302,0.680067
29500,0.680123
21585,0.6788975
103436,0.6803505
78681,0.68020004
84602,0.6803702
81342,0.6803592
67363,0.67947954
63318,0.6798055
18802,0.6803699
26594,0.6779069
106701,0.68036085
63187,0.68037
25393,0.6781024
70867,0.68032175
96689,0.6803124
94172,0.6799216
4913,0.6781522
29337,0.67951137
18759,0.68019766
86816,0.6776171
84442,0.6525754
28896,0.68007755
25659,0.67940795
2345,0.6760216
22781,0.68036956
93530,0.68036914
58435,0.6774
16096,0.678179
76360,0.6476539
92650,0.6801367
94136,0.67761797
12855,0.6797375
48613,0.66137636
98930,0.68036985
17850,0.6799725
68426,0.6791267
8807,0.6801436
77682,0.67925406
70262,0.6753097
101688,0.6803512
34538,0.6786826
13445,0.67876583
69689,0.68026215
87006,0.6802294
51615,0.6803438
69533,0.6782319
15420,0.6800375
25501,0.14393233
75037,0.6790827
82250,0.68036723
34582,0.67783076
34900,0.68013567
106606,0.68015265
68574,0.6803682
78879,0.68007743
72523,0.6803659
74109,0.67823917
102780,0.6774222
41350,0.679707
6776,0.6767696
4752,0.6538908
79710,0.68018156
94872,0.6772791
87768,0.68003154
84545,0.67991716
47364,0.6801766
29565,0.6787056
38176,0.67966866
1523,0.6795543
71965,0.6801561
46011,0.6803562
101166,0.68027896
96157,0.6775445
4599,0.68036294
57139,0.6803304
46502,4.6550097e-09
32147,0.6799451
8727,0.6775227
64,0.67895085
87977,0.6770528
81911,0.67781955
62494,0.6803711
98355,0.6791862
13701,0.68037087
60982,0.67987776
92575,0.67993397
48249,0.67928594
34171,0.6803347
89055,0.68037075
20920,0.67812014
44323,0.6780481
93856,0.6791064
29936,0.6757813
84606,0.680371
14714,0.6798729
98673,0.68032736
103736,0.679989
82642,0.6798847
12030,0.6789228
51674,0.6800511
12718,0.68032604
106852,0.67982775
16294,0.6770259
66475,0.68025553
41485,0.6800279
30323,0.6803124
83992,0.68026984
54682,0.6803689
92127,0.68036
35902,0.6800052
28139,0.19577888
90412,0.6795743
74418,0.679138
78510,0.6802729
100330,0.67942446
29036,0.68002594
44485,0.678965
16848,0.6789798
10544,0.6766125
94780,0.6790499
21582,0.6753272
87225,0.68027496
93669,0.67997897
87901,0.68031055
49697,0.6792324
5036,0.6801033
67043,0.6798704
85540,0.68034506
43921,0.6796987
12644,0.68034774
2676,0.67692524
58412,0.6801684
12909,0.68037
95061,0.68027544
61837,0.6779844
93884,0.6795124
8939,0.68035674
84360,0.6794503
75469,0.67956
16441,0.6803559
26500,0.6803653
26617,0.67727846
70080,0.68014306
4320,0.6800663
87274,0.68024707
77249,0.68008244
49626,0.67931974
6237,0.6800082
35626,0.44393265
102000,0.6803449
83002,0.6792931
104492,0.680211
18532,0.6796255
87016,0.6770495
90720,0.6803704
93144,0.68029094
47367,0.68030334
98201,0.6803031
97722,0.68034804
41849,0.6799902
26633,0.6794007
77169,0.68026066
57349,0.67926556
91177,0.6801478
22794,0.68024737
14637,0.67489105
104038,0.6707933
49505,0.67855847
39769,0.680357
75395,0.680021
84177,0.6755591
90804,0.68034613
17129,0.6801502
24386,0.67834765
73235,0.68029463
40321,0.68035895
93445,0.6802028
101488,0.6791184
62,0.6803697
150,0.680262
26870,0.68036973
85644,0.680238
16864,0.6784082
9800,0.6803435
60156,0.6793834
100967,0.6803031
91352,0.6803659
84613,0.6803622
46913,0.68022674
58417,0.6798745
45651,0.6800658
42020,0.6796185
34497,0.68016446
92156,0.6777961
96062,0.68036866
15862,0.67897856
19527,0.6799572
51620,0.68036866
83964,0.6801728
11283,0.679054
56397,0.6803175
70095,0.6794263
5355,0.6798658
3853,0.680013
82993,0.6780754
82541,0.6786512
8571,0.6803182
59954,0.68033963
32906,0.6800188
80732,0.6803687
25197,0.68019986
19175,0.68018436
65975,0.6797219
35001,0.67917264
7468,0.679498
81927,0.67894477
100585,0.67890006
41885,0.67983854
19845,0.68017846
14709,0.678417
86121,0.6803405
50416,0.6802994
39496,0.68025655
92117,0.67882127
41500,0.6788977
90525,0.6799289
55859,0.6798877
59665,0.6802496
62490,0.67812055
15347,0.6802524
104307,0.67738736
74223,0.68007714
11063,0.68015283
83506,0.6796252
6916,0.6795363
79549,0.6800543
80961,0.6738379
55185,0.67995
86688,0.6800099
38336,0.0
75289,0.6618629
31850,0.68036956
67058,0.6801055
3142,0.68023455
20576,0.6803544
58998,0.6781079
74310,0.67952394
20310,0.6786192
79457,0.6801881
54490,0.68026894
5551,0.677885
26589,0.6793213
30949,0.6798106
80634,0.67987794
24053,0.6802749
105705,0.6798864
71481,0.6803363
76219,0.67840314
13259,0.35565186
10688,0.67648005
53517,0.680181
43806,0.10420441
21306,0.6803706
58650,0.6803484
42221,0.6695052
28489,0.6803627
105906,0.67981714
44764,0.68012315
51940,0.6799466
53776,0.6799644
74872,0.6803678
86885,0.68036425
14008,0.68008125
80154,0.6803617
30459,0.68028426
36850,0.68015116
19357,0.679453
103820,0.6801099
77806,0.6799397
43592,0.6803254
91314,0.68034726
102915,0.67679346
83656,0.67995167
34066,0.68025494
65063,0.6803558
105304,0.6800025
94799,0.6786467
81931,0.6800143
102755,0.67989075
91521,0.68003064
105307,0.67937356
4994,0.68035126
55303,0.67699933
13462,0.68026966
48714,0.6801412
18107,0.6803675
47219,0.6803233
69705,0.679797
49115,0.67969763
24789,0.68024147
54685,0.16105464
13191,0.68011075
70514,0.67735434
97653,0.6803393
49100,0.67937845
66241,0.6782662
75096,0.6788946
51437,0.67990553
3485,0.68036723
73283,0.67723703
78073,0.6796494
60245,0.67977065
91386,0.68025124
84247,0.6803336
46800,0.6798702
89578,0.6800796
102579,0.67774135
60142,0.67916244
12605,0.6790916
94193,0.6803541
3262,0.67939526
89167,0.6799604
89102,0.67857355
98102,0.6792646
92864,0.6803712
4026,0.6799275
78523,0.6802835
66934,0.68006116
30775,0.6803712
77984,0.67945623
61830,0.6793505
86793,0.67996836
3088,0.6803691
92361,0.6801691
70055,0.6790803
7589,0.68028426
7321,0.680044
53376,0.6778439
61157,0.68032676
19255,0.6781853
52728,0.6795702
92812,0.6803446
7334,0.68028986
77022,0.67367435
1514,0.6793678
3021,0.6802065
72,0.6802471
51949,0.68036455
39748,0.6802573
24668,0.6803584
69159,0.6799784
299,0.6795185
88560,0.6657518
53647,0.67846304
37116,0.68014216
88047,0.6800427
104297,0.67782164
18150,0.6789744
41495,0.6803553
87072,0.67555296
84509,0.68036
66345,0.6803556
85910,0.6798
93319,1.6843111e-07
99571,0.6802773
69020,0.6782647
45649,0.680283
19278,0.6802739
39419,0.67682683
90724,0.6777126
29701,0.68021035
95971,0.6803373
88105,0.6782413
34031,0.67755103
6197,0.68018705
80768,0.6800713
101621,0.6755959
50213,0.68027586
29831,0.6801074
97230,0.6803705
6515,0.6799074
44625,0.6794186
80198,0.6796905
31448,0.68036443
92797,0.68033504
81488,0.6800935
82624,0.6803592
101000,0.6802325
68204,0.67274576
106980,0.6803064
46656,0.68014324
29895,0.68032163
48271,0.67939526
59674,0.6803001
17209,0.6794272
70143,0.67900205
22053,0.67790204
29008,0.68033206
2770,0.67866886
101525,0.68033695
87696,0.6798321
39562,0.6798976
49435,0.6791591
40823,0.68023026
63705,0.6793947
56819,0.67958224
97881,0.6782173
6760,0.67873114
28540,0.6787934
78209,0.6800023
91063,0.6795519
102830,0.6802476
18571,0.6793019
40967,0.6803466
64391,0.6800503
71605,0.68032634
8656,0.6801765
23453,0.6795169
8292,0.67951924
68623,0.6802651
70141,0.6803712
93759,0.67789274
47030,0.6799079
56920,0.6803572
58010,0.6803117
71866,0.67804295
7377,0.67915314
6387,0.67959785
73694,0.6791841
34839,0.67980117
8274,0.6796336
10859,0.67989194
98069,0.68003374
50225,0.67894
33496,0.68017316
97355,0.67982167
77204,0.6800205
51034,0.6803442
98613,0.67866886
102538,0.67784345
26262,0.6795709
27246,0.68035334
61517,0.67927396
48877,0.6803615
97466,0.6788556
20765,0.6798432
50907,0.68036866
20357,0.6803518
89118,0.68032044
88826,0.6799196
79998,0.6803472
23686,0.67874986
44738,0.67919344
47441,0.6800366
26675,0.68035364
89018,0.67764014
54426,0.6801482
26917,0.67950916
39330,0.65026116
72454,0.67996824
512,0.6772454
27000,0.6601394
16916,0.6803606
82601,0.68033797
50585,0.6802863
90157,0.6802597
99011,0.67814314
11090,0.6803382
56882,0.6799261
46807,0.68035346
26274,0.68037087
21057,0.68017507
107016,0.67943877
29285,0.68014985
26994,0.6803019
54882,0.6803711
97151,0.68028814
101908,0.6803459
58321,0.68026876
72935,0.67976713
35038,0.68026215
31558,0.6588292
30229,0.6803711
66387,0.67691785
106184,0.6803675
32157,0.6802614
37322,0.68029684
97778,0.67915314
100556,0.6802047
21107,0.68036973
14565,0.679991
106771,0.6800192
31702,0.6801539
28968,0.68032354
15262,0.6781581
106853,0.6802339
84107,0.68024707
36081,0.6800771
99310,0.67767084
85288,0.68006057
31700,0.6790492
69457,0.6749883
65445,0.68014085
51328,0.68012905
23469,0.68023616
41656,0.67974204
68236,0.67798895
4543,0.6799421
105551,8.503547e-31
106499,0.6787629
33682,0.68019694
82662,0.6799075
96711,0.6777682
8946,0.6797002
52833,0.6768494
100177,0.6788417
75365,0.6802489
56614,0.67931587
93146,0.6803036
15623,0.6778899
61031,0.67789835
40030,0.67885447
63009,0.67848027
50512,0.6776293
33745,0.6803448
77126,0.68014765
58831,0.67935747
85528,0.67895204
86769,0.68028563
12353,0.6803651
5033,0.6743795
43805,0.6775919
8236,0.67978764
1005,0.6802272
44333,0.6803259
38577,0.6802507
62334,0.6796385
27401,0.68017775
78839,0.680133
3940,0.67834806
23793,0.67953587
100263,0.67936647
102002,0.4600605
51731,0.67897576
65989,0.6802817
59878,0.6786892
28048,0.6800748
77972,0.6799838
105413,0.6802302
10633,0.680371
84009,0.6799009
69394,0.6800765
68091,0.67875445
12153,0.6802429
83996,0.6803457
94985,0.6801985
84160,0.6793891
102031,0.680275
88072,0.68003476
54589,0.6801767
6543,0.6803158
1951,0.68036515
80496,0.68036443
28686,0.680215
46858,0.67979443
24178,0.6803018
15417,0.68001634
61325,0.67716724
96179,0.680225
19755,0.6023465
80528,0.67936575
35917,0.68028796
85424,0.67999727
21490,0.5173011
55313,0.67840743
13235,0.67934823
17378,0.6803709
3754,0.6798621
7603,0.6803317
38664,0.6803711
75116,0.68030053
65638,0.6797908
53353,0.68004036
100516,0.67786294
18288,0.6803036
85445,0.6803428
67231,0.6714007
72174,0.67970026
34922,0.6803439
71299,0.6800619
105802,0.67947686
87938,0.6802741
35328,0.67800844
15184,0.6781477
62637,0.680175
14237,0.67974573
95613,0.6803709
9311,0.67944026
6338,0.68017864
66264,0.6803345
72899,0.68029666
100726,0.6797449
86966,0.03353049
75358,0.68023723
65405,0.6803574
16911,0.6796343
8692,0.6803406
100578,0.6795775
84090,0.68035275
45411,0.68030596
90547,0.68016225
62081,0.6799599
89570,0.680184
105449,0.6803451
66998,0.67961526
69996,0.6771869
56064,0.68031514
103577,0.68028295
35449,0.6755383
35385,0.6785838
39853,0.67869675
101610,0.6802687
40619,0.6790379
17788,0.67964005
81583,0.6786884
35278,0.6799428
15496,0.67984796
46000,0.6797111
1795,0.68034124
43415,0.68027914
291,0.680365
38181,0.68010604
55029,0.6790637
34803,0.6803712
55045,0.68031216
46367,0.6798535
62574,0.6785417
94354,0.6789159
96625,0.6796829
21468,0.6794192
76612,0.6798101
19753,0.6790446
34261,0.68036646
56113,0.6803496
15452,0.68019617
27416,0.6801815
48539,0.6791016
85145,0.6793274
18354,0.6803648
18244,0.6797258
55640,0.6607867
47570,0.6802686
74054,0.6803241
5058,0.67891705
17045,0.6803435
105717,0.6795746
29187,0.67820555
37420,0.68021643
38161,0.6793359
106344,0.6801536
70853,0.680369
46322,0.6799534
6538,0.68009925
72697,0.6803194
97920,0.68026084
56360,0.6803234
40525,0.67995965
46536,0.6795071
74034,0.68031466
43594,0.68006486
100866,0.6800362
38073,0.67778134
59899,0.6799016
3724,0.6801365
79957,0.6802367
13422,0.680111
26786,0.67942274
39319,0.0
18657,0.6792319
15823,0.6799718
102599,0.6802801
66427,0.67918134
52079,0.67922014
37002,0.67935795
49086,0.67951196
28115,0.6050738
98844,0.6803707
27917,0.67940265
64994,0.6803442
72140,0.677811
35277,0.6770756
53684,0.6801798
93054,0.6789997
44188,0.679021
49190,0.6799752
15979,0.68032163
50195,0.67933846
5878,0.6800511
43508,0.680286
62207,0.6792716
76999,0.6803578
30839,0.6784497
40160,0.68025374
86895,0.6766785
104572,0.6775934
20661,0.67929286
94376,0.67949826
549,0.6803115
33591,0.6801056
32334,0.6803709
80680,0.6803348
66911,0.6790617
101640,0.6791681
55786,0.68028307
50889,0.6800201
47434,0.6790616
80157,0.6783207
73354,0.6803706
30185,0.6778402
21137,0.6794783
36235,0.6802805
65221,0.6803216
100973,0.6786601
41736,0.6802869
60659,0.680288
55254,0.6800444
97165,0.6794411
45498,0.68020844
36819,0.6800048
2263,0.67389476
19482,0.6792922
481,0.6774046
83893,0.6800117
81124,0.6788058
99520,0.6776359
57905,0.6792922
11179,0.67927223
88133,0.67852765
84405,0.680224
55684,0.67814475
90310,0.68034846
39133,0.67966217
10350,0.6797328
27036,0.6803712
29858,0.6794099
68022,0.6802249
89283,0.6800853
70631,2.1620588e-15
28055,0.6803644
62587,0.68024206
102721,0.6800066
105913,0.6802634
94589,0.68005586
56437,0.67928773
40514,0.68025684
102125,0.6803062
40771,0.67702186
44858,0.6796717
98624,0.68030167
92222,0.68025976
11344,0.68036246
14991,0.68032277
101078,0.67919236
96328,0.6800658
19565,0.6795336
84603,0.6802263
70089,0.6800967
87015,0.68019456
75449,0.67966634
51372,0.68036795
32632,0.67989075
22313,0.6783697
39923,0.6695739
12179,0.67786914
59346,0.6788453
26935,0.6802604
55296,0.68035924
106127,0.6802422
43033,0.6802683
7375,0.6802996
738,0.6799359
83984,0.68035406
71556,0.39068222
24649,0.68037075
46866,0.680289
1177,0.6781939
55964,0.6784897
70811,0.6798405
3101,0.6802541
56164,0.68028194
99319,0.68034166
63891,0.67805636
42324,0.68025506
19250,0.68012756
3836,0.67774266
66176,0.68033224
21763,0.6803702
97198,0.67953855
65280,0.65070635
22078,0.6802925
34758,0.6788894
28904,0.68032753
98450,0.67839545
22911,0.67861366
66745,0.6803687
22343,0.68031824
16396,0.67902535
35882,0.6800522
75364,0.6453445
6319,0.6803302
7977,0.68036574
56091,0.67685187
21635,0.680358
57416,0.6792281
31734,0.6793402
24139,0.6800052
30143,0.6801793
27508,0.67999786
7109,0.6803364
28644,0.6793697
41673,0.6803712
49619,0.6802651
18491,0.68031216
95292,0.67802536
9760,0.6802828
10222,0.67986965
80480,0.679824
53545,0.67916477
20625,0.68017554
77596,0.6803014
22175,0.68024534
33721,0.6802908
105986,0.6800629
16798,0.6803611
89143,0.6800889
63701,0.6803105
44219,0.68027204
54963,0.6801874
39620,0.67891586
56293,0.67921805
54135,0.6802683
95599,0.67882234
17022,0.6801261
49880,0.679211
28119,0.67982745
71651,0.6764637
47348,0.68000066
81945,0.6802941
50920,0.6800787
90637,0.68021584
55655,0.6801625
62941,0.679763
64372,0.6791388
7304,0.6780462
32520,0.67968106
71344,0.6800781
58410,0.6802843
13184,0.67748237
44331,0.6798314
43791,0.6802785
17232,0.6748323
54897,0.68024176
765,0.68035114
37380,0.6803555
81060,0.68004674
68905,0.6782899
83301,0.6803317
42923,0.679564
23076,0.00055438
10281,0.6802947
31748,0.6802149
67737,0.67895705
65211,0.68031126
70362,0.6785264
26257,0.6779225
56940,0.68027574
65813,0.68035144
92988,0.6801897
16122,0.6803628
84680,0.68020695
27274,0.67979324
16499,0.6800213
55898,0.6802994
24751,0.67994606
89006,0.68005735
6031,0.68010473
1205,0.68028855
51698,0.6802451
67654,0.679954
25205,0.67887056
80702,0.6801282
52308,0.67982805
87803,0.67907435
94807,0.6792158
93477,0.68031454
53829,0.68025297
84772,0.68006873
228,0.68034667
37489,0.68023217
20495,0.67958033
90411,0.6797522
19363,0.6788277
4982,0.33286306
79133,0.6802308
97768,0.68032134
89516,0.68032604
42386,0.6803448
83318,0.6801008
16592,0.67933404
98504,0.6802269
26521,0.68037105
33722,0.67759055
19597,0.6803501
16796,0.67998505
32394,0.67756134
9792,0.6803692
80507,0.54085654
66828,0.6787976
36837,0.67884284
89000,0.6799802
90354,0.68025905
24923,0.6794364
78251,0.67953753
71058,0.67932165
4675,0.67594206
78882,0.6790444
66181,0.67934686
106231,0.67784333
44901,0.6799666
104733,0.18282267
52939,0.68036515
54295,0.6801153
47718,0.67961097
96189,0.68002063
71678,0.6794067
21975,0.6794617
23230,0.6803682
74979,0.67829174
31343,0.68035847
37690,0.6789037
64014,0.67980635
79553,0.67738855
17285,0.6802217
18395,0.67895526
102935,0.6798346
44006,0.67965764
53481,0.678838
80909,0.68033665
86409,0.6796755
83439,0.6803529
66298,0.6792393
102980,0.67961204
36916,0.68035203
83407,0.6800606
102149,0.6803639
57269,0.68006843
72800,0.6802846
93810,0.6803179
89535,0.67922324
79225,0.68025774
74314,0.6802228
89169,0.6803561
96248,0.6803285
95740,0.67955446
64451,0.6795391
58200,0.67915475
63294,0.68036515
99139,0.6803451
43370,0.67876
89845,0.6797568
3479,0.67990404
23489,0.6800223
70085,0.67973435
54886,0.68035275
94038,0.6803032
91086,0.6794215
47252,0.6803325
69541,0.680171
95949,0.68029076
17451,0.68005437
30838,0.6802783
58315,0.6803691
73213,0.68033516
30924,0.68030095
32505,0.680363
103443,0.68006134
79900,0.6784183
64862,0.6793633
30456,0.67625284
99152,0.6798702
1901,0.6799802
17049,0.680356
5894,0.6798718
10665,0.68036556
30536,0.68032384
50878,0.68036354
92809,0.6779289
39864,0.68001175
101957,0.6802549
57285,0.67985415
14329,0.68013287
66872,0.6802963
94020,0.6802969
48685,0.6794425
27119,0.6798802
46397,0.68037117
10133,0.587674
36017,0.6803618
37527,0.67957366
76263,0.6793138
2560,0.6795111
2662,0.6780381
106427,0.6802848
40163,0.68024683
100345,0.68037045
98682,0.67834914
25789,0.68037105
67820,0.6797223
59591,0.6785777
2269,0.6802326
19494,0.6803712
79641,0.680277
14432,0.68023634
94686,0.67918605
46365,0.6798774
52584,0.6778116
89365,0.67934775
81199,0.68025434
70712,0.6803679
63089,0.6802748
52567,0.680359
41571,0.68035877
47361,0.6803075
73083,0.67990875
90557,0.6803657
64735,0.6800223
71108,0.67934996
87464,0.67940855
70003,0.6802272
17270,0.6800959
20924,0.68033093
27207,0.67922187
93294,0.67898136
19858,0.6800728
22,0.68023837
49371,0.67932147
85587,0.68003607
65258,0.6786721
81090,0.68027264
28146,0.6791579
68187,0.6799318
39921,0.6802563
26644,0.6800091
43284,0.6803653
94367,0.67866766
72801,0.67970115
14197,0.6797256
26273,0.67724234
61001,0.6801366
47789,0.6766483
67460,0.67974347
57393,0.6803265
36379,0.6802595
94624,0.66938865
615,0.6797409
72048,0.6801951
66036,0.67861575
14899,0.6790251
105042,0.6781637
99430,0.6802294
18239,0.6797417
15965,0.6787191
72704,0.6786472
13018,0.678501
23958,0.67925996
41950,0.680262
105425,0.68034804
87752,0.6779488
7327,0.677912
16772,0.6784962
13973,0.6801861
27322,0.6803698
55624,0.6793537
83263,0.68019897
29260,0.6771086
8978,0.679973
17217,0.11561951
35489,0.6788209
43040,0.68037087
90491,0.68029517
34960,0.6741233
99779,0.6757128
9631,0.6796266
82917,0.67984986
28657,0.6799614
72365,0.68035924
24415,0.6803445
84084,0.6798462
4944,0.6803619
81767,0.6801116
100930,0.6802435
30692,0.6803518
56344,0.67849445
98782,0.67967516
2164,0.68035233
24949,0.6801846
103937,0.6802791
93064,0.68029714
37866,0.6801752
23562,0.6802069
105861,0.68025357
20541,0.67629534
88399,0.6799954
37955,0.68026704
31536,0.6792589
46676,0.67989343
35175,0.6798229
100936,0.67800003
101447,3.9137277e-08
11041,0.6798336
42194,0.67683554
99532,0.67890495
46596,0.6802731
21233,0.67869323
27154,0.67987835
53112,0.68034405
5790,0.6766218
64198,0.68036246
70538,0.67822313
26779,0.6803519
1691,0.6803168
81757,0.5869001
15392,0.6803491
1332,0.679822
53535,0.6803102
102852,0.68036413
105946,0.68027014
10256,0.6801731
82927,0.6734545
30371,0.6801278
46489,0.67848694
58019,0.680351
71955,0.6798575
37356,0.67678255
42292,0.67999214
20087,0.6789261
24074,0.6803694
64692,0.67921245
96112,0.680371
55120,0.6797127
51971,0.6797114
27252,0.67971545
77781,0.68011165
13135,0.67876166
33840,0.6803465
78330,0.6800699
84185,0.6793952
42654,0.6795564
17109,0.67958736
60530,0.680357
32772,0.68001103
49208,0.6791566
94561,0.67291933
16723,0.67908806
79821,2.7736778e-11
6106,0.6794157
78275,0.67874014
7689,0.6795184
2328,0.6803172
66480,0.68026185
37355,0.68029165
80884,0.6803626
103705,0.3293644
59714,0.68030363
100837,0.6485776
56301,0.6802909
5411,0.6801634
9658,0.6800157
39760,0.6802117
23202,0.6802245
48343,0.6756282
91294,0.68018556
74660,0.67964774
6399,0.6798342
9119,0.68009055
58061,0.6762959
28351,0.68037057
105514,0.68036485
53114,0.68036294
20750,0.67989093
46578,0.6767932
52358,0.6788498
98343,0.68003255
89694,0.68003017
12697,0.680359
73166,0.68016297
80002,0.6803031
41069,0.67960876
2034,0.68026793
8928,0.68026125
68185,0.6796667
83161,0.680322
12405,0.68032646
3471,0.6802335
66568,0.67873305
105055,0.68012685
67896,0.6800987
15905,0.6792071
65908,0.6801941
54125,0.6803689
4385,0.6791916
41533,0.6777215
4209,0.6798084
6676,0.6649118
54989,0.68029594
46181,0.6077059
61799,0.68032265
22469,0.68027437
107157,0.68002605
20637,0.6788137
57612,0.67993426
83711,0.68029386
39352,0.6801459
7947,0.6800175
7607,0.679065
68904,0.68029445
37781,0.68023264
79615,0.67959064
18733,0.6786431
12398,0.6803549
66207,0.68018353
56608,0.67814875
102448,0.68025166
12244,0.66900903
4832,0.68028486
42673,0.68034965
903,0.67992723
37244,0.6793867
69436,0.67972565
25689,0.67716324
39049,0.68032503
102646,1.1152479e-09
68325,0.6803473
57463,0.67945075
48178,0.67923445
23014,0.6794186
80092,0.6800222
103270,0.6788156
23921,0.6802253
64591,0.68015206
91253,0.6802592
31515,0.6800869
26218,0.6798671
15596,0.68006814
13413,0.6803519
11049,0.6798435
82461,0.6796233
11982,0.6781268
65915,0.6803285
40511,0.6803508
22433,0.67892927
58141,0.6803337
2750,0.68033254
25979,0.6791543
10155,0.6798094
99776,0.6785942
40215,0.68024427
105401,0.6792327
2384,0.6800489
69519,0.68035936
83363,0.68011504
37895,0.6794795
98191,0.67917633
98740,0.6794846
88686,0.67903996
106492,0.68024063
74955,0.6794994
39688,0.68028873
86780,0.67968416
28423,0.680335
54109,0.67983854
72700,0.680327
60079,0.6803188
68108,0.6803625
72120,0.6797276
40885,0.6803618
101144,0.6800663
68920,0.6803384
8266,0.6802368
29163,0.6746134
57837,0.6800477
26281,0.6792699
81402,0.6803676
39021,0.6801749
61529,0.6801711
52587,0.6802052
56985,0.6775684
63064,0.68033963
94357,0.6802729
91353,0.68034124
85931,0.67825615
4918,0.547342
50729,0.6800173
57826,0.6797419
71191,0.6802722
105774,0.6789767
10023,0.6802625
41218,0.6268333
98238,0.6802881
37995,0.6801686
83325,0.6799378
51447,0.67940605
94497,0.6803695
30670,0.67787653
13858,0.6798315
34727,0.6801473
52123,0.6803513
52200,0.6792378
21611,0.68012065
65726,0.68005264
36502,0.68010324
102741,0.68007874
92910,0.67847145
66329,0.6794289
46266,0.6710846
93789,0.6801203
74483,0.6802213
82877,0.6785135
19578,0.67940384
3150,0.68024397
7795,0.68031037
100091,0.68028164
83204,0.68037015
80606,0.6785078
44874,0.6801149
93047,0.679946
93488,0.6792941
1805,0.6802672
62917,0.67812663
17899,0.6800996
3849,0.68036187
7118,0.6803653
88547,0.6803291
97092,0.68028617
44105,0.6800858
37481,0.6766349
33563,0.68030614
61042,0.6794984
41714,0.6797622
70454,0.6802244
59857,0.679883
51036,0.6802774
69184,0.68035525
3234,0.6800469
74841,0.680365
23186,0.6803712
27181,0.6793549
100045,0.68035483
28886,0.68032974
73093,0.67947036
900,0.666543
19020,0.6800791
88602,0.68037105
22700,0.6803016
7526,0.68035626
33457,0.6803499
76909,0.6801134
35423,0.68025786
81166,0.6802446
13660,0.6803685
14412,0.67986953
15714,0.67971367
22063,0.6802668
61727,0.67966115
106614,0.6800259
87164,0.6802675
46710,0.68020445
19162,0.68022627
3254,0.67914814
9038,0.6801812
95150,0.6803596
95704,0.67911196
83830,0.68027437
71414,0.6801083
38616,0.68026835
103614,0.6803586
88630,0.6802666
52521,0.68033344
93076,0.680336
89485,0.67989695
40660,0.68027914
62817,0.68037087
34049,0.6796919
43571,0.67840856
60077,0.6797857
40460,0.6795577
22185,0.6773021
15237,0.68028075
66961,0.67981666
67110,0.68007976
40897,0.6803536
80317,0.68035924
83200,0.68025154
25955,0.6801099
60010,0.68019015
912,0.67942995
21643,0.6797371
30001,0.67933047
71796,0.67998195
74445,0.6802256
14690,0.21942809
45915,0.68016505
71040,0.67796415
19444,0.6803399
101898,0.67011553
19483,0.67828506
45070,0.6803689
96007,0.68007004
8226,0.672024
14087,0.6801674
19621,0.679488
68803,0.680004
28496,0.6800945
15223,0.67881197
71389,0.6802153
18222,0.6803362
63426,0.6802943
2400,0.6803578
90638,0.6798263
93030,0.67990994
47044,0.678854
95745,0.6203883
93733,0.6801467
9250,0.6802142
12306,0.67945737
64916,0.6788461
97639,0.6793533
93987,0.6803617
69833,0.68035555
65147,0.6794981
1571,0.67773205
52732,0.6801978
24727,0.6797876
36305,0.68035084
33909,0.6803269
36684,0.676158
88787,0.6796897
5125,0.67909193
96456,0.6791323
100451,0.6786374
672,0.6792408
2769,0.68034554
9242,0.6799625
36840,0.6772714
92915,0.67903167
53862,0.6803257
92411,0.6803561
2898,0.67578757
19531,0.6736166
47770,0.6799769
94350,0.6803711
89205,0.6802367
59271,0.68036556
73559,0.6803498
35876,0.6802509
1124,0.6796322
55758,0.68006724
27800,0.6803489
95921,0.6803702
90850,0.6786816
67816,0.6803709
70511,0.6799037
12435,0.68028104
82454,0.6802057
78358,0.67999053
46740,0.6801185
100956,0.68034714
92319,0.68013567
18044,0.6793776
23905,0.680207
5811,0.6750892
81252,0.6794333
62867,0.6801021
41210,0.67997754
43549,0.6797679
103807,0.5583649
60885,0.6671502
7522,0.679858
85303,0.67781126
106575,0.6797053
20611,0.67946446
71692,0.679618
2623,0.68008345
35836,0.67994106
20442,0.67996734
61523,0.67950064
77677,0.68033713
80546,0.6803309
36731,0.67917544
406,0.6790932
76807,0.680371
30786,0.6800482
33955,0.0
97280,0.6798857
59464,0.6803338
67539,0.67808807
24006,0.6793456
10504,0.67897296
4761,0.6785283
17116,0.68036807
45348,0.6801205
27158,0.68031645
95018,0.6798696
52617,0.6776169
92514,0.680118
16579,0.68025553
88082,0.6803071
63377,0.6707868
100532,0.68018925
57329,0.6803284
16635,0.6798855
6974,0.6802004
17773,0.6801231
8296,0.67896825
99140,0.67874986
55910,0.6803696
18845,0.6799887
75295,0.67705554
21725,0.6801707
22226,0.6793042
96840,0.68033576
70051,0.68027383
34100,0.6800003
57844,0.6803598
70993,0.68027496
66414,0.6801171
46674,0.6796895
93752,0.6802228
92435,0.673367
37500,0.68018985
56853,0.6803712
9443,0.6803359
99816,0.6772663
8717,0.0
75599,0.6803621
81971,0.6791665
85158,0.680235
39350,0.6794571
52049,0.68002903
82140,0.6796565
6755,0.68035454
20683,0.6803667
83701,0.67015606
75241,0.6803002
95970,0.6802891
101659,0.68036467
47233,0.6800737
86028,0.6800768
41131,0.680247
54595,0.6803023
77569,0.6803663
11808,0.68001
92335,0.6803002
77221,0.68016726
58213,0.680339
81687,0.6797813
88983,0.67903423
103781,0.67791784
5839,0.67920727
50704,0.6801025
41307,0.6803486
66524,0.68032193
66762,0.6801812
37291,0.6802021
35582,0.6802319
95763,0.6803267
57070,0.6799975
98262,0.67449564
102454,0.6803646
77409,0.6803704
96948,0.680309
63730,0.6802689
96065,0.680265
19142,0.67964303
80975,0.48401192
45052,0.6753068
72532,0.6802542
35240,0.6802369
4074,0.67974013
3116,0.68034875
40238,0.6787355
83980,0.67862624
71077,0.6206435
36494,0.6801769
102186,0.67399037
8686,0.67957014
33403,0.67976546
94903,0.6798951
98535,0.6801351
21363,0.67789817
27301,0.6801321
62190,0.68027717
194,0.6803168
59599,0.67967314
41074,0.67973083
27736,0.67506
68224,0.67940164
2846,0.67933077
73329,0.6792573
5316,0.67908293
2706,0.6800278
18783,0.6803165
7565,0.67982185
71519,0.6803692
51119,0.6803495
73556,0.68019086
3629,0.6803654
96197,0.6803711
76831,0.68019104
41283,0.6777689
57436,0.6800825
55158,0.6803399
13294,0.6802335
36363,0.6784332
92465,0.680272
12609,0.67744577
73237,0.6803031
106084,0.67874825
425,0.6801807
16773,0.6799427
102694,0.6429877
75930,0.6803325
76772,0.6748641
73463,0.68036807
35492,0.67993844
100962,0.6773932
58898,0.6799293
18809,0.6781035
76369,0.67925817
103775,0.6795583
50947,0.68032104
107105,0.68024063
52820,0.6777257
35491,0.6782533
23943,0.6797415
28067,0.6802891
2091,0.67946863
19327,0.680199
45743,0.6790654
11684,0.68014216
37212,0.6791802
98860,0.67985314
70244,0.6769279
87254,0.68033767
81809,0.68013936
39662,0.67909634
18993,0.675376
102329,0.68019253
71104,0.0003240099
103136,0.68019545
62301,0.67988443
97951,0.6802376
12261,0.6803658
29607,0.68036723
64961,0.67990077
105560,0.6792149
14058,0.67964983
25224,0.6796927
97216,0.66184664
66479,0.67706704
43400,0.67916864
103361,0.6803676
71857,0.6796168
102951,0.6802711
70474,0.680217
1561,0.6801697
1056,0.6803335
5929,0.6802541
3326,0.68018526
472,0.6758651
105328,0.6796785
18584,0.67980397
14336,0.6803555
38718,0.68008
81705,0.68035054
90578,0.6759948
21136,0.68027157
96526,0.67965275
70688,0.6801599
32076,0.6792776
79227,0.6791189
70403,0.6768633
36172,0.6803201
69145,0.67971087
79692,0.6803661
92917,0.6802656
85506,0.68021834
15441,0.6799784
102805,0.6803596
53322,0.0
53628,0.68031555
67053,0.68036777
49664,0.680224
52379,0.67909396
89927,0.68034816
79306,0.68012846
61848,0.6803654
59894,0.6791422
6343,0.6803533
49379,0.68036735
43932,0.67800486
51891,0.6800525
47684,0.67989033
42368,0.68036485
94677,0.6797349
81349,0.6803467
101549,0.6796022
102583,0.6784299
102751,0.679771
73545,0.67951614
87746,0.6803693
91360,0.67671055
50130,0.6801828
86506,0.6803629
43251,0.6792537
82991,0.66744846
1196,0.6786343
35346,0.67999315
95915,0.68034476
50942,0.6794592
94004,0.67917836
67116,0.0034912508
85848,0.68009824
92443,0.67864525
27564,0.67972046
1052,0.68019974
56865,0.68032503
71213,0.68024826
97167,0.6776471
31611,0.67988557
97081,0.6800287
85914,0.68013936
77780,0.6803524
79735,0.68003166
38070,0.67998934
104624,0.6796629
85892,0.6783083
61573,0.6793339
106356,0.6802626
32933,0.67910457
68606,0.68009174
26191,0.68037033
72996,0.6788716
14888,0.6777104
15547,0.6799931
82169,0.67947817
79334,0.67851096
71949,0.6803365
34097,0.68019223
34726,0.68037087
35190,0.68000823
102937,0.68003726
47205,0.6627426
53487,0.67881966
32023,0.6795843
84844,0.6801549
31030,0.6802745
594,0.6779795
95995,0.67788684
29256,0.6798579
28103,0.67713606
101705,0.6797222
54597,0.68021935
86133,0.67936647
48719,0.680349
13481,0.68019325
56647,0.6801282
103100,0.67934006
61338,0.6803535
1745,0.6803696
44981,0.002789978
21909,0.6803209
63191,0.68025607
105688,0.6801884
50576,0.68028796
59004,9.446553e-25
78710,0.680371
81266,0.67993456
53011,0.67876816
59454,0.6803107
62370,0.6797382
15436,0.6802509
47496,0.68037087
46929,0.67994016
31547,0.6769099
40230,0.67984504
72864,0.6798372
96419,0.6803158
100337,0.6782763
16843,0.6798642
31034,0.6803661
21759,0.68019956
46175,0.660629
30282,0.254923
38301,0.6801691
29861,0.6803467
31215,0.68032736
75124,0.67971987
49611,0.679547
79184,0.6774408
98827,0.67999893
53215,0.6792
67845,0.68030167
103204,0.6799924
30524,0.6747009
59626,0.6776601
74164,0.6798307
33755,0.67928
86222,0.6789466
41359,0.5226945
88380,0.6803413
34779,0.6803103
20786,0.6803514
27313,0.67774886
1923,0.68015033
50465,0.68024844
18269,0.67908055
101096,0.0001952332
51741,0.6763604
2655,0.68035626
51362,0.6797124
28358,0.6784094
89742,0.6803554
79000,0.6797623
20164,0.6788533
27133,0.68028873
22732,0.6777596
56571,0.67901224
67016,0.6786958
75456,0.680369
17639,0.68029314
72842,0.6799791
12597,0.6800805
6071,0.68029016
67489,0.67853516
43846,0.68024087
7860,0.6803704
46167,0.6796768
1043,0.6800204
19831,0.68020105
36952,0.6802658
14413,0.6779813
101104,0.6801062
29305,0.68020135
14320,0.6788438
83868,0.679569
19295,0.6696589
50380,0.6791397
41683,0.6801162
11830,0.68028164
76290,0.67895246
27478,0.68036306
10160,0.6803534
34859,0.6798776
17876,0.6803456
89367,0.68026614
62132,0.67980033
79903,0.680324
99802,0.6803696
91027,0.67856294
31945,0.68035996
103290,0.68004656
77395,0.6800378
39151,0.679397
14446,0.6783333
56349,0.68036705
84526,0.6796928
62866,0.6777236
48188,0.6799083
1284,0.680326
34337,0.68028444
73565,0.67968875
93997,0.6801404
94490,0.6799667
104352,0.66860515
96339,0.68037045
85425,0.6802999
1773,0.6800955
81364,0.6801749
7846,0.68033844
67297,0.6779869
4437,0.6802811
83380,0.68021595
32965,0.6802308
11367,0.6796168
11935,0.67812407
67673,0.6800609
73183,0.67985785
106947,0.6802783
61526,0.6797567
19961,0.67935264
64622,0.68001354
45930,0.6801771
31971,0.68036395
75761,0.6796175
63725,0.68032134
76687,0.67969763
92060,0.6799786
100387,0.6802838
98217,0.6792204
81871,0.6803299
16317,0.6801963
66790,0.67942876
82663,0.67971087
73834,0.6801987
21347,0.6803712
86955,0.6799978
86852,0.6803617
68457,0.6803529
88093,0.67952895
81164,0.6803556
61819,0.6803708
13012,0.68014306
13155,0.6803699
15783,0.68037057
15673,0.6777019
35925,0.67602676
106969,0.6764182
25640,0.6802524
97931,0.68033046
50074,0.68035513
29649,0.6803344
91931,0.68026644
61722,0.6803644
20287,0.6796048
76463,0.68027735
62710,0.6802551
35255,0.6788604
85906,0.6800565
11618,0.6802654
94378,0.57890373
100329,0.6787276
17723,0.6803682
39882,0.4936457
11795,0.67827237
66789,0.00040609553
102765,0.68036705
13650,0.6802784
97337,0.6801146
23806,0.680115
34279,0.6803712
98949,0.6803702
82142,0.6803596
15659,0.68026376
63656,0.67846817
40763,0.6800438
80836,0.68034965
104849,0.62178034
86473,0.67967206
51194,0.68011034
66403,0.68036985
271,0.6797486
2273,0.680311
81275,0.680311
14715,0.6795884
57319,0.6802436
35197,0.68029666
98220,0.680245
94959,0.6803675
91613,0.67913806
94534,0.68009317
81910,0.6803309
76649,0.6798066
23354,0.6803119
40827,0.6801791
78654,0.6803711
73369,0.67953336
67659,0.67995614
34111,0.6788074
102361,0.6790416
37171,0.68034047
27744,0.67798537
53767,0.67706704
42072,0.6802073
53742,0.67999864
46497,0.6794806
35788,0.6800915
88746,0.67961526
4922,0.680256
41718,0.6792691
8802,0.6785182
38604,0.68009526
57098,0.676417
13275,0.6787943
18055,0.6785173
49524,0.6803704
76101,0.67992693
66332,0.6800966
91441,0.6803712
81061,6.3023378e-09
96013,0.68021154
33186,0.6802682
75009,0.6797651
73082,0.679737
3525,0.68033993
1836,0.67953813
34802,0.6802753
19758,0.67983633
15902,0.6802504
23441,0.6803374
57798,0.6795884
68964,0.67894775
68435,0.6802677
26294,0.68032974
45844,0.68031216
60688,0.67986083
95472,0.67993927
39837,0.6779684
46184,0.6791406
64478,0.68037
55688,0.67874783
89513,0.6802668
34602,0.67972296
25366,0.6796611
44642,0.677118
66923,0.6803422
83881,0.6803644
13996,0.68033534
6535,0.68037117
75328,0.680346
69789,0.6781137
102472,0.6798005
27005,0.68021584
94773,0.67734206
39038,0.6787024
59584,0.67984533
75032,0.6801827
94365,0.67992014
86729,0.67972857
103277,0.6803035
96803,0.68035215
58216,0.68034947
59839,0.6803227
98342,1.97241e-05
60175,0.67995155
82073,0.6785852
93301,0.6772458
63588,0.6799853
27987,0.652012
80054,0.68026274
28762,0.679021
92627,0.6802045
37981,0.67927265
103582,0.68036854
26564,0.6764568
54394,0.68024516
44332,0.6797831
22138,0.680055
94855,0.67938
4632,0.6802825
32784,0.6803121
32830,0.6791214
5631,0.6802177
16808,0.6803708
99344,0.68008757
62996,0.6799753
94028,0.6801697
23890,0.6798871
65380,0.67966074
227,0.68036324
67725,0.6798711
104891,0.6800609
28004,0.6787662
83787,0.68016297
29242,0.680346
19087,0.68029016
21662,0.6801727
80430,0.68032134
11521,0.6793062
5769,0.67923194
81749,0.6774065
48697,0.6745053
48172,0.67963487
53034,0.6803583
19406,0.68036973
96433,0.6791284
31600,0.67983115
27238,0.0
99691,0.67866486
82316,0.68018264
47283,0.67881495
97742,0.68037117
22508,0.6802242
49085,1.7347063e-12
35900,0.680359
87088,0.6793966
24902,0.6789972
94494,0.67990065
28022,0.6803627
2059,0.68007857
12010,0.67855996
57179,0.6774776
43643,0.678262
49136,0.67997783
43229,0.6799655
94695,0.6789384
35330,0.68034244
68583,0.680312
35691,0.67478615
58106,0.6794433
49013,0.67998177
4021,0.67869866
9736,0.680197
16976,0.6779381
60727,0.68037087
22616,0.68001276
94363,0.6802702
102735,0.6784752
73328,0.68008995
82486,0.6802444
45754,0.67962044
52339,0.68028224
27609,0.6803034
75284,0.679767
31833,0.6800041
43459,0.67781615
43426,0.60078394
16966,0.67872894
67316,0.6799124
90027,0.67891437
21202,0.6793253
60034,0.6794949
100336,0.66492385
104126,0.6802008
10532,0.6801875
19102,0.68032956
70178,0.6791237
89262,0.6802083
59485,0.59457386
39936,0.678077
84258,0.6796562
98035,0.679937
13638,0.68035465
104139,0.68036544
93985,0.680364
15049,0.6799229
17040,0.6797578
21849,0.68022466
27661,0.6786727
26382,0.68013024
55516,0.6803293
65056,0.6797169
38204,0.67992824
45724,0.678919
51528,0.67995113
42609,0.68006134
15379,0.6803687
70841,0.6788566
49635,0.68012434
54418,0.5896952
34898,0.6803004
82519,0.6803199
22371,0.6798432
31017,0.67989886
95026,0.68021905
54736,0.67964476
17067,0.6803645
65336,0.6802197
64461,0.680164
81513,0.68021023
56947,0.68031406
27779,0.68008375
97067,0.6803307
56463,0.67944115
33626,0.6801547
87493,0.6795429
45569,0.6772981
20981,0.6803564
145,0.6796611
22884,0.6798244
8896,0.67776936
17763,0.6797908
6716,0.680244
77738,0.6803628
72793,0.6801699
7354,0.68032795
23390,0.6800882
86826,0.6799287
102897,0.6800919
2390,0.6781944
101532,0.6801486
71510,0.6802191
85733,0.6803552
104850,0.67850983
36937,0.677166
62521,0.67962956
329,0.6791914
58726,0.6791575
104467,0.68008345
11753,0.6801904
75997,0.67965126
44827,0.6777457
81596,0.6802062
5976,0.67968035
14096,0.6801083
32561,0.6793151
97574,0.68036735
87563,0.6790082
4012,0.68004006
44065,0.6802709
7357,0.67896825
32431,0.68036985
97914,0.68035465
10926,0.6795884
25951,0.50246537
16993,0.6802966
83006,0.6793956
65555,0.6803711
47229,0.6802805
24230,0.6803621
80478,0.68037075
12794,0.6802348
101427,0.68034106
77338,0.6803109
60261,0.67889595
61243,0.6798951
52749,0.68024427
35153,0.6785113
1847,0.67991495
37515,0.67962503
59715,0.6803651
75508,0.67878
68453,0.6792477
38857,0.6350522
76901,0.67996675
45312,0.67755646
64699,0.6743348
107124,0.6803362
106450,0.680032
59034,4.9079153e-18
28823,0.6801705
16562,0.66512424
7111,0.67888576
62848,0.6802782
2065,0.6802969
93643,0.6792264
14995,0.6787513
10652,0.6791524
96790,0.6798347
13931,0.6795703
105910,0.6800267
105867,0.6803032
47543,0.68027353
52396,0.6800512
11384,0.68034565
58047,0.6803613
27059,0.68028945
62378,0.68036145
91044,0.6800318
65285,0.6783476
9793,0.68023837
87140,0.6790851
60724,0.6798595
102439,0.67914057
79462,0.68012553
37993,0.6798912
83192,0.6803132
16217,0.6800207
50809,0.6802126
69198,0.6803704
4837,0.66982895
1378,0.6797063
6627,0.6791717
44185,0.6799735
89323,0.67981046
30419,0.6801112
44183,0.6800728
70038,0.67995846
42202,0.6803137
68211,0.6802488
86889,0.6785108
70314,0.67992324
28421,0.6802382
79594,0.67897606
63970,0.68015116
66554,0.6794891
73096,0.67997015
63901,0.68008024
48610,0.6771083
4433,0.6802165
83417,0.6803399
26109,0.6803643
107024,0.68024325
103750,0.6790115
83501,0.6803597
29599,0.6779839
7580,0.6802056
90263,0.67855936
16027,0.67898947
96145,0.6803646
38150,0.6797003
40057,0.60663676
31590,0.68018216
101651,0.67992
98893,0.68034637
5608,0.67689633
32223,0.68036824
104466,0.67670083
24293,0.67802775
48837,0.68028533
63309,0.6790208
55433,0.68028903
35375,0.67844474
65396,0.67967796
91489,0.6788424
86721,0.6803257
10224,0.68032455
87346,0.67798126
57170,0.67769283
100290,0.6803616
35196,0.67991173
44191,0.6802998
92164,0.6684259
29280,0.67937154
25538,0.680113
83987,0.68035775
62898,0.68000466
106361,0.6801093
25136,0.6802642
29505,0.68036675
83536,0.6803449
45658,0.6800528
3288,0.680347
23616,0.679847
41581,0.680299
11609,0.0947789
90769,0.680308
94406,0.6790847
6965,0.6802882
51073,0.68037117
51777,0.68023854
61494,0.68030727
25372,0.67963386
71318,0.66791135
46254,0.6798157
46722,0.67943037
42554,0.6803712
47197,0.67919874
51552,0.6802653
4582,0.6797276
69685,0.6781779
64327,0.6801666
90833,0.6803032
100852,0.6783678
32398,0.68024844
94635,0.6789757
24454,0.6800863
34791,0.6801122
12741,0.6781241
14778,0.6784579
48422,0.67820036
44847,0.6797873
4140,0.68024695
79918,0.6789495
11546,0.67871207
8942,0.68019176
40240,0.6803535
70332,5.659332e-17
27702,0.6800951
30292,0.6799159
95337,0.6799591
53342,0.68000877
23596,0.68031895
16604,0.68025553
23231,0.6797609
54794,0.68033874
94579,0.68029964
88392,0.67941433
25986,0.675798
102710,0.6803416
55373,0.6791182
20649,0.6803087
48177,0.6659197
76434,0.68009955
70908,0.6784876
102742,0.68036336
25058,0.6785181
78434,0.0004459294
80726,0.6801718
65248,0.679586
88275,0.6769551
74074,0.67937905
21876,0.6803683
103450,0.6802788
67928,0.679987
59256,0.68027574
46298,0.68035454
98195,0.6793786
95110,0.6769117
82195,0.6800519
21832,0.6788757
61503,0.67915946
91959,0.680289
26200,0.67870194
25686,0.6790738
64370,0.68033874
57104,0.679239
85740,0.6803565
65082,0.6801281
73465,0.6792007
14815,0.67939335
62566,0.6802204
65389,0.6784006
36629,0.6802956
2761,0.680312
46122,0.6801521
46708,0.680221
48543,0.67603207
38437,0.6803635
41679,0.68025744
11943,0.6803533
80663,0.6774931
57362,0.68011874
78294,0.67879254
11443,0.6801619
3339,0.6801611
8333,0.67955697
73688,0.6801507
101048,0.6801094
38807,0.67956877
91992,0.67784554
103660,2.2177908e-17
4349,0.68035585
23900,0.6795769
54890,0.67524797
47554,0.68007785
57897,0.6802649
95129,0.6802472
97155,0.6800724
78284,0.68007535
53620,0.6803329
17540,0.6754999
90980,0.67997634
53178,0.67986894
54282,0.67994833
83611,0.68034333
74832,0.68022543
33521,0.6802275
22312,0.68028533
8327,0.6782132
48181,0.6799614
61597,0.6801418
56734,0.68003494
7246,0.68010974
18123,0.68023825
18892,0.67735684
48849,0.6778327
47669,0.68033165
94924,0.6803627
48512,0.680347
9957,0.6802043
15707,0.6802733
55630,0.6653062
9362,0.6802834
66120,0.67989147
16363,0.68036944
16402,0.6777606
41921,0.67407876
22353,0.68013746
14686,0.68034816
28415,0.6799899
105355,0.6757739
41053,0.6803112
37061,0.68027484
6933,0.68019265
31839,0.68027514
44786,0.67981285
70036,0.0
68703,0.68022645
42378,0.67927414
36526,0.6802191
49901,0.6795123
74032,0.6794709
45628,0.6785522
31979,0.68033916
53486,0.6792885
46763,0.6779147
85408,0.6803656
22637,0.67976594
85061,0.6797948
22921,0.68026483
29685,0.6803561
44220,0.68001527
1290,0.67484653
35918,0.68012154
95177,0.18151522
31992,0.6803711
61329,0.67898923
58169,0.680355
7717,0.6796593
81789,0.67947906
12979,0.68011844
43043,0.6768609
75875,0.67879313
42519,0.031253576
78452,0.6803692
52550,0.6803612
106635,0.67881393
95352,0.67965114
7091,0.56075084
101511,0.6801778
61044,0.68020266
63031,0.6801908
86820,5.029523e-09
70201,0.680371
92595,0.6799353
45050,0.0
28950,0.68034416
25218,0.68032604
49914,0.68014115
28318,0.68036216
20136,0.67606616
71667,0.67862177
100422,0.68000436
13447,0.66082585
19832,0.6801252
106236,0.68024945
102494,0.67948294
19099,0.6336147
1374,0.6799111
100798,0.6799526
50458,0.6803629
8098,0.67936736
46587,0.6784195
97916,0.68009764
15653,0.6802166
41534,0.6801825
1648,0.68022966
20773,0.67840445
67182,0.6801949
75074,0.67937535
103776,0.6798083
84381,0.0
66906,0.6792459
76170,0.56291884
3635,0.67671335
100541,0.6803688
42074,0.6802862
61498,0.6803546
5817,0.68032056
5050,0.68013066
79558,0.6797407
93493,0.6797496
3526,0.68032575
14253,0.67749524
41847,0.68036866
11067,0.6794391
19072,0.67934227
42248,0.68024707
27783,0.6802783
97731,0.680366
65049,0.67986155
48336,0.67842853
87509,0.6802764
22247,0.6785108
98041,0.6802227
89133,0.679745
28435,0.6801685
1568,0.68034524
49259,0.68021184
40251,0.6784266
21063,0.67993486
39510,0.67736536
84092,0.6802826
21541,0.678855
56060,0.6789666
58625,0.67958516
55009,0.6803625
4421,0.6803693
58289,0.67509246
81464,0.6803003
56880,0.679663
94733,0.67944634
89920,0.6690202
95370,0.6802921
86551,0.67965895
64842,0.6803696
98219,0.680239
14959,0.67944497
61918,0.6782366
30768,0.6803708
84626,0.6797366
87409,0.6714456
71910,0.6800776
76044,0.6795586
93349,0.68006957
83169,0.6803706
40924,0.6800096
83906,0.67724216
90343,0.6803703
99624,0.6802577
60372,0.68034244
17360,0.6787404
3376,0.6803647
101531,0.68034226
92693,0.68018866
63830,0.6803573
105550,0.6803176
67793,0.67796147
74065,0.679417
52043,0.68019617
101272,0.68023235
95104,0.67972034
12014,0.68017757
56921,0.68036777
91011,0.68036455
22278,0.6803473
72818,0.679928
18017,0.680366
85902,0.6802294
73281,0.6803114
66154,0.6803692
64930,0.6783921
99208,0.6799537
46912,0.680353
82434,0.6799213
34011,0.6803518
93158,0.6800864
2811,0.68020964
10413,0.6803691
19194,0.6803585
49608,0.6803705
66841,0.6779802
58801,0.68019706
102353,0.6803281
48903,0.6786256
59202,0.6786185
88029,0.67917264
77130,0.6800977
40716,0.67919165
51834,0.67656046
2106,0.6803447
43645,0.6802354
103317,0.6799726
90097,0.6803603
67179,0.67993987
75619,0.6791376
91664,0.68036985
84404,0.6803096
62415,0.68037075
44375,0.68007463
99252,0.6801958
62134,0.67869854
36512,0.6799437
39584,0.68036866
49182,0.6792417
9209,0.68023807
23385,0.6785965
14286,0.6794566
29787,0.6533352
39647,0.68036944
47671,0.68024874
28786,0.6778322
59678,0.6802721
30071,0.68000495
89480,0.6799876
12125,0.6802564
93053,0.6801083
19649,0.6803467
18321,0.6801936
55999,0.68000954
31501,0.6802718
8089,0.68022186
25411,0.67915
91874,0.68036765
466,0.6801046
49124,0.6799331
16452,0.680133
51030,0.68026125
14352,0.6803663
20051,0.6800907
68506,0.6803663
46932,0.6798758
48724,0.6794541
106754,0.6803561
70520,0.67825246
32716,0.6801599
19783,0.6794604
1729,0.68037057
38511,0.6801461
27811,0.68032086
40368,0.679285
49438,0.68028796
106631,0.6791596
43598,0.68037105
88438,0.67980117
38912,0.6798674
88719,0.67917407
33208,0.68012935
75282,0.68036884
73266,0.6801064
19084,0.68037087
5823,0.6803551
34194,0.6788035
36136,0.68023795
55696,0.67989707
27683,0.68005544
49127,0.67956936
58850,0.6803688
19462,0.47716445
25121,0.6802763
32769,0.6800656
67726,0.6795864
30824,0.67903215
104718,0.6799439
93260,0.6784047
72559,0.6799201
34565,0.680349
29042,0.6789917
98338,0.6803493
39563,0.67937213
70885,0.6790682
7911,0.6794346
23393,0.680305
29608,0.68008316
55788,0.6803368
30151,0.6773838
88907,0.6514676
2054,0.6781379
24459,0.67998207
21357,0.67445403
10902,0.68032175
46706,0.6792041
47885,0.6802742
105126,0.6802144
51203,0.6786225
87021,0.6795941
16789,0.6803084
104871,0.67938805
36294,0.6787831
7053,0.6800734
71733,0.677951
80090,0.67943895
6574,0.6800024
31797,0.67841786
19952,0.6802848
16668,0.6799892
48236,0.6803433
40314,0.68033105
66603,0.6801476
23583,0.67991906
61738,0.68023664
50567,0.6803201
38284,0.68005395
3562,0.67970335
42704,0.6800432
21007,0.679795
56284,0.6800543
72475,0.6800273
24080,0.67864794
50203,0.68002754
86643,0.6795251
35152,0.6799818
44133,0.68037045
40041,0.68021464
82527,0.67738175
35320,0.68034196
100607,0.6795007
91405,0.6739217
51837,0.6803502
22239,0.68025345
79207,0.67671096
65262,0.6803682
65622,0.68026745
29865,0.40945372
90444,0.6803651
58080,0.6800828
96233,0.6803347
104292,0.6798691
23999,0.67874986
87724,0.67994744
61964,0.67749095
28233,0.6790236
87041,0.6780216
29483,0.6800815
14131,0.68025285
97450,0.67763853
65873,0.6796332
44510,0.6797305
35799,0.6800268
91708,0.68037075
93454,0.6791496
8299,0.6797507
35919,0.68031424
628,0.6800095
21766,0.680371
44458,0.6790477
60983,0.68034524
4255,0.6802371
49690,0.6803666
67251,0.6803382
18018,0.6802131
64334,0.68023735
23020,0.67895806
64539,0.68032694
2636,0.68035585
4239,0.68036205
2916,0.6803626
47620,0.6794852
95172,0.6803652
87497,0.68035847
102911,0.6803141
62964,0.6710632
17161,0.6801055
67138,0.68033653
16931,0.6803531
2191,0.68019867
85278,0.68007237
32044,0.6802079
13297,0.6796384
22001,0.6788532
25536,0.6803615
82091,0.67966163
79109,0.6796877
99901,0.67914546
87478,0.68035203
80502,0.67912406
77107,0.67654616
92705,0.6803564
82783,0.68011105
90183,0.6802686
53221,0.6799446
54010,0.67882097
43465,0.6803696
37604,0.6780517
12589,0.6791034
76240,0.67861545
9378,0.68006873
19599,0.67405444
58146,0.66755134
15010,0.6791823
61669,0.68023705
389,0.6802784
28590,0.68017995
26249,0.6795564
50580,0.6803712
91531,0.6799145
76422,0.6803663
98346,0.6798985
64132,0.67982525
2103,0.6803683
52810,0.67903423
99888,0.6792431
105511,0.68027675
45949,0.6801504
35279,0.67951787
69937,0.68030053
88281,0.68020386
35458,0.6790334
98724,0.67806613
33661,0.6787074
36453,0.678912
66277,0.67964673
11313,0.68037033
54039,0.68025607
67162,0.6803101
82272,0.68036836
11190,0.6802367
51756,0.68036157
87877,0.6797638
65208,0.67995286
938,0.67959166
8843,0.68014824
62361,0.67135715
51842,0.6796433
68472,0.68034536
7764,0.6801729
42727,0.680351
203,0.6771088
37980,0.68000764
102455,0.6803034
83234,0.6803359
57168,0.6801301
34845,0.6777538
55704,0.6803148
43121,0.68035793
33031,0.6802786
84017,0.68005246
65439,0.680175
76588,0.68031836
97248,0.68009794
36473,0.6794999
33423,0.6794419
56678,0.6798966
40269,0.6791221
60140,0.68030024
16164,0.679231
31227,0.6799846
100102,0.67790437
95294,0.6803566
62010,0.67883575
104912,0.67991513
8993,0.67840165
15518,0.67976826
50328,0.67621833
40417,0.6802982
93859,0.68036866
5016,0.6797044
21094,0.6778277
26228,0.67910475
39317,0.6803653
6096,0.67996967
71548,0.6802705
24220,0.68034554
21791,0.67910784
20371,0.679659
67898,0.68006563
103635,0.6790571
49440,0.5633971
94769,0.6795089
10446,0.6776889
33663,0.6802891
16336,0.67271614
13881,0.68024176
45024,0.68034434
18329,0.68000937
71536,0.679997
45269,0.6787701
53758,0.68007904
30249,0.6801096
16989,0.6794852
66127,0.67914
20159,0.68036807
23049,0.66983664
106243,0.67859554
91756,0.6800661
30302,0.68025786
50487,0.6789575
94582,0.6803609
85863,0.68034095
54544,0.6803327
24480,0.6794746
66645,0.6798486
48238,0.6795944
87273,0.68022597
84861,0.68034065
25328,0.680329
93455,0.67819726
76358,0.68032545
64119,0.68020123
95989,0.677581
14317,0.6801733
29470,0.680274
74323,0.68014324
80695,0.6791826
26939,0.67971325
29512,0.679958
74168,0.6777239
48035,0.67984784
95266,0.67821205
1493,0.6802272
50973,0.680352
74763,0.6796324
55922,0.6758837
22062,0.6801483
30450,0.6802696
93468,0.67822057
53150,0.67657435
47326,0.680286
55563,0.6802023
70116,0.6780212
57580,0.6803601
75952,0.6801014
100913,0.67919517
95057,0.67999434
91782,0.68009484
16983,0.6803053
2975,0.680177
88963,0.6774804
19730,0.67931545
93990,0.680171
1787,0.6801687
46145,0.68033534
85637,0.6790564
24327,0.68033874
106396,0.6800489
105351,0.68025255
19104,0.6803292
17291,0.6803562
104618,0.68002534
97225,0.68035233
101063,0.680339
63097,0.678141
39930,0.6792471
80503,0.68029654
32279,0.014079537
70128,0.6790716
29146,0.68031806
48275,0.67954165
61528,0.67958665
39366,0.6803198
80412,0.68023396
60591,0.6802602
21378,0.68018353
81393,0.6802743
91555,0.6803192
71883,0.6802274
44107,0.68007606
79009,0.68037
93069,0.68006814
52996,0.6799745
6842,0.6788968
49577,0.680121
52152,0.68000853
69008,0.67940784
32692,0.68004745
58630,0.67843086
35659,0.6802634
42219,0.6803207
81987,0.67979693
74,0.6801459
78664,0.67872435
22392,0.6802279
10881,0.67819065
24942,0.6803692
56862,0.6802073
19427,0.68003494
34266,0.67917734
34763,0.6794309
24096,0.68003947
104578,0.68036604
94951,0.6792684
40265,0.6799105
3839,0.6802974
43888,0.6773159
105288,0.68033606
12266,0.68023336
30075,0.679667
95856,0.6799983
52529,0.68016696
91774,0.6798995
54433,0.67995083
103412,0.6769599
45906,0.67752534
51747,0.67919165
53810,0.680093
24965,0.6774287
17742,0.6785906
1212,0.68030006
59267,0.68018264
66069,0.6771563
25825,0.68023515
41556,0.6803712
64267,0.6798365
15754,0.67881066
13892,0.6791352
64328,0.6799433
55212,0.6801823
8371,0.6799364
81568,0.6803552
18101,0.6775064
54160,0.6782325
34453,0.6802779
66343,0.6802044
4086,0.67936397
1085,0.6780175
10156,0.68019706
21172,0.6803687
67913,0.6799896
78219,0.67780906
28244,0.67904574
51011,0.6797515
3011,0.6794371
8356,0.68019176
63902,0.6803355
49992,0.68037117
26714,0.6802371
106503,0.68014294
78596,0.6803654
7829,0.67803377
20002,0.6405686
53668,0.68036896
42773,0.68001586
72273,0.6803532
81964,0.6796753
88213,0.67354065
21519,0.68028927
28541,0.68029207
99540,0.68032044
20708,1.0191135e-21
25251,0.6800386
10159,0.68016523
14546,0.6795943
28348,0.68035585
75697,0.67877334
34095,0.6795035
78762,0.5536003
82267,0.6787528
69531,0.68014765
93925,0.6798732
57367,0.6801092
94289,0.6791603
73721,0.6797804
44406,0.6803613
79677,0.68018603
99727,0.6799558
90442,0.6803083
103355,0.6802428
65494,0.6799709
38906,0.6802783
73588,0.68035775
45264,0.68033886
99425,0.68025225
20711,0.68036896
52116,0.6802144
101759,0.6803255
78431,0.68034065
52806,0.68018067
22326,0.6769329
19481,0.68020976
29560,0.68029624
45130,0.0
59789,0.6801156
40995,0.6800947
48922,0.6789504
63198,0.6785745
63610,0.6802716
75000,0.6798447
36325,0.6795712
15996,0.680319
52599,0.67907983
1266,0.68030334
92023,0.68035215
86566,0.67995924
61816,0.6800989
4673,0.67879176
57549,0.67820734
22904,0.6801581
80619,0.68036926
48653,0.67796123
74673,0.60749507
52436,0.68025374
13915,0.4590891
42346,0.680185
21030,0.68031085
12289,0.68037075
42408,0.6803592
49915,0.6802005
78645,0.6803467
73874,0.6803649
82582,0.67943573
16442,0.6803659
11874,0.6803385
61980,0.68036515
23261,0.68022054
82191,0.6802257
51689,0.67720073
5899,0.6782685
96499,0.67776376
102987,0.68036705
82598,0.6802923
99762,0.6796413
78500,0.68028796
63759,0.6803479
13717,0.6703174
16463,0.67994094
44868,0.6803712
91073,0.6803147
20326,0.6803333
9638,0.6744622
50179,0.67938024
67939,0.68009156
81082,0.6801505
83482,0.6797357
103547,0.67809004
47572,0.6801191
8426,0.67938167
82627,0.68034965
29611,0.680306
14886,0.6416607
35291,0.67941755
86593,0.679382
47202,0.6786644
6977,0.67710054
102331,0.6801621
24357,0.67984456
74222,0.6797871
38526,0.67898715
44934,0.67966604
82699,0.6802411
18191,0.6803645
76815,0.6803417
34754,0.6803145
3226,0.6802121
94643,0.6801979
45623,0.67996496
8614,0.68021613
8033,0.6799743
98802,0.68034303
97750,0.67942995
3638,0.68013495
42685,0.68015087
52955,0.68032295
100242,0.68014646
102919,0.6793894
16489,0.6802917
101697,0.68029904
96562,0.6803668
41528,0.6803035
7450,0.6802935
88369,0.6778581
7919,0.6798454
42515,0.68036604
33567,0.68007517
52062,0.6753837
95469,0.68027395
3189,0.67773294
29365,0.6803467
93701,0.68035614
80260,0.67920154
100649,0.68024546
53246,0.6803037
91012,0.6803711
17185,0.6776221
1118,0.6800547
5891,0.68019325
72853,0.6784889
20340,0.68019515
59057,0.6802301
95083,0.6803661
41544,0.67796654
8584,0.680354
82913,0.67916626
71575,0.68032986
79719,1.5583032e-08
104129,0.67894876
10317,0.6803595
27663,0.68009925
22832,0.6803488
50048,0.6795931
70974,0.68037117
28207,0.6783251
13688,0.67953485
995,0.6803121
47354,0.6796435
99701,0.6799323
62148,0.6801253
13409,0.68006057
33367,0.68036664
56974,0.680285
74442,0.67846423
61515,0.68036026
53062,0.679849
42478,0.68034065
72667,0.6799347
13944,0.68036526
44207,0.67647594
80275,0.68036795
85960,0.0
91032,0.6803302
102511,0.67972255
72265,0.6803513
54713,0.6803675
85697,0.6803403
103872,0.6786474
90881,0.6798079
23006,0.6792612
33177,0.6802973
38093,0.6802636
14292,0.6779632
94164,0.6792342
7505,6.440989e-08
28045,0.67763555
40618,0.6802202
45324,0.67914766
57494,0.6791822
34644,0.68002415
104294,0.6795937
33832,0.68023527
39588,0.68032396
87158,0.6800376
38524,0.6803407
99879,0.67956716
77420,0.6803487
83432,0.6781871
31875,0.6778812
99635,0.68024135
67714,0.67783123
24552,0.6799585
11900,0.6796907
92004,0.68011135
30687,0.67376643
68401,0.68036795
87198,0.6799096
59808,0.6770203
105525,0.678974
55013,0.6794917
7316,0.6798784
52527,0.6783808
71735,0.6803332
26045,0.6799153
62203,0.6803687
22328,0.6793105
39358,0.6793012
12055,0.68029475
85025,0.680225
25527,0.6803705
25415,0.6790057
14621,0.68026584
48629,0.6803109
64113,0.6803422
76973,0.67887354
26713,0.6775824
31372,0.68028426
55011,0.6803631
26050,0.5950173
99136,0.6795157
106457,0.6798416
47510,0.67990613
61051,0.67940855
79394,0.68036914
83584,0.680122
16347,0.6803402
56011,0.6803398
98299,0.39504787
69772,0.677072
104626,0.6799806
90275,0.6799834
35908,0.6795192
48174,0.6792543
22707,0.68036777
45075,0.6762271
78717,0.6800579
92880,0.6803315
99616,0.680328
40147,0.675374
67878,0.679852
5688,0.67699957
29843,0.6783818
93697,0.67818177
77944,0.67948014
10496,0.68037
35884,0.68029594
14897,0.68002933
97000,0.67885816
74501,0.6774779
35821,0.68036246
4888,0.68032885
3176,0.6799279
42938,0.68010426
68361,0.6800911
85859,0.6803698
47267,0.68023086
66499,0.6800364
100083,0.6800623
83134,0.67930794
62253,0.6802156
40822,0.6771146
18377,0.6801825
78837,0.68004864
20140,0.68001246
19794,0.6799772
26676,0.67924917
75027,0.6802144
30260,0.6803092
12762,0.6797518
46202,0.6803678
2482,0.6803035
19490,0.6802442
16583,0.67789644
35114,7.055499e-31
53722,0.6784626
33729,0.679064
101747,0.67873985
30627,0.68036664
71514,0.68036973
94384,0.65770876
66833,0.6780272
21412,0.68036467
41926,0.68036664
65530,0.6741339
53842,0.68019927
13505,0.67840976
2411,0.679608
94830,0.68001074
21680,0.6799953
66212,0.68017536
50007,0.67968845
105932,0.6801973
27844,0.680262
89481,0.6801685
43317,0.6795911
41947,0.6803211
101165,0.0
44602,0.6803053
12673,0.6800938
60746,0.6791134
67705,0.67877895
16913,0.6793439
15005,0.6799647
13607,0.6802549
78049,0.6774643
1253,0.68019277
93833,0.6803013
3236,0.6791134
63170,0.676988
48337,0.679888
8170,0.68035454
14341,0.6803512
86045,0.6780772
14679,0.25112286
27186,0.6801113
95164,0.6797228
98424,0.66649204
54091,0.6800172
101540,0.68029875
45523,0.6795999
21227,0.6803669
29555,0.67623115
28851,0.6795679
23068,0.6795726
18148,0.68031996
99684,0.67890906
44819,0.6785475
43191,0.6787284
105945,0.6800539
66889,0.68006486
84551,0.6789766
15466,0.68033767
53972,0.6802193
82578,0.67684996
51330,0.6802913
44020,0.6798777
39564,0.6802926
95189,0.6803282
883,0.6802341
38667,0.6803088
17135,0.6773566
71661,0.6783921
89711,0.6799261
13972,0.68028945
100712,0.67715937
48492,0.6803642
59473,0.68023545
81897,0.6801058
21537,0.030726248
2826,0.6803165
94308,0.6799748
3396,0.6803696
2405,0.6792165
89372,0.6803485
33708,0.67104506
9461,0.6798636
19859,0.680356
63887,0.65390515
73122,0.68032616
82715,3.529732e-39
67703,0.6801689
24295,0.6797562
32582,0.6802738
85799,0.6803114
20195,0.68019384
47550,0.6802241
46895,0.67889446
29497,0.6796285
74348,0.67797047
36210,0.68004036
22446,0.6796289
75233,0.67965597
106445,0.6803656
32445,0.67932445
30797,0.68033975
103642,0.6784911
64029,0.68036795
49215,0.68030334
35695,0.67889446
102275,0.67875487
14142,0.67989945
4152,0.6801374
30678,0.6787521
26282,0.6766685
76198,0.6803702
106055,0.6799721
106491,0.68032086
39059,0.67997974
11665,0.67983764
2387,0.6794744
103031,0.68000704
40496,0.68036747
56135,0.6803701
403,0.68029034
10484,0.6792022
64823,0.6802636
45120,0.6801429
49419,0.6780194
101273,0.6800718
47271,0.67869216
69213,0.67819685
92835,0.6802295
51893,0.67847043
14547,0.67983073
68392,0.6802093
66218,0.67864
4600,0.6803707
45819,0.68035203
68767,0.6802976
67047,0.6790394
85484,0.6800086
104509,0.68030065
7036,0.67948884
50165,0.6803681
84954,0.6803263
31011,0.6755997
70318,0.68035454
82472,0.68017507
92128,0.6803292
65709,0.680117
55667,0.6795029
32659,0.6787702
92473,0.6798305
57335,0.6789955
7319,0.6803095
53187,0.6803466
102462,0.6800133
105817,0.679704
52118,0.68036157
95221,0.6802074
49818,0.67431366
52260,0.67947555
36139,0.6763758
77601,0.6797562
5720,0.68036455
89736,0.6803674
95828,0.6781367
52148,0.68033504
92217,0.67955655
37128,0.679339
3448,0.6803602
23882,0.6802509
75919,0.67819995
2773,0.678145
46545,0.6803175
47383,0.678489
47764,0.6782336
60087,0.673329
40895,0.67906624
60037,0.6803064
56735,0.6798227
90269,0.68024683
81695,0.678312
28667,0.67804337
41830,0.6800826
12071,0.6799918
64758,0.6802843
95667,0.6793661
15970,0.6791081
8714,0.677249
73494,0.6802101
58667,0.68035424
103827,0.67930657
36019,0.679107
104906,0.6801088
80456,0.6803696
9779,0.67768395
54446,0.6802535
100246,0.67957664
100011,0.6798144
89389,0.6803461
92286,0.6800621
95191,0.6803273
52556,0.67648953
79106,0.67969334
26182,0.6802361
41784,0.68037075
67515,0.68026024
88718,0.6802685
36028,0.6782835
99110,0.67994887
21228,0.6802096
2517,0.68020684
96150,0.68029296
92186,0.6802441
71180,0.6772057
30270,0.68014586
62162,0.67849594
80856,0.6786545
76872,0.68036985
2440,0.647605
41282,0.67950886
60167,0.6793963
42395,0.6803712
68137,0.6801584
61867,0.0
68046,0.68020916
11569,0.6803287
103399,0.6800188
87179,0.6802899
96885,0.68012416
14901,0.67902046
25975,0.6793011
54082,0.67883164
48998,0.67925024
55300,0.6795353
101585,0.68032473
23064,0.680258
58738,0.6800655
44346,0.6803671
86930,0.67777807
91506,0.6787186
473,0.67983377
48432,0.68014735
32006,0.68014026
77706,0.6800724
97917,0.6796336
51510,0.68035054
57294,0.68016016
15801,0.68026316
65299,0.6802433
96244,0.67982495
70475,0.680371
98757,0.6787383
89247,0.67905194
40225,0.6800407
56253,0.68006015
60914,0.6793028
99823,0.6802252
83113,0.68037117
40439,0.68004626
27291,0.6792739
62575,0.67859167
66246,0.68014985
96928,0.6797662
85392,0.68033546
66892,0.68034554
43058,0.68029904
90704,0.68037003
9915,0.677895
26056,0.67869824
66025,0.6797228
3230,0.6803583
59951,0.6803696
45409,0.68017787
16258,0.6799538
96360,0.680337
91311,0.67772406
30363,0.68035996
84785,0.6802749
87913,0.68037033
16539,0.6803365
60190,0.6784052
57898,0.6803712
72182,0.679689
95817,0.6797668
63330,0.6802211
90382,0.6802009
106043,0.67915744
61392,0.6802188
83131,0.67753386
98380,0.68033767
51326,0.68033653
17431,0.6803341
105844,0.6803712
47380,0.6763246
64299,0.6794828
62789,0.6803518
87467,0.68011475
28121,0.6777906
37282,0.6801857
82185,0.6793886
17592,0.68037015
45457,0.6803696
17879,0.67766446
47347,0.6175308
88330,0.680286
3610,0.6803414
76546,0.0
87496,0.68016076
6181,0.6802388
95849,0.6796279
25711,0.68030614
67387,0.6802654
38259,0.6800481
62168,0.67989707
9713,0.6803704
81684,0.6802238
46454,0.6776181
55548,0.6759396
96620,0.6800981
58233,0.68034226
29507,0.6801029
104543,0.68008226
38955,0.67974687
100147,0.68010616
25402,0.6803666
31586,0.6802462
29310,0.68034405
99618,0.67776084
100224,0.6800908
99149,0.6778853
74254,0.6801641
14071,0.6799594
99246,0.6619137
21852,0.68013453
62708,0.67988795
94288,0.671359
29514,0.6782344
87479,0.6803693
84918,0.67946684
42449,0.6803564
93629,0.6803679
41948,0.67994887
100684,0.6775273
96099,0.68015
95464,0.67887044
72015,0.6803518
87554,0.67783964
70392,0.67936975
67226,0.68030113
71672,0.6799565
99298,0.680119
13317,0.67981285
68304,0.68027264
55505,3.8393294e-32
56260,0.6795029
71880,0.6802716
99580,0.68001723
101003,0.6801794
49593,0.6791359
40638,0.6802612
76115,0.680371
21445,0.6796341
39470,0.68026924
11142,0.6803557
49054,0.68036795
2462,0.679545
61317,0.6803574
99570,0.55422664
92798,0.6801462
82303,0.68025064
43375,0.6749616
74108,0.6789471
94584,0.6798501
4811,0.67833173
13896,0.67999184
91390,0.6800087
49275,0.6772588
23659,0.6797937
106175,0.6802912
73272,0.6802656
96921,0.6803117
51358,0.6802748
16956,0.67906094
99792,0.68030006
94547,0.68025017
15924,0.6802862
81313,0.6796296
15929,0.6803072
53867,0.6803317
37989,0.67975736
82371,0.68027985
96366,0.6801115
26743,0.6794237
21493,0.6802367
70163,0.67935646
2806,0.6801379
52672,0.68010944
102997,0.6790979
22913,0.6800391
102036,0.6799696
53408,0.6796797
23008,0.6801707
31264,0.68018246
76345,0.67979944
17198,0.6803438
2679,0.6782405
5095,0.68036455
106767,0.67606694
7731,0.680329
48598,0.67905784
39950,0.67855084
2772,0.6800289
89479,0.6792699
27308,0.67982954
66124,0.68036973
29808,0.68036765
36108,0.68032455
61131,0.6787989
100018,0.680048
70535,0.6803698
32555,0.6801263
51749,0.6801792
74533,0.6801417
14536,0.6764353
45541,0.6794382
44537,0.6803655
62836,0.6800579
68878,0.6800659
8271,0.68036205
51634,0.68037003
69928,0.6802817
35823,0.6799891
2028,0.6794857
46987,0.68005127
77389,0.68030506
69142,0.6797669
68128,0.6791534
38330,0.6800895
40839,0.6803265
88762,0.6802192
13202,0.68024683
12164,0.6803548
32314,0.6803058
86213,0.6782042
100193,0.6801527
40830,0.6794457
103382,0.67965263
49266,0.6791478
60873,0.67968285
22141,0.6802186
106176,0.6802748
88056,0.6803399
91514,0.6798576
28593,0.6802824
1527,0.68036467
47087,0.6801975
34354,0.678198
45978,0.6803675
42767,0.68021595
82442,0.68013096
65451,0.68033016
98499,0.67863345
87603,0.68036366
96190,0.67835784
101620,0.68033695
83753,0.6798341
42516,0.68021804
165,0.67871016
84135,0.6803107
83673,0.67966366
38979,0.6798444
82212,0.68003875
80142,0.6776396
9816,0.67858076
92679,0.6802064
28269,0.6738879
46357,0.67669356
44452,0.6803306
26166,0.6802595
24461,0.6803615
84233,0.68009335
39606,0.67750204
28982,0.6797216
89961,0.6770126
8755,0.68034345
68495,0.6775719
80258,0.6798091
80935,0.67897695
103064,0.6794428
81312,0.68031555
27595,0.6803513
1206,0.68008137
98601,0.6803711
52470,0.6803479
80555,0.68031263
89749,0.68035775
78441,0.67860514
34119,9.349381e-14
45545,0.67878616
75653,0.6803675
105022,0.67849207
70019,0.67993695
85760,0.68035597
46440,0.21381803
62491,0.68036944
78165,0.6794991
44865,0.6803425
32477,0.67990524
66037,0.67914236
8933,0.68029404
20413,0.6776036
59053,0.67859924
80453,0.6798944
73023,0.6803206
76948,0.6802982
79114,0.67974335
6511,0.68007344
22113,0.6801099
65212,0.67684746
52385,0.68036103
84622,0.67947936
76885,0.67983216
2346,0.68010896
96048,0.6784359
105509,0.67978364
22744,0.6803247
96713,0.67304164
5977,0.6777497
14216,0.6801796
23871,0.68029314
20971,0.68006784
70406,0.0
37062,0.6803711
45720,0.6777762
36993,0.6803631
60299,0.6785173
105612,0.68036884
56938,0.67810154
62552,0.67991453
89960,0.6802032
28761,0.6802828
72155,0.6803518
5840,0.67924905
59392,0.6802577
44682,0.6803416
23326,0.6769339
49234,0.6802054
31127,0.6791962
40377,0.6801711
68034,0.6803447
5458,0.6801549
99973,0.6799643
19165,0.0
41857,0.6793359
48813,0.679772
70203,0.67957366
24496,0.6798768
40711,0.67970216
84113,0.67835593
79538,0.6802657
31122,0.68019235
52174,0.68035704
56388,0.68018067
81550,0.67952764
25682,0.45535895
101809,0.6803711
101248,0.6795331
76771,0.68034834
28802,0.67765206
65658,0.67945504
52474,0.6798517
86160,0.6798734
45874,0.6794421
106522,0.679363
67547,0.6783861
60619,0.67914325
62621,0.6802
17982,0.6795323
65987,0.6803674
59280,0.68004936
45473,0.67944175
69620,0.68028444
12599,0.68037105
105491,0.67946887
34394,0.67574906
96466,0.67902
99079,0.6779304
1406,0.6741365
38053,0.67866296
66957,0.68036634
90555,0.67376906
15335,0.67797565
588,0.68037105
5956,0.6786659
50798,0.6803702
62318,0.678316
13452,0.6801
73019,0.68036944
57538,0.68019325
72347,0.6790955
10812,0.67268085
57417,0.67850405
52221,0.6803602
104461,0.67419815
57479,0.679715
83268,0.6776945
71935,0.68003243
21294,0.6797088
63595,0.6801519
80761,0.6782934
94684,0.68033403
99244,0.6796689
34208,0.6803159
105649,0.6795606
31941,0.6794636
88250,0.6801821
101079,0.68035984
37863,0.6802315
53277,0.6801706
20997,0.6803484
15875,0.6800967
32719,0.67786986
10485,0.68035907
36855,0.679983
11755,0.6795546
73214,0.68026537
87506,0.6779627
101739,0.6781217
50208,0.00467163
64415,0.680303
58342,0.6794129
8023,0.6803711
40268,0.67904043
80228,0.6803689
90160,0.6784724
2047,0.67902553
101432,0.6702812
98505,0.68024856
30555,0.67777824
73792,0.6803023
64632,0.6803663
33499,0.67945445
1119,0.6798497
1058,0.6772574
8283,0.6800029
17200,0.67817026
78328,0.6801898
17321,0.67953897
8073,0.68036216
46654,0.68023837
25672,0.67990506
1915,0.68021464
44594,0.6803689
35100,0.6802986
65672,0.67930263
67775,0.6798443
88131,0.6710558
98134,0.6792187
59219,0.68037117
20236,0.68036014
33606,0.6761366
5476,0.6803666
49834,0.6802893
36743,0.67998016
76508,0.68028736
74082,0.67986715
53128,0.6777359
26944,0.6793977
95272,0.6803607
95663,0.6802978
9514,0.67851496
42561,0.68021923
13562,0.6784501
12109,0.6803645
39454,0.6803284
104706,0.67946774
22537,0.68025976
4834,0.67863506
63389,0.6802908
74923,0.68036145
72902,0.6801681
23245,0.6803316
3773,0.6800868
106907,0.6801429
11813,0.6801019
103912,0.67270654
74295,0.680345
97152,0.6802562
66967,0.6797198
23994,0.6802737
72500,0.6788117
71422,0.679484
15866,0.6801157
28325,0.6801533
30274,0.6790289
75238,0.6770607
1811,0.67501056
3289,0.6794929
63513,0.6800176
91050,0.674725
102644,0.6802805
4881,0.6803176
21117,0.6801543
21420,0.6803684
93509,0.68026984
5744,0.67982584
39540,0.6803403
74210,0.6800848
50049,0.68026716
87468,0.6783983
67275,0.6803514
104410,0.6800998
9216,0.6803712
91600,0.6803555
73326,0.68005174
18060,0.68014866
89128,0.6795325
9150,0.6798295
51730,0.6794181
6820,0.6762155
49732,0.6787829
83047,0.68028444
3568,0.6800445
81542,0.6800182
94590,0.67937064
36340,0.68012553
107051,0.6803579
11316,0.6786588
70442,0.6776958
66737,0.6795971
40642,0.6803519
56152,0.6788391
41682,0.6800483
84689,0.6799532
7463,0.68032855
60975,0.67938125
81390,0.6803546
53082,0.67902553
80283,0.67960256
3319,0.6803712
24253,0.6797518
31457,0.6795003
80082,0.67983055
77132,0.6787586
8641,0.6803493
66561,0.67865276
96769,0.21338141
95247,0.67998844
20139,0.6801463
13195,0.6474253
16834,0.68034434
57606,0.68034613
1841,0.67978823
1977,0.6782368
80231,0.6801746
5467,0.68019134
7663,0.67988753
107173,0.6787557
550,0.6795678
6315,0.6789801
45508,0.6801696
49549,0.6784615
15121,0.6801938
24177,0.68031734
98884,0.6790601
59840,0.67534137
30810,0.68036765
13522,0.67944354
35897,0.6783938
6943,0.67811304
4178,0.68033946
26928,0.6803704
75220,0.680367
32592,0.68006784
66134,0.6803678
47676,0.6792757
72775,0.6799093
30443,0.68031937
101569,0.6803417
30235,0.67997235
30793,0.6802763
59250,0.67920077
94383,0.68031937
20596,0.6787852
34051,0.67722166
23981,0.68031275
74201,0.6793985
51578,0.6800574
20305,0.68021494
60703,0.6803264
64082,0.6801864
60147,0.67820126
65815,0.67999285
24922,0.68003327
56182,0.67983425
81076,0.6801307
44501,0.67949647
78868,0.67891365
83613,0.6800268
8586,0.6791165
100730,0.68017775
73251,0.6782635
82495,0.67894435
90026,0.68028605
54625,0.6786134
62333,0.6801059
78707,0.6797006
960,0.6793642
70001,0.6796293
101246,0.680133
32801,0.6797609
56595,0.68029517
16065,0.6803653
67082,0.6802339
9168,0.67818993
62656,0.67981285
30789,0.67987496
76112,0.6802637
38813,0.68024665
88451,0.6803704
6867,0.6797258
48437,0.67793113
61178,0.6803154
14753,0.68025696
49058,0.6792994
17279,0.67448014
91458,0.6416133
34487,0.6781823
8037,0.6792456
20133,0.6792747
22726,0.678639
2575,0.6802646
104989,0.6801234
47648,0.6780203
56757,0.67970854
57160,0.6789558
28203,0.67940056
91906,0.6791477
4741,0.6796687
8066,0.43814993
3488,0.6774528
35405,0.6800869
40583,0.6795503
29373,0.6789744
71316,0.67790985
6297,0.0
106650,0.6802344
48873,0.6802538
56782,0.6803307
48493,0.6803711
6687,0.67967415
96262,0.6803132
65583,0.6803458
23039,0.67989725
46288,0.67649287
101519,0.67996746
50678,0.6790957
19338,0.6776102
34333,0.68029815
95157,0.68009216
102009,0.67889833
78600,0.68034714
50120,0.68022484
75303,0.67991614
95981,0.67911774
39346,0.68019354
43176,0.67969435
72905,0.6751065
48686,0.6802646
103602,0.680079
101486,0.6797306
92893,0.67924833
61085,0.6803687
43804,0.67615896
72017,0.6759509
45027,0.6743344
6377,0.6792769
82,0.67778635
94158,0.6803701
74754,0.6801497
51691,0.67886245
84566,0.6800577
46750,0.6795153
78298,0.68030125
19777,0.6803674
93311,0.67915976
54630,0.67596036
88750,0.6798885
86677,0.68030745
96078,0.6803045
10884,0.67990094
73376,0.67974436
62042,0.67676777
56531,0.6789903
96054,0.68001074
47090,0.67950475
12313,0.67872506
95437,0.68036944
47954,0.67981875
79644,0.6803647
85620,0.67800134
92921,0.6802926
92507,0.68035257
40689,0.6803245
26726,0.68034244
10648,0.68026733
52156,0.680314
35583,0.68029237
55810,0.68037015
14241,0.6803498
23864,0.68008935
6324,0.6803198
85321,0.6801165
103017,0.67990845
49734,0.67950624
30677,0.68025917
50259,0.680328
24519,0.6803372
81153,0.6800673
7638,0.68035376
31760,0.6803696
21407,0.6802554
73056,0.67938405
5397,0.67985934
52648,0.6790305
79404,0.6803405
87318,0.68036026
50063,0.038426686
62869,0.679827
9282,0.6803244
33207,0.68036807
36832,0.68036777
39168,0.6803663
39004,0.68037087
42231,0.6791235
71552,0.6774976
32425,0.68026394
39202,0.67588896
64874,0.67904776
38211,0.6801709
92532,0.678469
56621,0.68011945
52133,0.6796342
45156,0.6797924
72892,0.6791941
35120,0.67899585
76104,0.67999303
13086,0.6803269
44734,0.6803132
77203,0.68027323
32919,0.6803707
60903,0.6802959
84000,0.6803476
99303,0.6790562
62158,0.6803698
54089,0.6795053
40710,0.6799946
78004,0.67964935
32074,0.6803682
14113,0.67937046
95540,0.68006516
41386,0.6796539
18064,0.6777406
35811,0.67846483
54232,0.68025273
86245,0.68004555
67616,0.6801243
80266,0.68002284
44141,0.6752271
50584,0.67840517
98738,0.67798483
11070,0.6802925
105305,0.0
58809,0.68024373
72617,0.6791828
37669,0.68025726
73809,0.6784719
49712,0.6794517
85108,0.67772347
32882,0.67910063
37595,0.6797647
79819,0.68012613
65774,0.68035215
32984,0.6800108
92089,0.6798426
83770,0.68037057
57442,0.68002856
38253,0.67994255
54243,0.6803704
15299,0.6802315
32589,0.6788311
16945,0.68025386
51776,0.6801568
59374,0.6795371
65995,0.6768198
26736,0.6803433
84059,0.6803315
17995,0.6803223
63821,0.67791617
63259,0.68027437
6057,0.67975956
85363,0.6800313
86145,0.6803451
17098,0.6772901
73,0.6798617
33560,0.6802029
34813,0.6776357
2011,0.6777047
49904,0.6783955
29527,0.6803418
19572,0.67968965
70976,0.6802255
103291,0.004791398
367,0.6796486
77990,0.67913276
99323,0.6803663
70762,0.6791489
102691,0.6803275
30827,0.6801272
37704,0.6772049
93738,0.6772398
36077,0.66474456
21236,0.67869544
54913,0.67576605
99433,0.68032694
64038,0.6802869
58228,0.6786722
81187,0.6795679
90101,0.6802615
57523,0.68007815
15695,0.68014747
19808,0.68024313
41702,0.6800737
52520,0.68024695
15014,0.6801658
33184,0.6803132
32005,0.68037117
101164,0.6800959
21810,0.68029904
14671,0.6752967
25123,0.6799924
10673,0.6781784
34660,0.6796141
59131,0.6801021
40513,0.679841
91323,0.6800131
6942,0.68006736
6232,0.6803635
47970,0.6800672
55360,0.67998147
42541,0.6795982
1644,0.6783484
